<?xml version="1.0" ?>
<TEI xmlns="http://www.tei-c.org/ns/1.0" xmlns:xlink="http://www.w3.org/1999/xlink" 
 xmlns:mml="http://www.w3.org/1998/Math/MathML">
	<teiHeader>
		<fileDesc xml:id="f_4314"/>
	</teiHeader>
	<text>
		<front/>
		<body/>
		<back>
			<listBibl>
<biblStruct >
	<monogr>
		<title level="m" type="main">A Transfer-Based Engine for an English to Filipino Machine Translation Software</title>
		<author>
			<persName xmlns="http://www.tei-c.org/ns/1.0"><forename type="first">A</forename><surname>Borra</surname></persName>
		</author>
		<imprint>
			<date type="published" when="1999" />
		</imprint>
	</monogr>
</biblStruct>

<biblStruct >
	<monogr>
		<title level="m" type="main">A Condition on Wh-Extraction and What it Reveals about the Syntactic Structure of Tagalog</title>
		<author>
			<persName xmlns="http://www.tei-c.org/ns/1.0"><forename type="first">C</forename><surname>Crawford</surname></persName>
		</author>
		<imprint>
			<date type="published" when="1999" />
		</imprint>
	</monogr>
</biblStruct>

<biblStruct >
	<analytic>
		<title level="a" type="main">Symmetric Voice Systems and Precategoriality in Philippine Languages</title>
		<author>
			<persName xmlns="http://www.tei-c.org/ns/1.0"><forename type="first">B</forename><surname>Foley</surname></persName>
		</author>
	</analytic>
	<monogr>
		<title level="m">LFG98 Conference, Workshop on Voice and Grammatical Functions in Austronesian Languages</title>
		<imprint>
			<date type="published" when="1998" />
		</imprint>
	</monogr>
</biblStruct>

<biblStruct >
	<monogr>
				<author>
			<persName xmlns="http://www.tei-c.org/ns/1.0"><forename type="first">Teresita</forename><surname>Fortunato</surname></persName>
		</author>
		<title level="m">Mga Pangunahing Etnolingguistikong Grupo sa Pilipinas</title>
		<imprint>
			<date type="published" when="1993" />
		</imprint>
	</monogr>
</biblStruct>

<biblStruct >
	<analytic>
		<title level="a" type="main">Nouns and Verbs in Tagalog: A Response to Foley</title>
		<author>
			<persName xmlns="http://www.tei-c.org/ns/1.0"><forename type="first">P</forename><surname>Kroeger</surname></persName>
		</author>
	</analytic>
	<monogr>
		<title level="m">LFG98 Conference</title>
		<imprint>
			<date type="published" when="1998" />
		</imprint>
	</monogr>
</biblStruct>

<biblStruct >
	<monogr>
				<title level="m">(1993) Phrase Structure and Grammatical Relations in Tagalog. CLSI Publications, Center for the Study of Language and Information</title>
		<meeting><address><addrLine>Stanford, California</addrLine></address></meeting>
		<imprint/>
	</monogr>
</biblStruct>

<biblStruct >
	<analytic>
		<title level="a" type="main">Argument Marking in Tagalog</title>
		<author>
			<persName xmlns="http://www.tei-c.org/ns/1.0"><forename type="first">Anja</forename><surname>Latrouite</surname></persName>
		</author>
	</analytic>
	<monogr>
		<title level="m">Austronesian Formal Linguistics Association 7 th Annual Meeting (AFLA7). Vriji Universiteit</title>
		<meeting><address><addrLine>Amsterdam, The Netherlands</addrLine></address></meeting>
		<imprint>
			<date type="published" when="2000" />
		</imprint>
	</monogr>
</biblStruct>

<biblStruct >
	<analytic>
		<title level="a" type="main">The Problem of Voice and Grammatical Functions in Western Austronesian Languages</title>
		<author>
			<persName xmlns="http://www.tei-c.org/ns/1.0"><forename type="first">S</forename><surname>Musgrave</surname></persName>
		</author>
	</analytic>
	<monogr>
		<title level="m">LFG98 Conference</title>
		<imprint>
			<date type="published" when="1998" />
		</imprint>
	</monogr>
</biblStruct>

<biblStruct >
	<analytic>
		<title level="a" type="main">Report No. 2: Socio-Economic and Demographic Characteristic</title>
	</analytic>
	<monogr>
		<title level="j">National Statistics Office</title>
		<imprint>
			<date type="published" when="1997" />
		</imprint>
	</monogr>
</biblStruct>

<biblStruct >
	<analytic>
		<title level="a" type="main">Tagalog Monosyllabic Roots</title>
		<author>
			<persName xmlns="http://www.tei-c.org/ns/1.0"><forename type="first">J</forename><surname>Potet</surname></persName>
		</author>
	</analytic>
	<monogr>
		<title level="m">Oceanic Linguistics</title>
		<imprint>
			<date type="published" when="1995" />
			<biblScope unit="volume">34</biblScope>
			<biblScope unit="page" from="345" to="374" />
		</imprint>
	</monogr>
</biblStruct>

<biblStruct >
	<monogr>
		<title level="m" type="main">Final Report of Machine Translation from English to Filipino: Second Phase</title>
		<author>
			<persName xmlns="http://www.tei-c.org/ns/1.0"><forename type="first">R</forename><surname>Roxas</surname></persName>
		</author>
		<author>
			<persName xmlns="http://www.tei-c.org/ns/1.0"><forename type="first">W</forename><surname>Sanchez</surname></persName>
		</author>
		<author>
			<persName xmlns="http://www.tei-c.org/ns/1.0"><forename type="first">M</forename><surname>Buenaventura</surname></persName>
		</author>
		<imprint>
			<date type="published" when="1999" />
			<publisher>DOST/UPLB</publisher>
		</imprint>
	</monogr>
</biblStruct>

<biblStruct >
	<monogr>
		<title level="m" type="main">A Reference Grammar of Ilocano. UCSB Dissertation</title>
		<imprint>
			<date type="published" when="1997" />
			<pubPlace>UMI Microfilms</pubPlace>
		</imprint>
	</monogr>
</biblStruct>

<biblStruct >
	<analytic>
		<title level="a" type="main">Morphological Integrity in Ilocano</title>
		<author>
			<persName xmlns="http://www.tei-c.org/ns/1.0"><surname>_____</surname></persName>
		</author>
	</analytic>
	<monogr>
		<title level="j">Studies in Language</title>
		<imprint>
			<biblScope unit="volume">20</biblScope>
			<biblScope unit="issue">3</biblScope>
			<biblScope unit="page" from="333" to="366" />
			<date type="published" when="1996" />
		</imprint>
	</monogr>
</biblStruct>

<biblStruct >
	<monogr>
		<title level="m" type="main">Computational Morphology</title>
		<author>
			<persName xmlns="http://www.tei-c.org/ns/1.0"><forename type="first">Harald</forename><surname>Trost</surname></persName>
		</author>
		<ptr target="http://www.ai.univie.ac.at/~harald/handbook.html" />
		<imprint>
			<date type="published" when="2000" />
		</imprint>
	</monogr>
</biblStruct>

			</listBibl>
		</back>
	</text>
</TEI>
