<?xml version="1.0" ?>
<TEI xmlns="http://www.tei-c.org/ns/1.0" xmlns:xlink="http://www.w3.org/1999/xlink" 
 xmlns:mml="http://www.w3.org/1998/Math/MathML">
	<teiHeader>
		<fileDesc xml:id="f_335"/>
	</teiHeader>
	<text>
		<front/>
		<body/>
		<back>
			<listBibl>
<biblStruct >
	<analytic>
		<title level="a" type="main">Stochastic Attribute-Value Grammars</title>
		<author>
			<persName xmlns="http://www.tei-c.org/ns/1.0"><forename type="first">Steven</forename><surname>Abney</surname></persName>
		</author>
	</analytic>
	<monogr>
		<title level="j">Computational Linguistics</title>
		<imprint>
			<biblScope unit="issue">4</biblScope>
			<biblScope unit="page">23</biblScope>
			<date type="published" when="1997" />
		</imprint>
	</monogr>
</biblStruct>

<biblStruct >
	<analytic>
		<title level="a" type="main">Categorial Grammars, Lexical Rules, and the English Predicative</title>
		<author>
			<persName xmlns="http://www.tei-c.org/ns/1.0"><forename type="first">Bob</forename><surname>Carpenter</surname></persName>
		</author>
	</analytic>
	<monogr>
		<title level="m">Formal Grammar: Theory and Implementation</title>
		<editor>R. Levine</editor>
		<imprint>
			<publisher>OUP</publisher>
			<date type="published" when="1992" />
		</imprint>
	</monogr>
</biblStruct>

<biblStruct >
	<monogr>
		<title level="m" type="main">A Maximum-Entropy-Inspired Parser</title>
		<author>
			<persName xmlns="http://www.tei-c.org/ns/1.0"><forename type="first">Eugene</forename><surname>Charniak</surname></persName>
		</author>
		<idno>TR CS-99-12</idno>
		<imprint>
			<date type="published" when="1999" />
		</imprint>
		<respStmt>
			<orgName>Brown University</orgName>
		</respStmt>
	</monogr>
</biblStruct>

<biblStruct >
	<monogr>
		<title level="m" type="main">Statistical Parsing with an AutomaticallyExtracted Tree Adjoining Grammar 38th ACL</title>
		<author>
			<persName xmlns="http://www.tei-c.org/ns/1.0"><forename type="first">David</forename><surname>Chiang</surname></persName>
		</author>
		<imprint>
			<date type="published" when="2000" />
			<biblScope unit="page" from="456" to="463" />
			<pubPlace>Hong Kong</pubPlace>
		</imprint>
	</monogr>
</biblStruct>

<biblStruct >
	<analytic>
		<title level="a" type="main">Evaluating a Wide-Coverage CCG Parser</title>
		<author>
			<persName xmlns="http://www.tei-c.org/ns/1.0"><forename type="first">Stephen</forename><surname>Clark</surname></persName>
		</author>
		<author>
			<persName xmlns="http://www.tei-c.org/ns/1.0"><forename type="first">Julia</forename><surname>Hockenmaier</surname></persName>
		</author>
	</analytic>
	<monogr>
		<title level="m">LREC Beyond PARSEVAL workshop</title>
		<meeting><address><addrLine>Las Palmas, Spain</addrLine></address></meeting>
		<imprint>
			<date type="published" when="2002" />
		</imprint>
	</monogr>
</biblStruct>

<biblStruct >
	<monogr>
				<author>
			<persName xmlns="http://www.tei-c.org/ns/1.0"><forename type="first">Stephen</forename><surname>Clark</surname></persName>
		</author>
		<author>
			<persName xmlns="http://www.tei-c.org/ns/1.0"><forename type="first">Julia</forename><surname>Hockenmaier</surname></persName>
		</author>
		<author>
			<persName xmlns="http://www.tei-c.org/ns/1.0"><forename type="first">Mark</forename><surname>Steedman</surname></persName>
		</author>
		<title level="m">Building Deep Dependency Structures Using a WideCoverage CCG Parser. 40th ACL</title>
		<meeting><address><addrLine>Philadelphia</addrLine></address></meeting>
		<imprint>
			<date type="published" when="2002" />
		</imprint>
	</monogr>
</biblStruct>

<biblStruct >
	<analytic>
		<title level="a" type="main">Three Generative Lexicalized Models for Statistical Parsing</title>
		<author>
			<persName xmlns="http://www.tei-c.org/ns/1.0"><forename type="first">Michael</forename><surname>Collins</surname></persName>
		</author>
	</analytic>
	<monogr>
		<title level="m">35th ACL</title>
		<meeting><address><addrLine>Madrid</addrLine></address></meeting>
		<imprint>
			<date type="published" when="1997" />
			<biblScope unit="page" from="16" to="23" />
		</imprint>
	</monogr>
</biblStruct>

<biblStruct >
	<monogr>
		<title level="m" type="main">Head-Driven Statistical Models for Natural Language Parsing</title>
		<author>
			<persName xmlns="http://www.tei-c.org/ns/1.0"><forename type="first">Michael</forename><surname>Collins</surname></persName>
		</author>
		<imprint>
			<date type="published" when="1999" />
		</imprint>
		<respStmt>
			<orgName>University of Pennsylvania</orgName>
		</respStmt>
	</monogr>
<note type="report_type">Ph.D. thesis</note>
</biblStruct>

<biblStruct >
	<analytic>
		<title level="a" type="main">Corpus Variation and Parser Performance</title>
		<author>
			<persName xmlns="http://www.tei-c.org/ns/1.0"><forename type="first">Daniel</forename><surname>Gildea</surname></persName>
		</author>
	</analytic>
	<monogr>
		<title level="j">EMNLP</title>
		<imprint>
			<date type="published" when="2001" />
		</imprint>
	</monogr>
</biblStruct>

<biblStruct >
	<analytic>
		<title level="a" type="main">Statistical Parsing for CCG with Simple Generative Models</title>
		<author>
			<persName xmlns="http://www.tei-c.org/ns/1.0"><forename type="first">Julia</forename><surname>Hockenmaier</surname></persName>
		</author>
	</analytic>
	<monogr>
		<title level="m">Student Workshop, 39th ACL/ 10th EACL</title>
		<meeting><address><addrLine>Toulouse, France</addrLine></address></meeting>
		<imprint>
			<date type="published" when="2001" />
			<biblScope unit="page" from="7" to="12" />
		</imprint>
	</monogr>
</biblStruct>

<biblStruct >
	<analytic>
		<title level="a" type="main">Acquiring Compact Lexicalized Grammars from a Cleaner Treebank</title>
		<author>
			<persName xmlns="http://www.tei-c.org/ns/1.0"><forename type="first">Julia</forename><surname>Hockenmaier</surname></persName>
		</author>
		<author>
			<persName xmlns="http://www.tei-c.org/ns/1.0"><forename type="first">Mark</forename><surname>Steedman</surname></persName>
		</author>
	</analytic>
	<monogr>
		<title level="j">Third LREC</title>
		<imprint>
			<date type="published" when="2002" />
		</imprint>
	</monogr>
</biblStruct>

<biblStruct >
	<monogr>
		<title level="m" type="main">Probabilistic Feature Grammars. IWPT</title>
		<author>
			<persName xmlns="http://www.tei-c.org/ns/1.0"><forename type="first">Joshua</forename><surname>Goodman</surname></persName>
		</author>
		<imprint>
			<date type="published" when="1997" />
			<pubPlace>Boston</pubPlace>
		</imprint>
	</monogr>
</biblStruct>

<biblStruct >
	<analytic>
		<title level="a" type="main">PCFG Models of Linguistic Tree Representations</title>
		<author>
			<persName xmlns="http://www.tei-c.org/ns/1.0"><forename type="first">Mark</forename><surname>Johnson</surname></persName>
		</author>
	</analytic>
	<monogr>
		<title level="j">Computational Linguistics</title>
		<imprint>
			<biblScope unit="issue">4</biblScope>
			<biblScope unit="page">24</biblScope>
			<date type="published" when="1998" />
		</imprint>
	</monogr>
</biblStruct>

<biblStruct >
	<analytic>
		<title level="a" type="main">A Maximum Entropy Part-OfSpeech Tagger</title>
		<author>
			<persName xmlns="http://www.tei-c.org/ns/1.0"><forename type="first">Adwait</forename><surname>Ratnaparkhi</surname></persName>
		</author>
	</analytic>
	<monogr>
		<title level="j">EMNLP</title>
		<imprint>
			<biblScope unit="page" from="133" to="142" />
			<date type="published" when="1996" />
		</imprint>
	</monogr>
</biblStruct>

<biblStruct >
	<monogr>
		<title level="m" type="main">The Syntactic Process</title>
		<author>
			<persName xmlns="http://www.tei-c.org/ns/1.0"><forename type="first">Mark</forename><surname>Steedman</surname></persName>
		</author>
		<imprint>
			<date type="published" when="2000" />
			<publisher>The MIT Press</publisher>
			<pubPlace>Cambridge Mass</pubPlace>
		</imprint>
	</monogr>
</biblStruct>

			</listBibl>
		</back>
	</text>
</TEI>
