<?xml version="1.0" ?>
<TEI xmlns="http://www.tei-c.org/ns/1.0" xmlns:xlink="http://www.w3.org/1999/xlink" 
 xmlns:mml="http://www.w3.org/1998/Math/MathML">
	<teiHeader>
		<fileDesc xml:id="f_3863"/>
	</teiHeader>
	<text>
		<front/>
		<body/>
		<back>
			<listBibl>
<biblStruct >
	<analytic>
		<title level="a" type="main">Data-Intensive Question Answering</title>
		<author>
			<persName xmlns="http://www.tei-c.org/ns/1.0"><forename type="first">E</forename><surname>Brill</surname></persName>
		</author>
		<author>
			<persName xmlns="http://www.tei-c.org/ns/1.0"><forename type="first">J</forename><surname>Lin</surname></persName>
		</author>
		<author>
			<persName xmlns="http://www.tei-c.org/ns/1.0"><forename type="first">M</forename><surname>Banko</surname></persName>
		</author>
		<author>
			<persName xmlns="http://www.tei-c.org/ns/1.0"><forename type="first">S</forename><surname>Dumais</surname></persName>
		</author>
		<author>
			<persName xmlns="http://www.tei-c.org/ns/1.0"><forename type="first">A</forename><surname>Ng</surname></persName>
		</author>
	</analytic>
	<monogr>
		<title level="m">Proceedings of the TREC-10 Conference. NIST</title>
		<meeting>the TREC-10 Conference. NIST<address><addrLine>Gaithersburg, MD</addrLine></address></meeting>
		<imprint>
			<date type="published" when="2001" />
			<biblScope unit="page" from="183" to="189" />
		</imprint>
	</monogr>
</biblStruct>

<biblStruct >
	<analytic>
		<title level="a" type="main">Algorithms on Strings</title>
		<author>
			<persName xmlns="http://www.tei-c.org/ns/1.0"><forename type="first">D</forename><surname>Gusfield</surname></persName>
		</author>
	</analytic>
	<monogr>
		<title level="m">Linear Time construction of Suffix trees</title>
		<imprint>
			<date type="published" when="1997" />
			<biblScope unit="volume">6</biblScope>
			<biblScope unit="page" from="94" to="121" />
		</imprint>
	</monogr>
</biblStruct>

<biblStruct >
	<analytic>
		<title level="a" type="main">FALCON: Boosting Knowledge for Answer Engines</title>
		<author>
			<persName xmlns="http://www.tei-c.org/ns/1.0"><forename type="first">S</forename><surname>Harabagiu</surname></persName>
		</author>
		<author>
			<persName xmlns="http://www.tei-c.org/ns/1.0"><forename type="first">D</forename><surname>Moldovan</surname></persName>
		</author>
		<author>
			<persName xmlns="http://www.tei-c.org/ns/1.0"><forename type="first">M</forename><surname>Pasca</surname></persName>
		</author>
		<author>
			<persName xmlns="http://www.tei-c.org/ns/1.0"><forename type="first">R</forename><surname>Mihalcea</surname></persName>
		</author>
		<author>
			<persName xmlns="http://www.tei-c.org/ns/1.0"><forename type="first">M</forename><surname>Surdeanu</surname></persName>
		</author>
		<author>
			<persName xmlns="http://www.tei-c.org/ns/1.0"><forename type="first">R</forename><surname>Buneascu</surname></persName>
		</author>
		<author>
			<persName xmlns="http://www.tei-c.org/ns/1.0"><forename type="first">R</forename><surname>Gîrju</surname></persName>
		</author>
		<author>
			<persName xmlns="http://www.tei-c.org/ns/1.0"><forename type="first">V</forename><surname>Rus</surname></persName>
		</author>
		<author>
			<persName xmlns="http://www.tei-c.org/ns/1.0"><forename type="first">P</forename><surname>Morarescu</surname></persName>
		</author>
	</analytic>
	<monogr>
		<title level="m">Proceedings of the 9 th Text Retrieval Conference (TREC-9</title>
		<meeting>the 9 th Text Retrieval Conference (TREC-9</meeting>
		<imprint>
			<date type="published" when="2001" />
			<biblScope unit="page" from="479" to="488" />
		</imprint>
		<respStmt>
			<orgName>NIST</orgName>
		</respStmt>
	</monogr>
</biblStruct>

<biblStruct >
	<analytic>
		<title level="a" type="main">The Use of External Knowledge in Factoid QA</title>
		<author>
			<persName xmlns="http://www.tei-c.org/ns/1.0"><forename type="first">E</forename><forename type="middle">H</forename><surname>Hovy</surname></persName>
		</author>
		<author>
			<persName xmlns="http://www.tei-c.org/ns/1.0"><forename type="first">U</forename><surname>Hermjakob</surname></persName>
		</author>
		<author>
			<persName xmlns="http://www.tei-c.org/ns/1.0"><forename type="first">C.-Y.</forename><surname>Lin</surname></persName>
		</author>
	</analytic>
	<monogr>
		<title level="m">Proceedings of the TREC-10</title>
		<meeting>the TREC-10</meeting>
		<imprint>
			<date type="published" when="2001" />
		</imprint>
	</monogr>
</biblStruct>

<biblStruct >
	<monogr>
		<title/>
		<author>
			<persName xmlns="http://www.tei-c.org/ns/1.0"><surname>Conference</surname></persName>
		</author>
		<author>
			<persName xmlns="http://www.tei-c.org/ns/1.0"><surname>Nist</surname></persName>
		</author>
		<author>
			<persName xmlns="http://www.tei-c.org/ns/1.0"><surname>Gaithersburg</surname></persName>
		</author>
		<author>
			<persName xmlns="http://www.tei-c.org/ns/1.0"><surname>Md</surname></persName>
		</author>
		<imprint>
			<biblScope unit="page" from="166" to="174" />
		</imprint>
	</monogr>
</biblStruct>

<biblStruct >
	<analytic>
		<title level="a" type="main">A Question/Answer Typology with Surface Text Patterns</title>
		<author>
			<persName xmlns="http://www.tei-c.org/ns/1.0"><forename type="first">E</forename><forename type="middle">H</forename><surname>Hovy</surname></persName>
		</author>
		<author>
			<persName xmlns="http://www.tei-c.org/ns/1.0"><forename type="first">U</forename><surname>Hermjakob</surname></persName>
		</author>
		<author>
			<persName xmlns="http://www.tei-c.org/ns/1.0"><forename type="first">D</forename><surname>Ravichandran</surname></persName>
		</author>
	</analytic>
	<monogr>
		<title level="m">Proceedings of the Human Language Technology (HLT) conference</title>
		<meeting>the Human Language Technology (HLT) conference<address><addrLine>San Diego, CA</addrLine></address></meeting>
		<imprint>
			<date type="published" when="2002" />
		</imprint>
	</monogr>
</biblStruct>

<biblStruct >
	<analytic>
		<title level="a" type="main">Using Knowledge to Facilitate Pinpointing of Factoid Answers</title>
		<author>
			<persName xmlns="http://www.tei-c.org/ns/1.0"><forename type="first">E</forename><forename type="middle">H</forename><surname>Hovy</surname></persName>
		</author>
		<author>
			<persName xmlns="http://www.tei-c.org/ns/1.0"><forename type="first">U</forename><surname>Hermjakob</surname></persName>
		</author>
		<author>
			<persName xmlns="http://www.tei-c.org/ns/1.0"><forename type="first">C.-Y.</forename><surname>Lin</surname></persName>
		</author>
		<author>
			<persName xmlns="http://www.tei-c.org/ns/1.0"><forename type="first">D</forename><surname>Ravichandran</surname></persName>
		</author>
	</analytic>
	<monogr>
		<title level="m">Proceedings of the COLING-2002 conference</title>
		<meeting>the COLING-2002 conference<address><addrLine>Taipei, Taiwan</addrLine></address></meeting>
		<imprint>
			<date type="published" when="2002" />
		</imprint>
	</monogr>
</biblStruct>

<biblStruct >
	<analytic>
		<title level="a" type="main">SiteQ: Engineering High Performance QA System Using LexicoSemantic Pattern Matching and Shallow NLP</title>
		<author>
			<persName xmlns="http://www.tei-c.org/ns/1.0"><forename type="first">G</forename><forename type="middle">G</forename><surname>Lee</surname></persName>
		</author>
		<author>
			<persName xmlns="http://www.tei-c.org/ns/1.0"><forename type="first">J</forename><surname>Seo</surname></persName>
		</author>
		<author>
			<persName xmlns="http://www.tei-c.org/ns/1.0"><forename type="first">S</forename><surname>Lee</surname></persName>
		</author>
		<author>
			<persName xmlns="http://www.tei-c.org/ns/1.0"><forename type="first">H</forename><surname>Jung</surname></persName>
		</author>
		<author>
			<persName xmlns="http://www.tei-c.org/ns/1.0"><forename type="first">B-H</forename><surname>Cho</surname></persName>
		</author>
		<author>
			<persName xmlns="http://www.tei-c.org/ns/1.0"><forename type="first">C</forename><surname>Lee</surname></persName>
		</author>
		<author>
			<persName xmlns="http://www.tei-c.org/ns/1.0"><forename type="first">B-K</forename><surname>Kwak</surname></persName>
		</author>
		<author>
			<persName xmlns="http://www.tei-c.org/ns/1.0"><forename type="first">J</forename><surname>Cha</surname></persName>
		</author>
		<author>
			<persName xmlns="http://www.tei-c.org/ns/1.0"><forename type="first">D</forename><surname>Kim</surname></persName>
		</author>
		<author>
			<persName xmlns="http://www.tei-c.org/ns/1.0"><forename type="first">J-H</forename><surname>An</surname></persName>
		</author>
		<author>
			<persName xmlns="http://www.tei-c.org/ns/1.0"><forename type="first">H</forename><surname>Kim</surname></persName>
		</author>
		<author>
			<persName xmlns="http://www.tei-c.org/ns/1.0"><forename type="first">K</forename><surname>Kim</surname></persName>
		</author>
	</analytic>
	<monogr>
		<title level="m">Proceedings of the TREC-10 Conference. NIST</title>
		<meeting>the TREC-10 Conference. NIST<address><addrLine>Gaithersburg, MD</addrLine></address></meeting>
		<imprint>
			<date type="published" when="2001" />
			<biblScope unit="page" from="437" to="446" />
		</imprint>
	</monogr>
</biblStruct>

<biblStruct >
	<analytic>
		<title level="a" type="main">The Effectiveness of Dictionary and Web-Based Answer Reranking</title>
		<author>
			<persName xmlns="http://www.tei-c.org/ns/1.0"><forename type="first">C-Y</forename><surname>Lin</surname></persName>
		</author>
	</analytic>
	<monogr>
		<title level="m">Proceedings of the COLING-2002 conference</title>
		<meeting>the COLING-2002 conference<address><addrLine>Taipei, Taiwan</addrLine></address></meeting>
		<imprint>
			<date type="published" when="2002" />
		</imprint>
	</monogr>
</biblStruct>

<biblStruct >
	<analytic>
		<title level="a" type="main">Use of WordNet Hypernyms for Answering What-Is Questions</title>
		<author>
			<persName xmlns="http://www.tei-c.org/ns/1.0"><forename type="first">J</forename><surname>Prager</surname></persName>
		</author>
		<author>
			<persName xmlns="http://www.tei-c.org/ns/1.0"><forename type="first">J</forename><surname>Chu-Carroll</surname></persName>
		</author>
	</analytic>
	<monogr>
		<title level="m">Proceedings of the TREC-10</title>
		<meeting>the TREC-10</meeting>
		<imprint>
			<date type="published" when="2001" />
		</imprint>
	</monogr>
</biblStruct>

<biblStruct >
	<monogr>
		<title/>
		<author>
			<persName xmlns="http://www.tei-c.org/ns/1.0"><surname>Conference</surname></persName>
		</author>
		<author>
			<persName xmlns="http://www.tei-c.org/ns/1.0"><surname>Nist</surname></persName>
		</author>
		<author>
			<persName xmlns="http://www.tei-c.org/ns/1.0"><surname>Gaithersburg</surname></persName>
		</author>
		<author>
			<persName xmlns="http://www.tei-c.org/ns/1.0"><surname>Md</surname></persName>
		</author>
		<imprint>
			<biblScope unit="page" from="309" to="316" />
		</imprint>
	</monogr>
</biblStruct>

<biblStruct >
	<analytic>
		<title level="a" type="main">Automatically Generating Extraction Patterns from Untagged Text</title>
		<author>
			<persName xmlns="http://www.tei-c.org/ns/1.0"><forename type="first">E</forename><surname>Riloff</surname></persName>
		</author>
	</analytic>
	<monogr>
		<title level="m">Proceedings of the Thirteenth National Conference on Artificial Intelligence (AAAI96</title>
		<meeting>the Thirteenth National Conference on Artificial Intelligence (AAAI96</meeting>
		<imprint>
			<date type="published" when="1996" />
			<biblScope unit="page" from="1044" to="1049" />
		</imprint>
	</monogr>
</biblStruct>

<biblStruct >
	<analytic>
		<title level="a" type="main">Patterns of Potential Answer Expressions as Clues to the Right Answer</title>
		<author>
			<persName xmlns="http://www.tei-c.org/ns/1.0"><forename type="first">M</forename><forename type="middle">M</forename><surname>Soubbotin</surname></persName>
		</author>
		<author>
			<persName xmlns="http://www.tei-c.org/ns/1.0"><forename type="first">S</forename><forename type="middle">M</forename><surname>Soubbotin</surname></persName>
		</author>
	</analytic>
	<monogr>
		<title level="m">Proceedings of the TREC-10 Conference. NIST</title>
		<meeting>the TREC-10 Conference. NIST<address><addrLine>Gaithersburg, MD</addrLine></address></meeting>
		<imprint>
			<date type="published" when="2001" />
			<biblScope unit="page" from="175" to="182" />
		</imprint>
	</monogr>
</biblStruct>

<biblStruct >
	<analytic>
		<title level="a" type="main">A Question Answering System Supported by Information Extraction</title>
		<author>
			<persName xmlns="http://www.tei-c.org/ns/1.0"><forename type="first">R</forename><surname>Srihari</surname></persName>
		</author>
		<author>
			<persName xmlns="http://www.tei-c.org/ns/1.0"><forename type="first">W</forename><surname>Li</surname></persName>
		</author>
	</analytic>
	<monogr>
		<title level="m">Proceedings of the 1 st Meeting of the North American Chapter of the Association for Computational Linguistics (ANLPNAACL-00)</title>
		<meeting>the 1 st Meeting of the North American Chapter of the Association for Computational Linguistics (ANLPNAACL-00)<address><addrLine>Seattle, WA</addrLine></address></meeting>
		<imprint>
			<date type="published" when="2000" />
			<biblScope unit="page" from="166" to="172" />
		</imprint>
	</monogr>
</biblStruct>

<biblStruct >
	<analytic>
		<title level="a" type="main">Overview of the Question Answering Track</title>
		<author>
			<persName xmlns="http://www.tei-c.org/ns/1.0"><forename type="first">E</forename><surname>Voorhees</surname></persName>
		</author>
	</analytic>
	<monogr>
		<title level="m">Proceedings of the TREC-10</title>
		<meeting>the TREC-10</meeting>
		<imprint>
			<date type="published" when="2001" />
		</imprint>
	</monogr>
</biblStruct>

<biblStruct >
	<monogr>
		<title/>
		<author>
			<persName xmlns="http://www.tei-c.org/ns/1.0"><surname>Conference</surname></persName>
		</author>
		<author>
			<persName xmlns="http://www.tei-c.org/ns/1.0"><surname>Nist</surname></persName>
		</author>
		<author>
			<persName xmlns="http://www.tei-c.org/ns/1.0"><surname>Gaithersburg</surname></persName>
		</author>
		<author>
			<persName xmlns="http://www.tei-c.org/ns/1.0"><surname>Md</surname></persName>
		</author>
		<imprint>
			<biblScope unit="page" from="157" to="165" />
		</imprint>
	</monogr>
</biblStruct>

<biblStruct >
	<analytic>
		<title level="a" type="main">TREC-10 Experiments at CAS-ICT: Filtering, Web, and QA</title>
		<author>
			<persName xmlns="http://www.tei-c.org/ns/1.0"><forename type="first">B</forename><surname>Wang</surname></persName>
		</author>
		<author>
			<persName xmlns="http://www.tei-c.org/ns/1.0"><forename type="first">H</forename><surname>Xu</surname></persName>
		</author>
		<author>
			<persName xmlns="http://www.tei-c.org/ns/1.0"><forename type="first">Z</forename><surname>Yang</surname></persName>
		</author>
		<author>
			<persName xmlns="http://www.tei-c.org/ns/1.0"><forename type="first">Y</forename><surname>Liu</surname></persName>
		</author>
		<author>
			<persName xmlns="http://www.tei-c.org/ns/1.0"><forename type="first">X</forename><surname>Cheng</surname></persName>
		</author>
		<author>
			<persName xmlns="http://www.tei-c.org/ns/1.0"><forename type="first">D</forename><surname>Bu</surname></persName>
		</author>
		<author>
			<persName xmlns="http://www.tei-c.org/ns/1.0"><forename type="first">S</forename><surname>Bai</surname></persName>
		</author>
	</analytic>
	<monogr>
		<title level="m">Proceedings of the TREC-10 Conference. NIST</title>
		<meeting>the TREC-10 Conference. NIST<address><addrLine>Gaithersburg, MD</addrLine></address></meeting>
		<imprint>
			<date type="published" when="2001" />
			<biblScope unit="page" from="229" to="241" />
		</imprint>
	</monogr>
</biblStruct>

			</listBibl>
		</back>
	</text>
</TEI>
