<?xml version="1.0" ?>
<TEI xmlns="http://www.tei-c.org/ns/1.0" xmlns:xlink="http://www.w3.org/1999/xlink" 
 xmlns:mml="http://www.w3.org/1998/Math/MathML">
	<teiHeader>
		<fileDesc xml:id="f_3044"/>
	</teiHeader>
	<text>
		<front/>
		<body/>
		<back>
			<listBibl>
<biblStruct >
	<analytic>
		<title level="a" type="main">Partial parsing via finite-state cascades</title>
		<author>
			<persName xmlns="http://www.tei-c.org/ns/1.0"><forename type="first">Steve</forename><surname>Abney</surname></persName>
		</author>
	</analytic>
	<monogr>
		<title level="j">Journal of Natural Language Engineering</title>
		<imprint>
			<biblScope unit="volume">2</biblScope>
			<biblScope unit="issue">4</biblScope>
			<biblScope unit="page" from="337" to="344" />
			<date type="published" when="1996-12" />
		</imprint>
	</monogr>
</biblStruct>

<biblStruct >
	<analytic>
		<title level="a" type="main">Distributional clustering of words for text classification</title>
		<author>
			<persName xmlns="http://www.tei-c.org/ns/1.0"><forename type="first">L</forename></persName>
		</author>
		<author>
			<persName xmlns="http://www.tei-c.org/ns/1.0"><forename type="first">Douglas</forename><surname>Baker</surname></persName>
		</author>
		<author>
			<persName xmlns="http://www.tei-c.org/ns/1.0"><forename type="first">Andrew</forename><surname>Mccallum</surname></persName>
		</author>
	</analytic>
	<monogr>
		<title level="m">Proceedings of the 21st annual international ACM SIGIR conference on Research and Development in Information Retrieval</title>
		<meeting>the 21st annual international ACM SIGIR conference on Research and Development in Information Retrieval<address><addrLine>Melbourne, Australia</addrLine></address></meeting>
		<imprint>
			<date type="published" when="1998-08" />
			<biblScope unit="page" from="24" to="28" />
		</imprint>
	</monogr>
</biblStruct>

<biblStruct >
	<analytic>
		<title level="a" type="main">Scaling to very very large corpora for natural language disambiguation</title>
		<author>
			<persName xmlns="http://www.tei-c.org/ns/1.0"><forename type="first">Michele</forename><surname>Banko</surname></persName>
		</author>
		<author>
			<persName xmlns="http://www.tei-c.org/ns/1.0"><forename type="first">Eric</forename><surname>Brill</surname></persName>
		</author>
	</analytic>
	<monogr>
		<title level="m">Proceedings of the 39th annual meeting of the Association for Computational Linguistics</title>
		<meeting>the 39th annual meeting of the Association for Computational Linguistics<address><addrLine>Toulouse, France</addrLine></address></meeting>
		<imprint>
			<date type="published" when="2001-07" />
			<biblScope unit="page" from="9" to="11" />
		</imprint>
	</monogr>
</biblStruct>

<biblStruct >
	<monogr>
		<title level="m" type="main">The Macquarie Encyclopedic Thesaurus. The Macquarie Library</title>
		<author>
			<persName xmlns="http://www.tei-c.org/ns/1.0"><forename type="first">R</forename><forename type="middle">L</forename><surname>John</surname></persName>
		</author>
		<author>
			<persName xmlns="http://www.tei-c.org/ns/1.0"><surname>Bernard</surname></persName>
		</author>
		<imprint>
			<date type="published" when="1990" />
			<pubPlace>Sydney, Australia</pubPlace>
		</imprint>
	</monogr>
</biblStruct>

<biblStruct >
	<analytic>
		<title level="a" type="main">Classbased n-gram models of natural language</title>
		<author>
			<persName xmlns="http://www.tei-c.org/ns/1.0"><forename type="first">F</forename><surname>Peter</surname></persName>
		</author>
		<author>
			<persName xmlns="http://www.tei-c.org/ns/1.0"><forename type="first">Vincent</forename><forename type="middle">J Della</forename><surname>Brown</surname></persName>
		</author>
		<author>
			<persName xmlns="http://www.tei-c.org/ns/1.0"><forename type="first">Peter</forename><forename type="middle">V</forename><surname>Pietra</surname></persName>
		</author>
		<author>
			<persName xmlns="http://www.tei-c.org/ns/1.0"><forename type="first">Jennifer</forename><forename type="middle">C</forename><surname>Desouza</surname></persName>
		</author>
		<author>
			<persName xmlns="http://www.tei-c.org/ns/1.0"><forename type="first">Robert</forename><forename type="middle">L</forename><surname>Lai</surname></persName>
		</author>
		<author>
			<persName xmlns="http://www.tei-c.org/ns/1.0"><surname>Mercer</surname></persName>
		</author>
	</analytic>
	<monogr>
		<title level="j">Computational Linguistics</title>
		<imprint>
			<biblScope unit="volume">18</biblScope>
			<biblScope unit="issue">4</biblScope>
			<biblScope unit="page" from="467" to="479" />
			<date type="published" when="1992-12" />
		</imprint>
	</monogr>
</biblStruct>

<biblStruct >
	<analytic>
		<title level="a" type="main">Automatic construction of a hypernym-labeled noun hierarchy from text</title>
		<author>
			<persName xmlns="http://www.tei-c.org/ns/1.0"><forename type="first">Sharon</forename><forename type="middle">A</forename><surname>Caraballo</surname></persName>
		</author>
	</analytic>
	<monogr>
		<title level="m">Proceedings of the 37th annual meeting of the Association for Computational Linguistics</title>
		<meeting>the 37th annual meeting of the Association for Computational Linguistics<address><addrLine>College Park, MD USA</addrLine></address></meeting>
		<imprint>
			<date type="published" when="1999-06" />
			<biblScope unit="page" from="20" to="26" />
		</imprint>
	</monogr>
</biblStruct>

<biblStruct >
	<analytic>
		<title level="a" type="main">Class-based probability estimation using a semantic hierarchy</title>
		<author>
			<persName xmlns="http://www.tei-c.org/ns/1.0"><forename type="first">Stephen</forename><surname>Clark</surname></persName>
		</author>
		<author>
			<persName xmlns="http://www.tei-c.org/ns/1.0"><forename type="first">David</forename><surname>Weir</surname></persName>
		</author>
	</analytic>
	<monogr>
		<title level="m">Proceedings of the Second Meeting of the North American Chapter of the Association for Computational Linguistics</title>
		<meeting>the Second Meeting of the North American Chapter of the Association for Computational Linguistics<address><addrLine>Pittsburgh, PA USA</addrLine></address></meeting>
		<imprint>
			<date type="published" when="2001-06" />
			<biblScope unit="page" from="2" to="7" />
		</imprint>
	</monogr>
</biblStruct>

<biblStruct >
	<analytic>
		<title level="a" type="main">Construction of a dynamic thesaurus and its use for associated information retrieval</title>
		<author>
			<persName xmlns="http://www.tei-c.org/ns/1.0"><forename type="first">Carolyn</forename><forename type="middle">J</forename><surname>Crouch</surname></persName>
		</author>
	</analytic>
	<monogr>
		<title level="m">Proceedings of the eleventh international conference on Research and Development in Information Retrieval</title>
		<meeting>the eleventh international conference on Research and Development in Information Retrieval<address><addrLine>Grenoble, France</addrLine></address></meeting>
		<imprint>
			<date type="published" when="1988-06" />
			<biblScope unit="page" from="13" to="15" />
		</imprint>
	</monogr>
</biblStruct>

<biblStruct >
	<analytic>
		<title level="a" type="main">Improvements in automatic thesaurus extraction</title>
		<author>
			<persName xmlns="http://www.tei-c.org/ns/1.0"><forename type="first">James</forename><forename type="middle">R</forename><surname>Curran</surname></persName>
		</author>
		<author>
			<persName xmlns="http://www.tei-c.org/ns/1.0"><forename type="first">Marc</forename><surname>Moens</surname></persName>
		</author>
	</analytic>
	<monogr>
		<title level="m">ACLSIGLEX Workshop on Unsupervised Lexical Acquisition</title>
		<meeting><address><addrLine>Philadelphia, PA USA</addrLine></address></meeting>
		<imprint>
			<date type="published" when="2002" />
		</imprint>
	</monogr>
	<note>to appear</note>
</biblStruct>

<biblStruct >
	<monogr>
		<title level="m" type="main">Explorations in Automatic Thesaurus Discovery</title>
		<author>
			<persName xmlns="http://www.tei-c.org/ns/1.0"><forename type="first">Gregory</forename><surname>Grefenstette</surname></persName>
		</author>
		<imprint>
			<date type="published" when="1994" />
			<publisher>Kluwer Academic Publishers</publisher>
			<pubPlace>Boston, USA</pubPlace>
		</imprint>
	</monogr>
</biblStruct>

<biblStruct >
	<analytic>
		<title level="a" type="main">Automatic acquisition of hyponyms from large text corpora</title>
		<author>
			<persName xmlns="http://www.tei-c.org/ns/1.0"><forename type="first">A</forename><surname>Marti</surname></persName>
		</author>
		<author>
			<persName xmlns="http://www.tei-c.org/ns/1.0"><surname>Hearst</surname></persName>
		</author>
	</analytic>
	<monogr>
		<title level="m">Proceedings of the 14th international conference on Computational Linguistics</title>
		<meeting>the 14th international conference on Computational Linguistics<address><addrLine>Nantes, France</addrLine></address></meeting>
		<imprint>
			<date type="published" when="1992-07" />
			<biblScope unit="page" from="23" to="28" />
		</imprint>
	</monogr>
</biblStruct>

<biblStruct >
	<analytic>
		<title level="a" type="main">Dependency-based evaluation of MINIPAR</title>
		<author>
			<persName xmlns="http://www.tei-c.org/ns/1.0"><forename type="first">Dekang</forename><surname>Lin</surname></persName>
		</author>
	</analytic>
	<monogr>
		<title level="m">Workshop on the Evaluation of Parsing Systems, Proceedings of the First International Conference on Language Resources and Evaluation</title>
		<meeting><address><addrLine>Granada, Spain</addrLine></address></meeting>
		<imprint>
			<date type="published" when="1998-05" />
			<biblScope unit="page" from="28" to="30" />
		</imprint>
	</monogr>
</biblStruct>

<biblStruct >
	<analytic>
		<title level="a" type="main">An information-theoretic definition of similarity</title>
		<author>
			<persName xmlns="http://www.tei-c.org/ns/1.0"><forename type="first">Dekang</forename><surname>Lin</surname></persName>
		</author>
	</analytic>
	<monogr>
		<title level="m">Proceedings of the Fifteen International Conference on Machine Learning</title>
		<meeting>the Fifteen International Conference on Machine Learning<address><addrLine>Madison, WI USA</addrLine></address></meeting>
		<imprint>
			<date type="published" when="1998-07" />
			<biblScope unit="page" from="24" to="27" />
		</imprint>
	</monogr>
</biblStruct>

<biblStruct >
	<analytic>
		<title level="a" type="main">Robust applied morphological generation</title>
		<author>
			<persName xmlns="http://www.tei-c.org/ns/1.0"><forename type="first">Guido</forename><surname>Minnen</surname></persName>
		</author>
		<author>
			<persName xmlns="http://www.tei-c.org/ns/1.0"><forename type="first">John</forename><surname>Carroll</surname></persName>
		</author>
		<author>
			<persName xmlns="http://www.tei-c.org/ns/1.0"><forename type="first">Darren</forename><surname>Pearce</surname></persName>
		</author>
	</analytic>
	<monogr>
		<title level="m">Proceedings of the First International Natural Language Generation Conference</title>
		<meeting>the First International Natural Language Generation Conference<address><addrLine>Mitzpe Ramon, Israel</addrLine></address></meeting>
		<imprint>
			<date type="published" when="2000-06" />
			<biblScope unit="page" from="12" to="16" />
		</imprint>
	</monogr>
</biblStruct>

<biblStruct >
	<analytic>
		<title level="a" type="main">Synonymy in collocation extraction</title>
		<author>
			<persName xmlns="http://www.tei-c.org/ns/1.0"><forename type="first">Darren</forename><surname>Pearce</surname></persName>
		</author>
	</analytic>
	<monogr>
		<title level="m">Workshop on WordNet and Other Lexical Resources: Applications, Extensions and Customizations</title>
		<meeting><address><addrLine>Pittsburgh, PA USA</addrLine></address></meeting>
		<imprint>
			<date type="published" when="2001-06" />
			<biblScope unit="page" from="2" to="7" />
		</imprint>
	</monogr>
</biblStruct>

<biblStruct >
	<analytic>
		<title level="a" type="main">Distributional clustering of English words</title>
		<author>
			<persName xmlns="http://www.tei-c.org/ns/1.0"><forename type="first">Fernando</forename><surname>Pereira</surname></persName>
		</author>
		<author>
			<persName xmlns="http://www.tei-c.org/ns/1.0"><forename type="first">Naftali</forename><surname>Tishby</surname></persName>
		</author>
		<author>
			<persName xmlns="http://www.tei-c.org/ns/1.0"><forename type="first">Lillian</forename><surname>Lee</surname></persName>
		</author>
	</analytic>
	<monogr>
		<title level="m">Proceedings of the 31st annual meeting of the Association for Computational Linguistics</title>
		<meeting>the 31st annual meeting of the Association for Computational Linguistics<address><addrLine>Columbus, Ohio USA</addrLine></address></meeting>
		<imprint>
			<date type="published" when="1993-06" />
			<biblScope unit="page" from="22" to="26" />
		</imprint>
	</monogr>
</biblStruct>

<biblStruct >
	<monogr>
		<title level="m" type="main">Thesaurus of English words and phrases. Longmans, Green and Co</title>
		<author>
			<persName xmlns="http://www.tei-c.org/ns/1.0"><forename type="first">Peter</forename><surname>Roget</surname></persName>
		</author>
		<imprint>
			<date type="published" when="1911" />
			<pubPlace>London; UK</pubPlace>
		</imprint>
	</monogr>
</biblStruct>

<biblStruct >
	<analytic>
		<title level="a" type="main">Automatic detection of thesaurus relations for information retrieval applications</title>
		<author>
			<persName xmlns="http://www.tei-c.org/ns/1.0"><forename type="first">Gerda</forename><surname>Ruge</surname></persName>
		</author>
	</analytic>
	<monogr>
		<title level="m">Foundations of Computer Science: Potential-TheoryCognition</title>
		<meeting><address><addrLine>Berlin, Germany</addrLine></address></meeting>
		<imprint>
			<publisher>Springer Verlag</publisher>
			<date type="published" when="1997" />
			<biblScope unit="volume">1337</biblScope>
			<biblScope unit="page" from="499" to="506" />
		</imprint>
	</monogr>
	<note>LNCS</note>
</biblStruct>

<biblStruct >
	<analytic>
		<title level="a" type="main">Deriving concept hierarchies from text</title>
		<author>
			<persName xmlns="http://www.tei-c.org/ns/1.0"><forename type="first">Mark</forename><surname>Sanderson</surname></persName>
		</author>
		<author>
			<persName xmlns="http://www.tei-c.org/ns/1.0"><forename type="first">Bruce</forename><surname>Croft</surname></persName>
		</author>
	</analytic>
	<monogr>
		<title level="m">Proceedings of the 22nd annual international ACM SIGIR conference on Research and Development in Information Retrieval</title>
		<meeting>the 22nd annual international ACM SIGIR conference on Research and Development in Information Retrieval<address><addrLine>Berkeley, CA USA</addrLine></address></meeting>
		<imprint>
			<date type="published" when="1999-08" />
			<biblScope unit="page" from="15" to="19" />
		</imprint>
	</monogr>
</biblStruct>

<biblStruct >
	<monogr>
		<title/>
		<author>
			<persName xmlns="http://www.tei-c.org/ns/1.0"><forename type="first">Grady</forename><surname>Ward</surname></persName>
		</author>
		<imprint>
			<date type="published" when="1996" />
		</imprint>
	</monogr>
<note type="report_type">Moby Thesaurus. Moby Project</note>
</biblStruct>

			</listBibl>
		</back>
	</text>
</TEI>
