<?xml version="1.0" ?>
<TEI xmlns="http://www.tei-c.org/ns/1.0" xmlns:xlink="http://www.w3.org/1999/xlink" 
 xmlns:mml="http://www.w3.org/1998/Math/MathML">
	<teiHeader>
		<fileDesc xml:id="f_3458"/>
	</teiHeader>
	<text>
		<front/>
		<body/>
		<back>
			<listBibl>
<biblStruct >
	<analytic>
		<title level="a" type="main">An Approach based on Multilingual Thesauri and Model Combination for Bilingual Lexicon Extraction</title>
		<author>
			<persName xmlns="http://www.tei-c.org/ns/1.0"><forename type="first">H</forename><surname>Dejean</surname></persName>
		</author>
		<author>
			<persName xmlns="http://www.tei-c.org/ns/1.0"><forename type="first">E</forename><surname>Gaussier</surname></persName>
		</author>
		<author>
			<persName xmlns="http://www.tei-c.org/ns/1.0"><forename type="first">F</forename><surname>Sadat</surname></persName>
		</author>
	</analytic>
	<monogr>
		<title level="m">Proc. COLING</title>
		<meeting>COLING<address><addrLine>Taipei, Taiwan</addrLine></address></meeting>
		<imprint>
			<date type="published" when="2002" />
		</imprint>
	</monogr>
</biblStruct>

<biblStruct >
	<monogr>
		<title level="m" type="main">Japan Electronic Dictionary Research Institute, Ltd. EDR electronic dictionary version 1.5 EDR. Technical guide</title>
		<author>
			<persName xmlns="http://www.tei-c.org/ns/1.0"><forename type="first">Edr</forename></persName>
		</author>
		<idno>TR2-007</idno>
		<imprint>
			<date type="published" when="1996" />
		</imprint>
	</monogr>
<note type="report_type">Technical report</note>
</biblStruct>

<biblStruct >
	<monogr>
		<title level="m" type="main">A Statistical View of Bilingual Lexicon Extraction: From Parallel Corpora to Non-Parallel Corpora</title>
		<author>
			<persName xmlns="http://www.tei-c.org/ns/1.0"><forename type="first">P</forename><surname>Fung</surname></persName>
		</author>
		<editor>Jean Veronis</editor>
		<imprint>
			<date type="published" when="2000" />
		</imprint>
	</monogr>
	<note>Parallel Text Processing</note>
</biblStruct>

<biblStruct >
	<analytic>
		<title level="a" type="main">The WWW as a Resource for Example-based MT Tasks</title>
		<author>
			<persName xmlns="http://www.tei-c.org/ns/1.0"><forename type="first">G</forename><surname>Grefenstette</surname></persName>
		</author>
	</analytic>
	<monogr>
		<title level="m">ASLIB&apos;99 Translating and the Computer 21</title>
		<imprint>
			<date type="published" when="1999" />
		</imprint>
	</monogr>
</biblStruct>

<biblStruct >
	<analytic>
		<title level="a" type="main">Overview of the Second NTCIR Workshop</title>
		<author>
			<persName xmlns="http://www.tei-c.org/ns/1.0"><forename type="first">N</forename><surname>Kando</surname></persName>
		</author>
	</analytic>
	<monogr>
		<title level="m">Proc. Second NTCIR Workshop on Research in Chinese and Japanese Text Retrieval and Text Summarization</title>
		<meeting>Second NTCIR Workshop on Research in Chinese and Japanese Text Retrieval and Text Summarization</meeting>
		<imprint>
			<date type="published" when="2001" />
		</imprint>
	</monogr>
</biblStruct>

<biblStruct >
	<analytic>
		<title level="a" type="main">Learning a Translation Lexicon from Monolingual Corpora</title>
		<author>
			<persName xmlns="http://www.tei-c.org/ns/1.0"><forename type="first">P</forename><surname>Koehn</surname></persName>
		</author>
		<author>
			<persName xmlns="http://www.tei-c.org/ns/1.0"><forename type="first">K</forename><surname>Knight</surname></persName>
		</author>
	</analytic>
	<monogr>
		<title level="m">Proc. ACL-02 Workshop on Unsupervised Lexical Acquisition</title>
		<meeting>ACL-02 Workshop on Unsupervised Lexical Acquisition</meeting>
		<imprint>
			<date type="published" when="2002" />
		</imprint>
	</monogr>
</biblStruct>

<biblStruct >
	<monogr>
		<title level="m" type="main">Japanese morphological analysis system ChaSen manual</title>
		<author>
			<persName xmlns="http://www.tei-c.org/ns/1.0"><forename type="first">Y</forename><surname>Matsumoto</surname></persName>
		</author>
		<author>
			<persName xmlns="http://www.tei-c.org/ns/1.0"><forename type="first">A</forename><surname>Kitauchi</surname></persName>
		</author>
		<author>
			<persName xmlns="http://www.tei-c.org/ns/1.0"><forename type="first">T</forename><surname>Yamashita</surname></persName>
		</author>
		<author>
			<persName xmlns="http://www.tei-c.org/ns/1.0"><forename type="first">O</forename><surname>Imaichi</surname></persName>
		</author>
		<author>
			<persName xmlns="http://www.tei-c.org/ns/1.0"><forename type="first">T</forename><surname>Imamura</surname></persName>
		</author>
		<idno>NAIST-IS- TR97007</idno>
		<imprint>
			<date type="published" when="1997" />
		</imprint>
	</monogr>
<note type="report_type">Technical Report</note>
</biblStruct>

<biblStruct >
	<analytic>
		<title level="a" type="main">Improving CrossLanguage Text Retrieval with Human Interactions</title>
		<author>
			<persName xmlns="http://www.tei-c.org/ns/1.0"><forename type="first">W</forename><forename type="middle">C</forename><surname>Ogden</surname></persName>
		</author>
		<author>
			<persName xmlns="http://www.tei-c.org/ns/1.0"><forename type="first">M</forename><forename type="middle">W</forename><surname>Davis</surname></persName>
		</author>
	</analytic>
	<monogr>
		<title level="m">Proc. 33rd Hawaii International Conference on System Sciences</title>
		<meeting>33rd Hawaii International Conference on System Sciences</meeting>
		<imprint>
			<date type="published" when="2000" />
		</imprint>
	</monogr>
</biblStruct>

<biblStruct >
	<analytic>
		<title level="a" type="main">Automatic Identification of Word Translations from Unrelated English and German Corpora</title>
		<author>
			<persName xmlns="http://www.tei-c.org/ns/1.0"><forename type="first">R</forename><surname>Rapp</surname></persName>
		</author>
	</analytic>
	<monogr>
		<title level="m">Proc. European Association for Computational Linguistics EACL&apos;99</title>
		<meeting>European Association for Computational Linguistics EACL&apos;99</meeting>
		<imprint>
			<date type="published" when="1999" />
		</imprint>
	</monogr>
</biblStruct>

<biblStruct >
	<analytic>
		<title level="a" type="main">Exploiting and Combining Multiple Resources for Query Expansion in Cross-Language Information Retrieval</title>
		<author>
			<persName xmlns="http://www.tei-c.org/ns/1.0"><forename type="first">F</forename><surname>Sadat</surname></persName>
		</author>
		<author>
			<persName xmlns="http://www.tei-c.org/ns/1.0"><forename type="first">A</forename><surname>Maeda</surname></persName>
		</author>
		<author>
			<persName xmlns="http://www.tei-c.org/ns/1.0"><forename type="first">M</forename><surname>Yoshikawa</surname></persName>
		</author>
		<author>
			<persName xmlns="http://www.tei-c.org/ns/1.0"><forename type="first">S</forename><surname>Uemura</surname></persName>
		</author>
	</analytic>
	<monogr>
		<title level="j">IPSJ Transactions of Databases</title>
		<imprint>
			<biblScope unit="volume">15</biblScope>
			<biblScope unit="page" from="39" to="54" />
			<date type="published" when="2002" />
		</imprint>
	</monogr>
	<note>TOD</note>
</biblStruct>

<biblStruct >
	<analytic>
		<title level="a" type="main">Learning Bilingual Translations from Comparable Corpora to Cross-Language Information Retrieval: Hybrid Statistics-based and Linguistics-based Approach</title>
		<author>
			<persName xmlns="http://www.tei-c.org/ns/1.0"><forename type="first">F</forename><surname>Sadat</surname></persName>
		</author>
		<author>
			<persName xmlns="http://www.tei-c.org/ns/1.0"><forename type="first">M</forename><surname>Yoshikawa</surname></persName>
		</author>
		<author>
			<persName xmlns="http://www.tei-c.org/ns/1.0"><forename type="first">S</forename><surname>Uemura</surname></persName>
		</author>
	</analytic>
	<monogr>
		<title level="m">Proc. IRAL</title>
		<meeting>IRAL<address><addrLine>Sapporo, Japan</addrLine></address></meeting>
		<imprint>
			<date type="published" when="2003" />
		</imprint>
	</monogr>
</biblStruct>

<biblStruct >
	<monogr>
		<title level="m" type="main">The SMART Retrieval System, Experiments in Automatic Documents Processing</title>
		<author>
			<persName xmlns="http://www.tei-c.org/ns/1.0"><forename type="first">G</forename><surname>Salton</surname></persName>
		</author>
		<imprint>
			<date type="published" when="1971" />
			<publisher>PrenticeHall, Inc</publisher>
			<pubPlace>Englewood Cliffs, NJ</pubPlace>
		</imprint>
	</monogr>
</biblStruct>

<biblStruct >
	<monogr>
		<title level="m" type="main">Introduction to Modern Information Retrieval</title>
		<author>
			<persName xmlns="http://www.tei-c.org/ns/1.0"><forename type="first">G</forename><surname>Salton</surname></persName>
		</author>
		<author>
			<persName xmlns="http://www.tei-c.org/ns/1.0"><forename type="first">J</forename><surname>Mcgill</surname></persName>
		</author>
		<imprint>
			<date type="published" when="1983" />
			<publisher>Mc Graw-Hill</publisher>
			<pubPlace>New York</pubPlace>
		</imprint>
	</monogr>
</biblStruct>

<biblStruct >
	<monogr>
		<title level="m" type="main">OAK System-Manual</title>
		<author>
			<persName xmlns="http://www.tei-c.org/ns/1.0"><forename type="first">S</forename><surname>Sekine</surname></persName>
		</author>
		<imprint>
			<date type="published" when="2001" />
		</imprint>
		<respStmt>
			<orgName>New York University</orgName>
		</respStmt>
	</monogr>
</biblStruct>

			</listBibl>
		</back>
	</text>
</TEI>
