<?xml version="1.0" ?>
<TEI xmlns="http://www.tei-c.org/ns/1.0" xmlns:xlink="http://www.w3.org/1999/xlink" 
 xmlns:mml="http://www.w3.org/1998/Math/MathML">
	<teiHeader>
		<fileDesc xml:id="f_466"/>
	</teiHeader>
	<text>
		<front/>
		<body/>
		<back>
			<listBibl>
<biblStruct >
	<analytic>
		<title/>
		<author>
			<persName xmlns="http://www.tei-c.org/ns/1.0"><forename type="first">Keith</forename><surname>Allan</surname></persName>
		</author>
	</analytic>
	<monogr>
		<title level="j">Nouns and countability. Language</title>
		<imprint>
			<biblScope unit="volume">56</biblScope>
			<biblScope unit="issue">3</biblScope>
			<biblScope unit="page" from="541" to="67" />
			<date type="published" when="1980" />
		</imprint>
	</monogr>
</biblStruct>

<biblStruct >
	<analytic>
		<title level="a" type="main">A plethora of methods for learning English countability</title>
		<author>
			<persName xmlns="http://www.tei-c.org/ns/1.0"><forename type="first">Timothy</forename><surname>Baldwin</surname></persName>
		</author>
		<author>
			<persName xmlns="http://www.tei-c.org/ns/1.0"><forename type="first">Francis</forename><surname>Bond</surname></persName>
		</author>
	</analytic>
	<monogr>
		<title level="m">Proc. of the 2003 Conference on Empirical Methods in Natural Language Processing (EMNLP 2003)</title>
		<meeting>of the 2003 Conference on Empirical Methods in Natural Language essing (EMNLP 2003)<address><addrLine>Sapporo, Japan</addrLine></address></meeting>
		<imprint>
			<date type="published" when="2003" />
		</imprint>
	</monogr>
	<note>to appear</note>
</biblStruct>

<biblStruct >
	<analytic>
		<title level="a" type="main">Using an ontology to determine English countability</title>
		<author>
			<persName xmlns="http://www.tei-c.org/ns/1.0"><forename type="first">Francis</forename><surname>Bond</surname></persName>
		</author>
		<author>
			<persName xmlns="http://www.tei-c.org/ns/1.0"><forename type="first">Caitlin</forename><surname>Vatikiotis-Bateson</surname></persName>
		</author>
	</analytic>
	<monogr>
		<title level="m">Proc. of the 19th International Conference on Computational Linguistics</title>
		<meeting>of the 19th International Conference on Computational Linguistics<address><addrLine>Taipei, Taiwan</addrLine></address></meeting>
		<imprint>
			<date type="published" when="2002" />
		</imprint>
	</monogr>
</biblStruct>

<biblStruct >
	<analytic>
		<title level="a" type="main">Countability and number in Japanese-to-English machine translation</title>
		<author>
			<persName xmlns="http://www.tei-c.org/ns/1.0"><forename type="first">Francis</forename><surname>Bond</surname></persName>
		</author>
		<author>
			<persName xmlns="http://www.tei-c.org/ns/1.0"><forename type="first">Kentaro</forename><surname>Ogura</surname></persName>
		</author>
		<author>
			<persName xmlns="http://www.tei-c.org/ns/1.0"><forename type="first">Satoru</forename><surname>Ikehara</surname></persName>
		</author>
	</analytic>
	<monogr>
		<title level="m">Proc. of the 15th International Conference on Computational Linguistics (COLING &apos;94)</title>
		<meeting>of the 15th International Conference on Computational Linguistics (COLING &apos;94)<address><addrLine>Kyoto, Japan</addrLine></address></meeting>
		<imprint>
			<date type="published" when="1994" />
			<biblScope unit="page" from="32" to="40" />
		</imprint>
	</monogr>
</biblStruct>

<biblStruct >
	<monogr>
		<title level="m" type="main">Determiners and Number in English, contrasted with Japanese, as exemplified in Machine Translation</title>
		<author>
			<persName xmlns="http://www.tei-c.org/ns/1.0"><forename type="first">Francis</forename><surname>Bond</surname></persName>
		</author>
		<imprint>
			<date type="published" when="2001" />
			<publisher>Australia</publisher>
			<pubPlace>Brisbane</pubPlace>
		</imprint>
		<respStmt>
			<orgName>University of Queensland</orgName>
		</respStmt>
	</monogr>
	<note>Ph.D. thesis</note>
</biblStruct>

<biblStruct >
	<analytic>
		<title level="a" type="main">Robust accurate statistical annotation of general text</title>
		<author>
			<persName xmlns="http://www.tei-c.org/ns/1.0"><forename type="first">Ted</forename><surname>Briscoe</surname></persName>
		</author>
		<author>
			<persName xmlns="http://www.tei-c.org/ns/1.0"><forename type="first">John</forename><surname>Carroll</surname></persName>
		</author>
	</analytic>
	<monogr>
		<title level="m">Proc. of the 3rd International Conference on Language Resources and Evaluation (LREC 2002)</title>
		<meeting>of the 3rd International Conference on Language Resources and Evaluation (LREC 2002)<address><addrLine>Las Palmas, Canary Islands</addrLine></address></meeting>
		<imprint>
			<date type="published" when="2002" />
			<biblScope unit="page" from="1499" to="1504" />
		</imprint>
	</monogr>
</biblStruct>

<biblStruct >
	<monogr>
		<title level="m" type="main">User Reference Guide for the British National Corpus</title>
		<author>
			<persName xmlns="http://www.tei-c.org/ns/1.0"><forename type="first">Lou</forename><surname>Burnard</surname></persName>
		</author>
		<imprint>
			<date type="published" when="2000" />
		</imprint>
		<respStmt>
			<orgName>Oxford University Computing Services</orgName>
		</respStmt>
	</monogr>
<note type="report_type">Technical report</note>
</biblStruct>

<biblStruct >
	<analytic>
		<title level="a" type="main">Semi-productive polysemy and sense extension</title>
		<author>
			<persName xmlns="http://www.tei-c.org/ns/1.0"><forename type="first">Ann</forename><surname>Copestake</surname></persName>
		</author>
		<author>
			<persName xmlns="http://www.tei-c.org/ns/1.0"><forename type="first">Ted</forename><surname>Briscoe</surname></persName>
		</author>
	</analytic>
	<monogr>
		<title level="j">Journal of Semantics</title>
		<imprint>
			<biblScope unit="page" from="15" to="67" />
			<date type="published" when="1995" />
		</imprint>
	</monogr>
</biblStruct>

<biblStruct >
	<monogr>
		<title level="m" type="main">Ko van der Sloot, and Antal van den Bosch</title>
		<author>
			<persName xmlns="http://www.tei-c.org/ns/1.0"><forename type="first">Walter</forename><surname>Daelemans</surname></persName>
		</author>
		<author>
			<persName xmlns="http://www.tei-c.org/ns/1.0"><forename type="first">Jakub</forename><surname>Zavrel</surname></persName>
		</author>
		<imprint>
			<date type="published" when="2002" />
			<biblScope unit="page" from="2" to="3" />
		</imprint>
	</monogr>
	<note>TiMBL: Tilburg memory based learner. version 4.2, reference guide. ILK technical report</note>
</biblStruct>

<biblStruct >
	<analytic>
		<title/>
		<author>
			<persName xmlns="http://www.tei-c.org/ns/1.0"><forename type="first">Ralph</forename><surname>Grishman</surname></persName>
		</author>
		<author>
			<persName xmlns="http://www.tei-c.org/ns/1.0"><forename type="first">Catherine</forename><surname>Macleod</surname></persName>
		</author>
		<author>
			<persName xmlns="http://www.tei-c.org/ns/1.0"><forename type="first">Adam</forename><surname>Myers</surname></persName>
		</author>
		<ptr target="http://nlp.cs.nyu.edu/comlex/refman.ps" />
	</analytic>
	<monogr>
		<title level="j">COMLEX Syntax Reference Manual. Proteus Project, NYU</title>
		<imprint>
			<date type="published" when="1998" />
		</imprint>
	</monogr>
</biblStruct>

<biblStruct >
	<analytic>
		<title level="a" type="main">Toward an MT system without pre-editing-effects of new methods in ALT-J/E</title>
		<author>
			<persName xmlns="http://www.tei-c.org/ns/1.0"><forename type="first">Satoru</forename><surname>Ikehara</surname></persName>
		</author>
		<author>
			<persName xmlns="http://www.tei-c.org/ns/1.0"><forename type="first">Satoshi</forename><surname>Shirai</surname></persName>
		</author>
		<author>
			<persName xmlns="http://www.tei-c.org/ns/1.0"><forename type="first">Akio</forename><surname>Yokoo</surname></persName>
		</author>
		<author>
			<persName xmlns="http://www.tei-c.org/ns/1.0"><forename type="first">Hiromi</forename><surname>Nakaiwa</surname></persName>
		</author>
	</analytic>
	<monogr>
		<title level="m">Proc. of the Third Machine Translation Summit</title>
		<meeting>of the Third Machine Translation Summit<address><addrLine>MT Summit III; Washington DC</addrLine></address></meeting>
		<imprint>
			<date type="published" when="1991" />
			<biblScope unit="page" from="101" to="106" />
		</imprint>
	</monogr>
</biblStruct>

<biblStruct >
	<analytic>
		<title level="a" type="main">Morphological cues for lexical semantics</title>
		<author>
			<persName xmlns="http://www.tei-c.org/ns/1.0"><forename type="first">Marc</forename><surname>Light</surname></persName>
		</author>
	</analytic>
	<monogr>
		<title level="m">Proc. of the 34th Annual Meeting of the ACL</title>
		<meeting>of the 34th Annual Meeting of the ACL<address><addrLine>Santa Cruz, USA</addrLine></address></meeting>
		<imprint>
			<date type="published" when="1996" />
			<biblScope unit="page" from="25" to="31" />
		</imprint>
	</monogr>
</biblStruct>

<biblStruct >
	<analytic>
		<title level="a" type="main">Applied morphological processing of English</title>
		<author>
			<persName xmlns="http://www.tei-c.org/ns/1.0"><forename type="first">Guido</forename><surname>Minnen</surname></persName>
		</author>
		<author>
			<persName xmlns="http://www.tei-c.org/ns/1.0"><forename type="first">John</forename><surname>Carroll</surname></persName>
		</author>
		<author>
			<persName xmlns="http://www.tei-c.org/ns/1.0"><forename type="first">Darren</forename><surname>Pearce</surname></persName>
		</author>
	</analytic>
	<monogr>
		<title level="j">Natural Language Engineering</title>
		<imprint>
			<biblScope unit="volume">7</biblScope>
			<biblScope unit="issue">3</biblScope>
			<biblScope unit="page" from="207" to="230" />
			<date type="published" when="2001" />
		</imprint>
	</monogr>
</biblStruct>

<biblStruct >
	<analytic>
		<title level="a" type="main">Transformation-based learning in the fast lane</title>
		<author>
			<persName xmlns="http://www.tei-c.org/ns/1.0"><forename type="first">Grace</forename><surname>Ngai</surname></persName>
		</author>
		<author>
			<persName xmlns="http://www.tei-c.org/ns/1.0"><forename type="first">Radu</forename><surname>Florian</surname></persName>
		</author>
	</analytic>
	<monogr>
		<title level="m">Proc. of the 2nd Annual Meeting of the North American Chapter of Association for Computational Linguistics (NAACL2001)</title>
		<meeting>of the 2nd Annual Meeting of the North American Chapter of Association for Computational Linguistics (NAACL2001)<address><addrLine>Pittsburgh, USA</addrLine></address></meeting>
		<imprint>
			<date type="published" when="2001" />
			<biblScope unit="page" from="40" to="47" />
		</imprint>
	</monogr>
</biblStruct>

<biblStruct >
	<analytic>
		<title level="a" type="main">Inducing criteria for mass noun lexical mappings using the Cyc KB and its extension to WordNet</title>
		<author>
			<persName xmlns="http://www.tei-c.org/ns/1.0"><forename type="first">Nancy</forename><surname>Tom O&amp;apos;hara</surname></persName>
		</author>
		<author>
			<persName xmlns="http://www.tei-c.org/ns/1.0"><forename type="first">Michael</forename><surname>Salay</surname></persName>
		</author>
		<author>
			<persName xmlns="http://www.tei-c.org/ns/1.0"><forename type="first">Dave</forename><surname>Witbrock</surname></persName>
		</author>
		<author>
			<persName xmlns="http://www.tei-c.org/ns/1.0"><forename type="first">Bjoern</forename><surname>Schneider</surname></persName>
		</author>
		<author>
			<persName xmlns="http://www.tei-c.org/ns/1.0"><forename type="first">Stefano</forename><surname>Aldag</surname></persName>
		</author>
		<author>
			<persName xmlns="http://www.tei-c.org/ns/1.0"><forename type="first">Kathy</forename><surname>Bertolo</surname></persName>
		</author>
		<author>
			<persName xmlns="http://www.tei-c.org/ns/1.0"><forename type="first">Fritz</forename><surname>Panton</surname></persName>
		</author>
		<author>
			<persName xmlns="http://www.tei-c.org/ns/1.0"><forename type="first">Matt</forename><surname>Lehmann</surname></persName>
		</author>
		<author>
			<persName xmlns="http://www.tei-c.org/ns/1.0"><forename type="first">David</forename><surname>Smith</surname></persName>
		</author>
		<author>
			<persName xmlns="http://www.tei-c.org/ns/1.0"><forename type="first">Jon</forename><surname>Baxter</surname></persName>
		</author>
		<author>
			<persName xmlns="http://www.tei-c.org/ns/1.0"><forename type="first">Peter</forename><surname>Curtis</surname></persName>
		</author>
		<author>
			<persName xmlns="http://www.tei-c.org/ns/1.0"><surname>Wagner</surname></persName>
		</author>
	</analytic>
	<monogr>
		<title level="m">Proc. of the Fifth International Workshop on Computational Semantics (IWCS-5)</title>
		<meeting>of the Fifth International Workshop on Computational Semantics (IWCS-5)<address><addrLine>Tilburg, the Netherlands</addrLine></address></meeting>
		<imprint>
			<date type="published" when="2003" />
		</imprint>
	</monogr>
</biblStruct>

<biblStruct >
	<monogr>
		<title level="m" type="main">Corpus-based acquisition of head noun countability features</title>
		<author>
			<persName xmlns="http://www.tei-c.org/ns/1.0"><forename type="first">O</forename><forename type="middle">B</forename><surname>Lane</surname></persName>
		</author>
		<author>
			<persName xmlns="http://www.tei-c.org/ns/1.0"><surname>Schwartz</surname></persName>
		</author>
		<imprint>
			<date type="published" when="2002" />
			<pubPlace>Cambridge, UK</pubPlace>
		</imprint>
	</monogr>
	<note>Master&apos;s thesis, Cambridge University</note>
</biblStruct>

<biblStruct >
	<analytic>
		<title level="a" type="main">Learning methods to combine linguistic indicators: Improving aspectual classification and revealing linguistic insights</title>
		<author>
			<persName xmlns="http://www.tei-c.org/ns/1.0"><forename type="first">Eric</forename><forename type="middle">V</forename><surname>Siegel</surname></persName>
		</author>
		<author>
			<persName xmlns="http://www.tei-c.org/ns/1.0"><forename type="first">Kathleen</forename><surname>Mckeown</surname></persName>
		</author>
	</analytic>
	<monogr>
		<title level="j">Computational Linguistics</title>
		<imprint>
			<biblScope unit="volume">26</biblScope>
			<biblScope unit="issue">4</biblScope>
			<biblScope unit="page" from="595" to="627" />
			<date type="published" when="2000" />
		</imprint>
	</monogr>
</biblStruct>

<biblStruct >
	<analytic>
		<title level="a" type="main">Introduction to the CoNLL-2000 shared task: Chunking</title>
		<author>
			<persName xmlns="http://www.tei-c.org/ns/1.0"><forename type="first">Erik</forename><forename type="middle">F</forename><surname>Tjong</surname></persName>
		</author>
		<author>
			<persName xmlns="http://www.tei-c.org/ns/1.0"><forename type="first">Kim</forename><surname>Sang</surname></persName>
		</author>
		<author>
			<persName xmlns="http://www.tei-c.org/ns/1.0"><forename type="first">Sabine</forename><surname>Buchholz</surname></persName>
		</author>
	</analytic>
	<monogr>
		<title level="m">Proc. of the 4th Conference on Computational Natural Language Learning</title>
		<meeting>of the 4th Conference on Computational Natural Language Learning<address><addrLine>Lisbon, Portugal</addrLine></address></meeting>
		<imprint>
			<date type="published" when="2000" />
		</imprint>
	</monogr>
</biblStruct>

<biblStruct >
	<monogr>
		<title level="m" type="main">The Semantics of Grammar</title>
		<author>
			<persName xmlns="http://www.tei-c.org/ns/1.0"><forename type="first">Anna</forename><surname>Wierzbicka</surname></persName>
		</author>
		<imprint>
			<date type="published" when="1988" />
			<publisher>John Benjamin</publisher>
		</imprint>
	</monogr>
</biblStruct>

			</listBibl>
		</back>
	</text>
</TEI>
