<?xml version="1.0" ?>
<TEI xmlns="http://www.tei-c.org/ns/1.0" xmlns:xlink="http://www.w3.org/1999/xlink" 
 xmlns:mml="http://www.w3.org/1998/Math/MathML">
	<teiHeader>
		<fileDesc xml:id="f_3961"/>
	</teiHeader>
	<text>
		<front/>
		<body/>
		<back>
			<listBibl>
<biblStruct >
	<analytic>
		<title level="a" type="main">The Mathematics of Statistical Machine Translation: Parameter Estimation</title>
		<author>
			<persName xmlns="http://www.tei-c.org/ns/1.0"><forename type="first">P</forename><forename type="middle">F</forename><surname>Brown</surname></persName>
		</author>
		<author>
			<persName xmlns="http://www.tei-c.org/ns/1.0"><forename type="first">Pietra</forename></persName>
		</author>
		<author>
			<persName xmlns="http://www.tei-c.org/ns/1.0"><forename type="first">D</forename><surname>Pietra</surname></persName>
		</author>
		<author>
			<persName xmlns="http://www.tei-c.org/ns/1.0"><forename type="first">D</forename><surname>Mercer</surname></persName>
		</author>
		<author>
			<persName xmlns="http://www.tei-c.org/ns/1.0"><forename type="first">R</forename><forename type="middle">L</forename></persName>
		</author>
	</analytic>
	<monogr>
		<title level="m">Computational Linguistics</title>
		<imprint>
			<date type="published" when="1993" />
			<biblScope unit="volume">19</biblScope>
			<biblScope unit="page" from="263" to="312" />
		</imprint>
	</monogr>
</biblStruct>

<biblStruct >
	<monogr>
		<title level="m" type="main">Europarl: A Multilingual Corpus for Evaluation of Machine Translation. Draft, Unpublished</title>
		<author>
			<persName xmlns="http://www.tei-c.org/ns/1.0"><forename type="first">P</forename><surname>Koehn</surname></persName>
		</author>
		<imprint/>
	</monogr>
</biblStruct>

<biblStruct >
	<analytic>
		<title level="a" type="main">Using parallel web pages for multi-lingual IR</title>
		<author>
			<persName xmlns="http://www.tei-c.org/ns/1.0"><forename type="first">J</forename><forename type="middle">Y</forename><surname>Nie</surname></persName>
		</author>
		<author>
			<persName xmlns="http://www.tei-c.org/ns/1.0"><forename type="first">M</forename><surname>Simard</surname></persName>
		</author>
		<author>
			<persName xmlns="http://www.tei-c.org/ns/1.0"><forename type="first">G</forename><surname>Foster</surname></persName>
		</author>
	</analytic>
	<monogr>
		<title level="m">Proceedings of the CLEF 2000 forum</title>
		<editor>C. Peters</editor>
		<meeting>the CLEF 2000 forum</meeting>
		<imprint>
			<date type="published" when="2000" />
		</imprint>
	</monogr>
</biblStruct>

<biblStruct >
	<analytic>
		<title level="a" type="main">Experiments using the Lemur toolkit</title>
		<author>
			<persName xmlns="http://www.tei-c.org/ns/1.0"><forename type="first">P</forename><surname>Ogilvie</surname></persName>
		</author>
		<author>
			<persName xmlns="http://www.tei-c.org/ns/1.0"><forename type="first">J</forename><surname>Callan</surname></persName>
		</author>
	</analytic>
	<monogr>
		<title level="m">Proceedings of the Tenth Text Retrieval Conference (TREC-10)</title>
		<meeting>the Tenth Text Retrieval Conference (TREC-10)</meeting>
		<imprint>
			<date type="published" when="2001" />
		</imprint>
	</monogr>
</biblStruct>

<biblStruct >
	<monogr>
		<title level="m" type="main">Results of the CLEF 2003 Cross-Language System Evaluation Campaign. Working Notes for the CLEF</title>
		<author>
			<persName xmlns="http://www.tei-c.org/ns/1.0"><forename type="first">C</forename><surname>Peters</surname></persName>
		</author>
		<imprint>
			<date type="published" when="2003" />
			<pubPlace>Trondheim, Norway</pubPlace>
		</imprint>
	</monogr>
</biblStruct>

<biblStruct >
	<analytic>
		<title level="a" type="main">Okapi at TREC</title>
		<author>
			<persName xmlns="http://www.tei-c.org/ns/1.0"><forename type="first">S</forename><forename type="middle">E</forename><surname>Robertson</surname></persName>
		</author>
	</analytic>
	<monogr>
		<title level="m">The First TREC Retrieval Conference</title>
		<meeting><address><addrLine>Gaithersburg, MD</addrLine></address></meeting>
		<imprint>
			<date type="published" when="1993" />
			<biblScope unit="page" from="21" to="30" />
		</imprint>
	</monogr>
</biblStruct>

<biblStruct >
	<analytic>
		<title level="a" type="main">Multilingual Information Retrieval using Open, Transparent Resources in CLEF</title>
		<author>
			<persName xmlns="http://www.tei-c.org/ns/1.0"><forename type="first">Yang</forename><surname>Rogati</surname></persName>
		</author>
		<author>
			<persName xmlns="http://www.tei-c.org/ns/1.0"><forename type="first">Y</forename></persName>
		</author>
	</analytic>
	<monogr>
		<title level="m">Results of the CLEF2003 cross-language evaluation forum</title>
		<editor>C. Peters</editor>
		<imprint>
			<date type="published" when="2003" />
		</imprint>
	</monogr>
</biblStruct>

<biblStruct >
	<analytic>
		<title level="a" type="main">Resource Selection for Domain Specific Cross-Lingual IR</title>
		<author>
			<persName xmlns="http://www.tei-c.org/ns/1.0"><forename type="first">Yang</forename><surname>Rogati</surname></persName>
		</author>
		<author>
			<persName xmlns="http://www.tei-c.org/ns/1.0"><forename type="first">Y</forename></persName>
		</author>
	</analytic>
	<monogr>
		<title level="m">Proceedings of ACM SIGIR Conference on Research and Development in Information Retrieval (SIGIR&apos; 04)</title>
		<meeting>ACM SIGIR Conference on Research and Development in Information Retrieval (SIGIR&apos; 04)</meeting>
		<imprint>
			<date type="published" when="2004" />
		</imprint>
	</monogr>
</biblStruct>

			</listBibl>
		</back>
	</text>
</TEI>
