<?xml version="1.0" ?>
<TEI xmlns="http://www.tei-c.org/ns/1.0" xmlns:xlink="http://www.w3.org/1999/xlink" 
 xmlns:mml="http://www.w3.org/1998/Math/MathML">
	<teiHeader>
		<fileDesc xml:id="f_6"/>
	</teiHeader>
	<text>
		<front/>
		<body/>
		<back>
			<listBibl>
<biblStruct >
	<analytic>
		<title level="a" type="main">Terminological equivalence and translation</title>
		<author>
			<persName xmlns="http://www.tei-c.org/ns/1.0"><forename type="first">Reiner</forename><surname>Arntz</surname></persName>
		</author>
	</analytic>
	<monogr>
		<title level="m">Terminology. Applications in Interdisciplinary Communication</title>
		<editor>H. Sonneveld and K. Loening</editor>
		<imprint>
			<publisher>John Benjamins Publishing Company</publisher>
			<date type="published" when="1993" />
			<biblScope unit="page" from="5" to="19" />
		</imprint>
	</monogr>
</biblStruct>

<biblStruct >
	<monogr>
		<title level="m" type="main">Manuel de terminologie</title>
		<author>
			<persName xmlns="http://www.tei-c.org/ns/1.0"><forename type="first">Helmut</forename><surname>Felber</surname></persName>
		</author>
		<imprint>
			<date type="published" when="1987" />
			<pubPlace>UNESCO, Paris</pubPlace>
		</imprint>
	</monogr>
</biblStruct>

<biblStruct >
	<analytic>
		<title level="a" type="main">Terminology research: Its relation to the theory of science</title>
		<author>
			<persName xmlns="http://www.tei-c.org/ns/1.0"><forename type="first">Helmut</forename><surname>Felber</surname></persName>
		</author>
	</analytic>
	<monogr>
		<title level="j">ALFA</title>
		<imprint>
			<biblScope unit="volume">8</biblScope>
			<biblScope unit="issue">7</biblScope>
			<biblScope unit="page" from="163" to="172" />
			<date type="published" when="1994" />
		</imprint>
	</monogr>
</biblStruct>

<biblStruct >
	<analytic>
		<title level="a" type="main">Construction collaborative d&apos;une base lexicale multilingue, le projet Papillon</title>
		<author>
			<persName xmlns="http://www.tei-c.org/ns/1.0"><forename type="first">Mathieu</forename><surname>Mangeot</surname></persName>
		</author>
		<author>
			<persName xmlns="http://www.tei-c.org/ns/1.0"><forename type="first">Gilles</forename><surname>Sérasset</surname></persName>
		</author>
		<author>
			<persName xmlns="http://www.tei-c.org/ns/1.0"><forename type="first">Mathieu</forename><surname>Lafourcade</surname></persName>
		</author>
	</analytic>
	<monogr>
		<title level="j">TAL</title>
		<imprint>
			<biblScope unit="volume">44</biblScope>
			<biblScope unit="issue">2</biblScope>
			<biblScope unit="page" from="151" to="176" />
			<date type="published" when="2003" />
		</imprint>
	</monogr>
</biblStruct>

<biblStruct >
	<monogr>
		<title level="m" type="main">Environnements centralisés et distribués pour lexicographes et lexicologues en contexte multilingue</title>
		<author>
			<persName xmlns="http://www.tei-c.org/ns/1.0"><surname>Mathieu Mangeot</surname></persName>
		</author>
		<imprint>
			<date type="published" when="2001" />
		</imprint>
		<respStmt>
			<orgName>Université Joseph Fourier Grenoble I, Septembre</orgName>
		</respStmt>
	</monogr>
<note type="report_type">Thèse de nouveau doctorat</note>
	<note>spécialité informatique</note>
</biblStruct>

<biblStruct >
	<monogr>
		<title level="m" type="main">Interlingual lexical organisation for multilingual lexical databases in nadia</title>
		<author>
			<persName xmlns="http://www.tei-c.org/ns/1.0"><forename type="first">Gilles</forename><surname>Sérasset</surname></persName>
		</author>
		<editor>Makoto Nagao</editor>
		<imprint>
			<date type="published" when="1994-08" />
			<biblScope unit="volume">1</biblScope>
			<biblScope unit="page" from="278" to="282" />
		</imprint>
	</monogr>
</biblStruct>

<biblStruct >
	<analytic>
		<title level="a" type="main">A generic collaborative platform for multilingual lexical database development</title>
		<author>
			<persName xmlns="http://www.tei-c.org/ns/1.0"><forename type="first">Gilles</forename><surname>Sérasset</surname></persName>
		</author>
	</analytic>
	<monogr>
		<title level="m">COLING 2004 Multilingual Linguistic Resources</title>
		<editor>Gilles Sérasset</editor>
		<meeting><address><addrLine>Geneva, Switzerland</addrLine></address></meeting>
		<imprint>
			<publisher>COLING</publisher>
			<date type="published" when="2004-08-28" />
			<biblScope unit="page" from="73" to="79" />
		</imprint>
	</monogr>
</biblStruct>

<biblStruct >
	<analytic>
		<title level="a" type="main">BISTRO, the online platform for terminology management: structuring terminology without entry structures</title>
		<author>
			<persName xmlns="http://www.tei-c.org/ns/1.0"><forename type="first">Oliver</forename><surname>Streiter</surname></persName>
		</author>
		<author>
			<persName xmlns="http://www.tei-c.org/ns/1.0"><forename type="first">Leonhard</forename><surname>Voltmer</surname></persName>
		</author>
		<author>
			<persName xmlns="http://www.tei-c.org/ns/1.0"><forename type="first">Isabella</forename><surname>Ties</surname></persName>
		</author>
		<author>
			<persName xmlns="http://www.tei-c.org/ns/1.0"><forename type="first">Natascia</forename><surname>Ralli</surname></persName>
		</author>
	</analytic>
	<monogr>
		<title level="m">The translation of domain specific languages and multilingual terminology, number 3 in Linguistica Antverpiensia New Series. Hoger Instituut voor Vertalers en</title>
		<meeting><address><addrLine>Tolken, Hogeschool Antwerpen</addrLine></address></meeting>
		<imprint>
			<date type="published" when="2004" />
		</imprint>
	</monogr>
</biblStruct>

<biblStruct >
	<analytic>
		<title level="a" type="main">BISTRO: Data structure, term tools and interface</title>
		<author>
			<persName xmlns="http://www.tei-c.org/ns/1.0"><forename type="first">Oliver</forename><surname>Streiter</surname></persName>
		</author>
		<author>
			<persName xmlns="http://www.tei-c.org/ns/1.0"><forename type="first">Leonhard</forename><surname>Voltmer</surname></persName>
		</author>
		<author>
			<persName xmlns="http://www.tei-c.org/ns/1.0"><forename type="first">Isabella</forename><surname>Ties</surname></persName>
		</author>
	</analytic>
	<monogr>
		<title level="j">Terminology Science and Research</title>
		<imprint>
			<biblScope unit="page">16</biblScope>
			<date type="published" when="2006" />
		</imprint>
	</monogr>
	<note>Natascia Ralli, and Verena Lyding</note>
</biblStruct>

			</listBibl>
		</back>
	</text>
</TEI>
