<?xml version="1.0" ?>
<TEI xmlns="http://www.tei-c.org/ns/1.0" xmlns:xlink="http://www.w3.org/1999/xlink" 
 xmlns:mml="http://www.w3.org/1998/Math/MathML">
	<teiHeader>
		<fileDesc xml:id="f_3945"/>
	</teiHeader>
	<text>
		<front/>
		<body/>
		<back>
			<listBibl>
<biblStruct >
	<analytic>
		<title level="a" type="main">Die syntaktische Konnexität</title>
		<author>
			<persName xmlns="http://www.tei-c.org/ns/1.0"><forename type="first">K</forename><surname>Ajdukiewicz</surname></persName>
		</author>
	</analytic>
	<monogr>
		<title level="j">Studia Philosophica</title>
		<imprint>
			<biblScope unit="volume">1</biblScope>
			<biblScope unit="page" from="1" to="27" />
			<date type="published" when="1935" />
		</imprint>
	</monogr>
</biblStruct>

<biblStruct >
	<analytic>
		<title level="a" type="main">Polarization and abstraction of grammatical formalisms as methods for lexical disambiguation</title>
		<author>
			<persName xmlns="http://www.tei-c.org/ns/1.0"><forename type="first">G</forename><surname>Bonfante</surname></persName>
		</author>
		<author>
			<persName xmlns="http://www.tei-c.org/ns/1.0"><forename type="first">B</forename><surname>Guillaume</surname></persName>
		</author>
		<author>
			<persName xmlns="http://www.tei-c.org/ns/1.0"><forename type="first">G</forename><surname>Perrier</surname></persName>
		</author>
	</analytic>
	<monogr>
		<title level="m">Proceedings of CoLing</title>
		<meeting>CoLing<address><addrLine>Genève, Switzerland</addrLine></address></meeting>
		<imprint>
			<date type="published" when="2004" />
			<biblScope unit="page" from="303" to="309" />
		</imprint>
	</monogr>
</biblStruct>

<biblStruct >
	<monogr>
		<title level="m" type="main">Lexical-Functional Syntax. Blackwell</title>
		<author>
			<persName xmlns="http://www.tei-c.org/ns/1.0"><forename type="first">J</forename><surname>Bresnan</surname></persName>
		</author>
		<imprint>
			<date type="published" when="2001" />
		</imprint>
	</monogr>
</biblStruct>

<biblStruct >
	<analytic>
		<title level="a" type="main">Higher-dimensional word problems with applications to equational logic</title>
		<author>
			<persName xmlns="http://www.tei-c.org/ns/1.0"><forename type="first">A</forename><surname>Burroni</surname></persName>
		</author>
	</analytic>
	<monogr>
		<title level="j">Theoretical Computer Sciences</title>
		<imprint>
			<biblScope unit="volume">115</biblScope>
			<biblScope unit="page" from="43" to="62" />
			<date type="published" when="1993" />
		</imprint>
	</monogr>
</biblStruct>

<biblStruct >
	<monogr>
		<title level="m" type="main">Parsing with tree descriptions: a constraint-based approach. NLULP 1999 (Natural Language Understanding and Logic Programming)</title>
		<author>
			<persName xmlns="http://www.tei-c.org/ns/1.0"><forename type="first">D</forename><surname>Duchier</surname></persName>
		</author>
		<author>
			<persName xmlns="http://www.tei-c.org/ns/1.0"><forename type="first">S</forename><surname>Thater</surname></persName>
		</author>
		<imprint>
			<date type="published" when="1999" />
			<pubPlace>Las Cruces, NM</pubPlace>
		</imprint>
	</monogr>
</biblStruct>

<biblStruct >
	<analytic>
		<title level="a" type="main">Some Remarks on the Geometry of Grammar</title>
		<author>
			<persName xmlns="http://www.tei-c.org/ns/1.0"><forename type="first">M</forename><surname>Dymetman</surname></persName>
		</author>
	</analytic>
	<monogr>
		<title level="m">Proceedings of MOL&apos;6 (6th Meeting on the Mathematics of Language)</title>
		<meeting>MOL&apos;6 (6th Meeting on the Mathematics of Language)<address><addrLine>Orlando, FA</addrLine></address></meeting>
		<imprint>
			<date type="published" when="1999" />
		</imprint>
	</monogr>
</biblStruct>

<biblStruct >
	<analytic>
		<title level="a" type="main">Linear logic</title>
		<author>
			<persName xmlns="http://www.tei-c.org/ns/1.0"><forename type="first">J.-Y</forename><surname>Girard</surname></persName>
		</author>
	</analytic>
	<monogr>
		<title level="j">Theoretical Computer Sciences</title>
		<imprint>
			<biblScope unit="volume">50</biblScope>
			<biblScope unit="issue">1</biblScope>
			<biblScope unit="page" from="1" to="102" />
			<date type="published" when="1987" />
		</imprint>
	</monogr>
</biblStruct>

<biblStruct >
	<analytic>
		<title level="a" type="main">Meaning-Text Unification Grammar: modularity and polarization</title>
		<author>
			<persName xmlns="http://www.tei-c.org/ns/1.0"><forename type="first">S</forename><surname>Kahane</surname></persName>
		</author>
		<author>
			<persName xmlns="http://www.tei-c.org/ns/1.0"><forename type="first">F</forename><surname>Lareau</surname></persName>
		</author>
	</analytic>
	<monogr>
		<title level="m">Second International Conference on Meaning-Text Theory</title>
		<meeting><address><addrLine>Moscow</addrLine></address></meeting>
		<imprint>
			<date type="published" when="2005" />
			<biblScope unit="page" from="197" to="206" />
		</imprint>
	</monogr>
</biblStruct>

<biblStruct >
	<analytic>
		<title level="a" type="main">Long-distance dependencies, constituent structure, and functional uncertainty</title>
		<author>
			<persName xmlns="http://www.tei-c.org/ns/1.0"><forename type="first">R</forename><forename type="middle">M</forename><surname>Kaplan</surname></persName>
		</author>
		<author>
			<persName xmlns="http://www.tei-c.org/ns/1.0"><forename type="first">A</forename><surname>Zaenen</surname></persName>
		</author>
	</analytic>
	<monogr>
		<title level="m">Alternative Conceptions of Phrase Structure</title>
		<editor>M. Baltin &amp; A. Kroch</editor>
		<imprint>
			<publisher>Chicago Univ. Press</publisher>
			<date type="published" when="1989" />
			<biblScope unit="page" from="17" to="42" />
		</imprint>
	</monogr>
</biblStruct>

<biblStruct >
	<analytic>
		<title level="a" type="main">Graph properties of HPSG feature structures</title>
		<author>
			<persName xmlns="http://www.tei-c.org/ns/1.0"><forename type="first">S</forename><surname>Kepser</surname></persName>
		</author>
		<author>
			<persName xmlns="http://www.tei-c.org/ns/1.0"><forename type="first">U</forename><surname>Mönnich</surname></persName>
		</author>
	</analytic>
	<monogr>
		<title level="m">Proceedings of Formal Grammar</title>
		<meeting>Formal Grammar<address><addrLine>Vienna, Austria</addrLine></address></meeting>
		<imprint>
			<date type="published" when="2003" />
			<biblScope unit="page" from="115" to="124" />
		</imprint>
	</monogr>
</biblStruct>

<biblStruct >
	<analytic>
		<title level="a" type="main">A formalism and a parser for lexicalised dependency grammars</title>
		<author>
			<persName xmlns="http://www.tei-c.org/ns/1.0"><forename type="first">A</forename><surname>Nasr</surname></persName>
		</author>
	</analytic>
	<monogr>
		<title level="m">Proceedings of the 4th</title>
		<meeting>the 4th</meeting>
		<imprint>
			<date type="published" when="1995" />
		</imprint>
	</monogr>
</biblStruct>

<biblStruct >
	<monogr>
				<author>
			<persName xmlns="http://www.tei-c.org/ns/1.0"><surname>Int</surname></persName>
		</author>
		<title level="m">Workshop on Parsing Tecnologies, State Univ</title>
		<imprint>
			<publisher>of NY Press</publisher>
		</imprint>
	</monogr>
</biblStruct>

<biblStruct >
	<analytic>
		<title level="a" type="main">Interaction Grammars</title>
		<author>
			<persName xmlns="http://www.tei-c.org/ns/1.0"><forename type="first">G</forename><surname>Perrier</surname></persName>
		</author>
	</analytic>
	<monogr>
		<title level="m">Proceedings of CoLing, Sarrebrücken</title>
		<meeting>CoLing, Sarrebrücken</meeting>
		<imprint>
			<date type="published" when="2000" />
			<biblScope unit="volume">7</biblScope>
		</imprint>
	</monogr>
</biblStruct>

<biblStruct >
	<analytic>
		<title level="a" type="main">Synchronous treeadjoining grammars</title>
		<author>
			<persName xmlns="http://www.tei-c.org/ns/1.0"><forename type="first">S</forename><forename type="middle">M</forename><surname>Shieber</surname></persName>
		</author>
		<author>
			<persName xmlns="http://www.tei-c.org/ns/1.0"><forename type="first">Y</forename><surname>Schabes</surname></persName>
		</author>
	</analytic>
	<monogr>
		<title level="m">Proceedings of CoLing</title>
		<meeting>CoLing<address><addrLine>Helsinki, Finland</addrLine></address></meeting>
		<imprint>
			<date type="published" when="1990" />
			<biblScope unit="volume">3</biblScope>
			<biblScope unit="page" from="253" to="258" />
		</imprint>
	</monogr>
</biblStruct>

<biblStruct >
	<analytic>
		<title level="a" type="main">Comment construire une syntaxe</title>
		<author>
			<persName xmlns="http://www.tei-c.org/ns/1.0"><forename type="first">L</forename><surname>Tesnière</surname></persName>
		</author>
	</analytic>
	<monogr>
		<title level="j">Bulletin de la Faculté des Lettres de Strasbourg</title>
		<imprint>
			<biblScope unit="volume">7</biblScope>
			<biblScope unit="page" from="219" to="229" />
			<date type="published" when="1934" />
		</imprint>
	</monogr>
</biblStruct>

<biblStruct >
	<analytic>
		<title level="a" type="main">On some lemmas in the theory of groups</title>
		<author>
			<persName xmlns="http://www.tei-c.org/ns/1.0"><forename type="first">E</forename><surname>Van Kampen</surname></persName>
		</author>
	</analytic>
	<monogr>
		<title level="j">American Journal of Mathematics</title>
		<imprint>
			<biblScope unit="volume">55</biblScope>
			<biblScope unit="page" from="268" to="73" />
			<date type="published" when="1933" />
		</imprint>
	</monogr>
</biblStruct>

<biblStruct >
	<analytic>
		<title level="a" type="main">Using description of trees in a Tree Adjoining Grammar</title>
		<author>
			<persName xmlns="http://www.tei-c.org/ns/1.0"><forename type="first">K</forename><surname>Vijay-Shanker</surname></persName>
		</author>
	</analytic>
	<monogr>
		<title level="j">Computational Linguistics</title>
		<imprint>
			<biblScope unit="volume">18</biblScope>
			<biblScope unit="issue">4</biblScope>
			<biblScope unit="page" from="481" to="517" />
			<date type="published" when="1992" />
		</imprint>
	</monogr>
</biblStruct>

			</listBibl>
		</back>
	</text>
</TEI>
