<?xml version="1.0" ?>
<TEI xmlns="http://www.tei-c.org/ns/1.0" xmlns:xlink="http://www.w3.org/1999/xlink" 
 xmlns:mml="http://www.w3.org/1998/Math/MathML">
	<teiHeader>
		<fileDesc xml:id="f_2770"/>
	</teiHeader>
	<text>
		<front/>
		<body/>
		<back>
			<listBibl>
<biblStruct >
	<analytic>
		<title level="a" type="main">Supertagging: an approach to almost parsing</title>
		<author>
			<persName xmlns="http://www.tei-c.org/ns/1.0"><forename type="first">S</forename><surname>Bangalore</surname></persName>
		</author>
		<author>
			<persName xmlns="http://www.tei-c.org/ns/1.0"><forename type="first">A</forename><forename type="middle">K</forename><surname>Joshi</surname></persName>
		</author>
	</analytic>
	<monogr>
		<title level="j">Computational Linguistics</title>
		<imprint>
			<biblScope unit="volume">25</biblScope>
			<biblScope unit="issue">2</biblScope>
			<biblScope unit="page" from="237" to="266" />
			<date type="published" when="1999" />
		</imprint>
	</monogr>
</biblStruct>

<biblStruct >
	<analytic>
		<title level="a" type="main">Empty categories access their antecedents during comprehension</title>
		<author>
			<persName xmlns="http://www.tei-c.org/ns/1.0"><forename type="first">G</forename><surname>Bever</surname></persName>
		</author>
		<author>
			<persName xmlns="http://www.tei-c.org/ns/1.0"><forename type="first">B</forename><surname>Mcelree</surname></persName>
		</author>
	</analytic>
	<monogr>
		<title level="j">Linguistic Inquiry</title>
		<imprint>
			<biblScope unit="volume">19</biblScope>
			<biblScope unit="page" from="35" to="43" />
			<date type="published" when="1988" />
		</imprint>
	</monogr>
</biblStruct>

<biblStruct >
	<monogr>
		<title level="m" type="main">Users Guide for the British National Corpus. British National Corpus Consortium</title>
		<author>
			<persName xmlns="http://www.tei-c.org/ns/1.0"><forename type="first">L</forename><surname>Burnard</surname></persName>
		</author>
		<imprint>
			<date type="published" when="1995" />
		</imprint>
		<respStmt>
			<orgName>Oxford University Computing Service</orgName>
		</respStmt>
	</monogr>
</biblStruct>

<biblStruct >
	<monogr>
		<title level="m" type="main">The Modular Statistical Hypothesis: Exploring Lexical Category Ambiguity. Architectures and Mechanisms for Language Processing</title>
		<author>
			<persName xmlns="http://www.tei-c.org/ns/1.0"><forename type="first">S</forename><surname>Corley</surname></persName>
		</author>
		<author>
			<persName xmlns="http://www.tei-c.org/ns/1.0"><forename type="first">M</forename><surname>Crocker</surname></persName>
		</author>
		<editor>M. Crocker, M. Pickering. and C. Charles</editor>
		<imprint>
			<date type="published" when="2000" />
			<publisher>Cambridge University Press</publisher>
		</imprint>
	</monogr>
</biblStruct>

<biblStruct >
	<monogr>
		<title level="m" type="main">Wide-coverage probabilistic sentence processing</title>
		<author>
			<persName xmlns="http://www.tei-c.org/ns/1.0"><forename type="first">W</forename><forename type="middle">C</forename><surname>Crocker</surname></persName>
		</author>
		<author>
			<persName xmlns="http://www.tei-c.org/ns/1.0"><forename type="first">T</forename><surname>Brants</surname></persName>
		</author>
		<imprint>
			<date type="published" when="2000" />
		</imprint>
	</monogr>
</biblStruct>

<biblStruct >
	<analytic>
		<title level="a" type="main">The independence of syntactic processing</title>
		<author>
			<persName xmlns="http://www.tei-c.org/ns/1.0"><forename type="first">F</forename><surname>Ferreira</surname></persName>
		</author>
		<author>
			<persName xmlns="http://www.tei-c.org/ns/1.0"><forename type="first">C</forename><surname>Clifton</surname></persName>
		</author>
	</analytic>
	<monogr>
		<title level="j">Journal of Memory and Language</title>
		<imprint>
			<biblScope unit="volume">25</biblScope>
			<biblScope unit="page" from="348" to="368" />
			<date type="published" when="1986" />
		</imprint>
	</monogr>
</biblStruct>

<biblStruct >
	<analytic>
		<title level="a" type="main">Use of verb information in syntactic parsing: Evidence from eye movements and word-by-word self-paced reading</title>
		<author>
			<persName xmlns="http://www.tei-c.org/ns/1.0"><forename type="first">F</forename><surname>Ferreira</surname></persName>
		</author>
		<author>
			<persName xmlns="http://www.tei-c.org/ns/1.0"><forename type="first">J</forename><surname>Henderson</surname></persName>
		</author>
	</analytic>
	<monogr>
		<title level="j">Journal of Experimental Psychology</title>
		<imprint>
			<biblScope unit="volume">16</biblScope>
			<biblScope unit="page" from="555" to="568" />
			<date type="published" when="1986" />
		</imprint>
	</monogr>
</biblStruct>

<biblStruct >
	<analytic>
		<title level="a" type="main">On comprehending sentences: Syntactic parsing strategies</title>
		<author>
			<persName xmlns="http://www.tei-c.org/ns/1.0"><forename type="first">L</forename><surname>Frazier</surname></persName>
		</author>
	</analytic>
	<monogr>
		<title level="m">University of Massachusetts</title>
		<meeting><address><addrLine>Amherst, MA</addrLine></address></meeting>
		<imprint>
			<date type="published" when="1978" />
		</imprint>
	</monogr>
<note type="report_type">Ph.D. dissertation</note>
</biblStruct>

<biblStruct >
	<monogr>
		<title/>
		<author>
			<persName xmlns="http://www.tei-c.org/ns/1.0"><forename type="first">L</forename><surname>Frazier</surname></persName>
		</author>
		<author>
			<persName xmlns="http://www.tei-c.org/ns/1.0"><forename type="first">C</forename><surname>Clifton</surname></persName>
		</author>
		<imprint>
			<date type="published" when="1996" />
			<publisher>MIT Press</publisher>
			<pubPlace>Cambridge, MA</pubPlace>
		</imprint>
	</monogr>
</biblStruct>

<biblStruct >
	<analytic>
		<title level="a" type="main">Making and correcting errors during sentence comprehension: Eye movements in the analysis of structurally ambiguous sentences</title>
		<author>
			<persName xmlns="http://www.tei-c.org/ns/1.0"><forename type="first">L</forename><surname>Frazier</surname></persName>
		</author>
		<author>
			<persName xmlns="http://www.tei-c.org/ns/1.0"><forename type="first">K</forename><surname>Rayner</surname></persName>
		</author>
	</analytic>
	<monogr>
		<title level="j">Cognitive Psychology</title>
		<imprint>
			<biblScope unit="volume">14</biblScope>
			<biblScope unit="page" from="178" to="210" />
			<date type="published" when="1982" />
		</imprint>
	</monogr>
</biblStruct>

<biblStruct >
	<analytic>
		<title level="a" type="main">A probabilistic earley parser as a psycholinguistic model</title>
		<author>
			<persName xmlns="http://www.tei-c.org/ns/1.0"><forename type="first">J</forename><surname>Hale</surname></persName>
		</author>
	</analytic>
	<monogr>
		<title level="m">Proceedings of NAACL2001</title>
		<meeting>NAACL2001</meeting>
		<imprint>
			<date type="published" when="2001" />
		</imprint>
	</monogr>
</biblStruct>

<biblStruct >
	<analytic>
		<title level="a" type="main">Eye fixation patterns during the reading of relative clause sentences</title>
		<author>
			<persName xmlns="http://www.tei-c.org/ns/1.0"><forename type="first">M</forename><surname>Homes</surname></persName>
		</author>
		<author>
			<persName xmlns="http://www.tei-c.org/ns/1.0"><forename type="first">J</forename><surname>O&amp;apos;regan</surname></persName>
		</author>
		<author>
			<persName xmlns="http://www.tei-c.org/ns/1.0"><forename type="first">K</forename><forename type="middle">G</forename><surname>Evensen</surname></persName>
		</author>
	</analytic>
	<monogr>
		<title level="j">Journal of Verbal Learning and Verbal Behavior</title>
		<imprint>
			<biblScope unit="volume">20</biblScope>
			<biblScope unit="page" from="417" to="430" />
			<date type="published" when="1981" />
		</imprint>
	</monogr>
</biblStruct>

<biblStruct >
	<analytic>
		<title level="a" type="main">Disambiguation of super parts of speech (or supertags): almost parsing</title>
		<author>
			<persName xmlns="http://www.tei-c.org/ns/1.0"><forename type="first">A</forename><forename type="middle">K</forename><surname>Joshi</surname></persName>
		</author>
		<author>
			<persName xmlns="http://www.tei-c.org/ns/1.0"><forename type="first">B</forename><surname>Srinivas</surname></persName>
		</author>
	</analytic>
	<monogr>
		<title level="m">The Proceedings of the 15th International Confer-ence on Computational Lingusitics (COLING ′ 94)</title>
		<imprint>
			<date type="published" when="1994" />
			<biblScope unit="page" from="154" to="160" />
		</imprint>
	</monogr>
</biblStruct>

<biblStruct >
	<analytic>
		<title level="a" type="main">A constraintbased lexicalist account of the subject-object attachment preference</title>
		<author>
			<persName xmlns="http://www.tei-c.org/ns/1.0"><forename type="first">C</forename><surname>Juliano</surname></persName>
		</author>
		<author>
			<persName xmlns="http://www.tei-c.org/ns/1.0"><forename type="first">M</forename><forename type="middle">K</forename><surname>Tanenhaus</surname></persName>
		</author>
	</analytic>
	<monogr>
		<title level="j">Journal of Psycholinguistic Research</title>
		<imprint>
			<biblScope unit="volume">23</biblScope>
			<biblScope unit="page" from="459" to="471" />
			<date type="published" when="1994" />
		</imprint>
	</monogr>
</biblStruct>

<biblStruct >
	<analytic>
		<title level="a" type="main">A probabilistic model of lexical and syntactic access and disambiguation</title>
		<author>
			<persName xmlns="http://www.tei-c.org/ns/1.0"><forename type="first">D</forename><surname>Jurafsky</surname></persName>
		</author>
	</analytic>
	<monogr>
		<title level="j">Cognitive Science</title>
		<imprint>
			<biblScope unit="volume">20</biblScope>
			<biblScope unit="page" from="137" to="194" />
			<date type="published" when="1996" />
		</imprint>
	</monogr>
</biblStruct>

<biblStruct >
	<monogr>
		<title level="m" type="main">A computational model of the grammatical aspects of word recognition as supertagging. paola merlo and suzanne stevenson (eds.). The Lexical Basis of Sentence Processing: Formal, computational and experimental issues</title>
		<author>
			<persName xmlns="http://www.tei-c.org/ns/1.0"><forename type="first">A</forename><forename type="middle">E</forename><surname>Kim</surname></persName>
		</author>
		<author>
			<persName xmlns="http://www.tei-c.org/ns/1.0"><forename type="first">S</forename><surname>Bangalore</surname></persName>
		</author>
		<author>
			<persName xmlns="http://www.tei-c.org/ns/1.0"><forename type="first">J</forename><surname>Trueswell</surname></persName>
		</author>
		<imprint>
			<date type="published" when="2002" />
			<biblScope unit="page" from="109" to="135" />
		</imprint>
		<respStmt>
			<orgName>University of Geneva University of Toronto</orgName>
		</respStmt>
	</monogr>
</biblStruct>

<biblStruct >
	<analytic>
		<title level="a" type="main">Individual differences in syntactic processing: The role of working memory</title>
		<author>
			<persName xmlns="http://www.tei-c.org/ns/1.0"><forename type="first">J</forename><surname>King</surname></persName>
		</author>
		<author>
			<persName xmlns="http://www.tei-c.org/ns/1.0"><forename type="first">M</forename><forename type="middle">A</forename><surname>Just</surname></persName>
		</author>
	</analytic>
	<monogr>
		<title level="j">Journal of Memory and Language</title>
		<imprint>
			<biblScope unit="volume">30</biblScope>
			<biblScope unit="page" from="580" to="602" />
			<date type="published" when="1991" />
		</imprint>
	</monogr>
</biblStruct>

<biblStruct >
	<monogr>
		<title level="m" type="main">Basic syntactic processes. Language acquisition; Syntax and semantics</title>
		<author>
			<persName xmlns="http://www.tei-c.org/ns/1.0"><forename type="first">B</forename><surname>Macwhinney</surname></persName>
		</author>
		<editor>S. Kuczaj</editor>
		<imprint>
			<date type="published" when="1982" />
			<biblScope unit="volume">1</biblScope>
			<biblScope unit="page" from="73" to="136" />
		</imprint>
	</monogr>
</biblStruct>

<biblStruct >
	<analytic>
		<title level="a" type="main">The influence of animacy on relative clause processing</title>
		<author>
			<persName xmlns="http://www.tei-c.org/ns/1.0"><forename type="first">M</forename><surname>Mak</surname></persName>
		</author>
		<author>
			<persName xmlns="http://www.tei-c.org/ns/1.0"><forename type="first">W</forename><surname>Vonk</surname></persName>
		</author>
		<author>
			<persName xmlns="http://www.tei-c.org/ns/1.0"><forename type="first">H</forename><surname>Schriefers</surname></persName>
		</author>
	</analytic>
	<monogr>
		<title level="j">Journal of Memory and Language</title>
		<imprint>
			<biblScope unit="volume">47</biblScope>
			<biblScope unit="page" from="50" to="68" />
			<date type="published" when="2002" />
		</imprint>
	</monogr>
</biblStruct>

<biblStruct >
	<monogr>
				<author>
			<persName xmlns="http://www.tei-c.org/ns/1.0"><forename type="first">D</forename><surname>Manning</surname></persName>
		</author>
		<author>
			<persName xmlns="http://www.tei-c.org/ns/1.0"><forename type="first">H</forename><surname>Schütze</surname></persName>
		</author>
		<title level="m">Foundations of Statistical Natural Language Processing</title>
		<meeting><address><addrLine>Cambridge, Massachusetts</addrLine></address></meeting>
		<imprint>
			<publisher>The MIT Press</publisher>
			<date type="published" when="1999" />
		</imprint>
	</monogr>
</biblStruct>

<biblStruct >
	<analytic>
		<title level="a" type="main">A bayesian model predicts human parse preference and reading times in sentence processing</title>
		<author>
			<persName xmlns="http://www.tei-c.org/ns/1.0"><forename type="first">S</forename><surname>Narayanan</surname></persName>
		</author>
	</analytic>
	<monogr>
		<title level="m">Proceedings of Advances in Neural Information Processing Systems</title>
		<meeting>Advances in Neural Information Processing Systems</meeting>
		<imprint>
			<date type="published" when="2002" />
		</imprint>
	</monogr>
</biblStruct>

<biblStruct >
	<analytic>
		<title level="a" type="main">Probabilistic top-down parsing and language modeling</title>
		<author>
			<persName xmlns="http://www.tei-c.org/ns/1.0"><forename type="first">B</forename><surname>Roark</surname></persName>
		</author>
	</analytic>
	<monogr>
		<title level="j">Computational Linguistics</title>
		<imprint>
			<biblScope unit="volume">27</biblScope>
			<biblScope unit="issue">2</biblScope>
			<biblScope unit="page" from="249" to="276" />
			<date type="published" when="2001" />
		</imprint>
	</monogr>
</biblStruct>

<biblStruct >
	<analytic>
		<title level="a" type="main">Processing subject and object relative clauses: evidence from eye movements</title>
		<author>
			<persName xmlns="http://www.tei-c.org/ns/1.0"><forename type="first">M</forename><forename type="middle">J</forename><surname>Traxler</surname></persName>
		</author>
		<author>
			<persName xmlns="http://www.tei-c.org/ns/1.0"><forename type="first">R</forename><forename type="middle">K</forename><surname>Morris</surname></persName>
		</author>
		<author>
			<persName xmlns="http://www.tei-c.org/ns/1.0"><forename type="first">R</forename><forename type="middle">E</forename><surname>Seely</surname></persName>
		</author>
	</analytic>
	<monogr>
		<title level="j">Journal of Memory and Language</title>
		<imprint>
			<biblScope unit="volume">47</biblScope>
			<biblScope unit="page" from="69" to="90" />
			<date type="published" when="2002" />
		</imprint>
	</monogr>
</biblStruct>

<biblStruct >
	<analytic>
		<title level="a" type="main">The role of lexical frequency in syntactic ambiguity resolution</title>
		<author>
			<persName xmlns="http://www.tei-c.org/ns/1.0"><forename type="first">J</forename><forename type="middle">C</forename><surname>Trueswell</surname></persName>
		</author>
	</analytic>
	<monogr>
		<title level="j">Journal of Memory and Language</title>
		<imprint>
			<biblScope unit="volume">35</biblScope>
			<biblScope unit="page" from="556" to="585" />
			<date type="published" when="1996" />
		</imprint>
	</monogr>
</biblStruct>

<biblStruct >
	<analytic>
		<title level="a" type="main">Error bounds for convolution codes and an asymptotically optimal decoding algorithm</title>
		<author>
			<persName xmlns="http://www.tei-c.org/ns/1.0"><forename type="first">A</forename><surname>Viterbi</surname></persName>
		</author>
	</analytic>
	<monogr>
		<title level="j">IEEE Transactions of Information Theory</title>
		<imprint>
			<biblScope unit="volume">13</biblScope>
			<biblScope unit="page" from="260" to="269" />
			<date type="published" when="1967" />
		</imprint>
	</monogr>
</biblStruct>

			</listBibl>
		</back>
	</text>
</TEI>
