<?xml version="1.0" ?>
<TEI xmlns="http://www.tei-c.org/ns/1.0" xmlns:xlink="http://www.w3.org/1999/xlink" 
 xmlns:mml="http://www.w3.org/1998/Math/MathML">
	<teiHeader>
		<fileDesc xml:id="f_2302"/>
	</teiHeader>
	<text>
		<front/>
		<body/>
		<back>
			<listBibl>
<biblStruct >
	<analytic>
		<title level="a" type="main">Word sense disambiguation using conceptual density</title>
		<author>
			<persName xmlns="http://www.tei-c.org/ns/1.0"><forename type="first">Eneko</forename><surname>Agirre</surname></persName>
		</author>
		<author>
			<persName xmlns="http://www.tei-c.org/ns/1.0"><forename type="first">German</forename><surname>Rigau</surname></persName>
		</author>
	</analytic>
	<monogr>
		<title level="m">Proceedings of the ESSLLI &apos;96</title>
		<meeting>the ESSLLI &apos;96<address><addrLine>Copenhagen, Denmark. References S. Abney</addrLine></address></meeting>
		<imprint>
			<date type="published" when="1996" />
		</imprint>
	</monogr>
	<note>Proc. of COLING. Robust Parsin public</note>
</biblStruct>

<biblStruct >
	<analytic>
		<title level="a" type="main">Learning and Natural Language Processing: A Case Study in Part of Speech Tagging</title>
		<author>
			<persName xmlns="http://www.tei-c.org/ns/1.0"><forename type="first">E</forename><surname>Brill</surname></persName>
		</author>
	</analytic>
	<monogr>
		<title level="j">Computational Linguistics</title>
		<imprint>
			<biblScope unit="volume">21</biblScope>
			<biblScope unit="issue">4</biblScope>
			<biblScope unit="page" from="543" to="565" />
			<date type="published" when="1995" />
		</imprint>
	</monogr>
</biblStruct>

<biblStruct >
	<analytic>
		<title level="a" type="main">Mover: A machine learning tool to assist in the reading and writing of technical papers</title>
		<author>
			<persName xmlns="http://www.tei-c.org/ns/1.0"><forename type="first">References</forename><surname>Anthony</surname></persName>
		</author>
		<author>
			<persName xmlns="http://www.tei-c.org/ns/1.0"><forename type="first">L</forename><surname>Lashkia</surname></persName>
		</author>
		<author>
			<persName xmlns="http://www.tei-c.org/ns/1.0"><forename type="first">G</forename><forename type="middle">V</forename></persName>
		</author>
	</analytic>
	<monogr>
		<title level="j">IEEE Trans. Prof. Communication</title>
		<imprint>
			<biblScope unit="page" from="46185" to="193" />
			<date type="published" when="2003" />
		</imprint>
	</monogr>
</biblStruct>

<biblStruct >
	<analytic>
		<title level="a" type="main">American national standard for writing abstracts</title>
	</analytic>
	<monogr>
		<title level="j">ANSI</title>
		<imprint>
			<biblScope unit="volume">39</biblScope>
			<biblScope unit="page" from="14" to="1979" />
			<date type="published" when="1979" />
			<publisher>Author</publisher>
		</imprint>
	</monogr>
	<note>American National Standards Institute</note>
</biblStruct>

<biblStruct >
	<monogr>
		<title level="m" type="main">TANGO: Bilingual Collocational Concordancer, Post &amp; demo in ACL</title>
		<author>
			<persName xmlns="http://www.tei-c.org/ns/1.0"><forename type="first">J</forename><forename type="middle">Y</forename><surname>Jian</surname></persName>
		</author>
		<author>
			<persName xmlns="http://www.tei-c.org/ns/1.0"><forename type="first">Y</forename><forename type="middle">C</forename><surname>Chang</surname></persName>
		</author>
		<author>
			<persName xmlns="http://www.tei-c.org/ns/1.0"><forename type="first">Chang</forename></persName>
		</author>
		<author>
			<persName xmlns="http://www.tei-c.org/ns/1.0"><forename type="first">J</forename><forename type="middle">S</forename></persName>
		</author>
		<imprint>
			<date type="published" when="2004" />
			<pubPlace>Barcelona</pubPlace>
		</imprint>
	</monogr>
</biblStruct>

<biblStruct >
	<monogr>
		<title level="m" type="main">A text-type and move analysis study of verb tense and modality distribution in medical English abstracts</title>
		<author>
			<persName xmlns="http://www.tei-c.org/ns/1.0"><forename type="first">F</forename><forename type="middle">S</forename><surname>Salager-Meyer</surname></persName>
		</author>
		<imprint>
			<date type="published" when="1992" />
			<publisher>English for Specific Purposes</publisher>
			<biblScope unit="volume">11</biblScope>
			<biblScope unit="page" from="93" to="113" />
		</imprint>
	</monogr>
</biblStruct>

<biblStruct >
	<monogr>
		<title level="m" type="main">Aspects of article introductions</title>
		<author>
			<persName xmlns="http://www.tei-c.org/ns/1.0"><forename type="first">J</forename><forename type="middle">M</forename><surname>Swales</surname></persName>
		</author>
		<imprint>
			<date type="published" when="1981" />
			<pubPlace>Birmingham, UK</pubPlace>
		</imprint>
		<respStmt>
			<orgName>The University of Aston, Language Studies Unit</orgName>
		</respStmt>
	</monogr>
</biblStruct>

<biblStruct >
	<analytic>
		<title level="a" type="main">Lexrank: Graph-based centrality as salience in text summarization</title>
		<author>
			<persName xmlns="http://www.tei-c.org/ns/1.0"><forename type="first">J</forename><forename type="middle">M</forename><surname>Swales</surname></persName>
		</author>
	</analytic>
	<monogr>
		<title level="j">Cambridge University Press References GünesGünes¸Günes¸Erkan and Dragomir R. Radev</title>
		<imprint>
			<date type="published" when="1990" />
			<publisher>JAIR</publisher>
		</imprint>
	</monogr>
	<note>Journal of Artificial Intelligence Research</note>
</biblStruct>

<biblStruct >
	<analytic>
		<title level="a" type="main">Transductive inference for text classification using support vector machines</title>
		<author>
			<persName xmlns="http://www.tei-c.org/ns/1.0"><forename type="first">Thorsten</forename><forename type="middle">Joachims</forename></persName>
		</author>
	</analytic>
	<monogr>
		<title level="m">ICML &apos;99</title>
		<imprint>
			<date type="published" when="1999" />
		</imprint>
	</monogr>
</biblStruct>

<biblStruct >
	<monogr>
		<title level="m" type="main">Weakly supervised graphbased methods for classification</title>
		<author>
			<persName xmlns="http://www.tei-c.org/ns/1.0"><forename type="first">Dragomir</forename><surname>Radev</surname></persName>
		</author>
		<idno>CSE-TR-500-04</idno>
		<imprint>
			<date type="published" when="2004" />
		</imprint>
		<respStmt>
			<orgName>University of Michigan</orgName>
		</respStmt>
	</monogr>
<note type="report_type">Technical Report</note>
</biblStruct>

<biblStruct >
	<analytic>
		<title level="a" type="main">Partially labeled classification with Markov random walks</title>
		<author>
			<persName xmlns="http://www.tei-c.org/ns/1.0"><forename type="first">Martin</forename><surname>Szummer</surname></persName>
		</author>
		<author>
			<persName xmlns="http://www.tei-c.org/ns/1.0"><forename type="first">Tommi</forename><surname>Jaakkola</surname></persName>
		</author>
	</analytic>
	<monogr>
		<title level="m">NIPS &apos;01</title>
		<imprint>
			<date type="published" when="2001" />
			<biblScope unit="volume">14</biblScope>
		</imprint>
	</monogr>
</biblStruct>

<biblStruct >
	<analytic>
		<title level="a" type="main">Learning random walk models for inducing word dependency distributions</title>
		<author>
			<persName xmlns="http://www.tei-c.org/ns/1.0"><forename type="first">Kristina</forename><surname>Toutanova</surname></persName>
		</author>
		<author>
			<persName xmlns="http://www.tei-c.org/ns/1.0"><forename type="first">Christopher</forename><forename type="middle">D</forename><surname>Manning</surname></persName>
		</author>
		<author>
			<persName xmlns="http://www.tei-c.org/ns/1.0"><forename type="first">Andrew</forename><forename type="middle">Y</forename><surname>Ng</surname></persName>
		</author>
	</analytic>
	<monogr>
		<title level="m">ICML &apos;04</title>
		<meeting><address><addrLine>New York, New York, USA</addrLine></address></meeting>
		<imprint>
			<publisher>ACM Press</publisher>
			<date type="published" when="2004" />
		</imprint>
	</monogr>
</biblStruct>

<biblStruct >
	<monogr>
		<title level="m" type="main">Statistical Learning Theory</title>
		<author>
			<persName xmlns="http://www.tei-c.org/ns/1.0"><forename type="first">N</forename><surname>Vladimir</surname></persName>
		</author>
		<author>
			<persName xmlns="http://www.tei-c.org/ns/1.0"><surname>Vapnik</surname></persName>
		</author>
		<imprint>
			<date type="published" when="1998" />
			<publisher>Wiley-Interscience</publisher>
		</imprint>
	</monogr>
</biblStruct>

<biblStruct >
	<monogr>
		<title level="m" type="main">Learning from labeled and unlabeled data with label propagation</title>
		<author>
			<persName xmlns="http://www.tei-c.org/ns/1.0"><forename type="first">Xiaojin</forename><surname>Zhu</surname></persName>
		</author>
		<author>
			<persName xmlns="http://www.tei-c.org/ns/1.0"><forename type="first">Zoubin</forename><surname>Ghahramani</surname></persName>
		</author>
		<idno>CMU-CALD-02-107</idno>
		<imprint>
			<date type="published" when="2002" />
		</imprint>
	</monogr>
<note type="report_type">Technical report</note>
</biblStruct>

<biblStruct >
	<monogr>
		<title level="m" type="main">Towards semi-supervised classification with Markov random fields</title>
		<author>
			<persName xmlns="http://www.tei-c.org/ns/1.0"><forename type="first">Xiaojin</forename><surname>Zhu</surname></persName>
		</author>
		<author>
			<persName xmlns="http://www.tei-c.org/ns/1.0"><forename type="first">Zoubin</forename><surname>Ghahramani</surname></persName>
		</author>
		<idno>CMU-CALD-02-106</idno>
		<imprint>
			<date type="published" when="2002" />
		</imprint>
	</monogr>
<note type="report_type">Technical report</note>
</biblStruct>

<biblStruct >
	<analytic>
		<title level="a" type="main">A Framework for Rapid Multimodal Application Design</title>
		<author>
			<persName xmlns="http://www.tei-c.org/ns/1.0"><forename type="first">Pavel</forename><surname>References</surname></persName>
		</author>
		<author>
			<persName xmlns="http://www.tei-c.org/ns/1.0"><forename type="first">Miroslav</forename><surname>Cenek</surname></persName>
		</author>
		<author>
			<persName xmlns="http://www.tei-c.org/ns/1.0"><forename type="first">Martin</forename><surname>Melichar</surname></persName>
		</author>
		<author>
			<persName xmlns="http://www.tei-c.org/ns/1.0"><surname>Rajman</surname></persName>
		</author>
	</analytic>
	<monogr>
		<title level="m">Proceedings of the 8th International Conference on Text, Speech and Dialogue (TSD 2005)</title>
		<meeting>the 8th International Conference on Text, Speech and Dialogue (TSD 2005)<address><addrLine>Karlovy Vary, Czech Republic</addrLine></address></meeting>
		<imprint>
			<publisher>Springer</publisher>
			<date type="published" when="2005-09" />
			<biblScope unit="volume">3658</biblScope>
			<biblScope unit="page" from="12" to="15" />
		</imprint>
	</monogr>
	<note>Václav Matoušek, Pavel Mautner, and Tomáš Pavelka</note>
</biblStruct>

<biblStruct >
	<analytic>
		<title level="a" type="main">Wizard of Oz Studies-Why and How</title>
		<author>
			<persName xmlns="http://www.tei-c.org/ns/1.0"><forename type="first">Nils</forename><surname>Dahlbäck</surname></persName>
		</author>
		<author>
			<persName xmlns="http://www.tei-c.org/ns/1.0"><forename type="first">Arne</forename><surname>Jönsson</surname></persName>
		</author>
		<author>
			<persName xmlns="http://www.tei-c.org/ns/1.0"><forename type="first">Lars</forename><surname>Ahrenberg</surname></persName>
		</author>
	</analytic>
	<monogr>
		<title level="m">International Workshop on Intelligent User Interfaces 1993</title>
		<editor>Dianne Murray Wayne D. Gray, William Hefley</editor>
		<imprint>
			<publisher>ACM Press</publisher>
			<date type="published" when="1993" />
			<biblScope unit="page" from="193" to="200" />
		</imprint>
	</monogr>
</biblStruct>

<biblStruct >
	<analytic>
		<title level="a" type="main">ARCHIVUS: A System for Accessing the Content of Recorded Multimodal Meetings</title>
		<author>
			<persName xmlns="http://www.tei-c.org/ns/1.0"><forename type="first">Agnes</forename><surname>Lisowska</surname></persName>
		</author>
		<author>
			<persName xmlns="http://www.tei-c.org/ns/1.0"><forename type="first">Martin</forename><surname>Rajman</surname></persName>
		</author>
		<author>
			<persName xmlns="http://www.tei-c.org/ns/1.0"><forename type="first">Trung</forename><forename type="middle">H</forename><surname>Bui</surname></persName>
		</author>
	</analytic>
	<monogr>
		<title level="m">Procedings of the JOINT AMI/PASCAL/IM2/M4</title>
		<meeting>edings of the JOINT AMI/PASCAL/IM2/M4</meeting>
		<imprint>
			<date type="published" when="2004" />
		</imprint>
	</monogr>
</biblStruct>

<biblStruct >
	<analytic>
			</analytic>
	<monogr>
		<title level="m">Workshop on Multimodal Interaction and Related Machine Learning Algorithms</title>
		<editor>Bourlard H. &amp; Bengio S.</editor>
		<meeting><address><addrLine>Berlin., Martigny, Switzerland</addrLine></address></meeting>
		<imprint>
			<publisher>Springer-Verlag</publisher>
			<date type="published" when="2004-06" />
		</imprint>
	</monogr>
</biblStruct>

<biblStruct >
	<monogr>
		<title level="m" type="main">Multimodal interface design for the multimodal meeting domain: Preliminary indications from a query analysis study. Project report IM2.MDM-11</title>
		<author>
			<persName xmlns="http://www.tei-c.org/ns/1.0"><forename type="first">Agnes</forename><surname>Lisowska</surname></persName>
		</author>
		<imprint>
			<date type="published" when="2003-11" />
			<pubPlace>Geneva, Switzerland</pubPlace>
		</imprint>
		<respStmt>
			<orgName>University of Geneva</orgName>
		</respStmt>
	</monogr>
</biblStruct>

<biblStruct >
	<analytic>
		<title level="a" type="main">Applying the wizard of oz technique to the study of multimodal systems</title>
		<author>
			<persName xmlns="http://www.tei-c.org/ns/1.0"><forename type="first">Daniel</forename><surname>Salber</surname></persName>
		</author>
		<author>
			<persName xmlns="http://www.tei-c.org/ns/1.0"><forename type="first">Joëlle</forename><surname>Coutaz</surname></persName>
		</author>
	</analytic>
	<monogr>
		<title level="m">EWHCI &apos;93: Selected papers from the Third International Conference on HumanComputer Interaction</title>
		<meeting><address><addrLine>London, UK</addrLine></address></meeting>
		<imprint>
			<publisher>Springer-Verlag</publisher>
			<date type="published" when="1993" />
			<biblScope unit="page" from="219" to="230" />
		</imprint>
	</monogr>
</biblStruct>

<biblStruct >
	<analytic>
		<title level="a" type="main">Open source machine translation with DELPHIN</title>
		<author>
			<persName xmlns="http://www.tei-c.org/ns/1.0"><forename type="first">References</forename><surname>Bond</surname></persName>
		</author>
		<author>
			<persName xmlns="http://www.tei-c.org/ns/1.0"><forename type="first">F</forename><surname>Oepen</surname></persName>
		</author>
		<author>
			<persName xmlns="http://www.tei-c.org/ns/1.0"><forename type="first">S</forename><surname>Siegel</surname></persName>
		</author>
		<author>
			<persName xmlns="http://www.tei-c.org/ns/1.0"><forename type="first">M</forename><surname>Copestake</surname></persName>
		</author>
		<author>
			<persName xmlns="http://www.tei-c.org/ns/1.0"><forename type="first">A</forename><surname>Flickinger</surname></persName>
		</author>
		<author>
			<persName xmlns="http://www.tei-c.org/ns/1.0"><forename type="first">D</forename></persName>
		</author>
	</analytic>
	<monogr>
		<title level="m">Proceedings of the Open-Source Machine Translation workshop at the 10th Machine Translation Summit</title>
		<meeting>the Open-Source Machine Translation workshop at the 10th Machine Translation Summit<address><addrLine>Phuket, Thailand</addrLine></address></meeting>
		<imprint>
			<date type="published" when="2005" />
			<biblScope unit="page" from="15" to="22" />
		</imprint>
	</monogr>
</biblStruct>

<biblStruct >
	<analytic>
		<title level="a" type="main">An efficient chart generator for (semi-)lexicalist grammars</title>
		<author>
			<persName xmlns="http://www.tei-c.org/ns/1.0"><forename type="first">J</forename><surname>Carroll</surname></persName>
		</author>
		<author>
			<persName xmlns="http://www.tei-c.org/ns/1.0"><forename type="first">A</forename><surname>Copestake</surname></persName>
		</author>
		<author>
			<persName xmlns="http://www.tei-c.org/ns/1.0"><forename type="first">D</forename><surname>Flickinger</surname></persName>
		</author>
		<author>
			<persName xmlns="http://www.tei-c.org/ns/1.0"><forename type="first">V</forename><surname>Poznanski</surname></persName>
		</author>
	</analytic>
	<monogr>
		<title level="m">Proceedings of the 7th European Workshop on Natural Language Generation</title>
		<meeting>the 7th European Workshop on Natural Language Generation<address><addrLine>Toulouse, France</addrLine></address></meeting>
		<imprint>
			<date type="published" when="1999" />
			<biblScope unit="page" from="86" to="95" />
		</imprint>
	</monogr>
</biblStruct>

<biblStruct >
	<analytic>
		<title level="a" type="main">High-efficiency realization for a wide-coverage unification grammar</title>
		<author>
			<persName xmlns="http://www.tei-c.org/ns/1.0"><forename type="first">J</forename><surname>Carroll</surname></persName>
		</author>
		<author>
			<persName xmlns="http://www.tei-c.org/ns/1.0"><forename type="first">S</forename><surname>Oepen</surname></persName>
		</author>
	</analytic>
	<monogr>
		<title level="m">Proceedings of the 2nd International Joint Conference on Natural Language Processing</title>
		<editor>R. Dale &amp; K.-F. Wong</editor>
		<meeting>the 2nd International Joint Conference on Natural Language Processing<address><addrLine>Jeju, Korea</addrLine></address></meeting>
		<imprint>
			<publisher>Springer</publisher>
			<date type="published" when="2005" />
			<biblScope unit="volume">3651</biblScope>
			<biblScope unit="page" from="165" to="176" />
		</imprint>
	</monogr>
</biblStruct>

<biblStruct >
	<analytic>
		<title level="a" type="main">Minimal Recursion Semantics. An introduction. In preparation</title>
		<author>
			<persName xmlns="http://www.tei-c.org/ns/1.0"><forename type="first">A</forename><surname>Copestake</surname></persName>
		</author>
		<author>
			<persName xmlns="http://www.tei-c.org/ns/1.0"><forename type="first">D</forename><surname>Flickinger</surname></persName>
		</author>
		<author>
			<persName xmlns="http://www.tei-c.org/ns/1.0"><forename type="first">I</forename><forename type="middle">A</forename><surname>Sag</surname></persName>
		</author>
		<author>
			<persName xmlns="http://www.tei-c.org/ns/1.0"><forename type="first">C</forename><surname>Pollard</surname></persName>
		</author>
	</analytic>
	<monogr>
		<title level="j">CSLI Stanford</title>
		<imprint>
			<date type="published" when="1999" />
		</imprint>
	</monogr>
</biblStruct>

<biblStruct >
	<analytic>
		<title level="a" type="main">The universality of f-structure. Discovery or stipulation? The case of modals</title>
		<author>
			<persName xmlns="http://www.tei-c.org/ns/1.0"><forename type="first">H</forename><surname>Dyvik</surname></persName>
		</author>
	</analytic>
	<monogr>
		<title level="m">Proceedings of the 4th International Lexical Functional Grammar Conference</title>
		<meeting>the 4th International Lexical Functional Grammar Conference<address><addrLine>Manchester, UK</addrLine></address></meeting>
		<imprint>
			<date type="published" when="1999" />
		</imprint>
	</monogr>
</biblStruct>

<biblStruct >
	<analytic>
		<title level="a" type="main">KUNSTI. Knowledge generation for Norwegian language technology</title>
		<author>
			<persName xmlns="http://www.tei-c.org/ns/1.0"><forename type="first">J.-E</forename><surname>Fenstad</surname></persName>
		</author>
		<author>
			<persName xmlns="http://www.tei-c.org/ns/1.0"><forename type="first">L</forename><surname>Ahrenberg</surname></persName>
		</author>
		<author>
			<persName xmlns="http://www.tei-c.org/ns/1.0"><forename type="first">K</forename><surname>Kvale</surname></persName>
		</author>
		<author>
			<persName xmlns="http://www.tei-c.org/ns/1.0"><forename type="first">B</forename><surname>Maegaard</surname></persName>
		</author>
		<author>
			<persName xmlns="http://www.tei-c.org/ns/1.0"><forename type="first">K</forename><surname>Mühlenbock</surname></persName>
		</author>
		<author>
			<persName xmlns="http://www.tei-c.org/ns/1.0"><forename type="first">B.-E</forename><surname>Heid</surname></persName>
		</author>
	</analytic>
	<monogr>
		<title level="m">Proceedings of the 5th International Conference on Language Resources and Evaluation</title>
		<meeting>the 5th International Conference on Language Resources and Evaluation<address><addrLine>Genoa, Italy</addrLine></address></meeting>
		<imprint>
			<date type="published" when="2006" />
		</imprint>
	</monogr>
</biblStruct>

<biblStruct >
	<analytic>
		<title level="a" type="main">On building a more efficient grammar by exploiting types</title>
		<author>
			<persName xmlns="http://www.tei-c.org/ns/1.0"><forename type="first">D</forename><surname>Flickinger</surname></persName>
		</author>
	</analytic>
	<monogr>
		<title level="j">Natural Language Engineering</title>
		<imprint>
			<biblScope unit="volume">6</biblScope>
			<biblScope unit="issue">1</biblScope>
			<biblScope unit="page" from="15" to="28" />
			<date type="published" when="2000" />
		</imprint>
	</monogr>
</biblStruct>

<biblStruct >
	<analytic>
		<title level="a" type="main">SEM-I rational MT. Enriching deep grammars with a semantic interface for scalable machine translation</title>
		<author>
			<persName xmlns="http://www.tei-c.org/ns/1.0"><forename type="first">D</forename><surname>Flickinger</surname></persName>
		</author>
		<author>
			<persName xmlns="http://www.tei-c.org/ns/1.0"><forename type="first">J</forename><forename type="middle">T</forename><surname>Lønning</surname></persName>
		</author>
		<author>
			<persName xmlns="http://www.tei-c.org/ns/1.0"><forename type="first">H</forename><surname>Dyvik</surname></persName>
		</author>
		<author>
			<persName xmlns="http://www.tei-c.org/ns/1.0"><forename type="first">S</forename><surname>Oepen</surname></persName>
		</author>
		<author>
			<persName xmlns="http://www.tei-c.org/ns/1.0"><forename type="first">F</forename><surname>Bond</surname></persName>
		</author>
	</analytic>
	<monogr>
		<title level="m">Proceedings of the 10th Machine Translation Summit</title>
		<meeting>the 10th Machine Translation Summit<address><addrLine>Phuket, Thailand</addrLine></address></meeting>
		<imprint>
			<date type="published" when="2005" />
			<biblScope unit="page" from="165" to="172" />
		</imprint>
	</monogr>
</biblStruct>

<biblStruct >
	<analytic>
		<title level="a" type="main">Using a bi-lingual dictionary in lexical transfer</title>
		<author>
			<persName xmlns="http://www.tei-c.org/ns/1.0"><forename type="first">T</forename><surname>Nordgård</surname></persName>
		</author>
		<author>
			<persName xmlns="http://www.tei-c.org/ns/1.0"><forename type="first">L</forename><surname>Nygaard</surname></persName>
		</author>
		<author>
			<persName xmlns="http://www.tei-c.org/ns/1.0"><forename type="first">J</forename><forename type="middle">T</forename><surname>Lønning</surname></persName>
		</author>
		<author>
			<persName xmlns="http://www.tei-c.org/ns/1.0"><forename type="first">S</forename><surname>Oepen</surname></persName>
		</author>
	</analytic>
	<monogr>
		<title level="m">Proceedings of the 11th conference of the European Asoociation of Machine Translation</title>
		<meeting>the 11th conference of the European Asoociation of Machine Translation<address><addrLine>Oslo, Norway</addrLine></address></meeting>
		<imprint>
			<date type="published" when="2006" />
		</imprint>
	</monogr>
</biblStruct>

<biblStruct >
	<analytic>
		<title level="a" type="main">Somå Som˚Somå kapp-ete med trollet? Towards MRS-based NorwegianEnglish Machine Translation</title>
		<author>
			<persName xmlns="http://www.tei-c.org/ns/1.0"><forename type="first">S</forename><surname>Oepen</surname></persName>
		</author>
		<author>
			<persName xmlns="http://www.tei-c.org/ns/1.0"><forename type="first">H</forename><surname>Dyvik</surname></persName>
		</author>
		<author>
			<persName xmlns="http://www.tei-c.org/ns/1.0"><forename type="first">J</forename><forename type="middle">T</forename><surname>Lønning</surname></persName>
		</author>
		<author>
			<persName xmlns="http://www.tei-c.org/ns/1.0"><forename type="first">E</forename><surname>Velldal</surname></persName>
		</author>
		<author>
			<persName xmlns="http://www.tei-c.org/ns/1.0"><forename type="first">D</forename><surname>Beermann</surname></persName>
		</author>
		<author>
			<persName xmlns="http://www.tei-c.org/ns/1.0"><forename type="first">J</forename><surname>Carroll</surname></persName>
		</author>
		<author>
			<persName xmlns="http://www.tei-c.org/ns/1.0"><forename type="first">D</forename><surname>Flickinger</surname></persName>
		</author>
		<author>
			<persName xmlns="http://www.tei-c.org/ns/1.0"><forename type="first">L</forename><surname>Hellan</surname></persName>
		</author>
		<author>
			<persName xmlns="http://www.tei-c.org/ns/1.0"><forename type="first">J</forename><forename type="middle">B</forename><surname>Johannessen</surname></persName>
		</author>
		<author>
			<persName xmlns="http://www.tei-c.org/ns/1.0"><forename type="first">P</forename><surname>Meurer</surname></persName>
		</author>
		<author>
			<persName xmlns="http://www.tei-c.org/ns/1.0"><forename type="first">T</forename><surname>Nordgård</surname></persName>
		</author>
		<author>
			<persName xmlns="http://www.tei-c.org/ns/1.0"><forename type="first">V</forename><surname>Rosén</surname></persName>
		</author>
	</analytic>
	<monogr>
		<title level="m">Proceedings of the 10th International Conference on Theoretical and Methodological Issues in Machine Translation</title>
		<meeting>the 10th International Conference on Theoretical and Methodological Issues in Machine Translation<address><addrLine>Baltimore, MD</addrLine></address></meeting>
		<imprint>
			<date type="published" when="2004" />
		</imprint>
	</monogr>
</biblStruct>

<biblStruct >
	<analytic>
		<title level="a" type="main">LinGO Redwoods. A rich and dynamic treebank for HPSG</title>
		<author>
			<persName xmlns="http://www.tei-c.org/ns/1.0"><forename type="first">S</forename><surname>Oepen</surname></persName>
		</author>
		<author>
			<persName xmlns="http://www.tei-c.org/ns/1.0"><forename type="first">D</forename><surname>Flickinger</surname></persName>
		</author>
		<author>
			<persName xmlns="http://www.tei-c.org/ns/1.0"><forename type="first">K</forename><surname>Toutanova</surname></persName>
		</author>
		<author>
			<persName xmlns="http://www.tei-c.org/ns/1.0"><forename type="first">C</forename><forename type="middle">D</forename><surname>Manning</surname></persName>
		</author>
	</analytic>
	<monogr>
		<title level="j">Journal of Research on Language and Computation</title>
		<imprint>
			<biblScope unit="volume">2</biblScope>
			<biblScope unit="issue">4</biblScope>
			<biblScope unit="page" from="575" to="596" />
			<date type="published" when="2004" />
		</imprint>
	</monogr>
</biblStruct>

<biblStruct >
	<analytic>
		<title level="a" type="main">Discriminant-based MRS banking</title>
		<author>
			<persName xmlns="http://www.tei-c.org/ns/1.0"><forename type="first">S</forename><surname>Oepen</surname></persName>
		</author>
		<author>
			<persName xmlns="http://www.tei-c.org/ns/1.0"><forename type="first">J</forename><forename type="middle">T</forename><surname>Lønning</surname></persName>
		</author>
	</analytic>
	<monogr>
		<title level="m">Proceedings of the 5th International Conference on Language Resources and Evaluation</title>
		<meeting>the 5th International Conference on Language Resources and Evaluation<address><addrLine>Genoa, Italy</addrLine></address></meeting>
		<imprint>
			<date type="published" when="2006" />
		</imprint>
	</monogr>
</biblStruct>

<biblStruct >
	<analytic>
		<title level="a" type="main">Parsing the Wall Street Journal using a Lexical-Functional Grammar and discriminative estimation techniques</title>
		<author>
			<persName xmlns="http://www.tei-c.org/ns/1.0"><forename type="first">S</forename><surname>Riezler</surname></persName>
		</author>
		<author>
			<persName xmlns="http://www.tei-c.org/ns/1.0"><forename type="first">T</forename><forename type="middle">H</forename><surname>King</surname></persName>
		</author>
		<author>
			<persName xmlns="http://www.tei-c.org/ns/1.0"><forename type="first">R</forename><forename type="middle">M</forename><surname>Kaplan</surname></persName>
		</author>
		<author>
			<persName xmlns="http://www.tei-c.org/ns/1.0"><forename type="first">R</forename><surname>Crouch</surname></persName>
		</author>
		<author>
			<persName xmlns="http://www.tei-c.org/ns/1.0"><forename type="first">J</forename><forename type="middle">T</forename><surname>Maxwell</surname></persName>
		</author>
		<author>
			<persName xmlns="http://www.tei-c.org/ns/1.0"><forename type="first">M</forename><surname>Johnson</surname></persName>
		</author>
	</analytic>
	<monogr>
		<title level="m">Proceedings of the 40th Meeting of the Association for Computational Linguistics</title>
		<meeting>the 40th Meeting of the Association for Computational Linguistics<address><addrLine>Philadelphia, PA</addrLine></address></meeting>
		<imprint>
			<date type="published" when="2002" />
		</imprint>
	</monogr>
</biblStruct>

<biblStruct >
	<monogr>
		<title/>
		<author>
			<persName xmlns="http://www.tei-c.org/ns/1.0"><forename type="first">V</forename><surname>Rosén</surname></persName>
		</author>
		<author>
			<persName xmlns="http://www.tei-c.org/ns/1.0"><forename type="first">K</forename><forename type="middle">D</forename><surname>Smedt</surname></persName>
		</author>
		<author>
			<persName xmlns="http://www.tei-c.org/ns/1.0"><forename type="first">H</forename><surname>Dyvik</surname></persName>
		</author>
		<author>
			<persName xmlns="http://www.tei-c.org/ns/1.0"><forename type="first">P</forename><surname>Meurer</surname></persName>
		</author>
		<imprint>
			<date type="published" when="2005" />
		</imprint>
	</monogr>
</biblStruct>

<biblStruct >
	<analytic>
		<title level="a" type="main">Developing methods and tools for multilevel treebank construction</title>
		<author>
			<persName xmlns="http://www.tei-c.org/ns/1.0"><surname>Trepil</surname></persName>
		</author>
	</analytic>
	<monogr>
		<title level="m">Proceedings of the 4th Workshop on Treebanks and Linguistic Theories</title>
		<meeting>the 4th Workshop on Treebanks and Linguistic Theories</meeting>
		<imprint>
			<biblScope unit="page" from="161" to="172" />
		</imprint>
	</monogr>
</biblStruct>

<biblStruct >
	<monogr>
		<title/>
		<author>
			<persName xmlns="http://www.tei-c.org/ns/1.0"><forename type="first">Spain</forename><surname>Barcelona</surname></persName>
		</author>
		<imprint/>
	</monogr>
</biblStruct>

<biblStruct >
	<analytic>
		<title level="a" type="main">Maximum entropy models for realization ranking</title>
		<author>
			<persName xmlns="http://www.tei-c.org/ns/1.0"><forename type="first">E</forename><surname>Velldal</surname></persName>
		</author>
		<author>
			<persName xmlns="http://www.tei-c.org/ns/1.0"><forename type="first">S</forename><surname>Oepen</surname></persName>
		</author>
	</analytic>
	<monogr>
		<title level="m">Proceedings of the 10th Machine Translation Summit</title>
		<meeting>the 10th Machine Translation Summit<address><addrLine>Phuket, Thailand</addrLine></address></meeting>
		<imprint>
			<date type="published" when="2005" />
			<biblScope unit="page" from="109" to="116" />
		</imprint>
	</monogr>
</biblStruct>

<biblStruct >
	<analytic>
		<title level="a" type="main">A collaborative problem-solving model of dialogue</title>
		<author>
			<persName xmlns="http://www.tei-c.org/ns/1.0"><forename type="first">W</forename><surname>Wahlster</surname></persName>
		</author>
		<author>
			<persName xmlns="http://www.tei-c.org/ns/1.0"><surname>Baldridge</surname></persName>
		</author>
		<author>
			<persName xmlns="http://www.tei-c.org/ns/1.0"><forename type="first">]</forename><forename type="middle">J M</forename><surname>Kruijff2003</surname></persName>
		</author>
		<author>
			<persName xmlns="http://www.tei-c.org/ns/1.0"><forename type="first">G</forename><forename type="middle">J</forename><surname>Baldridge</surname></persName>
		</author>
	</analytic>
	<monogr>
		<title level="m">Proceedings of the 10th Annual Meeting of the European Chapter of the Association for Computational Linguistics (EACL&apos;03)</title>
		<editor>Laila Dybkjaer and Wolfgang Minker</editor>
		<meeting>the 10th Annual Meeting of the European Chapter of the Association for Computational Linguistics (EACL&apos;03)<address><addrLine>Berlin, Germany; Seattle, Washington; Budapest, Hungary; Lisbon</addrLine></address></meeting>
		<imprint>
			<publisher>Springer</publisher>
			<date type="published" when="2000-08" />
			<biblScope unit="page" from="200" to="211" />
		</imprint>
	</monogr>
	<note>Proceedings of the 6th SIGdial Workshop on Discourse and Dialogue</note>
</biblStruct>

<biblStruct >
	<analytic>
		<title level="a" type="main">Fusion and coordination for multimodal interactive information presentation: Roadmap, architecture, tools, semantics</title>
		<author>
			<persName xmlns="http://www.tei-c.org/ns/1.0"><surname>Bunt</surname></persName>
		</author>
	</analytic>
	<monogr>
		<title level="m">Multimodal Intelligent Information Presentation</title>
		<editor>O. Stock and M. Zancanaro</editor>
		<imprint>
			<publisher>Kluwer Academic</publisher>
			<date type="published" when="2005" />
			<biblScope unit="volume">27</biblScope>
			<biblScope unit="page" from="325" to="340" />
		</imprint>
	</monogr>
</biblStruct>

<biblStruct >
	<analytic>
		<title level="a" type="main">An experiment setup for collecting data for adaptive output planning in a multimodal dialogue system</title>
		<author>
			<persName xmlns="http://www.tei-c.org/ns/1.0"><surname>Kruijff-Korbayová</surname></persName>
		</author>
	</analytic>
	<monogr>
		<title level="m">Proc. of ENLG</title>
		<meeting>of ENLG</meeting>
		<imprint>
			<date type="published" when="2005" />
			<biblScope unit="page" from="191" to="196" />
		</imprint>
	</monogr>
</biblStruct>

<biblStruct >
	<analytic>
		<title level="a" type="main">The lane-change-task as a tool for driver distraction evaluation</title>
		<author>
			<persName xmlns="http://www.tei-c.org/ns/1.0"><forename type="first">S</forename><surname>Mattes</surname></persName>
		</author>
	</analytic>
	<monogr>
		<title level="m">Proc. of IGfA</title>
		<meeting>of IGfA</meeting>
		<imprint>
			<date type="published" when="2003" />
		</imprint>
	</monogr>
</biblStruct>

<biblStruct >
	<analytic>
		<title level="a" type="main">A robust and generic discourse model for multimodal dialogue</title>
		<author>
			<persName xmlns="http://www.tei-c.org/ns/1.0"><forename type="first">[</forename><surname>Pfleger</surname></persName>
		</author>
	</analytic>
	<monogr>
		<title level="m">Proceedings of the 3rd Workshop on Knowledge and Reasoning in Practical Dialogue Systems</title>
		<meeting>the 3rd Workshop on Knowledge and Reasoning in Practical Dialogue Systems<address><addrLine>Acapulco</addrLine></address></meeting>
		<imprint>
			<date type="published" when="2003" />
		</imprint>
	</monogr>
</biblStruct>

<biblStruct >
	<analytic>
		<title level="a" type="main">Context based multimodal fusion</title>
		<author>
			<persName xmlns="http://www.tei-c.org/ns/1.0"><forename type="first">N</forename><surname>Pfleger</surname></persName>
		</author>
	</analytic>
	<monogr>
		<title level="m">ICMI &apos;04: Proceedings of the 6th international conference on Multimodal interfaces</title>
		<meeting><address><addrLine>New York, NY, USA</addrLine></address></meeting>
		<imprint>
			<publisher>ACM Press</publisher>
			<date type="published" when="2004" />
			<biblScope unit="page" from="265" to="272" />
		</imprint>
	</monogr>
</biblStruct>

<biblStruct >
	<analytic>
		<title level="a" type="main">The information state approach to dialog management</title>
		<author>
			<persName xmlns="http://www.tei-c.org/ns/1.0"><forename type="first">Larsson2003]</forename><surname>Traum</surname></persName>
		</author>
		<author>
			<persName xmlns="http://www.tei-c.org/ns/1.0"><forename type="first">R</forename><surname>David</surname></persName>
		</author>
	</analytic>
	<monogr>
		<title level="m">Current and New Directions in Discourse and Dialog</title>
		<imprint>
			<publisher>Kluwer</publisher>
			<date type="published" when="2003" />
		</imprint>
	</monogr>
	<note>Traum and Staffan Larsson</note>
</biblStruct>

<biblStruct >
	<analytic>
		<title level="a" type="main">Accessing Foreign Languages with COMPASS</title>
		<author>
			<persName xmlns="http://www.tei-c.org/ns/1.0"><forename type="first">E</forename><surname>Breidt</surname></persName>
		</author>
		<author>
			<persName xmlns="http://www.tei-c.org/ns/1.0"><forename type="first">H</forename><surname>Feldweg</surname></persName>
		</author>
	</analytic>
	<monogr>
		<title level="j">Machine Translation</title>
		<imprint>
			<biblScope unit="volume">12</biblScope>
			<biblScope unit="page" from="153" to="174" />
			<date type="published" when="1997" />
		</imprint>
	</monogr>
</biblStruct>

<biblStruct >
	<analytic>
		<title level="a" type="main">Verbmobil : A Translation System for Face-toFace Dialog</title>
		<author>
			<persName xmlns="http://www.tei-c.org/ns/1.0"><forename type="first">M</forename><surname>Kay</surname></persName>
		</author>
		<author>
			<persName xmlns="http://www.tei-c.org/ns/1.0"><forename type="first">M</forename><surname>Gawron</surname></persName>
		</author>
		<author>
			<persName xmlns="http://www.tei-c.org/ns/1.0"><forename type="first">P</forename><surname>Norvig</surname></persName>
		</author>
	</analytic>
	<monogr>
		<title level="j">Lecture Notes</title>
		<imprint>
			<biblScope unit="volume">33</biblScope>
			<date type="published" when="1994" />
		</imprint>
	</monogr>
</biblStruct>

<biblStruct >
	<analytic>
		<title level="a" type="main">GLOSSERRuG</title>
		<author>
			<persName xmlns="http://www.tei-c.org/ns/1.0"><forename type="first">J</forename><surname>Nerbonne</surname></persName>
		</author>
		<author>
			<persName xmlns="http://www.tei-c.org/ns/1.0"><forename type="first">P</forename><surname>Smit</surname></persName>
		</author>
	</analytic>
	<monogr>
		<title level="m">Support of Reading in Proceedings of COLING-1996</title>
		<imprint>
			<date type="published" when="1996" />
			<biblScope unit="page" from="830" to="835" />
		</imprint>
	</monogr>
</biblStruct>

<biblStruct >
	<analytic>
		<title level="a" type="main">An Intelligent Word-Based</title>
		<author>
			<persName xmlns="http://www.tei-c.org/ns/1.0"><forename type="first">J</forename><surname>Nerbonne</surname></persName>
		</author>
		<author>
			<persName xmlns="http://www.tei-c.org/ns/1.0"><forename type="first">D</forename><surname>Dokter</surname></persName>
		</author>
	</analytic>
	<monogr>
		<title level="j">Language Learning Assistant in TAL</title>
		<imprint>
			<biblScope unit="volume">40</biblScope>
			<biblScope unit="issue">1</biblScope>
			<biblScope unit="page" from="125" to="142" />
			<date type="published" when="1999" />
		</imprint>
	</monogr>
</biblStruct>

<biblStruct >
	<analytic>
		<title level="a" type="main">Multi-word collocation extraction by syntactic composition of collocation bigrams</title>
		<author>
			<persName xmlns="http://www.tei-c.org/ns/1.0"><forename type="first">V</forename><surname>Seretan</surname></persName>
		</author>
		<author>
			<persName xmlns="http://www.tei-c.org/ns/1.0"><forename type="first">L</forename><surname>Nerima</surname></persName>
		</author>
		<author>
			<persName xmlns="http://www.tei-c.org/ns/1.0"><forename type="first">E</forename><surname>Wehrli</surname></persName>
		</author>
	</analytic>
	<monogr>
		<title level="m">Recent Advances in Natural Language Processing III: Selected Papers from RANLP 2003, Amsterdam, John Benjamins</title>
		<editor>Nicolas Nicolov et al.</editor>
		<imprint>
			<date type="published" when="2004" />
			<biblScope unit="page" from="91" to="100" />
		</imprint>
	</monogr>
</biblStruct>

<biblStruct >
	<analytic>
		<title level="a" type="main">Translation of Words in Context</title>
		<author>
			<persName xmlns="http://www.tei-c.org/ns/1.0"><forename type="first">E</forename><surname>Wehrli</surname></persName>
		</author>
	</analytic>
	<monogr>
		<title level="m">Proceedings of MT-Summit IX</title>
		<meeting>MT-Summit IX<address><addrLine>New Orleans</addrLine></address></meeting>
		<imprint>
			<date type="published" when="2003" />
			<biblScope unit="page" from="502" to="504" />
		</imprint>
	</monogr>
</biblStruct>

<biblStruct >
	<analytic>
		<title level="a" type="main">Traduction, traduction de mots, traduction de phrases</title>
		<author>
			<persName xmlns="http://www.tei-c.org/ns/1.0"><forename type="first">E</forename><surname>Wehrli</surname></persName>
		</author>
	</analytic>
	<monogr>
		<title level="m">Proceedings of TALN XI</title>
		<editor>B. Bel et I. Marlien</editor>
		<meeting>TALN XI<address><addrLine>Fes</addrLine></address></meeting>
		<imprint>
			<date type="published" when="2004" />
			<biblScope unit="page" from="483" to="491" />
		</imprint>
	</monogr>
</biblStruct>

<biblStruct >
	<analytic>
		<title level="a" type="main">Association for Computational Linguistics References Francis Bond</title>
		<author>
			<persName xmlns="http://www.tei-c.org/ns/1.0"><forename type="first">Sanae</forename><surname>Fujita</surname></persName>
		</author>
		<author>
			<persName xmlns="http://www.tei-c.org/ns/1.0"><forename type="first">Chikara</forename><surname>Hashimoto</surname></persName>
		</author>
		<author>
			<persName xmlns="http://www.tei-c.org/ns/1.0"><forename type="first">Kaname</forename><surname>Kasahara</surname></persName>
		</author>
		<author>
			<persName xmlns="http://www.tei-c.org/ns/1.0"><forename type="first">Shigeko</forename><surname>Nariyama</surname></persName>
		</author>
		<author>
			<persName xmlns="http://www.tei-c.org/ns/1.0"><forename type="first">Eric</forename><surname>Nichols</surname></persName>
		</author>
		<author>
			<persName xmlns="http://www.tei-c.org/ns/1.0"><forename type="first">Akira</forename><surname>Ohtani</surname></persName>
		</author>
		<author>
			<persName xmlns="http://www.tei-c.org/ns/1.0"><forename type="first">Takaaki</forename><surname>Tanaka</surname></persName>
		</author>
		<author>
			<persName xmlns="http://www.tei-c.org/ns/1.0"><forename type="first">Shigeaki</forename><surname>Amano</surname></persName>
		</author>
	</analytic>
	<monogr>
		<title level="m">Proceedings of the First International Joint Conference on Natural Language Processing</title>
		<meeting>the First International Joint Conference on Natural Language Processing<address><addrLine>Sydney</addrLine></address></meeting>
		<imprint>
			<publisher>Springer Verlag</publisher>
			<date type="published" when="2004" />
			<biblScope unit="page" from="65" to="68" />
		</imprint>
	</monogr>
	<note>Proceedings of the COLING/ACL 2006 Interactive Presentation Sessions. IJCNLP-04. in press</note>
</biblStruct>

<biblStruct >
	<monogr>
		<title level="m" type="main">WordNet: An Electronic Lexical Database</title>
		<editor>Christine Fellbaum</editor>
		<imprint>
			<date type="published" when="1998" />
			<publisher>MIT Press</publisher>
		</imprint>
	</monogr>
</biblStruct>

<biblStruct >
	<analytic>
		<title level="a" type="main">Integration of a lexical type database with a linguistically interpreted corpus</title>
		<author>
			<persName xmlns="http://www.tei-c.org/ns/1.0"><forename type="first">Chikara</forename><surname>Hashimoto</surname></persName>
		</author>
		<author>
			<persName xmlns="http://www.tei-c.org/ns/1.0"><forename type="first">Francis</forename><surname>Bond</surname></persName>
		</author>
		<author>
			<persName xmlns="http://www.tei-c.org/ns/1.0"><forename type="first">Takaaki</forename><surname>Tanaka</surname></persName>
		</author>
		<author>
			<persName xmlns="http://www.tei-c.org/ns/1.0"><forename type="first">Melanie</forename><surname>Siegel</surname></persName>
		</author>
	</analytic>
	<monogr>
		<title level="m">6th International Workshop on Linguistically Integrated Corpora (LINC-2005)</title>
		<meeting><address><addrLine>Cheju, Korea</addrLine></address></meeting>
		<imprint>
			<date type="published" when="2005" />
			<biblScope unit="page" from="31" to="40" />
		</imprint>
	</monogr>
</biblStruct>

<biblStruct >
	<analytic>
		<title/>
		<author>
			<persName xmlns="http://www.tei-c.org/ns/1.0"><forename type="first">Satoru</forename><surname>Ikehara</surname></persName>
		</author>
		<author>
			<persName xmlns="http://www.tei-c.org/ns/1.0"><forename type="first">Masahiro</forename><surname>Miyazaki</surname></persName>
		</author>
		<author>
			<persName xmlns="http://www.tei-c.org/ns/1.0"><forename type="first">Satoshi</forename><surname>Shirai</surname></persName>
		</author>
		<author>
			<persName xmlns="http://www.tei-c.org/ns/1.0"><forename type="first">Akio</forename><surname>Yokoo</surname></persName>
		</author>
		<author>
			<persName xmlns="http://www.tei-c.org/ns/1.0"><forename type="first">Hiromi</forename><surname>Nakaiwa</surname></persName>
		</author>
		<author>
			<persName xmlns="http://www.tei-c.org/ns/1.0"><forename type="first">Kentaro</forename><surname>Ogura</surname></persName>
		</author>
		<author>
			<persName xmlns="http://www.tei-c.org/ns/1.0"><forename type="first">Yoshifumi</forename><surname>Ooyama</surname></persName>
		</author>
		<author>
			<persName xmlns="http://www.tei-c.org/ns/1.0"><forename type="first">Yoshihiko</forename><surname>Hayashi</surname></persName>
		</author>
	</analytic>
	<monogr>
		<title level="j">Japanese Lexicon. Iwanami Shoten, Tokyo</title>
		<imprint>
			<biblScope unit="volume">5</biblScope>
			<date type="published" when="1997" />
			<publisher>CDROM</publisher>
		</imprint>
	</monogr>
<note type="report_type">Goi-TaikeiA</note>
</biblStruct>

<biblStruct >
	<analytic>
		<title level="a" type="main">Construction of a Japanese semantic lexicon: Lexeed. SIG NLC-159</title>
		<author>
			<persName xmlns="http://www.tei-c.org/ns/1.0"><forename type="first">Kaname</forename><surname>Kasahara</surname></persName>
		</author>
		<author>
			<persName xmlns="http://www.tei-c.org/ns/1.0"><forename type="first">Hiroshi</forename><surname>Sato</surname></persName>
		</author>
		<author>
			<persName xmlns="http://www.tei-c.org/ns/1.0"><forename type="first">Francis</forename><surname>Bond</surname></persName>
		</author>
		<author>
			<persName xmlns="http://www.tei-c.org/ns/1.0"><forename type="first">Takaaki</forename><surname>Tanaka</surname></persName>
		</author>
		<author>
			<persName xmlns="http://www.tei-c.org/ns/1.0"><forename type="first">Sanae</forename><surname>Fujita</surname></persName>
		</author>
		<author>
			<persName xmlns="http://www.tei-c.org/ns/1.0"><forename type="first">Tomoko</forename><surname>Kanasugi</surname></persName>
		</author>
		<author>
			<persName xmlns="http://www.tei-c.org/ns/1.0"><forename type="first">Shigeaki</forename><surname>Amano</surname></persName>
		</author>
	</analytic>
	<monogr>
		<title level="j">IPSJ, Tokyo</title>
		<imprint>
			<date type="published" when="2004" />
		</imprint>
	</monogr>
	<note>in Japanese</note>
</biblStruct>

<biblStruct >
	<analytic>
		<title level="a" type="main">Robust ontology acquisition from machine-readable dictionaries</title>
		<author>
			<persName xmlns="http://www.tei-c.org/ns/1.0"><forename type="first">Eric</forename><surname>Nichols</surname></persName>
		</author>
		<author>
			<persName xmlns="http://www.tei-c.org/ns/1.0"><forename type="first">Francis</forename><surname>Bond</surname></persName>
		</author>
		<author>
			<persName xmlns="http://www.tei-c.org/ns/1.0"><forename type="first">Daniel</forename><surname>Flickinger</surname></persName>
		</author>
	</analytic>
	<monogr>
		<title level="m">Proceedings of the International Joint Conference on Artificial Intelligence IJCAI-2005</title>
		<meeting>the International Joint Conference on Artificial Intelligence IJCAI-2005<address><addrLine>Edinburgh</addrLine></address></meeting>
		<imprint>
			<date type="published" when="2005" />
			<biblScope unit="page" from="1111" to="1116" />
		</imprint>
	</monogr>
</biblStruct>

<biblStruct >
	<analytic>
		<title level="a" type="main">The LinGO redwoods treebank: Motivation and preliminary applications</title>
		<author>
			<persName xmlns="http://www.tei-c.org/ns/1.0"><forename type="first">Stephan</forename><surname>Oepen</surname></persName>
		</author>
		<author>
			<persName xmlns="http://www.tei-c.org/ns/1.0"><forename type="first">Kristina</forename><surname>Toutanova</surname></persName>
		</author>
		<author>
			<persName xmlns="http://www.tei-c.org/ns/1.0"><forename type="first">Stuart</forename><surname>Shieber</surname></persName>
		</author>
		<author>
			<persName xmlns="http://www.tei-c.org/ns/1.0"><forename type="first">Christoper</forename><forename type="middle">D</forename><surname>Manning</surname></persName>
		</author>
		<author>
			<persName xmlns="http://www.tei-c.org/ns/1.0"><forename type="first">Dan</forename><surname>Flickinger</surname></persName>
		</author>
		<author>
			<persName xmlns="http://www.tei-c.org/ns/1.0"><forename type="first">Thorsten</forename><surname>Brant</surname></persName>
		</author>
	</analytic>
	<monogr>
		<title level="m">19th International Conference on Computational Linguistics: COLING-2002</title>
		<meeting><address><addrLine>Taipei, Taiwan</addrLine></address></meeting>
		<imprint>
			<date type="published" when="2002" />
			<biblScope unit="page" from="1253" to="1260" />
		</imprint>
	</monogr>
</biblStruct>

<biblStruct >
	<analytic>
		<title level="a" type="main">HPSG analysis of Japanese</title>
		<author>
			<persName xmlns="http://www.tei-c.org/ns/1.0"><forename type="first">Melanie</forename><surname>Siegel</surname></persName>
		</author>
	</analytic>
	<monogr>
		<title level="m">Verbmobil: Foundations of Speechto-Speech Translation</title>
		<editor>Wolfgang Wahlster</editor>
		<meeting><address><addrLine>Berlin, Germany</addrLine></address></meeting>
		<imprint>
			<publisher>Springer</publisher>
			<date type="published" when="2000" />
			<biblScope unit="page" from="265" to="280" />
		</imprint>
	</monogr>
</biblStruct>

<biblStruct >
	<analytic>
		<title level="a" type="main">The Hinoki sensebank-a large-scale word sense tagged corpus of Japanese</title>
		<author>
			<persName xmlns="http://www.tei-c.org/ns/1.0"><forename type="first">Takaaki</forename><surname>Tanaka</surname></persName>
		</author>
		<author>
			<persName xmlns="http://www.tei-c.org/ns/1.0"><forename type="first">Francis</forename><surname>Bond</surname></persName>
		</author>
		<author>
			<persName xmlns="http://www.tei-c.org/ns/1.0"><forename type="first">Sanae</forename><surname>Fujita</surname></persName>
		</author>
	</analytic>
	<monogr>
		<title level="m">Frontiers in Linguistically Annotated Corpora 2006. Sydney. (ACL Workshop)</title>
		<imprint>
			<date type="published" when="2006" />
		</imprint>
	</monogr>
</biblStruct>

<biblStruct >
	<analytic>
		<title level="a" type="main">High precision treebanking-blazing useful trees using POS information</title>
		<author>
			<persName xmlns="http://www.tei-c.org/ns/1.0"><forename type="first">Takaaki</forename><surname>Tanaka</surname></persName>
		</author>
		<author>
			<persName xmlns="http://www.tei-c.org/ns/1.0"><forename type="first">Francis</forename><surname>Bond</surname></persName>
		</author>
		<author>
			<persName xmlns="http://www.tei-c.org/ns/1.0"><forename type="first">Stephan</forename><surname>Oepen</surname></persName>
		</author>
		<author>
			<persName xmlns="http://www.tei-c.org/ns/1.0"><forename type="first">Sanae</forename><surname>Fujita</surname></persName>
		</author>
	</analytic>
	<monogr>
		<title level="m">ACL-2005</title>
		<imprint>
			<date type="published" when="2005" />
			<biblScope unit="page" from="330" to="337" />
		</imprint>
	</monogr>
</biblStruct>

<biblStruct >
	<analytic>
		<title level="a" type="main">Association for Computational Linguistics References Olivier Blanc and Matthieu Constant</title>
	</analytic>
	<monogr>
		<title level="m">Proceedings of the COLING/ACL 2006 Interactive Presentation Sessions</title>
		<meeting>the COLING/ACL 2006 Interactive Presentation Sessions<address><addrLine>Sydney; Borovets, Bulgarie</addrLine></address></meeting>
		<imprint>
			<date type="published" when="2005-09" />
			<biblScope unit="page" from="117" to="121" />
		</imprint>
	</monogr>
	<note>Proc. of RANLP 2005. INCOMA Ltd</note>
</biblStruct>

<biblStruct >
	<analytic>
		<title level="a" type="main">Automates lexicaux avec structure de traits</title>
		<author>
			<persName xmlns="http://www.tei-c.org/ns/1.0"><forename type="first">Olivier</forename><surname>Blanc</surname></persName>
		</author>
		<author>
			<persName xmlns="http://www.tei-c.org/ns/1.0"><forename type="first">Anne</forename><surname>Dister</surname></persName>
		</author>
	</analytic>
	<monogr>
		<title level="m">Actes de RECITAL</title>
		<meeting>s de RECITAL</meeting>
		<imprint>
			<date type="published" when="2004" />
			<biblScope unit="page" from="23" to="32" />
		</imprint>
	</monogr>
</biblStruct>

<biblStruct >
	<analytic>
		<title level="a" type="main">Outilex, plate-forme logicielle de traitements de textesécritstextes´textesécrits</title>
		<author>
			<persName xmlns="http://www.tei-c.org/ns/1.0"><forename type="first">Olivier</forename><surname>Blanc</surname></persName>
		</author>
		<author>
			<persName xmlns="http://www.tei-c.org/ns/1.0"><forename type="first">Matthieu</forename><surname>Constant</surname></persName>
		</author>
		<author>
			<persName xmlns="http://www.tei-c.org/ns/1.0"><surname>Laporte</surname></persName>
		</author>
	</analytic>
	<monogr>
		<title level="m">Actes de TALN 2006 (Traitement automatique des langues naturelles)</title>
		<meeting>s de TALN 2006 (Traitement automatique des langues naturelles)</meeting>
		<imprint>
			<date type="published" when="2006" />
		</imprint>
	</monogr>
	<note>Cédrick Fairon and Piet Mertens. page to appear, Leuven. ATALA</note>
</biblStruct>

<biblStruct >
	<analytic>
		<title level="a" type="main">Transformation-based error-driven learning and natural language processing: A case study in part-of-speech tagging</title>
		<author>
			<persName xmlns="http://www.tei-c.org/ns/1.0"><forename type="first">Eric</forename><surname>Brill</surname></persName>
		</author>
	</analytic>
	<monogr>
		<title level="j">Computational Linguistics</title>
		<imprint>
			<biblScope unit="volume">21</biblScope>
			<biblScope unit="issue">4</biblScope>
			<biblScope unit="page" from="543" to="565" />
			<date type="published" when="1995" />
		</imprint>
	</monogr>
</biblStruct>

<biblStruct >
	<analytic>
		<title level="a" type="main">MAF: a morphosyntactic annotation framework</title>
		<author>
			<persName xmlns="http://www.tei-c.org/ns/1.0"><forename type="first">Lionel</forename><surname>Clément</surname></persName>
		</author>
		<author>
			<persName xmlns="http://www.tei-c.org/ns/1.0"><surname>De La Clergerie</surname></persName>
		</author>
	</analytic>
	<monogr>
		<title level="m">Proc. of the Language and Technology Conference</title>
		<meeting>of the Language and Technology Conference<address><addrLine>Poznan, Poland</addrLine></address></meeting>
		<imprint>
			<date type="published" when="2005" />
			<biblScope unit="page" from="90" to="94" />
		</imprint>
	</monogr>
</biblStruct>

<biblStruct >
	<monogr>
		<title level="m" type="main">GATE, a general architecture for text engineering. Computers and the Humanities</title>
		<author>
			<persName xmlns="http://www.tei-c.org/ns/1.0"><forename type="first">Hamish</forename><surname>Cunningham</surname></persName>
		</author>
		<imprint>
			<date type="published" when="2002" />
			<biblScope unit="volume">36</biblScope>
			<biblScope unit="page" from="223" to="254" />
		</imprint>
	</monogr>
</biblStruct>

<biblStruct >
	<analytic>
		<title level="a" type="main">Automatic recognition of French expletive pronoun occurrences</title>
		<author>
			<persName xmlns="http://www.tei-c.org/ns/1.0"><forename type="first">Laurence</forename><surname>Danlos</surname></persName>
		</author>
	</analytic>
	<monogr>
		<title level="m">Companion Volume of the International Joint Conference on Natural Language Processing</title>
		<meeting><address><addrLine>Jeju, Korea</addrLine></address></meeting>
		<imprint>
			<date type="published" when="2005" />
			<biblScope unit="page">2013</biblScope>
		</imprint>
	</monogr>
</biblStruct>

<biblStruct >
	<analytic>
		<title level="a" type="main">An efficient context-free parsing algorithm</title>
		<author>
			<persName xmlns="http://www.tei-c.org/ns/1.0"><forename type="first">Jay</forename><surname>Earley</surname></persName>
		</author>
	</analytic>
	<monogr>
		<title level="j">Comm. ACM</title>
		<imprint>
			<biblScope unit="volume">13</biblScope>
			<biblScope unit="issue">2</biblScope>
			<biblScope unit="page" from="94" to="102" />
			<date type="published" when="1970" />
		</imprint>
	</monogr>
</biblStruct>

<biblStruct >
	<analytic>
		<title level="a" type="main">Local grammars and their representation by finite automata</title>
		<author>
			<persName xmlns="http://www.tei-c.org/ns/1.0"><forename type="first">Maurice</forename><surname>Gross</surname></persName>
		</author>
	</analytic>
	<monogr>
		<title level="m">Data, Description, Discourse, Papers on the English Language in honour of John McH Sinclair</title>
		<editor>M. Hoey</editor>
		<meeting><address><addrLine>London</addrLine></address></meeting>
		<imprint>
			<publisher>Harper-Collins</publisher>
			<date type="published" when="1993" />
			<biblScope unit="page" from="26" to="38" />
		</imprint>
	</monogr>
</biblStruct>

<biblStruct >
	<analytic>
		<title level="a" type="main">Multilingual ontology of proper names</title>
		<author>
			<persName xmlns="http://www.tei-c.org/ns/1.0"><forename type="first">Cvetana</forename><surname>Krstev</surname></persName>
		</author>
		<author>
			<persName xmlns="http://www.tei-c.org/ns/1.0"><forename type="first">Duško</forename><surname>Vitas</surname></persName>
		</author>
		<author>
			<persName xmlns="http://www.tei-c.org/ns/1.0"><forename type="first">Denis</forename><surname>Maurel</surname></persName>
		</author>
		<author>
			<persName xmlns="http://www.tei-c.org/ns/1.0"><forename type="first">Mickaël</forename><surname>Tran</surname></persName>
		</author>
	</analytic>
	<monogr>
		<title level="m">Proc. of the Language and Technology Conference</title>
		<meeting>of the Language and Technology Conference<address><addrLine>Poznan, Poland</addrLine></address></meeting>
		<imprint>
			<date type="published" when="2005" />
			<biblScope unit="page" from="116" to="119" />
		</imprint>
	</monogr>
</biblStruct>

<biblStruct >
	<analytic>
		<title level="a" type="main">NLTK: the natural language toolkit</title>
		<author>
			<persName xmlns="http://www.tei-c.org/ns/1.0"><forename type="first">Edward</forename><surname>Loper</surname></persName>
		</author>
		<author>
			<persName xmlns="http://www.tei-c.org/ns/1.0"><forename type="first">Steven</forename><surname>Bird</surname></persName>
		</author>
	</analytic>
	<monogr>
		<title level="m">Proc. of the ACL Workshop on Effective Tools and Methodologies for Teaching Natural Language Processing and Computational Linguistics</title>
		<meeting>of the ACL Workshop on Effective Tools and Methodologies for Teaching Natural Language essing and Computational Linguistics<address><addrLine>Philadelphia</addrLine></address></meeting>
		<imprint>
			<date type="published" when="2002" />
		</imprint>
	</monogr>
</biblStruct>

<biblStruct >
	<analytic>
		<title level="a" type="main">Automatic processing of local grammar patterns</title>
		<author>
			<persName xmlns="http://www.tei-c.org/ns/1.0"><forename type="first">Oliver</forename><surname>Mason</surname></persName>
		</author>
	</analytic>
	<monogr>
		<title level="m">Proc. of the 7th Annual CLUK (the UK special-interest group for computational linguistics) Research Colloquium</title>
		<meeting>of the 7th Annual CLUK (the UK special-interest group for computational linguistics) Research Colloquium</meeting>
		<imprint>
			<date type="published" when="2004" />
		</imprint>
	</monogr>
</biblStruct>

<biblStruct >
	<analytic>
		<title level="a" type="main">A rational design for a weighted finite-state transducer library</title>
		<author>
			<persName xmlns="http://www.tei-c.org/ns/1.0"><forename type="first">Mehryar</forename><surname>Mohri</surname></persName>
		</author>
		<author>
			<persName xmlns="http://www.tei-c.org/ns/1.0"><forename type="first">Fernando</forename><surname>Pereira</surname></persName>
		</author>
		<author>
			<persName xmlns="http://www.tei-c.org/ns/1.0"><forename type="first">Michael</forename><surname>Riley</surname></persName>
		</author>
	</analytic>
	<monogr>
		<title level="j">Lecture Notes in Computer Science</title>
		<imprint>
			<date type="published" when="1436" />
		</imprint>
	</monogr>
</biblStruct>

<biblStruct >
	<analytic>
		<title level="a" type="main">Analysing texts in a specific domain with local grammars: The case of stock exchange market reports</title>
		<author>
			<persName xmlns="http://www.tei-c.org/ns/1.0"><forename type="first">Takuya</forename><surname>Nakamura</surname></persName>
		</author>
	</analytic>
	<monogr>
		<title level="m">Linguistic InformaticsState of the Art and the Future</title>
		<meeting><address><addrLine>Amsterdam/Philadelphia</addrLine></address></meeting>
		<imprint>
			<publisher>Benjamins</publisher>
			<date type="published" when="2005" />
			<biblScope unit="page" from="76" to="98" />
		</imprint>
	</monogr>
</biblStruct>

<biblStruct >
	<monogr>
		<title level="m" type="main">De la reconnaissance de formes linguistiquesàlinguistiques`linguistiquesà l&apos;analyse syntaxique</title>
		<author>
			<persName xmlns="http://www.tei-c.org/ns/1.0"><forename type="first">Sébastien</forename><surname>Paumier</surname></persName>
		</author>
		<imprint>
			<date type="published" when="2003" />
			<biblScope unit="volume">2</biblScope>
		</imprint>
		<respStmt>
			<orgName>IGM, Université de Marne-la-Vallée</orgName>
		</respStmt>
	</monogr>
<note type="report_type">Manuel d&apos;Unitex. Ph.D. thesis</note>
</biblStruct>

<biblStruct >
	<analytic>
		<title level="a" type="main">Extraction d&apos;information dans les bases de données textuelles en génomique au moyen de transducteursàétatstransducteurs`transducteursàtransducteursà´transducteursàétats finis</title>
		<author>
			<persName xmlns="http://www.tei-c.org/ns/1.0"><forename type="first">Thierry</forename><surname>Poibeau</surname></persName>
		</author>
	</analytic>
	<monogr>
		<title level="m">Actes de TALN 2001 (Traitement automatique des langues naturelles)</title>
		<editor>Denis Maurel</editor>
		<meeting>s de TALN 2001 (Traitement automatique des langues naturelles)<address><addrLine>Tours</addrLine></address></meeting>
		<imprint>
			<date type="published" when="2001-07" />
			<biblScope unit="page" from="295" to="304" />
		</imprint>
		<respStmt>
			<orgName>Université de Tours</orgName>
		</respStmt>
	</monogr>
</biblStruct>

<biblStruct >
	<monogr>
		<title level="m" type="main">Dictionnaires et lexiques: méthodes et algorithmes</title>
		<author>
			<persName xmlns="http://www.tei-c.org/ns/1.0"><forename type="first">Dominique</forename><surname>Revuz</surname></persName>
		</author>
		<imprint>
			<date type="published" when="1991" />
		</imprint>
		<respStmt>
			<orgName>Université Paris 7</orgName>
		</respStmt>
	</monogr>
<note type="report_type">Ph.D. thesis</note>
</biblStruct>

<biblStruct >
	<analytic>
		<title level="a" type="main">XML-based representation formats of local grammars for NLP</title>
		<author>
			<persName xmlns="http://www.tei-c.org/ns/1.0"><forename type="first">Javier</forename><forename type="middle">M</forename><surname>Sastre</surname></persName>
		</author>
	</analytic>
	<monogr>
		<title level="m">Proc. of the Language and Technology Conference</title>
		<meeting>of the Language and Technology Conference<address><addrLine>Poznan, Poland</addrLine></address></meeting>
		<imprint>
			<date type="published" when="2005" />
			<biblScope unit="page" from="314" to="317" />
		</imprint>
	</monogr>
</biblStruct>

<biblStruct >
	<analytic>
		<title level="a" type="main">Probabilistic part-of-speech tagging using decision trees</title>
		<author>
			<persName xmlns="http://www.tei-c.org/ns/1.0"><forename type="first">Helmut</forename><surname>Schmid</surname></persName>
		</author>
	</analytic>
	<monogr>
		<title level="m">Proceedings of the International Conference on New Methods in Language Processing</title>
		<meeting>the International Conference on New Methods in Language Processing</meeting>
		<imprint>
			<date type="published" when="1994" />
		</imprint>
	</monogr>
</biblStruct>

<biblStruct >
	<monogr>
		<title level="m" type="main">DictionnairesélectroniquesDictionnaires´Dictionnairesélectroniques et analyse automatique de textes. Le système INTEX</title>
		<author>
			<persName xmlns="http://www.tei-c.org/ns/1.0"><forename type="first">Max</forename><surname>Silberztein</surname></persName>
		</author>
		<imprint>
			<date type="published" when="1993" />
		</imprint>
	</monogr>
</biblStruct>

<biblStruct >
	<monogr>
		<title/>
		<author>
			<persName xmlns="http://www.tei-c.org/ns/1.0"><forename type="first">Paris</forename><surname>Masson</surname></persName>
		</author>
		<imprint>
			<biblScope unit="volume">234</biblScope>
		</imprint>
	</monogr>
</biblStruct>

<biblStruct >
	<analytic>
		<title level="a" type="main">Transition network grammars for natural language analysis</title>
		<author>
			<persName xmlns="http://www.tei-c.org/ns/1.0"><forename type="first">William</forename><forename type="middle">A</forename><surname>Woods</surname></persName>
		</author>
	</analytic>
	<monogr>
		<title level="j">Communications of the ACM</title>
		<imprint>
			<biblScope unit="volume">13</biblScope>
			<biblScope unit="issue">10</biblScope>
			<biblScope unit="page" from="591" to="606" />
			<date type="published" when="1970" />
		</imprint>
	</monogr>
</biblStruct>

<biblStruct >
	<monogr>
		<title level="m" type="main">An Introduction to Tag Sequence Grammars and the RASP System Parser</title>
		<author>
			<persName xmlns="http://www.tei-c.org/ns/1.0"><forename type="first">E</forename><forename type="middle">J</forename><surname>References Briscoe</surname></persName>
		</author>
		<idno>662</idno>
		<imprint>
			<date type="published" when="2006" />
		</imprint>
		<respStmt>
			<orgName>University of Cambridge, Computer Laboratory</orgName>
		</respStmt>
	</monogr>
<note type="report_type">Technical Report</note>
</biblStruct>

<biblStruct >
	<analytic>
		<title level="a" type="main">Robust accurate statistical annotation of general text</title>
		<author>
			<persName xmlns="http://www.tei-c.org/ns/1.0"><forename type="first">E</forename><forename type="middle">J</forename><surname>Briscoe</surname></persName>
		</author>
		<author>
			<persName xmlns="http://www.tei-c.org/ns/1.0"><forename type="first">J</forename><surname>Carroll</surname></persName>
		</author>
	</analytic>
	<monogr>
		<title level="m">Proceedings of the 3rd Int</title>
		<meeting>the 3rd Int</meeting>
		<imprint>
			<date type="published" when="2002" />
		</imprint>
	</monogr>
</biblStruct>

<biblStruct >
	<monogr>
				<title level="m">Conf. on Language Resources and Evaluation (LREC&apos;02)</title>
		<meeting><address><addrLine>Las Palmas, Gran Canaria</addrLine></address></meeting>
		<imprint>
			<biblScope unit="page" from="1499" to="1504" />
		</imprint>
	</monogr>
</biblStruct>

<biblStruct >
	<analytic>
		<title level="a" type="main">Evaluating the Accuracy of an Unlexicalized Statistical Parser on the PARC DepBank</title>
		<author>
			<persName xmlns="http://www.tei-c.org/ns/1.0"><forename type="first">E</forename><forename type="middle">J</forename><surname>Briscoe</surname></persName>
		</author>
		<author>
			<persName xmlns="http://www.tei-c.org/ns/1.0"><forename type="first">J</forename><surname>Carroll</surname></persName>
		</author>
	</analytic>
	<monogr>
		<title level="m">Proceedings of the COLING/ACL Conference</title>
		<meeting>the COLING/ACL Conference<address><addrLine>Sydney, Australia</addrLine></address></meeting>
		<imprint>
			<date type="published" when="2006" />
		</imprint>
	</monogr>
</biblStruct>

<biblStruct >
	<analytic>
		<title level="a" type="main">Does Baum-Welch re-estimation help taggers?</title>
		<author>
			<persName xmlns="http://www.tei-c.org/ns/1.0"><forename type="first">D</forename><surname>Elworthy</surname></persName>
		</author>
	</analytic>
	<monogr>
		<title level="m">Proceedings of the 4th ACL Conference on Applied NLP</title>
		<meeting>the 4th ACL Conference on Applied NLP<address><addrLine>Stuttgart, Germany</addrLine></address></meeting>
		<imprint>
			<date type="published" when="1994" />
			<biblScope unit="page" from="53" to="58" />
		</imprint>
	</monogr>
</biblStruct>

<biblStruct >
	<analytic>
		<title level="a" type="main">A new formalization of probabilistic GLR parsing</title>
		<author>
			<persName xmlns="http://www.tei-c.org/ns/1.0"><forename type="first">K</forename><surname>Inui</surname></persName>
		</author>
		<author>
			<persName xmlns="http://www.tei-c.org/ns/1.0"><forename type="first">V</forename><surname>Sornlertlamvanich</surname></persName>
		</author>
		<author>
			<persName xmlns="http://www.tei-c.org/ns/1.0"><forename type="first">H</forename><surname>Tanaka</surname></persName>
		</author>
		<author>
			<persName xmlns="http://www.tei-c.org/ns/1.0"><forename type="first">T</forename><surname>Tokunaga</surname></persName>
		</author>
	</analytic>
	<monogr>
		<title level="m">Proceedings of the 5th International Workshop on Parsing Technologies (IWPT&apos;97), MIT</title>
		<meeting>the 5th International Workshop on Parsing Technologies (IWPT&apos;97), MIT</meeting>
		<imprint>
			<date type="published" when="1997" />
			<biblScope unit="page" from="123" to="134" />
		</imprint>
	</monogr>
</biblStruct>

<biblStruct >
	<analytic>
		<title level="a" type="main">A bag of useful techniques for efficient and robust parsing</title>
		<author>
			<persName xmlns="http://www.tei-c.org/ns/1.0"><forename type="first">B</forename><surname>Kiefer</surname></persName>
		</author>
		<author>
			<persName xmlns="http://www.tei-c.org/ns/1.0"><forename type="first">H-U</forename><surname>Krieger</surname></persName>
		</author>
		<author>
			<persName xmlns="http://www.tei-c.org/ns/1.0"><forename type="first">J</forename><surname>Carroll</surname></persName>
		</author>
		<author>
			<persName xmlns="http://www.tei-c.org/ns/1.0"><forename type="first">R</forename><surname>Malouf</surname></persName>
		</author>
	</analytic>
	<monogr>
		<title level="m">Proceedings of the 37th Annual Meeting of the Association for Computational Linguistics</title>
		<meeting>the 37th Annual Meeting of the Association for Computational Linguistics</meeting>
		<imprint>
			<date type="published" when="1999" />
			<biblScope unit="page" from="473" to="480" />
		</imprint>
		<respStmt>
			<orgName>University of Maryland</orgName>
		</respStmt>
	</monogr>
</biblStruct>

<biblStruct >
	<analytic>
		<title level="a" type="main">The PARC700 Dependency Bank</title>
		<author>
			<persName xmlns="http://www.tei-c.org/ns/1.0"><forename type="first">T</forename><forename type="middle">H</forename><surname>King</surname></persName>
		</author>
		<author>
			<persName xmlns="http://www.tei-c.org/ns/1.0"><forename type="first">R</forename><surname>Crouch</surname></persName>
		</author>
		<author>
			<persName xmlns="http://www.tei-c.org/ns/1.0"><forename type="first">S</forename><surname>Riezler</surname></persName>
		</author>
		<author>
			<persName xmlns="http://www.tei-c.org/ns/1.0"><forename type="first">M</forename><surname>Dalrymple</surname></persName>
		</author>
		<author>
			<persName xmlns="http://www.tei-c.org/ns/1.0"><forename type="first">R</forename><surname>Kaplan</surname></persName>
		</author>
	</analytic>
	<monogr>
		<title level="m">Proceedings of the 4th International Workshop on Linguistically Interpreted Corpora (LINC-03)</title>
		<meeting>the 4th International Workshop on Linguistically Interpreted Corpora (LINC-03)<address><addrLine>Budapest, Hungary</addrLine></address></meeting>
		<imprint>
			<date type="published" when="2003" />
		</imprint>
	</monogr>
</biblStruct>

<biblStruct >
	<analytic>
		<title level="a" type="main">Applied morphological processing of English</title>
		<author>
			<persName xmlns="http://www.tei-c.org/ns/1.0"><forename type="first">G</forename><surname>Minnen</surname></persName>
		</author>
		<author>
			<persName xmlns="http://www.tei-c.org/ns/1.0"><forename type="first">J</forename><surname>Carroll</surname></persName>
		</author>
		<author>
			<persName xmlns="http://www.tei-c.org/ns/1.0"><forename type="first">D</forename><surname>Pearce</surname></persName>
		</author>
	</analytic>
	<monogr>
		<title level="j">Natural Language Engineering</title>
		<imprint>
			<biblScope unit="volume">7</biblScope>
			<biblScope unit="page" from="225" to="250" />
			<date type="published" when="2001" />
		</imprint>
	</monogr>
</biblStruct>

<biblStruct >
	<analytic>
		<title level="a" type="main">Ambiguity packing in constraint-based parsing-practical results</title>
		<author>
			<persName xmlns="http://www.tei-c.org/ns/1.0"><forename type="first">S</forename><surname>Oepen</surname></persName>
		</author>
		<author>
			<persName xmlns="http://www.tei-c.org/ns/1.0"><forename type="first">J</forename><surname>Carroll</surname></persName>
		</author>
	</analytic>
	<monogr>
		<title level="m">Proceedings of the 1st Conference of the North American Chapter</title>
		<meeting>the 1st Conference of the North American Chapter<address><addrLine>Seattle, WA</addrLine></address></meeting>
		<imprint>
			<publisher>Association for Computational Linguistics</publisher>
			<date type="published" when="2000" />
			<biblScope unit="page" from="162" to="169" />
		</imprint>
	</monogr>
</biblStruct>

<biblStruct >
	<analytic>
		<title level="a" type="main">Part-of-speech tagging models for parsing</title>
		<author>
			<persName xmlns="http://www.tei-c.org/ns/1.0"><forename type="first">R</forename><surname>Watson</surname></persName>
		</author>
	</analytic>
	<monogr>
		<title level="m">Proceedings of the 9th Annual CLUK Colloquium</title>
		<meeting>the 9th Annual CLUK Colloquium<address><addrLine>Milton Keynes, UK</addrLine></address></meeting>
		<imprint>
			<date type="published" when="2006" />
		</imprint>
		<respStmt>
			<orgName>Open University</orgName>
		</respStmt>
	</monogr>
</biblStruct>

<biblStruct >
	<monogr>
		<title level="m" type="main">Semisupervised Training of a Statistical Parser from Unlabeled Partially-bracketed Data, forthcoming</title>
		<author>
			<persName xmlns="http://www.tei-c.org/ns/1.0"><forename type="first">R</forename><surname>Watson</surname></persName>
		</author>
		<author>
			<persName xmlns="http://www.tei-c.org/ns/1.0"><forename type="first">E</forename><forename type="middle">J</forename><surname>Briscoe</surname></persName>
		</author>
		<author>
			<persName xmlns="http://www.tei-c.org/ns/1.0"><forename type="first">J</forename><surname>Carroll</surname></persName>
		</author>
		<imprint>
			<date type="published" when="2006" />
		</imprint>
	</monogr>
</biblStruct>

<biblStruct >
	<analytic>
		<title level="a" type="main">Efficient extraction of grammatical relations</title>
		<author>
			<persName xmlns="http://www.tei-c.org/ns/1.0"><forename type="first">R</forename><surname>Watson</surname></persName>
		</author>
		<author>
			<persName xmlns="http://www.tei-c.org/ns/1.0"><forename type="first">J</forename><surname>Carroll</surname></persName>
		</author>
		<author>
			<persName xmlns="http://www.tei-c.org/ns/1.0"><forename type="first">E</forename><forename type="middle">J</forename><surname>Briscoe</surname></persName>
		</author>
	</analytic>
	<monogr>
		<title level="m">Proceedings of the 9th</title>
		<meeting>the 9th</meeting>
		<imprint>
			<date type="published" when="2005" />
		</imprint>
	</monogr>
</biblStruct>

<biblStruct >
	<monogr>
				<author>
			<persName xmlns="http://www.tei-c.org/ns/1.0"><surname>Int</surname></persName>
		</author>
		<title level="m">Workshop on Parsing Technologies (IWPT&apos;05)</title>
		<meeting><address><addrLine>Vancouver, Canada</addrLine></address></meeting>
		<imprint/>
	</monogr>
</biblStruct>

			</listBibl>
		</back>
	</text>
</TEI>
