<?xml version="1.0" ?>
<TEI xmlns="http://www.tei-c.org/ns/1.0" xmlns:xlink="http://www.w3.org/1999/xlink" 
 xmlns:mml="http://www.w3.org/1998/Math/MathML">
	<teiHeader>
		<fileDesc xml:id="f_3218"/>
	</teiHeader>
	<text>
		<front/>
		<body/>
		<back>
			<listBibl>
<biblStruct >
	<analytic>
		<title level="a" type="main">Large lexicons for natural language processing utilizing the grammar coding system of the Longman Dictionary of Contemporary English</title>
		<author>
			<persName xmlns="http://www.tei-c.org/ns/1.0"><forename type="first">B</forename><forename type="middle">K</forename><surname>Boguraev</surname></persName>
		</author>
		<author>
			<persName xmlns="http://www.tei-c.org/ns/1.0"><forename type="first">E</forename><forename type="middle">J</forename><surname>Briscoe</surname></persName>
		</author>
	</analytic>
	<monogr>
		<title level="j">Computational Linguistics</title>
		<imprint>
			<biblScope unit="page" from="219" to="240" />
			<date type="published" when="1987" />
		</imprint>
	</monogr>
</biblStruct>

<biblStruct >
	<analytic>
		<title level="a" type="main">From Grammar to Lexicon: unsupervised learning of lexical syntax</title>
		<author>
			<persName xmlns="http://www.tei-c.org/ns/1.0"><forename type="first">M</forename><surname>Brent</surname></persName>
		</author>
	</analytic>
	<monogr>
		<title level="j">Computational Linguistics</title>
		<imprint>
			<biblScope unit="volume">19</biblScope>
			<biblScope unit="issue">3</biblScope>
			<biblScope unit="page" from="243" to="262" />
			<date type="published" when="1993" />
		</imprint>
	</monogr>
</biblStruct>

<biblStruct >
	<analytic>
		<title level="a" type="main">Automatic extraction of subcategorization from corpora</title>
		<author>
			<persName xmlns="http://www.tei-c.org/ns/1.0"><forename type="first">Ted</forename><surname>Briscoe</surname></persName>
		</author>
		<author>
			<persName xmlns="http://www.tei-c.org/ns/1.0"><forename type="first">John</forename><surname>Carroll</surname></persName>
		</author>
	</analytic>
	<monogr>
		<title level="m">Proceedings of the 5th ACL Conference on Applied Natural Language Processing</title>
		<meeting>the 5th ACL Conference on Applied Natural Language Processing<address><addrLine>Washington, DC</addrLine></address></meeting>
		<imprint>
			<date type="published" when="1997" />
			<biblScope unit="page" from="356" to="363" />
		</imprint>
	</monogr>
</biblStruct>

<biblStruct >
	<monogr>
		<title level="m" type="main">Aspects of the Theory of Syntax</title>
		<author>
			<persName xmlns="http://www.tei-c.org/ns/1.0"><forename type="first">Noam</forename><surname>Chomsky</surname></persName>
		</author>
		<imprint>
			<date type="published" when="1965" />
			<publisher>MIT Press</publisher>
			<pubPlace>Cambridge</pubPlace>
		</imprint>
	</monogr>
</biblStruct>

<biblStruct >
	<monogr>
		<title level="m" type="main">Acquiring Verb Subcategorization from Spanish Corpora, PhD program</title>
		<author>
			<persName xmlns="http://www.tei-c.org/ns/1.0"><forename type="first">Grzegorz</forename><surname>Chrupala</surname></persName>
		</author>
		<imprint>
			<date type="published" when="2003" />
			<biblScope unit="page" from="67" to="68" />
		</imprint>
		<respStmt>
			<orgName>Universitat de Barcelona</orgName>
		</respStmt>
	</monogr>
	<note>Cognitive Science and Language</note>
</biblStruct>

<biblStruct >
	<monogr>
		<title level="m" type="main">Understanding Second language Acquisition</title>
		<author>
			<persName xmlns="http://www.tei-c.org/ns/1.0"><forename type="first">R£</forename><surname>Ellis</surname></persName>
		</author>
		<imprint>
			<date type="published" when="1985" />
			<publisher>Oxford University Press</publisher>
		</imprint>
	</monogr>
</biblStruct>

<biblStruct >
	<analytic>
		<title level="a" type="main">Using Co-Composition for Acquiring Syntactic and Semantic Subcategorisation</title>
		<author>
			<persName xmlns="http://www.tei-c.org/ns/1.0"><forename type="first">P</forename><surname>Gamallo</surname></persName>
		</author>
		<author>
			<persName xmlns="http://www.tei-c.org/ns/1.0"><forename type="first">A</forename><surname>Agustini</surname></persName>
		</author>
		<author>
			<persName xmlns="http://www.tei-c.org/ns/1.0"><forename type="first">Lopes</forename><surname>Gabriel</surname></persName>
		</author>
		<author>
			<persName xmlns="http://www.tei-c.org/ns/1.0"><forename type="first">P</forename></persName>
		</author>
	</analytic>
	<monogr>
		<title level="m">Proceedings of the Workshop of the ACL Special Interest Group on the Lexicon (SIGLEX)</title>
		<meeting>the Workshop of the ACL Special Interest Group on the Lexicon (SIGLEX)<address><addrLine>Philadelphia</addrLine></address></meeting>
		<imprint>
			<date type="published" when="2002" />
			<biblScope unit="page" from="34" to="41" />
		</imprint>
	</monogr>
</biblStruct>

<biblStruct >
	<analytic>
		<title level="a" type="main">Subcategorization Acquisition and Evaluation for Chinese Verbs</title>
		<author>
			<persName xmlns="http://www.tei-c.org/ns/1.0"><forename type="first">Xiwu</forename><surname>Han</surname></persName>
		</author>
		<author>
			<persName xmlns="http://www.tei-c.org/ns/1.0"><forename type="first">Tiejun</forename><surname>Zhao</surname></persName>
		</author>
		<author>
			<persName xmlns="http://www.tei-c.org/ns/1.0"><forename type="first">Haoliang</forename><surname>Qi</surname></persName>
		</author>
		<author>
			<persName xmlns="http://www.tei-c.org/ns/1.0"><forename type="first">Hao</forename><surname>Yu</surname></persName>
		</author>
	</analytic>
	<monogr>
		<title level="m">Proceedings of the COLING</title>
		<meeting>the COLING</meeting>
		<imprint>
			<date type="published" when="2004" />
			<biblScope unit="page" from="723" to="728" />
		</imprint>
	</monogr>
</biblStruct>

<biblStruct >
	<monogr>
		<title level="m" type="main">Automatic Extraction of Subcategorization Frames from Corpora-Improving Filtering with Diathesis Alternations</title>
		<author>
			<persName xmlns="http://www.tei-c.org/ns/1.0"><forename type="first">Anna</forename><surname>Korhonen</surname></persName>
		</author>
		<ptr target="http://www.folli.uva.nl/CD/1998/pdf/keller/korhonen.pdf" />
		<imprint>
			<date type="published" when="1998" />
		</imprint>
	</monogr>
</biblStruct>

<biblStruct >
	<monogr>
		<title level="m" type="main">Subcategorization Acquisition, Dissertation for PhD</title>
		<author>
			<persName xmlns="http://www.tei-c.org/ns/1.0"><forename type="first">Anna</forename><surname>Korhonen</surname></persName>
		</author>
		<imprint>
			<date type="published" when="2001" />
		</imprint>
		<respStmt>
			<orgName>Trinity Hall University of Cambridge</orgName>
		</respStmt>
	</monogr>
</biblStruct>

<biblStruct >
	<monogr>
		<title level="m" type="main">Subcategorization Acquisition</title>
		<author>
			<persName xmlns="http://www.tei-c.org/ns/1.0"><forename type="first">Anna</forename><surname>Korhonen</surname></persName>
		</author>
		<idno>Number 530</idno>
		<imprint>
			<date type="published" when="2002" />
		</imprint>
		<respStmt>
			<orgName>Trinity Hall University of Cambridge</orgName>
		</respStmt>
	</monogr>
<note type="report_type">Technical Report</note>
</biblStruct>

<biblStruct >
	<analytic>
		<title level="a" type="main">Clustering Polysemic Subcategorization Frame Distributions Semantically</title>
		<author>
			<persName xmlns="http://www.tei-c.org/ns/1.0"><forename type="first">Anna</forename><surname>Korhonen</surname></persName>
		</author>
		<author>
			<persName xmlns="http://www.tei-c.org/ns/1.0"><forename type="first">Yuval</forename><surname>Krymolowski</surname></persName>
		</author>
		<author>
			<persName xmlns="http://www.tei-c.org/ns/1.0"><forename type="first">Zvika</forename><surname>Marx</surname></persName>
		</author>
	</analytic>
	<monogr>
		<title level="m">Proceedings of the 41st Annual Meeting of the Association for Computational Linguistics</title>
		<meeting>the 41st Annual Meeting of the Association for Computational Linguistics</meeting>
		<imprint>
			<date type="published" when="2003" />
			<biblScope unit="page" from="64" to="71" />
		</imprint>
	</monogr>
</biblStruct>

<biblStruct >
	<monogr>
		<title level="m" type="main">Subcategorization Evaluation Resources</title>
		<author>
			<persName xmlns="http://www.tei-c.org/ns/1.0"><forename type="first">Anna</forename><surname>Korhonen</surname></persName>
		</author>
		<ptr target="http://www.cl.cam.ac.uk/users/alk23/sub-cat/subcat.html.2005" />
		<imprint/>
	</monogr>
</biblStruct>

<biblStruct >
	<monogr>
		<title level="m" type="main">English Verb Classes and Alternations</title>
		<author>
			<persName xmlns="http://www.tei-c.org/ns/1.0"><forename type="first">B</forename><surname>Levin</surname></persName>
		</author>
		<imprint>
			<date type="published" when="1993" />
			<publisher>Chicago University Press</publisher>
			<pubPlace>Chicago</pubPlace>
		</imprint>
	</monogr>
</biblStruct>

<biblStruct >
	<monogr>
		<title level="m" type="main">Lexical Acquisition at the SyntaxSemantics Interface: Diathesis Alternations, Subcategorization Frames and Selectional Preferences</title>
		<author>
			<persName xmlns="http://www.tei-c.org/ns/1.0"><forename type="first">D</forename><surname>Mccarthy</surname></persName>
		</author>
		<imprint>
			<date type="published" when="2001" />
		</imprint>
		<respStmt>
			<orgName>University of Sussex</orgName>
		</respStmt>
	</monogr>
<note type="report_type">PhD thesis</note>
</biblStruct>

<biblStruct >
	<monogr>
		<title level="m" type="main">The Unit of Language Acquisition</title>
		<author>
			<persName xmlns="http://www.tei-c.org/ns/1.0"><forename type="first">A</forename><surname>Peters</surname></persName>
		</author>
		<imprint>
			<date type="published" when="1983" />
			<publisher>Cambridge University Press</publisher>
		</imprint>
	</monogr>
</biblStruct>

<biblStruct >
	<analytic>
		<title level="a" type="main">Automatic Extraction of Subcategorization Frames for Czech</title>
		<author>
			<persName xmlns="http://www.tei-c.org/ns/1.0"><forename type="first">A</forename><surname>Sarkar</surname></persName>
		</author>
		<author>
			<persName xmlns="http://www.tei-c.org/ns/1.0"><forename type="first">D</forename><surname>Zeman</surname></persName>
		</author>
		<ptr target="http://www.sfu.ca/~anoop/papers/pdf/coling0final.pdf" />
	</analytic>
	<monogr>
		<title level="m">Proceedings of the 19th International Conference on Computational Linguistics</title>
		<meeting>the 19th International Conference on Computational Linguistics<address><addrLine>Saarbrucken, Germany</addrLine></address></meeting>
		<imprint>
			<date type="published" when="2000" />
		</imprint>
	</monogr>
</biblStruct>

<biblStruct >
	<analytic>
		<title level="a" type="main">Inducing German Semantic Verb Classes from Purely Syntactic Subcategorization Information</title>
		<author>
			<persName xmlns="http://www.tei-c.org/ns/1.0"><forename type="first">Sabine</forename><surname>Shulte Im Walde</surname></persName>
		</author>
	</analytic>
	<monogr>
		<title level="m">Proceedings of the 40th Annual Meeting of the Association for Computational Linguistics</title>
		<meeting>the 40th Annual Meeting of the Association for Computational Linguistics</meeting>
		<imprint>
			<date type="published" when="2002" />
			<biblScope unit="page" from="223" to="230" />
		</imprint>
	</monogr>
</biblStruct>

			</listBibl>
		</back>
	</text>
</TEI>
