<?xml version="1.0" ?>
<TEI xmlns="http://www.tei-c.org/ns/1.0" xmlns:xlink="http://www.w3.org/1999/xlink" 
 xmlns:mml="http://www.w3.org/1998/Math/MathML">
	<teiHeader>
		<fileDesc xml:id="f_3806"/>
	</teiHeader>
	<text>
		<front/>
		<body/>
		<back>
			<listBibl>
<biblStruct >
	<analytic>
		<title level="a" type="main">Evaluating automated and manual acquisition of anaphora resolution strategies</title>
		<author>
			<persName xmlns="http://www.tei-c.org/ns/1.0"><forename type="first">C</forename><surname>Aone</surname></persName>
		</author>
		<author>
			<persName xmlns="http://www.tei-c.org/ns/1.0"><forename type="first">S</forename><forename type="middle">W</forename><surname>Bennett</surname></persName>
		</author>
	</analytic>
	<monogr>
		<title level="m">Proceedings of the 33rd Annual Meeting of the Association for Compuational Linguistics</title>
		<meeting>the 33rd Annual Meeting of the Association for Compuational Linguistics</meeting>
		<imprint>
			<date type="published" when="1995" />
			<biblScope unit="page" from="122" to="129" />
		</imprint>
	</monogr>
</biblStruct>

<biblStruct >
	<analytic>
		<title level="a" type="main">A maximum-entropy-inspired parser</title>
		<author>
			<persName xmlns="http://www.tei-c.org/ns/1.0"><forename type="first">E</forename><surname>Charniak</surname></persName>
		</author>
	</analytic>
	<monogr>
		<title level="m">Proceedings of North American chapter of the Association for Computational Linguistics annual meeting</title>
		<meeting>North American chapter of the Association for Computational Linguistics annual meeting</meeting>
		<imprint>
			<date type="published" when="2000" />
			<biblScope unit="page" from="132" to="139" />
		</imprint>
	</monogr>
</biblStruct>

<biblStruct >
	<analytic>
		<title level="a" type="main">New ranking algorithms for parsing and tagging: kernels over discrete structures and the voted perceptron</title>
		<author>
			<persName xmlns="http://www.tei-c.org/ns/1.0"><forename type="first">M</forename><surname>Collins</surname></persName>
		</author>
		<author>
			<persName xmlns="http://www.tei-c.org/ns/1.0"><forename type="first">N</forename><surname>Duffy</surname></persName>
		</author>
	</analytic>
	<monogr>
		<title level="m">Proceedings of the 40th Annual Meeting of the Association 7 As in their pulic reports on Section 23 of WSJ TreeBank</title>
		<meeting>the 40th Annual Meeting of the Association 7 As in their pulic reports on Section 23 of WSJ TreeBank</meeting>
		<imprint>
			<date type="published" when="2000" />
		</imprint>
	</monogr>
	<note>s parser achieves 89.6% recall and 89.5% precision with 0.88 crossing brackets (words ≤ 100</note>
</biblStruct>

<biblStruct >
	<analytic>
		<title level="a" type="main">s 88.1% recall and 88.3% precision with 1.06 crossing brackets</title>
		<author>
			<persName xmlns="http://www.tei-c.org/ns/1.0"><surname>Collins</surname></persName>
		</author>
	</analytic>
	<monogr>
		<title level="m">for Computational Linguistics (ACL&apos;02)</title>
		<imprint>
			<date type="published" when="1999" />
			<biblScope unit="page" from="263" to="270" />
		</imprint>
	</monogr>
</biblStruct>

<biblStruct >
	<monogr>
		<title level="m" type="main">Head-Driven Statistical Models for Natural Language Parsing</title>
		<author>
			<persName xmlns="http://www.tei-c.org/ns/1.0"><forename type="first">M</forename><surname>Collins</surname></persName>
		</author>
		<imprint>
			<date type="published" when="1999" />
		</imprint>
		<respStmt>
			<orgName>University of Pennsylvania</orgName>
		</respStmt>
	</monogr>
<note type="report_type">Ph.D. thesis</note>
</biblStruct>

<biblStruct >
	<monogr>
		<title level="m" type="main">Resolving pronoun references. Lingua</title>
		<author>
			<persName xmlns="http://www.tei-c.org/ns/1.0"><forename type="first">J</forename><surname>Hobbs</surname></persName>
		</author>
		<imprint>
			<date type="published" when="1978" />
			<biblScope unit="volume">44</biblScope>
			<biblScope unit="page" from="339" to="352" />
		</imprint>
	</monogr>
</biblStruct>

<biblStruct >
	<analytic>
		<title level="a" type="main">Making large-scale svm learning practical</title>
		<author>
			<persName xmlns="http://www.tei-c.org/ns/1.0"><forename type="first">T</forename><surname>Joachims</surname></persName>
		</author>
	</analytic>
	<monogr>
		<title level="m">Advances in Kernel Methods-Support Vector Learning</title>
		<imprint>
			<publisher>MIT Press</publisher>
			<date type="published" when="1999" />
		</imprint>
	</monogr>
</biblStruct>

<biblStruct >
	<analytic>
		<title level="a" type="main">Using the web to obtain freqencies for unseen bigrams</title>
		<author>
			<persName xmlns="http://www.tei-c.org/ns/1.0"><forename type="first">F</forename><surname>Keller</surname></persName>
		</author>
		<author>
			<persName xmlns="http://www.tei-c.org/ns/1.0"><forename type="first">M</forename><surname>Lapata</surname></persName>
		</author>
	</analytic>
	<monogr>
		<title level="j">Computational Linguistics</title>
		<imprint>
			<biblScope unit="volume">29</biblScope>
			<biblScope unit="issue">3</biblScope>
			<biblScope unit="page" from="459" to="484" />
			<date type="published" when="2003" />
		</imprint>
	</monogr>
</biblStruct>

<biblStruct >
	<analytic>
		<title level="a" type="main">Anaphora for everyone: pronominal anaphra resolution without a parser</title>
		<author>
			<persName xmlns="http://www.tei-c.org/ns/1.0"><forename type="first">C</forename><surname>Kennedy</surname></persName>
		</author>
		<author>
			<persName xmlns="http://www.tei-c.org/ns/1.0"><forename type="first">B</forename><surname>Boguraev</surname></persName>
		</author>
	</analytic>
	<monogr>
		<title level="m">Proceedings of the 16th International Conference on Computational Linguistics</title>
		<meeting>the 16th International Conference on Computational Linguistics<address><addrLine>Copenhagen, Denmark</addrLine></address></meeting>
		<imprint>
			<date type="published" when="1996" />
			<biblScope unit="page" from="113" to="118" />
		</imprint>
	</monogr>
</biblStruct>

<biblStruct >
	<analytic>
		<title level="a" type="main">An algorithm for pronominal anaphora resolution</title>
		<author>
			<persName xmlns="http://www.tei-c.org/ns/1.0"><forename type="first">S</forename><surname>Lappin</surname></persName>
		</author>
		<author>
			<persName xmlns="http://www.tei-c.org/ns/1.0"><forename type="first">H</forename><surname>Leass</surname></persName>
		</author>
	</analytic>
	<monogr>
		<title level="j">Computational Linguistics</title>
		<imprint>
			<biblScope unit="volume">20</biblScope>
			<biblScope unit="issue">4</biblScope>
			<biblScope unit="page" from="525" to="561" />
			<date type="published" when="1994" />
		</imprint>
	</monogr>
</biblStruct>

<biblStruct >
	<analytic>
		<title level="a" type="main">Milti-lingual coreference resolution with syntactic features</title>
		<author>
			<persName xmlns="http://www.tei-c.org/ns/1.0"><forename type="first">X</forename><surname>Luo</surname></persName>
		</author>
		<author>
			<persName xmlns="http://www.tei-c.org/ns/1.0"><forename type="first">I</forename><surname>Zitouni</surname></persName>
		</author>
	</analytic>
	<monogr>
		<title level="m">Proceedings of Human Language Techonology conference and Conference on Empirical Methods in Natural Language Processing (HLT/EMNLP)</title>
		<meeting>Human Language Techonology conference and Conference on Empirical Methods in Natural Language Processing (HLT/EMNLP)</meeting>
		<imprint>
			<date type="published" when="2005" />
			<biblScope unit="page" from="660" to="667" />
		</imprint>
	</monogr>
</biblStruct>

<biblStruct >
	<analytic>
		<title level="a" type="main">Robust pronoun resolution with limited knowledge</title>
		<author>
			<persName xmlns="http://www.tei-c.org/ns/1.0"><forename type="first">R</forename><surname>Mitkov</surname></persName>
		</author>
	</analytic>
	<monogr>
		<title level="m">Proceedings of the 17th Int. Conference on Computational Linguistics</title>
		<meeting>the 17th Int. Conference on Computational Linguistics</meeting>
		<imprint>
			<date type="published" when="1998" />
			<biblScope unit="page" from="869" to="875" />
		</imprint>
	</monogr>
</biblStruct>

<biblStruct >
	<analytic>
		<title level="a" type="main">A study on convolution kernels for shallow semantic parsing</title>
		<author>
			<persName xmlns="http://www.tei-c.org/ns/1.0"><forename type="first">A</forename><surname>Moschitti</surname></persName>
		</author>
	</analytic>
	<monogr>
		<title level="m">Proceedings of the 42nd Annual Meeting of the Association for Computational Linguistics (ACL&apos;04)</title>
		<meeting>the 42nd Annual Meeting of the Association for Computational Linguistics (ACL&apos;04)</meeting>
		<imprint>
			<date type="published" when="2004" />
			<biblScope unit="page" from="335" to="342" />
		</imprint>
	</monogr>
</biblStruct>

			</listBibl>
		</back>
	</text>
</TEI>
