<?xml version="1.0" ?>
<TEI xmlns="http://www.tei-c.org/ns/1.0" xmlns:xlink="http://www.w3.org/1999/xlink" 
 xmlns:mml="http://www.w3.org/1998/Math/MathML">
	<teiHeader>
		<fileDesc xml:id="f_3742"/>
	</teiHeader>
	<text>
		<front/>
		<body/>
		<back>
			<listBibl>
<biblStruct >
	<analytic>
		<title level="a" type="main">Word sense disambiguation using conceptual density</title>
		<author>
			<persName xmlns="http://www.tei-c.org/ns/1.0"><forename type="first">Eneko</forename><surname>Agirre</surname></persName>
		</author>
		<author>
			<persName xmlns="http://www.tei-c.org/ns/1.0"><forename type="first">German</forename><surname>Rigau</surname></persName>
		</author>
	</analytic>
	<monogr>
		<title level="m">Proc. of COLING</title>
		<meeting>of COLING<address><addrLine>Copenhagen, Denmark</addrLine></address></meeting>
		<imprint>
			<date type="published" when="1996" />
		</imprint>
	</monogr>
</biblStruct>

<biblStruct >
	<analytic>
		<title level="a" type="main">Building a sense tagged corpus with open mind word expert</title>
		<author>
			<persName xmlns="http://www.tei-c.org/ns/1.0"><forename type="first">Tim</forename><surname>Chklovski</surname></persName>
		</author>
		<author>
			<persName xmlns="http://www.tei-c.org/ns/1.0"><forename type="first">Rada</forename><surname>Mihalcea</surname></persName>
		</author>
	</analytic>
	<monogr>
		<title level="m">Proc. of ACL 2002 Workshop on WSD: Recent Successes and Future Directions</title>
		<meeting>of ACL 2002 Workshop on WSD: Recent Successes and Future Directions<address><addrLine>Philadelphia, PA</addrLine></address></meeting>
		<imprint>
			<date type="published" when="2002" />
		</imprint>
	</monogr>
</biblStruct>

<biblStruct >
	<monogr>
		<title level="m" type="main">WordNet: an Electronic Lexical Database</title>
		<editor>Christiane Fellbaum</editor>
		<imprint>
			<date type="published" when="1998" />
			<publisher>MIT Press</publisher>
		</imprint>
	</monogr>
</biblStruct>

<biblStruct >
	<analytic>
		<title level="a" type="main">Automatic generation of a coarse grained wordnet</title>
		<author>
			<persName xmlns="http://www.tei-c.org/ns/1.0"><forename type="first">Rada</forename><surname>Mihalcea</surname></persName>
		</author>
		<author>
			<persName xmlns="http://www.tei-c.org/ns/1.0"><forename type="first">Dan</forename><surname>Moldovan</surname></persName>
		</author>
	</analytic>
	<monogr>
		<title level="m">Proc. of NAACL Workshop on WordNet and Other Lexical Resources</title>
		<meeting>of NAACL Workshop on WordNet and Other Lexical Resources<address><addrLine>Pittsburgh, PA</addrLine></address></meeting>
		<imprint>
			<date type="published" when="2001" />
		</imprint>
	</monogr>
</biblStruct>

<biblStruct >
	<analytic>
		<title level="a" type="main">A semantic concordance</title>
		<author>
			<persName xmlns="http://www.tei-c.org/ns/1.0"><forename type="first">George</forename><surname>Miller</surname></persName>
		</author>
		<author>
			<persName xmlns="http://www.tei-c.org/ns/1.0"><forename type="first">Claudia</forename><surname>Leacock</surname></persName>
		</author>
		<author>
			<persName xmlns="http://www.tei-c.org/ns/1.0"><forename type="first">Tengi</forename><surname>Randee</surname></persName>
		</author>
		<author>
			<persName xmlns="http://www.tei-c.org/ns/1.0"><forename type="first">Ross</forename><surname>Bunker</surname></persName>
		</author>
	</analytic>
	<monogr>
		<title level="m">Proc. 3 rd DARPA Workshop on Human Language Technology</title>
		<meeting>3 rd DARPA Workshop on Human Language Technology<address><addrLine>Plainsboro, New Jersey</addrLine></address></meeting>
		<imprint>
			<date type="published" when="1993" />
		</imprint>
	</monogr>
</biblStruct>

<biblStruct >
	<analytic>
		<title level="a" type="main">Lexical cohesion computed by thesaural relations as an indicator of the structure of text</title>
		<author>
			<persName xmlns="http://www.tei-c.org/ns/1.0"><forename type="first">Jane</forename><surname>Morris</surname></persName>
		</author>
		<author>
			<persName xmlns="http://www.tei-c.org/ns/1.0"><forename type="first">Graeme</forename><surname>Hirst</surname></persName>
		</author>
	</analytic>
	<monogr>
		<title level="j">Computational Linguistics</title>
		<imprint>
			<biblScope unit="issue">1</biblScope>
			<biblScope unit="page">17</biblScope>
			<date type="published" when="1991" />
		</imprint>
	</monogr>
</biblStruct>

<biblStruct >
	<analytic>
		<title level="a" type="main">Learning domain ontologies from document warehouses and dedicated websites</title>
		<author>
			<persName xmlns="http://www.tei-c.org/ns/1.0"><forename type="first">Roberto</forename><surname>Navigli</surname></persName>
		</author>
		<author>
			<persName xmlns="http://www.tei-c.org/ns/1.0"><forename type="first">Paola</forename><surname>Velardi</surname></persName>
		</author>
	</analytic>
	<monogr>
		<title level="j">Computational Linguistics</title>
		<imprint>
			<biblScope unit="issue">2</biblScope>
			<biblScope unit="page">30</biblScope>
			<date type="published" when="2004" />
		</imprint>
	</monogr>
</biblStruct>

<biblStruct >
	<analytic>
		<title level="a" type="main">Structural semantic interconnections: a knowledge-based approach to word sense disambiguation</title>
		<author>
			<persName xmlns="http://www.tei-c.org/ns/1.0"><forename type="first">Roberto</forename><surname>Navigli</surname></persName>
		</author>
		<author>
			<persName xmlns="http://www.tei-c.org/ns/1.0"><forename type="first">Paola</forename><surname>Velardi</surname></persName>
		</author>
	</analytic>
	<monogr>
		<title level="m">IEEE Transactions on Pattern Analysis and Machine Intelligence (PAMI)</title>
		<imprint>
			<date type="published" when="2005" />
			<biblScope unit="page">27</biblScope>
		</imprint>
	</monogr>
</biblStruct>

<biblStruct >
	<analytic>
		<title level="a" type="main">Experiments on the validation of sense annotations assisted by lexical chains</title>
		<author>
			<persName xmlns="http://www.tei-c.org/ns/1.0"><forename type="first">Roberto</forename><surname>Navigli</surname></persName>
		</author>
	</analytic>
	<monogr>
		<title level="m">Proc. of the European Chapter of the Annual Meeting of the Association for Computational Linguistics (EACL)</title>
		<meeting>of the European Chapter of the Annual Meeting of the Association for Computational Linguistics (EACL)<address><addrLine>Trento, Italy</addrLine></address></meeting>
		<imprint>
			<date type="published" when="2006" />
		</imprint>
	</monogr>
</biblStruct>

			</listBibl>
		</back>
	</text>
</TEI>
