<?xml version="1.0" ?>
<TEI xmlns="http://www.tei-c.org/ns/1.0" xmlns:xlink="http://www.w3.org/1999/xlink" 
 xmlns:mml="http://www.w3.org/1998/Math/MathML">
	<teiHeader>
		<fileDesc xml:id="f_3774"/>
	</teiHeader>
	<text>
		<front/>
		<body/>
		<back>
			<listBibl>
<biblStruct >
	<analytic>
		<title level="a" type="main">An Iterative Method for Multi-class Cost-sensitive Learning</title>
		<author>
			<persName xmlns="http://www.tei-c.org/ns/1.0"><forename type="first">Naoki</forename><surname>Abe</surname></persName>
		</author>
		<author>
			<persName xmlns="http://www.tei-c.org/ns/1.0"><forename type="first">Bianca</forename><surname>Zadrozny</surname></persName>
		</author>
		<author>
			<persName xmlns="http://www.tei-c.org/ns/1.0"><forename type="first">John</forename><surname>Langford</surname></persName>
		</author>
	</analytic>
	<monogr>
		<title level="m">Proc. of the 10 th. ACM SIGKDD</title>
		<meeting>of the 10 th. ACM SIGKDD</meeting>
		<imprint>
			<date type="published" when="2004" />
			<biblScope unit="page" from="3" to="11" />
		</imprint>
	</monogr>
</biblStruct>

<biblStruct >
	<analytic>
		<title level="a" type="main">Maximum likelihood from incomplete data via the EM algorithm</title>
		<author>
			<persName xmlns="http://www.tei-c.org/ns/1.0"><forename type="first">Arthur</forename><forename type="middle">P</forename><surname>Dempster</surname></persName>
		</author>
		<author>
			<persName xmlns="http://www.tei-c.org/ns/1.0"><forename type="first">Nan</forename><forename type="middle">M</forename><surname>Laird</surname></persName>
		</author>
		<author>
			<persName xmlns="http://www.tei-c.org/ns/1.0"><forename type="first">Donald</forename><forename type="middle">B</forename><surname>Rubin</surname></persName>
		</author>
	</analytic>
	<monogr>
		<title level="j">Journal</title>
		<imprint>
			<date type="published" when="1977" />
		</imprint>
	</monogr>
</biblStruct>

<biblStruct >
	<analytic>
		<title/>
		<ptr target="http://chasen.org/~taku/software/cabocha/" />
	</analytic>
	<monogr>
		<title level="j">Royal Statistical Society Series B</title>
		<imprint>
			<biblScope unit="volume">39</biblScope>
			<biblScope unit="issue">1</biblScope>
			<biblScope unit="page" from="1" to="38" />
		</imprint>
	</monogr>
</biblStruct>

<biblStruct >
	<analytic>
		<title level="a" type="main">AdaCost: Misclassification Costsensitive Boosting</title>
		<author>
			<persName xmlns="http://www.tei-c.org/ns/1.0"><forename type="first">Wei</forename><surname>Fan</surname></persName>
		</author>
		<author>
			<persName xmlns="http://www.tei-c.org/ns/1.0"><forename type="first">Salvatore</forename><forename type="middle">J</forename><surname>Stolfo</surname></persName>
		</author>
		<author>
			<persName xmlns="http://www.tei-c.org/ns/1.0"><forename type="first">Junxin</forename><surname>Zhang</surname></persName>
		</author>
		<author>
			<persName xmlns="http://www.tei-c.org/ns/1.0"><forename type="first">Philip</forename><forename type="middle">K</forename><surname>Chan</surname></persName>
		</author>
	</analytic>
	<monogr>
		<title level="m">Proc. of ICML</title>
		<meeting>of ICML</meeting>
		<imprint>
			<date type="published" when="1999" />
			<biblScope unit="page" from="97" to="105" />
		</imprint>
	</monogr>
</biblStruct>

<biblStruct >
	<analytic>
		<title level="a" type="main">Unsupervised learning by probabilistic latent semantic analysis</title>
		<author>
			<persName xmlns="http://www.tei-c.org/ns/1.0"><forename type="first">Thomas</forename><surname>Hofmann</surname></persName>
		</author>
	</analytic>
	<monogr>
		<title level="m">Machine Learning</title>
		<imprint>
			<date type="published" when="2001" />
			<biblScope unit="volume">42</biblScope>
			<biblScope unit="page" from="177" to="196" />
		</imprint>
	</monogr>
</biblStruct>

<biblStruct >
	<analytic>
		<title level="a" type="main">Learning from Imbalanced Data Sets: A Comparison of Various Strategies</title>
		<author>
			<persName xmlns="http://www.tei-c.org/ns/1.0"><forename type="first">Nathalie</forename><surname>Japkowicz</surname></persName>
		</author>
	</analytic>
	<monogr>
		<title level="m">Proc. of the AAAI Workshop on Learning from Imbalanced Data Sets</title>
		<meeting>of the AAAI Workshop on Learning from Imbalanced Data Sets</meeting>
		<imprint>
			<date type="published" when="2000" />
			<biblScope unit="page" from="10" to="15" />
		</imprint>
	</monogr>
</biblStruct>

<biblStruct >
	<analytic>
		<title level="a" type="main">Use of Support Vector Learning for Chunking Identification</title>
		<author>
			<persName xmlns="http://www.tei-c.org/ns/1.0"><forename type="first">Taku</forename><surname>Kudo</surname></persName>
		</author>
		<author>
			<persName xmlns="http://www.tei-c.org/ns/1.0"><forename type="first">Yuji</forename><surname>Matsumoto</surname></persName>
		</author>
	</analytic>
	<monogr>
		<title level="m">Proc of the 4th CoNLL</title>
		<meeting>of the 4th CoNLL</meeting>
		<imprint>
			<date type="published" when="2000" />
			<biblScope unit="page" from="142" to="144" />
		</imprint>
	</monogr>
</biblStruct>

<biblStruct >
	<analytic>
		<title level="a" type="main">Conditional random fields: Probabilistic models for segmenting and labeling sequence data</title>
		<author>
			<persName xmlns="http://www.tei-c.org/ns/1.0"><forename type="first">John</forename><surname>Lafferty</surname></persName>
		</author>
		<author>
			<persName xmlns="http://www.tei-c.org/ns/1.0"><forename type="first">Andrew</forename><surname>Mccallum</surname></persName>
		</author>
		<author>
			<persName xmlns="http://www.tei-c.org/ns/1.0"><forename type="first">Fernando</forename><surname>Pereira</surname></persName>
		</author>
	</analytic>
	<monogr>
		<title level="m">Proc. of ICML</title>
		<meeting>of ICML</meeting>
		<imprint>
			<date type="published" when="2001" />
			<biblScope unit="page" from="282" to="289" />
		</imprint>
	</monogr>
</biblStruct>

<biblStruct >
	<analytic>
		<title level="a" type="main">Robust Temporal Processing of News</title>
		<author>
			<persName xmlns="http://www.tei-c.org/ns/1.0"><forename type="first">Inderjeet</forename><surname>Mani</surname></persName>
		</author>
		<author>
			<persName xmlns="http://www.tei-c.org/ns/1.0"><forename type="first">George</forename><surname>Wilson</surname></persName>
		</author>
	</analytic>
	<monogr>
		<title level="m">Proc. of the 38th ACL</title>
		<meeting>of the 38th ACL</meeting>
		<imprint>
			<date type="published" when="2000" />
			<biblScope unit="page" from="69" to="76" />
		</imprint>
	</monogr>
</biblStruct>

<biblStruct >
	<analytic>
		<title level="a" type="main">Automatically Collecting and Monitoring Japanese Weblogs</title>
		<author>
			<persName xmlns="http://www.tei-c.org/ns/1.0"><forename type="first">Tomoyuki</forename><surname>Nanno</surname></persName>
		</author>
		<author>
			<persName xmlns="http://www.tei-c.org/ns/1.0"><forename type="first">Yasuhiro</forename><surname>Suzuki</surname></persName>
		</author>
		<author>
			<persName xmlns="http://www.tei-c.org/ns/1.0"><forename type="first">Toshiaki</forename><surname>Fujiki</surname></persName>
		</author>
		<author>
			<persName xmlns="http://www.tei-c.org/ns/1.0"><forename type="first">Manabu</forename><surname>Okumura</surname></persName>
		</author>
	</analytic>
	<monogr>
		<title level="j">Journal for Japanese Society for Artificial Intelligence ，</title>
		<imprint>
			<biblScope unit="volume">19</biblScope>
			<biblScope unit="issue">6</biblScope>
			<biblScope unit="page" from="511" to="520" />
			<date type="published" when="2004" />
		</imprint>
	</monogr>
	<note>in Japanese</note>
</biblStruct>

<biblStruct >
	<monogr>
		<title level="m" type="main">Text classification from labeled and unlabeled documents using EM. Machine Learning</title>
		<author>
			<persName xmlns="http://www.tei-c.org/ns/1.0"><forename type="first">Kamal</forename><surname>Nigam</surname></persName>
		</author>
		<author>
			<persName xmlns="http://www.tei-c.org/ns/1.0"><forename type="first">Andrew</forename><surname>Mccallum</surname></persName>
		</author>
		<author>
			<persName xmlns="http://www.tei-c.org/ns/1.0"><forename type="first">Sebastian</forename><surname>Thrun</surname></persName>
		</author>
		<author>
			<persName xmlns="http://www.tei-c.org/ns/1.0"><forename type="first">Tom</forename><surname>Mitchell</surname></persName>
		</author>
		<imprint>
			<date type="published" when="2000" />
			<biblScope unit="volume">39</biblScope>
			<biblScope unit="page" from="103" to="134" />
		</imprint>
	</monogr>
</biblStruct>

<biblStruct >
	<monogr>
				<author>
			<persName xmlns="http://www.tei-c.org/ns/1.0"><forename type="first">Satoshi</forename><surname>Sekine</surname></persName>
		</author>
		<author>
			<persName xmlns="http://www.tei-c.org/ns/1.0"><forename type="first">Hitoshi</forename><surname>Isahara</surname></persName>
		</author>
		<title level="m">IREX project overview. Proceedings of the IREX Workshop</title>
		<imprint>
			<date type="published" when="1999" />
		</imprint>
	</monogr>
</biblStruct>

<biblStruct >
	<analytic>
		<title level="a" type="main">A Pilot Study on Annotating Temporal Relations in Text</title>
		<author>
			<persName xmlns="http://www.tei-c.org/ns/1.0"><forename type="first">Andrea</forename><surname>Setzer</surname></persName>
		</author>
		<author>
			<persName xmlns="http://www.tei-c.org/ns/1.0"><forename type="first">Robert</forename><surname>Gaizauskas</surname></persName>
		</author>
	</analytic>
	<monogr>
		<title level="m">Proc. of the ACL-2001 Workshop on Temporal and Spatial Information Processing</title>
		<meeting>of the ACL-2001 Workshop on Temporal and Spatial Information essing<address><addrLine>Toulose, France</addrLine></address></meeting>
		<imprint>
			<date type="published" when="2001-07" />
			<biblScope unit="page" from="88" to="95" />
		</imprint>
	</monogr>
</biblStruct>

<biblStruct >
	<monogr>
		<title level="m" type="main">Evaluation of a Time Judgement Technique Based on an Association Mechanism. IPSG SIG Technical Reports，2005-NL-168</title>
		<author>
			<persName xmlns="http://www.tei-c.org/ns/1.0"><forename type="first">Seiji</forename><surname>Tsuchiya</surname></persName>
		</author>
		<author>
			<persName xmlns="http://www.tei-c.org/ns/1.0"><forename type="first">Hirokazu</forename><surname>Watabe</surname></persName>
		</author>
		<author>
			<persName xmlns="http://www.tei-c.org/ns/1.0"><forename type="first">Tsukasa</forename><surname>Kawaoka</surname></persName>
		</author>
		<imprint>
			<date type="published" when="2005" />
			<biblScope unit="page" from="113" to="118" />
		</imprint>
	</monogr>
	<note>in Japanese</note>
</biblStruct>

<biblStruct >
	<analytic>
		<title level="a" type="main">kNN Approach to Unbalanced Data Distributions: A Case Study involving Information Extraction</title>
		<author>
			<persName xmlns="http://www.tei-c.org/ns/1.0"><forename type="first">Jianping</forename><surname>Zhang</surname></persName>
		</author>
		<author>
			<persName xmlns="http://www.tei-c.org/ns/1.0"><forename type="first">Inderjeet</forename><surname>Mani</surname></persName>
		</author>
	</analytic>
	<monogr>
		<title level="m">Proc. of ICML Workshop on Learning from Imbalanced Datasets II</title>
		<meeting>of ICML Workshop on Learning from Imbalanced Datasets II</meeting>
		<imprint>
			<date type="published" when="2003" />
			<biblScope unit="page" from="42" to="48" />
		</imprint>
	</monogr>
</biblStruct>

			</listBibl>
		</back>
	</text>
</TEI>
