<?xml version="1.0" ?>
<TEI xmlns="http://www.tei-c.org/ns/1.0" xmlns:xlink="http://www.w3.org/1999/xlink" 
 xmlns:mml="http://www.w3.org/1998/Math/MathML">
	<teiHeader>
		<fileDesc xml:id="f_3093"/>
	</teiHeader>
	<text>
		<front/>
		<body/>
		<back>
			<listBibl>
<biblStruct >
	<analytic>
		<title level="a" type="main">Prediction and Conversational Momentum in an Augmentative Communication System</title>
		<author>
			<persName xmlns="http://www.tei-c.org/ns/1.0"><forename type="first">N</forename><surname>Alm</surname></persName>
		</author>
		<author>
			<persName xmlns="http://www.tei-c.org/ns/1.0"><forename type="first">J</forename><forename type="middle">L</forename><surname>Arnott</surname></persName>
		</author>
		<author>
			<persName xmlns="http://www.tei-c.org/ns/1.0"><forename type="first">A</forename><forename type="middle">F</forename><surname>Newell</surname></persName>
		</author>
	</analytic>
	<monogr>
		<title level="j">Communications of the ACM</title>
		<imprint>
			<biblScope unit="volume">55</biblScope>
			<biblScope unit="issue">5</biblScope>
			<date type="published" when="1992-05" />
		</imprint>
	</monogr>
</biblStruct>

<biblStruct >
	<monogr>
		<title level="m" type="main">A Natural Language Generation Framework for an Interlingua-based Machine Translation System</title>
		<author>
			<persName xmlns="http://www.tei-c.org/ns/1.0"><forename type="first">A</forename><surname>Banerjee</surname></persName>
		</author>
		<imprint>
			<date type="published" when="2005" />
			<pubPlace>MS Thesis, IIT Kharagpur</pubPlace>
		</imprint>
	</monogr>
</biblStruct>

<biblStruct >
	<analytic>
		<title level="a" type="main">Robust Natural Language Generation from Large-Scale Knowledge Bases</title>
		<author>
			<persName xmlns="http://www.tei-c.org/ns/1.0"><forename type="first">Callaway</forename><surname>Charles</surname></persName>
		</author>
		<author>
			<persName xmlns="http://www.tei-c.org/ns/1.0"><forename type="first">B</forename></persName>
		</author>
		<author>
			<persName xmlns="http://www.tei-c.org/ns/1.0"><forename type="first">Lester</forename><surname>James</surname></persName>
		</author>
		<author>
			<persName xmlns="http://www.tei-c.org/ns/1.0"><forename type="first">C</forename></persName>
		</author>
	</analytic>
	<monogr>
		<title level="m">Proceedings of the Fourth Bar-Ilan Symposium on Foundations</title>
		<meeting>the Fourth Bar-Ilan Symposium on Foundations</meeting>
		<imprint>
			<date type="published" when="1995" />
		</imprint>
	</monogr>
</biblStruct>

<biblStruct >
	<analytic>
		<title level="a" type="main">Pragmatics and Natural Language Generation</title>
		<author>
			<persName xmlns="http://www.tei-c.org/ns/1.0"><forename type="first">E</forename><forename type="middle">H</forename><surname>Hovy</surname></persName>
		</author>
	</analytic>
	<monogr>
		<title level="j">Artificial Inteligence</title>
		<imprint>
			<biblScope unit="volume">43</biblScope>
			<biblScope unit="page" from="153" to="197" />
			<date type="published" when="1990" />
		</imprint>
	</monogr>
</biblStruct>

<biblStruct >
	<analytic>
		<title level="a" type="main">Use of Statistical N_Gram Models in Natural Language Generation for Machine translation</title>
		<author>
			<persName xmlns="http://www.tei-c.org/ns/1.0"><forename type="first">Liu</forename><surname>Fu-Hua</surname></persName>
		</author>
		<author>
			<persName xmlns="http://www.tei-c.org/ns/1.0"><forename type="first">Gao</forename><surname>Liang</surname></persName>
		</author>
		<author>
			<persName xmlns="http://www.tei-c.org/ns/1.0"><forename type="first">Yuqing</forename><surname>Gu</surname></persName>
		</author>
		<author>
			<persName xmlns="http://www.tei-c.org/ns/1.0"><forename type="first">Picheny</forename><surname>Michael</surname></persName>
		</author>
	</analytic>
	<monogr>
		<title level="m">Proceedings of IEEE International Conference on Acoustics, Speech, and Signal Processing</title>
		<meeting>IEEE International Conference on Acoustics, Speech, and Signal Processing</meeting>
		<imprint>
			<date type="published" when="2003" />
			<biblScope unit="volume">1</biblScope>
			<biblScope unit="page" from="636" to="639" />
		</imprint>
	</monogr>
</biblStruct>

<biblStruct >
	<monogr>
				<author>
			<persName xmlns="http://www.tei-c.org/ns/1.0"><forename type="first">Langkilde</forename><surname>Irene</surname></persName>
		</author>
		<author>
			<persName xmlns="http://www.tei-c.org/ns/1.0"><forename type="first">Knight</forename><surname>Kevin</surname></persName>
		</author>
		<title level="m">Generation that Exploits Corpus-Based Statistical Knowledge, Annual meeting-association for computational linguistics</title>
		<imprint>
			<date type="published" when="1998" />
			<biblScope unit="page" from="704" to="710" />
		</imprint>
	</monogr>
</biblStruct>

<biblStruct >
	<monogr>
		<title level="m" type="main">Plan-Based vs. templatebased NLG: a false opposition?</title>
		<author>
			<persName xmlns="http://www.tei-c.org/ns/1.0"><surname>Deemter Kees Van</surname></persName>
		</author>
		<imprint>
			<date type="published" when="1999" />
			<publisher>Becker and Busemann</publisher>
		</imprint>
	</monogr>
</biblStruct>

<biblStruct >
	<analytic>
		<title level="a" type="main">Simple NLP Techniques for Expanding Telegraphic Sentences</title>
		<author>
			<persName xmlns="http://www.tei-c.org/ns/1.0"><forename type="first">K</forename><surname>Mccoy</surname></persName>
		</author>
	</analytic>
	<monogr>
		<title level="j">Natural Language Processing for Communication Aids</title>
		<imprint>
			<date type="published" when="1997" />
		</imprint>
	</monogr>
</biblStruct>

<biblStruct >
	<analytic>
		<title level="a" type="main">Natural Language Generation in Dialog System</title>
		<author>
			<persName xmlns="http://www.tei-c.org/ns/1.0"><forename type="first">Rambow</forename><surname>Owen</surname></persName>
		</author>
		<author>
			<persName xmlns="http://www.tei-c.org/ns/1.0"><forename type="first">Bangalore</forename><surname>Srinivas</surname></persName>
		</author>
		<author>
			<persName xmlns="http://www.tei-c.org/ns/1.0"><forename type="first">Walker</forename><surname>Marilyn</surname></persName>
		</author>
	</analytic>
	<monogr>
		<title level="m">Proceedings of the first international conference on Human language technology research HLT &apos;01</title>
		<meeting>the first international conference on Human language technology research HLT &apos;01</meeting>
		<imprint>
			<date type="published" when="2001" />
		</imprint>
	</monogr>
</biblStruct>

<biblStruct >
	<monogr>
		<title level="m" type="main">Guided Sentences Composition for Disabled People</title>
		<author>
			<persName xmlns="http://www.tei-c.org/ns/1.0"><forename type="first">Pasero</forename><surname>Robert</surname></persName>
		</author>
		<author>
			<persName xmlns="http://www.tei-c.org/ns/1.0"><forename type="first">Nathalie</forename><surname>Richardet</surname></persName>
		</author>
		<author>
			<persName xmlns="http://www.tei-c.org/ns/1.0"><forename type="first">Paul</forename><surname>Sabatier</surname></persName>
		</author>
		<imprint/>
	</monogr>
</biblStruct>

<biblStruct >
	<monogr>
				<title level="m">Proceedings of the fourth conference on Applied natural language processing</title>
		<meeting>the fourth conference on Applied natural language processing</meeting>
		<imprint>
			<date type="published" when="1994-10" />
		</imprint>
	</monogr>
</biblStruct>

<biblStruct >
	<analytic>
		<title/>
		<ptr target="http://www.mla.iitkgp.ernet.in/projects/sanyog.htm" />
	</analytic>
	<monogr>
		<title level="j">Project SANYOG Available</title>
		<imprint/>
	</monogr>
</biblStruct>

<biblStruct >
	<analytic>
		<title level="a" type="main">Designing Human Computer Interfaces for Quadriplegic People</title>
		<author>
			<persName xmlns="http://www.tei-c.org/ns/1.0"><forename type="first">C</forename><surname>Stephanidis</surname></persName>
		</author>
	</analytic>
	<monogr>
		<title level="j">ACM Transactions on Computer-Human Interaction</title>
		<imprint>
			<biblScope unit="volume">10</biblScope>
			<biblScope unit="issue">2</biblScope>
			<biblScope unit="page" from="87" to="118" />
			<date type="published" when="2003-06" />
		</imprint>
	</monogr>
</biblStruct>

			</listBibl>
		</back>
	</text>
</TEI>
