<?xml version="1.0" ?>
<TEI xmlns="http://www.tei-c.org/ns/1.0" xmlns:xlink="http://www.w3.org/1999/xlink" 
 xmlns:mml="http://www.w3.org/1998/Math/MathML">
	<teiHeader>
		<fileDesc xml:id="f_4351"/>
	</teiHeader>
	<text>
		<front/>
		<body/>
		<back>
			<listBibl>
<biblStruct >
	<monogr>
		<title/>
		<author>
			<persName xmlns="http://www.tei-c.org/ns/1.0"><forename type="first">!</forename></persName>
		</author>
		<idno>47/0503/03.7</idno>
		<imprint>
			<biblScope unit="volume">22</biblScope>
			<biblScope unit="page">78</biblScope>
		</imprint>
	</monogr>
</biblStruct>

<biblStruct >
	<monogr>
				<idno>2-0741002039810/8.</idno>
		<title level="m">97008 $:. , 7,22,7 /11078 89 1742 97,/943, 8-/893:83 .43</title>
		<imprint>
			<date type="published" when="1990" />
			<biblScope unit="volume">897</biblScope>
			<biblScope unit="page" from="709080941" to="709080945" />
		</imprint>
	</monogr>
	<note>0 94544., 7,22,7 574507 0307,908 90 94544.. 4 98 89 41 10/8 ,3/ 4 2,3-4089.,3.439,31470</note>
</biblStruct>

<biblStruct >
	<monogr>
		<title level="m" type="main">3-0.42-30/ :75,783-0/7;03-9094544</title>
		<idno>03.0849 72470570.8034:7</idno>
		<imprint>
			<date type="published" when="89419" />
			<biblScope unit="volume">783</biblScope>
			<biblScope unit="page">70</biblScope>
		</imprint>
	</monogr>
	<note>9:70 ,3/ 90 .43/943 41 90 94544. 943 41 90 /0503/039 8 2,39,30/ 4 .. 70 41 !$ ,/,709, !4,7/ $, 080.43/.,808:897,90/-90.42-3, 943-09003 /03 #42,3 ,3/ ,9 ,7, 3 98 .,800/43499707. 80 0 ;8947,48,4;0734794005,343 84.90/ 802039 0 ,93 147 ,3 002039 9,9 .,3 9,098002039398;,03.0 49040;079,994:7.43/94384390</note>
</biblStruct>

<biblStruct >
	<monogr>
		<title/>
		<author>
			<persName xmlns="http://www.tei-c.org/ns/1.0"><forename type="first">!/03#42</forename></persName>
		</author>
		<imprint>
			<biblScope unit="volume">388902</biblScope>
			<biblScope unit="page" from="42" to="30998" />
		</imprint>
	</monogr>
	<note>3.5,90/,3/174290 94544.,;054399.</note>
</biblStruct>

<biblStruct >
	<monogr>
				<idno>3/0 0803 082</idno>
		<title level="m">8090,70805</title>
		<imprint>
			<biblScope unit="volume">3349</biblScope>
			<biblScope unit="page">33</biblScope>
		</imprint>
	</monogr>
</biblStruct>

<biblStruct >
	<monogr>
		<title level="m" type="main">:89 .42-30-01470</title>
		<idno>708 N 90</idno>
		<ptr target="0/39010/1" />
		<imprint>
			<date type="published" when="9070" />
			<biblScope unit="volume">38</biblScope>
			<biblScope unit="page" from="8" to="0035" />
		</imprint>
	</monogr>
	<note>42-33 9 /03 #42,3,3/,7, 02,0942, 47.,30834:7570;4:8 ,4792 3 90 430 ,3/ 0 705,.0 90 ;, 10</note>
</biblStruct>

<biblStruct >
	<monogr>
				<author>
			<persName xmlns="http://www.tei-c.org/ns/1.0"><forename type="first">!$</forename></persName>
		</author>
		<idno>155 . /0243 897,908 90 057088;9 41 90 94544</idno>
		<title level="m">41 !$ 0 450 9</title>
		<imprint>
			<date type="published" when="1930" />
			<biblScope unit="volume">9</biblScope>
			<biblScope unit="page">78</biblScope>
		</imprint>
	</monogr>
	<note>0 9448 0 :;,039 94 90 8. 943 80/8 9 43 90 574.0/:7, 74041908. 08 0 0. ,3/ 4/073700849,99094544.,,5 574,.,48147,897,9147,7/3907. 9:7039039071,.0.43897,398 47 8 3 5747088 43 05072039, 250203 9,9438419057080390/,4792,3/43.448 3:801:,3/3:89.,,..088-035:9,3/ 4:95:91472,98#0,;,:0843011.03.349-0 ,;,,-0 ,8 43 ,8 90 7,22,7 /408 349 8:75,88 05072039, 80 3:89. 89:/ 43 .47547,29/0907230. 02,3.5,90/ ,3/ 3 5,79.:,7 ,9 9508410020398.,3-002,3.5,90/82:9,30 4:80,989418,80/002039,705488-0;039,9988902,31,.94741.4250 9 41 90 ,4792 800 0107 09 , 147 82,7 0:789. .438/07,9438 147 !$ 5</note>
</biblStruct>

			</listBibl>
		</back>
	</text>
</TEI>
