<?xml version="1.0" ?>
<TEI xmlns="http://www.tei-c.org/ns/1.0" xmlns:xlink="http://www.w3.org/1999/xlink" 
 xmlns:mml="http://www.w3.org/1998/Math/MathML">
	<teiHeader>
		<fileDesc xml:id="f_3339"/>
	</teiHeader>
	<text>
		<front/>
		<body/>
		<back>
			<listBibl>
<biblStruct >
	<analytic>
		<title level="a" type="main">A statistical approach to machine translation</title>
		<author>
			<persName xmlns="http://www.tei-c.org/ns/1.0"><forename type="first">P</forename><forename type="middle">F</forename><surname>Brown</surname></persName>
		</author>
		<author>
			<persName xmlns="http://www.tei-c.org/ns/1.0"><forename type="first">J</forename><surname>Cocke</surname></persName>
		</author>
		<author>
			<persName xmlns="http://www.tei-c.org/ns/1.0"><forename type="first">S</forename><forename type="middle">A D</forename><surname>Pietra</surname></persName>
		</author>
		<author>
			<persName xmlns="http://www.tei-c.org/ns/1.0"><forename type="first">V</forename><forename type="middle">J D</forename><surname>Pietra</surname></persName>
		</author>
		<author>
			<persName xmlns="http://www.tei-c.org/ns/1.0"><forename type="first">F</forename><surname>Jelinek</surname></persName>
		</author>
		<author>
			<persName xmlns="http://www.tei-c.org/ns/1.0"><forename type="first">J</forename><forename type="middle">D</forename><surname>Lafferty</surname></persName>
		</author>
		<author>
			<persName xmlns="http://www.tei-c.org/ns/1.0"><forename type="first">R</forename><forename type="middle">L</forename><surname>Mercer</surname></persName>
		</author>
		<author>
			<persName xmlns="http://www.tei-c.org/ns/1.0"><forename type="first">P</forename><forename type="middle">S</forename><surname>Roossin</surname></persName>
		</author>
	</analytic>
	<monogr>
		<title level="j">Computational Linguistics</title>
		<imprint>
			<biblScope unit="issue">2</biblScope>
			<biblScope unit="page" from="79" to="85" />
			<date type="published" when="1990" />
		</imprint>
	</monogr>
</biblStruct>

<biblStruct >
	<monogr>
		<title level="m" type="main">From Call Center to Contact Center: How to Successfully Blend Phone, Email, Web and Chat to Deliver Great Service and Slash Costs</title>
		<author>
			<persName xmlns="http://www.tei-c.org/ns/1.0"><forename type="first">G</forename><surname>Gianforte</surname></persName>
		</author>
		<imprint>
			<date type="published" when="2003" />
		</imprint>
	</monogr>
	<note>RightNow Technologies</note>
</biblStruct>

<biblStruct >
	<monogr>
				<author>
			<persName xmlns="http://www.tei-c.org/ns/1.0"><forename type="first">D</forename><surname>Graf</surname></persName>
		</author>
		<author>
			<persName xmlns="http://www.tei-c.org/ns/1.0"><forename type="first">K</forename><surname>Chen</surname></persName>
		</author>
		<author>
			<persName xmlns="http://www.tei-c.org/ns/1.0"><forename type="first">J</forename><surname>Kong</surname></persName>
		</author>
		<author>
			<persName xmlns="http://www.tei-c.org/ns/1.0"><forename type="first">K</forename><surname>Maeda</surname></persName>
		</author>
		<title level="m">Chinese Gigaword Second Edition. LDC Catalog Number LDC2005T14</title>
		<imprint>
			<date type="published" when="2005" />
		</imprint>
	</monogr>
</biblStruct>

<biblStruct >
	<monogr>
		<title level="m" type="main">Report into the use of CHAT in education. Final report for project of Effective use of CHAT in Online Learning</title>
		<author>
			<persName xmlns="http://www.tei-c.org/ns/1.0"><forename type="first">M</forename><surname>Heard-White</surname></persName>
		</author>
		<author>
			<persName xmlns="http://www.tei-c.org/ns/1.0"><forename type="first">Gunter</forename><surname>Saunders</surname></persName>
		</author>
		<author>
			<persName xmlns="http://www.tei-c.org/ns/1.0"><forename type="first">Anita</forename><surname>Pincas</surname></persName>
		</author>
		<imprint>
			<date type="published" when="2004" />
		</imprint>
		<respStmt>
			<orgName>Institute of Education, University of London</orgName>
		</respStmt>
	</monogr>
</biblStruct>

<biblStruct >
	<monogr>
		<title level="m" type="main">Modified Kneser-Ney Smoothing of n-gram Models</title>
		<author>
			<persName xmlns="http://www.tei-c.org/ns/1.0"><forename type="first">F</forename><surname>James</surname></persName>
		</author>
		<idno>00.07</idno>
		<imprint>
			<date type="published" when="2000" />
		</imprint>
	</monogr>
<note type="report_type">RIACS Technical Report</note>
</biblStruct>

<biblStruct >
	<analytic>
		<title level="a" type="main">Estimation of probabilities from sparse data for the language model component of a speech recognizer</title>
		<author>
			<persName xmlns="http://www.tei-c.org/ns/1.0"><forename type="first">S</forename><forename type="middle">M</forename><surname>Katz</surname></persName>
		</author>
	</analytic>
	<monogr>
		<title level="j">IEEE Transactions on Acoustics, Speech and Signal Processing</title>
		<imprint>
			<biblScope unit="volume">35</biblScope>
			<biblScope unit="issue">3</biblScope>
			<biblScope unit="page" from="400" to="401" />
		</imprint>
	</monogr>
</biblStruct>

<biblStruct >
	<analytic>
		<title level="a" type="main">An Kind of Chinese Text Strings&apos; Similarity and its Application in Speech Recognition</title>
		<author>
			<persName xmlns="http://www.tei-c.org/ns/1.0"><forename type="first">H</forename><surname>Li</surname></persName>
		</author>
		<author>
			<persName xmlns="http://www.tei-c.org/ns/1.0"><forename type="first">W</forename><surname>He</surname></persName>
		</author>
		<author>
			<persName xmlns="http://www.tei-c.org/ns/1.0"><forename type="first">B</forename><surname>Yuan</surname></persName>
		</author>
	</analytic>
	<monogr>
		<title level="j">Journal of Chinese Information Processing</title>
		<imprint>
			<biblScope unit="volume">17</biblScope>
			<biblScope unit="issue">1</biblScope>
			<biblScope unit="page" from="60" to="64" />
			<date type="published" when="2003" />
		</imprint>
	</monogr>
</biblStruct>

<biblStruct >
	<analytic>
		<title level="a" type="main">Security officials to spy on chat rooms</title>
		<author>
			<persName xmlns="http://www.tei-c.org/ns/1.0"><forename type="first">D</forename><surname>Mccullagh</surname></persName>
		</author>
	</analytic>
	<monogr>
		<title level="j">News provided by CNET Networks. November</title>
		<imprint>
			<biblScope unit="volume">24</biblScope>
			<date type="published" when="2004" />
		</imprint>
	</monogr>
</biblStruct>

<biblStruct >
	<monogr>
				<author>
			<persName xmlns="http://www.tei-c.org/ns/1.0"><forename type="first">Y</forename><surname>Xia</surname></persName>
		</author>
		<author>
			<persName xmlns="http://www.tei-c.org/ns/1.0"><forename type="first">K.-F</forename><surname>Wong</surname></persName>
		</author>
		<author>
			<persName xmlns="http://www.tei-c.org/ns/1.0"><forename type="first">W</forename><surname>Gao</surname></persName>
		</author>
		<title level="m">NIL is not Nothing: Recognition of Chinese Network Informal Language Expressions. 4th SIGHAN Workshop at IJCNLP&apos;05</title>
		<imprint>
			<date type="published" when="2005" />
			<biblScope unit="page" from="95" to="102" />
		</imprint>
	</monogr>
</biblStruct>

<biblStruct >
	<monogr>
				<author>
			<persName xmlns="http://www.tei-c.org/ns/1.0"><forename type="first">Y</forename><surname>Xia</surname></persName>
		</author>
		<author>
			<persName xmlns="http://www.tei-c.org/ns/1.0"><forename type="first">K.-F</forename><surname>Wong</surname></persName>
		</author>
		<title level="m">Anomaly Detecting within Dynamic Chinese Chat Text. EACL&apos;06 NEW TEXT workshop</title>
		<imprint>
			<date type="published" when="2006" />
			<biblScope unit="page" from="48" to="55" />
		</imprint>
	</monogr>
</biblStruct>

<biblStruct >
	<monogr>
		<title level="m" type="main">Constructing A Chinese Chat Text Corpus with A Two-Stage Incremental Annotation Approach</title>
		<author>
			<persName xmlns="http://www.tei-c.org/ns/1.0"><forename type="first">Y</forename><surname>Xia</surname></persName>
		</author>
		<author>
			<persName xmlns="http://www.tei-c.org/ns/1.0"><forename type="first">K.-F</forename><surname>Wong</surname></persName>
		</author>
		<author>
			<persName xmlns="http://www.tei-c.org/ns/1.0"><forename type="first">W</forename><surname>Li</surname></persName>
		</author>
		<imprint>
			<date type="published" when="2006" />
			<biblScope unit="page">6</biblScope>
		</imprint>
	</monogr>
</biblStruct>

			</listBibl>
		</back>
	</text>
</TEI>
