<?xml version="1.0" ?>
<TEI xmlns="http://www.tei-c.org/ns/1.0" xmlns:xlink="http://www.w3.org/1999/xlink" 
 xmlns:mml="http://www.w3.org/1998/Math/MathML">
	<teiHeader>
		<fileDesc xml:id="f_378"/>
	</teiHeader>
	<text>
		<front/>
		<body/>
		<back>
			<listBibl>
<biblStruct >
	<analytic>
		<title level="a" type="main">An introduction to MCMC for Machine Learning</title>
		<author>
			<persName xmlns="http://www.tei-c.org/ns/1.0"><forename type="first">Christophe</forename><surname>Andrieu</surname></persName>
		</author>
		<author>
			<persName xmlns="http://www.tei-c.org/ns/1.0"><forename type="first">Arnaud</forename><surname>Nando De Freitas</surname></persName>
		</author>
		<author>
			<persName xmlns="http://www.tei-c.org/ns/1.0"><forename type="first">Michael</forename><forename type="middle">I</forename><surname>Doucet</surname></persName>
		</author>
		<author>
			<persName xmlns="http://www.tei-c.org/ns/1.0"><surname>Jordan</surname></persName>
		</author>
	</analytic>
	<monogr>
		<title level="m">Machine Learning</title>
		<imprint>
			<date type="published" when="2003" />
			<biblScope unit="volume">50</biblScope>
			<biblScope unit="page" from="5" to="43" />
		</imprint>
	</monogr>
</biblStruct>

<biblStruct >
	<monogr>
		<title level="m" type="main">Corpus-based Japanese morphological analysis. Nara Institute of Science and Technology, Doctor&apos;s Thesis</title>
		<author>
			<persName xmlns="http://www.tei-c.org/ns/1.0"><forename type="first">Masayuki</forename><surname>Asahara</surname></persName>
		</author>
		<imprint>
			<date type="published" when="2003" />
		</imprint>
	</monogr>
</biblStruct>

<biblStruct >
	<analytic>
		<title level="a" type="main">Estimating Lexical Priors for Low-Frequency Morphologically Ambiguous Forms</title>
		<author>
			<persName xmlns="http://www.tei-c.org/ns/1.0"><forename type="first">Harald</forename><surname>Baayen</surname></persName>
		</author>
		<author>
			<persName xmlns="http://www.tei-c.org/ns/1.0"><forename type="first">Richard</forename><surname>Sproat</surname></persName>
		</author>
	</analytic>
	<monogr>
		<title level="j">Computational Linguistics</title>
		<imprint>
			<biblScope unit="volume">22</biblScope>
			<biblScope unit="issue">2</biblScope>
			<biblScope unit="page" from="155" to="166" />
			<date type="published" when="1996" />
		</imprint>
	</monogr>
</biblStruct>

<biblStruct >
	<analytic>
		<title level="a" type="main">A Maximum Entropy Approach to Natural Language Processing</title>
		<author>
			<persName xmlns="http://www.tei-c.org/ns/1.0"><forename type="first">Adam</forename><forename type="middle">L</forename><surname>Berger</surname></persName>
		</author>
		<author>
			<persName xmlns="http://www.tei-c.org/ns/1.0"><forename type="first">Stephen</forename><forename type="middle">A</forename><surname>Della Pietra</surname></persName>
		</author>
		<author>
			<persName xmlns="http://www.tei-c.org/ns/1.0"><forename type="first">Vincent</forename><forename type="middle">J</forename><surname>Della Pietra</surname></persName>
		</author>
	</analytic>
	<monogr>
		<title level="j">Computational Linguistics</title>
		<imprint>
			<biblScope unit="volume">22</biblScope>
			<biblScope unit="issue">1</biblScope>
			<biblScope unit="page" from="39" to="71" />
			<date type="published" when="1996" />
		</imprint>
	</monogr>
</biblStruct>

<biblStruct >
	<monogr>
		<title level="m" type="main">A Gaussian Prior for Smoothing Maximum Entropy Models</title>
		<author>
			<persName xmlns="http://www.tei-c.org/ns/1.0"><forename type="first">Stanley</forename><surname>Chen</surname></persName>
		</author>
		<author>
			<persName xmlns="http://www.tei-c.org/ns/1.0"><forename type="first">Ronald</forename><surname>Rosenfeld</surname></persName>
		</author>
		<idno>CMUCS-99-108</idno>
		<imprint>
			<date type="published" when="1999" />
		</imprint>
		<respStmt>
			<orgName>Carnegie Mellon University</orgName>
		</respStmt>
	</monogr>
<note type="report_type">Technical Report</note>
</biblStruct>

<biblStruct >
	<analytic>
		<title level="a" type="main">Category Guessing for Chinese Unknown Words</title>
		<author>
			<persName xmlns="http://www.tei-c.org/ns/1.0"><forename type="first">Ming-Hong</forename><surname>Chao-Jan Chen</surname></persName>
		</author>
		<author>
			<persName xmlns="http://www.tei-c.org/ns/1.0"><forename type="first">Keh-Jiann</forename><surname>Bai</surname></persName>
		</author>
		<author>
			<persName xmlns="http://www.tei-c.org/ns/1.0"><surname>Chen</surname></persName>
		</author>
	</analytic>
	<monogr>
		<title level="m">Proceedings of NLPRS &apos;97</title>
		<meeting>NLPRS &apos;97</meeting>
		<imprint>
			<date type="published" when="1997" />
			<biblScope unit="page" from="35" to="40" />
		</imprint>
	</monogr>
</biblStruct>

<biblStruct >
	<analytic>
		<title level="a" type="main">Named Entity Recognition: A Maximum Entropy Approach Using Global Information</title>
		<author>
			<persName xmlns="http://www.tei-c.org/ns/1.0"><forename type="first">Hai</forename><surname>Leong Chieu</surname></persName>
		</author>
		<author>
			<persName xmlns="http://www.tei-c.org/ns/1.0"><forename type="first">Hwee Tou</forename><surname>Ng</surname></persName>
		</author>
	</analytic>
	<monogr>
		<title level="m">Proceedings of COLING 2002</title>
		<meeting>COLING 2002</meeting>
		<imprint>
			<date type="published" when="2002" />
			<biblScope unit="page" from="190" to="196" />
		</imprint>
	</monogr>
</biblStruct>

<biblStruct >
	<analytic>
		<title level="a" type="main">Incorporating Non-local Information into Information Extraction Systems by Gibbs Sampling</title>
		<author>
			<persName xmlns="http://www.tei-c.org/ns/1.0"><forename type="first">Jenny</forename><forename type="middle">Rose</forename><surname>Finkel</surname></persName>
		</author>
		<author>
			<persName xmlns="http://www.tei-c.org/ns/1.0"><forename type="first">Trond</forename><surname>Grenager</surname></persName>
		</author>
		<author>
			<persName xmlns="http://www.tei-c.org/ns/1.0"><forename type="first">Christopher</forename><surname>Manning</surname></persName>
		</author>
	</analytic>
	<monogr>
		<title level="m">Proceedings of ACL 2005</title>
		<meeting>ACL 2005</meeting>
		<imprint>
			<date type="published" when="2005" />
			<biblScope unit="page" from="363" to="370" />
		</imprint>
	</monogr>
</biblStruct>

<biblStruct >
	<analytic>
		<title level="a" type="main">Log-linear interpolation of language models</title>
		<author>
			<persName xmlns="http://www.tei-c.org/ns/1.0"><forename type="first">D</forename><surname>Klakow</surname></persName>
		</author>
	</analytic>
	<monogr>
		<title level="m">Proceedings of ICSLP &apos;98</title>
		<meeting>ICSLP &apos;98</meeting>
		<imprint>
			<date type="published" when="1998" />
			<biblScope unit="page" from="1695" to="1699" />
		</imprint>
	</monogr>
</biblStruct>

<biblStruct >
	<analytic>
		<title level="a" type="main">On the limited memory BFGS method for large scale optimization</title>
		<author>
			<persName xmlns="http://www.tei-c.org/ns/1.0"><forename type="first">C</forename><surname>Dong</surname></persName>
		</author>
		<author>
			<persName xmlns="http://www.tei-c.org/ns/1.0"><forename type="first">Jorge</forename><surname>Liu</surname></persName>
		</author>
		<author>
			<persName xmlns="http://www.tei-c.org/ns/1.0"><surname>Nocedal</surname></persName>
		</author>
	</analytic>
	<monogr>
		<title level="j">Mathematical Programming</title>
		<imprint>
			<biblScope unit="volume">45</biblScope>
			<biblScope unit="issue">3</biblScope>
			<biblScope unit="page" from="503" to="528" />
			<date type="published" when="1989" />
		</imprint>
	</monogr>
</biblStruct>

<biblStruct >
	<monogr>
				<author>
			<persName xmlns="http://www.tei-c.org/ns/1.0"><forename type="first">J</forename><forename type="middle">C</forename><surname>David</surname></persName>
		</author>
		<author>
			<persName xmlns="http://www.tei-c.org/ns/1.0"><surname>Mackay</surname></persName>
		</author>
		<title level="m">Information Theory, Inference, and Learning Algorithms</title>
		<imprint>
			<publisher>Cambridge University Press</publisher>
			<date type="published" when="2003" />
		</imprint>
	</monogr>
</biblStruct>

<biblStruct >
	<monogr>
		<title level="m" type="main">Optimal Bayesian Estimators for Image Segmentation and Surface Reconstruction. A.I. Memo 839, MIT</title>
		<author>
			<persName xmlns="http://www.tei-c.org/ns/1.0"><forename type="first">Jose</forename><forename type="middle">L</forename><surname>Marroquin</surname></persName>
		</author>
		<imprint>
			<date type="published" when="1985" />
		</imprint>
	</monogr>
</biblStruct>

<biblStruct >
	<analytic>
		<title level="a" type="main">Automatic Rule Induction for UnknownWord Guessing</title>
		<author>
			<persName xmlns="http://www.tei-c.org/ns/1.0"><forename type="first">Andrei</forename><surname>Mikheev</surname></persName>
		</author>
	</analytic>
	<monogr>
		<title level="j">Computational Linguistics</title>
		<imprint>
			<biblScope unit="volume">23</biblScope>
			<biblScope unit="issue">3</biblScope>
			<biblScope unit="page" from="405" to="423" />
			<date type="published" when="1997" />
		</imprint>
	</monogr>
</biblStruct>

<biblStruct >
	<analytic>
		<title level="a" type="main">Word Extraction from Corpora and Its Part-of-Speech Estimation Using Distributional Analysis</title>
		<author>
			<persName xmlns="http://www.tei-c.org/ns/1.0"><forename type="first">Shinsuke</forename><surname>Mori</surname></persName>
		</author>
		<author>
			<persName xmlns="http://www.tei-c.org/ns/1.0"><forename type="first">Makoto</forename><surname>Nagao</surname></persName>
		</author>
	</analytic>
	<monogr>
		<title level="m">Proceedings of COLING &apos;96</title>
		<meeting>COLING &apos;96</meeting>
		<imprint>
			<date type="published" when="1996" />
			<biblScope unit="page" from="1119" to="1122" />
		</imprint>
	</monogr>
</biblStruct>

<biblStruct >
	<analytic>
		<title level="a" type="main">A Part of Speech Estimation Method for Japanese Unknown Words using a Statistical Model of Morphology and Context</title>
		<author>
			<persName xmlns="http://www.tei-c.org/ns/1.0"><forename type="first">Masaki</forename><surname>Nagata</surname></persName>
		</author>
	</analytic>
	<monogr>
		<title level="m">Proceedings of ACL &apos;99</title>
		<meeting>ACL &apos;99</meeting>
		<imprint>
			<date type="published" when="1999" />
			<biblScope unit="page" from="277" to="284" />
		</imprint>
	</monogr>
</biblStruct>

<biblStruct >
	<analytic>
		<title level="a" type="main">POS Disambiguation and Unknown Word Guessing with Decision Trees</title>
		<author>
			<persName xmlns="http://www.tei-c.org/ns/1.0"><forename type="first">S</forename><surname>Giorgos</surname></persName>
		</author>
		<author>
			<persName xmlns="http://www.tei-c.org/ns/1.0"><forename type="first">Dimitris</forename><forename type="middle">N</forename><surname>Orphanos</surname></persName>
		</author>
		<author>
			<persName xmlns="http://www.tei-c.org/ns/1.0"><surname>Christodoulakis</surname></persName>
		</author>
	</analytic>
	<monogr>
		<title level="m">Proceedings of EACL &apos;99</title>
		<meeting>EACL &apos;99</meeting>
		<imprint>
			<date type="published" when="1999" />
			<biblScope unit="page" from="134" to="141" />
		</imprint>
	</monogr>
</biblStruct>

<biblStruct >
	<analytic>
		<title level="a" type="main">A Maximum Entropy Model for Part-ofSpeech Tagging</title>
		<author>
			<persName xmlns="http://www.tei-c.org/ns/1.0"><forename type="first">Adwait</forename><surname>Ratnaparkhi</surname></persName>
		</author>
	</analytic>
	<monogr>
		<title level="m">Proceedings of EMNLP &apos;96</title>
		<meeting>EMNLP &apos;96</meeting>
		<imprint>
			<date type="published" when="1996" />
			<biblScope unit="page" from="133" to="142" />
		</imprint>
	</monogr>
</biblStruct>

<biblStruct >
	<analytic>
		<title level="a" type="main">Whole-Sentence Exponential Language Models: A Vehicle For Linguistic-Statistical Integration</title>
		<author>
			<persName xmlns="http://www.tei-c.org/ns/1.0"><forename type="first">Ronald</forename><surname>Rosenfeld</surname></persName>
		</author>
		<author>
			<persName xmlns="http://www.tei-c.org/ns/1.0"><forename type="first">Stanley</forename><forename type="middle">F</forename><surname>Chen</surname></persName>
		</author>
		<author>
			<persName xmlns="http://www.tei-c.org/ns/1.0"><forename type="first">Xiaojin</forename><surname>Zhu</surname></persName>
		</author>
	</analytic>
	<monogr>
		<title level="j">Computers Speech and Language</title>
		<imprint>
			<biblScope unit="volume">15</biblScope>
			<biblScope unit="issue">1</biblScope>
			<biblScope unit="page" from="55" to="73" />
			<date type="published" when="2001" />
		</imprint>
	</monogr>
</biblStruct>

<biblStruct >
	<analytic>
		<title level="a" type="main">Extracting Semantic Orientations of Words using Spin Model</title>
		<author>
			<persName xmlns="http://www.tei-c.org/ns/1.0"><forename type="first">Hiroya</forename><surname>Takamura</surname></persName>
		</author>
		<author>
			<persName xmlns="http://www.tei-c.org/ns/1.0"><forename type="first">Takashi</forename><surname>Inui</surname></persName>
		</author>
		<author>
			<persName xmlns="http://www.tei-c.org/ns/1.0"><forename type="first">Manabu</forename><surname>Okumura</surname></persName>
		</author>
	</analytic>
	<monogr>
		<title level="m">Proceedings of ACL 2005</title>
		<meeting>ACL 2005</meeting>
		<imprint>
			<date type="published" when="2005" />
			<biblScope unit="page" from="133" to="140" />
		</imprint>
	</monogr>
</biblStruct>

<biblStruct >
	<analytic>
		<title level="a" type="main">The Unknown Word Problem: a Morphological Analysis of Japanese Using Maximum Entropy Aided by a Dictionary</title>
		<author>
			<persName xmlns="http://www.tei-c.org/ns/1.0"><forename type="first">Kiyotaka</forename><surname>Uchimoto</surname></persName>
		</author>
		<author>
			<persName xmlns="http://www.tei-c.org/ns/1.0"><forename type="first">Satoshi</forename><surname>Sekine</surname></persName>
		</author>
		<author>
			<persName xmlns="http://www.tei-c.org/ns/1.0"><forename type="first">Hitoshi</forename><surname>Isahara</surname></persName>
		</author>
	</analytic>
	<monogr>
		<title level="m">Proceedings of EMNLP 2001</title>
		<meeting>EMNLP 2001</meeting>
		<imprint>
			<date type="published" when="2001" />
			<biblScope unit="page" from="91" to="99" />
		</imprint>
	</monogr>
</biblStruct>

<biblStruct >
	<analytic>
		<title level="a" type="main">Exploiting Syntactic, Semantic and Lexical Regularities in Language Modeling via Directed Markov Random Fields</title>
		<author>
			<persName xmlns="http://www.tei-c.org/ns/1.0"><forename type="first">Shaojun</forename><surname>Wang</surname></persName>
		</author>
		<author>
			<persName xmlns="http://www.tei-c.org/ns/1.0"><forename type="first">Shaomin</forename><surname>Wang</surname></persName>
		</author>
		<author>
			<persName xmlns="http://www.tei-c.org/ns/1.0"><forename type="first">Russel</forename><surname>Greiner</surname></persName>
		</author>
		<author>
			<persName xmlns="http://www.tei-c.org/ns/1.0"><forename type="first">Dale</forename><surname>Schuurmans</surname></persName>
		</author>
		<author>
			<persName xmlns="http://www.tei-c.org/ns/1.0"><forename type="first">Li</forename><surname>Cheng</surname></persName>
		</author>
	</analytic>
	<monogr>
		<title level="m">Proceedings of ICML 2005</title>
		<meeting>ICML 2005</meeting>
		<imprint>
			<date type="published" when="2005" />
			<biblScope unit="page" from="948" to="955" />
		</imprint>
	</monogr>
</biblStruct>

<biblStruct >
	<analytic>
		<title level="a" type="main">Unsupervised Word Sense Disambiguation Rivaling Supervised Methods</title>
		<author>
			<persName xmlns="http://www.tei-c.org/ns/1.0"><forename type="first">David</forename><surname>Yarowsky</surname></persName>
		</author>
	</analytic>
	<monogr>
		<title level="m">Proceedings of ACL &apos;95</title>
		<meeting>ACL &apos;95</meeting>
		<imprint>
			<date type="published" when="1995" />
			<biblScope unit="page" from="189" to="196" />
		</imprint>
	</monogr>
</biblStruct>

			</listBibl>
		</back>
	</text>
</TEI>
