<?xml version="1.0" ?>
<TEI xmlns="http://www.tei-c.org/ns/1.0" xmlns:xlink="http://www.w3.org/1999/xlink" 
 xmlns:mml="http://www.w3.org/1998/Math/MathML">
	<teiHeader>
		<fileDesc xml:id="f_3683"/>
	</teiHeader>
	<text>
		<front/>
		<body/>
		<back>
			<listBibl>
<biblStruct >
	<analytic>
		<title level="a" type="main">Automatic Evaluation of Summaries using N-gram Cooccurrence Statistics</title>
		<author>
			<persName xmlns="http://www.tei-c.org/ns/1.0"><forename type="first">Chin-Yew</forename><surname>Lin</surname></persName>
		</author>
		<author>
			<persName xmlns="http://www.tei-c.org/ns/1.0"><forename type="first">Eduard</forename><surname>Hovy</surname></persName>
		</author>
	</analytic>
	<monogr>
		<title level="m">Proceedings of HLT/ NAACL 2003</title>
		<meeting>HLT/ NAACL 2003</meeting>
		<imprint>
			<date type="published" when="2003" />
			<biblScope unit="page" from="71" to="78" />
		</imprint>
	</monogr>
</biblStruct>

<biblStruct >
	<analytic>
		<title level="a" type="main">Event-based Extractive Summarization</title>
		<author>
			<persName xmlns="http://www.tei-c.org/ns/1.0"><forename type="first">Elena</forename><surname>Filatova</surname></persName>
		</author>
		<author>
			<persName xmlns="http://www.tei-c.org/ns/1.0"><forename type="first">Vasileios</forename><surname>Hatzivassiloglou</surname></persName>
		</author>
	</analytic>
	<monogr>
		<title level="m">Proceedings of ACL 2004 Workshop on Summarization</title>
		<meeting>ACL 2004 Workshop on Summarization</meeting>
		<imprint>
			<date type="published" when="2004" />
			<biblScope unit="page" from="104" to="111" />
		</imprint>
	</monogr>
</biblStruct>

<biblStruct >
	<analytic>
		<title level="a" type="main">Generic Summarization and keyphrase Extraction using Mutual Reinforcement Principle and Sentence Clustering</title>
		<author>
			<persName xmlns="http://www.tei-c.org/ns/1.0"><forename type="first">Hongyuan</forename><surname>Zha</surname></persName>
		</author>
	</analytic>
	<monogr>
		<title level="m">Proceedings of the 25th annual international ACM SIGIR conference on Research and development in information retrieval</title>
		<meeting>the 25th annual international ACM SIGIR conference on Research and development in information retrieval</meeting>
		<imprint>
			<date type="published" when="2002" />
			<biblScope unit="page" from="113" to="120" />
		</imprint>
	</monogr>
</biblStruct>

<biblStruct >
	<monogr>
		<title level="m" type="main">The PageRank CitationRanking: Bring Order to the Web</title>
		<author>
			<persName xmlns="http://www.tei-c.org/ns/1.0"><forename type="first">Lawrence</forename><surname>Page</surname></persName>
		</author>
		<author>
			<persName xmlns="http://www.tei-c.org/ns/1.0"><forename type="first">Sergey</forename><surname>Brin</surname></persName>
		</author>
		<author>
			<persName xmlns="http://www.tei-c.org/ns/1.0"><forename type="first">Motwani</forename><surname>Rajeev</surname></persName>
		</author>
		<author>
			<persName xmlns="http://www.tei-c.org/ns/1.0"><forename type="first">Winograd</forename><surname>Terry</surname></persName>
		</author>
		<imprint>
			<date type="published" when="1998" />
		</imprint>
		<respStmt>
			<orgName>Stanford University</orgName>
		</respStmt>
	</monogr>
<note type="report_type">Technical Report</note>
</biblStruct>

<biblStruct >
	<analytic>
		<title level="a" type="main">A Density-Based Algorithm for Discovering Clusters in Large Spatial Databases with Noise</title>
		<author>
			<persName xmlns="http://www.tei-c.org/ns/1.0"><forename type="first">Martin</forename><surname>Easter</surname></persName>
		</author>
		<author>
			<persName xmlns="http://www.tei-c.org/ns/1.0"><forename type="first">Hans-Peter</forename><surname>Kriegel</surname></persName>
		</author>
		<author>
			<persName xmlns="http://www.tei-c.org/ns/1.0"><forename type="first">Jörg</forename><surname>Sander</surname></persName>
		</author>
	</analytic>
	<monogr>
		<title level="m">Proceedings of the 2nd International Conference on Knowledge Discovery and Data Mining</title>
		<meeting>the 2nd International Conference on Knowledge Discovery and Data Mining<address><addrLine>Menlo Park, CA</addrLine></address></meeting>
		<imprint>
			<date type="published" when="1996" />
			<biblScope unit="page" from="226" to="231" />
		</imprint>
	</monogr>
</biblStruct>

<biblStruct >
	<monogr>
		<title level="m" type="main">The PageRank CitationRanking: Bring Order to the Web</title>
		<author>
			<persName xmlns="http://www.tei-c.org/ns/1.0"><forename type="first">Lawrence</forename><surname>Page</surname></persName>
		</author>
		<author>
			<persName xmlns="http://www.tei-c.org/ns/1.0"><forename type="first">Sergey</forename><surname>Brin</surname></persName>
		</author>
		<author>
			<persName xmlns="http://www.tei-c.org/ns/1.0"><forename type="first">Rajeev</forename><surname>Motwani</surname></persName>
		</author>
		<author>
			<persName xmlns="http://www.tei-c.org/ns/1.0"><forename type="first">Terry</forename><surname>Winograd</surname></persName>
		</author>
		<imprint>
			<date type="published" when="1998" />
		</imprint>
		<respStmt>
			<orgName>Stanford University</orgName>
		</respStmt>
	</monogr>
<note type="report_type">Technical Report</note>
</biblStruct>

<biblStruct >
	<analytic>
		<title level="a" type="main">VerbOcean: Mining the Web for Fine-Grained Semantic Verb Relations</title>
		<author>
			<persName xmlns="http://www.tei-c.org/ns/1.0"><forename type="first">Timothy</forename><surname>Chklovski</surname></persName>
		</author>
		<author>
			<persName xmlns="http://www.tei-c.org/ns/1.0"><forename type="first">Patrick</forename><surname>Pantel</surname></persName>
		</author>
	</analytic>
	<monogr>
		<title level="m">Proceedings of Conference on Empirical Methods in Natural Language Processing</title>
		<meeting>Conference on Empirical Methods in Natural Language Processing</meeting>
		<imprint>
			<date type="published" when="2004" />
		</imprint>
	</monogr>
</biblStruct>

<biblStruct >
	<analytic>
		<title level="a" type="main">Simfinder: A Flexible Clustering Tool for Summarization</title>
		<author>
			<persName xmlns="http://www.tei-c.org/ns/1.0"><forename type="first">Vasileios</forename><surname>Hatzivassiloglou</surname></persName>
		</author>
		<author>
			<persName xmlns="http://www.tei-c.org/ns/1.0"><forename type="first">Judith</forename><forename type="middle">L</forename><surname>Klavans</surname></persName>
		</author>
		<author>
			<persName xmlns="http://www.tei-c.org/ns/1.0"><forename type="first">Melissa</forename><forename type="middle">L</forename><surname>Holcombe</surname></persName>
		</author>
	</analytic>
	<monogr>
		<title level="m">Workshop on Automatic Summarization, NAACL</title>
		<imprint>
			<date type="published" when="2001" />
		</imprint>
	</monogr>
</biblStruct>

<biblStruct >
	<analytic>
		<title level="a" type="main">Extractive Summarization using Inter-and IntraEvent Relevance</title>
		<author>
			<persName xmlns="http://www.tei-c.org/ns/1.0"><forename type="first">Wenjie</forename><surname>Li</surname></persName>
		</author>
		<author>
			<persName xmlns="http://www.tei-c.org/ns/1.0"><forename type="first">Wei</forename><surname>Xu</surname></persName>
		</author>
		<author>
			<persName xmlns="http://www.tei-c.org/ns/1.0"><forename type="first">Mingli</forename><surname>Wu</surname></persName>
		</author>
	</analytic>
	<monogr>
		<title level="m">Proceedings of ACL 2006</title>
		<meeting>ACL 2006</meeting>
		<imprint>
			<date type="published" when="2006" />
			<biblScope unit="page" from="369" to="376" />
		</imprint>
	</monogr>
</biblStruct>

<biblStruct >
	<analytic>
		<title level="a" type="main">An intelligent summarization system based on cognitive psychology</title>
		<author>
			<persName xmlns="http://www.tei-c.org/ns/1.0"><forename type="first">Yi</forename><surname>Guo</surname></persName>
		</author>
		<author>
			<persName xmlns="http://www.tei-c.org/ns/1.0"><forename type="first">George</forename><surname>Stylios</surname></persName>
		</author>
	</analytic>
	<monogr>
		<title level="j">Journal of Information Sciences</title>
		<imprint>
			<biblScope unit="volume">174</biblScope>
			<biblScope unit="issue">2</biblScope>
			<biblScope unit="page" from="1" to="36" />
			<date type="published" when="2005-06" />
		</imprint>
	</monogr>
</biblStruct>

			</listBibl>
		</back>
	</text>
</TEI>
