<?xml version="1.0" ?>
<TEI xmlns="http://www.tei-c.org/ns/1.0" xmlns:xlink="http://www.w3.org/1999/xlink" 
 xmlns:mml="http://www.w3.org/1998/Math/MathML">
	<teiHeader>
		<fileDesc xml:id="f_2435"/>
	</teiHeader>
	<text>
		<front/>
		<body/>
		<back>
			<listBibl>
<biblStruct >
	<analytic>
		<title level="a" type="main">Partitioning multitape transducers</title>
		<author>
			<persName xmlns="http://www.tei-c.org/ns/1.0"><forename type="first">François</forename><surname>Barthélemy</surname></persName>
		</author>
	</analytic>
	<monogr>
		<title level="m">International Workshop on Finite State Methods in Natural Language Processing (FSMNLP)</title>
		<meeting><address><addrLine>Helsinki, Finland</addrLine></address></meeting>
		<imprint>
			<date type="published" when="2005" />
		</imprint>
	</monogr>
</biblStruct>

<biblStruct >
	<analytic>
		<title level="a" type="main">Un analyseur morphologique utilisant la jointure</title>
		<author>
			<persName xmlns="http://www.tei-c.org/ns/1.0"><forename type="first">François</forename><surname>Barthélemy</surname></persName>
		</author>
	</analytic>
	<monogr>
		<title level="m">Traitement Automatique de la Langue Naturelle (TALN)</title>
		<meeting><address><addrLine>Leuven, Belgium</addrLine></address></meeting>
		<imprint>
			<date type="published" when="2006" />
		</imprint>
	</monogr>
</biblStruct>

<biblStruct >
	<analytic>
		<title level="a" type="main">Formalisms for morphographemic description</title>
		<author>
			<persName xmlns="http://www.tei-c.org/ns/1.0"><forename type="first">Alan</forename><surname>Black</surname></persName>
		</author>
		<author>
			<persName xmlns="http://www.tei-c.org/ns/1.0"><forename type="first">Graeme</forename><surname>Ritchie</surname></persName>
		</author>
		<author>
			<persName xmlns="http://www.tei-c.org/ns/1.0"><forename type="first">Steve</forename><surname>Pulman</surname></persName>
		</author>
		<author>
			<persName xmlns="http://www.tei-c.org/ns/1.0"><forename type="first">Graham</forename><surname>Russell</surname></persName>
		</author>
	</analytic>
	<monogr>
		<title level="m">Proceedings of the third conference on European chapter of the Association for Computational Linguistics (EACL)</title>
		<meeting>the third conference on European chapter of the Association for Computational Linguistics (EACL)</meeting>
		<imprint>
			<date type="published" when="1987" />
			<biblScope unit="page" from="11" to="18" />
		</imprint>
	</monogr>
</biblStruct>

<biblStruct >
	<analytic>
		<title level="a" type="main">Partial commutation and traces</title>
		<author>
			<persName xmlns="http://www.tei-c.org/ns/1.0"><forename type="first">Volker</forename><surname>Diekert</surname></persName>
		</author>
		<author>
			<persName xmlns="http://www.tei-c.org/ns/1.0"><forename type="first">Yves</forename><surname>Métivier</surname></persName>
		</author>
	</analytic>
	<monogr>
		<title level="m">Handbook of Formal Languages</title>
		<editor>G. Rozenberg and A. Salomaa</editor>
		<meeting><address><addrLine>Berlin</addrLine></address></meeting>
		<imprint>
			<publisher>Springer-Verlag</publisher>
			<date type="published" when="1997" />
			<biblScope unit="volume">3</biblScope>
			<biblScope unit="page" from="457" to="534" />
		</imprint>
	</monogr>
</biblStruct>

<biblStruct >
	<analytic>
		<title level="a" type="main">Compiling a partition-based two-level formalism</title>
		<author>
			<persName xmlns="http://www.tei-c.org/ns/1.0"><forename type="first">Edmund</forename><surname>Grimley-Evans</surname></persName>
		</author>
		<author>
			<persName xmlns="http://www.tei-c.org/ns/1.0"><forename type="first">George</forename><surname>Kiraz</surname></persName>
		</author>
		<author>
			<persName xmlns="http://www.tei-c.org/ns/1.0"><forename type="first">Stephen</forename><surname>Pulman</surname></persName>
		</author>
	</analytic>
	<monogr>
		<title level="m">COLING</title>
		<meeting><address><addrLine>Copenhagen, Denmark</addrLine></address></meeting>
		<imprint>
			<date type="published" when="1996" />
			<biblScope unit="page" from="454" to="459" />
		</imprint>
	</monogr>
</biblStruct>

<biblStruct >
	<analytic>
		<title level="a" type="main">Morphological analysis and generation for arabic dialects</title>
		<author>
			<persName xmlns="http://www.tei-c.org/ns/1.0"><forename type="first">Nizar</forename><surname>Habash</surname></persName>
		</author>
		<author>
			<persName xmlns="http://www.tei-c.org/ns/1.0"><forename type="first">Owen</forename><surname>Rambow</surname></persName>
		</author>
		<author>
			<persName xmlns="http://www.tei-c.org/ns/1.0"><forename type="first">George</forename><surname>Kiraz</surname></persName>
		</author>
	</analytic>
	<monogr>
		<title level="m">Proceedings of the ACL Workshop on Semitic Languages</title>
		<meeting>the ACL Workshop on Semitic Languages<address><addrLine>Michigan</addrLine></address></meeting>
		<imprint>
			<publisher>Ann Harbour</publisher>
			<date type="published" when="2005" />
		</imprint>
	</monogr>
</biblStruct>

<biblStruct >
	<analytic>
		<title level="a" type="main">Regular models of phonological rule systems</title>
		<author>
			<persName xmlns="http://www.tei-c.org/ns/1.0"><forename type="first">M</forename><surname>Ronald</surname></persName>
		</author>
		<author>
			<persName xmlns="http://www.tei-c.org/ns/1.0"><forename type="first">Martin</forename><surname>Kaplan</surname></persName>
		</author>
		<author>
			<persName xmlns="http://www.tei-c.org/ns/1.0"><surname>Kay</surname></persName>
		</author>
	</analytic>
	<monogr>
		<title level="j">Computational Linguistics</title>
		<imprint>
			<biblScope unit="volume">20</biblScope>
			<biblScope unit="page" from="331" to="378" />
			<date type="published" when="1994" />
		</imprint>
	</monogr>
</biblStruct>

<biblStruct >
	<analytic>
		<title level="a" type="main">A note on join and auto-intersection of nary rational relations</title>
		<author>
			<persName xmlns="http://www.tei-c.org/ns/1.0"><forename type="first">André</forename><surname>Kempe</surname></persName>
		</author>
		<author>
			<persName xmlns="http://www.tei-c.org/ns/1.0"><forename type="first">Jean-Marc</forename><surname>Champarnaud</surname></persName>
		</author>
		<author>
			<persName xmlns="http://www.tei-c.org/ns/1.0"><forename type="first">Jason</forename><surname>Eisner</surname></persName>
		</author>
	</analytic>
	<monogr>
		<title level="m">Proc. Eindhoven FASTAR Days</title>
		<editor>B. Watson and L. Cleophas</editor>
		<meeting>Eindhoven FASTAR Days<address><addrLine>Eindhoven, Netherlands</addrLine></address></meeting>
		<imprint>
			<date type="published" when="2004" />
		</imprint>
	</monogr>
</biblStruct>

<biblStruct >
	<analytic>
		<title level="a" type="main">Multitiered nonlinear morphology using multitape finite automata: a case study on syriac and arabic</title>
		<author>
			<persName xmlns="http://www.tei-c.org/ns/1.0"><forename type="first">Kiraz</forename><surname>George Anton</surname></persName>
		</author>
	</analytic>
	<monogr>
		<title level="j">Comput. Linguist</title>
		<imprint>
			<biblScope unit="volume">26</biblScope>
			<biblScope unit="issue">1</biblScope>
			<biblScope unit="page" from="77" to="105" />
			<date type="published" when="2000" />
		</imprint>
	</monogr>
</biblStruct>

<biblStruct >
	<analytic>
		<title level="a" type="main">Two-level model for morphological analysis</title>
		<author>
			<persName xmlns="http://www.tei-c.org/ns/1.0"><forename type="first">Kimmo</forename><surname>Koskenniemi</surname></persName>
		</author>
	</analytic>
	<monogr>
		<title level="m">IJCAI-83</title>
		<meeting><address><addrLine>Karlsruhe, Germany</addrLine></address></meeting>
		<imprint>
			<date type="published" when="1983" />
			<biblScope unit="page" from="683" to="685" />
		</imprint>
	</monogr>
</biblStruct>

<biblStruct >
	<analytic>
		<title level="a" type="main">A feature-based formalism for two-level phonology</title>
		<author>
			<persName xmlns="http://www.tei-c.org/ns/1.0"><forename type="first">G</forename><surname>Stephen</surname></persName>
		</author>
		<author>
			<persName xmlns="http://www.tei-c.org/ns/1.0"><forename type="first">Mark</forename><forename type="middle">R</forename><surname>Pulman</surname></persName>
		</author>
		<author>
			<persName xmlns="http://www.tei-c.org/ns/1.0"><surname>Hepple</surname></persName>
		</author>
	</analytic>
	<monogr>
		<title level="j">Computer Speech and Language</title>
		<imprint>
			<biblScope unit="volume">7</biblScope>
			<biblScope unit="page" from="333" to="358" />
			<date type="published" when="1993" />
		</imprint>
	</monogr>
</biblStruct>

<biblStruct >
	<analytic>
		<title level="a" type="main">Compiling contextual restrictions on strings into finite-state automata</title>
		<author>
			<persName xmlns="http://www.tei-c.org/ns/1.0"><forename type="first">Anssi</forename><surname>Yli</surname></persName>
		</author>
		<author>
			<persName xmlns="http://www.tei-c.org/ns/1.0"><forename type="first">-Jyrä</forename></persName>
		</author>
		<author>
			<persName xmlns="http://www.tei-c.org/ns/1.0"><forename type="first">Kimmo</forename><surname>Koskenniemi</surname></persName>
		</author>
	</analytic>
	<monogr>
		<title level="m">Proc. Eindhoven FASTAR Days</title>
		<editor>B. Watson and L. Cleophas</editor>
		<meeting>Eindhoven FASTAR Days<address><addrLine>Eindhoven</addrLine></address></meeting>
		<imprint>
			<publisher>Netherlands</publisher>
			<date type="published" when="2004" />
		</imprint>
	</monogr>
</biblStruct>

			</listBibl>
		</back>
	</text>
</TEI>
