<?xml version="1.0" ?>
<TEI xmlns="http://www.tei-c.org/ns/1.0" xmlns:xlink="http://www.w3.org/1999/xlink" 
 xmlns:mml="http://www.w3.org/1998/Math/MathML">
	<teiHeader>
		<fileDesc xml:id="f_4051"/>
	</teiHeader>
	<text>
		<front/>
		<body/>
		<back>
			<listBibl>
<biblStruct >
	<analytic>
		<title level="a" type="main">Natural Language in Multimodal and Multimedia systems</title>
		<author>
			<persName xmlns="http://www.tei-c.org/ns/1.0"><forename type="first">Elisabeth</forename><surname>André</surname></persName>
		</author>
	</analytic>
	<monogr>
		<title level="m">Oxford Handbook of Computational Linguistics</title>
		<editor>Ruslan Mitkov</editor>
		<imprint>
			<publisher>Oxford University Press</publisher>
			<date type="published" when="2002" />
		</imprint>
	</monogr>
</biblStruct>

<biblStruct >
	<monogr>
		<title level="m" type="main">Augmenting the Remote Control: Studies in Complex Information Navigation for Digital TV. Linköping Studies in Science and Technology</title>
		<author>
			<persName xmlns="http://www.tei-c.org/ns/1.0"><forename type="first">Aseel</forename><surname>Berglund</surname></persName>
		</author>
		<imprint>
			<date type="published" when="2004" />
		</imprint>
		<respStmt>
			<orgName>Dissertation no. 872. Linköping University</orgName>
		</respStmt>
	</monogr>
</biblStruct>

<biblStruct >
	<analytic>
		<title level="a" type="main">The Role of Natural Language in a Multimodal Interface</title>
		<author>
			<persName xmlns="http://www.tei-c.org/ns/1.0"><forename type="first">R</forename><surname>Philip</surname></persName>
		</author>
		<author>
			<persName xmlns="http://www.tei-c.org/ns/1.0"><surname>Cohen</surname></persName>
		</author>
	</analytic>
	<monogr>
		<title level="m">Proceedings of ACM UIST Symposium on User Interface Software and Technology</title>
		<meeting>ACM UIST Symposium on User Interface Software and Technology</meeting>
		<imprint>
			<date type="published" when="1992" />
			<biblScope unit="page" from="143" to="149" />
		</imprint>
	</monogr>
</biblStruct>

<biblStruct >
	<analytic>
		<title level="a" type="main">A Television Control System based on Spoken Natural Language Dialogue</title>
		<author>
			<persName xmlns="http://www.tei-c.org/ns/1.0"><forename type="first">Jun</forename><surname>Goto</surname></persName>
		</author>
		<author>
			<persName xmlns="http://www.tei-c.org/ns/1.0"><forename type="first">Kazuteru</forename><surname>Komine</surname></persName>
		</author>
		<author>
			<persName xmlns="http://www.tei-c.org/ns/1.0"><forename type="first">Yuen-Bae</forename><surname>Kim</surname></persName>
		</author>
		<author>
			<persName xmlns="http://www.tei-c.org/ns/1.0"><forename type="first">Noriyoshi</forename><surname>Uratan</surname></persName>
		</author>
	</analytic>
	<monogr>
		<title level="m">Proceedings of 9th International Conference on Human-Computer Interaction</title>
		<meeting>9th International Conference on Human-Computer Interaction</meeting>
		<imprint>
			<date type="published" when="2003" />
			<biblScope unit="page" from="765" to="768" />
		</imprint>
	</monogr>
</biblStruct>

<biblStruct >
	<analytic>
		<title level="a" type="main">Multimodal Dialogue Systems for Interactive TV Applications</title>
		<author>
			<persName xmlns="http://www.tei-c.org/ns/1.0"><forename type="first">Aseel</forename><surname>Ibrahim</surname></persName>
		</author>
		<author>
			<persName xmlns="http://www.tei-c.org/ns/1.0"><forename type="first">Pontus</forename><surname>Johansson</surname></persName>
		</author>
	</analytic>
	<monogr>
		<title level="m">Proceedings of 4th IEEE International Conference on Multimodal Interfaces</title>
		<meeting>4th IEEE International Conference on Multimodal Interfaces</meeting>
		<imprint>
			<date type="published" when="2002" />
			<biblScope unit="page" from="117" to="222" />
		</imprint>
	</monogr>
</biblStruct>

<biblStruct >
	<analytic>
		<title level="a" type="main">MadFilm-a Multimodal Approach to Handle Search and Organization in a Movie Recommendation System</title>
		<author>
			<persName xmlns="http://www.tei-c.org/ns/1.0"><forename type="first">Pontus</forename><surname>Johansson</surname></persName>
		</author>
	</analytic>
	<monogr>
		<title level="m">Proceedings of the 1st Nordic Symposium on Multimodal Communication</title>
		<meeting>the 1st Nordic Symposium on Multimodal Communication<address><addrLine>Helsingör, Denmark</addrLine></address></meeting>
		<imprint>
			<date type="published" when="2003" />
			<biblScope unit="page" from="53" to="65" />
		</imprint>
	</monogr>
</biblStruct>

<biblStruct >
	<analytic>
		<title level="a" type="main">MATCH: An Architecture for Multimodal Dialogue Systems</title>
		<author>
			<persName xmlns="http://www.tei-c.org/ns/1.0"><forename type="first">Michael</forename><surname>Johnston</surname></persName>
		</author>
		<author>
			<persName xmlns="http://www.tei-c.org/ns/1.0"><forename type="first">Srinivas</forename><surname>Bangalore</surname></persName>
		</author>
		<author>
			<persName xmlns="http://www.tei-c.org/ns/1.0"><forename type="first">Guna</forename><surname>Vasireddy</surname></persName>
		</author>
		<author>
			<persName xmlns="http://www.tei-c.org/ns/1.0"><forename type="first">Amanda</forename><surname>Stent</surname></persName>
		</author>
		<author>
			<persName xmlns="http://www.tei-c.org/ns/1.0"><forename type="first">Patrick</forename><surname>Ehlen</surname></persName>
		</author>
		<author>
			<persName xmlns="http://www.tei-c.org/ns/1.0"><forename type="first">Marilyn</forename><surname>Walker</surname></persName>
		</author>
		<author>
			<persName xmlns="http://www.tei-c.org/ns/1.0"><forename type="first">Steve</forename><surname>Whittaker</surname></persName>
		</author>
		<author>
			<persName xmlns="http://www.tei-c.org/ns/1.0"><forename type="first">Preetam</forename><surname>Maloor</surname></persName>
		</author>
	</analytic>
	<monogr>
		<title level="m">Proceedings of the 40th ACL</title>
		<meeting>the 40th ACL</meeting>
		<imprint>
			<date type="published" when="2002" />
			<biblScope unit="page" from="376" to="383" />
		</imprint>
	</monogr>
</biblStruct>

<biblStruct >
	<analytic>
		<title level="a" type="main">Finitestate Multimodal Integration and Understanding</title>
		<author>
			<persName xmlns="http://www.tei-c.org/ns/1.0"><forename type="first">Michael</forename><surname>Johnston</surname></persName>
		</author>
		<author>
			<persName xmlns="http://www.tei-c.org/ns/1.0"><forename type="first">Srinivas</forename><surname>Bangalore</surname></persName>
		</author>
	</analytic>
	<monogr>
		<title level="j">Journal of Natural Language Engineering</title>
		<imprint>
			<biblScope unit="volume">11</biblScope>
			<biblScope unit="issue">2</biblScope>
			<biblScope unit="page" from="159" to="187" />
			<date type="published" when="2005" />
			<publisher>Cambridge University Press</publisher>
		</imprint>
	</monogr>
</biblStruct>

<biblStruct >
	<analytic>
		<title level="a" type="main">TV&apos;s Next Episode</title>
		<author>
			<persName xmlns="http://www.tei-c.org/ns/1.0"><forename type="first">Russ</forename><surname>Mitchell</surname></persName>
		</author>
		<idno>5/10/99</idno>
	</analytic>
	<monogr>
		<title level="j">U.S. News and World Report</title>
		<imprint>
			<date type="published" when="1999" />
		</imprint>
	</monogr>
</biblStruct>

<biblStruct >
	<analytic>
		<title level="a" type="main">Andreas Kellner, Sunna Torge, and Jüergen te Vrugt</title>
		<author>
			<persName xmlns="http://www.tei-c.org/ns/1.0"><forename type="first">Thomas</forename><surname>Portele</surname></persName>
		</author>
		<author>
			<persName xmlns="http://www.tei-c.org/ns/1.0"><forename type="first">Silke</forename><surname>Goronzy</surname></persName>
		</author>
		<author>
			<persName xmlns="http://www.tei-c.org/ns/1.0"><forename type="first">Martin</forename><surname>Emele</surname></persName>
		</author>
	</analytic>
	<monogr>
		<title level="m">SmartKom: Foundations of Multimodal Dialogue Systems</title>
		<editor>Wolfgang Wahlster</editor>
		<imprint>
			<publisher>Springer</publisher>
			<date type="published" when="2006" />
			<biblScope unit="page" from="493" to="503" />
		</imprint>
	</monogr>
	<note>SmartKom-Home: The Interface to Home Entertainment</note>
</biblStruct>

<biblStruct >
	<analytic>
		<title level="a" type="main">The Prospects for Unrestricted Speech Input for TV Content Search</title>
		<author>
			<persName xmlns="http://www.tei-c.org/ns/1.0"><forename type="first">Kent</forename><surname>Wittenburg</surname></persName>
		</author>
		<author>
			<persName xmlns="http://www.tei-c.org/ns/1.0"><forename type="first">Tom</forename><surname>Lanning</surname></persName>
		</author>
		<author>
			<persName xmlns="http://www.tei-c.org/ns/1.0"><forename type="first">Derek</forename><surname>Schwenke</surname></persName>
		</author>
		<author>
			<persName xmlns="http://www.tei-c.org/ns/1.0"><forename type="first">Hal</forename><surname>Shubin</surname></persName>
		</author>
		<author>
			<persName xmlns="http://www.tei-c.org/ns/1.0"><forename type="first">Anthony</forename><surname>Vetro</surname></persName>
		</author>
	</analytic>
	<monogr>
		<title level="m">Proceedings of AVI&apos;06</title>
		<meeting>AVI&apos;06</meeting>
		<imprint>
			<date type="published" when="2006" />
			<biblScope unit="page" from="352" to="359" />
		</imprint>
	</monogr>
</biblStruct>

			</listBibl>
		</back>
	</text>
</TEI>
