<?xml version="1.0" ?>
<TEI xmlns="http://www.tei-c.org/ns/1.0" xmlns:xlink="http://www.w3.org/1999/xlink" 
 xmlns:mml="http://www.w3.org/1998/Math/MathML">
	<teiHeader>
		<fileDesc xml:id="f_62"/>
	</teiHeader>
	<text>
		<front/>
		<body/>
		<back>
			<listBibl>
<biblStruct >
	<analytic>
		<title level="a" type="main">Evaluating automated and manual acquisition of anaphora resolution strategies</title>
		<author>
			<persName xmlns="http://www.tei-c.org/ns/1.0"><forename type="first">C</forename><surname>Aone</surname></persName>
		</author>
		<author>
			<persName xmlns="http://www.tei-c.org/ns/1.0"><forename type="first">S</forename><forename type="middle">W</forename><surname>Bennett</surname></persName>
		</author>
	</analytic>
	<monogr>
		<title level="m">Proceedings of the 33rd Annual Meeting of the Association for Computational Linguistics (ACL)</title>
		<meeting>the 33rd Annual Meeting of the Association for Computational Linguistics (ACL)</meeting>
		<imprint>
			<date type="published" when="1995" />
			<biblScope unit="page" from="122" to="129" />
		</imprint>
	</monogr>
</biblStruct>

<biblStruct >
	<analytic>
		<title level="a" type="main">Learning semantic lexicons from a part-of-speech and semantically tagged corpus using inductive logic programming</title>
		<author>
			<persName xmlns="http://www.tei-c.org/ns/1.0"><forename type="first">V</forename><surname>Claveau</surname></persName>
		</author>
		<author>
			<persName xmlns="http://www.tei-c.org/ns/1.0"><forename type="first">P</forename><surname>Sebillot</surname></persName>
		</author>
		<author>
			<persName xmlns="http://www.tei-c.org/ns/1.0"><forename type="first">C</forename><surname>Fabre</surname></persName>
		</author>
		<author>
			<persName xmlns="http://www.tei-c.org/ns/1.0"><forename type="first">P</forename><surname>Bouillon</surname></persName>
		</author>
	</analytic>
	<monogr>
		<title level="j">Journal of Machine Learning Research</title>
		<imprint>
			<biblScope unit="volume">4</biblScope>
			<biblScope unit="page" from="493" to="525" />
			<date type="published" when="2003" />
		</imprint>
	</monogr>
</biblStruct>

<biblStruct >
	<analytic>
		<title level="a" type="main">Firstorder probabilistic models for coreference resolution</title>
		<author>
			<persName xmlns="http://www.tei-c.org/ns/1.0"><forename type="first">A</forename><surname>Culotta</surname></persName>
		</author>
		<author>
			<persName xmlns="http://www.tei-c.org/ns/1.0"><forename type="first">M</forename><surname>Wick</surname></persName>
		</author>
		<author>
			<persName xmlns="http://www.tei-c.org/ns/1.0"><forename type="first">A</forename><surname>Mccallum</surname></persName>
		</author>
	</analytic>
	<monogr>
		<title level="m">Proceedings of the Annual Meeting of the North America Chapter of the Association for Computational Linguistics (NAACL)</title>
		<meeting>the Annual Meeting of the North America Chapter of the Association for Computational Linguistics (NAACL)</meeting>
		<imprint>
			<date type="published" when="2007" />
			<biblScope unit="page" from="81" to="88" />
		</imprint>
	</monogr>
</biblStruct>

<biblStruct >
	<monogr>
		<title level="m" type="main">Part-of-speech disambiguation using ilp</title>
		<author>
			<persName xmlns="http://www.tei-c.org/ns/1.0"><forename type="first">J</forename><surname>Cussens</surname></persName>
		</author>
		<imprint>
			<date type="published" when="1996" />
		</imprint>
		<respStmt>
			<orgName>Oxford University Computing Laboratory</orgName>
		</respStmt>
	</monogr>
<note type="report_type">Technical report</note>
</biblStruct>

<biblStruct >
	<analytic>
		<title level="a" type="main">Joint determination of anaphoricity and coreference resolution using integer programming</title>
		<author>
			<persName xmlns="http://www.tei-c.org/ns/1.0"><forename type="first">P</forename><surname>Denis</surname></persName>
		</author>
		<author>
			<persName xmlns="http://www.tei-c.org/ns/1.0"><forename type="first">J</forename><surname>Baldridge</surname></persName>
		</author>
	</analytic>
	<monogr>
		<title level="m">Proceedings of the Annual Meeting of the North America Chapter of the Association for Computational Linguistics (NAACL)</title>
		<meeting>the Annual Meeting of the North America Chapter of the Association for Computational Linguistics (NAACL)</meeting>
		<imprint>
			<date type="published" when="2007" />
			<biblScope unit="page" from="236" to="243" />
		</imprint>
	</monogr>
</biblStruct>

<biblStruct >
	<analytic>
		<title level="a" type="main">A mention-synchronous coreference resolution algorithm based on the bell tree</title>
		<author>
			<persName xmlns="http://www.tei-c.org/ns/1.0"><forename type="first">X</forename><surname>Luo</surname></persName>
		</author>
		<author>
			<persName xmlns="http://www.tei-c.org/ns/1.0"><forename type="first">A</forename><surname>Ittycheriah</surname></persName>
		</author>
		<author>
			<persName xmlns="http://www.tei-c.org/ns/1.0"><forename type="first">H</forename><surname>Jing</surname></persName>
		</author>
		<author>
			<persName xmlns="http://www.tei-c.org/ns/1.0"><forename type="first">N</forename><surname>Kambhatla</surname></persName>
		</author>
		<author>
			<persName xmlns="http://www.tei-c.org/ns/1.0"><forename type="first">S</forename><surname>Roukos</surname></persName>
		</author>
	</analytic>
	<monogr>
		<title level="m">Proceedings of the 42nd Annual Meeting of the Association for Computational Linguistics (ACL)</title>
		<meeting>the 42nd Annual Meeting of the Association for Computational Linguistics (ACL)</meeting>
		<imprint>
			<date type="published" when="2004" />
			<biblScope unit="page" from="135" to="142" />
		</imprint>
	</monogr>
</biblStruct>

<biblStruct >
	<analytic>
		<title level="a" type="main">Toward conditional models of identity uncertainty with application to proper noun coreference</title>
		<author>
			<persName xmlns="http://www.tei-c.org/ns/1.0"><forename type="first">A</forename><surname>Mccallum</surname></persName>
		</author>
		<author>
			<persName xmlns="http://www.tei-c.org/ns/1.0"><forename type="first">B</forename><surname>Wellner</surname></persName>
		</author>
	</analytic>
	<monogr>
		<title level="m">Proceedings of IJCAI03 Workshop on Information Integration on the Web</title>
		<meeting>IJCAI03 Workshop on Information Integration on the Web</meeting>
		<imprint>
			<date type="published" when="2003" />
			<biblScope unit="page" from="79" to="86" />
		</imprint>
	</monogr>
</biblStruct>

<biblStruct >
	<analytic>
		<title level="a" type="main">Using decision trees for coreference resolution</title>
		<author>
			<persName xmlns="http://www.tei-c.org/ns/1.0"><forename type="first">J</forename><surname>Mccarthy</surname></persName>
		</author>
		<author>
			<persName xmlns="http://www.tei-c.org/ns/1.0"><forename type="first">W</forename><surname>Lehnert</surname></persName>
		</author>
	</analytic>
	<monogr>
		<title level="m">Proceedings of the 14th International Conference on Artificial Intelligences (IJCAI)</title>
		<meeting>the 14th International Conference on Artificial Intelligences (IJCAI)</meeting>
		<imprint>
			<date type="published" when="1995" />
			<biblScope unit="page" from="1050" to="1055" />
		</imprint>
	</monogr>
</biblStruct>

<biblStruct >
	<analytic>
		<title level="a" type="main">Inductive logic programming for natural language processing</title>
		<author>
			<persName xmlns="http://www.tei-c.org/ns/1.0"><forename type="first">R</forename><surname>Mooney</surname></persName>
		</author>
	</analytic>
	<monogr>
		<title level="m">Proceedings of the sixth International Inductive Logic Programming Workshop</title>
		<meeting>the sixth International Inductive Logic Programming Workshop</meeting>
		<imprint>
			<date type="published" when="1997" />
			<biblScope unit="page" from="3" to="24" />
		</imprint>
	</monogr>
</biblStruct>

<biblStruct >
	<analytic>
		<title level="a" type="main">Improving machine learning approaches to coreference resolution</title>
		<author>
			<persName xmlns="http://www.tei-c.org/ns/1.0"><forename type="first">V</forename><surname>Ng</surname></persName>
		</author>
		<author>
			<persName xmlns="http://www.tei-c.org/ns/1.0"><forename type="first">C</forename><surname>Cardie</surname></persName>
		</author>
	</analytic>
	<monogr>
		<title level="m">Proceedings of the 40th Annual Meeting of the Association for Computational Linguistics (ACL)</title>
		<meeting>the 40th Annual Meeting of the Association for Computational Linguistics (ACL)<address><addrLine>Philadelphia</addrLine></address></meeting>
		<imprint>
			<date type="published" when="2002" />
			<biblScope unit="page" from="104" to="111" />
		</imprint>
	</monogr>
</biblStruct>

<biblStruct >
	<analytic>
		<title level="a" type="main">Machine learning for coreference resolution: From local classification to global ranking</title>
		<author>
			<persName xmlns="http://www.tei-c.org/ns/1.0"><forename type="first">V</forename><surname>Ng</surname></persName>
		</author>
	</analytic>
	<monogr>
		<title level="m">Proceedings of the 43rd Annual Meeting of the Association for Computational Linguistics (ACL)</title>
		<meeting>the 43rd Annual Meeting of the Association for Computational Linguistics (ACL)</meeting>
		<imprint>
			<date type="published" when="2005" />
			<biblScope unit="page" from="157" to="164" />
		</imprint>
	</monogr>
</biblStruct>

<biblStruct >
	<analytic>
		<title level="a" type="main">Semantic class induction and coreference resolution</title>
		<author>
			<persName xmlns="http://www.tei-c.org/ns/1.0"><forename type="first">V</forename><surname>Ng</surname></persName>
		</author>
	</analytic>
	<monogr>
		<title level="m">Proceedings of the 45th Annual Meeting of the Association for Computational Linguistics (ACL)</title>
		<meeting>the 45th Annual Meeting of the Association for Computational Linguistics (ACL)</meeting>
		<imprint>
			<date type="published" when="2007" />
			<biblScope unit="page" from="536" to="543" />
		</imprint>
	</monogr>
</biblStruct>

<biblStruct >
	<analytic>
		<title level="a" type="main">A machine learning approach to coreference resolution of noun phrases</title>
		<author>
			<persName xmlns="http://www.tei-c.org/ns/1.0"><forename type="first">W</forename><surname>Soon</surname></persName>
		</author>
		<author>
			<persName xmlns="http://www.tei-c.org/ns/1.0"><forename type="first">H</forename><surname>Ng</surname></persName>
		</author>
		<author>
			<persName xmlns="http://www.tei-c.org/ns/1.0"><forename type="first">D</forename><surname>Lim</surname></persName>
		</author>
	</analytic>
	<monogr>
		<title level="j">Computational Linguistics</title>
		<imprint>
			<biblScope unit="volume">27</biblScope>
			<biblScope unit="issue">4</biblScope>
			<biblScope unit="page" from="521" to="544" />
			<date type="published" when="2001" />
		</imprint>
	</monogr>
</biblStruct>

<biblStruct >
	<analytic>
		<title level="a" type="main">Learning expressive models for words sense disambiguation</title>
		<author>
			<persName xmlns="http://www.tei-c.org/ns/1.0"><forename type="first">L</forename><surname>Specia</surname></persName>
		</author>
		<author>
			<persName xmlns="http://www.tei-c.org/ns/1.0"><forename type="first">M</forename><surname>Stevenson</surname></persName>
		</author>
		<author>
			<persName xmlns="http://www.tei-c.org/ns/1.0"><forename type="first">M</forename><forename type="middle">V</forename><surname>Nunes</surname></persName>
		</author>
	</analytic>
	<monogr>
		<title level="m">Proceedings of the 45th Annual Meeting of the Association for Computational Linguistics (ACL)</title>
		<meeting>the 45th Annual Meeting of the Association for Computational Linguistics (ACL)</meeting>
		<imprint>
			<date type="published" when="2007" />
			<biblScope unit="page" from="41" to="48" />
		</imprint>
	</monogr>
</biblStruct>

<biblStruct >
	<monogr>
		<title level="m" type="main">The aleph manual</title>
		<author>
			<persName xmlns="http://www.tei-c.org/ns/1.0"><forename type="first">A</forename><surname>Srinivasan</surname></persName>
		</author>
		<imprint>
			<date type="published" when="2000" />
		</imprint>
		<respStmt>
			<orgName>Oxford University Computing Laboratory</orgName>
		</respStmt>
	</monogr>
<note type="report_type">Technical report</note>
</biblStruct>

<biblStruct >
	<analytic>
		<title level="a" type="main">A model-theoretic coreference scoring scheme</title>
		<author>
			<persName xmlns="http://www.tei-c.org/ns/1.0"><forename type="first">M</forename><surname>Vilain</surname></persName>
		</author>
		<author>
			<persName xmlns="http://www.tei-c.org/ns/1.0"><forename type="first">J</forename><surname>Burger</surname></persName>
		</author>
		<author>
			<persName xmlns="http://www.tei-c.org/ns/1.0"><forename type="first">J</forename><surname>Aberdeen</surname></persName>
		</author>
		<author>
			<persName xmlns="http://www.tei-c.org/ns/1.0"><forename type="first">D</forename><surname>Connolly</surname></persName>
		</author>
		<author>
			<persName xmlns="http://www.tei-c.org/ns/1.0"><forename type="first">L</forename><surname>Hirschman</surname></persName>
		</author>
	</analytic>
	<monogr>
		<title level="m">Proceedings of the Sixth Message understanding Conference (MUC-6)</title>
		<meeting>the Sixth Message understanding Conference (MUC-6)<address><addrLine>San Francisco, CA</addrLine></address></meeting>
		<imprint>
			<publisher>Morgan Kaufmann Publishers</publisher>
			<date type="published" when="1995" />
			<biblScope unit="page" from="45" to="52" />
		</imprint>
	</monogr>
</biblStruct>

<biblStruct >
	<analytic>
		<title level="a" type="main">Coreference resolution using semantic relatedness information from automatically discovered patterns</title>
		<author>
			<persName xmlns="http://www.tei-c.org/ns/1.0"><forename type="first">X</forename><surname>Yang</surname></persName>
		</author>
		<author>
			<persName xmlns="http://www.tei-c.org/ns/1.0"><forename type="first">J</forename><surname>Su</surname></persName>
		</author>
	</analytic>
	<monogr>
		<title level="m">Proceedings of the 45th Annual Meeting of the Association for Computational Linguistics (ACL)</title>
		<meeting>the 45th Annual Meeting of the Association for Computational Linguistics (ACL)</meeting>
		<imprint>
			<date type="published" when="2007" />
			<biblScope unit="page" from="528" to="535" />
		</imprint>
	</monogr>
</biblStruct>

<biblStruct >
	<analytic>
		<title level="a" type="main">Improving pronoun resolution by incorporating coreferential information of candidates</title>
		<author>
			<persName xmlns="http://www.tei-c.org/ns/1.0"><forename type="first">X</forename><surname>Yang</surname></persName>
		</author>
		<author>
			<persName xmlns="http://www.tei-c.org/ns/1.0"><forename type="first">J</forename><surname>Su</surname></persName>
		</author>
		<author>
			<persName xmlns="http://www.tei-c.org/ns/1.0"><forename type="first">G</forename><surname>Zhou</surname></persName>
		</author>
		<author>
			<persName xmlns="http://www.tei-c.org/ns/1.0"><forename type="first">C</forename><surname>Tan</surname></persName>
		</author>
	</analytic>
	<monogr>
		<title level="m">Proceedings of the 42nd Annual Meeting of the Association for Computational Linguistics (ACL)</title>
		<meeting>the 42nd Annual Meeting of the Association for Computational Linguistics (ACL)<address><addrLine>Barcelona</addrLine></address></meeting>
		<imprint>
			<date type="published" when="2004" />
			<biblScope unit="page" from="127" to="134" />
		</imprint>
	</monogr>
</biblStruct>

<biblStruct >
	<analytic>
		<title level="a" type="main">An NP-cluster approach to coreference resolution</title>
		<author>
			<persName xmlns="http://www.tei-c.org/ns/1.0"><forename type="first">J</forename><surname>Yang</surname></persName>
		</author>
		<author>
			<persName xmlns="http://www.tei-c.org/ns/1.0"><forename type="first">G</forename><surname>Su</surname></persName>
		</author>
		<author>
			<persName xmlns="http://www.tei-c.org/ns/1.0"><forename type="first">C</forename><surname>Zhou</surname></persName>
		</author>
		<author>
			<persName xmlns="http://www.tei-c.org/ns/1.0"><surname>Tan</surname></persName>
		</author>
	</analytic>
	<monogr>
		<title level="m">Proceedings of the 20th International Conference on Computational Linguistics</title>
		<meeting>the 20th International Conference on Computational Linguistics<address><addrLine>Geneva</addrLine></address></meeting>
		<imprint>
			<date type="published" when="2004" />
			<biblScope unit="page" from="219" to="225" />
		</imprint>
	</monogr>
</biblStruct>

<biblStruct >
	<analytic>
		<title level="a" type="main">Error-driven HMM-based chunk tagger with context-dependent lexicon</title>
		<author>
			<persName xmlns="http://www.tei-c.org/ns/1.0"><forename type="first">G</forename><surname>Zhou</surname></persName>
		</author>
		<author>
			<persName xmlns="http://www.tei-c.org/ns/1.0"><forename type="first">J</forename><surname>Su</surname></persName>
		</author>
	</analytic>
	<monogr>
		<title level="m">Proceedings of the Joint Conference on Empirical Methods in Natural Language Processing and Very Large Corpora</title>
		<meeting>the Joint Conference on Empirical Methods in Natural Language Processing and Very Large Corpora<address><addrLine>Hong Kong</addrLine></address></meeting>
		<imprint>
			<date type="published" when="2000" />
			<biblScope unit="page" from="71" to="79" />
		</imprint>
	</monogr>
</biblStruct>

<biblStruct >
	<analytic>
		<title level="a" type="main">Named Entity recognition using a HMM-based chunk tagger</title>
		<author>
			<persName xmlns="http://www.tei-c.org/ns/1.0"><forename type="first">G</forename><surname>Zhou</surname></persName>
		</author>
		<author>
			<persName xmlns="http://www.tei-c.org/ns/1.0"><forename type="first">J</forename><surname>Su</surname></persName>
		</author>
	</analytic>
	<monogr>
		<title level="m">Proceedings of the 40th Annual Meeting of the Association for Computational Linguistics (ACL)</title>
		<meeting>the 40th Annual Meeting of the Association for Computational Linguistics (ACL)</meeting>
		<imprint>
			<publisher>Philadelphia</publisher>
			<date type="published" when="2002" />
			<biblScope unit="page" from="473" to="480" />
		</imprint>
	</monogr>
</biblStruct>

			</listBibl>
		</back>
	</text>
</TEI>
