<?xml version="1.0" ?>
<TEI xmlns="http://www.tei-c.org/ns/1.0" xmlns:xlink="http://www.w3.org/1999/xlink" 
 xmlns:mml="http://www.w3.org/1998/Math/MathML">
	<teiHeader>
		<fileDesc xml:id="f_3034"/>
	</teiHeader>
	<text>
		<front/>
		<body/>
		<back>
			<listBibl>
<biblStruct >
	<analytic>
		<title level="a" type="main">A study of parentheticals in discourse corpora-implications for NLG systems</title>
		<author>
			<persName xmlns="http://www.tei-c.org/ns/1.0"><forename type="first">E</forename><surname>Banik</surname></persName>
		</author>
		<author>
			<persName xmlns="http://www.tei-c.org/ns/1.0"><forename type="first">A</forename><surname>Lee</surname></persName>
		</author>
	</analytic>
	<monogr>
		<title level="m">Proceedings of LREC 2008</title>
		<meeting>LREC 2008<address><addrLine>Marrakesh</addrLine></address></meeting>
		<imprint>
			<date type="published" when="2008" />
		</imprint>
	</monogr>
</biblStruct>

<biblStruct >
	<analytic>
		<title level="a" type="main">Parentheticals in underspecified semantics: The case of evaluative adverbs</title>
		<author>
			<persName xmlns="http://www.tei-c.org/ns/1.0"><forename type="first">O</forename><surname>Bonami</surname></persName>
		</author>
		<author>
			<persName xmlns="http://www.tei-c.org/ns/1.0"><forename type="first">D</forename><surname>Godard</surname></persName>
		</author>
	</analytic>
	<monogr>
		<title level="j">Research on Language and Computation</title>
		<imprint>
			<biblScope unit="volume">5</biblScope>
			<biblScope unit="issue">4</biblScope>
			<biblScope unit="page" from="391" to="413" />
			<date type="published" when="2007" />
		</imprint>
	</monogr>
</biblStruct>

<biblStruct >
	<monogr>
				<author>
			<persName xmlns="http://www.tei-c.org/ns/1.0"><forename type="first">N</forename><surname>Burton-Roberts</surname></persName>
		</author>
		<title level="m">Encyclopaedia of Language and Linguistics</title>
		<editor>E. K. Brown</editor>
		<imprint>
			<publisher>Elsevier Science</publisher>
			<date type="published" when="2005" />
		</imprint>
	</monogr>
	<note>2nd edition edition</note>
</biblStruct>

<biblStruct >
	<analytic>
		<title level="a" type="main">Building a discourse-tagged corpus in the framework of rhetorical structure theory</title>
		<author>
			<persName xmlns="http://www.tei-c.org/ns/1.0"><forename type="first">L</forename><surname>Carlson</surname></persName>
		</author>
		<author>
			<persName xmlns="http://www.tei-c.org/ns/1.0"><forename type="first">D</forename><surname>Marcu</surname></persName>
		</author>
		<author>
			<persName xmlns="http://www.tei-c.org/ns/1.0"><forename type="first">M</forename><forename type="middle">E</forename><surname>Okurowski</surname></persName>
		</author>
	</analytic>
	<monogr>
		<title level="m">Proceedings of the Second SIGdial Workshop on Discourse and Dialogue</title>
		<meeting>the Second SIGdial Workshop on Discourse and Dialogue<address><addrLine>Morristown, NJ, USA</addrLine></address></meeting>
		<imprint>
			<publisher>Association for Computational Linguistics</publisher>
			<date type="published" when="2001" />
			<biblScope unit="page" from="1" to="10" />
		</imprint>
	</monogr>
</biblStruct>

<biblStruct >
	<analytic>
		<title level="a" type="main">Linguistik aktuell Linguistics today 106</title>
		<author>
			<persName xmlns="http://www.tei-c.org/ns/1.0"><forename type="first">N</forename><surname>Dehe</surname></persName>
		</author>
		<author>
			<persName xmlns="http://www.tei-c.org/ns/1.0"><forename type="first">Y</forename><surname>Kavalova</surname></persName>
		</author>
	</analytic>
	<monogr>
		<title level="m">Parentheticals, chapter Parentheticals: An introduction</title>
		<meeting><address><addrLine>Amsterdam Philadelphia</addrLine></address></meeting>
		<imprint>
			<publisher>John Benjamins</publisher>
			<date type="published" when="2007" />
			<biblScope unit="page" from="1" to="22" />
		</imprint>
	</monogr>
</biblStruct>

<biblStruct >
	<analytic>
		<title level="a" type="main">Three reasons to adopt tag-based surface realisation</title>
		<author>
			<persName xmlns="http://www.tei-c.org/ns/1.0"><forename type="first">C</forename><surname>Gardent</surname></persName>
		</author>
		<author>
			<persName xmlns="http://www.tei-c.org/ns/1.0"><forename type="first">E</forename><surname>Kow</surname></persName>
		</author>
	</analytic>
	<monogr>
		<title level="m">The Eighth International Workshop on Tree Adjoining Grammar and Related Formalisms (TAG+8)</title>
		<meeting><address><addrLine>Sydney/Australia</addrLine></address></meeting>
		<imprint>
			<date type="published" when="2006" />
		</imprint>
	</monogr>
</biblStruct>

<biblStruct >
	<analytic>
		<title level="a" type="main">A symbolic approach to near-deterministic surface realisation using tree adjoining grammar</title>
		<author>
			<persName xmlns="http://www.tei-c.org/ns/1.0"><forename type="first">C</forename><surname>Gardent</surname></persName>
		</author>
		<author>
			<persName xmlns="http://www.tei-c.org/ns/1.0"><forename type="first">E</forename><surname>Kow</surname></persName>
		</author>
	</analytic>
	<monogr>
		<title level="m">45th Annual Meeting of the ACL</title>
		<imprint>
			<date type="published" when="2007" />
		</imprint>
	</monogr>
</biblStruct>

<biblStruct >
	<analytic>
		<title level="a" type="main">The relevance of tree adjoining grammar to generation</title>
		<author>
			<persName xmlns="http://www.tei-c.org/ns/1.0"><forename type="first">A</forename><forename type="middle">K</forename><surname>Joshi</surname></persName>
		</author>
	</analytic>
	<monogr>
		<title level="m">Natural Language Generation</title>
		<editor>G. Kempen</editor>
		<meeting><address><addrLine>Dordrect, The Netherlands</addrLine></address></meeting>
		<imprint>
			<publisher>Martinus Nijhoff Press</publisher>
			<date type="published" when="1987" />
			<biblScope unit="page" from="233" to="252" />
		</imprint>
	</monogr>
</biblStruct>

<biblStruct >
	<analytic>
		<title level="a" type="main">Starting with complex primitives pays off: complicate locally, simplify globally</title>
		<author>
			<persName xmlns="http://www.tei-c.org/ns/1.0"><forename type="first">A</forename><forename type="middle">K</forename><surname>Joshi</surname></persName>
		</author>
	</analytic>
	<monogr>
		<title level="j">Cognitive Science: A Multidisciplinary Journal</title>
		<imprint>
			<biblScope unit="volume">28</biblScope>
			<biblScope unit="issue">5</biblScope>
			<biblScope unit="page" from="637" to="668" />
			<date type="published" when="2004" />
		</imprint>
	</monogr>
</biblStruct>

<biblStruct >
	<monogr>
		<title level="m" type="main">The Penn Discourse Treebank 2.0 Annotation Manual</title>
		<author>
			<persName xmlns="http://www.tei-c.org/ns/1.0"><forename type="first">Pdtb-Group</forename></persName>
		</author>
		<idno>IRCS-08-01</idno>
		<imprint>
			<date type="published" when="2008" />
		</imprint>
		<respStmt>
			<orgName>Institute for Research in Cognitive Science, University of Pennsylvania</orgName>
		</respStmt>
	</monogr>
<note type="report_type">Technical Report</note>
</biblStruct>

<biblStruct >
	<analytic>
		<title level="a" type="main">Document structure</title>
		<author>
			<persName xmlns="http://www.tei-c.org/ns/1.0"><forename type="first">R</forename><surname>Power</surname></persName>
		</author>
		<author>
			<persName xmlns="http://www.tei-c.org/ns/1.0"><forename type="first">D</forename><surname>Scott</surname></persName>
		</author>
		<author>
			<persName xmlns="http://www.tei-c.org/ns/1.0"><forename type="first">N</forename><surname>Bouayad-Agha</surname></persName>
		</author>
	</analytic>
	<monogr>
		<title level="j">Computational Linguistics</title>
		<imprint>
			<biblScope unit="volume">29</biblScope>
			<biblScope unit="issue">4</biblScope>
			<biblScope unit="page" from="211" to="260" />
			<date type="published" when="2003" />
		</imprint>
	</monogr>
</biblStruct>

<biblStruct >
	<analytic>
		<title level="a" type="main">Getting the message across in RST-based text generation</title>
		<author>
			<persName xmlns="http://www.tei-c.org/ns/1.0"><forename type="first">D</forename><surname>Scott</surname></persName>
		</author>
		<author>
			<persName xmlns="http://www.tei-c.org/ns/1.0"><forename type="first">C</forename><forename type="middle">S</forename><surname>Souza</surname></persName>
		</author>
	</analytic>
	<monogr>
		<title level="m">Current Research in Natural Language Generation</title>
		<editor>C. Mellish R. Dale M. Zock</editor>
		<imprint>
			<publisher>Academic Press</publisher>
			<date type="published" when="1990" />
			<biblScope unit="page" from="31" to="56" />
		</imprint>
	</monogr>
</biblStruct>

<biblStruct >
	<analytic>
		<title level="a" type="main">Resolving attachment and clause boundary ambiguities for simplifying relative clause constructs</title>
		<author>
			<persName xmlns="http://www.tei-c.org/ns/1.0"><forename type="first">A</forename><surname>Siddharthan</surname></persName>
		</author>
	</analytic>
	<monogr>
		<title level="m">Student Research Workshop, ACL</title>
		<imprint>
			<date type="published" when="2002" />
		</imprint>
	</monogr>
</biblStruct>

<biblStruct >
	<monogr>
				<author>
			<persName xmlns="http://www.tei-c.org/ns/1.0"><forename type="first">W</forename><surname>Strunk</surname><genName>Jr</genName></persName>
		</author>
		<author>
			<persName xmlns="http://www.tei-c.org/ns/1.0"><forename type="first">E</forename><forename type="middle">B</forename><surname>White</surname></persName>
		</author>
		<title level="m">The Elements of Style. Macmillan</title>
		<imprint>
			<date type="published" when="1979" />
		</imprint>
	</monogr>
	<note>third edition</note>
</biblStruct>

			</listBibl>
		</back>
	</text>
</TEI>
