<?xml version="1.0" ?>
<TEI xmlns="http://www.tei-c.org/ns/1.0" xmlns:xlink="http://www.w3.org/1999/xlink" 
 xmlns:mml="http://www.w3.org/1998/Math/MathML">
	<teiHeader>
		<fileDesc xml:id="f_3441"/>
	</teiHeader>
	<text>
		<front/>
		<body/>
		<back>
			<listBibl>
<biblStruct >
	<monogr>
		<title level="m" type="main">Bracketing Guidelines for Treebank II Style Penn Treebank Project</title>
		<author>
			<persName xmlns="http://www.tei-c.org/ns/1.0"><forename type="first">Ann</forename><surname>Bies</surname></persName>
		</author>
		<author>
			<persName xmlns="http://www.tei-c.org/ns/1.0"><forename type="first">Mark</forename><surname>Ferguson</surname></persName>
		</author>
		<author>
			<persName xmlns="http://www.tei-c.org/ns/1.0"><forename type="first">Karen</forename><surname>Katz</surname></persName>
		</author>
		<author>
			<persName xmlns="http://www.tei-c.org/ns/1.0"><forename type="first">Robert</forename><surname>Macintyre</surname></persName>
		</author>
		<imprint>
			<date type="published" when="1995" />
		</imprint>
		<respStmt>
			<orgName>University of Pennsylvania</orgName>
		</respStmt>
	</monogr>
</biblStruct>

<biblStruct >
	<monogr>
		<title level="m" type="main">Tree-Bank Grammars</title>
		<author>
			<persName xmlns="http://www.tei-c.org/ns/1.0"><forename type="first">Eugene</forename><surname>Charniak</surname></persName>
		</author>
		<idno>CS-96-02</idno>
		<imprint>
			<date type="published" when="1996" />
			<pubPlace>Providence, RI</pubPlace>
		</imprint>
		<respStmt>
			<orgName>Department of Computer Science, Brown University</orgName>
		</respStmt>
	</monogr>
<note type="report_type">Tech. Rep.</note>
</biblStruct>

<biblStruct >
	<monogr>
		<title/>
		<author>
			<persName xmlns="http://www.tei-c.org/ns/1.0"><forename type="first">Eugene</forename><surname>Charniak</surname></persName>
		</author>
		<author>
			<persName xmlns="http://www.tei-c.org/ns/1.0"><forename type="first">Mark</forename><surname>Johnson</surname></persName>
		</author>
		<imprint>
			<date type="published" when="2005" />
		</imprint>
	</monogr>
</biblStruct>

<biblStruct >
	<analytic>
		<title level="a" type="main">Coarse-to-fine n-best parsing and MaxEnt discriminative reranking</title>
	</analytic>
	<monogr>
		<title level="m">Proceedings of ACL-05</title>
		<meeting>ACL-05<address><addrLine>Ann Arbor, MI, USA</addrLine></address></meeting>
		<imprint>
			<biblScope unit="page" from="173" to="180" />
		</imprint>
	</monogr>
</biblStruct>

<biblStruct >
	<analytic>
		<title level="a" type="main">Discriminative Reranking for Natural Language Parsing</title>
		<author>
			<persName xmlns="http://www.tei-c.org/ns/1.0"><forename type="first">Michael</forename><surname>Collins</surname></persName>
		</author>
		<author>
			<persName xmlns="http://www.tei-c.org/ns/1.0"><forename type="first">Terry</forename><surname>Koo</surname></persName>
		</author>
	</analytic>
	<monogr>
		<title level="j">Computational Linguistics</title>
		<imprint>
			<biblScope unit="volume">31</biblScope>
			<biblScope unit="issue">1</biblScope>
			<biblScope unit="page" from="25" to="69" />
			<date type="published" when="2005" />
		</imprint>
	</monogr>
</biblStruct>

<biblStruct >
	<analytic>
		<title level="a" type="main">Forgetting Exceptions is Harmful in Language Learning</title>
		<author>
			<persName xmlns="http://www.tei-c.org/ns/1.0"><forename type="first">Walter</forename><surname>Daelemans</surname></persName>
		</author>
		<author>
			<persName xmlns="http://www.tei-c.org/ns/1.0"><forename type="first">Antal</forename><surname>Van Den</surname></persName>
		</author>
		<author>
			<persName xmlns="http://www.tei-c.org/ns/1.0"><forename type="first">Jakub</forename><surname>Bosch</surname></persName>
		</author>
		<author>
			<persName xmlns="http://www.tei-c.org/ns/1.0"><surname>Zavrel</surname></persName>
		</author>
	</analytic>
	<monogr>
		<title level="j">Machine Learning</title>
		<imprint>
			<biblScope unit="volume">34</biblScope>
			<biblScope unit="page" from="11" to="41" />
			<date type="published" when="1999" />
		</imprint>
	</monogr>
</biblStruct>

<biblStruct >
	<analytic>
		<title level="a" type="main">Rule Equivalence for Error Detection</title>
		<author>
			<persName xmlns="http://www.tei-c.org/ns/1.0"><forename type="first">Markus</forename><surname>Dickinson</surname></persName>
		</author>
	</analytic>
	<monogr>
		<title level="m">Proceedings of TLT 2006</title>
		<meeting>TLT 2006<address><addrLine>Prague, Czech Republic</addrLine></address></meeting>
		<imprint>
			<date type="published" when="2006" />
		</imprint>
	</monogr>
</biblStruct>

<biblStruct >
	<analytic>
		<title level="a" type="main">Similarity and Dissimilarity in Treebank Grammars</title>
		<author>
			<persName xmlns="http://www.tei-c.org/ns/1.0"><forename type="first">Markus</forename><surname>Dickinson</surname></persName>
		</author>
	</analytic>
	<monogr>
		<title level="m">18th International Congress of Linguists (CIL18)</title>
		<meeting><address><addrLine>Seoul</addrLine></address></meeting>
		<imprint>
			<date type="published" when="2008" />
		</imprint>
	</monogr>
</biblStruct>

<biblStruct >
	<analytic>
		<title level="a" type="main">Prune Diseased Branches to Get Healthy Trees! How to Find Erroneous Local Trees in a Treebank and Why It Matters</title>
		<author>
			<persName xmlns="http://www.tei-c.org/ns/1.0"><forename type="first">Markus</forename><surname>Dickinson</surname></persName>
		</author>
		<author>
			<persName xmlns="http://www.tei-c.org/ns/1.0"><forename type="first">W</forename><surname>Detmar Meurers</surname></persName>
		</author>
	</analytic>
	<monogr>
		<title level="m">Proceedings of TLT 2005</title>
		<meeting>TLT 2005<address><addrLine>Barcelona, Spain</addrLine></address></meeting>
		<imprint>
			<date type="published" when="2005" />
		</imprint>
	</monogr>
</biblStruct>

<biblStruct >
	<analytic>
		<title level="a" type="main">Automatic Corpus Correction with Anomaly Detection</title>
		<author>
			<persName xmlns="http://www.tei-c.org/ns/1.0"><forename type="first">Eleazar</forename><surname>Eskin</surname></persName>
		</author>
	</analytic>
	<monogr>
		<title level="m">Proceedings of NAACL-00</title>
		<meeting>NAACL-00<address><addrLine>Seattle, Washington</addrLine></address></meeting>
		<imprint>
			<date type="published" when="2000" />
			<biblScope unit="page" from="148" to="153" />
		</imprint>
	</monogr>
</biblStruct>

<biblStruct >
	<analytic>
		<title level="a" type="main">Robust Parsing: More with Less</title>
		<author>
			<persName xmlns="http://www.tei-c.org/ns/1.0"><forename type="first">Kilian</forename><surname>Foth</surname></persName>
		</author>
		<author>
			<persName xmlns="http://www.tei-c.org/ns/1.0"><forename type="first">Wolfgang</forename><surname>Menzel</surname></persName>
		</author>
	</analytic>
	<monogr>
		<title level="m">Proceedings of the workshop on Robust Methods in Analysis of Natural Language Data</title>
		<meeting>the workshop on Robust Methods in Analysis of Natural Language Data</meeting>
		<imprint>
			<date type="published" when="2006" />
		</imprint>
	</monogr>
</biblStruct>

<biblStruct >
	<analytic>
		<title level="a" type="main">Corpus Variation and Parser Performance</title>
		<author>
			<persName xmlns="http://www.tei-c.org/ns/1.0"><forename type="first">Daniel</forename><surname>Gildea</surname></persName>
		</author>
	</analytic>
	<monogr>
		<title level="m">Proceedings of EMNLP-01</title>
		<meeting>EMNLP-01<address><addrLine>Pittsburgh, PA</addrLine></address></meeting>
		<imprint>
			<date type="published" when="2001" />
		</imprint>
	</monogr>
</biblStruct>

<biblStruct >
	<analytic>
		<title level="a" type="main">Coordinate Noun Phrase Disambiguation in a Generative Parsing Model</title>
		<author>
			<persName xmlns="http://www.tei-c.org/ns/1.0"><forename type="first">Deirdre</forename><surname>Hogan</surname></persName>
		</author>
	</analytic>
	<monogr>
		<title level="m">Proceedings of ACL-07</title>
		<meeting>ACL-07<address><addrLine>Prague</addrLine></address></meeting>
		<imprint>
			<date type="published" when="2007" />
			<biblScope unit="page" from="680" to="687" />
		</imprint>
	</monogr>
</biblStruct>

<biblStruct >
	<analytic>
		<title level="a" type="main">Corrected Co-training for Statistical Parsers</title>
		<author>
			<persName xmlns="http://www.tei-c.org/ns/1.0"><forename type="first">Rebecca</forename><surname>Hwa</surname></persName>
		</author>
		<author>
			<persName xmlns="http://www.tei-c.org/ns/1.0"><forename type="first">Miles</forename><surname>Osborne</surname></persName>
		</author>
		<author>
			<persName xmlns="http://www.tei-c.org/ns/1.0"><forename type="first">Anoop</forename><surname>Sarkar</surname></persName>
		</author>
		<author>
			<persName xmlns="http://www.tei-c.org/ns/1.0"><forename type="first">Mark</forename><surname>Steedman</surname></persName>
		</author>
	</analytic>
	<monogr>
		<title level="m">Proceedings of ICML-2003</title>
		<meeting>ICML-2003<address><addrLine>Washington, DC</addrLine></address></meeting>
		<imprint>
			<date type="published" when="2003" />
		</imprint>
	</monogr>
</biblStruct>

<biblStruct >
	<monogr>
		<title level="m" type="main">X&apos; Syntax: A Study of Phrase Structure</title>
		<author>
			<persName xmlns="http://www.tei-c.org/ns/1.0"><forename type="first">Ray</forename><surname>Jackendoff</surname></persName>
		</author>
		<imprint>
			<date type="published" when="1977" />
			<publisher>MIT Press</publisher>
			<pubPlace>Cambridge, MA</pubPlace>
		</imprint>
	</monogr>
</biblStruct>

<biblStruct >
	<analytic>
		<title level="a" type="main">Compacting the Penn Treebank Grammar</title>
		<author>
			<persName xmlns="http://www.tei-c.org/ns/1.0"><forename type="first">Alexander</forename><surname>Krotov</surname></persName>
		</author>
		<author>
			<persName xmlns="http://www.tei-c.org/ns/1.0"><forename type="first">Mark</forename><surname>Hepple</surname></persName>
		</author>
		<author>
			<persName xmlns="http://www.tei-c.org/ns/1.0"><forename type="first">Robert</forename><forename type="middle">J</forename><surname>Gaizauskas</surname></persName>
		</author>
		<author>
			<persName xmlns="http://www.tei-c.org/ns/1.0"><forename type="first">Yorick</forename><surname>Wilks</surname></persName>
		</author>
	</analytic>
	<monogr>
		<title level="m">Proceedings of ACL-98</title>
		<meeting>ACL-98</meeting>
		<imprint>
			<date type="published" when="1998" />
			<biblScope unit="page" from="699" to="703" />
		</imprint>
	</monogr>
</biblStruct>

<biblStruct >
	<analytic>
		<title level="a" type="main">Achieving an Almost Correct PoS-Tagged Corpus</title>
		<author>
			<persName xmlns="http://www.tei-c.org/ns/1.0"><forename type="first">Pavel</forename><surname>Květon</surname></persName>
		</author>
		<author>
			<persName xmlns="http://www.tei-c.org/ns/1.0"><forename type="first">Karel</forename><surname>Oliva</surname></persName>
		</author>
	</analytic>
	<monogr>
		<title level="m">Text, Speech and Dialogue (TSD)</title>
		<imprint>
			<date type="published" when="2002" />
			<biblScope unit="page" from="19" to="26" />
		</imprint>
	</monogr>
</biblStruct>

<biblStruct >
	<analytic>
		<title level="a" type="main">Building a large annotated corpus of English: The Penn Treebank</title>
		<author>
			<persName xmlns="http://www.tei-c.org/ns/1.0"><forename type="first">M</forename><surname>Marcus</surname></persName>
		</author>
		<author>
			<persName xmlns="http://www.tei-c.org/ns/1.0"><forename type="first">Beatrice</forename><surname>Santorini</surname></persName>
		</author>
		<author>
			<persName xmlns="http://www.tei-c.org/ns/1.0"><forename type="first">M</forename><forename type="middle">A</forename><surname>Marcinkiewicz</surname></persName>
		</author>
	</analytic>
	<monogr>
		<title level="j">Computational Linguistics</title>
		<imprint>
			<biblScope unit="volume">19</biblScope>
			<biblScope unit="issue">2</biblScope>
			<biblScope unit="page" from="313" to="330" />
			<date type="published" when="1993" />
		</imprint>
	</monogr>
</biblStruct>

<biblStruct >
	<analytic>
		<title level="a" type="main">Headlexicalized PCFGs for Verb Subcategorization Error Diagnosis in ICALL</title>
		<author>
			<persName xmlns="http://www.tei-c.org/ns/1.0"><forename type="first">Vanessa</forename><surname>Metcalf</surname></persName>
		</author>
		<author>
			<persName xmlns="http://www.tei-c.org/ns/1.0"><forename type="first">Adriane</forename><surname>Boyd</surname></persName>
		</author>
	</analytic>
	<monogr>
		<title level="m">Workshop on Interfaces of Intelligent Computer-Assisted Language Learning</title>
		<meeting><address><addrLine>Columbus, OH</addrLine></address></meeting>
		<imprint>
			<date type="published" when="2006" />
		</imprint>
	</monogr>
</biblStruct>

<biblStruct >
	<monogr>
		<title level="m" type="main">Part-Of-Speech Tagging Guidelines for the Penn Treebank Project (3rd Revision</title>
		<author>
			<persName xmlns="http://www.tei-c.org/ns/1.0"><forename type="first">Beatrice</forename><surname>Santorini</surname></persName>
		</author>
		<idno>MS-CIS-90-47</idno>
		<imprint>
			<date type="published" when="1990" />
			<pubPlace>Philadelphia, PA</pubPlace>
		</imprint>
		<respStmt>
			<orgName>The University of Pennsylvania</orgName>
		</respStmt>
	</monogr>
<note type="report_type">Tech. Rep.</note>
	<note>2nd printing</note>
</biblStruct>

<biblStruct >
	<analytic>
		<title level="a" type="main">The Domain Dependence of Parsing</title>
		<author>
			<persName xmlns="http://www.tei-c.org/ns/1.0"><forename type="first">Satoshi</forename><surname>Sekine</surname></persName>
		</author>
	</analytic>
	<monogr>
		<title level="m">Proceedings of ANLP-96. Washington</title>
		<meeting>ANLP-96. Washington</meeting>
		<imprint>
			<publisher>DC</publisher>
			<date type="published" when="1997" />
		</imprint>
	</monogr>
</biblStruct>

<biblStruct >
	<analytic>
		<title level="a" type="main">Active Learning for Statistical Natural Language Parsing</title>
		<author>
			<persName xmlns="http://www.tei-c.org/ns/1.0"><forename type="first">Min</forename><surname>Tang</surname></persName>
		</author>
		<author>
			<persName xmlns="http://www.tei-c.org/ns/1.0"><forename type="first">Xiaoqiang</forename><surname>Luo</surname></persName>
		</author>
		<author>
			<persName xmlns="http://www.tei-c.org/ns/1.0"><forename type="first">Salim</forename><surname>Roukos</surname></persName>
		</author>
	</analytic>
	<monogr>
		<title level="m">Proceedings of ACL-02. Philadelphia</title>
		<meeting>ACL-02. Philadelphia</meeting>
		<imprint>
			<date type="published" when="2002" />
			<biblScope unit="page" from="120" to="127" />
		</imprint>
	</monogr>
</biblStruct>

<biblStruct >
	<analytic>
		<title level="a" type="main">Unexpected Productions May Well be Errors</title>
		<author>
			<persName xmlns="http://www.tei-c.org/ns/1.0"><forename type="first">Tylman</forename><surname>Ule</surname></persName>
		</author>
		<author>
			<persName xmlns="http://www.tei-c.org/ns/1.0"><forename type="first">Kiril</forename><surname>Simov</surname></persName>
		</author>
	</analytic>
	<monogr>
		<title level="m">Proceedings of LREC 2004</title>
		<meeting>LREC 2004<address><addrLine>Lisbon, Portugal</addrLine></address></meeting>
		<imprint>
			<date type="published" when="2004" />
			<biblScope unit="page" from="1795" to="1798" />
		</imprint>
	</monogr>
</biblStruct>

<biblStruct >
	<analytic>
		<title level="a" type="main">Adding Noun Phrase Structure to the Penn Treebank</title>
		<author>
			<persName xmlns="http://www.tei-c.org/ns/1.0"><forename type="first">David</forename><surname>Vadas</surname></persName>
		</author>
		<author>
			<persName xmlns="http://www.tei-c.org/ns/1.0"><forename type="first">James</forename><surname>Curran</surname></persName>
		</author>
	</analytic>
	<monogr>
		<title level="m">Proceedings of ACL-07</title>
		<meeting>ACL-07<address><addrLine>Prague</addrLine></address></meeting>
		<imprint>
			<date type="published" when="2007" />
			<biblScope unit="page" from="240" to="247" />
		</imprint>
	</monogr>
</biblStruct>

<biblStruct >
	<monogr>
		<title level="m" type="main">Syntactic error diagnosis in the context of computer assisted language learning</title>
		<author>
			<persName xmlns="http://www.tei-c.org/ns/1.0"><forename type="first">Anne</forename><surname>Vandeventer Faltin</surname></persName>
		</author>
		<imprint>
			<date type="published" when="2003" />
			<pubPlace>Genève</pubPlace>
		</imprint>
		<respStmt>
			<orgName>Université de Genève</orgName>
		</respStmt>
	</monogr>
<note type="report_type">Thèse de doctorat</note>
</biblStruct>

<biblStruct >
	<analytic>
		<title level="a" type="main">A Comparative Evaluation of Deep and Shallow Approaches to the Automatic Detection of Common Grammatical Errors</title>
		<author>
			<persName xmlns="http://www.tei-c.org/ns/1.0"><forename type="first">Joachim</forename><surname>Wagner</surname></persName>
		</author>
		<author>
			<persName xmlns="http://www.tei-c.org/ns/1.0"><forename type="first">Jennifer</forename><surname>Foster</surname></persName>
		</author>
		<author>
			<persName xmlns="http://www.tei-c.org/ns/1.0"><forename type="first">Josef</forename><surname>Van Genabith</surname></persName>
		</author>
	</analytic>
	<monogr>
		<title level="m">Proceedings of EMNLP-CoNLL</title>
		<meeting>EMNLP-CoNLL</meeting>
		<imprint>
			<date type="published" when="2007" />
			<biblScope unit="page" from="112" to="121" />
		</imprint>
	</monogr>
</biblStruct>

			</listBibl>
		</back>
	</text>
</TEI>
