<?xml version="1.0" ?>
<TEI xmlns="http://www.tei-c.org/ns/1.0" xmlns:xlink="http://www.w3.org/1999/xlink" 
 xmlns:mml="http://www.w3.org/1998/Math/MathML">
	<teiHeader>
		<fileDesc xml:id="f_3538"/>
	</teiHeader>
	<text>
		<front/>
		<body/>
		<back>
			<listBibl>
<biblStruct >
	<analytic>
		<title level="a" type="main">Syntex, analyseur syntaxique de corpus</title>
		<author>
			<persName xmlns="http://www.tei-c.org/ns/1.0"><forename type="first">Didier</forename><surname>Bourigault</surname></persName>
		</author>
		<author>
			<persName xmlns="http://www.tei-c.org/ns/1.0"><forename type="first">Marie-Paule</forename><surname>Jacques</surname></persName>
		</author>
		<author>
			<persName xmlns="http://www.tei-c.org/ns/1.0"><forename type="first">Cécile</forename><surname>Fabre</surname></persName>
		</author>
	</analytic>
	<monogr>
		<title level="m">Actes des 12èmes journées sur le Traitement Automatique des Langues Naturelles</title>
		<meeting>s des 12èmes journées sur le Traitement Automatique des Langues Naturelles<address><addrLine>Dourdan</addrLine></address></meeting>
		<imprint>
			<date type="published" when="2005" />
		</imprint>
	</monogr>
	<note>Cécile Frérot, and Sylwia Ozdowska</note>
</biblStruct>

<biblStruct >
	<analytic>
		<title level="a" type="main">From Grammar to Lexicon: Unsupervised Learning of Lexical Syntax</title>
		<author>
			<persName xmlns="http://www.tei-c.org/ns/1.0"><forename type="first">Michael</forename><forename type="middle">R</forename><surname>Brent</surname></persName>
		</author>
	</analytic>
	<monogr>
		<title level="j">Computational Linguistics</title>
		<imprint>
			<biblScope unit="volume">19</biblScope>
			<biblScope unit="page" from="203" to="222" />
			<date type="published" when="1993" />
		</imprint>
	</monogr>
</biblStruct>

<biblStruct >
	<analytic>
		<title level="a" type="main">Automatic Extraction of Subcategorization from Corpora</title>
		<author>
			<persName xmlns="http://www.tei-c.org/ns/1.0"><forename type="first">Ted</forename><surname>Briscoe</surname></persName>
		</author>
		<author>
			<persName xmlns="http://www.tei-c.org/ns/1.0"><forename type="first">John</forename><surname>Carroll</surname></persName>
		</author>
	</analytic>
	<monogr>
		<title level="m">Proceedings of the 5th ACL Conference on Applied Natural Language Processing</title>
		<meeting>the 5th ACL Conference on Applied Natural Language Processing</meeting>
		<imprint>
			<date type="published" when="1997" />
			<biblScope unit="page" from="356" to="363" />
		</imprint>
	</monogr>
	<note>Washington, DC</note>
</biblStruct>

<biblStruct >
	<analytic>
		<title level="a" type="main">Automatic extraction of subcategorization frames for French</title>
		<author>
			<persName xmlns="http://www.tei-c.org/ns/1.0"><forename type="first">Paula</forename><surname>Chesley</surname></persName>
		</author>
		<author>
			<persName xmlns="http://www.tei-c.org/ns/1.0"><forename type="first">Susanne</forename><surname>Salmon-Alt</surname></persName>
		</author>
	</analytic>
	<monogr>
		<title level="m">Proceedings of the Language Resources and Evaluation Conference (LREC)</title>
		<meeting>the Language Resources and Evaluation Conference (LREC)<address><addrLine>Genua (Italy</addrLine></address></meeting>
		<imprint>
			<date type="published" when="2006" />
		</imprint>
	</monogr>
</biblStruct>

<biblStruct >
	<analytic>
		<title level="a" type="main">Maurice Gross&apos; Grammar Lexicon and Natural Language Processing</title>
		<author>
			<persName xmlns="http://www.tei-c.org/ns/1.0"><forename type="first">Claire</forename><surname>Gardent</surname></persName>
		</author>
		<author>
			<persName xmlns="http://www.tei-c.org/ns/1.0"><forename type="first">Bruno</forename><surname>Guillaume</surname></persName>
		</author>
		<author>
			<persName xmlns="http://www.tei-c.org/ns/1.0"><forename type="first">Guy</forename><surname>Perrier</surname></persName>
		</author>
		<author>
			<persName xmlns="http://www.tei-c.org/ns/1.0"><forename type="first">Ingrid</forename><surname>Falk</surname></persName>
		</author>
	</analytic>
	<monogr>
		<title level="m">2nd Language and Technology Conference</title>
		<meeting><address><addrLine>Poznan</addrLine></address></meeting>
		<imprint>
			<date type="published" when="2005" />
		</imprint>
	</monogr>
</biblStruct>

<biblStruct >
	<monogr>
		<title level="m" type="main">Méthodes en syntaxe</title>
		<author>
			<persName xmlns="http://www.tei-c.org/ns/1.0"><forename type="first">Maurice</forename><surname>Gross</surname></persName>
		</author>
		<imprint>
			<date type="published" when="1975" />
			<publisher>Hermann</publisher>
			<pubPlace>Paris</pubPlace>
		</imprint>
	</monogr>
</biblStruct>

<biblStruct >
	<analytic>
		<title level="a" type="main">Can subcategorisation probabilities help a statistical parser</title>
		<author>
			<persName xmlns="http://www.tei-c.org/ns/1.0"><forename type="first">John</forename><surname>Guido Minnen</surname></persName>
		</author>
		<author>
			<persName xmlns="http://www.tei-c.org/ns/1.0"><forename type="first">Ted</forename><surname>Carroll</surname></persName>
		</author>
		<author>
			<persName xmlns="http://www.tei-c.org/ns/1.0"><surname>Briscoe</surname></persName>
		</author>
	</analytic>
	<monogr>
		<title level="m">Proceedings of the 6th ACL/SIGDAT Workshop on Very Large Corpora</title>
		<meeting>the 6th ACL/SIGDAT Workshop on Very Large Corpora<address><addrLine>Montreal (Canada</addrLine></address></meeting>
		<imprint>
			<date type="published" when="1998" />
		</imprint>
	</monogr>
</biblStruct>

<biblStruct >
	<analytic>
		<title level="a" type="main">Statistical filtering and subcategorization frame acquisition</title>
		<author>
			<persName xmlns="http://www.tei-c.org/ns/1.0"><forename type="first">Anna</forename><surname>Korhonen</surname></persName>
		</author>
		<author>
			<persName xmlns="http://www.tei-c.org/ns/1.0"><forename type="first">Genevieve</forename><surname>Gorrell</surname></persName>
		</author>
		<author>
			<persName xmlns="http://www.tei-c.org/ns/1.0"><forename type="first">Diana</forename><surname>Mccarthy</surname></persName>
		</author>
	</analytic>
	<monogr>
		<title level="m">Proceedings of the Conference on Empirical Methods in Natural Language Processing and Very Large Corpora</title>
		<meeting>the Conference on Empirical Methods in Natural Language Processing and Very Large Corpora<address><addrLine>Hong Kong</addrLine></address></meeting>
		<imprint>
			<date type="published" when="2000" />
		</imprint>
	</monogr>
</biblStruct>

<biblStruct >
	<analytic>
		<title level="a" type="main">Extraction automatique de cadres de sous-catégorisation verbale pour le françaisfrançais`françaisà partir d&apos;un corpus arboré</title>
		<author>
			<persName xmlns="http://www.tei-c.org/ns/1.0"><forename type="first">Anna</forename><surname>Kup´s´ckup´s´kup´s´c</surname></persName>
		</author>
	</analytic>
	<monogr>
		<title level="m">Actes des 14èmes journées sur le Traitement Automatique des Langues Naturelles</title>
		<meeting>s des 14èmes journées sur le Traitement Automatique des Langues Naturelles<address><addrLine>Toulouse</addrLine></address></meeting>
		<imprint>
			<date type="published" when="2007-06" />
		</imprint>
	</monogr>
</biblStruct>

<biblStruct >
	<monogr>
		<title level="m" type="main">English Verb Classes and Alternations: a preliminary investigation</title>
		<author>
			<persName xmlns="http://www.tei-c.org/ns/1.0"><forename type="first">Beth</forename><surname>Levin</surname></persName>
		</author>
		<imprint>
			<date type="published" when="1993" />
			<publisher>University of Chicago Press</publisher>
			<pubPlace>Chicago and London</pubPlace>
		</imprint>
	</monogr>
</biblStruct>

<biblStruct >
	<analytic>
		<title level="a" type="main">Automatic Acquisition of a Large Subcategorization Dictionary from Corpora</title>
		<author>
			<persName xmlns="http://www.tei-c.org/ns/1.0"><forename type="first">D</forename><surname>Christopher</surname></persName>
		</author>
		<author>
			<persName xmlns="http://www.tei-c.org/ns/1.0"><surname>Manning</surname></persName>
		</author>
	</analytic>
	<monogr>
		<title level="m">Proceedings of the Meeting of the Association for Computational Linguistics</title>
		<meeting>the Meeting of the Association for Computational Linguistics</meeting>
		<imprint>
			<date type="published" when="1993" />
			<biblScope unit="page" from="235" to="242" />
		</imprint>
	</monogr>
</biblStruct>

<biblStruct >
	<analytic>
		<title level="a" type="main">LexSchem : A Large Subcategorization Lexicon for French Verbs</title>
		<author>
			<persName xmlns="http://www.tei-c.org/ns/1.0"><forename type="first">Cédric</forename><surname>Messiant</surname></persName>
		</author>
		<author>
			<persName xmlns="http://www.tei-c.org/ns/1.0"><forename type="first">Anna</forename><surname>Korhonen</surname></persName>
		</author>
		<author>
			<persName xmlns="http://www.tei-c.org/ns/1.0"><forename type="first">Thierry</forename><surname>Poibeau</surname></persName>
		</author>
	</analytic>
	<monogr>
		<title level="m">Language Resources and Evaluation Conference (LREC)</title>
		<meeting><address><addrLine>Marrakech</addrLine></address></meeting>
		<imprint>
			<date type="published" when="2008" />
		</imprint>
	</monogr>
</biblStruct>

<biblStruct >
	<analytic>
		<title level="a" type="main">Do We Still Need Gold Standard For Evaluation ?</title>
		<author>
			<persName xmlns="http://www.tei-c.org/ns/1.0"><forename type="first">Thierry</forename><surname>Poibeau</surname></persName>
		</author>
		<author>
			<persName xmlns="http://www.tei-c.org/ns/1.0"><forename type="first">Cédric</forename><surname>Messiant</surname></persName>
		</author>
	</analytic>
	<monogr>
		<title level="m">Proceedings of the Language Resources and Evaluation Conference (LREC)</title>
		<meeting>the Language Resources and Evaluation Conference (LREC)<address><addrLine>Marrakech</addrLine></address></meeting>
		<imprint>
			<date type="published" when="2008" />
		</imprint>
	</monogr>
</biblStruct>

<biblStruct >
	<analytic>
		<title level="a" type="main">A System for Large-Scale Acquisition of Verbal, Nominal and Adjectival Subcategorization Frames from Corpora</title>
		<author>
			<persName xmlns="http://www.tei-c.org/ns/1.0"><forename type="first">Judita</forename><surname>Preiss</surname></persName>
		</author>
		<author>
			<persName xmlns="http://www.tei-c.org/ns/1.0"><forename type="first">Ted</forename><surname>Briscoe</surname></persName>
		</author>
		<author>
			<persName xmlns="http://www.tei-c.org/ns/1.0"><forename type="first">Anna</forename><surname>Korhonen</surname></persName>
		</author>
	</analytic>
	<monogr>
		<title level="m">Proceedings of the Meeting of the Association for Computational Linguistics</title>
		<meeting>the Meeting of the Association for Computational Linguistics<address><addrLine>Prague</addrLine></address></meeting>
		<imprint>
			<date type="published" when="2007" />
			<biblScope unit="page" from="912" to="918" />
		</imprint>
	</monogr>
</biblStruct>

<biblStruct >
	<analytic>
		<title level="a" type="main">The Lefff 2 syntactic lexicon for French: architecture, acquisition, use</title>
		<author>
			<persName xmlns="http://www.tei-c.org/ns/1.0"><forename type="first">Benoˆıtbenoˆıt</forename><surname>Sagot</surname></persName>
		</author>
		<author>
			<persName xmlns="http://www.tei-c.org/ns/1.0"><forename type="first">Lionel</forename><surname>Clément</surname></persName>
		</author>
		<author>
			<persName xmlns="http://www.tei-c.org/ns/1.0"><forename type="first">Eric</forename><surname>De La Clergerie</surname></persName>
		</author>
		<author>
			<persName xmlns="http://www.tei-c.org/ns/1.0"><forename type="first">Pierre</forename><surname>Boullier</surname></persName>
		</author>
	</analytic>
	<monogr>
		<title level="m">Proceedings of the Language Resources and Evaluation Conference (LREC)</title>
		<meeting>the Language Resources and Evaluation Conference (LREC)<address><addrLine>Genua (Italy</addrLine></address></meeting>
		<imprint>
			<date type="published" when="2006" />
		</imprint>
	</monogr>
</biblStruct>

<biblStruct >
	<analytic>
		<title level="a" type="main">Probabilistic Part-of-Speech Tagging Using Decision Trees</title>
		<author>
			<persName xmlns="http://www.tei-c.org/ns/1.0"><forename type="first">Helmut</forename><surname>Schmid</surname></persName>
		</author>
	</analytic>
	<monogr>
		<title level="m">International Conference on New Methods in Language Processing</title>
		<meeting><address><addrLine>Manchester, UK. unknown</addrLine></address></meeting>
		<imprint>
			<date type="published" when="1994" />
		</imprint>
	</monogr>
</biblStruct>

<biblStruct >
	<analytic>
		<title level="a" type="main">A Subcategorisation Lexicon for German Verbs induced from a Lexicalised PCFG</title>
		<author>
			<persName xmlns="http://www.tei-c.org/ns/1.0"><forename type="first">Sabine</forename><surname>Schulte Im Walde</surname></persName>
		</author>
	</analytic>
	<monogr>
		<title level="m">Proceedings of the 3rd Conference on Language Resources and Evaluation</title>
		<editor>Spain. Mihai Surdeanu, Sanda M. Harabagiu, John Williams, and Paul Aarseth</editor>
		<meeting>the 3rd Conference on Language Resources and Evaluation<address><addrLine>Las Palmas de Gran Canaria</addrLine></address></meeting>
		<imprint>
			<date type="published" when="2002" />
			<biblScope unit="volume">IV</biblScope>
			<biblScope unit="page" from="8" to="15" />
		</imprint>
	</monogr>
	<note>Proceedings of the Association of Computational Linguistics (ACL)</note>
</biblStruct>

<biblStruct >
	<analytic>
		<title level="a" type="main">Syntaxe et mécanismes descriptifs : présentation de l&apos;approche pronominale</title>
		<author>
			<persName xmlns="http://www.tei-c.org/ns/1.0"><forename type="first">Karel</forename><surname>Van Den Eynde</surname></persName>
		</author>
		<author>
			<persName xmlns="http://www.tei-c.org/ns/1.0"><forename type="first">Claire</forename><surname>Blanche-Benveniste</surname></persName>
		</author>
	</analytic>
	<monogr>
		<title level="j">Cahiers de Lexicologie</title>
		<imprint>
			<biblScope unit="volume">32</biblScope>
			<biblScope unit="page" from="3" to="27" />
			<date type="published" when="1978" />
		</imprint>
	</monogr>
</biblStruct>

<biblStruct >
	<monogr>
		<title level="m" type="main">Le dictionnaire de valence Dicovalence : manuel d&apos;utilisation</title>
		<author>
			<persName xmlns="http://www.tei-c.org/ns/1.0"><forename type="first">Karel</forename><surname>Van Den Eynde</surname></persName>
		</author>
		<author>
			<persName xmlns="http://www.tei-c.org/ns/1.0"><forename type="first">Piet</forename><surname>Mertens</surname></persName>
		</author>
		<imprint>
			<date type="published" when="2006" />
			<pubPlace>Leuven</pubPlace>
		</imprint>
	</monogr>
	<note>Manuscript</note>
</biblStruct>

			</listBibl>
		</back>
	</text>
</TEI>
