<?xml version="1.0" ?>
<TEI xmlns="http://www.tei-c.org/ns/1.0" xmlns:xlink="http://www.w3.org/1999/xlink" 
 xmlns:mml="http://www.w3.org/1998/Math/MathML">
	<teiHeader>
		<fileDesc xml:id="f_1434"/>
	</teiHeader>
	<text>
		<front/>
		<body/>
		<back>
			<listBibl>
<biblStruct >
	<monogr>
		<title level="m" type="main">Theoretical foundations of the potential function method in pattern recognition learning. Automation and Remote Control</title>
		<author>
			<persName xmlns="http://www.tei-c.org/ns/1.0"><forename type="first">M</forename><forename type="middle">A</forename><surname>Aizerman</surname></persName>
		</author>
		<author>
			<persName xmlns="http://www.tei-c.org/ns/1.0"><forename type="first">E</forename><forename type="middle">M</forename><surname>Braverman</surname></persName>
		</author>
		<author>
			<persName xmlns="http://www.tei-c.org/ns/1.0"><forename type="first">L</forename><forename type="middle">I</forename><surname>Rozonoer</surname></persName>
		</author>
		<imprint>
			<date type="published" when="1964" />
			<biblScope unit="volume">25</biblScope>
			<biblScope unit="page" from="821" to="837" />
		</imprint>
	</monogr>
</biblStruct>

<biblStruct >
	<monogr>
		<title level="m" type="main">Logics of conversation</title>
		<author>
			<persName xmlns="http://www.tei-c.org/ns/1.0"><forename type="first">N</forename><surname>Asher</surname></persName>
		</author>
		<author>
			<persName xmlns="http://www.tei-c.org/ns/1.0"><forename type="first">A</forename><surname>Lascarides</surname></persName>
		</author>
		<imprint>
			<date type="published" when="2003" />
			<publisher>Cambridge University Press</publisher>
		</imprint>
	</monogr>
</biblStruct>

<biblStruct >
	<analytic>
		<title level="a" type="main">Probabilistic head-driven parsing for discourse structure</title>
		<author>
			<persName xmlns="http://www.tei-c.org/ns/1.0"><forename type="first">J</forename><surname>Baldridge</surname></persName>
		</author>
		<author>
			<persName xmlns="http://www.tei-c.org/ns/1.0"><forename type="first">A</forename><surname>Lascarides</surname></persName>
		</author>
	</analytic>
	<monogr>
		<title level="m">Proceedings of the Ninth Conference on Computational Natural Language Learning</title>
		<meeting>the Ninth Conference on Computational Natural Language Learning</meeting>
		<imprint>
			<date type="published" when="2005" />
			<biblScope unit="volume">96</biblScope>
			<biblScope unit="page">103</biblScope>
		</imprint>
	</monogr>
</biblStruct>

<biblStruct >
	<analytic>
		<title level="a" type="main">Procedure for quantitatively comparing the syntactic coverage of English grammars</title>
		<author>
			<persName xmlns="http://www.tei-c.org/ns/1.0"><forename type="first">E</forename><surname>Black</surname></persName>
		</author>
		<author>
			<persName xmlns="http://www.tei-c.org/ns/1.0"><forename type="first">S</forename><surname>Abney</surname></persName>
		</author>
		<author>
			<persName xmlns="http://www.tei-c.org/ns/1.0"><forename type="first">S</forename><surname>Flickenger</surname></persName>
		</author>
		<author>
			<persName xmlns="http://www.tei-c.org/ns/1.0"><forename type="first">C</forename><surname>Gdaniec</surname></persName>
		</author>
		<author>
			<persName xmlns="http://www.tei-c.org/ns/1.0"><forename type="first">C</forename><surname>Grishman</surname></persName>
		</author>
		<author>
			<persName xmlns="http://www.tei-c.org/ns/1.0"><forename type="first">P</forename><surname>Harrison</surname></persName>
		</author>
		<author>
			<persName xmlns="http://www.tei-c.org/ns/1.0"><forename type="first">D</forename><surname>Hindle</surname></persName>
		</author>
		<author>
			<persName xmlns="http://www.tei-c.org/ns/1.0"><forename type="first">R</forename><surname>Ingria</surname></persName>
		</author>
		<author>
			<persName xmlns="http://www.tei-c.org/ns/1.0"><forename type="first">F</forename><surname>Jelinek</surname></persName>
		</author>
		<author>
			<persName xmlns="http://www.tei-c.org/ns/1.0"><forename type="first">J</forename><surname>Klavans</surname></persName>
		</author>
		<author>
			<persName xmlns="http://www.tei-c.org/ns/1.0"><forename type="first">M</forename><surname>Liberman</surname></persName>
		</author>
	</analytic>
	<monogr>
		<title level="m">Proceedings of the workshop on Speech and Natural Language</title>
		<meeting>the workshop on Speech and Natural Language</meeting>
		<imprint>
			<date type="published" when="1991" />
			<biblScope unit="page" from="306" to="311" />
		</imprint>
	</monogr>
</biblStruct>

<biblStruct >
	<analytic>
		<title level="a" type="main">Building a discourse-tagged corpus in the framework of Rhetorical Structure Theory</title>
		<author>
			<persName xmlns="http://www.tei-c.org/ns/1.0"><forename type="first">L</forename><surname>Carlson</surname></persName>
		</author>
		<author>
			<persName xmlns="http://www.tei-c.org/ns/1.0"><forename type="first">D</forename><surname>Marcu</surname></persName>
		</author>
		<author>
			<persName xmlns="http://www.tei-c.org/ns/1.0"><forename type="first">M</forename><forename type="middle">E</forename><surname>Okurowski</surname></persName>
		</author>
	</analytic>
	<monogr>
		<title level="m">Proceedings of the Second SIGdial Workshop on Discourse</title>
		<meeting>the Second SIGdial Workshop on Discourse</meeting>
		<imprint>
			<date type="published" when="2001" />
			<biblScope unit="volume">16</biblScope>
			<biblScope unit="page" from="1" to="10" />
		</imprint>
	</monogr>
</biblStruct>

<biblStruct >
	<analytic>
		<title level="a" type="main">On linear separability of data sets in feature space</title>
		<author>
			<persName xmlns="http://www.tei-c.org/ns/1.0"><forename type="first">D</forename><surname>Chen</surname></persName>
		</author>
		<author>
			<persName xmlns="http://www.tei-c.org/ns/1.0"><forename type="first">Q</forename><surname>He</surname></persName>
		</author>
		<author>
			<persName xmlns="http://www.tei-c.org/ns/1.0"><forename type="first">X</forename><surname>Wang</surname></persName>
		</author>
	</analytic>
	<monogr>
		<title level="j">Neurocomputing</title>
		<imprint>
			<biblScope unit="volume">70</biblScope>
			<biblScope unit="page" from="2441" to="2448" />
			<date type="published" when="2007" />
		</imprint>
	</monogr>
</biblStruct>

<biblStruct >
	<analytic>
		<title level="a" type="main">Head-Driven Statistical Models for Natural Language Parsing</title>
		<author>
			<persName xmlns="http://www.tei-c.org/ns/1.0"><forename type="first">M</forename><surname>Collins</surname></persName>
		</author>
	</analytic>
	<monogr>
		<title level="j">Computational Linguistics</title>
		<imprint>
			<biblScope unit="volume">29</biblScope>
			<biblScope unit="issue">4</biblScope>
			<biblScope unit="page" from="589" to="637" />
			<date type="published" when="2003" />
		</imprint>
	</monogr>
</biblStruct>

<biblStruct >
	<analytic>
		<title level="a" type="main">On the algorithmic implementation of multiclass kernel-based vector machines</title>
		<author>
			<persName xmlns="http://www.tei-c.org/ns/1.0"><forename type="first">K</forename><surname>Crammer</surname></persName>
		</author>
		<author>
			<persName xmlns="http://www.tei-c.org/ns/1.0"><forename type="first">Y</forename><surname>Singer</surname></persName>
		</author>
	</analytic>
	<monogr>
		<title level="j">The Journal of Machine Learning Research</title>
		<imprint>
			<biblScope unit="volume">2</biblScope>
			<biblScope unit="page" from="265" to="292" />
			<date type="published" when="2002" />
		</imprint>
	</monogr>
</biblStruct>

<biblStruct >
	<analytic>
		<title level="a" type="main">Generating dialogues for virtual agents using nested textual coherence relations</title>
		<author>
			<persName xmlns="http://www.tei-c.org/ns/1.0"><forename type="first">H</forename><surname>Hernault</surname></persName>
		</author>
		<author>
			<persName xmlns="http://www.tei-c.org/ns/1.0"><forename type="first">P</forename><surname>Piwek</surname></persName>
		</author>
		<author>
			<persName xmlns="http://www.tei-c.org/ns/1.0"><forename type="first">H</forename><surname>Prendinger</surname></persName>
		</author>
		<author>
			<persName xmlns="http://www.tei-c.org/ns/1.0"><forename type="first">M</forename><surname>Ishizuka</surname></persName>
		</author>
	</analytic>
	<monogr>
		<title level="m">Proceedings of the 8th International Conference on Intelligent Virtual Agents (IVA&apos;08)</title>
		<meeting>the 8th International Conference on Intelligent Virtual Agents (IVA&apos;08)</meeting>
		<imprint>
			<date type="published" when="2008" />
			<biblScope unit="volume">5208</biblScope>
			<biblScope unit="page" from="139" to="145" />
		</imprint>
	</monogr>
	<note>Sept</note>
</biblStruct>

<biblStruct >
	<analytic>
		<title level="a" type="main">Optimization by Simulated Annealing</title>
		<author>
			<persName xmlns="http://www.tei-c.org/ns/1.0"><forename type="first">S</forename><surname>Kirkpatrick</surname></persName>
		</author>
		<author>
			<persName xmlns="http://www.tei-c.org/ns/1.0"><forename type="first">M</forename><forename type="middle">P</forename><surname>Gelatt</surname></persName>
		</author>
		<author>
			<persName xmlns="http://www.tei-c.org/ns/1.0"><surname>Vecchi</surname></persName>
		</author>
	</analytic>
	<monogr>
		<title level="j">Science</title>
		<imprint>
			<biblScope unit="volume">220</biblScope>
			<biblScope unit="issue">4598</biblScope>
			<biblScope unit="page" from="671" to="680" />
			<date type="published" when="1983" />
		</imprint>
	</monogr>
</biblStruct>

<biblStruct >
	<analytic>
		<title level="a" type="main">Generating discourse structures for written texts</title>
		<author>
			<persName xmlns="http://www.tei-c.org/ns/1.0"><forename type="first">H</forename><surname>Lethanh</surname></persName>
		</author>
		<author>
			<persName xmlns="http://www.tei-c.org/ns/1.0"><forename type="first">G</forename><surname>Abeysinghe</surname></persName>
		</author>
		<author>
			<persName xmlns="http://www.tei-c.org/ns/1.0"><forename type="first">C</forename><surname>Huyck</surname></persName>
		</author>
	</analytic>
	<monogr>
		<title level="m">Proceedings of the 20th international conference on Computational Linguistics</title>
		<meeting>the 20th international conference on Computational Linguistics</meeting>
		<imprint>
			<date type="published" when="2004" />
		</imprint>
	</monogr>
</biblStruct>

<biblStruct >
	<analytic>
		<title level="a" type="main">Statistical decision-tree models for parsing</title>
		<author>
			<persName xmlns="http://www.tei-c.org/ns/1.0"><forename type="first">D</forename><forename type="middle">M</forename><surname>Magerman</surname></persName>
		</author>
	</analytic>
	<monogr>
		<title level="m">Proceedings of the 33rd annual meeting on Association for Computational Linguistics</title>
		<meeting>the 33rd annual meeting on Association for Computational Linguistics</meeting>
		<imprint>
			<date type="published" when="1995" />
			<biblScope unit="page" from="276" to="283" />
		</imprint>
	</monogr>
</biblStruct>

<biblStruct >
	<analytic>
		<title level="a" type="main">Rhetorical structure theory: Toward a functional theory of text organization</title>
		<author>
			<persName xmlns="http://www.tei-c.org/ns/1.0"><forename type="first">W</forename><forename type="middle">C</forename><surname>Mann</surname></persName>
		</author>
		<author>
			<persName xmlns="http://www.tei-c.org/ns/1.0"><forename type="first">S</forename><forename type="middle">A</forename><surname>Thompson</surname></persName>
		</author>
	</analytic>
	<monogr>
		<title level="j">Text</title>
		<imprint>
			<biblScope unit="volume">8</biblScope>
			<biblScope unit="issue">3</biblScope>
			<biblScope unit="page" from="243" to="281" />
			<date type="published" when="1988" />
		</imprint>
	</monogr>
</biblStruct>

<biblStruct >
	<analytic>
		<title level="a" type="main">Building Up Rhetorical Structure Trees</title>
		<author>
			<persName xmlns="http://www.tei-c.org/ns/1.0"><forename type="first">D</forename><surname>Marcu</surname></persName>
		</author>
	</analytic>
	<monogr>
		<title level="m">Proceedings of the National Conference on Artificial Intelligence</title>
		<meeting>the National Conference on Artificial Intelligence</meeting>
		<imprint>
			<date type="published" when="1996" />
			<biblScope unit="page" from="1069" to="1074" />
		</imprint>
	</monogr>
</biblStruct>

<biblStruct >
	<monogr>
		<title level="m" type="main">The theory and practice of discourse parsing and summarization</title>
		<author>
			<persName xmlns="http://www.tei-c.org/ns/1.0"><forename type="first">D</forename><surname>Marcu</surname></persName>
		</author>
		<imprint>
			<date type="published" when="2000" />
			<publisher>MIT Press</publisher>
		</imprint>
	</monogr>
</biblStruct>

<biblStruct >
	<analytic>
		<title level="a" type="main">Cue phrases in discourse: further evidence for the core: contributor distinction</title>
		<author>
			<persName xmlns="http://www.tei-c.org/ns/1.0"><forename type="first">J</forename><surname>Oberlander</surname></persName>
		</author>
		<author>
			<persName xmlns="http://www.tei-c.org/ns/1.0"><forename type="first">J</forename><forename type="middle">D</forename><surname>Moore</surname></persName>
		</author>
		<author>
			<persName xmlns="http://www.tei-c.org/ns/1.0"><forename type="first">J</forename><surname>Oberlander</surname></persName>
		</author>
		<author>
			<persName xmlns="http://www.tei-c.org/ns/1.0"><forename type="first">A</forename><surname>Knott</surname></persName>
		</author>
		<author>
			<persName xmlns="http://www.tei-c.org/ns/1.0"><forename type="first">J</forename><surname>Moore</surname></persName>
		</author>
	</analytic>
	<monogr>
		<title level="m">Proceedings of the 1999 Levels of Representation in Discourse Workshop (LORID&apos;99)</title>
		<meeting>the 1999 Levels of Representation in Discourse Workshop (LORID&apos;99)</meeting>
		<imprint>
			<date type="published" when="1999" />
			<biblScope unit="page" from="87" to="93" />
		</imprint>
	</monogr>
</biblStruct>

<biblStruct >
	<analytic>
		<title level="a" type="main">Generating dialogues between virtual agents automatically from text</title>
		<author>
			<persName xmlns="http://www.tei-c.org/ns/1.0"><forename type="first">P</forename><surname>Piwek</surname></persName>
		</author>
		<author>
			<persName xmlns="http://www.tei-c.org/ns/1.0"><forename type="first">H</forename><surname>Hernault</surname></persName>
		</author>
		<author>
			<persName xmlns="http://www.tei-c.org/ns/1.0"><forename type="first">H</forename><surname>Prendinger</surname></persName>
		</author>
		<author>
			<persName xmlns="http://www.tei-c.org/ns/1.0"><forename type="first">M</forename><surname>Ishizuka</surname></persName>
		</author>
	</analytic>
	<monogr>
		<title level="m">Proceedings of the 7th International Conference on Intelligent Virtual Agents (IVA &apos;07)</title>
		<meeting>the 7th International Conference on Intelligent Virtual Agents (IVA &apos;07)</meeting>
		<imprint>
			<date type="published" when="2007" />
			<biblScope unit="volume">4722</biblScope>
			<biblScope unit="page">161</biblScope>
		</imprint>
	</monogr>
</biblStruct>

<biblStruct >
	<monogr>
		<title level="m" type="main">Rhetorical Analysis with RichFeature Support Vector Models</title>
		<author>
			<persName xmlns="http://www.tei-c.org/ns/1.0"><forename type="first">D</forename><surname>Reitter</surname></persName>
		</author>
		<imprint>
			<date type="published" when="2003" />
			<pubPlace>Potsdam, Germany</pubPlace>
		</imprint>
		<respStmt>
			<orgName>University of Potsdam</orgName>
		</respStmt>
	</monogr>
	<note>Unpublished Master&apos;s thesis</note>
</biblStruct>

<biblStruct >
	<analytic>
		<title level="a" type="main">Simple Signals for Complex Rhetorics: On Rhetorical Analysis with RichFeature Support Vector Models</title>
		<author>
			<persName xmlns="http://www.tei-c.org/ns/1.0"><forename type="first">D</forename><surname>Reitter</surname></persName>
		</author>
	</analytic>
	<monogr>
		<title level="j">Language</title>
		<imprint>
			<biblScope unit="issue">52</biblScope>
			<biblScope unit="page">18</biblScope>
			<date type="published" when="2003" />
		</imprint>
	</monogr>
</biblStruct>

<biblStruct >
	<analytic>
		<title level="a" type="main">Robust discourse parsing via discourse markers, topicality and position</title>
		<author>
			<persName xmlns="http://www.tei-c.org/ns/1.0"><forename type="first">F</forename><surname>Schilder</surname></persName>
		</author>
	</analytic>
	<monogr>
		<title level="j">Natural Language Engineering</title>
		<imprint>
			<biblScope unit="volume">8</biblScope>
			<biblScope unit="issue">2-3</biblScope>
			<biblScope unit="page" from="235" to="255" />
			<date type="published" when="2002" />
		</imprint>
	</monogr>
</biblStruct>

<biblStruct >
	<monogr>
		<title level="m" type="main">Extracting Support Data for a Given Task. Knowledge Discovery and Data Mining</title>
		<author>
			<persName xmlns="http://www.tei-c.org/ns/1.0"><forename type="first">B</forename><surname>Scholkopf</surname></persName>
		</author>
		<author>
			<persName xmlns="http://www.tei-c.org/ns/1.0"><forename type="first">C</forename><surname>Burges</surname></persName>
		</author>
		<author>
			<persName xmlns="http://www.tei-c.org/ns/1.0"><forename type="first">V</forename><surname>Vapnik</surname></persName>
		</author>
		<imprint>
			<date type="published" when="1995" />
			<biblScope unit="page" from="252" to="257" />
		</imprint>
	</monogr>
</biblStruct>

<biblStruct >
	<analytic>
		<title level="a" type="main">Sentence level discourse parsing using syntactic and lexical information</title>
		<author>
			<persName xmlns="http://www.tei-c.org/ns/1.0"><forename type="first">R</forename><surname>Soricut</surname></persName>
		</author>
		<author>
			<persName xmlns="http://www.tei-c.org/ns/1.0"><forename type="first">D</forename><surname>Marcu</surname></persName>
		</author>
	</analytic>
	<monogr>
		<title level="m">Proceedings of the 2003 Conference of the North American Chapter</title>
		<meeting>the 2003 Conference of the North American Chapter</meeting>
		<imprint>
			<date type="published" when="2003" />
			<biblScope unit="volume">1</biblScope>
			<biblScope unit="page" from="149" to="156" />
		</imprint>
	</monogr>
</biblStruct>

<biblStruct >
	<monogr>
		<title level="m" type="main">Parameter selection for support vector machines</title>
		<author>
			<persName xmlns="http://www.tei-c.org/ns/1.0"><forename type="first">C</forename><surname>Staelin</surname></persName>
		</author>
		<idno>HPL-2002-354R1</idno>
		<imprint>
			<date type="published" when="2003" />
			<pubPlace>Hewlett-Packard Company</pubPlace>
		</imprint>
	</monogr>
<note type="report_type">Tech. Rep.</note>
</biblStruct>

<biblStruct >
	<monogr>
		<title level="m" type="main">The nature of statistical learning theory</title>
		<author>
			<persName xmlns="http://www.tei-c.org/ns/1.0"><forename type="first">V</forename><forename type="middle">N</forename><surname>Vapnik</surname></persName>
		</author>
		<imprint>
			<date type="published" when="1995" />
			<publisher>Springer-Verlag New York, Inc</publisher>
			<pubPlace>New York, NY, USA</pubPlace>
		</imprint>
	</monogr>
</biblStruct>

			</listBibl>
		</back>
	</text>
</TEI>
