<?xml version="1.0" ?>
<TEI xmlns="http://www.tei-c.org/ns/1.0" xmlns:xlink="http://www.w3.org/1999/xlink" 
 xmlns:mml="http://www.w3.org/1998/Math/MathML">
	<teiHeader>
		<fileDesc xml:id="f_1640"/>
	</teiHeader>
	<text>
		<front/>
		<body/>
		<back>
			<listBibl>
<biblStruct >
	<analytic>
		<title level="a" type="main">OpenFst: A general and efficient weighted finite-state transducer library</title>
		<author>
			<persName xmlns="http://www.tei-c.org/ns/1.0"><forename type="first">Cyril</forename><surname>Allauzen</surname></persName>
		</author>
		<author>
			<persName xmlns="http://www.tei-c.org/ns/1.0"><forename type="first">Michael</forename><surname>Riley</surname></persName>
		</author>
		<author>
			<persName xmlns="http://www.tei-c.org/ns/1.0"><forename type="first">Johan</forename><surname>Schalkwyk</surname></persName>
		</author>
		<ptr target="http://www.openfst.org" />
	</analytic>
	<monogr>
		<title level="m">CIAA 2007</title>
		<imprint>
			<publisher>Springer</publisher>
			<date type="published" when="2007" />
			<biblScope unit="volume">4783</biblScope>
			<biblScope unit="page" from="11" to="23" />
		</imprint>
	</monogr>
	<note>Wojciech Skut, and Mehryar Mohri</note>
</biblStruct>

<biblStruct >
	<monogr>
		<title level="m" type="main">Rational Series and their Languages</title>
		<author>
			<persName xmlns="http://www.tei-c.org/ns/1.0"><forename type="first">Jean</forename><surname>Berstel</surname></persName>
		</author>
		<author>
			<persName xmlns="http://www.tei-c.org/ns/1.0"><forename type="first">Christophe</forename><surname>Reutenauer</surname></persName>
		</author>
		<imprint>
			<date type="published" when="1988" />
			<publisher>Springer-Verlag</publisher>
		</imprint>
	</monogr>
</biblStruct>

<biblStruct >
	<analytic>
		<title level="a" type="main">Parameter estimation for probabilistic finite-state transducers</title>
		<author>
			<persName xmlns="http://www.tei-c.org/ns/1.0"><forename type="first">Jason</forename><surname>Eisner</surname></persName>
		</author>
	</analytic>
	<monogr>
		<title level="m">ACL</title>
		<imprint>
			<date type="published" when="2002" />
			<biblScope unit="page" from="1" to="8" />
		</imprint>
	</monogr>
</biblStruct>

<biblStruct >
	<monogr>
		<title level="m" type="main">Computer Processing of Turkish: Morphological and Lexical Investigation</title>
		<author>
			<persName xmlns="http://www.tei-c.org/ns/1.0"><forename type="first">Tunga</forename><surname>Güngör</surname></persName>
		</author>
		<imprint>
			<date type="published" when="1995" />
		</imprint>
		<respStmt>
			<orgName>Bo˘ gaziçi University</orgName>
		</respStmt>
	</monogr>
<note type="report_type">Ph.D. thesis</note>
</biblStruct>

<biblStruct >
	<monogr>
		<title level="m" type="main">Twolevel rule compiler</title>
		<author>
			<persName xmlns="http://www.tei-c.org/ns/1.0"><forename type="first">Lauri</forename><surname>Karttunen</surname></persName>
		</author>
		<author>
			<persName xmlns="http://www.tei-c.org/ns/1.0"><forename type="first">R</forename><surname>Kenneth</surname></persName>
		</author>
		<author>
			<persName xmlns="http://www.tei-c.org/ns/1.0"><surname>Beesley</surname></persName>
		</author>
		<imprint>
			<date type="published" when="1992" />
			<pubPlace>Xerox Palo Alto Research Center, Palo Alto, CA</pubPlace>
		</imprint>
	</monogr>
<note type="report_type">Technical report</note>
</biblStruct>

<biblStruct >
	<analytic>
		<title level="a" type="main">A general computational model for word-form recognition and production</title>
		<author>
			<persName xmlns="http://www.tei-c.org/ns/1.0"><forename type="first">Kimmo</forename><surname>Koskenniemi</surname></persName>
		</author>
	</analytic>
	<monogr>
		<title level="m">ACL</title>
		<imprint>
			<date type="published" when="1984" />
			<biblScope unit="page" from="178" to="181" />
		</imprint>
	</monogr>
</biblStruct>

<biblStruct >
	<analytic>
		<title level="a" type="main">The architecture and the implementation of a finite state pronunciation lexicon for Turkish</title>
		<author>
			<persName xmlns="http://www.tei-c.org/ns/1.0"><forename type="first">Kemal</forename><surname>Oflazer</surname></persName>
		</author>
		<author>
			<persName xmlns="http://www.tei-c.org/ns/1.0"><forename type="first">Sharon</forename><surname>Inkelas</surname></persName>
		</author>
	</analytic>
	<monogr>
		<title level="j">Computer Speech and Language</title>
		<imprint>
			<biblScope unit="volume">20</biblScope>
			<biblScope unit="issue">1</biblScope>
			<biblScope unit="page" from="80" to="106" />
			<date type="published" when="2006" />
		</imprint>
	</monogr>
</biblStruct>

<biblStruct >
	<monogr>
		<title level="m" type="main">Two-level description of Turkish morphology. Literary and Linguistic Computing</title>
		<author>
			<persName xmlns="http://www.tei-c.org/ns/1.0"><forename type="first">Kemal</forename><surname>Oflazer</surname></persName>
		</author>
		<imprint>
			<date type="published" when="1994" />
			<biblScope unit="volume">9</biblScope>
			<biblScope unit="page" from="137" to="148" />
		</imprint>
	</monogr>
</biblStruct>

<biblStruct >
	<analytic>
		<title level="a" type="main">Error-tolerant finite-state recognition with applications to morphological analysis and spelling correction</title>
		<author>
			<persName xmlns="http://www.tei-c.org/ns/1.0"><forename type="first">Kemal</forename><surname>Oflazer</surname></persName>
		</author>
	</analytic>
	<monogr>
		<title level="j">Computational Linguistics</title>
		<imprint>
			<biblScope unit="volume">22</biblScope>
			<biblScope unit="issue">1</biblScope>
			<biblScope unit="page" from="73" to="89" />
			<date type="published" when="1996" />
		</imprint>
	</monogr>
</biblStruct>

<biblStruct >
	<analytic>
		<title level="a" type="main">Turkish language resources: Morphological parser, morphological disambiguator and web corpus</title>
		<author>
			<persName xmlns="http://www.tei-c.org/ns/1.0"><forename type="first">Has¸imhas¸im</forename><surname>Sak</surname></persName>
		</author>
		<author>
			<persName xmlns="http://www.tei-c.org/ns/1.0"><forename type="first">Tunga</forename><surname>Güngör</surname></persName>
		</author>
		<author>
			<persName xmlns="http://www.tei-c.org/ns/1.0"><forename type="first">Murat</forename><surname>Saraçlar</surname></persName>
		</author>
	</analytic>
	<monogr>
		<title level="m">GoTAL</title>
		<imprint>
			<publisher>Springer</publisher>
			<date type="published" when="2008" />
			<biblScope unit="volume">5221</biblScope>
			<biblScope unit="page" from="417" to="427" />
		</imprint>
	</monogr>
</biblStruct>

<biblStruct >
	<monogr>
		<title level="m" type="main">Design and implementation of a spelling checker for turkish. Literary and Linguistic Computing</title>
		<author>
			<persName xmlns="http://www.tei-c.org/ns/1.0"><forename type="first">Ays¸inays¸in</forename><surname>Solak</surname></persName>
		</author>
		<author>
			<persName xmlns="http://www.tei-c.org/ns/1.0"><forename type="first">Kemal</forename><surname>Oflazer</surname></persName>
		</author>
		<imprint>
			<date type="published" when="1993" />
			<biblScope unit="volume">8</biblScope>
			<biblScope unit="page" from="113" to="130" />
		</imprint>
	</monogr>
</biblStruct>

			</listBibl>
		</back>
	</text>
</TEI>
