<?xml version="1.0" ?>
<TEI xmlns="http://www.tei-c.org/ns/1.0" xmlns:xlink="http://www.w3.org/1999/xlink" 
 xmlns:mml="http://www.w3.org/1998/Math/MathML">
	<teiHeader>
		<fileDesc xml:id="f_2396"/>
	</teiHeader>
	<text>
		<front/>
		<body/>
		<back>
			<listBibl>
<biblStruct >
	<analytic>
		<title level="a" type="main">Partial parsing via finite-state cascades</title>
		<author>
			<persName xmlns="http://www.tei-c.org/ns/1.0"><forename type="first">S</forename><surname>Abney</surname></persName>
		</author>
	</analytic>
	<monogr>
		<title level="m">Workshop on Robust Parsing</title>
		<editor>J. Carroll</editor>
		<meeting><address><addrLine>Prague</addrLine></address></meeting>
		<imprint>
			<date type="published" when="1996" />
			<biblScope unit="page" from="8" to="15" />
		</imprint>
	</monogr>
</biblStruct>

<biblStruct >
	<analytic>
		<title level="a" type="main">The BNC parsed with RASP4UIMA</title>
		<author>
			<persName xmlns="http://www.tei-c.org/ns/1.0"><forename type="first">O</forename><forename type="middle">E</forename><surname>Andersen</surname></persName>
		</author>
		<author>
			<persName xmlns="http://www.tei-c.org/ns/1.0"><forename type="first">J</forename><surname>Nioche</surname></persName>
		</author>
		<author>
			<persName xmlns="http://www.tei-c.org/ns/1.0"><forename type="first">E</forename><surname>Briscoe</surname></persName>
		</author>
		<author>
			<persName xmlns="http://www.tei-c.org/ns/1.0"><forename type="first">J</forename><surname>Carroll</surname></persName>
		</author>
	</analytic>
	<monogr>
		<title level="m">Proceedings of the Sixth International Language Resources and Evaluation Conference (LREC&apos;08)</title>
		<meeting>the Sixth International Language Resources and Evaluation Conference (LREC&apos;08)<address><addrLine>Marrakech, Morocco</addrLine></address></meeting>
		<imprint>
			<date type="published" when="2008" />
		</imprint>
	</monogr>
</biblStruct>

<biblStruct >
	<analytic>
		<title level="a" type="main">Large lexicons for natural language processing: utilising the grammar coding system of the Longman Dictionary of Contemporary English</title>
		<author>
			<persName xmlns="http://www.tei-c.org/ns/1.0"><forename type="first">B</forename><surname>Boguraev</surname></persName>
		</author>
		<author>
			<persName xmlns="http://www.tei-c.org/ns/1.0"><forename type="first">E</forename><surname>Briscoe</surname></persName>
		</author>
	</analytic>
	<monogr>
		<title level="j">Computational Linguistics</title>
		<imprint>
			<biblScope unit="volume">13</biblScope>
			<biblScope unit="issue">4</biblScope>
			<biblScope unit="page" from="219" to="240" />
			<date type="published" when="1987" />
		</imprint>
	</monogr>
</biblStruct>

<biblStruct >
	<analytic>
		<title level="a" type="main">Enjoy the paper: lexical semantics via lexicology</title>
		<author>
			<persName xmlns="http://www.tei-c.org/ns/1.0"><forename type="first">E</forename><surname>Briscoe</surname></persName>
		</author>
		<author>
			<persName xmlns="http://www.tei-c.org/ns/1.0"><forename type="first">A</forename><surname>Copestake</surname></persName>
		</author>
		<author>
			<persName xmlns="http://www.tei-c.org/ns/1.0"><forename type="first">B</forename><surname>Boguraev</surname></persName>
		</author>
	</analytic>
	<monogr>
		<title level="m">Proceedings of the 13th International Conference on Computational Linguistics (COLING-90)</title>
		<meeting>the 13th International Conference on Computational Linguistics (COLING-90)<address><addrLine>Helsinki</addrLine></address></meeting>
		<imprint>
			<date type="published" when="1990" />
			<biblScope unit="page" from="42" to="47" />
		</imprint>
	</monogr>
</biblStruct>

<biblStruct >
	<analytic>
		<title level="a" type="main">The second release of the rasp system</title>
		<author>
			<persName xmlns="http://www.tei-c.org/ns/1.0"><forename type="first">E</forename><surname>Briscoe</surname></persName>
		</author>
		<author>
			<persName xmlns="http://www.tei-c.org/ns/1.0"><forename type="first">J</forename><surname>Carroll</surname></persName>
		</author>
		<author>
			<persName xmlns="http://www.tei-c.org/ns/1.0"><forename type="first">R</forename><surname>Watson</surname></persName>
		</author>
	</analytic>
	<monogr>
		<title level="m">Proceedings of the COLING/ACL on Interactive presentation sessions</title>
		<meeting>the COLING/ACL on Interactive presentation sessions</meeting>
		<imprint>
			<date type="published" when="2006" />
			<biblScope unit="page" from="77" to="80" />
		</imprint>
	</monogr>
</biblStruct>

<biblStruct >
	<monogr>
				<author>
			<persName xmlns="http://www.tei-c.org/ns/1.0"><forename type="first">L</forename><surname>Burnard</surname></persName>
		</author>
		<title level="m">Reference Guide for the British National Corpus</title>
		<imprint>
			<date type="published" when="2007" />
		</imprint>
	</monogr>
	<note>XML Edition</note>
</biblStruct>

<biblStruct >
	<analytic>
		<title level="a" type="main">met*: A method for discriminating metonymy and metaphor by computer</title>
		<author>
			<persName xmlns="http://www.tei-c.org/ns/1.0"><forename type="first">D</forename><surname>Fass</surname></persName>
		</author>
	</analytic>
	<monogr>
		<title level="j">Computational Linguistics</title>
		<imprint>
			<biblScope unit="volume">17</biblScope>
			<biblScope unit="issue">1</biblScope>
			<biblScope unit="page" from="49" to="90" />
			<date type="published" when="1991" />
		</imprint>
	</monogr>
</biblStruct>

<biblStruct >
	<monogr>
		<title level="m" type="main">WordNet: An Electronic Lexical Database (ISBN: 0-262-06197-X)</title>
		<editor>C. Fellbaum</editor>
		<imprint>
			<date type="published" when="1998" />
			<publisher>MIT Press</publisher>
		</imprint>
	</monogr>
	<note>first edition</note>
</biblStruct>

<biblStruct >
	<analytic>
		<title level="a" type="main">Measuring nominal scale agreement among many raters</title>
		<author>
			<persName xmlns="http://www.tei-c.org/ns/1.0"><forename type="first">J</forename><forename type="middle">L</forename><surname>Fleiss</surname></persName>
		</author>
	</analytic>
	<monogr>
		<title level="j">Psychological Bulletin</title>
		<imprint>
			<biblScope unit="volume">76</biblScope>
			<biblScope unit="issue">5</biblScope>
			<biblScope unit="page" from="378" to="382" />
			<date type="published" when="1971" />
		</imprint>
	</monogr>
</biblStruct>

<biblStruct >
	<analytic>
		<title level="a" type="main">Towards a proper treatment of coercion phenomena</title>
		<author>
			<persName xmlns="http://www.tei-c.org/ns/1.0"><forename type="first">D</forename><surname>Godard</surname></persName>
		</author>
		<author>
			<persName xmlns="http://www.tei-c.org/ns/1.0"><forename type="first">J</forename><surname>Jayez</surname></persName>
		</author>
	</analytic>
	<monogr>
		<title level="m">Sixth Conference of the European Chapter of the ACL</title>
		<meeting><address><addrLine>Utrecht</addrLine></address></meeting>
		<imprint>
			<date type="published" when="1993" />
			<biblScope unit="page" from="168" to="177" />
		</imprint>
	</monogr>
</biblStruct>

<biblStruct >
	<analytic>
		<title level="a" type="main">A probabilistic account of logical metonymy</title>
		<author>
			<persName xmlns="http://www.tei-c.org/ns/1.0"><forename type="first">M</forename><surname>Lapata</surname></persName>
		</author>
		<author>
			<persName xmlns="http://www.tei-c.org/ns/1.0"><forename type="first">A</forename><surname>Lascarides</surname></persName>
		</author>
	</analytic>
	<monogr>
		<title level="j">Computational Linguistics</title>
		<imprint>
			<biblScope unit="volume">29</biblScope>
			<biblScope unit="issue">2</biblScope>
			<biblScope unit="page" from="261" to="315" />
			<date type="published" when="2003" />
		</imprint>
	</monogr>
</biblStruct>

<biblStruct >
	<analytic>
		<title level="a" type="main">The pragmatics of word meaning</title>
		<author>
			<persName xmlns="http://www.tei-c.org/ns/1.0"><forename type="first">A</forename><surname>Lascarides</surname></persName>
		</author>
		<author>
			<persName xmlns="http://www.tei-c.org/ns/1.0"><forename type="first">A</forename><surname>Copestake</surname></persName>
		</author>
	</analytic>
	<monogr>
		<title level="m">Journal of Linguistics</title>
		<imprint>
			<date type="published" when="1995" />
			<biblScope unit="page" from="387" to="414" />
		</imprint>
	</monogr>
</biblStruct>

<biblStruct >
	<analytic>
		<title level="a" type="main">The informative role of WordNet in open-domain question answering</title>
		<author>
			<persName xmlns="http://www.tei-c.org/ns/1.0"><forename type="first">M</forename><surname>Pasca</surname></persName>
		</author>
		<author>
			<persName xmlns="http://www.tei-c.org/ns/1.0"><forename type="first">S</forename><surname>Harabagiu</surname></persName>
		</author>
	</analytic>
	<monogr>
		<title level="m">Proceedings of NAACL-01 Workshop on WordNet and Other Lexical Resources</title>
		<meeting>NAACL-01 Workshop on WordNet and Other Lexical Resources<address><addrLine>Pittsburgh, PA</addrLine></address></meeting>
		<imprint>
			<date type="published" when="2001" />
			<biblScope unit="page" from="138" to="143" />
		</imprint>
	</monogr>
</biblStruct>

<biblStruct >
	<monogr>
		<title level="m" type="main">Probabilistic word sense disambiguation analysis and techniques for combining knowledge sources</title>
		<author>
			<persName xmlns="http://www.tei-c.org/ns/1.0"><forename type="first">J</forename><surname>Preiss</surname></persName>
		</author>
		<imprint>
			<date type="published" when="2006" />
		</imprint>
		<respStmt>
			<orgName>Computer Laboratory, University of Cambridge</orgName>
		</respStmt>
	</monogr>
<note type="report_type">Technical report</note>
</biblStruct>

<biblStruct >
	<analytic>
		<title level="a" type="main">The generative lexicon</title>
		<author>
			<persName xmlns="http://www.tei-c.org/ns/1.0"><forename type="first">J</forename><surname>Pustejovsky</surname></persName>
		</author>
	</analytic>
	<monogr>
		<title level="j">Computational Linguistics</title>
		<imprint>
			<biblScope unit="volume">17</biblScope>
			<biblScope unit="issue">4</biblScope>
			<date type="published" when="1991" />
		</imprint>
	</monogr>
</biblStruct>

<biblStruct >
	<monogr>
		<title level="m" type="main">The Generative Lexicon</title>
		<author>
			<persName xmlns="http://www.tei-c.org/ns/1.0"><forename type="first">J</forename><surname>Pustejovsky</surname></persName>
		</author>
		<imprint>
			<date type="published" when="1995" />
			<publisher>MIT Press</publisher>
			<pubPlace>Cambridge, MA</pubPlace>
		</imprint>
	</monogr>
</biblStruct>

<biblStruct >
	<analytic>
		<title level="a" type="main">A statistical approach to the processing of metonymy</title>
		<author>
			<persName xmlns="http://www.tei-c.org/ns/1.0"><forename type="first">M</forename><surname>Utiyama</surname></persName>
		</author>
		<author>
			<persName xmlns="http://www.tei-c.org/ns/1.0"><forename type="first">M</forename><surname>Masaki</surname></persName>
		</author>
		<author>
			<persName xmlns="http://www.tei-c.org/ns/1.0"><forename type="first">I</forename><surname>Hitoshi</surname></persName>
		</author>
	</analytic>
	<monogr>
		<title level="m">Proceedings of the 18th International Conference on Computational Linguistics</title>
		<meeting>the 18th International Conference on Computational Linguistics<address><addrLine>Saarbrucken, Germany</addrLine></address></meeting>
		<imprint>
			<date type="published" when="2000" />
		</imprint>
	</monogr>
</biblStruct>

<biblStruct >
	<analytic>
		<title level="a" type="main">Conventionality-governed logical metonymy</title>
		<author>
			<persName xmlns="http://www.tei-c.org/ns/1.0"><forename type="first">C</forename><forename type="middle">M</forename><surname>Verspoor</surname></persName>
		</author>
	</analytic>
	<monogr>
		<title level="m">Proceedings of the Second International Workshop on Computational Semantics</title>
		<meeting>the Second International Workshop on Computational Semantics<address><addrLine>Tilburg</addrLine></address></meeting>
		<imprint>
			<date type="published" when="1997" />
			<biblScope unit="page" from="300" to="312" />
		</imprint>
	</monogr>
</biblStruct>

<biblStruct >
	<analytic>
		<title level="a" type="main">Using WordNet for text retrieval</title>
		<author>
			<persName xmlns="http://www.tei-c.org/ns/1.0"><forename type="first">E</forename><forename type="middle">M</forename><surname>Voorhees</surname></persName>
		</author>
	</analytic>
	<monogr>
		<title level="m">WordNet: An Electornic Lexical Database</title>
		<editor>C. Fellbaum</editor>
		<imprint>
			<publisher>MIT Press</publisher>
			<date type="published" when="1998" />
			<biblScope unit="page" from="285" to="303" />
		</imprint>
	</monogr>
</biblStruct>

			</listBibl>
		</back>
	</text>
</TEI>
