<?xml version="1.0" ?>
<TEI xmlns="http://www.tei-c.org/ns/1.0" xmlns:xlink="http://www.w3.org/1999/xlink" 
 xmlns:mml="http://www.w3.org/1998/Math/MathML">
	<teiHeader>
		<fileDesc xml:id="f_1498"/>
	</teiHeader>
	<text>
		<front/>
		<body/>
		<back>
			<listBibl>
<biblStruct >
	<analytic>
		<title level="a" type="main">A framework for learning predictive structures from multiple tasks and unlabeled data</title>
		<author>
			<persName xmlns="http://www.tei-c.org/ns/1.0"><forename type="first">R</forename><surname>Ando</surname></persName>
		</author>
		<author>
			<persName xmlns="http://www.tei-c.org/ns/1.0"><forename type="first">T</forename><surname>Zhang</surname></persName>
		</author>
	</analytic>
	<monogr>
		<title level="j">JMLR</title>
		<imprint>
			<biblScope unit="volume">6</biblScope>
			<biblScope unit="page" from="1817" to="1853" />
			<date type="published" when="2005" />
		</imprint>
	</monogr>
</biblStruct>

<biblStruct >
	<monogr>
		<title level="m" type="main">Applying alternating structure optimization to word sense disambiguation</title>
		<author>
			<persName xmlns="http://www.tei-c.org/ns/1.0"><forename type="first">R</forename><surname>Ando</surname></persName>
		</author>
		<imprint>
			<date type="published" when="2006" />
		</imprint>
	</monogr>
	<note>CoNLL</note>
</biblStruct>

<biblStruct >
	<analytic>
		<title level="a" type="main">Modeling consensus: classifier combination for word sense disambiguation</title>
		<author>
			<persName xmlns="http://www.tei-c.org/ns/1.0"><forename type="first">R</forename><surname>Florian</surname></persName>
		</author>
		<author>
			<persName xmlns="http://www.tei-c.org/ns/1.0"><forename type="first">D</forename><surname>Yarowsky</surname></persName>
		</author>
	</analytic>
	<monogr>
		<title level="m">EMNLP &apos;02</title>
		<imprint>
			<date type="published" when="2002" />
			<biblScope unit="page" from="25" to="32" />
		</imprint>
	</monogr>
</biblStruct>

<biblStruct >
	<analytic>
		<title level="a" type="main">The risk inflation criterion for multiple regression</title>
		<author>
			<persName xmlns="http://www.tei-c.org/ns/1.0"><forename type="first">D</forename><forename type="middle">P</forename><surname>Foster</surname></persName>
		</author>
		<author>
			<persName xmlns="http://www.tei-c.org/ns/1.0"><forename type="first">E</forename><forename type="middle">I</forename><surname>George</surname></persName>
		</author>
	</analytic>
	<monogr>
		<title level="j">The Annals of Statistics</title>
		<imprint>
			<biblScope unit="volume">22</biblScope>
			<biblScope unit="issue">4</biblScope>
			<biblScope unit="page" from="1947" to="1975" />
			<date type="published" when="1994" />
		</imprint>
	</monogr>
</biblStruct>

<biblStruct >
	<analytic>
		<title level="a" type="main">Ontonotes: The 90% solution</title>
		<author>
			<persName xmlns="http://www.tei-c.org/ns/1.0"><forename type="first">E</forename><forename type="middle">H</forename><surname>Hovy</surname></persName>
		</author>
		<author>
			<persName xmlns="http://www.tei-c.org/ns/1.0"><forename type="first">M</forename><forename type="middle">P</forename><surname>Marcus</surname></persName>
		</author>
		<author>
			<persName xmlns="http://www.tei-c.org/ns/1.0"><forename type="first">M</forename><surname>Palmer</surname></persName>
		</author>
		<author>
			<persName xmlns="http://www.tei-c.org/ns/1.0"><forename type="first">L</forename><forename type="middle">A</forename><surname>Ramshaw</surname></persName>
		</author>
		<author>
			<persName xmlns="http://www.tei-c.org/ns/1.0"><forename type="first">R</forename><forename type="middle">M</forename><surname>Weischedel</surname></persName>
		</author>
	</analytic>
	<monogr>
		<title level="m">HLT-NAACL</title>
		<imprint>
			<date type="published" when="2006" />
		</imprint>
	</monogr>
</biblStruct>

<biblStruct >
	<analytic>
		<title level="a" type="main">Finding cohesive clusters for analyzing knowledge communities</title>
		<author>
			<persName xmlns="http://www.tei-c.org/ns/1.0"><forename type="first">V</forename><surname>Kandylas</surname></persName>
		</author>
		<author>
			<persName xmlns="http://www.tei-c.org/ns/1.0"><forename type="first">S</forename><forename type="middle">P</forename><surname>Upham</surname></persName>
		</author>
		<author>
			<persName xmlns="http://www.tei-c.org/ns/1.0"><forename type="first">L</forename><forename type="middle">H</forename><surname>Ungar</surname></persName>
		</author>
	</analytic>
	<monogr>
		<title level="m">ICDM</title>
		<imprint>
			<date type="published" when="2007" />
			<biblScope unit="page" from="203" to="212" />
		</imprint>
	</monogr>
</biblStruct>

<biblStruct >
	<analytic>
		<title level="a" type="main">Hypothesis selection and testing by the mdl principle</title>
		<author>
			<persName xmlns="http://www.tei-c.org/ns/1.0"><forename type="first">J</forename><surname>Rissanen</surname></persName>
		</author>
	</analytic>
	<monogr>
		<title level="j">The Computer Journal</title>
		<imprint>
			<biblScope unit="volume">42</biblScope>
			<biblScope unit="page" from="260" to="269" />
			<date type="published" when="1999" />
		</imprint>
	</monogr>
</biblStruct>

			</listBibl>
		</back>
	</text>
</TEI>
