<?xml version="1.0" ?>
<TEI xmlns="http://www.tei-c.org/ns/1.0" xmlns:xlink="http://www.w3.org/1999/xlink" 
 xmlns:mml="http://www.w3.org/1998/Math/MathML">
	<teiHeader>
		<fileDesc xml:id="f_2557"/>
	</teiHeader>
	<text>
		<front/>
		<body/>
		<back>
			<listBibl>
<biblStruct >
	<analytic>
		<title level="a" type="main">Semeval-2007, task 02: Evaluating WSI and discrimination systems</title>
		<author>
			<persName xmlns="http://www.tei-c.org/ns/1.0"><forename type="first">E</forename><surname>Agirre</surname></persName>
		</author>
		<author>
			<persName xmlns="http://www.tei-c.org/ns/1.0"><forename type="first">A</forename><surname>Soroa</surname></persName>
		</author>
	</analytic>
	<monogr>
		<title level="m">proceedings of SemEval-2007. ACL</title>
		<meeting>SemEval-2007. ACL</meeting>
		<imprint>
			<date type="published" when="2007" />
		</imprint>
	</monogr>
</biblStruct>

<biblStruct >
	<analytic>
		<title level="a" type="main">Two graph-based algorithms for state-of-theart WSD</title>
		<author>
			<persName xmlns="http://www.tei-c.org/ns/1.0"><forename type="first">E</forename><surname>Agirre</surname></persName>
		</author>
		<author>
			<persName xmlns="http://www.tei-c.org/ns/1.0"><forename type="first">D</forename><surname>Martínez</surname></persName>
		</author>
		<author>
			<persName xmlns="http://www.tei-c.org/ns/1.0"><forename type="first">O</forename><surname>De Lacalle</surname></persName>
		</author>
		<author>
			<persName xmlns="http://www.tei-c.org/ns/1.0"><forename type="first">A</forename><surname>Soroa</surname></persName>
		</author>
	</analytic>
	<monogr>
		<title level="m">proceedings of EMNLP-2006. ACL</title>
		<meeting>EMNLP-2006. ACL</meeting>
		<imprint>
			<date type="published" when="2006" />
		</imprint>
	</monogr>
</biblStruct>

<biblStruct >
	<analytic>
		<title level="a" type="main">An empirical model of MWE decomposability</title>
		<author>
			<persName xmlns="http://www.tei-c.org/ns/1.0"><forename type="first">T</forename><surname>Baldwin</surname></persName>
		</author>
		<author>
			<persName xmlns="http://www.tei-c.org/ns/1.0"><forename type="first">C</forename><surname>Bannard</surname></persName>
		</author>
		<author>
			<persName xmlns="http://www.tei-c.org/ns/1.0"><forename type="first">T</forename><surname>Tanaka</surname></persName>
		</author>
		<author>
			<persName xmlns="http://www.tei-c.org/ns/1.0"><forename type="first">D</forename><surname>Widdows</surname></persName>
		</author>
	</analytic>
	<monogr>
		<title level="m">proceedings of the MWE workshop. ACL</title>
		<meeting>the MWE workshop. ACL</meeting>
		<imprint>
			<date type="published" when="2003" />
		</imprint>
	</monogr>
</biblStruct>

<biblStruct >
	<analytic>
		<title level="a" type="main">Compositionality and MWEs: Six of one, half a dozen of the other?</title>
		<author>
			<persName xmlns="http://www.tei-c.org/ns/1.0"><forename type="first">T</forename><surname>Baldwin</surname></persName>
		</author>
	</analytic>
	<monogr>
		<title level="m">proceedings of the MWE workshop. ACL</title>
		<meeting>the MWE workshop. ACL</meeting>
		<imprint>
			<date type="published" when="2006" />
		</imprint>
	</monogr>
</biblStruct>

<biblStruct >
	<analytic>
		<title level="a" type="main">A statistical approach to the semantics of verbparticles</title>
		<author>
			<persName xmlns="http://www.tei-c.org/ns/1.0"><forename type="first">C</forename><surname>Bannard</surname></persName>
		</author>
		<author>
			<persName xmlns="http://www.tei-c.org/ns/1.0"><forename type="first">T</forename><surname>Baldwin</surname></persName>
		</author>
		<author>
			<persName xmlns="http://www.tei-c.org/ns/1.0"><forename type="first">A</forename><surname>Lascarides</surname></persName>
		</author>
	</analytic>
	<monogr>
		<title level="m">proceedings of the MWE workshop. ACL</title>
		<meeting>the MWE workshop. ACL</meeting>
		<imprint>
			<date type="published" when="2003" />
		</imprint>
	</monogr>
</biblStruct>

<biblStruct >
	<analytic>
		<title level="a" type="main">Chinese whispers-an efficient graph clustering algorithm and its application to NLP problems</title>
		<author>
			<persName xmlns="http://www.tei-c.org/ns/1.0"><forename type="first">C</forename><surname>Biemann</surname></persName>
		</author>
	</analytic>
	<monogr>
		<title level="m">proceedings of TextGraphs. ACL</title>
		<meeting>TextGraphs. ACL</meeting>
		<imprint>
			<date type="published" when="2006" />
		</imprint>
	</monogr>
</biblStruct>

<biblStruct >
	<monogr>
		<title level="m" type="main">Web 1t 5-gram corpus, version 1</title>
		<author>
			<persName xmlns="http://www.tei-c.org/ns/1.0"><forename type="first">T</forename><surname>Brants</surname></persName>
		</author>
		<author>
			<persName xmlns="http://www.tei-c.org/ns/1.0"><forename type="first">A</forename><surname>Franz</surname></persName>
		</author>
		<imprint>
			<date type="published" when="2006" />
			<pubPlace>Google Research</pubPlace>
		</imprint>
	</monogr>
<note type="report_type">Technical report</note>
</biblStruct>

<biblStruct >
	<analytic>
		<title level="a" type="main">The VNCTokens Dataset</title>
		<author>
			<persName xmlns="http://www.tei-c.org/ns/1.0"><forename type="first">P</forename><surname>Cook</surname></persName>
		</author>
		<author>
			<persName xmlns="http://www.tei-c.org/ns/1.0"><forename type="first">A</forename><surname>Fazly</surname></persName>
		</author>
		<author>
			<persName xmlns="http://www.tei-c.org/ns/1.0"><forename type="first">S</forename><surname>Stevenson</surname></persName>
		</author>
	</analytic>
	<monogr>
		<title level="m">proceedings of the MWE workshop. ACL</title>
		<meeting>the MWE workshop. ACL</meeting>
		<imprint>
			<date type="published" when="2008" />
		</imprint>
	</monogr>
</biblStruct>

<biblStruct >
	<analytic>
		<title level="a" type="main">Accurate methods for the statistics of surprise and coincidence</title>
		<author>
			<persName xmlns="http://www.tei-c.org/ns/1.0"><forename type="first">T</forename><surname>Dunning</surname></persName>
		</author>
	</analytic>
	<monogr>
		<title level="j">Computational Linguistics</title>
		<imprint>
			<biblScope unit="volume">19</biblScope>
			<biblScope unit="issue">1</biblScope>
			<biblScope unit="page" from="61" to="74" />
			<date type="published" when="1993" />
		</imprint>
	</monogr>
</biblStruct>

<biblStruct >
	<analytic>
		<title level="a" type="main">Automatic identification of non-compositional MWEs using latent semantic analysis</title>
		<author>
			<persName xmlns="http://www.tei-c.org/ns/1.0"><forename type="first">G</forename><surname>Katz</surname></persName>
		</author>
		<author>
			<persName xmlns="http://www.tei-c.org/ns/1.0"><forename type="first">E</forename><surname>Giesbrecht</surname></persName>
		</author>
	</analytic>
	<monogr>
		<title level="m">proceedings of the MWE workshop. ACL</title>
		<meeting>the MWE workshop. ACL</meeting>
		<imprint>
			<date type="published" when="2006" />
		</imprint>
	</monogr>
</biblStruct>

<biblStruct >
	<monogr>
		<title level="m" type="main">WSI using graphs of collocations</title>
		<author>
			<persName xmlns="http://www.tei-c.org/ns/1.0"><forename type="first">I</forename><forename type="middle">P</forename><surname>Klapaftis</surname></persName>
		</author>
		<author>
			<persName xmlns="http://www.tei-c.org/ns/1.0"><forename type="first">S</forename><surname>Manandhar</surname></persName>
		</author>
		<imprint>
			<date type="published" when="2008" />
		</imprint>
	</monogr>
	<note>In proceedings of ECAI2008</note>
</biblStruct>

<biblStruct >
	<analytic>
		<title level="a" type="main">Fast exact inference with a factored model for natural language parsing</title>
		<author>
			<persName xmlns="http://www.tei-c.org/ns/1.0"><forename type="first">D</forename><surname>Klein</surname></persName>
		</author>
		<author>
			<persName xmlns="http://www.tei-c.org/ns/1.0"><forename type="first">C</forename><surname>Manning</surname></persName>
		</author>
	</analytic>
	<monogr>
		<title level="m">proceedings of NIPS 15</title>
		<meeting>NIPS 15</meeting>
		<imprint>
			<publisher>MIT Press</publisher>
			<date type="published" when="2003" />
		</imprint>
	</monogr>
</biblStruct>

<biblStruct >
	<analytic>
		<title level="a" type="main">Graph connectivity measures for unsupervised parameter tuning of graph-based sense induction systems</title>
		<author>
			<persName xmlns="http://www.tei-c.org/ns/1.0"><forename type="first">I</forename><surname>Korkontzelos</surname></persName>
		</author>
		<author>
			<persName xmlns="http://www.tei-c.org/ns/1.0"><forename type="first">I</forename><surname>Klapaftis</surname></persName>
		</author>
		<author>
			<persName xmlns="http://www.tei-c.org/ns/1.0"><forename type="first">S</forename><surname>Manandhar</surname></persName>
		</author>
	</analytic>
	<monogr>
		<title level="m">proceedings of the UMSLLS Workshop, NAACL HLT</title>
		<meeting>the UMSLLS Workshop, NAACL HLT</meeting>
		<imprint>
			<date type="published" when="2009" />
		</imprint>
	</monogr>
</biblStruct>

<biblStruct >
	<analytic>
		<title level="a" type="main">Measures of distributional similarity</title>
		<author>
			<persName xmlns="http://www.tei-c.org/ns/1.0"><forename type="first">L</forename><surname>Lee</surname></persName>
		</author>
	</analytic>
	<monogr>
		<title level="m">proceedings of ACL</title>
		<meeting>ACL</meeting>
		<imprint>
			<date type="published" when="1999" />
		</imprint>
	</monogr>
</biblStruct>

<biblStruct >
	<analytic>
		<title level="a" type="main">Detecting a continuum of compositionality in phrasal verbs</title>
		<author>
			<persName xmlns="http://www.tei-c.org/ns/1.0"><forename type="first">D</forename><surname>Mccarthy</surname></persName>
		</author>
		<author>
			<persName xmlns="http://www.tei-c.org/ns/1.0"><forename type="first">B</forename><surname>Keller</surname></persName>
		</author>
		<author>
			<persName xmlns="http://www.tei-c.org/ns/1.0"><forename type="first">J</forename><surname>Carroll</surname></persName>
		</author>
	</analytic>
	<monogr>
		<title level="m">proceedings of the MWE workshop. ACL</title>
		<meeting>the MWE workshop. ACL</meeting>
		<imprint>
			<date type="published" when="2003" />
		</imprint>
	</monogr>
</biblStruct>

<biblStruct >
	<monogr>
		<title level="m" type="main">WordNet: a lexical database for English</title>
		<author>
			<persName xmlns="http://www.tei-c.org/ns/1.0"><forename type="first">G</forename><forename type="middle">A</forename><surname>Miller</surname></persName>
		</author>
		<imprint>
			<date type="published" when="1995" />
			<publisher>ACM</publisher>
			<biblScope unit="volume">38</biblScope>
			<biblScope unit="page" from="39" to="41" />
		</imprint>
	</monogr>
</biblStruct>

<biblStruct >
	<analytic>
		<title level="a" type="main">Unsupervised WSD rivaling supervised methods</title>
		<author>
			<persName xmlns="http://www.tei-c.org/ns/1.0"><forename type="first">D</forename><surname>Yarowsky</surname></persName>
		</author>
	</analytic>
	<monogr>
		<title level="m">proceedings of ACL</title>
		<meeting>ACL</meeting>
		<imprint>
			<date type="published" when="1995" />
		</imprint>
	</monogr>
</biblStruct>

			</listBibl>
		</back>
	</text>
</TEI>
