<?xml version="1.0" ?>
<TEI xmlns="http://www.tei-c.org/ns/1.0" xmlns:xlink="http://www.w3.org/1999/xlink" 
 xmlns:mml="http://www.w3.org/1998/Math/MathML">
	<teiHeader>
		<fileDesc xml:id="f_383"/>
	</teiHeader>
	<text>
		<front/>
		<body/>
		<back>
			<listBibl>
<biblStruct >
	<analytic>
		<title level="a" type="main">An automatic collocation writing assistant for Taiwanese EFL learners: A case of corpus-based NLP technology</title>
		<author>
			<persName xmlns="http://www.tei-c.org/ns/1.0"><forename type="first">J</forename><surname>Chang</surname></persName>
		</author>
		<author>
			<persName xmlns="http://www.tei-c.org/ns/1.0"><forename type="first">H</forename><surname>Chang</surname></persName>
		</author>
		<author>
			<persName xmlns="http://www.tei-c.org/ns/1.0"><forename type="first">H</forename><surname>Chen</surname></persName>
		</author>
		<author>
			<persName xmlns="http://www.tei-c.org/ns/1.0"><surname>Liou</surname></persName>
		</author>
	</analytic>
	<monogr>
		<title level="j">Computer Assisted Language Learning</title>
		<imprint>
			<biblScope unit="volume">21</biblScope>
			<biblScope unit="issue">3</biblScope>
			<biblScope unit="page" from="283" to="299" />
			<date type="published" when="2008" />
		</imprint>
	</monogr>
</biblStruct>

<biblStruct >
	<monogr>
		<title level="m" type="main">Prefabricated patterns in advanced EFL writing: collocations and formulae</title>
		<author>
			<persName xmlns="http://www.tei-c.org/ns/1.0"><forename type="first">S</forename><surname>Granger</surname></persName>
		</author>
		<editor>Cowie, A.</editor>
		<imprint>
			<date type="published" when="1998" />
			<publisher>Oxford University Press</publisher>
			<biblScope unit="page" from="145" to="160" />
			<pubPlace>Oxford</pubPlace>
		</imprint>
	</monogr>
	<note>Phraseology: theory, analysis and applications</note>
</biblStruct>

<biblStruct >
	<monogr>
		<title level="m" type="main">Phraseology in English Academic Writing</title>
		<author>
			<persName xmlns="http://www.tei-c.org/ns/1.0"><forename type="first">P</forename><surname>Howarth</surname></persName>
		</author>
		<imprint>
			<date type="published" when="1996" />
			<publisher>Max Niemeyer Verlag</publisher>
			<pubPlace>Tübingen</pubPlace>
		</imprint>
	</monogr>
</biblStruct>

<biblStruct >
	<monogr>
		<title level="m" type="main">Phraseology: theory, analysis and applications</title>
		<author>
			<persName xmlns="http://www.tei-c.org/ns/1.0"><forename type="first">P</forename><surname>Howarth</surname></persName>
		</author>
		<editor>Cowie, A.</editor>
		<imprint>
			<date type="published" when="1998" />
			<publisher>Oxford University Press</publisher>
			<biblScope unit="page" from="161" to="186" />
			<pubPlace>Oxford</pubPlace>
		</imprint>
	</monogr>
	<note>The phraseology of learner&apos;s academic writing</note>
</biblStruct>

<biblStruct >
	<analytic>
		<title level="a" type="main">Overview of the TREC-2001 Web track</title>
		<author>
			<persName xmlns="http://www.tei-c.org/ns/1.0"><forename type="first">D</forename><surname>Hawking</surname></persName>
		</author>
		<author>
			<persName xmlns="http://www.tei-c.org/ns/1.0"><forename type="first">N</forename><surname>Craswell</surname></persName>
		</author>
	</analytic>
	<monogr>
		<title level="m">Proceedings of the 10th Text Retrieval Conference</title>
		<meeting>the 10th Text Retrieval Conference</meeting>
		<imprint>
			<date type="published" when="2001" />
			<biblScope unit="page" from="25" to="31" />
		</imprint>
	</monogr>
</biblStruct>

<biblStruct >
	<monogr>
		<title level="m" type="main">A corpus-based lexical semantic investigation of verb-noun miscollocations in Taiwan learners&apos; English. Unpublished master&apos;s thesis</title>
		<author>
			<persName xmlns="http://www.tei-c.org/ns/1.0"><forename type="first">L</forename><forename type="middle">E</forename><surname>Liu</surname></persName>
		</author>
		<imprint>
			<date type="published" when="2002-01" />
			<pubPlace>Taipei</pubPlace>
		</imprint>
		<respStmt>
			<orgName>Tamkang University</orgName>
		</respStmt>
	</monogr>
</biblStruct>

<biblStruct >
	<analytic>
		<title level="a" type="main">Automated suggestions for miscollocations</title>
		<author>
			<persName xmlns="http://www.tei-c.org/ns/1.0"><forename type="first">A</forename><forename type="middle">L</forename><surname>Liu</surname></persName>
		</author>
		<author>
			<persName xmlns="http://www.tei-c.org/ns/1.0"><forename type="first">D</forename><surname>Wible</surname></persName>
		</author>
		<author>
			<persName xmlns="http://www.tei-c.org/ns/1.0"><forename type="first">N</forename><forename type="middle">L</forename><surname>Tsao</surname></persName>
		</author>
	</analytic>
	<monogr>
		<title level="m">Proceedings of the Fourth Workshop on Innovative Use of NLP for Building Educational Applications</title>
		<meeting>the Fourth Workshop on Innovative Use of NLP for Building Educational Applications</meeting>
		<imprint>
			<date type="published" when="2009" />
			<biblScope unit="page" from="47" to="50" />
		</imprint>
	</monogr>
</biblStruct>

<biblStruct >
	<analytic>
		<title level="a" type="main">An ESL writer&apos;s collocational aid</title>
		<author>
			<persName xmlns="http://www.tei-c.org/ns/1.0"><forename type="first">C</forename><forename type="middle">C</forename><surname>Shei</surname></persName>
		</author>
		<author>
			<persName xmlns="http://www.tei-c.org/ns/1.0"><forename type="first">H</forename><surname>Pain</surname></persName>
		</author>
	</analytic>
	<monogr>
		<title level="j">Computer Assisted Language Learning</title>
		<imprint>
			<biblScope unit="volume">13</biblScope>
			<biblScope unit="page" from="167" to="182" />
			<date type="published" when="2000" />
		</imprint>
	</monogr>
</biblStruct>

			</listBibl>
		</back>
	</text>
</TEI>
