<?xml version="1.0" ?>
<TEI xmlns="http://www.tei-c.org/ns/1.0" xmlns:xlink="http://www.w3.org/1999/xlink" 
 xmlns:mml="http://www.w3.org/1998/Math/MathML">
	<teiHeader>
		<fileDesc xml:id="f_274"/>
	</teiHeader>
	<text>
		<front/>
		<body/>
		<back>
			<listBibl>
<biblStruct >
	<monogr>
		<title level="m" type="main">Decrypted Secrets: Methods and Maxims of Cryptology</title>
		<author>
			<persName xmlns="http://www.tei-c.org/ns/1.0"><forename type="first">Friedrich</forename><forename type="middle">L</forename><surname>Bauer</surname></persName>
		</author>
		<imprint>
			<date type="published" when="2006" />
			<publisher>Springer-Verlag</publisher>
		</imprint>
	</monogr>
</biblStruct>

<biblStruct >
	<analytic>
		<title level="a" type="main">A Gibbs sampler for phrasal synchronous grammar induction</title>
		<author>
			<persName xmlns="http://www.tei-c.org/ns/1.0"><forename type="first">Phil</forename><surname>Blunsom</surname></persName>
		</author>
		<author>
			<persName xmlns="http://www.tei-c.org/ns/1.0"><forename type="first">Trevor</forename><surname>Cohn</surname></persName>
		</author>
		<author>
			<persName xmlns="http://www.tei-c.org/ns/1.0"><forename type="first">Chris</forename><surname>Dyer</surname></persName>
		</author>
		<author>
			<persName xmlns="http://www.tei-c.org/ns/1.0"><forename type="first">Miles</forename><surname>Osborne</surname></persName>
		</author>
	</analytic>
	<monogr>
		<title level="m">Proceedings of the Joint Conference of the 47th Annual Meeting of the ACL and the 4th International Joint Conference on Natural Language Processing of the Asian Federation of Natural Language Processing (ACL-IJCNLP)</title>
		<meeting>the Joint Conference of the 47th Annual Meeting of the ACL and the 4th International Joint Conference on Natural Language Processing of the Asian Federation of Natural Language Processing (ACL-IJCNLP)</meeting>
		<imprint>
			<date type="published" when="2009" />
			<biblScope unit="page" from="782" to="790" />
		</imprint>
	</monogr>
</biblStruct>

<biblStruct >
	<analytic>
		<title level="a" type="main">The mathematics of statistical machine translation: Parameter estimation</title>
		<author>
			<persName xmlns="http://www.tei-c.org/ns/1.0"><forename type="first">Peter</forename><surname>Brown</surname></persName>
		</author>
		<author>
			<persName xmlns="http://www.tei-c.org/ns/1.0"><forename type="first">Vincent</forename><forename type="middle">Della</forename><surname>Pietra</surname></persName>
		</author>
		<author>
			<persName xmlns="http://www.tei-c.org/ns/1.0"><forename type="first">Stephen</forename><forename type="middle">Della</forename><surname>Pietra</surname></persName>
		</author>
		<author>
			<persName xmlns="http://www.tei-c.org/ns/1.0"><forename type="first">Robert</forename><surname>Mercer</surname></persName>
		</author>
	</analytic>
	<monogr>
		<title level="j">Computational linguistics</title>
		<imprint>
			<biblScope unit="volume">19</biblScope>
			<biblScope unit="issue">2</biblScope>
			<biblScope unit="page" from="263" to="311" />
			<date type="published" when="1993" />
		</imprint>
	</monogr>
</biblStruct>

<biblStruct >
	<analytic>
		<title level="a" type="main">Bayesian inference for finite-state transducers</title>
		<author>
			<persName xmlns="http://www.tei-c.org/ns/1.0"><forename type="first">David</forename><surname>Chiang</surname></persName>
		</author>
		<author>
			<persName xmlns="http://www.tei-c.org/ns/1.0"><forename type="first">Jonathan</forename><surname>Graehl</surname></persName>
		</author>
		<author>
			<persName xmlns="http://www.tei-c.org/ns/1.0"><forename type="first">Kevin</forename><surname>Knight</surname></persName>
		</author>
		<author>
			<persName xmlns="http://www.tei-c.org/ns/1.0"><forename type="first">Adam</forename><surname>Pauls</surname></persName>
		</author>
		<author>
			<persName xmlns="http://www.tei-c.org/ns/1.0"><forename type="first">Sujith</forename><surname>Ravi</surname></persName>
		</author>
	</analytic>
	<monogr>
		<title level="m">Proceedings of the Conference of the North American Chapter of the Association for Computational Linguistics-Human Language Technologies (NAACL/HLT)</title>
		<meeting>the Conference of the North American Chapter of the Association for Computational Linguistics-Human Language Technologies (NAACL/HLT)</meeting>
		<imprint>
			<date type="published" when="2010" />
			<biblScope unit="page" from="447" to="455" />
		</imprint>
	</monogr>
</biblStruct>

<biblStruct >
	<analytic>
		<title level="a" type="main">Maximum likelihood from incomplete data via the EM algorithm</title>
		<author>
			<persName xmlns="http://www.tei-c.org/ns/1.0"><forename type="first">Arthur</forename><forename type="middle">P</forename><surname>Dempster</surname></persName>
		</author>
		<author>
			<persName xmlns="http://www.tei-c.org/ns/1.0"><forename type="first">Nan</forename><forename type="middle">M</forename><surname>Laird</surname></persName>
		</author>
		<author>
			<persName xmlns="http://www.tei-c.org/ns/1.0"><forename type="first">Donald</forename><forename type="middle">B</forename></persName>
		</author>
	</analytic>
	<monogr>
		<title level="j">Journal of the Royal Statistical Society, Series B</title>
		<imprint>
			<biblScope unit="volume">39</biblScope>
			<biblScope unit="issue">1</biblScope>
			<biblScope unit="page" from="1" to="38" />
			<date type="published" when="1977" />
		</imprint>
	</monogr>
	<note>Rubin</note>
</biblStruct>

<biblStruct >
	<analytic>
		<title level="a" type="main">Incorporating non-local information into information extraction systems by Gibbs sampling</title>
		<author>
			<persName xmlns="http://www.tei-c.org/ns/1.0"><forename type="first">Jenny</forename><surname>Finkel</surname></persName>
		</author>
		<author>
			<persName xmlns="http://www.tei-c.org/ns/1.0"><forename type="first">Trond</forename><surname>Grenager</surname></persName>
		</author>
		<author>
			<persName xmlns="http://www.tei-c.org/ns/1.0"><forename type="first">Christopher</forename><surname>Manning</surname></persName>
		</author>
	</analytic>
	<monogr>
		<title level="m">Proceedings of the 43rd Annual Meeting of the Association for Computational Linguistics (ACL)</title>
		<meeting>the 43rd Annual Meeting of the Association for Computational Linguistics (ACL)</meeting>
		<imprint>
			<date type="published" when="2005" />
			<biblScope unit="page" from="363" to="370" />
		</imprint>
	</monogr>
</biblStruct>

<biblStruct >
	<analytic>
		<title level="a" type="main">Finding terminology translations from non-parallel corpora</title>
		<author>
			<persName xmlns="http://www.tei-c.org/ns/1.0"><forename type="first">Pascal</forename><surname>Fung</surname></persName>
		</author>
		<author>
			<persName xmlns="http://www.tei-c.org/ns/1.0"><forename type="first">Kathleen</forename><surname>Mckeown</surname></persName>
		</author>
	</analytic>
	<monogr>
		<title level="m">Proceedings of the Fifth Annual Workshop on Very Large Corpora</title>
		<meeting>the Fifth Annual Workshop on Very Large Corpora</meeting>
		<imprint>
			<date type="published" when="1997" />
			<biblScope unit="page" from="192" to="202" />
		</imprint>
	</monogr>
</biblStruct>

<biblStruct >
	<analytic>
		<title level="a" type="main">Stochastic relaxation, Gibbs distributions and the Bayesian restoration of images</title>
		<author>
			<persName xmlns="http://www.tei-c.org/ns/1.0"><forename type="first">Stuart</forename><surname>Geman</surname></persName>
		</author>
		<author>
			<persName xmlns="http://www.tei-c.org/ns/1.0"><forename type="first">Donald</forename><surname>Geman</surname></persName>
		</author>
	</analytic>
	<monogr>
		<title level="j">IEEE Transactions on Pattern Analysis and Machine Intelligence</title>
		<imprint>
			<biblScope unit="volume">6</biblScope>
			<biblScope unit="issue">6</biblScope>
			<biblScope unit="page" from="721" to="741" />
			<date type="published" when="1984" />
		</imprint>
	</monogr>
</biblStruct>

<biblStruct >
	<analytic>
		<title level="a" type="main">Fast decoding and optimal decoding for machine translation</title>
		<author>
			<persName xmlns="http://www.tei-c.org/ns/1.0"><forename type="first">Ulrich</forename><surname>Germann</surname></persName>
		</author>
		<author>
			<persName xmlns="http://www.tei-c.org/ns/1.0"><forename type="first">Michael</forename><surname>Jahr</surname></persName>
		</author>
		<author>
			<persName xmlns="http://www.tei-c.org/ns/1.0"><forename type="first">Kevin</forename><surname>Knight</surname></persName>
		</author>
		<author>
			<persName xmlns="http://www.tei-c.org/ns/1.0"><forename type="first">Daniel</forename><surname>Marcu</surname></persName>
		</author>
		<author>
			<persName xmlns="http://www.tei-c.org/ns/1.0"><forename type="first">Kenji</forename><surname>Yamada</surname></persName>
		</author>
	</analytic>
	<monogr>
		<title level="m">Proceedings of the 39th Annual Meeting on Association for Computational Linguistics</title>
		<meeting>the 39th Annual Meeting on Association for Computational Linguistics</meeting>
		<imprint>
			<date type="published" when="2001" />
			<biblScope unit="page" from="228" to="235" />
		</imprint>
	</monogr>
</biblStruct>

<biblStruct >
	<analytic>
		<title level="a" type="main">A fully Bayesian approach to unsupervised part-of-speech tagging</title>
		<author>
			<persName xmlns="http://www.tei-c.org/ns/1.0"><forename type="first">Sharon</forename><surname>Goldwater</surname></persName>
		</author>
		<author>
			<persName xmlns="http://www.tei-c.org/ns/1.0"><forename type="first">Thomas</forename><surname>Griffiths</surname></persName>
		</author>
	</analytic>
	<monogr>
		<title level="m">Proceedings of the 45th Annual Meeting of the Association of Computational Linguistics</title>
		<meeting>the 45th Annual Meeting of the Association of Computational Linguistics</meeting>
		<imprint>
			<date type="published" when="2007" />
			<biblScope unit="page" from="744" to="751" />
		</imprint>
	</monogr>
</biblStruct>

<biblStruct >
	<analytic>
		<title level="a" type="main">Learning bilingual lexicons from monolingual corpora</title>
		<author>
			<persName xmlns="http://www.tei-c.org/ns/1.0"><forename type="first">Aria</forename><surname>Haghighi</surname></persName>
		</author>
		<author>
			<persName xmlns="http://www.tei-c.org/ns/1.0"><forename type="first">Percy</forename><surname>Liang</surname></persName>
		</author>
		<author>
			<persName xmlns="http://www.tei-c.org/ns/1.0"><forename type="first">Taylor</forename><surname>Berg-Kirkpatrick</surname></persName>
		</author>
		<author>
			<persName xmlns="http://www.tei-c.org/ns/1.0"><forename type="first">Dan</forename><surname>Klein</surname></persName>
		</author>
	</analytic>
	<monogr>
		<title level="m">Proceedings of the Annual Meeting of the Association for Computational Linguistics-Human Language Technologies (ACL/HLT)</title>
		<meeting>the Annual Meeting of the Association for Computational Linguistics-Human Language Technologies (ACL/HLT)</meeting>
		<imprint>
			<date type="published" when="2008" />
			<biblScope unit="page" from="771" to="779" />
		</imprint>
	</monogr>
</biblStruct>

<biblStruct >
	<analytic>
		<title level="a" type="main">Translation with finite-state devices</title>
		<author>
			<persName xmlns="http://www.tei-c.org/ns/1.0"><forename type="first">Kevin</forename><surname>Knight</surname></persName>
		</author>
		<author>
			<persName xmlns="http://www.tei-c.org/ns/1.0"><forename type="first">Yaser</forename><surname>Al-Onaizan</surname></persName>
		</author>
	</analytic>
	<monogr>
		<title level="m">Machine Translation and the Information Soup</title>
		<editor>David Farwell, Laurie Gerber, and Eduard Hovy</editor>
		<meeting><address><addrLine>Berlin / Heidelberg</addrLine></address></meeting>
		<imprint>
			<publisher>Springer</publisher>
			<date type="published" when="1998" />
			<biblScope unit="volume">1529</biblScope>
			<biblScope unit="page" from="421" to="437" />
		</imprint>
	</monogr>
</biblStruct>

<biblStruct >
	<analytic>
		<title level="a" type="main">Unsupervised analysis for decipherment problems</title>
		<author>
			<persName xmlns="http://www.tei-c.org/ns/1.0"><forename type="first">Kevin</forename><surname>Knight</surname></persName>
		</author>
		<author>
			<persName xmlns="http://www.tei-c.org/ns/1.0"><forename type="first">Anish</forename><surname>Nair</surname></persName>
		</author>
	</analytic>
	<monogr>
		<title level="m">Proceedings of the Joint Conference of the International Committee on Computational Linguistics and the Association for Computational Linguistics</title>
		<meeting>the Joint Conference of the International Committee on Computational Linguistics and the Association for Computational Linguistics</meeting>
		<imprint>
			<date type="published" when="2006" />
			<biblScope unit="page" from="499" to="506" />
		</imprint>
	</monogr>
	<note>Nishit Rathod, and Kenji Yamada</note>
</biblStruct>

<biblStruct >
	<analytic>
		<title level="a" type="main">Estimating word translation probabilities from unrelated monolingual corpora using the EM algorithm</title>
		<author>
			<persName xmlns="http://www.tei-c.org/ns/1.0"><forename type="first">Philipp</forename><surname>Koehn</surname></persName>
		</author>
		<author>
			<persName xmlns="http://www.tei-c.org/ns/1.0"><forename type="first">Kevin</forename><surname>Knight</surname></persName>
		</author>
	</analytic>
	<monogr>
		<title level="m">Proceedings of the Seventeenth National Conference on Artificial Intelligence and Twelfth Conference on Innovative Applications of Artificial Intelligence</title>
		<meeting>the Seventeenth National Conference on Artificial Intelligence and Twelfth Conference on Innovative Applications of Artificial Intelligence</meeting>
		<imprint>
			<date type="published" when="2000" />
			<biblScope unit="page" from="711" to="715" />
		</imprint>
	</monogr>
</biblStruct>

<biblStruct >
	<analytic>
		<title level="a" type="main">Moses: open source toolkit for statistical machine translation</title>
		<author>
			<persName xmlns="http://www.tei-c.org/ns/1.0"><forename type="first">Philipp</forename><surname>Koehn</surname></persName>
		</author>
		<author>
			<persName xmlns="http://www.tei-c.org/ns/1.0"><forename type="first">Hieu</forename><surname>Hoang</surname></persName>
		</author>
		<author>
			<persName xmlns="http://www.tei-c.org/ns/1.0"><forename type="first">Alexandra</forename><surname>Birch</surname></persName>
		</author>
		<author>
			<persName xmlns="http://www.tei-c.org/ns/1.0"><forename type="first">Chris</forename><surname>Callison-Burch</surname></persName>
		</author>
		<author>
			<persName xmlns="http://www.tei-c.org/ns/1.0"><forename type="first">Marcello</forename><surname>Federico</surname></persName>
		</author>
		<author>
			<persName xmlns="http://www.tei-c.org/ns/1.0"><forename type="first">Nicola</forename><surname>Bertoldi</surname></persName>
		</author>
		<author>
			<persName xmlns="http://www.tei-c.org/ns/1.0"><forename type="first">Brooke</forename><surname>Cowan</surname></persName>
		</author>
		<author>
			<persName xmlns="http://www.tei-c.org/ns/1.0"><forename type="first">Wade</forename><surname>Shen</surname></persName>
		</author>
		<author>
			<persName xmlns="http://www.tei-c.org/ns/1.0"><forename type="first">Christine</forename><surname>Moran</surname></persName>
		</author>
		<author>
			<persName xmlns="http://www.tei-c.org/ns/1.0"><forename type="first">Richard</forename><surname>Zens</surname></persName>
		</author>
		<author>
			<persName xmlns="http://www.tei-c.org/ns/1.0"><forename type="first">Chris</forename><surname>Dyer</surname></persName>
		</author>
	</analytic>
	<monogr>
		<title level="m">Proceedings of the 45th Annual Meeting of the ACL on Interactive Poster and Demonstration Sessions</title>
		<meeting>the 45th Annual Meeting of the ACL on Interactive Poster and Demonstration Sessions</meeting>
		<imprint>
			<date type="published" when="2007" />
		</imprint>
	</monogr>
	<note>Ondřej Bojar, Alexandra Constantin, and Evan Herbst</note>
</biblStruct>

<biblStruct >
	<monogr>
		<title level="m" type="main">Statistical Machine Translation</title>
		<author>
			<persName xmlns="http://www.tei-c.org/ns/1.0"><forename type="first">Philip</forename><surname>Koehn</surname></persName>
		</author>
		<imprint>
			<date type="published" when="2009" />
			<publisher>Cambridge University Press</publisher>
		</imprint>
	</monogr>
</biblStruct>

<biblStruct >
	<analytic>
		<title level="a" type="main">Effective self-training for parsing</title>
		<author>
			<persName xmlns="http://www.tei-c.org/ns/1.0"><forename type="first">David</forename><surname>Mcclosky</surname></persName>
		</author>
		<author>
			<persName xmlns="http://www.tei-c.org/ns/1.0"><forename type="first">Eugene</forename><surname>Charniak</surname></persName>
		</author>
		<author>
			<persName xmlns="http://www.tei-c.org/ns/1.0"><forename type="first">Mark</forename><surname>Johnson</surname></persName>
		</author>
	</analytic>
	<monogr>
		<title level="m">Proceedings of the main conference on Human Language Technology Conference of the North American Chapter of the Association of Computational Linguistics</title>
		<meeting>the main conference on Human Language Technology Conference of the North American Chapter of the Association of Computational Linguistics</meeting>
		<imprint>
			<date type="published" when="2006" />
			<biblScope unit="page" from="152" to="159" />
		</imprint>
	</monogr>
</biblStruct>

<biblStruct >
	<analytic>
		<title level="a" type="main">A guided tour to approximate string matching</title>
		<author>
			<persName xmlns="http://www.tei-c.org/ns/1.0"><forename type="first">Gonzalo</forename><surname>Navarro</surname></persName>
		</author>
	</analytic>
	<monogr>
		<title level="j">ACM Computing Surveys</title>
		<imprint>
			<biblScope unit="volume">33</biblScope>
			<biblScope unit="page" from="31" to="88" />
			<date type="published" when="2001-03" />
		</imprint>
	</monogr>
</biblStruct>

<biblStruct >
	<analytic>
		<title level="a" type="main">Distributed algorithms for topic models</title>
		<author>
			<persName xmlns="http://www.tei-c.org/ns/1.0"><forename type="first">David</forename><surname>Newman</surname></persName>
		</author>
		<author>
			<persName xmlns="http://www.tei-c.org/ns/1.0"><forename type="first">Arthur</forename><surname>Asuncion</surname></persName>
		</author>
		<author>
			<persName xmlns="http://www.tei-c.org/ns/1.0"><forename type="first">Padhraic</forename><surname>Smyth</surname></persName>
		</author>
		<author>
			<persName xmlns="http://www.tei-c.org/ns/1.0"><forename type="first">Max</forename><surname>Welling</surname></persName>
		</author>
	</analytic>
	<monogr>
		<title level="j">Journal of Machine Learning Research</title>
		<imprint>
			<biblScope unit="volume">10</biblScope>
			<biblScope unit="page" from="1801" to="1828" />
			<date type="published" when="2009" />
		</imprint>
	</monogr>
</biblStruct>

<biblStruct >
	<analytic>
		<title level="a" type="main">Bleu: a method for automatic evaluation of machine translation</title>
		<author>
			<persName xmlns="http://www.tei-c.org/ns/1.0"><forename type="first">Kishore</forename><surname>Papineni</surname></persName>
		</author>
		<author>
			<persName xmlns="http://www.tei-c.org/ns/1.0"><forename type="first">Salim</forename><surname>Roukos</surname></persName>
		</author>
		<author>
			<persName xmlns="http://www.tei-c.org/ns/1.0"><forename type="first">Todd</forename><surname>Ward</surname></persName>
		</author>
		<author>
			<persName xmlns="http://www.tei-c.org/ns/1.0"><forename type="first">Weijing</forename><surname>Zhu</surname></persName>
		</author>
	</analytic>
	<monogr>
		<title level="m">Proceedings of the 40th Annual Meeting on Association for Computational Linguistics</title>
		<meeting>the 40th Annual Meeting on Association for Computational Linguistics</meeting>
		<imprint>
			<date type="published" when="2002" />
			<biblScope unit="page" from="311" to="318" />
		</imprint>
	</monogr>
</biblStruct>

<biblStruct >
	<analytic>
		<title level="a" type="main">Identifying word translations in non-parallel texts</title>
		<author>
			<persName xmlns="http://www.tei-c.org/ns/1.0"><forename type="first">Reinhard</forename><surname>Rapp</surname></persName>
		</author>
	</analytic>
	<monogr>
		<title level="m">Proceedings of the Conference of the Association for Computational Linguistics</title>
		<meeting>the Conference of the Association for Computational Linguistics</meeting>
		<imprint>
			<date type="published" when="1995" />
			<biblScope unit="page" from="320" to="322" />
		</imprint>
	</monogr>
</biblStruct>

<biblStruct >
	<analytic>
		<title level="a" type="main">A statistical model for lost language decipherment</title>
		<author>
			<persName xmlns="http://www.tei-c.org/ns/1.0"><forename type="first">Benjamin</forename><surname>Snyder</surname></persName>
		</author>
		<author>
			<persName xmlns="http://www.tei-c.org/ns/1.0"><forename type="first">Regina</forename><surname>Barzilay</surname></persName>
		</author>
		<author>
			<persName xmlns="http://www.tei-c.org/ns/1.0"><forename type="first">Kevin</forename><surname>Knight</surname></persName>
		</author>
	</analytic>
	<monogr>
		<title level="m">Proceedings of the 48th Annual Meeting of the Association for Computational Linguistics</title>
		<meeting>the 48th Annual Meeting of the Association for Computational Linguistics</meeting>
		<imprint>
			<date type="published" when="2010" />
			<biblScope unit="page" from="1048" to="1057" />
		</imprint>
	</monogr>
</biblStruct>

<biblStruct >
	<analytic>
		<title level="a" type="main">News from OPUS-A collection of multilingual parallel corpora with tools and interfaces</title>
		<author>
			<persName xmlns="http://www.tei-c.org/ns/1.0"><forename type="first">Jörg</forename><surname>Tiedemann</surname></persName>
		</author>
	</analytic>
	<monogr>
		<title level="m">Recent Advances in Natural Language Processing</title>
		<editor>N. Nicolov, K. Bontcheva, G. Angelova, and R. Mitkov</editor>
		<meeting><address><addrLine>Amsterdam/Philadelphia</addrLine></address></meeting>
		<imprint>
			<publisher>John Benjamins</publisher>
			<date type="published" when="2009" />
			<biblScope unit="volume">V</biblScope>
			<biblScope unit="page" from="237" to="248" />
		</imprint>
	</monogr>
</biblStruct>

<biblStruct >
	<analytic>
		<title level="a" type="main">Translation (1949)</title>
		<author>
			<persName xmlns="http://www.tei-c.org/ns/1.0"><forename type="first">Warren</forename><surname>Weaver</surname></persName>
		</author>
	</analytic>
	<monogr>
		<title level="m">Machine Translation of Languages</title>
		<editor>W.N. Locke, A.D. Booth</editor>
		<imprint>
			<publisher>MIT Press</publisher>
			<date type="published" when="1955" />
			<biblScope unit="page" from="15" to="23" />
		</imprint>
	</monogr>
	<note>Reproduced in</note>
</biblStruct>

			</listBibl>
		</back>
	</text>
</TEI>
