<?xml version="1.0" ?>
<TEI xmlns="http://www.tei-c.org/ns/1.0" xmlns:xlink="http://www.w3.org/1999/xlink" 
 xmlns:mml="http://www.w3.org/1998/Math/MathML">
	<teiHeader>
		<fileDesc xml:id="f_2078"/>
	</teiHeader>
	<text>
		<front/>
		<body/>
		<back>
			<listBibl>
<biblStruct >
	<analytic>
		<title level="a" type="main">When specialists and generalists work together: Overcoming domain dependence in sentiment tagging</title>
		<author>
			<persName xmlns="http://www.tei-c.org/ns/1.0"><forename type="first">A</forename><surname>Andreevskaia</surname></persName>
		</author>
		<author>
			<persName xmlns="http://www.tei-c.org/ns/1.0"><forename type="first">S</forename><surname>Bergler</surname></persName>
		</author>
	</analytic>
	<monogr>
		<title level="m">Proceedings of the Annual Meeting of the Association for Computational Linguistics and Human Language Technologies (ACL HLT)</title>
		<meeting>the Annual Meeting of the Association for Computational Linguistics and Human Language Technologies (ACL HLT)</meeting>
		<imprint>
			<date type="published" when="2008" />
			<biblScope unit="page" from="290" to="298" />
		</imprint>
	</monogr>
</biblStruct>

<biblStruct >
	<analytic>
		<title level="a" type="main">Fully Automatic Facial Action Recognition in Spontaneous Behavior</title>
		<author>
			<persName xmlns="http://www.tei-c.org/ns/1.0"><forename type="first">M</forename><forename type="middle">S</forename><surname>Bartlett</surname></persName>
		</author>
		<author>
			<persName xmlns="http://www.tei-c.org/ns/1.0"><forename type="first">G</forename><surname>Littlewort</surname></persName>
		</author>
		<author>
			<persName xmlns="http://www.tei-c.org/ns/1.0"><forename type="first">M</forename><surname>Frank</surname></persName>
		</author>
		<author>
			<persName xmlns="http://www.tei-c.org/ns/1.0"><forename type="first">C</forename><surname>Lainscsek</surname></persName>
		</author>
		<author>
			<persName xmlns="http://www.tei-c.org/ns/1.0"><forename type="first">I</forename><surname>Fasel</surname></persName>
		</author>
		<author>
			<persName xmlns="http://www.tei-c.org/ns/1.0"><forename type="first">J</forename><surname>Movellan</surname></persName>
		</author>
	</analytic>
	<monogr>
		<title level="m">7th International Conference on Automatic Face and Gesture Recognition (FGR06)</title>
		<imprint>
			<date type="published" when="2006" />
			<biblScope unit="page" from="223" to="230" />
		</imprint>
	</monogr>
</biblStruct>

<biblStruct >
	<analytic>
		<title level="a" type="main">The influence of learner characteristics on task-oriented tutorial dialogue</title>
		<author>
			<persName xmlns="http://www.tei-c.org/ns/1.0"><forename type="first">K</forename><forename type="middle">E</forename><surname>Boyer</surname></persName>
		</author>
		<author>
			<persName xmlns="http://www.tei-c.org/ns/1.0"><forename type="first">M</forename><surname>Vouk</surname></persName>
		</author>
		<author>
			<persName xmlns="http://www.tei-c.org/ns/1.0"><forename type="first">J</forename><forename type="middle">C</forename><surname>Lester</surname></persName>
		</author>
	</analytic>
	<monogr>
		<title level="m">Proceedings of the International Conference on Artificial Intelligence in Education</title>
		<meeting>the International Conference on Artificial Intelligence in Education</meeting>
		<imprint>
			<date type="published" when="2007" />
			<biblScope unit="page" from="365" to="372" />
		</imprint>
	</monogr>
</biblStruct>

<biblStruct >
	<analytic>
		<title level="a" type="main">Dialogue act modeling in a complex task-oriented domain</title>
		<author>
			<persName xmlns="http://www.tei-c.org/ns/1.0"><forename type="first">K</forename><forename type="middle">E</forename><surname>Boyer</surname></persName>
		</author>
		<author>
			<persName xmlns="http://www.tei-c.org/ns/1.0"><forename type="first">E</forename><forename type="middle">Y</forename><surname>Ha</surname></persName>
		</author>
		<author>
			<persName xmlns="http://www.tei-c.org/ns/1.0"><forename type="first">R</forename><surname>Phillips</surname></persName>
		</author>
		<author>
			<persName xmlns="http://www.tei-c.org/ns/1.0"><forename type="first">M</forename><forename type="middle">D</forename><surname>Wallis</surname></persName>
		</author>
		<author>
			<persName xmlns="http://www.tei-c.org/ns/1.0"><forename type="first">M</forename><surname>Vouk</surname></persName>
		</author>
		<author>
			<persName xmlns="http://www.tei-c.org/ns/1.0"><forename type="first">J</forename><forename type="middle">C</forename><surname>Lester</surname></persName>
		</author>
	</analytic>
	<monogr>
		<title level="m">Proceedings of the 11th Annual Meeting of the Special Interest Group on Discourse and Dialogue (SIGDIAL)</title>
		<meeting>the 11th Annual Meeting of the Special Interest Group on Discourse and Dialogue (SIGDIAL)</meeting>
		<imprint>
			<date type="published" when="2010" />
			<biblScope unit="page" from="297" to="305" />
		</imprint>
	</monogr>
</biblStruct>

<biblStruct >
	<analytic>
		<title level="a" type="main">Modeling dialogue structure with adjacency pair analysis and hidden Markov models</title>
		<author>
			<persName xmlns="http://www.tei-c.org/ns/1.0"><forename type="first">K</forename><forename type="middle">E</forename><surname>Boyer</surname></persName>
		</author>
		<author>
			<persName xmlns="http://www.tei-c.org/ns/1.0"><forename type="first">R</forename><surname>Phillips</surname></persName>
		</author>
		<author>
			<persName xmlns="http://www.tei-c.org/ns/1.0"><forename type="first">E</forename><forename type="middle">Y</forename><surname>Ha</surname></persName>
		</author>
		<author>
			<persName xmlns="http://www.tei-c.org/ns/1.0"><forename type="first">M</forename><forename type="middle">D</forename><surname>Wallis</surname></persName>
		</author>
		<author>
			<persName xmlns="http://www.tei-c.org/ns/1.0"><forename type="first">M</forename><forename type="middle">A</forename><surname>Vouk</surname></persName>
		</author>
		<author>
			<persName xmlns="http://www.tei-c.org/ns/1.0"><forename type="first">J</forename><forename type="middle">C</forename><surname>Lester</surname></persName>
		</author>
	</analytic>
	<monogr>
		<title level="m">Proceedings of the Annual Conference of the North American Chapter of the Association for Computational Linguistics: Short Papers</title>
		<meeting>the Annual Conference of the North American Chapter of the Association for Computational Linguistics: Short Papers</meeting>
		<imprint>
			<date type="published" when="2009" />
			<biblScope unit="page" from="49" to="52" />
		</imprint>
	</monogr>
</biblStruct>

<biblStruct >
	<analytic>
		<title level="a" type="main">Leveraging hidden dialogue state to select tutorial moves</title>
		<author>
			<persName xmlns="http://www.tei-c.org/ns/1.0"><forename type="first">K</forename><forename type="middle">E</forename><surname>Boyer</surname></persName>
		</author>
		<author>
			<persName xmlns="http://www.tei-c.org/ns/1.0"><forename type="first">R</forename><surname>Phillips</surname></persName>
		</author>
		<author>
			<persName xmlns="http://www.tei-c.org/ns/1.0"><forename type="first">E</forename><forename type="middle">Y</forename><surname>Ha</surname></persName>
		</author>
		<author>
			<persName xmlns="http://www.tei-c.org/ns/1.0"><forename type="first">M</forename><forename type="middle">D</forename><surname>Wallis</surname></persName>
		</author>
		<author>
			<persName xmlns="http://www.tei-c.org/ns/1.0"><forename type="first">M</forename><forename type="middle">A</forename><surname>Vouk</surname></persName>
		</author>
		<author>
			<persName xmlns="http://www.tei-c.org/ns/1.0"><forename type="first">J</forename><forename type="middle">C</forename><surname>Lester</surname></persName>
		</author>
	</analytic>
	<monogr>
		<title level="m">Proceedings of the NAACL HLT 2010 Fifth Workshop on Innovative Use of NLP for Building Educational Applications</title>
		<meeting>the NAACL HLT 2010 Fifth Workshop on Innovative Use of NLP for Building Educational Applications</meeting>
		<imprint>
			<date type="published" when="2010" />
			<biblScope unit="page" from="66" to="73" />
		</imprint>
	</monogr>
</biblStruct>

<biblStruct >
	<analytic>
		<title level="a" type="main">Affect Detection: An Interdisciplinary Review of Models, Methods, and Their Applications</title>
		<author>
			<persName xmlns="http://www.tei-c.org/ns/1.0"><forename type="first">R</forename><forename type="middle">A</forename><surname>Calvo</surname></persName>
		</author>
		<author>
			<persName xmlns="http://www.tei-c.org/ns/1.0"><forename type="first">S</forename><surname>D&amp;apos;mello</surname></persName>
		</author>
	</analytic>
	<monogr>
		<title level="j">IEEE Transactions on Affective Computing</title>
		<imprint>
			<biblScope unit="volume">1</biblScope>
			<biblScope unit="issue">1</biblScope>
			<biblScope unit="page" from="18" to="37" />
			<date type="published" when="2010" />
		</imprint>
	</monogr>
</biblStruct>

<biblStruct >
	<analytic>
		<title level="a" type="main">How was your day? An affective companion ECA prototype</title>
		<author>
			<persName xmlns="http://www.tei-c.org/ns/1.0"><forename type="first">M</forename><surname>Cavazza</surname></persName>
		</author>
		<author>
			<persName xmlns="http://www.tei-c.org/ns/1.0"><forename type="first">R</forename><forename type="middle">S D L</forename><surname>Cámara</surname></persName>
		</author>
		<author>
			<persName xmlns="http://www.tei-c.org/ns/1.0"><forename type="first">M</forename><surname>Turunen</surname></persName>
		</author>
		<author>
			<persName xmlns="http://www.tei-c.org/ns/1.0"><forename type="first">J</forename><surname>Gil</surname></persName>
		</author>
		<author>
			<persName xmlns="http://www.tei-c.org/ns/1.0"><forename type="first">J</forename><surname>Hakulinen</surname></persName>
		</author>
		<author>
			<persName xmlns="http://www.tei-c.org/ns/1.0"><forename type="first">N</forename><surname>Crook</surname></persName>
		</author>
	</analytic>
	<monogr>
		<title level="m">Proceedings of the 11th Annual Meeting of the Special Interest Group on Discourse and Dialogue (SIGDIAL)</title>
		<meeting>the 11th Annual Meeting of the Special Interest Group on Discourse and Dialogue (SIGDIAL)</meeting>
		<imprint>
			<date type="published" when="2010" />
			<biblScope unit="page" from="277" to="280" />
		</imprint>
	</monogr>
</biblStruct>

<biblStruct >
	<analytic>
		<title level="a" type="main">The modulation of cooperation and emotion in dialogue: the REC Corpus</title>
		<author>
			<persName xmlns="http://www.tei-c.org/ns/1.0"><forename type="first">F</forename><surname>Cavicchio</surname></persName>
		</author>
	</analytic>
	<monogr>
		<title level="m">Proceedings of the ACL-IJCNLP 2009 Student Research Workshop</title>
		<meeting>the ACL-IJCNLP 2009 Student Research Workshop</meeting>
		<imprint>
			<date type="published" when="2009" />
			<biblScope unit="page" from="43" to="48" />
		</imprint>
	</monogr>
</biblStruct>

<biblStruct >
	<analytic>
		<title level="a" type="main">Automatic Analysis and Recognition of Brow Actions and Head Motion in Spontaneous Facial Behavior</title>
		<author>
			<persName xmlns="http://www.tei-c.org/ns/1.0"><forename type="first">J</forename><forename type="middle">F</forename><surname>Cohn</surname></persName>
		</author>
		<author>
			<persName xmlns="http://www.tei-c.org/ns/1.0"><forename type="first">L</forename><forename type="middle">I</forename><surname>Reed</surname></persName>
		</author>
		<author>
			<persName xmlns="http://www.tei-c.org/ns/1.0"><forename type="first">Z</forename><surname>Ambadar</surname></persName>
		</author>
		<author>
			<persName xmlns="http://www.tei-c.org/ns/1.0"><forename type="first">J</forename><surname>Xiao</surname></persName>
		</author>
		<author>
			<persName xmlns="http://www.tei-c.org/ns/1.0"><forename type="first">T</forename><surname>Moriyama</surname></persName>
		</author>
	</analytic>
	<monogr>
		<title level="m">IEEE International Conference on Systems, Man and Cybernetics</title>
		<imprint>
			<date type="published" when="2004" />
			<biblScope unit="page" from="610" to="616" />
		</imprint>
	</monogr>
</biblStruct>

<biblStruct >
	<monogr>
		<title level="m" type="main">Emotions during learning: The first steps toward an affect sensitive intelligent tutoring system</title>
		<author>
			<persName xmlns="http://www.tei-c.org/ns/1.0"><forename type="first">S</forename><forename type="middle">D</forename><surname>Craig</surname></persName>
		</author>
		<author>
			<persName xmlns="http://www.tei-c.org/ns/1.0"><forename type="first">S</forename><surname>D&amp;apos;mello</surname></persName>
		</author>
		<author>
			<persName xmlns="http://www.tei-c.org/ns/1.0"><forename type="first">A</forename><surname>Witherspoon</surname></persName>
		</author>
		<author>
			<persName xmlns="http://www.tei-c.org/ns/1.0"><forename type="first">J</forename><surname>Sullins</surname></persName>
		</author>
		<author>
			<persName xmlns="http://www.tei-c.org/ns/1.0"><forename type="first">A</forename><forename type="middle">C</forename><surname>Graesser</surname></persName>
		</author>
		<editor>J. Nall and R. Robson</editor>
		<imprint>
			<date type="published" when="2004" />
			<biblScope unit="page" from="241" to="250" />
		</imprint>
	</monogr>
	<note>E-learn 2004: World conference on Elearning in Corporate, Government, Healthcare, &amp; Higher Education</note>
</biblStruct>

<biblStruct >
	<analytic>
		<title level="a" type="main">Word to sentence level emotion tagging for Bengali blogs</title>
		<author>
			<persName xmlns="http://www.tei-c.org/ns/1.0"><forename type="first">D</forename><surname>Das</surname></persName>
		</author>
		<author>
			<persName xmlns="http://www.tei-c.org/ns/1.0"><forename type="first">S</forename><surname>Bandyopadhyay</surname></persName>
		</author>
	</analytic>
	<monogr>
		<title level="m">Proceedings of the ACL-IJCNLP Conference</title>
		<meeting>the ACL-IJCNLP Conference<address><addrLine>Short Papers</addrLine></address></meeting>
		<imprint>
			<date type="published" when="2009" />
			<biblScope unit="page" from="149" to="152" />
		</imprint>
	</monogr>
</biblStruct>

<biblStruct >
	<analytic>
		<title level="a" type="main">Mine the easy, classify the hard: a semi-supervised approach to automatic sentiment classification</title>
		<author>
			<persName xmlns="http://www.tei-c.org/ns/1.0"><forename type="first">S</forename><surname>Dasgupta</surname></persName>
		</author>
		<author>
			<persName xmlns="http://www.tei-c.org/ns/1.0"><forename type="first">V</forename><surname>Ng</surname></persName>
		</author>
	</analytic>
	<monogr>
		<title level="m">Proceedings of the 46th</title>
		<meeting>the 46th</meeting>
		<imprint>
			<date type="published" when="2009" />
		</imprint>
	</monogr>
</biblStruct>

<biblStruct >
	<monogr>
				<title level="m">Annual Meeting of the ACL and the 4th IJCNLP</title>
		<imprint>
			<biblScope unit="page" from="701" to="709" />
		</imprint>
	</monogr>
</biblStruct>

<biblStruct >
	<analytic>
		<title level="a" type="main">Dialogue Act Classification, Higher Order Dialogue Structure, and Instance-Based Learning</title>
		<author>
			<persName xmlns="http://www.tei-c.org/ns/1.0"><forename type="first">B</forename><forename type="middle">Di</forename><surname>Eugenio</surname></persName>
		</author>
		<author>
			<persName xmlns="http://www.tei-c.org/ns/1.0"><forename type="first">Z</forename><surname>Xie</surname></persName>
		</author>
		<author>
			<persName xmlns="http://www.tei-c.org/ns/1.0"><forename type="first">R</forename><surname>Serafin</surname></persName>
		</author>
	</analytic>
	<monogr>
		<title level="j">Dialogue &amp; Discourse</title>
		<imprint>
			<biblScope unit="volume">1</biblScope>
			<biblScope unit="issue">2</biblScope>
			<biblScope unit="page" from="1" to="24" />
			<date type="published" when="2010" />
		</imprint>
	</monogr>
</biblStruct>

<biblStruct >
	<analytic>
		<title level="a" type="main">The impact of interpretation problems on tutorial dialogue</title>
		<author>
			<persName xmlns="http://www.tei-c.org/ns/1.0"><forename type="first">M</forename><surname>Dzikovska</surname></persName>
		</author>
		<author>
			<persName xmlns="http://www.tei-c.org/ns/1.0"><forename type="first">J</forename><forename type="middle">D</forename><surname>Moore</surname></persName>
		</author>
		<author>
			<persName xmlns="http://www.tei-c.org/ns/1.0"><forename type="first">N</forename><surname>Steinhauser</surname></persName>
		</author>
		<author>
			<persName xmlns="http://www.tei-c.org/ns/1.0"><forename type="first">G</forename><surname>Campbell</surname></persName>
		</author>
	</analytic>
	<monogr>
		<title level="m">Proceedings of the 48th Annual Meeting of the Association for Computational Linguistics, Short Papers</title>
		<meeting>the 48th Annual Meeting of the Association for Computational Linguistics, Short Papers</meeting>
		<imprint>
			<date type="published" when="2010" />
			<biblScope unit="page" from="43" to="48" />
		</imprint>
	</monogr>
</biblStruct>

<biblStruct >
	<analytic>
		<title level="a" type="main">Predicting Affective States expressed through an Emote-Aloud Procedure from AutoTutor&apos;s Mixed-Initiative Dialogue</title>
		<author>
			<persName xmlns="http://www.tei-c.org/ns/1.0"><forename type="first">S</forename><surname>Mello</surname></persName>
		</author>
		<author>
			<persName xmlns="http://www.tei-c.org/ns/1.0"><forename type="first">S</forename><forename type="middle">D</forename><surname>Craig</surname></persName>
		</author>
		<author>
			<persName xmlns="http://www.tei-c.org/ns/1.0"><forename type="first">J</forename><surname>Sullins</surname></persName>
		</author>
		<author>
			<persName xmlns="http://www.tei-c.org/ns/1.0"><forename type="first">A</forename><forename type="middle">C</forename><surname>Graesser</surname></persName>
		</author>
	</analytic>
	<monogr>
		<title level="j">International Journal of Artificial Intelligence in Education</title>
		<imprint>
			<biblScope unit="volume">16</biblScope>
			<biblScope unit="issue">1</biblScope>
			<biblScope unit="page" from="3" to="28" />
			<date type="published" when="2006" />
		</imprint>
	</monogr>
</biblStruct>

<biblStruct >
	<analytic>
		<title level="a" type="main">Basic Emotions</title>
		<author>
			<persName xmlns="http://www.tei-c.org/ns/1.0"><forename type="first">P</forename><surname>Ekman</surname></persName>
		</author>
	</analytic>
	<monogr>
		<title level="m">Handbook of Cognition and Emotion</title>
		<editor>T. Dalgleish and M. J. Power</editor>
		<meeting><address><addrLine>New York</addrLine></address></meeting>
		<imprint>
			<publisher>Wiley</publisher>
			<date type="published" when="1999" />
		</imprint>
	</monogr>
</biblStruct>

<biblStruct >
	<monogr>
		<title level="m" type="main">Facial Action Coding System</title>
		<author>
			<persName xmlns="http://www.tei-c.org/ns/1.0"><forename type="first">P</forename><surname>Ekman</surname></persName>
		</author>
		<author>
			<persName xmlns="http://www.tei-c.org/ns/1.0"><forename type="first">W</forename><forename type="middle">V</forename><surname>Friesen</surname></persName>
		</author>
		<imprint>
			<date type="published" when="1978" />
			<publisher>Consulting Psychologists Press</publisher>
			<pubPlace>Palo Alto, CA</pubPlace>
		</imprint>
	</monogr>
</biblStruct>

<biblStruct >
	<monogr>
		<title level="m" type="main">Facial Action Coding System: Investigator&apos;s Guide</title>
		<author>
			<persName xmlns="http://www.tei-c.org/ns/1.0"><forename type="first">P</forename><surname>Ekman</surname></persName>
		</author>
		<author>
			<persName xmlns="http://www.tei-c.org/ns/1.0"><forename type="first">W</forename><forename type="middle">V</forename><surname>Friesen</surname></persName>
		</author>
		<author>
			<persName xmlns="http://www.tei-c.org/ns/1.0"><forename type="first">J</forename><forename type="middle">C</forename><surname>Hager</surname></persName>
		</author>
		<imprint>
			<date type="published" when="2002" />
			<publisher>A Human Face</publisher>
			<pubPlace>Salt Lake City, USA</pubPlace>
		</imprint>
	</monogr>
</biblStruct>

<biblStruct >
	<monogr>
		<title level="m" type="main">What the Face Reveals: Basic and Applied Studies of Spontaneous Expression Using the Facial Action Coding System (FACS)</title>
		<editor>P. Ekman and E.L. Rosenberg</editor>
		<imprint>
			<date type="published" when="2005" />
			<publisher>Oxford University Press</publisher>
			<pubPlace>New York</pubPlace>
		</imprint>
	</monogr>
	<note>2nd ed.</note>
</biblStruct>

<biblStruct >
	<analytic>
		<title level="a" type="main">Exploring affect-context dependencies for adaptive system development</title>
		<author>
			<persName xmlns="http://www.tei-c.org/ns/1.0"><forename type="first">K</forename><surname>Forbes-Riley</surname></persName>
		</author>
		<author>
			<persName xmlns="http://www.tei-c.org/ns/1.0"><forename type="first">M</forename><surname>Rotaru</surname></persName>
		</author>
		<author>
			<persName xmlns="http://www.tei-c.org/ns/1.0"><forename type="first">D</forename><forename type="middle">J</forename><surname>Litman</surname></persName>
		</author>
		<author>
			<persName xmlns="http://www.tei-c.org/ns/1.0"><forename type="first">J</forename><surname>Tetreault</surname></persName>
		</author>
	</analytic>
	<monogr>
		<title level="m">The Conference of the North American Chapter of the Association for Computational Linguistics and Human Language Technologies (NAACL HLT), Short Papers</title>
		<imprint>
			<date type="published" when="2007" />
			<biblScope unit="page" from="41" to="44" />
		</imprint>
	</monogr>
</biblStruct>

<biblStruct >
	<analytic>
		<title level="a" type="main">Adapting to student uncertainty improves tutoring dialogues</title>
		<author>
			<persName xmlns="http://www.tei-c.org/ns/1.0"><forename type="first">K</forename><surname>Forbes-Riley</surname></persName>
		</author>
		<author>
			<persName xmlns="http://www.tei-c.org/ns/1.0"><forename type="first">M</forename><surname>Rotaru</surname></persName>
		</author>
		<author>
			<persName xmlns="http://www.tei-c.org/ns/1.0"><forename type="first">D</forename><forename type="middle">J</forename><surname>Litman</surname></persName>
		</author>
		<author>
			<persName xmlns="http://www.tei-c.org/ns/1.0"><forename type="first">J</forename><surname>Tetreault</surname></persName>
		</author>
	</analytic>
	<monogr>
		<title level="m">Proceedings of the 14th International Conference on Artificial Intelligence in Education (AIED)</title>
		<meeting>the 14th International Conference on Artificial Intelligence in Education (AIED)</meeting>
		<imprint>
			<date type="published" when="2009" />
			<biblScope unit="page" from="33" to="40" />
		</imprint>
	</monogr>
</biblStruct>

<biblStruct >
	<analytic>
		<title level="a" type="main">Question asking and eye tracking during cognitive disequilibrium: comprehending illustrated texts on devices when the devices break down</title>
		<author>
			<persName xmlns="http://www.tei-c.org/ns/1.0"><forename type="first">A</forename><forename type="middle">C</forename><surname>Graesser</surname></persName>
		</author>
		<author>
			<persName xmlns="http://www.tei-c.org/ns/1.0"><forename type="first">S</forename><surname>Lu</surname></persName>
		</author>
		<author>
			<persName xmlns="http://www.tei-c.org/ns/1.0"><forename type="first">B</forename><surname>Olde</surname></persName>
		</author>
		<author>
			<persName xmlns="http://www.tei-c.org/ns/1.0"><forename type="first">E</forename><surname>Cooper-Pye</surname></persName>
		</author>
		<author>
			<persName xmlns="http://www.tei-c.org/ns/1.0"><forename type="first">S</forename><surname>Whitten</surname></persName>
		</author>
	</analytic>
	<monogr>
		<title level="j">Memory &amp; Cognition</title>
		<imprint>
			<biblScope unit="volume">33</biblScope>
			<biblScope unit="issue">7</biblScope>
			<biblScope unit="page" from="1235" to="1247" />
			<date type="published" when="2005" />
		</imprint>
	</monogr>
</biblStruct>

<biblStruct >
	<analytic>
		<title level="a" type="main">More than words: Syntactic packaging and implicit sentiment</title>
		<author>
			<persName xmlns="http://www.tei-c.org/ns/1.0"><forename type="first">S</forename><surname>Greene</surname></persName>
		</author>
		<author>
			<persName xmlns="http://www.tei-c.org/ns/1.0"><forename type="first">P</forename><surname>Resnik</surname></persName>
		</author>
	</analytic>
	<monogr>
		<title level="m">Proceedings of the 2009 Annual Conference of the North American Chapter of the ACL and Human Language Technologies (NAACL HLT)</title>
		<meeting>the 2009 Annual Conference of the North American Chapter of the ACL and Human Language Technologies (NAACL HLT)</meeting>
		<imprint>
			<date type="published" when="2009" />
			<biblScope unit="page" from="503" to="511" />
		</imprint>
	</monogr>
</biblStruct>

<biblStruct >
	<analytic>
		<title level="a" type="main">The WEKA data mining software: An update</title>
		<author>
			<persName xmlns="http://www.tei-c.org/ns/1.0"><forename type="first">M</forename><surname>Hall</surname></persName>
		</author>
		<author>
			<persName xmlns="http://www.tei-c.org/ns/1.0"><forename type="first">E</forename><surname>Frank</surname></persName>
		</author>
		<author>
			<persName xmlns="http://www.tei-c.org/ns/1.0"><forename type="first">G</forename><surname>Holmes</surname></persName>
		</author>
		<author>
			<persName xmlns="http://www.tei-c.org/ns/1.0"><forename type="first">B</forename><surname>Pfahringer</surname></persName>
		</author>
		<author>
			<persName xmlns="http://www.tei-c.org/ns/1.0"><forename type="first">P</forename><surname>Reutemann</surname></persName>
		</author>
		<author>
			<persName xmlns="http://www.tei-c.org/ns/1.0"><forename type="first">I</forename><forename type="middle">H</forename><surname>Witten</surname></persName>
		</author>
	</analytic>
	<monogr>
		<title level="j">SIGKDD Explorations</title>
		<imprint>
			<biblScope unit="volume">11</biblScope>
			<biblScope unit="issue">1</biblScope>
			<biblScope unit="page" from="10" to="18" />
			<date type="published" when="2009" />
		</imprint>
	</monogr>
</biblStruct>

<biblStruct >
	<analytic>
		<title level="a" type="main">Incorporating extra-linguistic information into reference resolution in collaborative task dialogue</title>
		<author>
			<persName xmlns="http://www.tei-c.org/ns/1.0"><forename type="first">R</forename><surname>Iida</surname></persName>
		</author>
		<author>
			<persName xmlns="http://www.tei-c.org/ns/1.0"><forename type="first">S</forename><surname>Kobayashi</surname></persName>
		</author>
		<author>
			<persName xmlns="http://www.tei-c.org/ns/1.0"><forename type="first">T</forename><surname>Tokunaga</surname></persName>
		</author>
	</analytic>
	<monogr>
		<title level="m">Proceedings of the 48th Annual Meeting of the Association for Computational Linguistics</title>
		<meeting>the 48th Annual Meeting of the Association for Computational Linguistics</meeting>
		<imprint>
			<date type="published" when="2010" />
			<biblScope unit="page" from="1259" to="1267" />
		</imprint>
	</monogr>
</biblStruct>

<biblStruct >
	<monogr>
				<author>
			<persName xmlns="http://www.tei-c.org/ns/1.0"><forename type="first">M</forename><forename type="middle">L</forename><surname>Knapp</surname></persName>
		</author>
		<author>
			<persName xmlns="http://www.tei-c.org/ns/1.0"><forename type="first">J</forename><forename type="middle">A</forename><surname>Hall</surname></persName>
		</author>
		<title level="m">Nonverbal Communication in Human Interaction</title>
		<meeting><address><addrLine>Belmont, CA</addrLine></address></meeting>
		<imprint>
			<publisher>Wadsworth/Thomson Learning</publisher>
			<date type="published" when="2006" />
		</imprint>
	</monogr>
	<note>6th ed.</note>
</biblStruct>

<biblStruct >
	<analytic>
		<title level="a" type="main">Toward detecting emotions in spoken dialogs</title>
		<author>
			<persName xmlns="http://www.tei-c.org/ns/1.0"><forename type="first">M</forename><surname>Lee</surname></persName>
		</author>
		<author>
			<persName xmlns="http://www.tei-c.org/ns/1.0"><forename type="first">S</forename><forename type="middle">S</forename><surname>Narayanan</surname></persName>
		</author>
	</analytic>
	<monogr>
		<title level="j">IEEE Transactions on Speech and Audio Processing</title>
		<imprint>
			<biblScope unit="volume">13</biblScope>
			<biblScope unit="issue">2</biblScope>
			<biblScope unit="page" from="293" to="303" />
			<date type="published" when="2005" />
		</imprint>
	</monogr>
</biblStruct>

<biblStruct >
	<analytic>
		<title level="a" type="main">F2New Technique for Recognition of User Emotional States in Spoken Dialogue Systems</title>
		<author>
			<persName xmlns="http://www.tei-c.org/ns/1.0"><forename type="first">R</forename><surname>López-Cózar</surname></persName>
		</author>
		<author>
			<persName xmlns="http://www.tei-c.org/ns/1.0"><forename type="first">J</forename><surname>Silovsky</surname></persName>
		</author>
		<author>
			<persName xmlns="http://www.tei-c.org/ns/1.0"><forename type="first">D</forename><surname>Griol</surname></persName>
		</author>
	</analytic>
	<monogr>
		<title level="m">Proceedings of the 11th Annual Meeting of the Special Interest Group on Discourse and Dialogue (SIGDIAL)</title>
		<meeting>the 11th Annual Meeting of the Special Interest Group on Discourse and Dialogue (SIGDIAL)</meeting>
		<imprint>
			<date type="published" when="2010" />
			<biblScope unit="page" from="281" to="288" />
		</imprint>
	</monogr>
</biblStruct>

<biblStruct >
	<analytic>
		<title level="a" type="main">Facial Features for Affective State Detection in Learning Environments</title>
		<author>
			<persName xmlns="http://www.tei-c.org/ns/1.0"><forename type="first">B</forename><forename type="middle">T</forename><surname>Mcdaniel</surname></persName>
		</author>
		<author>
			<persName xmlns="http://www.tei-c.org/ns/1.0"><forename type="first">S</forename><surname>D&amp;apos;mello</surname></persName>
		</author>
		<author>
			<persName xmlns="http://www.tei-c.org/ns/1.0"><forename type="first">B</forename><forename type="middle">G</forename><surname>King</surname></persName>
		</author>
		<author>
			<persName xmlns="http://www.tei-c.org/ns/1.0"><forename type="first">P</forename><surname>Chipman</surname></persName>
		</author>
		<author>
			<persName xmlns="http://www.tei-c.org/ns/1.0"><forename type="first">K</forename><surname>Tapp</surname></persName>
		</author>
		<author>
			<persName xmlns="http://www.tei-c.org/ns/1.0"><forename type="first">A</forename><forename type="middle">C</forename><surname>Graesser</surname></persName>
		</author>
	</analytic>
	<monogr>
		<title level="m">Proceedings of the 29th Annual Cognitive Science Society</title>
		<meeting>the 29th Annual Cognitive Science Society</meeting>
		<imprint>
			<date type="published" when="2007" />
			<biblScope unit="page" from="467" to="472" />
		</imprint>
	</monogr>
</biblStruct>

<biblStruct >
	<monogr>
		<title level="m" type="main">Hand and mind: What gestures reveal about thought</title>
		<author>
			<persName xmlns="http://www.tei-c.org/ns/1.0"><forename type="first">D</forename><surname>Mcneill</surname></persName>
		</author>
		<imprint>
			<date type="published" when="1992" />
			<publisher>University of Chicago Press</publisher>
			<pubPlace>Chicago</pubPlace>
		</imprint>
	</monogr>
</biblStruct>

<biblStruct >
	<monogr>
		<title level="m" type="main">Nonverbal Communication</title>
		<author>
			<persName xmlns="http://www.tei-c.org/ns/1.0"><forename type="first">A</forename><surname>Mehrabian</surname></persName>
		</author>
		<imprint>
			<date type="published" when="2007" />
			<publisher>Aldine Transaction</publisher>
			<pubPlace>New Brunswick, NJ</pubPlace>
		</imprint>
	</monogr>
</biblStruct>

<biblStruct >
	<analytic>
		<title level="a" type="main">Mood patterns and affective lexicon access in weblogs</title>
		<author>
			<persName xmlns="http://www.tei-c.org/ns/1.0"><forename type="first">T</forename><surname>Nguyen</surname></persName>
		</author>
	</analytic>
	<monogr>
		<title level="m">Proceedings of the ACL 2010 Student Research Workshop</title>
		<meeting>the ACL 2010 Student Research Workshop</meeting>
		<imprint>
			<date type="published" when="2010" />
			<biblScope unit="page" from="43" to="48" />
		</imprint>
	</monogr>
</biblStruct>

<biblStruct >
	<analytic>
		<title level="a" type="main">Machine Analysis of Facial Expressions</title>
		<author>
			<persName xmlns="http://www.tei-c.org/ns/1.0"><forename type="first">M</forename><surname>Pantic</surname></persName>
		</author>
		<author>
			<persName xmlns="http://www.tei-c.org/ns/1.0"><forename type="first">M</forename><forename type="middle">S</forename><surname>Bartlett</surname></persName>
		</author>
	</analytic>
	<monogr>
		<title level="m">Face Recognition</title>
		<editor>K. Delac and M. Grgic</editor>
		<meeting><address><addrLine>Vienna, Austria</addrLine></address></meeting>
		<imprint>
			<publisher>I-Tech Education and Publishing</publisher>
			<date type="published" when="2007" />
			<biblScope unit="page" from="377" to="416" />
		</imprint>
	</monogr>
</biblStruct>

<biblStruct >
	<analytic>
		<title level="a" type="main">Core affect and the psychological construction of emotion</title>
		<author>
			<persName xmlns="http://www.tei-c.org/ns/1.0"><forename type="first">J</forename><forename type="middle">A</forename><surname>Russell</surname></persName>
		</author>
	</analytic>
	<monogr>
		<title level="j">Psychological Review</title>
		<imprint>
			<biblScope unit="volume">110</biblScope>
			<biblScope unit="issue">1</biblScope>
			<biblScope unit="page" from="145" to="172" />
			<date type="published" when="2003" />
		</imprint>
	</monogr>
</biblStruct>

<biblStruct >
	<analytic>
		<title level="a" type="main">Facial and vocal expressions of emotion</title>
		<author>
			<persName xmlns="http://www.tei-c.org/ns/1.0"><forename type="first">J</forename><forename type="middle">A</forename><surname>Russell</surname></persName>
		</author>
		<author>
			<persName xmlns="http://www.tei-c.org/ns/1.0"><forename type="first">J</forename><forename type="middle">A</forename><surname>Bachorowski</surname></persName>
		</author>
		<author>
			<persName xmlns="http://www.tei-c.org/ns/1.0"><forename type="first">J</forename><forename type="middle">M</forename><surname>Fernandezdols</surname></persName>
		</author>
	</analytic>
	<monogr>
		<title level="j">Annual Review of Psychology</title>
		<imprint>
			<biblScope unit="volume">54</biblScope>
			<biblScope unit="page" from="329" to="378" />
			<date type="published" when="2003" />
		</imprint>
	</monogr>
</biblStruct>

<biblStruct >
	<analytic>
		<title level="a" type="main">Human Facial Expressions as Adaptations: Evolutionary Questions in Facial Expression Research</title>
		<author>
			<persName xmlns="http://www.tei-c.org/ns/1.0"><forename type="first">K</forename><forename type="middle">L</forename><surname>Schmidt</surname></persName>
		</author>
		<author>
			<persName xmlns="http://www.tei-c.org/ns/1.0"><forename type="first">J</forename><forename type="middle">F</forename><surname>Cohn</surname></persName>
		</author>
	</analytic>
	<monogr>
		<title level="j">Am J Phys Anthropol</title>
		<imprint>
			<biblScope unit="volume">33</biblScope>
			<biblScope unit="page" from="3" to="24" />
			<date type="published" when="2001" />
		</imprint>
	</monogr>
</biblStruct>

<biblStruct >
	<monogr>
		<title level="m" type="main">Focus on Formative Feedback. Review of Educational Research</title>
		<author>
			<persName xmlns="http://www.tei-c.org/ns/1.0"><forename type="first">V</forename><forename type="middle">J</forename><surname>Shute</surname></persName>
		</author>
		<imprint>
			<date type="published" when="2008" />
			<biblScope unit="volume">78</biblScope>
			<biblScope unit="page" from="153" to="189" />
		</imprint>
	</monogr>
</biblStruct>

<biblStruct >
	<analytic>
		<title level="a" type="main">Combining lexical, syntactic and prosodic cues for improved online dialog act tagging</title>
		<author>
			<persName xmlns="http://www.tei-c.org/ns/1.0"><forename type="first">V</forename><forename type="middle">K</forename><surname>Sridar</surname></persName>
		</author>
		<author>
			<persName xmlns="http://www.tei-c.org/ns/1.0"><forename type="first">S</forename><surname>Bangalore</surname></persName>
		</author>
		<author>
			<persName xmlns="http://www.tei-c.org/ns/1.0"><forename type="first">S</forename><forename type="middle">S</forename><surname>Narayanan</surname></persName>
		</author>
	</analytic>
	<monogr>
		<title level="j">Computer Speech &amp; Language</title>
		<imprint>
			<biblScope unit="volume">23</biblScope>
			<biblScope unit="issue">4</biblScope>
			<biblScope unit="page" from="407" to="422" />
			<date type="published" when="2009" />
			<publisher>Elsevier Ltd</publisher>
		</imprint>
	</monogr>
</biblStruct>

<biblStruct >
	<analytic>
		<title level="a" type="main">Dialogue Act Modeling for Automatic Tagging and Recognition of Conversational Speech</title>
		<author>
			<persName xmlns="http://www.tei-c.org/ns/1.0"><forename type="first">A</forename><surname>Stolcke</surname></persName>
		</author>
		<author>
			<persName xmlns="http://www.tei-c.org/ns/1.0"><forename type="first">K</forename><surname>Ries</surname></persName>
		</author>
		<author>
			<persName xmlns="http://www.tei-c.org/ns/1.0"><forename type="first">N</forename><surname>Coccaro</surname></persName>
		</author>
		<author>
			<persName xmlns="http://www.tei-c.org/ns/1.0"><forename type="first">E</forename><surname>Shriberg</surname></persName>
		</author>
		<author>
			<persName xmlns="http://www.tei-c.org/ns/1.0"><forename type="first">R</forename><surname>Bates</surname></persName>
		</author>
		<author>
			<persName xmlns="http://www.tei-c.org/ns/1.0"><forename type="first">D</forename><surname>Jurafsky</surname></persName>
		</author>
	</analytic>
	<monogr>
		<title level="j">Computational Linguistics</title>
		<imprint>
			<biblScope unit="volume">26</biblScope>
			<biblScope unit="issue">3</biblScope>
			<biblScope unit="page" from="339" to="373" />
			<date type="published" when="2000" />
		</imprint>
	</monogr>
</biblStruct>

<biblStruct >
	<analytic>
		<title level="a" type="main">Sentence and expression level annotation of opinions in user-generated discourse</title>
		<author>
			<persName xmlns="http://www.tei-c.org/ns/1.0"><forename type="first">C</forename><surname>Toprak</surname></persName>
		</author>
		<author>
			<persName xmlns="http://www.tei-c.org/ns/1.0"><forename type="first">N</forename><surname>Jakob</surname></persName>
		</author>
		<author>
			<persName xmlns="http://www.tei-c.org/ns/1.0"><forename type="first">I</forename><surname>Gurevych</surname></persName>
		</author>
	</analytic>
	<monogr>
		<title level="j">Proceedings</title>
		<imprint>
			<biblScope unit="page">48</biblScope>
			<date type="published" when="2010" />
		</imprint>
	</monogr>
</biblStruct>

<biblStruct >
	<monogr>
				<title level="m">Annual Meeting of the Association for Computational Linguistics</title>
		<imprint>
			<biblScope unit="page" from="575" to="584" />
		</imprint>
	</monogr>
</biblStruct>

<biblStruct >
	<analytic>
		<title level="a" type="main">Recognizing Contextual Polarity: An Exploration of Features for Phrase-Level Sentiment Analysis</title>
		<author>
			<persName xmlns="http://www.tei-c.org/ns/1.0"><forename type="first">T</forename><surname>Wilson</surname></persName>
		</author>
		<author>
			<persName xmlns="http://www.tei-c.org/ns/1.0"><forename type="first">J</forename><surname>Wiebe</surname></persName>
		</author>
		<author>
			<persName xmlns="http://www.tei-c.org/ns/1.0"><forename type="first">P</forename><surname>Hoffmann</surname></persName>
		</author>
	</analytic>
	<monogr>
		<title level="j">Computational Linguistics</title>
		<imprint>
			<biblScope unit="volume">35</biblScope>
			<biblScope unit="issue">3</biblScope>
			<biblScope unit="page" from="399" to="433" />
			<date type="published" when="2009" />
		</imprint>
	</monogr>
</biblStruct>

<biblStruct >
	<analytic>
		<title level="a" type="main">A Survey of Affect Recognition Methods: Audio, Visual, and Spontaneous Expressions</title>
		<author>
			<persName xmlns="http://www.tei-c.org/ns/1.0"><forename type="first">Z</forename><surname>Zeng</surname></persName>
		</author>
		<author>
			<persName xmlns="http://www.tei-c.org/ns/1.0"><forename type="first">M</forename><surname>Pantic</surname></persName>
		</author>
		<author>
			<persName xmlns="http://www.tei-c.org/ns/1.0"><forename type="first">G</forename><forename type="middle">I</forename><surname>Roisman</surname></persName>
		</author>
		<author>
			<persName xmlns="http://www.tei-c.org/ns/1.0"><forename type="first">T</forename><forename type="middle">S</forename><surname>Huang</surname></persName>
		</author>
	</analytic>
	<monogr>
		<title level="j">IEEE Transactions on Pattern Analysis and Machine Intelligence</title>
		<imprint>
			<biblScope unit="volume">31</biblScope>
			<biblScope unit="issue">1</biblScope>
			<biblScope unit="page" from="39" to="58" />
			<date type="published" when="2009" />
		</imprint>
	</monogr>
</biblStruct>

			</listBibl>
		</back>
	</text>
</TEI>
