<?xml version="1.0" ?>
<TEI xmlns="http://www.tei-c.org/ns/1.0" xmlns:xlink="http://www.w3.org/1999/xlink" 
 xmlns:mml="http://www.w3.org/1998/Math/MathML">
	<teiHeader>
		<fileDesc xml:id="f_133"/>
	</teiHeader>
	<text>
		<front/>
		<body/>
		<back>
			<listBibl>
<biblStruct >
	<analytic>
		<title level="a" type="main">A contentdriven reputation system for the wikipedia</title>
		<author>
			<persName xmlns="http://www.tei-c.org/ns/1.0"><forename type="first">Thomas</forename><surname>Adler</surname></persName>
		</author>
		<author>
			<persName xmlns="http://www.tei-c.org/ns/1.0"><surname>Luca De Alfaro</surname></persName>
		</author>
	</analytic>
	<monogr>
		<title level="m">Proceedings of the 16th international conference on World Wide Web, WWW &apos;07</title>
		<meeting>the 16th international conference on World Wide Web, WWW &apos;07<address><addrLine>New York, NY, USA</addrLine></address></meeting>
		<imprint>
			<publisher>ACM</publisher>
			<date type="published" when="2007" />
			<biblScope unit="page" from="261" to="270" />
		</imprint>
	</monogr>
</biblStruct>

<biblStruct >
	<analytic>
		<title level="a" type="main">Wikipedia vandalism detection: Combining natural language, metadata, and reputation features</title>
		<author>
			<persName xmlns="http://www.tei-c.org/ns/1.0"><forename type="first">B</forename><forename type="middle">Thomas</forename><surname>Adler</surname></persName>
		</author>
		<author>
			<persName xmlns="http://www.tei-c.org/ns/1.0"><forename type="first">Santiago</forename><forename type="middle">M</forename><surname>Luca De Alfaro</surname></persName>
		</author>
		<author>
			<persName xmlns="http://www.tei-c.org/ns/1.0"><forename type="first">Paolo</forename><surname>Molavelasco</surname></persName>
		</author>
		<author>
			<persName xmlns="http://www.tei-c.org/ns/1.0"><forename type="first">Andrew</forename><forename type="middle">G</forename><surname>Rosso</surname></persName>
		</author>
		<author>
			<persName xmlns="http://www.tei-c.org/ns/1.0"><surname>West</surname></persName>
		</author>
	</analytic>
	<monogr>
		<title level="m">CICLing &apos;11: Proceedings of the 12th International Conference on Intelligent Text Processing and Computational Linguistics</title>
		<imprint>
			<date type="published" when="2011" />
		</imprint>
	</monogr>
</biblStruct>

<biblStruct >
	<analytic>
		<title level="a" type="main">Induction of onelevel decision trees</title>
		<author>
			<persName xmlns="http://www.tei-c.org/ns/1.0"><forename type="first">Wayne</forename><surname>Iba</surname></persName>
		</author>
		<author>
			<persName xmlns="http://www.tei-c.org/ns/1.0"><forename type="first">Ai</forename></persName>
		</author>
		<author>
			<persName xmlns="http://www.tei-c.org/ns/1.0"><forename type="first">Pat</forename><surname>Langley</surname></persName>
		</author>
	</analytic>
	<monogr>
		<title level="m">Proceedings of the Ninth International Conference on Machine Learning</title>
		<meeting>the Ninth International Conference on Machine Learning</meeting>
		<imprint>
			<publisher>Morgan Kaufmann</publisher>
			<date type="published" when="1992" />
			<biblScope unit="page" from="233" to="240" />
		</imprint>
	</monogr>
</biblStruct>

<biblStruct >
	<monogr>
				<author>
			<persName xmlns="http://www.tei-c.org/ns/1.0"><forename type="first">Alexa</forename></persName>
		</author>
		<ptr target="http://www.alexa.com/topsites" />
		<title level="m">Top 500 sites</title>
		<imprint>
			<date type="published" when="2011-04" />
		</imprint>
	</monogr>
	<note>retrieved</note>
</biblStruct>

<biblStruct >
	<analytic>
		<title level="a" type="main">Automatically profiling the author of an anonymous text</title>
		<author>
			<persName xmlns="http://www.tei-c.org/ns/1.0"><forename type="first">Shlomo</forename><surname>Argamon</surname></persName>
		</author>
		<author>
			<persName xmlns="http://www.tei-c.org/ns/1.0"><forename type="first">Moshe</forename><surname>Koppel</surname></persName>
		</author>
		<author>
			<persName xmlns="http://www.tei-c.org/ns/1.0"><forename type="first">James</forename><forename type="middle">W</forename><surname>Pennebaker</surname></persName>
		</author>
		<author>
			<persName xmlns="http://www.tei-c.org/ns/1.0"><forename type="first">Jonathan</forename><surname>Schler</surname></persName>
		</author>
	</analytic>
	<monogr>
		<title level="j">Commun. ACM</title>
		<imprint>
			<biblScope unit="volume">52</biblScope>
			<biblScope unit="page" from="119" to="123" />
			<date type="published" when="2009-02" />
		</imprint>
	</monogr>
</biblStruct>

<biblStruct >
	<analytic>
		<title level="a" type="main">Detecting wikipedia vandalism with active learning and statistical language models</title>
		<author>
			<persName xmlns="http://www.tei-c.org/ns/1.0"><forename type="first">Si-Chi</forename><surname>Chin</surname></persName>
		</author>
		<author>
			<persName xmlns="http://www.tei-c.org/ns/1.0"><forename type="first">W</forename><forename type="middle">Nick</forename><surname>Street</surname></persName>
		</author>
		<author>
			<persName xmlns="http://www.tei-c.org/ns/1.0"><forename type="first">Padmini</forename><surname>Srinivasan</surname></persName>
		</author>
		<author>
			<persName xmlns="http://www.tei-c.org/ns/1.0"><forename type="first">David</forename><surname>Eichmann</surname></persName>
		</author>
	</analytic>
	<monogr>
		<title level="m">WICOW &apos;10: Proceedings of the 4rd Workshop on Information Credibility on the Web</title>
		<imprint>
			<date type="published" when="2010" />
		</imprint>
	</monogr>
</biblStruct>

<biblStruct >
	<analytic>
		<title level="a" type="main">Additive Logistic Regression: a Statistical View of Boosting</title>
		<author>
			<persName xmlns="http://www.tei-c.org/ns/1.0"><forename type="first">J</forename><surname>Friedman</surname></persName>
		</author>
		<author>
			<persName xmlns="http://www.tei-c.org/ns/1.0"><forename type="first">T</forename><surname>Hastie</surname></persName>
		</author>
		<author>
			<persName xmlns="http://www.tei-c.org/ns/1.0"><forename type="first">R</forename><surname>Tibshirani</surname></persName>
		</author>
	</analytic>
	<monogr>
		<title level="j">The Annals of Statistics</title>
		<imprint>
			<biblScope unit="volume">38</biblScope>
			<biblScope unit="issue">2</biblScope>
			<date type="published" when="2000" />
		</imprint>
	</monogr>
</biblStruct>

<biblStruct >
	<analytic>
		<title level="a" type="main">The work of sustaining order in wikipedia: the banning of a vandal</title>
		<author>
			<persName xmlns="http://www.tei-c.org/ns/1.0"><forename type="first">Stuart</forename><surname>Geiger</surname></persName>
		</author>
		<author>
			<persName xmlns="http://www.tei-c.org/ns/1.0"><forename type="first">David</forename><surname>Ribes</surname></persName>
		</author>
	</analytic>
	<monogr>
		<title level="m">Proceedings of the 2010 ACM conference on Computer supported cooperative work, CSCW &apos;10</title>
		<meeting>the 2010 ACM conference on Computer supported cooperative work, CSCW &apos;10<address><addrLine>New York, NY, USA</addrLine></address></meeting>
		<imprint>
			<publisher>ACM</publisher>
			<date type="published" when="2010" />
			<biblScope unit="page" from="117" to="126" />
		</imprint>
	</monogr>
</biblStruct>

<biblStruct >
	<analytic>
		<title level="a" type="main">The weka data mining software: an update</title>
		<author>
			<persName xmlns="http://www.tei-c.org/ns/1.0"><forename type="first">Mark</forename><surname>Hall</surname></persName>
		</author>
		<author>
			<persName xmlns="http://www.tei-c.org/ns/1.0"><forename type="first">Eibe</forename><surname>Frank</surname></persName>
		</author>
		<author>
			<persName xmlns="http://www.tei-c.org/ns/1.0"><forename type="first">Geoffrey</forename><surname>Holmes</surname></persName>
		</author>
		<author>
			<persName xmlns="http://www.tei-c.org/ns/1.0"><forename type="first">Bernhard</forename><surname>Pfahringer</surname></persName>
		</author>
		<author>
			<persName xmlns="http://www.tei-c.org/ns/1.0"><forename type="first">Peter</forename><surname>Reutemann</surname></persName>
		</author>
		<author>
			<persName xmlns="http://www.tei-c.org/ns/1.0"><forename type="first">Ian</forename><forename type="middle">H</forename><surname>Witten</surname></persName>
		</author>
	</analytic>
	<monogr>
		<title level="j">SIGKDD Explor. Newsl</title>
		<imprint>
			<biblScope unit="volume">11</biblScope>
			<biblScope unit="issue">1</biblScope>
			<biblScope unit="page" from="10" to="18" />
			<date type="published" when="2009" />
		</imprint>
	</monogr>
</biblStruct>

<biblStruct >
	<monogr>
		<title level="m" type="main">Wiki vandalysis-wikipedia vandalism analysis lab report for pan at clef</title>
		<author>
			<persName xmlns="http://www.tei-c.org/ns/1.0"><forename type="first">Manoj</forename><surname>Harpalani</surname></persName>
		</author>
		<author>
			<persName xmlns="http://www.tei-c.org/ns/1.0"><forename type="first">Thanadit</forename><surname>Phumprao</surname></persName>
		</author>
		<author>
			<persName xmlns="http://www.tei-c.org/ns/1.0"><forename type="first">Megha</forename><surname>Bassi</surname></persName>
		</author>
		<author>
			<persName xmlns="http://www.tei-c.org/ns/1.0"><forename type="first">Michael</forename><surname>Hart</surname></persName>
		</author>
		<author>
			<persName xmlns="http://www.tei-c.org/ns/1.0"><forename type="first">Rob</forename><forename type="middle">Johnson</forename></persName>
		</author>
		<imprint>
			<date type="published" when="2010" />
		</imprint>
	</monogr>
</biblStruct>

<biblStruct >
	<analytic>
		<title level="a" type="main">Accurate unlexicalized parsing</title>
		<author>
			<persName xmlns="http://www.tei-c.org/ns/1.0"><forename type="first">Dan</forename><surname>Klein</surname></persName>
		</author>
		<author>
			<persName xmlns="http://www.tei-c.org/ns/1.0"><forename type="first">D</forename><surname>Christopher</surname></persName>
		</author>
		<author>
			<persName xmlns="http://www.tei-c.org/ns/1.0"><surname>Manning</surname></persName>
		</author>
	</analytic>
	<monogr>
		<title level="m">Proceedings of the 41st Annual Meeting on Association for Computational Linguistics</title>
		<meeting>the 41st Annual Meeting on Association for Computational Linguistics</meeting>
		<imprint>
			<date type="published" when="2003" />
			<biblScope unit="page" from="423" to="430" />
		</imprint>
	</monogr>
	<note>Association for Computational Linguistics</note>
</biblStruct>

<biblStruct >
	<analytic>
		<title level="a" type="main">A sentimental education: sentiment analysis using subjectivity summarization based on minimum cuts</title>
		<author>
			<persName xmlns="http://www.tei-c.org/ns/1.0"><forename type="first">Bo</forename><surname>Pang</surname></persName>
		</author>
		<author>
			<persName xmlns="http://www.tei-c.org/ns/1.0"><forename type="first">Lillian</forename><surname>Lee</surname></persName>
		</author>
	</analytic>
	<monogr>
		<title level="m">Proceedings of the 42nd Annual Meeting on Association for Computational Linguistics, ACL &apos;04</title>
		<meeting>the 42nd Annual Meeting on Association for Computational Linguistics, ACL &apos;04<address><addrLine>Stroudsburg, PA, USA</addrLine></address></meeting>
		<imprint>
			<publisher>Association for Computational Linguistics</publisher>
			<date type="published" when="2004" />
		</imprint>
	</monogr>
</biblStruct>

<biblStruct >
	<analytic>
		<title level="a" type="main">Personal sense and idiolect: Combining authorship attribution and opinion analysis</title>
		<author>
			<persName xmlns="http://www.tei-c.org/ns/1.0"><forename type="first">Polina</forename><surname>Panicheva</surname></persName>
		</author>
		<author>
			<persName xmlns="http://www.tei-c.org/ns/1.0"><forename type="first">John</forename><surname>Cardiff</surname></persName>
		</author>
		<author>
			<persName xmlns="http://www.tei-c.org/ns/1.0"><forename type="first">Paolo</forename><forename type="middle">Rosso</forename></persName>
		</author>
		<author>
			<persName xmlns="http://www.tei-c.org/ns/1.0"><forename type="first">.</forename><forename type="middle">;</forename></persName>
		</author>
		<author>
			<persName xmlns="http://www.tei-c.org/ns/1.0"><forename type="first">Khalid</forename><surname>Choukri</surname></persName>
		</author>
		<author>
			<persName xmlns="http://www.tei-c.org/ns/1.0"><forename type="first">Bente</forename><surname>Maegaard</surname></persName>
		</author>
		<author>
			<persName xmlns="http://www.tei-c.org/ns/1.0"><forename type="first">Joseph</forename><surname>Mariani</surname></persName>
		</author>
	</analytic>
	<monogr>
		<title level="m">Proceedings of the Seventh conference on International Language Resources and Evaluation (LREC&apos;10)</title>
		<meeting>the Seventh conference on International Language Resources and Evaluation (LREC&apos;10)<address><addrLine>Odijk, Stelios Piperidis, Mike Rosner, and Daniel Tapias; Valletta, Malta, may</addrLine></address></meeting>
		<imprint>
			<date type="published" when="2010-01" />
		</imprint>
	</monogr>
	<note>Nicoletta Calzolari (Conference Chair). European Language Resources Association (ELRA</note>
</biblStruct>

<biblStruct >
	<analytic>
		<title level="a" type="main">Multi-interval discretization methods for decision tree learning</title>
		<author>
			<persName xmlns="http://www.tei-c.org/ns/1.0"><forename type="first">Petra</forename><surname>Perner</surname></persName>
		</author>
		<author>
			<persName xmlns="http://www.tei-c.org/ns/1.0"><forename type="first">Sascha</forename><surname>Trautzsch</surname></persName>
		</author>
	</analytic>
	<monogr>
		<title level="m">Advances in Pattern Recognition, Joint IAPR International Workshops SSPR 98 and SPR 98</title>
		<imprint>
			<date type="published" when="1998" />
			<biblScope unit="page" from="475" to="482" />
		</imprint>
	</monogr>
</biblStruct>

<biblStruct >
	<analytic>
		<title level="a" type="main">Automatic vandalism detection in wikipedia</title>
		<author>
			<persName xmlns="http://www.tei-c.org/ns/1.0"><forename type="first">Martin</forename><surname>Potthast</surname></persName>
		</author>
		<author>
			<persName xmlns="http://www.tei-c.org/ns/1.0"><forename type="first">Benno</forename><surname>Stein</surname></persName>
		</author>
		<author>
			<persName xmlns="http://www.tei-c.org/ns/1.0"><forename type="first">Robert</forename><surname>Gerling</surname></persName>
		</author>
	</analytic>
	<monogr>
		<title level="m">ECIR&apos;08: Proceedings of the IR research, 30th European conference on Advances in information retrieval</title>
		<meeting><address><addrLine>Berlin, Heidelberg</addrLine></address></meeting>
		<imprint>
			<publisher>Springer-Verlag</publisher>
			<date type="published" when="2008" />
			<biblScope unit="page" from="663" to="668" />
		</imprint>
	</monogr>
</biblStruct>

<biblStruct >
	<analytic>
		<title level="a" type="main">Overview of the 1st International Competition on Wikipedia Vandalism Detection</title>
		<author>
			<persName xmlns="http://www.tei-c.org/ns/1.0"><forename type="first">Martin</forename><surname>Potthast</surname></persName>
		</author>
		<author>
			<persName xmlns="http://www.tei-c.org/ns/1.0"><forename type="first">Benno</forename><surname>Stein</surname></persName>
		</author>
		<author>
			<persName xmlns="http://www.tei-c.org/ns/1.0"><forename type="first">Teresa</forename><surname>Holfeld</surname></persName>
		</author>
	</analytic>
	<monogr>
		<title level="m">Notebook Papers of CLEF 2010 LABs and Workshops</title>
		<editor>Martin Braschler and Donna Harman</editor>
		<meeting><address><addrLine>Padua, Italy</addrLine></address></meeting>
		<imprint>
			<date type="published" when="2010-09" />
			<biblScope unit="page" from="22" to="23" />
		</imprint>
	</monogr>
</biblStruct>

<biblStruct >
	<analytic>
		<title level="a" type="main">Crowdsourcing a wikipedia vandalism corpus</title>
		<author>
			<persName xmlns="http://www.tei-c.org/ns/1.0"><forename type="first">Martin</forename><surname>Potthast</surname></persName>
		</author>
	</analytic>
	<monogr>
		<title level="m">SIGIR&apos;10</title>
		<imprint>
			<date type="published" when="2010" />
			<biblScope unit="page" from="789" to="790" />
		</imprint>
	</monogr>
</biblStruct>

<biblStruct >
	<analytic>
		<title level="a" type="main">Authorship attribution using probabilistic context-free grammars</title>
		<author>
			<persName xmlns="http://www.tei-c.org/ns/1.0"><forename type="first">Adriana</forename><surname>Sindhu Raghavan</surname></persName>
		</author>
		<author>
			<persName xmlns="http://www.tei-c.org/ns/1.0"><forename type="first">Raymond</forename><surname>Kovashka</surname></persName>
		</author>
		<author>
			<persName xmlns="http://www.tei-c.org/ns/1.0"><surname>Mooney</surname></persName>
		</author>
	</analytic>
	<monogr>
		<title level="m">Proceedings of the ACL</title>
		<meeting>the ACL<address><addrLine>Uppsala, Sweden</addrLine></address></meeting>
		<imprint>
			<publisher>Association for Computational Linguistics</publisher>
			<date type="published" when="2010-07" />
			<biblScope unit="page" from="38" to="42" />
		</imprint>
	</monogr>
</biblStruct>

<biblStruct >
	<analytic>
		<title level="a" type="main">A survey of modern authorship attribution methods</title>
		<author>
			<persName xmlns="http://www.tei-c.org/ns/1.0"><forename type="first">Efstathios</forename><surname>Stamatatos</surname></persName>
		</author>
	</analytic>
	<monogr>
		<title level="j">J. Am. Soc. Inf. Sci. Technol</title>
		<imprint>
			<biblScope unit="volume">60</biblScope>
			<biblScope unit="page" from="538" to="556" />
			<date type="published" when="2009-03" />
		</imprint>
	</monogr>
</biblStruct>

<biblStruct >
	<analytic>
		<title level="a" type="main">The use of textual, grammatical and sociolinguistic evidence in forensic text comparison</title>
		<author>
			<persName xmlns="http://www.tei-c.org/ns/1.0"><forename type="first">M</forename><forename type="middle">Teresa</forename><surname>Turell</surname></persName>
		</author>
	</analytic>
	<monogr>
		<title level="j">International Journal of Speech Language and the Law</title>
		<imprint>
			<biblScope unit="volume">17</biblScope>
			<biblScope unit="issue">2</biblScope>
			<date type="published" when="2010" />
		</imprint>
	</monogr>
</biblStruct>

<biblStruct >
	<analytic>
		<title level="a" type="main">got you!&quot;: Automatic vandalism detection in wikipedia with web-based shallow syntacticsemantic modeling</title>
		<author>
			<persName xmlns="http://www.tei-c.org/ns/1.0"><forename type="first">Yang</forename><surname>William</surname></persName>
		</author>
		<author>
			<persName xmlns="http://www.tei-c.org/ns/1.0"><forename type="first">Kathleen</forename><forename type="middle">R</forename><surname>Wang</surname></persName>
		</author>
		<author>
			<persName xmlns="http://www.tei-c.org/ns/1.0"><surname>Mckeown</surname></persName>
		</author>
	</analytic>
	<monogr>
		<title level="m">23rd International Conference on Computational Linguistics</title>
		<imprint>
			<date type="published" when="2010" />
			<biblScope unit="page" from="1146" to="1154" />
		</imprint>
	</monogr>
</biblStruct>

<biblStruct >
	<analytic>
		<title level="a" type="main">Detecting wikipedia vandalism via spatio-temporal analysis of revision metadata</title>
		<author>
			<persName xmlns="http://www.tei-c.org/ns/1.0"><forename type="first">Andrew</forename><forename type="middle">G</forename><surname>West</surname></persName>
		</author>
		<author>
			<persName xmlns="http://www.tei-c.org/ns/1.0"><forename type="first">Sampath</forename><surname>Kannan</surname></persName>
		</author>
		<author>
			<persName xmlns="http://www.tei-c.org/ns/1.0"><forename type="first">Insup</forename><surname>Lee</surname></persName>
		</author>
	</analytic>
	<monogr>
		<title level="m">EUROSEC &apos;10: Proceedings of the Third European Workshop on System Security</title>
		<meeting><address><addrLine>New York, NY, USA</addrLine></address></meeting>
		<imprint>
			<publisher>ACM</publisher>
			<date type="published" when="2010" />
			<biblScope unit="page" from="22" to="28" />
		</imprint>
	</monogr>
	<note>Wikipedia. 2010. Daily edit statistics</note>
</biblStruct>

			</listBibl>
		</back>
	</text>
</TEI>
