<?xml version="1.0" ?>
<TEI xmlns="http://www.tei-c.org/ns/1.0" xmlns:xlink="http://www.w3.org/1999/xlink" 
 xmlns:mml="http://www.w3.org/1998/Math/MathML">
	<teiHeader>
		<fileDesc xml:id="f_652"/>
	</teiHeader>
	<text>
		<front/>
		<body/>
		<back>
			<listBibl>
<biblStruct >
	<analytic>
		<title level="a" type="main">Age of Acquisition and Imageability Ratings for a Large Set of Words, Including Verbs and Function Words</title>
		<author>
			<persName xmlns="http://www.tei-c.org/ns/1.0"><forename type="first">Helen</forename><surname>Bird</surname></persName>
		</author>
		<author>
			<persName xmlns="http://www.tei-c.org/ns/1.0"><forename type="first">Sue</forename><surname>Franklin</surname></persName>
		</author>
		<author>
			<persName xmlns="http://www.tei-c.org/ns/1.0"><forename type="first">David</forename><surname>Howard</surname></persName>
		</author>
	</analytic>
	<monogr>
		<title level="j">Behavior Research Methods, Instruments, &amp; Computers</title>
		<imprint>
			<biblScope unit="volume">33</biblScope>
			<biblScope unit="page" from="73" to="79" />
			<date type="published" when="2001" />
		</imprint>
	</monogr>
</biblStruct>

<biblStruct >
	<analytic>
		<title level="a" type="main">Random Forests</title>
		<author>
			<persName xmlns="http://www.tei-c.org/ns/1.0"><forename type="first">Leo</forename><surname>Breiman</surname></persName>
		</author>
	</analytic>
	<monogr>
		<title level="j">Machine Learning</title>
		<imprint>
			<biblScope unit="volume">45</biblScope>
			<biblScope unit="issue">1</biblScope>
			<biblScope unit="page" from="5" to="32" />
			<date type="published" when="2001" />
		</imprint>
	</monogr>
</biblStruct>

<biblStruct >
	<analytic>
		<title level="a" type="main">Yahoo! Learning to Rank Challenge Overview</title>
		<author>
			<persName xmlns="http://www.tei-c.org/ns/1.0"><forename type="first">Olivier</forename><surname>Chapelle</surname></persName>
		</author>
		<author>
			<persName xmlns="http://www.tei-c.org/ns/1.0"><forename type="first">Yi</forename><surname>Chang</surname></persName>
		</author>
	</analytic>
	<monogr>
		<title level="m">Workshop and Conference Proceedings</title>
		<imprint>
			<date type="published" when="2011" />
			<biblScope unit="volume">14</biblScope>
			<biblScope unit="page" from="1" to="24" />
		</imprint>
	</monogr>
</biblStruct>

<biblStruct >
	<monogr>
		<title level="m" type="main">Imageability Ratings for 3,000 Monosyllabic Words. Behavior Research Methods, Instruments, and Computers</title>
		<author>
			<persName xmlns="http://www.tei-c.org/ns/1.0"><forename type="first">J</forename><surname>Michael</surname></persName>
		</author>
		<author>
			<persName xmlns="http://www.tei-c.org/ns/1.0"><surname>Cortese</surname></persName>
		</author>
		<imprint>
			<date type="published" when="2004" />
			<biblScope unit="volume">36</biblScope>
			<biblScope unit="page" from="384" to="387" />
		</imprint>
	</monogr>
</biblStruct>

<biblStruct >
	<analytic>
		<title level="a" type="main">Age of Acquisition Ratings for 3,000 Monosyllabic Words</title>
		<author>
			<persName xmlns="http://www.tei-c.org/ns/1.0"><forename type="first">J</forename><surname>Michael</surname></persName>
		</author>
		<author>
			<persName xmlns="http://www.tei-c.org/ns/1.0"><forename type="first">Maya</forename><forename type="middle">M</forename><surname>Cortese</surname></persName>
		</author>
		<author>
			<persName xmlns="http://www.tei-c.org/ns/1.0"><surname>Khana</surname></persName>
		</author>
	</analytic>
	<monogr>
		<title level="j">Behavior Research Methods</title>
		<imprint>
			<biblScope unit="volume">40</biblScope>
			<biblScope unit="page" from="791" to="794" />
			<date type="published" when="2008" />
		</imprint>
	</monogr>
</biblStruct>

<biblStruct >
	<analytic>
		<title level="a" type="main">An Experimental Comparison of Click Position-Bias Models</title>
		<author>
			<persName xmlns="http://www.tei-c.org/ns/1.0"><forename type="first">Nick</forename><surname>Craswell</surname></persName>
		</author>
		<author>
			<persName xmlns="http://www.tei-c.org/ns/1.0"><forename type="first">Onno</forename><surname>Zoeter</surname></persName>
		</author>
		<author>
			<persName xmlns="http://www.tei-c.org/ns/1.0"><forename type="first">Michael</forename><surname>Taylor</surname></persName>
		</author>
	</analytic>
	<monogr>
		<title level="m">First ACM International Conference on Web Search and Data Mining WSDM</title>
		<imprint>
			<date type="published" when="2008" />
		</imprint>
	</monogr>
	<note>Bill Ramsey</note>
</biblStruct>

<biblStruct >
	<analytic>
		<title level="a" type="main">Indexing by Latent Semantic Analysis</title>
		<author>
			<persName xmlns="http://www.tei-c.org/ns/1.0"><forename type="first">Scott</forename><surname>Deerwester</surname></persName>
		</author>
		<author>
			<persName xmlns="http://www.tei-c.org/ns/1.0"><forename type="first">Susan</forename><forename type="middle">T</forename><surname>Dumais</surname></persName>
		</author>
		<author>
			<persName xmlns="http://www.tei-c.org/ns/1.0"><forename type="first">George</forename><forename type="middle">W</forename><surname>Furnas</surname></persName>
		</author>
		<author>
			<persName xmlns="http://www.tei-c.org/ns/1.0"><forename type="first">Thomas</forename><forename type="middle">K</forename><surname>Landauer</surname></persName>
		</author>
		<author>
			<persName xmlns="http://www.tei-c.org/ns/1.0"><forename type="first">Richard</forename><surname>Harshman</surname></persName>
		</author>
	</analytic>
	<monogr>
		<title level="j">Journal of the American Society for Information Science</title>
		<imprint>
			<biblScope unit="volume">41</biblScope>
			<biblScope unit="issue">6</biblScope>
			<biblScope unit="page" from="391" to="407" />
			<date type="published" when="1990" />
		</imprint>
	</monogr>
</biblStruct>

<biblStruct >
	<analytic>
		<title level="a" type="main">Click-words: Learning to Predict Document Keywords from a User Perspective</title>
		<author>
			<persName xmlns="http://www.tei-c.org/ns/1.0"><forename type="first">I</forename><surname>Rezarta</surname></persName>
		</author>
		<author>
			<persName xmlns="http://www.tei-c.org/ns/1.0"><forename type="first">Zhiyong</forename><surname>Do˘ Gan</surname></persName>
		</author>
		<author>
			<persName xmlns="http://www.tei-c.org/ns/1.0"><surname>Lu</surname></persName>
		</author>
	</analytic>
	<monogr>
		<title level="j">Bioinformatics</title>
		<imprint>
			<biblScope unit="volume">26</biblScope>
			<biblScope unit="page" from="2767" to="2775" />
			<date type="published" when="2010" />
		</imprint>
	</monogr>
</biblStruct>

<biblStruct >
	<monogr>
		<title level="m" type="main">WordNet: An Electronic Lexical Database</title>
		<author>
			<persName xmlns="http://www.tei-c.org/ns/1.0"><forename type="first">Christine</forename><surname>Fellbaum</surname></persName>
		</author>
		<imprint>
			<date type="published" when="1998" />
			<publisher>Bradford Books</publisher>
		</imprint>
	</monogr>
</biblStruct>

<biblStruct >
	<analytic>
		<title level="a" type="main">A DecisionTheoretic Generalization of on-Line Learning and an Application to Boosting</title>
		<author>
			<persName xmlns="http://www.tei-c.org/ns/1.0"><forename type="first">Yoav</forename><surname>Freund</surname></persName>
		</author>
		<author>
			<persName xmlns="http://www.tei-c.org/ns/1.0"><forename type="first">Robert</forename><forename type="middle">E</forename><surname>Shapire</surname></persName>
		</author>
	</analytic>
	<monogr>
		<title level="j">Journal of Computer and System Sciences</title>
		<imprint>
			<biblScope unit="volume">55</biblScope>
			<biblScope unit="page" from="119" to="139" />
			<date type="published" when="1995" />
		</imprint>
	</monogr>
</biblStruct>

<biblStruct >
	<monogr>
				<author>
			<persName xmlns="http://www.tei-c.org/ns/1.0"><forename type="first">Mark</forename><surname>Hall</surname></persName>
		</author>
		<author>
			<persName xmlns="http://www.tei-c.org/ns/1.0"><forename type="first">Eibe</forename><surname>Frank</surname></persName>
		</author>
		<author>
			<persName xmlns="http://www.tei-c.org/ns/1.0"><forename type="first">Geoffrey</forename><surname>Holmes</surname></persName>
		</author>
		<author>
			<persName xmlns="http://www.tei-c.org/ns/1.0"><forename type="first">Bernhard</forename><surname>Pfahringer</surname></persName>
		</author>
		<author>
			<persName xmlns="http://www.tei-c.org/ns/1.0"><forename type="first">Peter</forename><surname>Reutemann</surname></persName>
		</author>
		<author>
			<persName xmlns="http://www.tei-c.org/ns/1.0"><forename type="first">Ian</forename><forename type="middle">H</forename><surname>Witten</surname></persName>
		</author>
		<title level="m">The WEKA Data Mining Software: An Update. SIGKDD Explorations</title>
		<imprint>
			<date type="published" when="2009" />
			<biblScope unit="volume">11</biblScope>
		</imprint>
	</monogr>
	<note>Issue 1</note>
</biblStruct>

<biblStruct >
	<monogr>
				<author>
			<persName xmlns="http://www.tei-c.org/ns/1.0"><forename type="first">Thorsten</forename><surname>Joachims</surname></persName>
		</author>
		<author>
			<persName xmlns="http://www.tei-c.org/ns/1.0"><forename type="first">Laura</forename><surname>Granka</surname></persName>
		</author>
		<author>
			<persName xmlns="http://www.tei-c.org/ns/1.0"><forename type="first">Bing</forename><surname>Pan</surname></persName>
		</author>
		<author>
			<persName xmlns="http://www.tei-c.org/ns/1.0"><forename type="first">Helene</forename><surname>Hembrooke</surname></persName>
		</author>
		<author>
			<persName xmlns="http://www.tei-c.org/ns/1.0"><forename type="first">Geri</forename><surname>Gay</surname></persName>
		</author>
		<title level="m">Accurately Interpreting Clickthrough Data as Implicit Feedback. Proceedings of the ACM Conference on Research and Development on Information Retrieval (SIGIR)</title>
		<imprint>
			<date type="published" when="2005" />
		</imprint>
	</monogr>
</biblStruct>

<biblStruct >
	<analytic>
		<title level="a" type="main">Handling Missing Values when Applying Classication Models</title>
		<author>
			<persName xmlns="http://www.tei-c.org/ns/1.0"><forename type="first">Maytal</forename><surname>Saar</surname></persName>
		</author>
		<author>
			<persName xmlns="http://www.tei-c.org/ns/1.0"><forename type="first">-Tsechansky</forename></persName>
		</author>
		<author>
			<persName xmlns="http://www.tei-c.org/ns/1.0"><forename type="first">Foster</forename><surname>Provost</surname></persName>
		</author>
	</analytic>
	<monogr>
		<title level="j">The Journal of Machine Learning Research</title>
		<imprint>
			<biblScope unit="volume">8</biblScope>
			<biblScope unit="page" from="1625" to="1657" />
			<date type="published" when="2007" />
		</imprint>
	</monogr>
</biblStruct>

<biblStruct >
	<analytic>
		<title level="a" type="main">The Bristol Norms for Age of Acquisition</title>
		<author>
			<persName xmlns="http://www.tei-c.org/ns/1.0"><forename type="first">Hans</forename><surname>Stadthagen</surname></persName>
		</author>
		<author>
			<persName xmlns="http://www.tei-c.org/ns/1.0"><forename type="first">-</forename><surname>Gonzalez</surname></persName>
		</author>
		<author>
			<persName xmlns="http://www.tei-c.org/ns/1.0"><forename type="first">Colin</forename><forename type="middle">J</forename><surname>Davis</surname></persName>
		</author>
	</analytic>
	<monogr>
		<title level="j">Imageability and Familiarity. Behavior Research Methods</title>
		<imprint>
			<biblScope unit="volume">38</biblScope>
			<biblScope unit="page" from="598" to="605" />
			<date type="published" when="2006" />
		</imprint>
	</monogr>
</biblStruct>

<biblStruct >
	<analytic>
		<title level="a" type="main">Feature-Rich Part-of-Speech Tagging with a Cyclic Dependency Network</title>
		<author>
			<persName xmlns="http://www.tei-c.org/ns/1.0"><forename type="first">Kristina</forename><surname>Toutanova</surname></persName>
		</author>
		<author>
			<persName xmlns="http://www.tei-c.org/ns/1.0"><forename type="first">Dan</forename><surname>Klein</surname></persName>
		</author>
		<author>
			<persName xmlns="http://www.tei-c.org/ns/1.0"><forename type="first">Christopher</forename><surname>Manning</surname></persName>
		</author>
		<author>
			<persName xmlns="http://www.tei-c.org/ns/1.0"><forename type="first">Yoram</forename><surname>Singer</surname></persName>
		</author>
	</analytic>
	<monogr>
		<title level="m">Proceedings of HLT-NAACL 2003</title>
		<meeting>HLT-NAACL 2003</meeting>
		<imprint>
			<date type="published" when="2003" />
			<biblScope unit="page" from="252" to="259" />
		</imprint>
	</monogr>
</biblStruct>

<biblStruct >
	<analytic>
		<title level="a" type="main">The MRC Psycholinguistic Database: Machine Readable Dictionary, Version 2</title>
		<author>
			<persName xmlns="http://www.tei-c.org/ns/1.0"><forename type="first">D</forename><surname>Michael</surname></persName>
		</author>
		<author>
			<persName xmlns="http://www.tei-c.org/ns/1.0"><surname>Wilson</surname></persName>
		</author>
	</analytic>
	<monogr>
		<title level="j">Behavioural Research Methods, Instruments and Computers</title>
		<imprint>
			<biblScope unit="volume">20</biblScope>
			<biblScope unit="issue">1</biblScope>
			<biblScope unit="page" from="6" to="11" />
			<date type="published" when="1988" />
		</imprint>
	</monogr>
</biblStruct>

			</listBibl>
		</back>
	</text>
</TEI>
