<?xml version="1.0" ?>
<TEI xmlns="http://www.tei-c.org/ns/1.0" xmlns:xlink="http://www.w3.org/1999/xlink" 
 xmlns:mml="http://www.w3.org/1998/Math/MathML">
	<teiHeader>
		<fileDesc xml:id="f_1162"/>
	</teiHeader>
	<text>
		<front/>
		<body/>
		<back>
			<listBibl>
<biblStruct >
	<analytic>
		<title level="a" type="main">Analyzing the structure of argumentative discourse</title>
		<author>
			<persName xmlns="http://www.tei-c.org/ns/1.0"><forename type="first">Robin</forename><surname>Cohen</surname></persName>
		</author>
	</analytic>
	<monogr>
		<title level="j">Computational Linguistics</title>
		<imprint>
			<biblScope unit="volume">13</biblScope>
			<biblScope unit="issue">1-2</biblScope>
			<biblScope unit="page" from="11" to="24" />
			<date type="published" when="1987" />
		</imprint>
	</monogr>
</biblStruct>

<biblStruct >
	<analytic>
		<title level="a" type="main">Conceptual retrieval and case law</title>
		<author>
			<persName xmlns="http://www.tei-c.org/ns/1.0"><forename type="first">Judith</forename><surname>Dick</surname></persName>
		</author>
	</analytic>
	<monogr>
		<title level="m">Proceedings, First International Conference on Artificial Intelligence and Law</title>
		<meeting>First International Conference on Artificial Intelligence and Law<address><addrLine>Boston</addrLine></address></meeting>
		<imprint>
			<date type="published" when="1987-05" />
			<biblScope unit="page" from="106" to="115" />
		</imprint>
	</monogr>
</biblStruct>

<biblStruct >
	<monogr>
		<title level="m" type="main">A Conceptual, Case-relation Representation of Text for Intelligent Retrieval</title>
		<author>
			<persName xmlns="http://www.tei-c.org/ns/1.0"><forename type="first">Judith</forename><surname>Dick</surname></persName>
		</author>
		<imprint>
			<date type="published" when="1991-04" />
		</imprint>
		<respStmt>
			<orgName>Faculty of Library and Information Science, University of Toronto</orgName>
		</respStmt>
	</monogr>
<note type="report_type">Ph.D. thesis</note>
</biblStruct>

<biblStruct >
	<analytic>
		<title level="a" type="main">Representation of legal text for conceptual retrieval</title>
		<author>
			<persName xmlns="http://www.tei-c.org/ns/1.0"><forename type="first">Judith</forename><surname>Dick</surname></persName>
		</author>
	</analytic>
	<monogr>
		<title level="m">Proceedings, Third International Conference on Artificial Intelligence and Law</title>
		<meeting>Third International Conference on Artificial Intelligence and Law<address><addrLine>Oxford</addrLine></address></meeting>
		<imprint>
			<date type="published" when="1991-06" />
			<biblScope unit="page" from="244" to="252" />
		</imprint>
	</monogr>
</biblStruct>

<biblStruct >
	<monogr>
		<title level="m" type="main">Classifying arguments by scheme</title>
		<author>
			<persName xmlns="http://www.tei-c.org/ns/1.0"><forename type="first">Vanessa</forename><forename type="middle">Wei</forename><surname>Feng</surname></persName>
		</author>
		<ptr target="http://ftp.cs.toronto.edu/pub/gh/Feng-MSc-2010.pdf" />
		<imprint>
			<date type="published" when="2010-11" />
		</imprint>
		<respStmt>
			<orgName>Department of Computer Science, University of Toronto</orgName>
		</respStmt>
	</monogr>
<note type="report_type">Technical report</note>
</biblStruct>

<biblStruct >
	<analytic>
		<title level="a" type="main">Inferences, suppositions and explanatory extensions in argument interpretation</title>
		<author>
			<persName xmlns="http://www.tei-c.org/ns/1.0"><forename type="first">Sarah</forename><surname>George</surname></persName>
		</author>
		<author>
			<persName xmlns="http://www.tei-c.org/ns/1.0"><forename type="first">Ingrid</forename><surname>Zukerman</surname></persName>
		</author>
		<author>
			<persName xmlns="http://www.tei-c.org/ns/1.0"><forename type="first">Michael</forename><surname>Niemann</surname></persName>
		</author>
	</analytic>
	<monogr>
		<title level="j">User Modeling and User-Adapted Interaction</title>
		<imprint>
			<biblScope unit="volume">17</biblScope>
			<biblScope unit="issue">5</biblScope>
			<biblScope unit="page" from="439" to="474" />
			<date type="published" when="2007" />
		</imprint>
	</monogr>
</biblStruct>

<biblStruct >
	<analytic>
		<title level="a" type="main">Automatic detection of causal relations for question answering</title>
		<author>
			<persName xmlns="http://www.tei-c.org/ns/1.0"><forename type="first">Roxana</forename><surname>Girju</surname></persName>
		</author>
	</analytic>
	<monogr>
		<title level="m">Proceedings of the ACL 2003 Workshop on Multilingual Summarization and Question Answering</title>
		<meeting>the ACL 2003 Workshop on Multilingual Summarization and Question Answering<address><addrLine>Morristown, NJ, USA</addrLine></address></meeting>
		<imprint>
			<publisher>Association for Computational Linguistics</publisher>
			<date type="published" when="2003" />
			<biblScope unit="page" from="76" to="83" />
		</imprint>
	</monogr>
</biblStruct>

<biblStruct >
	<analytic>
		<title level="a" type="main">The WEKA data mining software: an update</title>
		<author>
			<persName xmlns="http://www.tei-c.org/ns/1.0"><forename type="first">Mark</forename><surname>Hall</surname></persName>
		</author>
		<author>
			<persName xmlns="http://www.tei-c.org/ns/1.0"><forename type="first">Eibe</forename><surname>Frank</surname></persName>
		</author>
		<author>
			<persName xmlns="http://www.tei-c.org/ns/1.0"><forename type="first">Geoffrey</forename><surname>Holmes</surname></persName>
		</author>
		<author>
			<persName xmlns="http://www.tei-c.org/ns/1.0"><forename type="first">Bernhard</forename><surname>Pfahringer</surname></persName>
		</author>
		<author>
			<persName xmlns="http://www.tei-c.org/ns/1.0"><forename type="first">Peter</forename><surname>Reutemann</surname></persName>
		</author>
		<author>
			<persName xmlns="http://www.tei-c.org/ns/1.0"><forename type="first">Ian</forename><forename type="middle">H</forename><surname>Witten</surname></persName>
		</author>
	</analytic>
	<monogr>
		<title level="j">SIGKDD Explorations Newsletter</title>
		<imprint>
			<biblScope unit="volume">11</biblScope>
			<biblScope unit="issue">1</biblScope>
			<biblScope unit="page" from="10" to="18" />
			<date type="published" when="2009" />
		</imprint>
	</monogr>
</biblStruct>

<biblStruct >
	<analytic>
		<title level="a" type="main">Semantic similarity based on corpus statistics and lexical taxonomy</title>
		<author>
			<persName xmlns="http://www.tei-c.org/ns/1.0"><forename type="first">Jay</forename><forename type="middle">J</forename><surname>Jiang</surname></persName>
		</author>
		<author>
			<persName xmlns="http://www.tei-c.org/ns/1.0"><forename type="first">David</forename><forename type="middle">W</forename><surname>Conrath</surname></persName>
		</author>
	</analytic>
	<monogr>
		<title level="m">International Conference Research on Computational Linguistics (ROCLING X)</title>
		<imprint>
			<date type="published" when="1997" />
			<biblScope unit="page" from="19" to="33" />
		</imprint>
	</monogr>
</biblStruct>

<biblStruct >
	<analytic>
		<title level="a" type="main">On argumentation schemes and the natural classification of arguments</title>
		<author>
			<persName xmlns="http://www.tei-c.org/ns/1.0"><forename type="first">Joel</forename><surname>Katzav</surname></persName>
		</author>
		<author>
			<persName xmlns="http://www.tei-c.org/ns/1.0"><forename type="first">Chris</forename><surname>Reed</surname></persName>
		</author>
	</analytic>
	<monogr>
		<title level="j">Argumentation</title>
		<imprint>
			<biblScope unit="volume">18</biblScope>
			<biblScope unit="issue">2</biblScope>
			<biblScope unit="page" from="239" to="259" />
			<date type="published" when="2004" />
		</imprint>
	</monogr>
</biblStruct>

<biblStruct >
	<analytic>
		<title level="a" type="main">Study on the structure of argumentation in case law</title>
		<author>
			<persName xmlns="http://www.tei-c.org/ns/1.0"><forename type="first">Raquel</forename><surname>Mochales</surname></persName>
		</author>
		<author>
			<persName xmlns="http://www.tei-c.org/ns/1.0"><forename type="first">Marie-Francine</forename><surname>Moens</surname></persName>
		</author>
	</analytic>
	<monogr>
		<title level="m">Proceedings of the 2008 Conference on Legal Knowledge and Information Systems</title>
		<meeting>the 2008 Conference on Legal Knowledge and Information Systems<address><addrLine>The Netherlands</addrLine></address></meeting>
		<imprint>
			<publisher>IOS Press</publisher>
			<date type="published" when="2008" />
			<biblScope unit="page" from="11" to="20" />
		</imprint>
	</monogr>
</biblStruct>

<biblStruct >
	<analytic>
		<title level="a" type="main">Argumentation mining: the detection, classification and structure of arguments in text</title>
		<author>
			<persName xmlns="http://www.tei-c.org/ns/1.0"><forename type="first">Raquel</forename><surname>Mochales</surname></persName>
		</author>
		<author>
			<persName xmlns="http://www.tei-c.org/ns/1.0"><forename type="first">Marie-Francine</forename><surname>Moens</surname></persName>
		</author>
	</analytic>
	<monogr>
		<title level="m">ICAIL &apos;09: Proceedings of the 12th International Conference on Artificial Intelligence and Law</title>
		<meeting><address><addrLine>New York, NY, USA</addrLine></address></meeting>
		<imprint>
			<publisher>ACM</publisher>
			<date type="published" when="2009" />
			<biblScope unit="page" from="98" to="107" />
		</imprint>
	</monogr>
</biblStruct>

<biblStruct >
	<analytic>
		<title level="a" type="main">Automatic argumentation detection and its role in law and the semantic web</title>
		<author>
			<persName xmlns="http://www.tei-c.org/ns/1.0"><forename type="first">Raquel</forename><surname>Mochales</surname></persName>
		</author>
		<author>
			<persName xmlns="http://www.tei-c.org/ns/1.0"><forename type="first">Marie-Francine</forename><surname>Moens</surname></persName>
		</author>
	</analytic>
	<monogr>
		<title level="m">Proceedings of the 2009 Conference on Law, Ontologies and the Semantic Web</title>
		<meeting>the 2009 Conference on Law, Ontologies and the Semantic Web<address><addrLine>Amsterdam, The Netherlands</addrLine></address></meeting>
		<imprint>
			<publisher>IOS Press</publisher>
			<date type="published" when="2009" />
			<biblScope unit="page" from="115" to="129" />
		</imprint>
	</monogr>
</biblStruct>

<biblStruct >
	<analytic>
		<title level="a" type="main">Automatic detection of arguments in legal texts</title>
		<author>
			<persName xmlns="http://www.tei-c.org/ns/1.0"><forename type="first">Marie-Francine</forename><surname>Moens</surname></persName>
		</author>
		<author>
			<persName xmlns="http://www.tei-c.org/ns/1.0"><forename type="first">Erik</forename><surname>Boiy</surname></persName>
		</author>
	</analytic>
	<monogr>
		<title level="m">ICAIL &apos;07: Proceedings of the 11th International Conference on Artificial Intelligence and Law</title>
		<meeting><address><addrLine>New York, NY, USA</addrLine></address></meeting>
		<imprint>
			<publisher>ACM</publisher>
			<date type="published" when="2007" />
			<biblScope unit="page" from="225" to="230" />
		</imprint>
	</monogr>
	<note>Raquel Mochales Palau, and Chris Reed</note>
</biblStruct>

<biblStruct >
	<monogr>
		<title level="m" type="main">Cognitive Carpentry: A Blueprint for How to Build a Person</title>
		<author>
			<persName xmlns="http://www.tei-c.org/ns/1.0"><forename type="first">John</forename><forename type="middle">L</forename><surname>Pollock</surname></persName>
		</author>
		<imprint>
			<date type="published" when="1995-05" />
			<publisher>Bradford Books. The MIT Press</publisher>
		</imprint>
	</monogr>
</biblStruct>

<biblStruct >
	<analytic>
		<title level="a" type="main">C4.5: Programs for machine learning</title>
		<author>
			<persName xmlns="http://www.tei-c.org/ns/1.0"><forename type="first">Ross</forename><surname>Quinlan</surname></persName>
		</author>
	</analytic>
	<monogr>
		<title level="j">Machine Learning</title>
		<imprint>
			<biblScope unit="volume">16</biblScope>
			<biblScope unit="issue">3</biblScope>
			<biblScope unit="page" from="235" to="240" />
			<date type="published" when="1993" />
		</imprint>
	</monogr>
</biblStruct>

<biblStruct >
	<analytic>
		<title level="a" type="main">Araucaria: Software for argument analysis, diagramming and representation</title>
		<author>
			<persName xmlns="http://www.tei-c.org/ns/1.0"><forename type="first">Chris</forename><surname>Reed</surname></persName>
		</author>
		<author>
			<persName xmlns="http://www.tei-c.org/ns/1.0"><forename type="first">Glenn</forename><surname>Rowe</surname></persName>
		</author>
	</analytic>
	<monogr>
		<title level="j">International Journal of Artificial Intelligence Tools</title>
		<imprint>
			<biblScope unit="volume">14</biblScope>
			<biblScope unit="page" from="961" to="980" />
			<date type="published" when="2004" />
		</imprint>
	</monogr>
</biblStruct>

<biblStruct >
	<analytic>
		<title level="a" type="main">Argument diagramming: The Araucaria project</title>
		<author>
			<persName xmlns="http://www.tei-c.org/ns/1.0"><forename type="first">Glenn</forename><surname>Rowe</surname></persName>
		</author>
		<author>
			<persName xmlns="http://www.tei-c.org/ns/1.0"><forename type="first">Chris</forename><surname>Reed</surname></persName>
		</author>
	</analytic>
	<monogr>
		<title level="m">Knowledge Cartography</title>
		<meeting><address><addrLine>London</addrLine></address></meeting>
		<imprint>
			<publisher>Springer</publisher>
			<date type="published" when="2008" />
			<biblScope unit="page" from="163" to="181" />
		</imprint>
	</monogr>
</biblStruct>

<biblStruct >
	<monogr>
		<title level="m" type="main">Argumentation, Communication, and Fallacies: A Pragma-Dialectical Perspective</title>
		<author>
			<persName xmlns="http://www.tei-c.org/ns/1.0"><forename type="first">H</forename><surname>Frans</surname></persName>
		</author>
		<author>
			<persName xmlns="http://www.tei-c.org/ns/1.0"><forename type="first">Rob</forename><surname>Van Eemeren</surname></persName>
		</author>
		<author>
			<persName xmlns="http://www.tei-c.org/ns/1.0"><surname>Grootendorst</surname></persName>
		</author>
		<imprint>
			<date type="published" when="1992" />
		</imprint>
	</monogr>
	<note>Routledge</note>
</biblStruct>

<biblStruct >
	<analytic>
		<title level="a" type="main">Argumentation schemes and defeasible inferences</title>
		<author>
			<persName xmlns="http://www.tei-c.org/ns/1.0"><forename type="first">Douglas</forename><surname>Walton</surname></persName>
		</author>
		<author>
			<persName xmlns="http://www.tei-c.org/ns/1.0"><forename type="first">Chris</forename><surname>Reed</surname></persName>
		</author>
	</analytic>
	<monogr>
		<title level="m">Workshop on Computational Models of Natural Argument</title>
		<imprint>
			<date type="published" when="2002" />
			<biblScope unit="page">15</biblScope>
		</imprint>
	</monogr>
</biblStruct>

<biblStruct >
	<monogr>
				<title level="m">European Conference on Artificial Intelligence</title>
		<meeting><address><addrLine>Amsterdam, The Netherlands</addrLine></address></meeting>
		<imprint>
			<publisher>IOS Press</publisher>
			<biblScope unit="page" from="11" to="20" />
		</imprint>
	</monogr>
</biblStruct>

<biblStruct >
	<monogr>
		<title level="m" type="main">Argumentation Schemes</title>
		<author>
			<persName xmlns="http://www.tei-c.org/ns/1.0"><forename type="first">Douglas</forename><surname>Walton</surname></persName>
		</author>
		<author>
			<persName xmlns="http://www.tei-c.org/ns/1.0"><forename type="first">Chris</forename><surname>Reed</surname></persName>
		</author>
		<author>
			<persName xmlns="http://www.tei-c.org/ns/1.0"><forename type="first">Fabrizio</forename><surname>Macagno</surname></persName>
		</author>
		<imprint>
			<date type="published" when="2008" />
			<publisher>Cambridge University Press</publisher>
		</imprint>
	</monogr>
</biblStruct>

			</listBibl>
		</back>
	</text>
</TEI>
