<?xml version="1.0" ?>
<TEI xmlns="http://www.tei-c.org/ns/1.0" xmlns:xlink="http://www.w3.org/1999/xlink" 
 xmlns:mml="http://www.w3.org/1998/Math/MathML">
	<teiHeader>
		<fileDesc xml:id="f_1561"/>
	</teiHeader>
	<text>
		<front/>
		<body/>
		<back>
			<listBibl>
<biblStruct >
	<analytic>
		<title level="a" type="main">A hierarchical phrase-based model for statistical machine translation</title>
		<author>
			<persName xmlns="http://www.tei-c.org/ns/1.0"><forename type="first">Chiang</forename><surname>David</surname></persName>
		</author>
	</analytic>
	<monogr>
		<title level="m">Proc. of ACL2005</title>
		<meeting>of ACL2005</meeting>
		<imprint>
			<date type="published" when="2005" />
			<biblScope unit="page" from="263" to="270" />
		</imprint>
	</monogr>
</biblStruct>

<biblStruct >
	<analytic>
		<title level="a" type="main">Learning to translate with source and target syntax</title>
		<author>
			<persName xmlns="http://www.tei-c.org/ns/1.0"><forename type="first">Chiang</forename><surname>David</surname></persName>
		</author>
	</analytic>
	<monogr>
		<title level="m">Proc. of ACL2010</title>
		<meeting>of ACL2010</meeting>
		<imprint>
			<date type="published" when="2010" />
			<biblScope unit="page" from="1443" to="1452" />
		</imprint>
	</monogr>
</biblStruct>

<biblStruct >
	<analytic>
		<title level="a" type="main">001 new features for statistical machine translation</title>
		<author>
			<persName xmlns="http://www.tei-c.org/ns/1.0"><forename type="first">Chiang</forename><surname>David</surname></persName>
		</author>
		<author>
			<persName xmlns="http://www.tei-c.org/ns/1.0"><forename type="first">Kevin</forename><surname>Knight</surname></persName>
		</author>
		<author>
			<persName xmlns="http://www.tei-c.org/ns/1.0"><forename type="first">Wei</forename><surname>Wang</surname></persName>
		</author>
	</analytic>
	<monogr>
		<title level="m">Proc. of NAACL2009</title>
		<meeting>of NAACL2009</meeting>
		<imprint>
			<date type="published" when="2009" />
			<biblScope unit="volume">11</biblScope>
			<biblScope unit="page" from="218" to="226" />
		</imprint>
	</monogr>
</biblStruct>

<biblStruct >
	<analytic>
		<title level="a" type="main">Learning non-isomorphic tree mappings for machine translation</title>
		<author>
			<persName xmlns="http://www.tei-c.org/ns/1.0"><surname>Eisner Jason</surname></persName>
		</author>
	</analytic>
	<monogr>
		<title level="m">Proc. of ACL</title>
		<meeting>of ACL</meeting>
		<imprint>
			<date type="published" when="2003" />
			<biblScope unit="page" from="205" to="208" />
		</imprint>
	</monogr>
</biblStruct>

<biblStruct >
	<analytic>
		<title level="a" type="main">What&apos;s in a translation rule</title>
		<author>
			<persName xmlns="http://www.tei-c.org/ns/1.0"><forename type="first">Galley</forename><surname>Michel</surname></persName>
		</author>
		<author>
			<persName xmlns="http://www.tei-c.org/ns/1.0"><forename type="first">Mark</forename><surname>Hopkins</surname></persName>
		</author>
		<author>
			<persName xmlns="http://www.tei-c.org/ns/1.0"><forename type="first">Kevin</forename><surname>Knight</surname></persName>
		</author>
		<author>
			<persName xmlns="http://www.tei-c.org/ns/1.0"><forename type="first">Daniel</forename><surname>Marcu</surname></persName>
		</author>
	</analytic>
	<monogr>
		<title level="m">Proc. of HLT-NAACL</title>
		<meeting>of HLT-NAACL</meeting>
		<imprint>
			<date type="published" when="2004" />
			<biblScope unit="page" from="273" to="280" />
		</imprint>
	</monogr>
</biblStruct>

<biblStruct >
	<analytic>
		<title level="a" type="main">Binarization, synchronous binarization and target-side binarization</title>
		<author>
			<persName xmlns="http://www.tei-c.org/ns/1.0"><forename type="first">Huang</forename><surname>Liang</surname></persName>
		</author>
	</analytic>
	<monogr>
		<title level="m">Proc. of NAACL Workshop on Syntax and Structure in Statistical Translation</title>
		<meeting>of NAACL Workshop on Syntax and Structure in Statistical Translation</meeting>
		<imprint>
			<date type="published" when="2007" />
		</imprint>
	</monogr>
</biblStruct>

<biblStruct >
	<analytic>
		<title level="a" type="main">Forest rescoring: Faster decoding with integrated language models</title>
		<author>
			<persName xmlns="http://www.tei-c.org/ns/1.0"><forename type="first">Huang</forename><surname>Liang</surname></persName>
		</author>
		<author>
			<persName xmlns="http://www.tei-c.org/ns/1.0"><forename type="first">David</forename><surname>Chiang</surname></persName>
		</author>
	</analytic>
	<monogr>
		<title level="m">Proc. of ACL</title>
		<meeting>of ACL</meeting>
		<imprint>
			<date type="published" when="2007" />
			<biblScope unit="page" from="144" to="151" />
		</imprint>
	</monogr>
</biblStruct>

<biblStruct >
	<analytic>
		<title level="a" type="main">Statistical syntax-directed translation with extended domain of locality</title>
		<author>
			<persName xmlns="http://www.tei-c.org/ns/1.0"><forename type="first">Huang</forename><surname>Liang</surname></persName>
		</author>
		<author>
			<persName xmlns="http://www.tei-c.org/ns/1.0"><forename type="first">Kevin</forename><surname>Knight</surname></persName>
		</author>
		<author>
			<persName xmlns="http://www.tei-c.org/ns/1.0"><forename type="first">Aravind</forename><surname>Joshi</surname></persName>
		</author>
	</analytic>
	<monogr>
		<title level="m">Proc. of AMTA</title>
		<meeting>of AMTA</meeting>
		<imprint>
			<date type="published" when="2006" />
			<biblScope unit="page" from="66" to="73" />
		</imprint>
	</monogr>
</biblStruct>

<biblStruct >
	<analytic>
		<title level="a" type="main">Soft syntactic constraints for hierarchical phrase-based translation using latent syntactic distribution</title>
		<author>
			<persName xmlns="http://www.tei-c.org/ns/1.0"><forename type="first">Huang</forename><surname>Zhongqiang</surname></persName>
		</author>
		<author>
			<persName xmlns="http://www.tei-c.org/ns/1.0"><forename type="first">Martin</forename><surname>Cmejrek</surname></persName>
		</author>
		<author>
			<persName xmlns="http://www.tei-c.org/ns/1.0"><forename type="first">Bowen</forename><surname>Zhou</surname></persName>
		</author>
	</analytic>
	<monogr>
		<title level="m">Proc. of EMNLP2010</title>
		<meeting>of EMNLP2010</meeting>
		<imprint>
			<date type="published" when="2010" />
			<biblScope unit="page" from="138" to="147" />
		</imprint>
	</monogr>
</biblStruct>

<biblStruct >
	<analytic>
		<title level="a" type="main">Statistical Significance Tests for Machine Translation Evaluation</title>
		<author>
			<persName xmlns="http://www.tei-c.org/ns/1.0"><forename type="first">Koehn</forename><surname>Philipp</surname></persName>
		</author>
	</analytic>
	<monogr>
		<title level="m">Proc. of EMNLP</title>
		<meeting>of EMNLP</meeting>
		<imprint>
			<date type="published" when="2004" />
			<biblScope unit="page" from="388" to="395" />
		</imprint>
	</monogr>
</biblStruct>

<biblStruct >
	<analytic>
		<title level="a" type="main">Joint parsing and translation</title>
		<author>
			<persName xmlns="http://www.tei-c.org/ns/1.0"><forename type="first">Liu</forename><surname>Yang</surname></persName>
		</author>
		<author>
			<persName xmlns="http://www.tei-c.org/ns/1.0"><forename type="first">Qun</forename><surname>Liu</surname></persName>
		</author>
	</analytic>
	<monogr>
		<title level="m">Proc. of Coling2010</title>
		<meeting>of Coling2010</meeting>
		<imprint>
			<date type="published" when="2010" />
			<biblScope unit="page" from="707" to="715" />
		</imprint>
	</monogr>
</biblStruct>

<biblStruct >
	<analytic>
		<title level="a" type="main">Tree-tostring alignment template for statistical machine translation</title>
		<author>
			<persName xmlns="http://www.tei-c.org/ns/1.0"><forename type="first">Liu</forename><surname>Yang</surname></persName>
		</author>
		<author>
			<persName xmlns="http://www.tei-c.org/ns/1.0"><forename type="first">Qun</forename><surname>Liu</surname></persName>
		</author>
		<author>
			<persName xmlns="http://www.tei-c.org/ns/1.0"><forename type="first">Shouxun</forename><surname>Lin</surname></persName>
		</author>
	</analytic>
	<monogr>
		<title level="m">Proc. of COLING/ACL</title>
		<meeting>of COLING/ACL</meeting>
		<imprint>
			<date type="published" when="2006" />
			<biblScope unit="page" from="609" to="616" />
		</imprint>
	</monogr>
</biblStruct>

<biblStruct >
	<analytic>
		<title level="a" type="main">SPMT: Statistical machine translation with syntactified target language phrases</title>
		<author>
			<persName xmlns="http://www.tei-c.org/ns/1.0"><forename type="first">Marcu</forename><surname>Daniel</surname></persName>
		</author>
		<author>
			<persName xmlns="http://www.tei-c.org/ns/1.0"><forename type="first">Wei</forename><surname>Wang</surname></persName>
		</author>
	</analytic>
	<monogr>
		<title level="m">Proc. of EMNLP</title>
		<meeting>of EMNLP</meeting>
		<imprint>
			<date type="published" when="2006" />
			<biblScope unit="page" from="44" to="52" />
		</imprint>
	</monogr>
	<note>Abdessamad Echihabi and Kevin Knight</note>
</biblStruct>

<biblStruct >
	<analytic>
		<title level="a" type="main">Soft syntactic constraints for hierarchical phrase-based translation</title>
		<author>
			<persName xmlns="http://www.tei-c.org/ns/1.0"><forename type="first">Marton</forename><surname>Yuval</surname></persName>
		</author>
		<author>
			<persName xmlns="http://www.tei-c.org/ns/1.0"><forename type="first">Philip</forename><surname>Resnik</surname></persName>
		</author>
	</analytic>
	<monogr>
		<title level="m">Proc. of ACL08</title>
		<meeting>of ACL08</meeting>
		<imprint>
			<date type="published" when="2008" />
			<biblScope unit="page" from="1003" to="1011" />
		</imprint>
	</monogr>
</biblStruct>

<biblStruct >
	<analytic>
		<title level="a" type="main">Forest-based Translation Rule Extraction</title>
		<author>
			<persName xmlns="http://www.tei-c.org/ns/1.0"><forename type="first">Mi</forename><surname>Haitao</surname></persName>
		</author>
		<author>
			<persName xmlns="http://www.tei-c.org/ns/1.0"><forename type="first">Liang</forename><surname>Huang</surname></persName>
		</author>
	</analytic>
	<monogr>
		<title level="m">Proc. of EMNLP</title>
		<meeting>of EMNLP</meeting>
		<imprint>
			<date type="published" when="2008" />
			<biblScope unit="page" from="206" to="214" />
		</imprint>
	</monogr>
</biblStruct>

<biblStruct >
	<analytic>
		<title level="a" type="main">Forestbased translation</title>
		<author>
			<persName xmlns="http://www.tei-c.org/ns/1.0"><forename type="first">Mi</forename><surname>Haitao</surname></persName>
		</author>
		<author>
			<persName xmlns="http://www.tei-c.org/ns/1.0"><forename type="first">Liang</forename><surname>Huang</surname></persName>
		</author>
		<author>
			<persName xmlns="http://www.tei-c.org/ns/1.0"><forename type="first">Qun</forename><surname>Liu</surname></persName>
		</author>
	</analytic>
	<monogr>
		<title level="m">Proc. of ACL2008</title>
		<meeting>of ACL2008</meeting>
		<imprint>
			<date type="published" when="2008" />
		</imprint>
	</monogr>
</biblStruct>

<biblStruct >
	<analytic>
		<title level="a" type="main">Minimum error rate training in statistical machine translation</title>
		<author>
			<persName xmlns="http://www.tei-c.org/ns/1.0"><forename type="first">Josef</forename><surname>Och Franz</surname></persName>
		</author>
	</analytic>
	<monogr>
		<title level="m">Proc. of ACL2003</title>
		<meeting>of ACL2003</meeting>
		<imprint>
			<date type="published" when="2003" />
		</imprint>
	</monogr>
</biblStruct>

<biblStruct >
	<analytic>
		<title level="a" type="main">Learning accurate, compact, and interpretable tree annotation</title>
		<author>
			<persName xmlns="http://www.tei-c.org/ns/1.0"><forename type="first">Petrov</forename><surname>Slav</surname></persName>
		</author>
		<author>
			<persName xmlns="http://www.tei-c.org/ns/1.0"><forename type="first">Leon</forename><surname>Barrett</surname></persName>
		</author>
		<author>
			<persName xmlns="http://www.tei-c.org/ns/1.0"><forename type="first">Roman</forename><surname>Thibaux</surname></persName>
		</author>
		<author>
			<persName xmlns="http://www.tei-c.org/ns/1.0"><forename type="first">Dan</forename><surname>Klein</surname></persName>
		</author>
	</analytic>
	<monogr>
		<title level="m">Proc. of ACL2006</title>
		<meeting>of ACL2006</meeting>
		<imprint>
			<date type="published" when="2006" />
			<biblScope unit="page" from="433" to="440" />
		</imprint>
	</monogr>
</biblStruct>

<biblStruct >
	<analytic>
		<title level="a" type="main">An empirical study of translation rule extraction with multiple parsers</title>
		<author>
			<persName xmlns="http://www.tei-c.org/ns/1.0"><forename type="first">Xiao</forename><surname>Tong</surname></persName>
		</author>
		<author>
			<persName xmlns="http://www.tei-c.org/ns/1.0"><forename type="first">Jingbo</forename><surname>Zhu</surname></persName>
		</author>
		<author>
			<persName xmlns="http://www.tei-c.org/ns/1.0"><forename type="first">Hao</forename><surname>Zhang</surname></persName>
		</author>
		<author>
			<persName xmlns="http://www.tei-c.org/ns/1.0"><forename type="first">Muhua</forename><surname>Zhu</surname></persName>
		</author>
	</analytic>
	<monogr>
		<title level="m">Proc. of Coling2010</title>
		<meeting>of Coling2010</meeting>
		<imprint>
			<date type="published" when="2010" />
			<biblScope unit="page" from="1345" to="1353" />
		</imprint>
	</monogr>
</biblStruct>

<biblStruct >
	<analytic>
		<title level="a" type="main">Preference grammars: softening syntactic constraints to improve statistical machine translation</title>
		<author>
			<persName xmlns="http://www.tei-c.org/ns/1.0"><forename type="first">Venugopal</forename><surname>Ashish</surname></persName>
		</author>
		<author>
			<persName xmlns="http://www.tei-c.org/ns/1.0"><forename type="first">Andreas</forename><surname>Zollmann</surname></persName>
		</author>
		<author>
			<persName xmlns="http://www.tei-c.org/ns/1.0"><forename type="first">Noah</forename><forename type="middle">A</forename><surname>Smith</surname></persName>
		</author>
		<author>
			<persName xmlns="http://www.tei-c.org/ns/1.0"><forename type="first">Stephan</forename><surname>Vogel</surname></persName>
		</author>
	</analytic>
	<monogr>
		<title level="m">Proc. of NAACL2009</title>
		<meeting>of NAACL2009</meeting>
		<imprint>
			<date type="published" when="2009" />
			<biblScope unit="page" from="236" to="244" />
		</imprint>
	</monogr>
</biblStruct>

<biblStruct >
	<analytic>
		<title level="a" type="main">Forest-based tree sequence to string translation model</title>
		<author>
			<persName xmlns="http://www.tei-c.org/ns/1.0"><forename type="first">Zhang</forename><surname>Hui</surname></persName>
		</author>
		<author>
			<persName xmlns="http://www.tei-c.org/ns/1.0"><forename type="first">Min</forename><surname>Zhang</surname></persName>
		</author>
		<author>
			<persName xmlns="http://www.tei-c.org/ns/1.0"><forename type="first">Haizhou</forename><surname>Li</surname></persName>
		</author>
		<author>
			<persName xmlns="http://www.tei-c.org/ns/1.0"><forename type="first">Aiti</forename><surname>Aw</surname></persName>
		</author>
		<author>
			<persName xmlns="http://www.tei-c.org/ns/1.0"><surname>Chew Lim Tan</surname></persName>
		</author>
	</analytic>
	<monogr>
		<title level="m">Proc. of ACL-IJCNLP2009</title>
		<meeting>of ACL-IJCNLP2009</meeting>
		<imprint>
			<date type="published" when="2009" />
			<biblScope unit="page" from="172" to="180" />
		</imprint>
	</monogr>
</biblStruct>

			</listBibl>
		</back>
	</text>
</TEI>
