<?xml version="1.0" ?>
<TEI xmlns="http://www.tei-c.org/ns/1.0" xmlns:xlink="http://www.w3.org/1999/xlink" 
 xmlns:mml="http://www.w3.org/1998/Math/MathML">
	<teiHeader>
		<fileDesc xml:id="f_2168"/>
	</teiHeader>
	<text>
		<front/>
		<body/>
		<back>
			<listBibl>
<biblStruct >
	<monogr>
		<title level="m" type="main">Automatic acquisition of gender information for anaphora resolution</title>
		<author>
			<persName xmlns="http://www.tei-c.org/ns/1.0"><forename type="first">S</forename><surname>Bergsma</surname></persName>
		</author>
		<imprint>
			<date type="published" when="2005" />
			<publisher>Springer</publisher>
			<biblScope unit="page">342353</biblScope>
		</imprint>
	</monogr>
</biblStruct>

<biblStruct >
	<analytic>
		<title level="a" type="main">Em works for pronoun anaphora resolution</title>
		<author>
			<persName xmlns="http://www.tei-c.org/ns/1.0"><forename type="first">Eugene</forename><surname>Charniak</surname></persName>
		</author>
		<author>
			<persName xmlns="http://www.tei-c.org/ns/1.0"><forename type="first">Micha</forename><surname>Elsner</surname></persName>
		</author>
	</analytic>
	<monogr>
		<title level="m">Proceedings of the Conference of the European Chapter of the Association for Computational Linguistics (EACL-09)</title>
		<meeting>the Conference of the European Chapter of the Association for Computational Linguistics (EACL-09)<address><addrLine>Athens, Greece</addrLine></address></meeting>
		<imprint>
			<date type="published" when="2009" />
		</imprint>
	</monogr>
</biblStruct>

<biblStruct >
	<monogr>
				<author>
			<persName xmlns="http://www.tei-c.org/ns/1.0"><forename type="first">Noam</forename><surname>Chomsky</surname></persName>
		</author>
		<title level="m">Lectures on government and binding. Foris, Dordercht</title>
		<imprint>
			<date type="published" when="1981" />
		</imprint>
	</monogr>
</biblStruct>

<biblStruct >
	<analytic>
		<title level="a" type="main">In search of referents for nouns and pronouns</title>
		<author>
			<persName xmlns="http://www.tei-c.org/ns/1.0"><forename type="first">H</forename><forename type="middle">H</forename><surname>Clark</surname></persName>
		</author>
	</analytic>
	<monogr>
		<title level="j">Memory &amp; Cognition</title>
		<imprint>
			<biblScope unit="volume">7</biblScope>
			<biblScope unit="issue">1</biblScope>
			<biblScope unit="page" from="35" to="41" />
			<date type="published" when="1979" />
		</imprint>
	</monogr>
</biblStruct>

<biblStruct >
	<analytic>
		<title level="a" type="main">A ranking approach to pronoun resolution</title>
		<author>
			<persName xmlns="http://www.tei-c.org/ns/1.0"><forename type="first">P</forename><surname>Denis</surname></persName>
		</author>
		<author>
			<persName xmlns="http://www.tei-c.org/ns/1.0"><forename type="first">J</forename><surname>Baldridge</surname></persName>
		</author>
	</analytic>
	<monogr>
		<title level="m">Proc. IJCAI</title>
		<meeting>IJCAI</meeting>
		<imprint>
			<date type="published" when="2007" />
		</imprint>
	</monogr>
</biblStruct>

<biblStruct >
	<analytic>
		<title level="a" type="main">Jointly labeling multiple sequences: a factorial HMM approach</title>
		<author>
			<persName xmlns="http://www.tei-c.org/ns/1.0"><forename type="first">Kevin</forename><surname>Duh</surname></persName>
		</author>
	</analytic>
	<monogr>
		<title level="m">ACL &apos;05: Proceedings of the ACL Student Research Workshop</title>
		<meeting><address><addrLine>Ann Arbor, Michigan</addrLine></address></meeting>
		<imprint>
			<date type="published" when="2005" />
			<biblScope unit="page" from="19" to="24" />
		</imprint>
	</monogr>
</biblStruct>

<biblStruct >
	<analytic>
		<title level="a" type="main">Factorial hidden markov models</title>
		<author>
			<persName xmlns="http://www.tei-c.org/ns/1.0"><forename type="first">Zoubin</forename><surname>Ghahramani</surname></persName>
		</author>
		<author>
			<persName xmlns="http://www.tei-c.org/ns/1.0"><forename type="first">Michael</forename><forename type="middle">I</forename><surname>Jordan</surname></persName>
		</author>
	</analytic>
	<monogr>
		<title level="m">Machine Learning</title>
		<imprint>
			<date type="published" when="1997" />
			<biblScope unit="volume">29</biblScope>
			<biblScope unit="page" from="1" to="31" />
		</imprint>
	</monogr>
</biblStruct>

<biblStruct >
	<analytic>
		<title level="a" type="main">Unsupervised coreference resolution in a nonparametric bayesian model</title>
		<author>
			<persName xmlns="http://www.tei-c.org/ns/1.0"><forename type="first">A</forename><surname>Haghighi</surname></persName>
		</author>
		<author>
			<persName xmlns="http://www.tei-c.org/ns/1.0"><forename type="first">D</forename><surname>Klein</surname></persName>
		</author>
	</analytic>
	<monogr>
		<title level="m">Proceedings of the 45th annual meeting on Association for Computational Linguistics</title>
		<meeting>the 45th annual meeting on Association for Computational Linguistics</meeting>
		<imprint>
			<date type="published" when="2007" />
			<biblScope unit="page">848</biblScope>
		</imprint>
	</monogr>
</biblStruct>

<biblStruct >
	<analytic>
		<title level="a" type="main">Simple coreference resolution with rich syntactic and semantic features</title>
		<author>
			<persName xmlns="http://www.tei-c.org/ns/1.0"><forename type="first">A</forename><surname>Haghighi</surname></persName>
		</author>
		<author>
			<persName xmlns="http://www.tei-c.org/ns/1.0"><forename type="first">D</forename><surname>Klein</surname></persName>
		</author>
	</analytic>
	<monogr>
		<title level="m">Proceedings of the 2009 Conference on Empirical Methods in Natural Language Processing</title>
		<meeting>the 2009 Conference on Empirical Methods in Natural Language Processing</meeting>
		<imprint>
			<date type="published" when="2009" />
			<biblScope unit="volume">3</biblScope>
			<biblScope unit="page" from="1152" to="1161" />
		</imprint>
	</monogr>
	<note>Association for Computational Linguistics</note>
</biblStruct>

<biblStruct >
	<analytic>
		<title level="a" type="main">Coreference resolution in a modular, entity-centered model</title>
		<author>
			<persName xmlns="http://www.tei-c.org/ns/1.0"><forename type="first">A</forename><surname>Haghighi</surname></persName>
		</author>
		<author>
			<persName xmlns="http://www.tei-c.org/ns/1.0"><forename type="first">D</forename><surname>Klein</surname></persName>
		</author>
	</analytic>
	<monogr>
		<title level="m">Human Language Technologies: The 2010 Annual Conference of the North American Chapter of the Association for Computational Linguistics</title>
		<imprint>
			<date type="published" when="2010" />
			<biblScope unit="page" from="385" to="393" />
		</imprint>
	</monogr>
	<note>Association for Computational Linguistics</note>
</biblStruct>

<biblStruct >
	<analytic>
		<title level="a" type="main">NPs for events: Experiments in coreference annotation</title>
		<author>
			<persName xmlns="http://www.tei-c.org/ns/1.0"><forename type="first">L</forename><surname>Hasler</surname></persName>
		</author>
		<author>
			<persName xmlns="http://www.tei-c.org/ns/1.0"><forename type="first">C</forename><surname>Orasan</surname></persName>
		</author>
		<author>
			<persName xmlns="http://www.tei-c.org/ns/1.0"><forename type="first">K</forename><surname>Naumann</surname></persName>
		</author>
	</analytic>
	<monogr>
		<title level="m">Proceedings of the 5th edition of the International Conference on Language Resources and Evaluation (LREC2006)</title>
		<meeting>the 5th edition of the International Conference on Language Resources and Evaluation (LREC2006)</meeting>
		<imprint>
			<publisher>Citeseer</publisher>
			<date type="published" when="2006" />
			<biblScope unit="page" from="1167" to="1172" />
		</imprint>
	</monogr>
</biblStruct>

<biblStruct >
	<analytic>
		<title level="a" type="main">Accurate unlexicalized parsing</title>
		<author>
			<persName xmlns="http://www.tei-c.org/ns/1.0"><forename type="first">Dan</forename><surname>Klein</surname></persName>
		</author>
		<author>
			<persName xmlns="http://www.tei-c.org/ns/1.0"><forename type="first">Christopher</forename><forename type="middle">D</forename><surname>Manning</surname></persName>
		</author>
	</analytic>
	<monogr>
		<title level="m">Proceedings of the 41st</title>
		<meeting>the 41st</meeting>
		<imprint>
			<date type="published" when="2003" />
		</imprint>
	</monogr>
</biblStruct>

<biblStruct >
	<monogr>
				<title level="m">Annual Meeting of the Association for Computational Linguistics</title>
		<meeting><address><addrLine>Sapporo, Japan</addrLine></address></meeting>
		<imprint>
			<biblScope unit="page" from="423" to="430" />
		</imprint>
	</monogr>
</biblStruct>

<biblStruct >
	<monogr>
		<title level="m" type="main">On coreference resolution performance metrics</title>
		<author>
			<persName xmlns="http://www.tei-c.org/ns/1.0"><forename type="first">X</forename><surname>Luo</surname></persName>
		</author>
		<imprint>
			<date type="published" when="2005" />
			<publisher>Association for Computational Linguistics</publisher>
			<biblScope unit="page" from="25" to="32" />
			<pubPlace>Morristown, NJ, USA</pubPlace>
		</imprint>
	</monogr>
</biblStruct>

<biblStruct >
	<analytic>
		<title level="a" type="main">Toward conditional models of identity uncertainty with application to proper noun coreference</title>
		<author>
			<persName xmlns="http://www.tei-c.org/ns/1.0"><forename type="first">A</forename><surname>Mccallum</surname></persName>
		</author>
		<author>
			<persName xmlns="http://www.tei-c.org/ns/1.0"><forename type="first">B</forename><surname>Wellner</surname></persName>
		</author>
	</analytic>
	<monogr>
		<title level="m">IJCAI Workshop on Information Integration on the Web</title>
		<imprint>
			<publisher>Citeseer</publisher>
			<date type="published" when="2003" />
		</imprint>
	</monogr>
</biblStruct>

<biblStruct >
	<monogr>
				<author>
			<persName xmlns="http://www.tei-c.org/ns/1.0"><forename type="first">David</forename><surname>Mcclosky</surname></persName>
		</author>
		<author>
			<persName xmlns="http://www.tei-c.org/ns/1.0"><forename type="first">Eugene</forename><surname>Charniak</surname></persName>
		</author>
		<author>
			<persName xmlns="http://www.tei-c.org/ns/1.0"><forename type="first">Mark</forename><surname>Johnson</surname></persName>
		</author>
		<title level="m">BLLIP North American News Text, Complete. Linguistic Data Consortium. LDC2008T13</title>
		<imprint>
			<date type="published" when="2008" />
		</imprint>
	</monogr>
</biblStruct>

<biblStruct >
	<analytic>
		<title level="a" type="main">Coreference for NLP applications</title>
		<author>
			<persName xmlns="http://www.tei-c.org/ns/1.0"><forename type="first">T</forename><forename type="middle">S</forename><surname>Morton</surname></persName>
		</author>
	</analytic>
	<monogr>
		<title level="m">Proceedings of the 38th Annual Meeting on Association for Computational Linguistics</title>
		<meeting>the 38th Annual Meeting on Association for Computational Linguistics</meeting>
		<imprint>
			<publisher>Association for Computational Linguistics</publisher>
			<date type="published" when="2000" />
			<biblScope unit="page" from="173" to="180" />
		</imprint>
	</monogr>
</biblStruct>

<biblStruct >
	<analytic>
		<title level="a" type="main">Unsupervised models for coreference resolution</title>
		<author>
			<persName xmlns="http://www.tei-c.org/ns/1.0"><forename type="first">V</forename><surname>Ng</surname></persName>
		</author>
	</analytic>
	<monogr>
		<title level="m">Proceedings of the Conference on Empirical Methods in Natural Language Processing</title>
		<meeting>the Conference on Empirical Methods in Natural Language Processing</meeting>
		<imprint>
			<publisher>Association for Computational Linguistics</publisher>
			<date type="published" when="2008" />
			<biblScope unit="page" from="640" to="649" />
		</imprint>
	</monogr>
</biblStruct>

<biblStruct >
	<monogr>
				<author>
			<persName xmlns="http://www.tei-c.org/ns/1.0"><forename type="first">U</forename><forename type="middle">S</forename><surname>Nist</surname></persName>
		</author>
		<title level="m">The ACE 2003 Evaluation Plan. US National Institute for Standards and Technology (NIST)</title>
		<meeting><address><addrLine>Gaithersburg, MD</addrLine></address></meeting>
		<imprint>
			<date type="published" when="2003" />
			<biblScope unit="page" from="2003" to="2011" />
		</imprint>
	</monogr>
</biblStruct>

<biblStruct >
	<monogr>
		<title level="m" type="main">A public reference implementation of the rap anaphora resolution algorithm</title>
		<author>
			<persName xmlns="http://www.tei-c.org/ns/1.0"><forename type="first">L</forename><surname>Qiu</surname></persName>
		</author>
		<author>
			<persName xmlns="http://www.tei-c.org/ns/1.0"><forename type="first">M</forename><forename type="middle">Y</forename><surname>Kan</surname></persName>
		</author>
		<author>
			<persName xmlns="http://www.tei-c.org/ns/1.0"><forename type="first">T</forename><forename type="middle">S</forename><surname>Chua</surname></persName>
		</author>
		<idno>Arxiv preprint cs/0406031</idno>
		<imprint>
			<date type="published" when="2004" />
		</imprint>
	</monogr>
</biblStruct>

<biblStruct >
	<analytic>
		<title level="a" type="main">Improving pronoun resolution by incorporating coreferential information of candidates</title>
		<author>
			<persName xmlns="http://www.tei-c.org/ns/1.0"><forename type="first">X</forename><surname>Yang</surname></persName>
		</author>
		<author>
			<persName xmlns="http://www.tei-c.org/ns/1.0"><forename type="first">J</forename><surname>Su</surname></persName>
		</author>
		<author>
			<persName xmlns="http://www.tei-c.org/ns/1.0"><forename type="first">G</forename><surname>Zhou</surname></persName>
		</author>
		<author>
			<persName xmlns="http://www.tei-c.org/ns/1.0"><forename type="first">C</forename><forename type="middle">L</forename><surname>Tan</surname></persName>
		</author>
	</analytic>
	<monogr>
		<title level="m">Proceedings of the 42nd Annual Meeting on Association for Computational Linguistics, page 127. Association for Computational Linguistics</title>
		<meeting>the 42nd Annual Meeting on Association for Computational Linguistics, page 127. Association for Computational Linguistics</meeting>
		<imprint>
			<date type="published" when="2004" />
		</imprint>
	</monogr>
</biblStruct>

			</listBibl>
		</back>
	</text>
</TEI>
