<?xml version="1.0" ?>
<TEI xmlns="http://www.tei-c.org/ns/1.0" xmlns:xlink="http://www.w3.org/1999/xlink" 
 xmlns:mml="http://www.w3.org/1998/Math/MathML">
	<teiHeader>
		<fileDesc xml:id="f_225"/>
	</teiHeader>
	<text>
		<front/>
		<body/>
		<back>
			<listBibl>
<biblStruct >
	<analytic>
		<title level="a" type="main">Regression for sentence-level MT evaluation with pseudo references</title>
		<author>
			<persName xmlns="http://www.tei-c.org/ns/1.0"><forename type="first">Joshua</forename><forename type="middle">S</forename><surname>Albrecht</surname></persName>
		</author>
		<author>
			<persName xmlns="http://www.tei-c.org/ns/1.0"><forename type="first">Rebeca</forename><surname>Hwa</surname></persName>
		</author>
	</analytic>
	<monogr>
		<title level="m">Proceedings of the 45 th Annual Meeting of the Association of Computational Linguistics</title>
		<meeting>the 45 th Annual Meeting of the Association of Computational Linguistics</meeting>
		<imprint>
			<date type="published" when="2007" />
			<biblScope unit="page" from="296" to="303" />
		</imprint>
	</monogr>
</biblStruct>

<biblStruct >
	<monogr>
		<title level="m" type="main">Monolingual AM-FM: a two-dimensional machine translation evaluation method</title>
		<author>
			<persName xmlns="http://www.tei-c.org/ns/1.0"><forename type="first">Rafael</forename><forename type="middle">E</forename><surname>Banchs</surname></persName>
		</author>
		<author>
			<persName xmlns="http://www.tei-c.org/ns/1.0"><forename type="first">Haizhou</forename><surname>Li</surname></persName>
		</author>
		<imprint>
			<date type="published" when="2011" />
		</imprint>
	</monogr>
	<note>Submitted to the Conference on Empirical Methods in Natural Language Processing</note>
</biblStruct>

<biblStruct >
	<analytic>
		<title level="a" type="main">METEOR: an automatic metric for MT evaluation with improved correlation with human judgments</title>
		<author>
			<persName xmlns="http://www.tei-c.org/ns/1.0"><forename type="first">Satanjeev</forename><surname>Banerjee</surname></persName>
		</author>
		<author>
			<persName xmlns="http://www.tei-c.org/ns/1.0"><forename type="first">Alon</forename><surname>Lavie</surname></persName>
		</author>
	</analytic>
	<monogr>
		<title level="m">Proceedings of the ACL Workshop on Intrinsic and Extrinsic Evaluation Measures for MT and/or Summarization</title>
		<meeting>the ACL Workshop on Intrinsic and Extrinsic Evaluation Measures for MT and/or Summarization</meeting>
		<imprint>
			<date type="published" when="2005" />
			<biblScope unit="page" from="65" to="72" />
		</imprint>
	</monogr>
</biblStruct>

<biblStruct >
	<analytic>
		<title level="a" type="main">Alberto Sanchis and Nicola Ueffing. 2003. Confidence estimation for machine translation</title>
		<author>
			<persName xmlns="http://www.tei-c.org/ns/1.0"><forename type="first">John</forename><surname>Blatz</surname></persName>
		</author>
		<author>
			<persName xmlns="http://www.tei-c.org/ns/1.0"><forename type="first">Erin</forename><surname>Fitzgerald</surname></persName>
		</author>
		<author>
			<persName xmlns="http://www.tei-c.org/ns/1.0"><forename type="first">George</forename><surname>Foster</surname></persName>
		</author>
		<author>
			<persName xmlns="http://www.tei-c.org/ns/1.0"><forename type="first">Simona</forename><surname>Gandrabur</surname></persName>
		</author>
		<author>
			<persName xmlns="http://www.tei-c.org/ns/1.0"><forename type="first">Cyril</forename><surname>Goutte</surname></persName>
		</author>
		<author>
			<persName xmlns="http://www.tei-c.org/ns/1.0"><forename type="first">Alex</forename><surname>Kulesza</surname></persName>
		</author>
	</analytic>
	<monogr>
		<title level="m">Final Report WS2003 CLSP Summer Workshop</title>
		<imprint/>
		<respStmt>
			<orgName>Johns Hopkins University</orgName>
		</respStmt>
	</monogr>
</biblStruct>

<biblStruct >
	<analytic>
		<title level="a" type="main">Meta-) evaluation of machine translation</title>
		<author>
			<persName xmlns="http://www.tei-c.org/ns/1.0"><forename type="first">Chris</forename><surname>Callison-Burch</surname></persName>
		</author>
		<author>
			<persName xmlns="http://www.tei-c.org/ns/1.0"><forename type="first">Cameron</forename><surname>Fordyce</surname></persName>
		</author>
		<author>
			<persName xmlns="http://www.tei-c.org/ns/1.0"><forename type="first">Philipp</forename><surname>Koehn</surname></persName>
		</author>
		<author>
			<persName xmlns="http://www.tei-c.org/ns/1.0"><forename type="first">Christof</forename><surname>Monz</surname></persName>
		</author>
		<author>
			<persName xmlns="http://www.tei-c.org/ns/1.0"><forename type="first">Josh</forename><surname>Schroeder</surname></persName>
		</author>
	</analytic>
	<monogr>
		<title level="m">Proceedings of Statistical Machine Translation Workshop</title>
		<meeting>Statistical Machine Translation Workshop</meeting>
		<imprint>
			<date type="published" when="2007" />
			<biblScope unit="page" from="136" to="158" />
		</imprint>
	</monogr>
</biblStruct>

<biblStruct >
	<analytic>
		<title level="a" type="main">Automatic evaluation of machine translation quality using n-gram cooccurrence statistics</title>
		<author>
			<persName xmlns="http://www.tei-c.org/ns/1.0"><forename type="first">George</forename><surname>Doddington</surname></persName>
		</author>
	</analytic>
	<monogr>
		<title level="m">Proceedings of the Human Language Technology Conference</title>
		<meeting>the Human Language Technology Conference</meeting>
		<imprint>
			<date type="published" when="2002" />
		</imprint>
	</monogr>
</biblStruct>

<biblStruct >
	<analytic>
		<title level="a" type="main">Automatic cross-linguistic information retrieval using latent semantic indexing</title>
		<author>
			<persName xmlns="http://www.tei-c.org/ns/1.0"><forename type="first">Susan</forename><surname>Dumais</surname></persName>
		</author>
		<author>
			<persName xmlns="http://www.tei-c.org/ns/1.0"><forename type="first">Thomas</forename><forename type="middle">K</forename><surname>Landauer</surname></persName>
		</author>
		<author>
			<persName xmlns="http://www.tei-c.org/ns/1.0"><forename type="first">Michael</forename><forename type="middle">L</forename><surname>Littman</surname></persName>
		</author>
	</analytic>
	<monogr>
		<title level="m">Proceedings of the SIGIR Workshop on CrossLingual Information Retrieval</title>
		<meeting>the SIGIR Workshop on CrossLingual Information Retrieval</meeting>
		<imprint>
			<date type="published" when="1997" />
			<biblScope unit="page" from="16" to="23" />
		</imprint>
	</monogr>
</biblStruct>

<biblStruct >
	<analytic>
		<title level="a" type="main">Sentence-level MT evaluation without reference translations: beyond language modeling</title>
		<author>
			<persName xmlns="http://www.tei-c.org/ns/1.0"><forename type="first">Michael</forename><surname>Gamon</surname></persName>
		</author>
		<author>
			<persName xmlns="http://www.tei-c.org/ns/1.0"><forename type="first">Anthony</forename><surname>Aue</surname></persName>
		</author>
		<author>
			<persName xmlns="http://www.tei-c.org/ns/1.0"><forename type="first">Martine</forename><surname>Smets</surname></persName>
		</author>
	</analytic>
	<monogr>
		<title level="m">Proceedings of the 10 th Annual Conference of the European Association for Machine Translation</title>
		<meeting>the 10 th Annual Conference of the European Association for Machine Translation</meeting>
		<imprint>
			<date type="published" when="2005" />
			<biblScope unit="page" from="103" to="111" />
		</imprint>
	</monogr>
</biblStruct>

<biblStruct >
	<analytic>
		<title level="a" type="main">Calculating the singular values and pseudo-inverse of a matrix</title>
		<author>
			<persName xmlns="http://www.tei-c.org/ns/1.0"><forename type="first">G</forename><forename type="middle">H</forename><surname>Golub</surname></persName>
		</author>
		<author>
			<persName xmlns="http://www.tei-c.org/ns/1.0"><forename type="first">W</forename><surname>Kahan</surname></persName>
		</author>
	</analytic>
	<monogr>
		<title level="j">Journal of the Society for Industrial and Applied Mathematics: Numerical Analysis</title>
		<imprint>
			<biblScope unit="volume">2</biblScope>
			<biblScope unit="issue">2</biblScope>
			<biblScope unit="page" from="205" to="224" />
			<date type="published" when="1965" />
		</imprint>
	</monogr>
</biblStruct>

<biblStruct >
	<analytic>
		<title level="a" type="main">Introduction to Latent Semantic Analysis</title>
		<author>
			<persName xmlns="http://www.tei-c.org/ns/1.0"><forename type="first">Thomas</forename><forename type="middle">K</forename><surname>Landauer</surname></persName>
		</author>
		<author>
			<persName xmlns="http://www.tei-c.org/ns/1.0"><forename type="first">Peter</forename><forename type="middle">W</forename><surname>Foltz</surname></persName>
		</author>
		<author>
			<persName xmlns="http://www.tei-c.org/ns/1.0"><forename type="first">Darrell</forename><surname>Laham</surname></persName>
		</author>
	</analytic>
	<monogr>
		<title level="m">Discourse Processes</title>
		<imprint>
			<date type="published" when="1998" />
			<biblScope unit="volume">25</biblScope>
			<biblScope unit="page" from="259" to="284" />
		</imprint>
	</monogr>
</biblStruct>

<biblStruct >
	<analytic>
		<title level="a" type="main">Orange: a method for evaluating automatic evaluation metrics for machine translation</title>
		<author>
			<persName xmlns="http://www.tei-c.org/ns/1.0"><forename type="first">Chin-Yew</forename><surname>Lin</surname></persName>
		</author>
		<author>
			<persName xmlns="http://www.tei-c.org/ns/1.0"><forename type="first">Franz Josef</forename><surname>Och</surname></persName>
		</author>
	</analytic>
	<monogr>
		<title level="m">Proceedings of the 20th international conference on Computational Linguistics</title>
		<meeting>the 20th international conference on Computational Linguistics<address><addrLine>Morristown, NJ</addrLine></address></meeting>
		<imprint>
			<date type="published" when="2004" />
			<biblScope unit="volume">501</biblScope>
		</imprint>
	</monogr>
</biblStruct>

<biblStruct >
	<monogr>
				<author>
			<persName xmlns="http://www.tei-c.org/ns/1.0"><forename type="first">D</forename><surname>Christopher</surname></persName>
		</author>
		<author>
			<persName xmlns="http://www.tei-c.org/ns/1.0"><forename type="first">Hinrich</forename><surname>Manning</surname></persName>
		</author>
		<author>
			<persName xmlns="http://www.tei-c.org/ns/1.0"><surname>Schutze</surname></persName>
		</author>
		<title level="m">Foundations of Statistical Natural Language Processing</title>
		<meeting><address><addrLine>Cambridge, MA</addrLine></address></meeting>
		<imprint>
			<publisher>The MIT Press</publisher>
			<date type="published" when="1999" />
		</imprint>
	</monogr>
</biblStruct>

<biblStruct >
	<analytic>
		<title level="a" type="main">BLEU: a method for automatic evaluation of machine translation</title>
		<author>
			<persName xmlns="http://www.tei-c.org/ns/1.0"><forename type="first">Kishore</forename><surname>Papineni</surname></persName>
		</author>
		<author>
			<persName xmlns="http://www.tei-c.org/ns/1.0"><forename type="first">Salim</forename><surname>Roukos</surname></persName>
		</author>
		<author>
			<persName xmlns="http://www.tei-c.org/ns/1.0"><forename type="first">Todd</forename><surname>Ward</surname></persName>
		</author>
		<author>
			<persName xmlns="http://www.tei-c.org/ns/1.0"><forename type="first">Weijung</forename><surname>Zhu</surname></persName>
		</author>
	</analytic>
	<monogr>
		<title level="m">Proceedings of the Association for Computational Linguistics</title>
		<meeting>the Association for Computational Linguistics</meeting>
		<imprint>
			<date type="published" when="2002" />
			<biblScope unit="page" from="311" to="318" />
		</imprint>
	</monogr>
</biblStruct>

<biblStruct >
	<analytic>
		<title level="a" type="main">Training a sentence-level machine translation confidence measure</title>
		<author>
			<persName xmlns="http://www.tei-c.org/ns/1.0"><forename type="first">B</forename><surname>Christopher</surname></persName>
		</author>
		<author>
			<persName xmlns="http://www.tei-c.org/ns/1.0"><surname>Quirk</surname></persName>
		</author>
	</analytic>
	<monogr>
		<title level="m">Proceedings of the 4 th International Conference on Language Resources and Evaluation</title>
		<meeting>the 4 th International Conference on Language Resources and Evaluation</meeting>
		<imprint>
			<date type="published" when="2004" />
			<biblScope unit="page" from="825" to="828" />
		</imprint>
	</monogr>
</biblStruct>

<biblStruct >
	<analytic>
		<title level="a" type="main">The back-translation score: automatic MT evaluation at the sentences level without reference translations</title>
		<author>
			<persName xmlns="http://www.tei-c.org/ns/1.0"><forename type="first">Reinhard</forename><surname>Rapp</surname></persName>
		</author>
	</analytic>
	<monogr>
		<title level="m">Proceedings of the ACL-IJCNLP</title>
		<meeting>the ACL-IJCNLP</meeting>
		<imprint>
			<date type="published" when="2009" />
			<biblScope unit="page" from="133" to="136" />
		</imprint>
	</monogr>
</biblStruct>

<biblStruct >
	<analytic>
		<title level="a" type="main">A vector space model for automatic indexing</title>
		<author>
			<persName xmlns="http://www.tei-c.org/ns/1.0"><forename type="first">Gerard</forename><forename type="middle">M</forename><surname>Salton</surname></persName>
		</author>
		<author>
			<persName xmlns="http://www.tei-c.org/ns/1.0"><forename type="first">Andrew</forename><forename type="middle">K</forename><surname>Wong</surname></persName>
		</author>
		<author>
			<persName xmlns="http://www.tei-c.org/ns/1.0"><forename type="first">C</forename><forename type="middle">S</forename><surname>Yang</surname></persName>
		</author>
	</analytic>
	<monogr>
		<title level="j">Communications of the ACM</title>
		<imprint>
			<biblScope unit="volume">18</biblScope>
			<biblScope unit="issue">11</biblScope>
			<biblScope unit="page" from="613" to="620" />
			<date type="published" when="1975" />
		</imprint>
	</monogr>
</biblStruct>

<biblStruct >
	<analytic>
		<title level="a" type="main">Round-trip translation: what is it good for?</title>
		<author>
			<persName xmlns="http://www.tei-c.org/ns/1.0"><forename type="first">Harold</forename><surname>Somers</surname></persName>
		</author>
	</analytic>
	<monogr>
		<title level="m">proceedings of the Australasian Language Technology Workshop</title>
		<meeting>the Australasian Language Technology Workshop</meeting>
		<imprint>
			<date type="published" when="2005" />
			<biblScope unit="page" from="127" to="133" />
		</imprint>
	</monogr>
</biblStruct>

<biblStruct >
	<analytic>
		<title level="a" type="main">Improving the confidence of machine translation quality estimates</title>
		<author>
			<persName xmlns="http://www.tei-c.org/ns/1.0"><forename type="first">Lucia</forename><surname>Specia</surname></persName>
		</author>
		<author>
			<persName xmlns="http://www.tei-c.org/ns/1.0"><forename type="first">Craig</forename><surname>Saunders</surname></persName>
		</author>
		<author>
			<persName xmlns="http://www.tei-c.org/ns/1.0"><forename type="first">Marco</forename><surname>Turchi</surname></persName>
		</author>
		<author>
			<persName xmlns="http://www.tei-c.org/ns/1.0"><forename type="first">Zhuoran</forename><surname>Wang</surname></persName>
		</author>
		<author>
			<persName xmlns="http://www.tei-c.org/ns/1.0"><forename type="first">John</forename><surname>Shawe-Taylor</surname></persName>
		</author>
	</analytic>
	<monogr>
		<title level="m">Proceedings of MT Summit XII</title>
		<meeting>MT Summit XII<address><addrLine>Ottawa, Canada</addrLine></address></meeting>
		<imprint>
			<date type="published" when="2009" />
		</imprint>
	</monogr>
</biblStruct>

<biblStruct >
	<analytic>
		<title level="a" type="main">SRILM-an extensible language modeling toolkit</title>
		<author>
			<persName xmlns="http://www.tei-c.org/ns/1.0"><forename type="first">Andreas</forename><surname>Stolcke</surname></persName>
		</author>
	</analytic>
	<monogr>
		<title level="m">Proceedings of the International Conference on Spoken Language Processing</title>
		<meeting>the International Conference on Spoken Language Processing</meeting>
		<imprint>
			<date type="published" when="2002" />
		</imprint>
	</monogr>
</biblStruct>

<biblStruct >
	<analytic>
		<title level="a" type="main">The ARPA MT evaluation methodologies: evolution, lessons and future approaches</title>
		<author>
			<persName xmlns="http://www.tei-c.org/ns/1.0"><forename type="first">John</forename><forename type="middle">S</forename><surname>White</surname></persName>
		</author>
		<author>
			<persName xmlns="http://www.tei-c.org/ns/1.0"><forename type="first">O&amp;apos;</forename><surname>Theresa</surname></persName>
		</author>
		<author>
			<persName xmlns="http://www.tei-c.org/ns/1.0"><forename type="first">Francis O&amp;apos;</forename><surname>Cornell</surname></persName>
		</author>
		<author>
			<persName xmlns="http://www.tei-c.org/ns/1.0"><surname>Nava</surname></persName>
		</author>
	</analytic>
	<monogr>
		<title level="m">Proceedings of the Association for Machine Translation in the Americas</title>
		<meeting>the Association for Machine Translation in the Americas</meeting>
		<imprint>
			<date type="published" when="1994" />
			<biblScope unit="page" from="193" to="205" />
		</imprint>
	</monogr>
</biblStruct>

			</listBibl>
		</back>
	</text>
</TEI>
