<?xml version="1.0" ?>
<TEI xmlns="http://www.tei-c.org/ns/1.0" xmlns:xlink="http://www.w3.org/1999/xlink" 
 xmlns:mml="http://www.w3.org/1998/Math/MathML">
	<teiHeader>
		<fileDesc xml:id="f_3189"/>
	</teiHeader>
	<text>
		<front/>
		<body/>
		<back>
			<listBibl>
<biblStruct >
	<analytic>
		<title level="a" type="main">The stages of event extraction</title>
		<author>
			<persName xmlns="http://www.tei-c.org/ns/1.0"><forename type="first">David</forename><surname>Ahn</surname></persName>
		</author>
	</analytic>
	<monogr>
		<title level="m">Proc. COLING/ACL 2006 Workshop on Annotating and Reasoning about Time and Events.Sydney, Australia</title>
		<meeting>COLING/ACL 2006 Workshop on Annotating and Reasoning about Time and Events.Sydney, Australia</meeting>
		<imprint>
			<date type="published" when="2006" />
		</imprint>
	</monogr>
</biblStruct>

<biblStruct >
	<analytic>
		<title level="a" type="main">Incorporating Non-local Information into Information Extraction Systems by Gibbs Sampling</title>
		<author>
			<persName xmlns="http://www.tei-c.org/ns/1.0"><forename type="first">Jenny</forename><forename type="middle">Rose</forename><surname>Finkel</surname></persName>
		</author>
		<author>
			<persName xmlns="http://www.tei-c.org/ns/1.0"><forename type="first">Trond</forename><surname>Grenager</surname></persName>
		</author>
		<author>
			<persName xmlns="http://www.tei-c.org/ns/1.0"><forename type="first">Christopher</forename><surname>Manning</surname></persName>
		</author>
	</analytic>
	<monogr>
		<title level="m">Proc. 43rd Annual Meeting of the Association for Computational Linguistics</title>
		<meeting>43rd Annual Meeting of the Association for Computational Linguistics<address><addrLine>Ann Arbor, MI</addrLine></address></meeting>
		<imprint>
			<date type="published" when="2005-06" />
			<biblScope unit="page" from="363" to="370" />
		</imprint>
	</monogr>
</biblStruct>

<biblStruct >
	<analytic>
		<title level="a" type="main">Predicting Unknown Time Arguments based on Cross-Event Propagation</title>
		<author>
			<persName xmlns="http://www.tei-c.org/ns/1.0"><forename type="first">Prashant</forename><surname>Gupta</surname></persName>
		</author>
		<author>
			<persName xmlns="http://www.tei-c.org/ns/1.0"><forename type="first">Heng</forename><surname>Ji</surname></persName>
		</author>
	</analytic>
	<monogr>
		<title level="m">Proc. ACL-IJCNLP</title>
		<meeting>ACL-IJCNLP</meeting>
		<imprint>
			<date type="published" when="2009" />
		</imprint>
	</monogr>
</biblStruct>

<biblStruct >
	<analytic>
		<title level="a" type="main">NYU&apos;s English ACE 2005 System Description</title>
		<author>
			<persName xmlns="http://www.tei-c.org/ns/1.0"><forename type="first">Ralph</forename><surname>Grishman</surname></persName>
		</author>
		<author>
			<persName xmlns="http://www.tei-c.org/ns/1.0"><forename type="first">David</forename><surname>Westbrook</surname></persName>
		</author>
		<author>
			<persName xmlns="http://www.tei-c.org/ns/1.0"><forename type="first">Adam</forename><surname>Meyers</surname></persName>
		</author>
	</analytic>
	<monogr>
		<title level="m">Proc. ACE 2005 Evaluation Workshop</title>
		<meeting>ACE 2005 Evaluation Workshop<address><addrLine>Gaithersburg, MD</addrLine></address></meeting>
		<imprint>
			<date type="published" when="2005" />
		</imprint>
	</monogr>
</biblStruct>

<biblStruct >
	<analytic>
		<title level="a" type="main">Automatic Event Classification Using Surface Text Features</title>
		<author>
			<persName xmlns="http://www.tei-c.org/ns/1.0"><forename type="first">Hilda</forename><surname>Hardy</surname></persName>
		</author>
	</analytic>
	<monogr>
		<title level="m">Proc. AAAI06 Workshop on Event Extraction and Synthesis</title>
		<meeting>AAAI06 Workshop on Event Extraction and Synthesis<address><addrLine>Boston, MA</addrLine></address></meeting>
		<imprint>
			<date type="published" when="2006" />
		</imprint>
	</monogr>
	<note>Vika Kanchakouskaya and Tomek Strzalkowski</note>
</biblStruct>

<biblStruct >
	<analytic>
		<title level="a" type="main">Refining Event Extraction through Cross-Document Inference</title>
		<author>
			<persName xmlns="http://www.tei-c.org/ns/1.0"><forename type="first">Heng</forename><surname>Ji</surname></persName>
		</author>
		<author>
			<persName xmlns="http://www.tei-c.org/ns/1.0"><forename type="first">Ralph</forename><surname>Grishman</surname></persName>
		</author>
	</analytic>
	<monogr>
		<title level="m">Proc. ACL-08: HLT</title>
		<meeting>ACL-08: HLT<address><addrLine>Columbus, OH</addrLine></address></meeting>
		<imprint>
			<date type="published" when="2008-06" />
			<biblScope unit="page" from="254" to="262" />
		</imprint>
	</monogr>
</biblStruct>

<biblStruct >
	<analytic>
		<title level="a" type="main">Using Document Level Cross-Event Inference to Improve Event Extraction</title>
		<author>
			<persName xmlns="http://www.tei-c.org/ns/1.0"><forename type="first">Shasha</forename><surname>Liao</surname></persName>
		</author>
		<author>
			<persName xmlns="http://www.tei-c.org/ns/1.0"><forename type="first">Ralph</forename><surname>Grishman</surname></persName>
		</author>
	</analytic>
	<monogr>
		<title level="m">Proc. ACL-2010</title>
		<meeting>ACL-2010<address><addrLine>Uppsala, Sweden</addrLine></address></meeting>
		<imprint>
			<date type="published" when="2010-07" />
			<biblScope unit="page" from="789" to="797" />
		</imprint>
	</monogr>
</biblStruct>

<biblStruct >
	<analytic>
		<title level="a" type="main">A Multi resolution Framework for Information Extraction from Free Text</title>
		<author>
			<persName xmlns="http://www.tei-c.org/ns/1.0"><forename type="first">Mstislav</forename><surname>Maslennikov</surname></persName>
		</author>
		<author>
			<persName xmlns="http://www.tei-c.org/ns/1.0"><forename type="first">Tat-Seng</forename><surname>Chua</surname></persName>
		</author>
	</analytic>
	<monogr>
		<title level="m">Proc. 45th Annual Meeting of the Association of Computational Linguistics</title>
		<meeting>45th Annual Meeting of the Association of Computational Linguistics<address><addrLine>Prague, Czech Republic</addrLine></address></meeting>
		<imprint>
			<date type="published" when="2007-06" />
			<biblScope unit="page" from="592" to="599" />
		</imprint>
	</monogr>
</biblStruct>

<biblStruct >
	<analytic>
		<title level="a" type="main">Effective Information Extraction with Semantic Affinity Patterns and Relevant Regions</title>
		<author>
			<persName xmlns="http://www.tei-c.org/ns/1.0"><forename type="first">Siddharth</forename><surname>Patwardhan</surname></persName>
		</author>
		<author>
			<persName xmlns="http://www.tei-c.org/ns/1.0"><forename type="first">Ellen</forename><surname>Riloff</surname></persName>
		</author>
	</analytic>
	<monogr>
		<title level="m">Proc. Joint Conference on Empirical Methods in Natural Language Processing and Computational Natural Language Learning</title>
		<meeting>Joint Conference on Empirical Methods in Natural Language essing and Computational Natural Language Learning<address><addrLine>Prague, Czech Republic</addrLine></address></meeting>
		<imprint>
			<date type="published" when="2007-06" />
			<biblScope unit="page" from="717" to="727" />
		</imprint>
	</monogr>
</biblStruct>

<biblStruct >
	<analytic>
		<title level="a" type="main">A Unified Model of Phrasal and Sentential Evidence for Information Extraction</title>
		<author>
			<persName xmlns="http://www.tei-c.org/ns/1.0"><forename type="first">Siddharth</forename><surname>Patwardhan</surname></persName>
		</author>
		<author>
			<persName xmlns="http://www.tei-c.org/ns/1.0"><forename type="first">Ellen</forename><surname>Riloff</surname></persName>
		</author>
	</analytic>
	<monogr>
		<title level="m">Proc. Conference on Empirical Methods in Natural Language Processing</title>
		<meeting>Conference on Empirical Methods in Natural Language essing</meeting>
		<imprint>
			<date type="published" when="2009" />
			<biblScope unit="page">9</biblScope>
		</imprint>
	</monogr>
</biblStruct>

<biblStruct >
	<analytic>
		<title level="a" type="main">Unsupervised Word Sense Disambiguation Rivaling Supervised Methods</title>
		<author>
			<persName xmlns="http://www.tei-c.org/ns/1.0"><forename type="first">David</forename><surname>Yarowsky</surname></persName>
		</author>
	</analytic>
	<monogr>
		<title level="m">Proc. ACL</title>
		<meeting>ACL<address><addrLine>Cambridge, MA</addrLine></address></meeting>
		<imprint>
			<date type="published" when="1995" />
		</imprint>
	</monogr>
</biblStruct>

			</listBibl>
		</back>
	</text>
</TEI>
