<?xml version="1.0" ?>
<TEI xmlns="http://www.tei-c.org/ns/1.0" xmlns:xlink="http://www.w3.org/1999/xlink" 
 xmlns:mml="http://www.w3.org/1998/Math/MathML">
	<teiHeader>
		<fileDesc xml:id="f_682"/>
	</teiHeader>
	<text>
		<front/>
		<body/>
		<back>
			<listBibl>
<biblStruct >
	<analytic>
		<title level="a" type="main">A survey of paraphrasing and textual entailment methods</title>
		<author>
			<persName xmlns="http://www.tei-c.org/ns/1.0"><forename type="first">Ion</forename><surname>Androutsopoulos</surname></persName>
		</author>
		<author>
			<persName xmlns="http://www.tei-c.org/ns/1.0"><forename type="first">Prodromos</forename><surname>Malakasiotis</surname></persName>
		</author>
	</analytic>
	<monogr>
		<title level="j">Journal of Artificial Intelligence Research</title>
		<imprint>
			<biblScope unit="volume">38</biblScope>
			<biblScope unit="page" from="135" to="187" />
			<date type="published" when="2010" />
		</imprint>
	</monogr>
</biblStruct>

<biblStruct >
	<analytic>
		<title level="a" type="main">Sentence alignment for monolingual comparable corpora</title>
		<author>
			<persName xmlns="http://www.tei-c.org/ns/1.0"><forename type="first">Regina</forename><surname>Barzilay</surname></persName>
		</author>
		<author>
			<persName xmlns="http://www.tei-c.org/ns/1.0"><forename type="first">Noemie</forename><surname>Elhadad</surname></persName>
		</author>
	</analytic>
	<monogr>
		<title level="m">Proc. EMNLP</title>
		<meeting>EMNLP</meeting>
		<imprint>
			<date type="published" when="2003" />
			<biblScope unit="page" from="25" to="32" />
		</imprint>
	</monogr>
</biblStruct>

<biblStruct >
	<analytic>
		<title level="a" type="main">Query expansion, lexical simplification, and sentence selection strategies for multi-document summarization</title>
		<author>
			<persName xmlns="http://www.tei-c.org/ns/1.0"><forename type="first">Catherine</forename><surname>Blake</surname></persName>
		</author>
		<author>
			<persName xmlns="http://www.tei-c.org/ns/1.0"><forename type="first">Julia</forename><surname>Kampov</surname></persName>
		</author>
	</analytic>
	<monogr>
		<title level="m">Proc. DUC</title>
		<meeting>DUC</meeting>
		<imprint>
			<date type="published" when="2007" />
		</imprint>
	</monogr>
	<note>Andreas Orphanides, David West, and Cory Lown</note>
</biblStruct>

<biblStruct >
	<analytic>
		<title level="a" type="main">Practical simplication of english newspaper text to assist aphasic readers</title>
		<author>
			<persName xmlns="http://www.tei-c.org/ns/1.0"><forename type="first">John</forename><surname>Carroll</surname></persName>
		</author>
		<author>
			<persName xmlns="http://www.tei-c.org/ns/1.0"><forename type="first">Guido</forename><surname>Minnen</surname></persName>
		</author>
		<author>
			<persName xmlns="http://www.tei-c.org/ns/1.0"><forename type="first">Yvonne</forename><surname>Canning</surname></persName>
		</author>
		<author>
			<persName xmlns="http://www.tei-c.org/ns/1.0"><forename type="first">Siobhan</forename><surname>Devlin</surname></persName>
		</author>
		<author>
			<persName xmlns="http://www.tei-c.org/ns/1.0"><forename type="first">John</forename><surname>Tait</surname></persName>
		</author>
	</analytic>
	<monogr>
		<title level="m">Proc. AAAI Workshop on Integrating Artificial Intelligence and Assistive Technology</title>
		<meeting>AAAI Workshop on Integrating Artificial Intelligence and Assistive Technology</meeting>
		<imprint>
			<date type="published" when="1998" />
		</imprint>
	</monogr>
</biblStruct>

<biblStruct >
	<analytic>
		<title level="a" type="main">Motivations and methods for text simplification</title>
		<author>
			<persName xmlns="http://www.tei-c.org/ns/1.0"><forename type="first">R</forename><surname>Chandrasekar</surname></persName>
		</author>
		<author>
			<persName xmlns="http://www.tei-c.org/ns/1.0"><forename type="first">Christine</forename><surname>Doran</surname></persName>
		</author>
		<author>
			<persName xmlns="http://www.tei-c.org/ns/1.0"><forename type="first">B</forename><surname>Srinivas</surname></persName>
		</author>
	</analytic>
	<monogr>
		<title level="m">Proc. COLING</title>
		<meeting>COLING</meeting>
		<imprint>
			<date type="published" when="1996" />
		</imprint>
	</monogr>
</biblStruct>

<biblStruct >
	<analytic>
		<title level="a" type="main">Automatic sentence simplification for subtitling in Dutch and English</title>
		<author>
			<persName xmlns="http://www.tei-c.org/ns/1.0"><forename type="first">Walter</forename><surname>Daelemans</surname></persName>
		</author>
		<author>
			<persName xmlns="http://www.tei-c.org/ns/1.0"><forename type="first">Anja</forename><surname>Hthker</surname></persName>
		</author>
		<author>
			<persName xmlns="http://www.tei-c.org/ns/1.0"><forename type="first">Erik Tjong Kim</forename><surname>Sang</surname></persName>
		</author>
	</analytic>
	<monogr>
		<title level="m">Proc. LREC</title>
		<meeting>LREC</meeting>
		<imprint>
			<date type="published" when="2004" />
			<biblScope unit="page" from="1045" to="1048" />
		</imprint>
	</monogr>
</biblStruct>

<biblStruct >
	<analytic>
		<title level="a" type="main">Extracting lay paraphrases of specialized expressions from monolingual comparable medical corpora</title>
		<author>
			<persName xmlns="http://www.tei-c.org/ns/1.0"><forename type="first">Louise</forename><surname>Deléger</surname></persName>
		</author>
		<author>
			<persName xmlns="http://www.tei-c.org/ns/1.0"><forename type="first">Pierre</forename><surname>Zweigenbaum</surname></persName>
		</author>
	</analytic>
	<monogr>
		<title level="m">Proc. Workshop on Building and Using Comparable Corpora</title>
		<meeting>Workshop on Building and Using Comparable Corpora</meeting>
		<imprint>
			<date type="published" when="2009" />
			<biblScope unit="page" from="2" to="10" />
		</imprint>
	</monogr>
</biblStruct>

<biblStruct >
	<analytic>
		<title level="a" type="main">Helping aphasic people process online information</title>
		<author>
			<persName xmlns="http://www.tei-c.org/ns/1.0"><forename type="first">Siobhan</forename><surname>Devlin</surname></persName>
		</author>
		<author>
			<persName xmlns="http://www.tei-c.org/ns/1.0"><forename type="first">Gary</forename><surname>Unthank</surname></persName>
		</author>
	</analytic>
	<monogr>
		<title level="m">Proc. ASSETS</title>
		<meeting>ASSETS</meeting>
		<imprint>
			<date type="published" when="2006" />
			<biblScope unit="page" from="225" to="226" />
		</imprint>
	</monogr>
</biblStruct>

<biblStruct >
	<analytic>
		<title level="a" type="main">Mining a lexicon of technical terms and lay equivalents</title>
		<author>
			<persName xmlns="http://www.tei-c.org/ns/1.0"><forename type="first">Noemie</forename><surname>Elhadad</surname></persName>
		</author>
		<author>
			<persName xmlns="http://www.tei-c.org/ns/1.0"><forename type="first">Komal</forename><surname>Sutaria</surname></persName>
		</author>
	</analytic>
	<monogr>
		<title level="m">Proc. ACL BioNLP Workshop</title>
		<meeting>ACL BioNLP Workshop</meeting>
		<imprint>
			<date type="published" when="2007" />
			<biblScope unit="page" from="49" to="56" />
		</imprint>
	</monogr>
</biblStruct>

<biblStruct >
	<monogr>
		<title level="m" type="main">WordNet: An Electronic Database</title>
		<editor>Fellbaum, Christiane</editor>
		<imprint>
			<date type="published" when="1998" />
			<publisher>MIT Press</publisher>
			<pubPlace>Cambridge, MA</pubPlace>
		</imprint>
	</monogr>
</biblStruct>

<biblStruct >
	<analytic>
		<title level="a" type="main">Comparing evaluation techniques 500 for text readability software for adults with intellectual disabilities</title>
		<author>
			<persName xmlns="http://www.tei-c.org/ns/1.0"><forename type="first">Matt</forename><surname>Huenerfauth</surname></persName>
		</author>
		<author>
			<persName xmlns="http://www.tei-c.org/ns/1.0"><forename type="first">Lijun</forename><surname>Feng</surname></persName>
		</author>
		<author>
			<persName xmlns="http://www.tei-c.org/ns/1.0"><forename type="first">Noémie</forename><surname>Elhadad</surname></persName>
		</author>
	</analytic>
	<monogr>
		<title level="m">Proc. ASSETS</title>
		<meeting>ASSETS</meeting>
		<imprint>
			<date type="published" when="2009" />
			<biblScope unit="page" from="3" to="10" />
		</imprint>
	</monogr>
</biblStruct>

<biblStruct >
	<analytic>
		<title level="a" type="main">Towards effective sentence simplification for automatic processing of biomedical text</title>
		<author>
			<persName xmlns="http://www.tei-c.org/ns/1.0"><forename type="first">Siddhartha</forename><surname>Jonnalagadda</surname></persName>
		</author>
		<author>
			<persName xmlns="http://www.tei-c.org/ns/1.0"><forename type="first">Luis</forename><surname>Tari</surname></persName>
		</author>
		<author>
			<persName xmlns="http://www.tei-c.org/ns/1.0"><forename type="first">Jörg</forename><surname>Hakenberg</surname></persName>
		</author>
		<author>
			<persName xmlns="http://www.tei-c.org/ns/1.0"><forename type="first">Chitta</forename><surname>Baral</surname></persName>
		</author>
		<author>
			<persName xmlns="http://www.tei-c.org/ns/1.0"><forename type="first">Graciela</forename><surname>Gonzalez</surname></persName>
		</author>
	</analytic>
	<monogr>
		<title level="m">Proc. NAACL-HLT</title>
		<meeting>NAACL-HLT</meeting>
		<imprint>
			<date type="published" when="2009" />
			<biblScope unit="page" from="177" to="180" />
		</imprint>
	</monogr>
</biblStruct>

<biblStruct >
	<analytic>
		<title level="a" type="main">Semeval-2007 task 10: English lexical substitution task</title>
		<author>
			<persName xmlns="http://www.tei-c.org/ns/1.0"><forename type="first">Diana</forename><surname>Mccarthy</surname></persName>
		</author>
		<author>
			<persName xmlns="http://www.tei-c.org/ns/1.0"><forename type="first">Roberto</forename><surname>Navigli</surname></persName>
		</author>
	</analytic>
	<monogr>
		<title level="m">Proc. SemEval</title>
		<meeting>SemEval</meeting>
		<imprint>
			<date type="published" when="2007" />
			<biblScope unit="page" from="48" to="53" />
		</imprint>
	</monogr>
</biblStruct>

<biblStruct >
	<analytic>
		<title level="a" type="main">Learning simple wikipedia: a cogitation in ascertaining abecedarian language</title>
		<author>
			<persName xmlns="http://www.tei-c.org/ns/1.0"><forename type="first">Courtney</forename><surname>Napoles</surname></persName>
		</author>
		<author>
			<persName xmlns="http://www.tei-c.org/ns/1.0"><forename type="first">Mark</forename><surname>Dredze</surname></persName>
		</author>
	</analytic>
	<monogr>
		<title level="m">Proc. of the NAACLHLT Workshop on Computational Linguistics and Writing</title>
		<meeting>of the NAACLHLT Workshop on Computational Linguistics and Writing</meeting>
		<imprint>
			<date type="published" when="2010" />
			<biblScope unit="page" from="42" to="50" />
		</imprint>
	</monogr>
</biblStruct>

<biblStruct >
	<analytic>
		<title level="a" type="main">Towards robust context-sensitive sentence alignment for monolingual corpora</title>
		<author>
			<persName xmlns="http://www.tei-c.org/ns/1.0"><forename type="first">Rani</forename><surname>Nelken</surname></persName>
		</author>
		<author>
			<persName xmlns="http://www.tei-c.org/ns/1.0"><forename type="first">Stuart</forename><surname>Shieber</surname></persName>
		</author>
	</analytic>
	<monogr>
		<title level="m">Proc. EACL</title>
		<meeting>EACL</meeting>
		<imprint>
			<date type="published" when="2006" />
			<biblScope unit="page" from="161" to="166" />
		</imprint>
	</monogr>
</biblStruct>

<biblStruct >
	<monogr>
		<title level="m" type="main">Syntactic simplification and text cohesion</title>
		<author>
			<persName xmlns="http://www.tei-c.org/ns/1.0"><forename type="first">Advaith</forename><surname>Siddharthan</surname></persName>
		</author>
		<idno>UCAM- CL-TR-597</idno>
		<imprint>
			<date type="published" when="2004" />
		</imprint>
		<respStmt>
			<orgName>University of Cambridge, Computer Laboratory</orgName>
		</respStmt>
	</monogr>
<note type="report_type">Technical Report</note>
</biblStruct>

<biblStruct >
	<analytic>
		<title level="a" type="main">Applying sentence simplification to the CoNLL-2008 shared task</title>
		<author>
			<persName xmlns="http://www.tei-c.org/ns/1.0"><forename type="first">David</forename><surname>Vickrey</surname></persName>
		</author>
		<author>
			<persName xmlns="http://www.tei-c.org/ns/1.0"><forename type="first">Daphne</forename><surname>Koller</surname></persName>
		</author>
	</analytic>
	<monogr>
		<title level="m">Proc. CoNLL</title>
		<meeting>CoNLL</meeting>
		<imprint>
			<date type="published" when="2008" />
			<biblScope unit="page" from="268" to="272" />
		</imprint>
	</monogr>
</biblStruct>

<biblStruct >
	<analytic>
		<title level="a" type="main">Generating readable texts for readers with low basic skills</title>
		<author>
			<persName xmlns="http://www.tei-c.org/ns/1.0"><forename type="first">Sandra</forename><surname>Williams</surname></persName>
		</author>
		<author>
			<persName xmlns="http://www.tei-c.org/ns/1.0"><forename type="first">Ehud</forename><surname>Reiter</surname></persName>
		</author>
	</analytic>
	<monogr>
		<title level="m">Proc. ENLG</title>
		<meeting>ENLG</meeting>
		<imprint>
			<date type="published" when="2005" />
			<biblScope unit="page" from="127" to="132" />
		</imprint>
	</monogr>
</biblStruct>

<biblStruct >
	<analytic>
		<title level="a" type="main">For the sake of simplicity: Unsupervised extraction of lexical simplifications from wikipedia</title>
		<author>
			<persName xmlns="http://www.tei-c.org/ns/1.0"><forename type="first">Mark</forename><surname>Yatskar</surname></persName>
		</author>
		<author>
			<persName xmlns="http://www.tei-c.org/ns/1.0"><forename type="first">Bo</forename><surname>Pang</surname></persName>
		</author>
		<author>
			<persName xmlns="http://www.tei-c.org/ns/1.0"><forename type="first">Cristian</forename><surname>Danescuniculescu-Mizil</surname></persName>
		</author>
		<author>
			<persName xmlns="http://www.tei-c.org/ns/1.0"><forename type="first">Lillian</forename><surname>Lee</surname></persName>
		</author>
	</analytic>
	<monogr>
		<title level="m">Proc. NAACL-HLT</title>
		<meeting>NAACL-HLT</meeting>
		<imprint>
			<date type="published" when="2010" />
			<biblScope unit="page" from="365" to="368" />
		</imprint>
	</monogr>
</biblStruct>

			</listBibl>
		</back>
	</text>
</TEI>
