<?xml version="1.0" ?>
<TEI xmlns="http://www.tei-c.org/ns/1.0" xmlns:xlink="http://www.w3.org/1999/xlink" 
 xmlns:mml="http://www.w3.org/1998/Math/MathML">
	<teiHeader>
		<fileDesc xml:id="f_3962"/>
	</teiHeader>
	<text>
		<front/>
		<body/>
		<back>
			<listBibl>
<biblStruct >
	<analytic>
		<title level="a" type="main">The first surface realisation shared task: Overview and evaluation results</title>
		<author>
			<persName xmlns="http://www.tei-c.org/ns/1.0"><forename type="first">Anja</forename><surname>Belz</surname></persName>
		</author>
		<author>
			<persName xmlns="http://www.tei-c.org/ns/1.0"><forename type="first">Michael</forename><surname>White</surname></persName>
		</author>
		<author>
			<persName xmlns="http://www.tei-c.org/ns/1.0"><forename type="first">Dominic</forename><surname>Espinosa</surname></persName>
		</author>
		<author>
			<persName xmlns="http://www.tei-c.org/ns/1.0"><forename type="first">Eric</forename><surname>Kow</surname></persName>
		</author>
		<author>
			<persName xmlns="http://www.tei-c.org/ns/1.0"><forename type="first">Deirdre</forename><surname>Hogan</surname></persName>
		</author>
		<author>
			<persName xmlns="http://www.tei-c.org/ns/1.0"><forename type="first">Amanda</forename><surname>Stent</surname></persName>
		</author>
	</analytic>
	<monogr>
		<title level="m">Proceedings of the 13th European Workshop on Natural Language Generation (ENLG)</title>
		<meeting>the 13th European Workshop on Natural Language Generation (ENLG)<address><addrLine>Nancy, France</addrLine></address></meeting>
		<imprint>
			<date type="published" when="2011" />
		</imprint>
	</monogr>
</biblStruct>

<biblStruct >
	<analytic>
		<title level="a" type="main">Evaluating coverage for large symbolic NLG grammars</title>
		<author>
			<persName xmlns="http://www.tei-c.org/ns/1.0"><forename type="first">B</forename><surname>Charles</surname></persName>
		</author>
		<author>
			<persName xmlns="http://www.tei-c.org/ns/1.0"><surname>Callaway</surname></persName>
		</author>
	</analytic>
	<monogr>
		<title level="m">Proceedings of the 18th International Joint Conference on Artificial Intelligence</title>
		<meeting>the 18th International Joint Conference on Artificial Intelligence<address><addrLine>Acapulco, Mexico</addrLine></address></meeting>
		<imprint>
			<date type="published" when="2003" />
			<biblScope unit="page" from="811" to="817" />
		</imprint>
	</monogr>
</biblStruct>

<biblStruct >
	<analytic>
		<title level="a" type="main">An efficient chart generator for (semi-)lexicalist grammars</title>
		<author>
			<persName xmlns="http://www.tei-c.org/ns/1.0"><forename type="first">John</forename><surname>Carroll</surname></persName>
		</author>
		<author>
			<persName xmlns="http://www.tei-c.org/ns/1.0"><forename type="first">Ann</forename><surname>Copestake</surname></persName>
		</author>
		<author>
			<persName xmlns="http://www.tei-c.org/ns/1.0"><forename type="first">Dan</forename><surname>Flickinger</surname></persName>
		</author>
		<author>
			<persName xmlns="http://www.tei-c.org/ns/1.0"><forename type="first">Viktor</forename><surname>Pazna´nskipazna´nski</surname></persName>
		</author>
	</analytic>
	<monogr>
		<title level="m">Proceedings of the 7th European Workshop on Natural Language Generation</title>
		<meeting>the 7th European Workshop on Natural Language Generation<address><addrLine>Toulouse, France</addrLine></address></meeting>
		<imprint>
			<date type="published" when="1999" />
			<biblScope unit="page" from="86" to="95" />
		</imprint>
	</monogr>
</biblStruct>

<biblStruct >
	<analytic>
		<title level="a" type="main">Hybridtreeminer: An efficient algorithm for mining frequent rooted trees and free trees using canonical form</title>
		<author>
			<persName xmlns="http://www.tei-c.org/ns/1.0"><forename type="first">Yun</forename><surname>Chi</surname></persName>
		</author>
		<author>
			<persName xmlns="http://www.tei-c.org/ns/1.0"><forename type="first">Yirong</forename><surname>Yang</surname></persName>
		</author>
		<author>
			<persName xmlns="http://www.tei-c.org/ns/1.0"><forename type="first">Richard</forename><forename type="middle">R</forename><surname>Muntz</surname></persName>
		</author>
	</analytic>
	<monogr>
		<title level="m">Proceedings of the 16th International Conference on and Statistical Database Management (SSDBM)</title>
		<meeting>the 16th International Conference on and Statistical Database Management (SSDBM)<address><addrLine>Santorini Island, Greece</addrLine></address></meeting>
		<imprint>
			<publisher>IEEE Computer Society</publisher>
			<date type="published" when="2004" />
			<biblScope unit="page" from="11" to="20" />
		</imprint>
	</monogr>
</biblStruct>

<biblStruct >
	<analytic>
		<title level="a" type="main">A generalized method for iterative error mining in parsing results</title>
		<author>
			<persName xmlns="http://www.tei-c.org/ns/1.0"><forename type="first">Jianqiang</forename><surname>Daniël De Kok</surname></persName>
		</author>
		<author>
			<persName xmlns="http://www.tei-c.org/ns/1.0"><forename type="first">Gertjan</forename><surname>Ma</surname></persName>
		</author>
		<author>
			<persName xmlns="http://www.tei-c.org/ns/1.0"><surname>Van Noord</surname></persName>
		</author>
	</analytic>
	<monogr>
		<title level="m">Proceedings of the 2009 Workshop on Grammar Engineering Across Frameworks (GEAF 2009)</title>
		<meeting>the 2009 Workshop on Grammar Engineering Across Frameworks (GEAF 2009)</meeting>
		<imprint>
			<date type="published" when="2009" />
			<biblScope unit="page" from="71" to="79" />
		</imprint>
	</monogr>
	<note>Suntec, Singapore. Association for Computational Linguistics</note>
</biblStruct>

<biblStruct >
	<analytic>
		<title level="a" type="main">Spotting overgeneration suspect</title>
		<author>
			<persName xmlns="http://www.tei-c.org/ns/1.0"><forename type="first">Claire</forename><surname>Gardent</surname></persName>
		</author>
		<author>
			<persName xmlns="http://www.tei-c.org/ns/1.0"><forename type="first">Eric</forename><surname>Kow</surname></persName>
		</author>
	</analytic>
	<monogr>
		<title level="m">Proceedings of the 11th European Workshop on Natural Language Generation (ENLG)</title>
		<meeting>the 11th European Workshop on Natural Language Generation (ENLG)<address><addrLine>Germany</addrLine></address></meeting>
		<imprint>
			<date type="published" when="2007" />
			<biblScope unit="page" from="41" to="48" />
		</imprint>
	</monogr>
</biblStruct>

<biblStruct >
	<analytic>
		<title level="a" type="main">Rtg based surface realisation for tag</title>
		<author>
			<persName xmlns="http://www.tei-c.org/ns/1.0"><forename type="first">Claire</forename><surname>Gardent</surname></persName>
		</author>
		<author>
			<persName xmlns="http://www.tei-c.org/ns/1.0"><forename type="first">Laura</forename><surname>Perez-Beltrachini</surname></persName>
		</author>
	</analytic>
	<monogr>
		<title level="m">Proceedings of the 23rd International Conference on Computational Linguistics (COLING)</title>
		<meeting>the 23rd International Conference on Computational Linguistics (COLING)<address><addrLine>Beijing, China</addrLine></address></meeting>
		<imprint>
			<date type="published" when="2010" />
			<biblScope unit="page" from="367" to="375" />
		</imprint>
	</monogr>
</biblStruct>

<biblStruct >
	<analytic>
		<title level="a" type="main">Comparing the performance of two TAG-based Surface Realisers using controlled Grammar Traversal</title>
		<author>
			<persName xmlns="http://www.tei-c.org/ns/1.0"><forename type="first">Claire</forename><surname>Gardent</surname></persName>
		</author>
		<author>
			<persName xmlns="http://www.tei-c.org/ns/1.0"><forename type="first">Benjamin</forename><surname>Gottesman</surname></persName>
		</author>
		<author>
			<persName xmlns="http://www.tei-c.org/ns/1.0"><forename type="first">Laura</forename><surname>Perezbeltrachini</surname></persName>
		</author>
	</analytic>
	<monogr>
		<title level="m">Proceedings of the 23rd International Conference on Computational Linguistics (COLING-Poster session)</title>
		<meeting>the 23rd International Conference on Computational Linguistics (COLING-Poster session)<address><addrLine>Beijing, China</addrLine></address></meeting>
		<imprint>
			<date type="published" when="2010" />
			<biblScope unit="page" from="338" to="346" />
		</imprint>
	</monogr>
</biblStruct>

<biblStruct >
	<analytic>
		<title level="a" type="main">Extended constituent-to-dependency conversion for english</title>
		<author>
			<persName xmlns="http://www.tei-c.org/ns/1.0"><forename type="first">Richert</forename><surname>Johansson</surname></persName>
		</author>
		<author>
			<persName xmlns="http://www.tei-c.org/ns/1.0"><forename type="first">Pierre</forename><surname>Nugues</surname></persName>
		</author>
	</analytic>
	<monogr>
		<title level="m">Proceedings of the 16th Nordic Conference of Computational Linguistics (NODALIDA)</title>
		<meeting>the 16th Nordic Conference of Computational Linguistics (NODALIDA)<address><addrLine>Tartu, Estonia</addrLine></address></meeting>
		<imprint>
			<date type="published" when="2007" />
			<biblScope unit="page" from="105" to="112" />
		</imprint>
	</monogr>
</biblStruct>

<biblStruct >
	<analytic>
		<title level="a" type="main">The osu system for surface realization at generation challenges 2011</title>
		<author>
			<persName xmlns="http://www.tei-c.org/ns/1.0"><forename type="first">Rajakrishnan</forename><surname>Rajkumar</surname></persName>
		</author>
		<author>
			<persName xmlns="http://www.tei-c.org/ns/1.0"><forename type="first">Dominic</forename><surname>Espinosa</surname></persName>
		</author>
		<author>
			<persName xmlns="http://www.tei-c.org/ns/1.0"><forename type="first">Michael</forename><surname>White</surname></persName>
		</author>
	</analytic>
	<monogr>
		<title level="m">Proceedings of the 13th European Workshop on Natural Language Generation (ENLG)</title>
		<meeting>the 13th European Workshop on Natural Language Generation (ENLG)<address><addrLine>Nancy, France</addrLine></address></meeting>
		<imprint>
			<date type="published" when="2011" />
			<biblScope unit="page" from="236" to="238" />
		</imprint>
	</monogr>
</biblStruct>

<biblStruct >
	<analytic>
		<title level="a" type="main">Error mining for widecoverage grammar engineering</title>
		<author>
			<persName xmlns="http://www.tei-c.org/ns/1.0"><forename type="first">Benoˆıtbenoˆıt</forename><surname>Sagot</surname></persName>
		</author>
		<author>
			<persName xmlns="http://www.tei-c.org/ns/1.0"><surname>De La Clergerie</surname></persName>
		</author>
	</analytic>
	<monogr>
		<title level="m">Proceedings of the 21st International Conference on Computational Linguistics and 44th Annual Meeting of the Association for Computational Linguistics (ACL)</title>
		<meeting>the 21st International Conference on Computational Linguistics and 44th Annual Meeting of the Association for Computational Linguistics (ACL)<address><addrLine>Sydney, Australia. Gertjan van Noord; Barcelona, Spain</addrLine></address></meeting>
		<imprint>
			<date type="published" when="2004" />
			<biblScope unit="page" from="446" to="453" />
		</imprint>
	</monogr>
	<note>Proceedings of the 42nd Meeting of the Association for Computational Linguistics (ACL)</note>
</biblStruct>

			</listBibl>
		</back>
	</text>
</TEI>
