<?xml version="1.0" ?>
<TEI xmlns="http://www.tei-c.org/ns/1.0" xmlns:xlink="http://www.w3.org/1999/xlink" 
 xmlns:mml="http://www.w3.org/1998/Math/MathML">
	<teiHeader>
		<fileDesc xml:id="f_875"/>
	</teiHeader>
	<text>
		<front/>
		<body/>
		<back>
			<listBibl>
<biblStruct >
	<analytic>
		<title level="a" type="main">Sentiment analysis of twitter data</title>
		<author>
			<persName xmlns="http://www.tei-c.org/ns/1.0"><forename type="first">Apoorv</forename><surname>Agarwal</surname></persName>
		</author>
		<author>
			<persName xmlns="http://www.tei-c.org/ns/1.0"><forename type="first">Boyi</forename><surname>Xie</surname></persName>
		</author>
		<author>
			<persName xmlns="http://www.tei-c.org/ns/1.0"><forename type="first">Ilia</forename><surname>Vovsha</surname></persName>
		</author>
		<author>
			<persName xmlns="http://www.tei-c.org/ns/1.0"><forename type="first">Owen</forename><surname>Rambow</surname></persName>
		</author>
		<author>
			<persName xmlns="http://www.tei-c.org/ns/1.0"><forename type="first">Rebecca</forename><surname>Passonneau</surname></persName>
		</author>
	</analytic>
	<monogr>
		<title level="m">Proceedings of the Workshop on Languages in Social Media</title>
		<meeting>the Workshop on Languages in Social Media</meeting>
		<imprint>
			<publisher>Association for Computational Linguistics</publisher>
			<date type="published" when="2011" />
			<biblScope unit="page" from="30" to="38" />
		</imprint>
	</monogr>
</biblStruct>

<biblStruct >
	<analytic>
		<title level="a" type="main">A Shortest Path Dependency Kernel for Relation Extraction</title>
		<author>
			<persName xmlns="http://www.tei-c.org/ns/1.0"><forename type="first">Razvan</forename><surname>Bunescu</surname></persName>
		</author>
		<author>
			<persName xmlns="http://www.tei-c.org/ns/1.0"><forename type="first">Raymond</forename><surname>Mooney</surname></persName>
		</author>
	</analytic>
	<monogr>
		<title level="m">Proceedings of Human Language Technology Conference and Conference on Empirical Methods in Natural Language Processing</title>
		<meeting>Human Language Technology Conference and Conference on Empirical Methods in Natural Language Processing<address><addrLine>British Columbia, Canada</addrLine></address></meeting>
		<imprint>
			<publisher>Association for Computational Linguistics</publisher>
			<date type="published" when="2005-10" />
			<biblScope unit="page" from="724" to="731" />
		</imprint>
	</monogr>
</biblStruct>

<biblStruct >
	<analytic>
		<title level="a" type="main">Subsequence Kernels for Relation Extraction</title>
		<author>
			<persName xmlns="http://www.tei-c.org/ns/1.0"><forename type="first">Razvan</forename><surname>Bunescu</surname></persName>
		</author>
		<author>
			<persName xmlns="http://www.tei-c.org/ns/1.0"><forename type="first">Raymond</forename><surname>Mooney</surname></persName>
		</author>
	</analytic>
	<monogr>
		<title level="m">Proceedings of the 19th Conference on Neural Information Processing Systems</title>
		<editor>Y Weiss, B Sch o lkopf, and J Platt</editor>
		<meeting>the 19th Conference on Neural Information Processing Systems<address><addrLine>Cambridge, MA</addrLine></address></meeting>
		<imprint>
			<publisher>MIT Press</publisher>
			<date type="published" when="2005" />
			<biblScope unit="page" from="171" to="178" />
		</imprint>
	</monogr>
</biblStruct>

<biblStruct >
	<analytic>
		<title level="a" type="main">Convolution kernels for natural language</title>
		<author>
			<persName xmlns="http://www.tei-c.org/ns/1.0"><forename type="first">Michael</forename><surname>Collins</surname></persName>
		</author>
		<author>
			<persName xmlns="http://www.tei-c.org/ns/1.0"><forename type="first">Nigel</forename><surname>Duffy</surname></persName>
		</author>
	</analytic>
	<monogr>
		<title level="m">Proceedings of Neural Information Processing Systems</title>
		<meeting>Neural Information Processing Systems</meeting>
		<imprint>
			<date type="published" when="2001" />
			<biblScope unit="page" from="625" to="632" />
		</imprint>
	</monogr>
</biblStruct>

<biblStruct >
	<analytic>
		<title level="a" type="main">The stanford typed dependencies representation</title>
		<author>
			<persName xmlns="http://www.tei-c.org/ns/1.0"><forename type="first">Marie-Catherine</forename><surname>De Marneffe</surname></persName>
		</author>
		<author>
			<persName xmlns="http://www.tei-c.org/ns/1.0"><forename type="first">Christopher</forename><forename type="middle">D</forename><surname>Manning</surname></persName>
		</author>
	</analytic>
	<monogr>
		<title level="m">Proceedings of the COLING Workshop on Cross-Framework and Cross-Domain Parser Evaluation</title>
		<meeting>the COLING Workshop on Cross-Framework and Cross-Domain Parser Evaluation</meeting>
		<imprint>
			<publisher>Manchester</publisher>
			<date type="published" when="2008-08" />
		</imprint>
	</monogr>
</biblStruct>

<biblStruct >
	<analytic>
		<title level="a" type="main">Exploring the use of paragraph-level annotations for sentiment analysis of financial blogs</title>
		<author>
			<persName xmlns="http://www.tei-c.org/ns/1.0"><forename type="first">Paul</forename><surname>Ferguson</surname></persName>
		</author>
		<author>
			<persName xmlns="http://www.tei-c.org/ns/1.0"><forename type="first">O&amp;apos;</forename><surname>Neil</surname></persName>
		</author>
		<author>
			<persName xmlns="http://www.tei-c.org/ns/1.0"><forename type="first">Michael</forename><surname>Hare</surname></persName>
		</author>
		<author>
			<persName xmlns="http://www.tei-c.org/ns/1.0"><forename type="first">Adam</forename><surname>Davy</surname></persName>
		</author>
		<author>
			<persName xmlns="http://www.tei-c.org/ns/1.0"><forename type="first">Paraic</forename><surname>Bermingham</surname></persName>
		</author>
		<author>
			<persName xmlns="http://www.tei-c.org/ns/1.0"><forename type="first">Cathal</forename><surname>Sheridan</surname></persName>
		</author>
		<author>
			<persName xmlns="http://www.tei-c.org/ns/1.0"><forename type="first">Alan</forename><forename type="middle">F</forename><surname>Gurrin</surname></persName>
		</author>
		<author>
			<persName xmlns="http://www.tei-c.org/ns/1.0"><surname>Smeaton</surname></persName>
		</author>
	</analytic>
	<monogr>
		<title level="m">Proceedings of the Workshop on Opinion Mining and Sentiment Analysis</title>
		<meeting>the Workshop on Opinion Mining and Sentiment Analysis</meeting>
		<imprint>
			<date type="published" when="2009" />
		</imprint>
	</monogr>
</biblStruct>

<biblStruct >
	<analytic>
		<title level="a" type="main">Syntactic and semantic structure for opinion expression detection</title>
		<author>
			<persName xmlns="http://www.tei-c.org/ns/1.0"><forename type="first">Richard</forename><surname>Johansson</surname></persName>
		</author>
		<author>
			<persName xmlns="http://www.tei-c.org/ns/1.0"><forename type="first">Alessandro</forename><surname>Moschitti</surname></persName>
		</author>
	</analytic>
	<monogr>
		<title level="m">Proceedings of the Fourteenth Conference on Computational Natural Language Learning</title>
		<meeting>the Fourteenth Conference on Computational Natural Language Learning<address><addrLine>Uppsala, Sweden</addrLine></address></meeting>
		<imprint>
			<date type="published" when="2010-07" />
			<biblScope unit="page" from="67" to="76" />
		</imprint>
	</monogr>
</biblStruct>

<biblStruct >
	<analytic>
		<title level="a" type="main">Generalizing Dependency Features for Opinion Mining</title>
		<author>
			<persName xmlns="http://www.tei-c.org/ns/1.0"><forename type="first">Mahesh</forename><surname>Joshi</surname></persName>
		</author>
		<author>
			<persName xmlns="http://www.tei-c.org/ns/1.0"><forename type="first">Carolyn</forename><surname>Penstein-Rose</surname></persName>
		</author>
	</analytic>
	<monogr>
		<title level="m">Proceedings of the ACL-IJCNLP 2009 Conference Short Papers</title>
		<meeting>the ACL-IJCNLP 2009 Conference Short Papers<address><addrLine>Suntec, Singapore, jul. Suntec, Singapore</addrLine></address></meeting>
		<imprint>
			<date type="published" when="2009" />
			<biblScope unit="page" from="313" to="316" />
		</imprint>
	</monogr>
</biblStruct>

<biblStruct >
	<analytic>
		<title level="a" type="main">Accurate Unlexicalized Parsing</title>
		<author>
			<persName xmlns="http://www.tei-c.org/ns/1.0"><forename type="first">Dan</forename><surname>Klein</surname></persName>
		</author>
		<author>
			<persName xmlns="http://www.tei-c.org/ns/1.0"><surname>Christopher</surname></persName>
		</author>
		<author>
			<persName xmlns="http://www.tei-c.org/ns/1.0"><surname>Manning</surname></persName>
		</author>
	</analytic>
	<monogr>
		<title level="m">Proceedings of the 41st</title>
		<meeting>the 41st</meeting>
		<imprint>
			<date type="published" when="2003" />
		</imprint>
	</monogr>
</biblStruct>

<biblStruct >
	<analytic>
		<title level="a" type="main">Association for Computational Linguistics</title>
	</analytic>
	<monogr>
		<title level="m">Annual Meeting of the Association for Computational Linguistics</title>
		<meeting><address><addrLine>Sapporo, Japan, jul</addrLine></address></meeting>
		<imprint>
			<biblScope unit="page" from="423" to="430" />
		</imprint>
	</monogr>
</biblStruct>

<biblStruct >
	<analytic>
		<title level="a" type="main">Using neutral examples for learning polarity</title>
		<author>
			<persName xmlns="http://www.tei-c.org/ns/1.0"><forename type="first">Moshe</forename><surname>Koppel</surname></persName>
		</author>
		<author>
			<persName xmlns="http://www.tei-c.org/ns/1.0"><forename type="first">Jonathan</forename><surname>Schler</surname></persName>
		</author>
	</analytic>
	<monogr>
		<title level="m">Proceedings of International Joint Conferences on Artificial Intelligence (IJCAI) 2005</title>
		<meeting>International Joint Conferences on Artificial Intelligence (IJCAI) 2005</meeting>
		<imprint>
			<date type="published" when="2005" />
			<biblScope unit="page" from="1616" to="1616" />
		</imprint>
	</monogr>
</biblStruct>

<biblStruct >
	<analytic>
		<title level="a" type="main">Mining the peanut gallery: Opinion extraction and semantic classification of product reviews</title>
		<author>
			<persName xmlns="http://www.tei-c.org/ns/1.0"><forename type="first">Steve</forename><forename type="middle">Lawrence</forename></persName>
		</author>
		<author>
			<persName xmlns="http://www.tei-c.org/ns/1.0"><forename type="first">Kushal</forename><surname>Dave</surname></persName>
		</author>
		<author>
			<persName xmlns="http://www.tei-c.org/ns/1.0"><forename type="first">David</forename><surname>Pennock</surname></persName>
		</author>
	</analytic>
	<monogr>
		<title level="m">Proceedings of the 12th International Conference on World Wide Web</title>
		<meeting>the 12th International Conference on World Wide Web</meeting>
		<imprint>
			<publisher>ACM</publisher>
			<date type="published" when="2003" />
			<biblScope unit="page" from="519" to="528" />
		</imprint>
	</monogr>
</biblStruct>

<biblStruct >
	<analytic>
		<title level="a" type="main">Review Sentiment Scoring via a Parse-and-Paraphrase Paradigm</title>
		<author>
			<persName xmlns="http://www.tei-c.org/ns/1.0"><forename type="first">Jingjing</forename><surname>Liu</surname></persName>
		</author>
		<author>
			<persName xmlns="http://www.tei-c.org/ns/1.0"><forename type="first">Stephanie</forename><surname>Seneff</surname></persName>
		</author>
	</analytic>
	<monogr>
		<title level="m">Proceedings of the 2009 Conference on Empirical Methods in Natural Language Processing</title>
		<meeting>the 2009 Conference on Empirical Methods in Natural Language Processing<address><addrLine>Singapore; Singapore</addrLine></address></meeting>
		<imprint>
			<date type="published" when="2009-08" />
			<biblScope unit="page" from="161" to="169" />
		</imprint>
	</monogr>
</biblStruct>

<biblStruct >
	<analytic>
		<title level="a" type="main">Sentiment classification using word sub-sequences and dependency sub-trees</title>
		<author>
			<persName xmlns="http://www.tei-c.org/ns/1.0"><forename type="first">Shotaro</forename><surname>Matsumoto</surname></persName>
		</author>
		<author>
			<persName xmlns="http://www.tei-c.org/ns/1.0"><forename type="first">Hiroya</forename><surname>Takamura</surname></persName>
		</author>
		<author>
			<persName xmlns="http://www.tei-c.org/ns/1.0"><forename type="first">Manabu</forename><surname>Okumura</surname></persName>
		</author>
	</analytic>
	<monogr>
		<title level="m">Proceedings of PAKDD&apos;05, the 9th Pacific-Asia Conference on Advances in Knowledge Discovery and Data Mining</title>
		<meeting>PAKDD&apos;05, the 9th Pacific-Asia Conference on Advances in Knowledge Discovery and Data Mining</meeting>
		<imprint>
			<date type="published" when="2005" />
			<biblScope unit="volume">3518</biblScope>
			<biblScope unit="page" from="21" to="32" />
		</imprint>
	</monogr>
</biblStruct>

<biblStruct >
	<analytic>
		<title level="a" type="main">Kernels on Linguistic Structures for Answer Extraction</title>
		<author>
			<persName xmlns="http://www.tei-c.org/ns/1.0"><forename type="first">Alessandro</forename><surname>Moschitti</surname></persName>
		</author>
		<author>
			<persName xmlns="http://www.tei-c.org/ns/1.0"><forename type="first">Silvia</forename><surname>Quarteroni</surname></persName>
		</author>
	</analytic>
	<monogr>
		<title level="m">jun. Association for Computational Linguistics</title>
		<meeting><address><addrLine>Columbus, Ohio</addrLine></address></meeting>
		<imprint>
			<date type="published" when="2008" />
			<biblScope unit="page" from="113" to="116" />
		</imprint>
	</monogr>
	<note>Proceedings of ACL-08: HLT, Short Papers</note>
</biblStruct>

<biblStruct >
	<analytic>
		<title level="a" type="main">Tree kernels for semantic role labeling</title>
		<author>
			<persName xmlns="http://www.tei-c.org/ns/1.0"><forename type="first">Alessandro</forename><surname>Moschitti</surname></persName>
		</author>
		<author>
			<persName xmlns="http://www.tei-c.org/ns/1.0"><forename type="first">Daniele</forename><surname>Pighin</surname></persName>
		</author>
		<author>
			<persName xmlns="http://www.tei-c.org/ns/1.0"><forename type="first">Roberto</forename><surname>Basili</surname></persName>
		</author>
	</analytic>
	<monogr>
		<title level="j">Computational Linguistics</title>
		<imprint>
			<biblScope unit="volume">34</biblScope>
			<biblScope unit="issue">2</biblScope>
			<biblScope unit="page" from="193" to="224" />
			<date type="published" when="2008" />
		</imprint>
	</monogr>
</biblStruct>

<biblStruct >
	<analytic>
		<title level="a" type="main">Efficient Convolution Kernels for Dependency and Constituent Syntactic Trees</title>
		<author>
			<persName xmlns="http://www.tei-c.org/ns/1.0"><forename type="first">Alessandro</forename><surname>Moschitti</surname></persName>
		</author>
	</analytic>
	<monogr>
		<title level="m">Machine Learning: ECML 2006, 17th European Conference on Machine Learning, Proceedings</title>
		<meeting><address><addrLine>Berlin, Germany</addrLine></address></meeting>
		<imprint>
			<date type="published" when="2006-09" />
			<biblScope unit="page" from="318" to="329" />
		</imprint>
	</monogr>
	<note>Proceedings of the 17th European Conference on Machine Learning</note>
</biblStruct>

<biblStruct >
	<analytic>
		<title level="a" type="main">Examining the Role of Linguistic Knowledge Sources in the Automatic Identification and Classification of Reviews</title>
		<author>
			<persName xmlns="http://www.tei-c.org/ns/1.0"><forename type="first">Vincent</forename><surname>Ng</surname></persName>
		</author>
		<author>
			<persName xmlns="http://www.tei-c.org/ns/1.0"><forename type="first">Sajib</forename><surname>Dasgupta</surname></persName>
		</author>
		<author>
			<persName xmlns="http://www.tei-c.org/ns/1.0"><forename type="first">S M Niaz</forename><surname>Arifin</surname></persName>
		</author>
	</analytic>
	<monogr>
		<title level="m">Proceedings of the COLING/ACL</title>
		<meeting>the COLING/ACL</meeting>
		<imprint>
			<date type="published" when="2006" />
		</imprint>
	</monogr>
</biblStruct>

<biblStruct >
	<monogr>
				<title level="m">Main Conference Poster Sessions</title>
		<meeting><address><addrLine>Sydney, Australia, jul. Sydney, Australia</addrLine></address></meeting>
		<imprint>
			<biblScope unit="page" from="611" to="618" />
		</imprint>
	</monogr>
</biblStruct>

<biblStruct >
	<analytic>
		<title level="a" type="main">Convolution kernels on constituent, dependency and sequential structures for relation extraction</title>
		<author>
			<persName xmlns="http://www.tei-c.org/ns/1.0"><forename type="first">Alessandro</forename><surname>Truc-Vien T Nguyen</surname></persName>
		</author>
		<author>
			<persName xmlns="http://www.tei-c.org/ns/1.0"><forename type="first">Giuseppe</forename><surname>Moschitti</surname></persName>
		</author>
		<author>
			<persName xmlns="http://www.tei-c.org/ns/1.0"><surname>Riccardi</surname></persName>
		</author>
	</analytic>
	<monogr>
		<title level="m">Proceedings of the 2009 Conference on Empirical Methods in Natural Language Processing</title>
		<meeting>the 2009 Conference on Empirical Methods in Natural Language Processing</meeting>
		<imprint>
			<date type="published" when="2009" />
			<biblScope unit="page" from="1378" to="1387" />
		</imprint>
	</monogr>
</biblStruct>

<biblStruct >
	<analytic>
		<title level="a" type="main">A Sentimental Education: Sentiment Analysis Using Subjectivity Summarization Based on Minimum Cuts</title>
		<author>
			<persName xmlns="http://www.tei-c.org/ns/1.0"><forename type="first">Bo</forename><surname>Pang</surname></persName>
		</author>
		<author>
			<persName xmlns="http://www.tei-c.org/ns/1.0"><forename type="first">Lillian</forename><surname>Lee</surname></persName>
		</author>
	</analytic>
	<monogr>
		<title level="m">Proceedings of the 42nd Annual Meeting of the Association for Computational Linguistics</title>
		<meeting>the 42nd Annual Meeting of the Association for Computational Linguistics<address><addrLine>Barcelona, Spain; Barcelona, Spain</addrLine></address></meeting>
		<imprint>
			<date type="published" when="2004-06" />
			<biblScope unit="page" from="271" to="278" />
		</imprint>
	</monogr>
</biblStruct>

<biblStruct >
	<analytic>
		<title level="a" type="main">Convolution Kernels for Opinion Holder Extraction</title>
		<author>
			<persName xmlns="http://www.tei-c.org/ns/1.0"><forename type="first">Michael</forename><surname>Wiegand</surname></persName>
		</author>
		<author>
			<persName xmlns="http://www.tei-c.org/ns/1.0"><forename type="first">Dietrich</forename><surname>Klakow</surname></persName>
		</author>
	</analytic>
	<monogr>
		<title level="m">Human Language Technologies: The 2010 Annual Conference of the North American Chapter of the Association for Computational Linguistics</title>
		<meeting><address><addrLine>California, jun. Los Angeles, California</addrLine></address></meeting>
		<imprint>
			<date type="published" when="2010" />
			<biblScope unit="page" from="795" to="803" />
		</imprint>
	</monogr>
	<note>Los Angeles</note>
</biblStruct>

<biblStruct >
	<analytic>
		<title level="a" type="main">Recognizing Contextual Polarity in PhraseLevel Sentiment Analysis</title>
		<author>
			<persName xmlns="http://www.tei-c.org/ns/1.0"><forename type="first">Theresa</forename><surname>Wilson</surname></persName>
		</author>
		<author>
			<persName xmlns="http://www.tei-c.org/ns/1.0"><forename type="first">Janyce</forename><surname>Wiebe</surname></persName>
		</author>
		<author>
			<persName xmlns="http://www.tei-c.org/ns/1.0"><forename type="first">Paul</forename><surname>Hoffmann</surname></persName>
		</author>
	</analytic>
	<monogr>
		<title level="m">Proceedings of Human Language Technology Conference and Conference on Empirical Methods in Natural Language Processing</title>
		<meeting>Human Language Technology Conference and Conference on Empirical Methods in Natural Language Processing<address><addrLine>Vancouver, British Columbia, Canada</addrLine></address></meeting>
		<imprint>
			<publisher>Association for Computational Linguistics</publisher>
			<date type="published" when="2005-10" />
			<biblScope unit="page" from="347" to="354" />
		</imprint>
	</monogr>
</biblStruct>

<biblStruct >
	<analytic>
		<title level="a" type="main">Towards answering opinion questions: Separating facts from opinions and identifying the polarity of opinion sentences</title>
		<author>
			<persName xmlns="http://www.tei-c.org/ns/1.0"><forename type="first">Hong</forename><surname>Yu</surname></persName>
		</author>
		<author>
			<persName xmlns="http://www.tei-c.org/ns/1.0"><forename type="first">Vasileios</forename><surname>Hatzivassiloglou</surname></persName>
		</author>
	</analytic>
	<monogr>
		<title level="m">Proceedings of the 2003 Conference on Empirical Methods in Natural Language Processing</title>
		<meeting>the 2003 Conference on Empirical Methods in Natural Language Processing</meeting>
		<imprint>
			<publisher>Association for Computational Linguistics</publisher>
			<date type="published" when="2003" />
			<biblScope unit="page" from="129" to="136" />
		</imprint>
	</monogr>
	<note>Association for Computational Linguistics</note>
</biblStruct>

<biblStruct >
	<analytic>
		<title level="a" type="main">A Composite Kernel to Extract Relations between Entities with Both Flat and Structured Features</title>
		<author>
			<persName xmlns="http://www.tei-c.org/ns/1.0"><forename type="first">Min</forename><surname>Zhang</surname></persName>
		</author>
		<author>
			<persName xmlns="http://www.tei-c.org/ns/1.0"><forename type="first">Jie</forename><surname>Zhang</surname></persName>
		</author>
		<author>
			<persName xmlns="http://www.tei-c.org/ns/1.0"><forename type="first">Jian</forename><surname>Su</surname></persName>
		</author>
		<author>
			<persName xmlns="http://www.tei-c.org/ns/1.0"><forename type="first">Guodong</forename><surname>Zhou</surname></persName>
		</author>
	</analytic>
	<monogr>
		<title level="m">Proceedings of the 21st International Conference on Computational Linguistics and 44th Annual Meeting of the Association for Computational Linguistics</title>
		<meeting>the 21st International Conference on Computational Linguistics and 44th Annual Meeting of the Association for Computational Linguistics<address><addrLine>Sydney, Australia</addrLine></address></meeting>
		<imprint>
			<publisher>Association for Computational Linguistics</publisher>
			<date type="published" when="2006-07" />
			<biblScope unit="page" from="825" to="832" />
		</imprint>
	</monogr>
</biblStruct>

			</listBibl>
		</back>
	</text>
</TEI>
