<?xml version="1.0" ?>
<TEI xmlns="http://www.tei-c.org/ns/1.0" xmlns:xlink="http://www.w3.org/1999/xlink" 
 xmlns:mml="http://www.w3.org/1998/Math/MathML">
	<teiHeader>
		<fileDesc xml:id="f_1718"/>
	</teiHeader>
	<text>
		<front/>
		<body/>
		<back>
			<listBibl>
<biblStruct >
	<analytic>
		<title level="a" type="main">IRIS: a chat-oriented dialogue system based on the vector space model</title>
		<author>
			<persName xmlns="http://www.tei-c.org/ns/1.0"><forename type="first">R</forename><forename type="middle">E</forename><surname>Banchs</surname></persName>
		</author>
		<author>
			<persName xmlns="http://www.tei-c.org/ns/1.0"><forename type="first">H</forename><surname>Li</surname></persName>
		</author>
	</analytic>
	<monogr>
		<title level="m">Proceedings of the 50 th Annual Meeting of the ACL</title>
		<meeting>the 50 th Annual Meeting of the ACL</meeting>
		<imprint>
			<date type="published" when="2012" />
		</imprint>
	</monogr>
	<note>demo session</note>
</biblStruct>

<biblStruct >
	<analytic>
		<title level="a" type="main">The mathematics of statistical machine translation: parameter estimation</title>
		<author>
			<persName xmlns="http://www.tei-c.org/ns/1.0"><forename type="first">P</forename><surname>Brown</surname></persName>
		</author>
		<author>
			<persName xmlns="http://www.tei-c.org/ns/1.0"><forename type="first">Della</forename><surname>Pietra</surname></persName>
		</author>
		<author>
			<persName xmlns="http://www.tei-c.org/ns/1.0"><forename type="first">S</forename></persName>
		</author>
		<author>
			<persName xmlns="http://www.tei-c.org/ns/1.0"><forename type="first">Della</forename><surname>Pietra</surname></persName>
		</author>
		<author>
			<persName xmlns="http://www.tei-c.org/ns/1.0"><forename type="first">V</forename><surname>Mercer</surname></persName>
		</author>
		<author>
			<persName xmlns="http://www.tei-c.org/ns/1.0"><forename type="first">R</forename></persName>
		</author>
	</analytic>
	<monogr>
		<title level="j">Computational Linguistics</title>
		<imprint>
			<biblScope unit="volume">19</biblScope>
			<biblScope unit="issue">2</biblScope>
			<biblScope unit="page" from="263" to="311" />
			<date type="published" when="1993" />
		</imprint>
	</monogr>
</biblStruct>

<biblStruct >
	<analytic>
		<title level="a" type="main">Abduction, belief, and context in dialogue: studies in computational pragmatics</title>
		<author>
			<persName xmlns="http://www.tei-c.org/ns/1.0"><forename type="first">H</forename><surname>Bunt</surname></persName>
		</author>
	</analytic>
	<monogr>
		<title level="j">J. Benjamins</title>
		<imprint>
			<date type="published" when="2000" />
		</imprint>
	</monogr>
</biblStruct>

<biblStruct >
	<analytic>
		<title level="a" type="main">Natural language dialogue service for appointment scheduling agents</title>
		<author>
			<persName xmlns="http://www.tei-c.org/ns/1.0"><forename type="first">S</forename><surname>Busemann</surname></persName>
		</author>
		<author>
			<persName xmlns="http://www.tei-c.org/ns/1.0"><forename type="first">T</forename><surname>Declerck</surname></persName>
		</author>
		<author>
			<persName xmlns="http://www.tei-c.org/ns/1.0"><forename type="first">A</forename><surname>Diagne</surname></persName>
		</author>
		<author>
			<persName xmlns="http://www.tei-c.org/ns/1.0"><forename type="first">L</forename><surname>Dini</surname></persName>
		</author>
		<author>
			<persName xmlns="http://www.tei-c.org/ns/1.0"><forename type="first">J</forename><surname>Klein</surname></persName>
		</author>
		<author>
			<persName xmlns="http://www.tei-c.org/ns/1.0"><forename type="first">S</forename><surname>Schmeier</surname></persName>
		</author>
	</analytic>
	<monogr>
		<title level="m">Proceedings of the 5 th Conference on Applied Natural Language Processing</title>
		<meeting>the 5 th Conference on Applied Natural Language Processing</meeting>
		<imprint>
			<date type="published" when="1997" />
			<biblScope unit="page" from="25" to="32" />
		</imprint>
	</monogr>
</biblStruct>

<biblStruct >
	<monogr>
		<title level="m" type="main">The Dialogue Diversity Corpus. Accessed online on 16</title>
		<author>
			<persName xmlns="http://www.tei-c.org/ns/1.0"><forename type="first">W</forename><surname>Mann</surname></persName>
		</author>
		<ptr target="http://www-bcf.usc.edu/~billmann/diversity/DDivers-site.htm" />
		<imprint>
			<date type="published" when="2003-03" />
		</imprint>
	</monogr>
</biblStruct>

<biblStruct >
	<analytic>
		<title level="a" type="main">Annotating communicative function and semantic content in dialogue act for construction of consulting dialogue systems</title>
		<author>
			<persName xmlns="http://www.tei-c.org/ns/1.0"><forename type="first">T</forename><surname>Misu</surname></persName>
		</author>
		<author>
			<persName xmlns="http://www.tei-c.org/ns/1.0"><forename type="first">K</forename><surname>Ohtake</surname></persName>
		</author>
		<author>
			<persName xmlns="http://www.tei-c.org/ns/1.0"><forename type="first">C</forename><surname>Hori</surname></persName>
		</author>
		<author>
			<persName xmlns="http://www.tei-c.org/ns/1.0"><forename type="first">H</forename><surname>Kashioka</surname></persName>
		</author>
		<author>
			<persName xmlns="http://www.tei-c.org/ns/1.0"><forename type="first">S</forename><surname>Nakamura</surname></persName>
		</author>
	</analytic>
	<monogr>
		<title level="m">Proceedings of the Int. Conf. of Spoken Language Processing Molla-Aliod D, Vicedo J (2010) Question answering</title>
		<editor>Indurkhya and Damerau</editor>
		<meeting>the Int. Conf. of Spoken Language Processing Molla-Aliod D, Vicedo J (2010) Question answering</meeting>
		<imprint>
			<publisher>Chapman &amp; Hall</publisher>
			<date type="published" when="2009" />
			<biblScope unit="page" from="485" to="510" />
		</imprint>
	</monogr>
	<note>Handbook of Natural Language Processing</note>
</biblStruct>

<biblStruct >
	<analytic>
		<title level="a" type="main">Learning to rank relational objects and its application to Web search</title>
		<author>
			<persName xmlns="http://www.tei-c.org/ns/1.0"><forename type="first">T</forename><surname>Qin</surname></persName>
		</author>
		<author>
			<persName xmlns="http://www.tei-c.org/ns/1.0"><forename type="first">T</forename><surname>Liu</surname></persName>
		</author>
		<author>
			<persName xmlns="http://www.tei-c.org/ns/1.0"><forename type="first">X</forename><surname>Zhang</surname></persName>
		</author>
		<author>
			<persName xmlns="http://www.tei-c.org/ns/1.0"><forename type="first">D</forename><surname>Wang</surname></persName>
		</author>
		<author>
			<persName xmlns="http://www.tei-c.org/ns/1.0"><forename type="first">W</forename><surname>Xiong</surname></persName>
		</author>
		<author>
			<persName xmlns="http://www.tei-c.org/ns/1.0"><forename type="first">H</forename><surname>Li</surname></persName>
		</author>
	</analytic>
	<monogr>
		<title level="m">Proceedings of the 17th International Conference on World Wide Web</title>
		<meeting>the 17th International Conference on World Wide Web</meeting>
		<imprint>
			<date type="published" when="2008" />
			<biblScope unit="page" from="407" to="416" />
		</imprint>
	</monogr>
</biblStruct>

<biblStruct >
	<monogr>
		<title level="m" type="main">Reinforcement learning for adaptive dialogue systems: a data-driven methodology for dialogue management and natural language generation</title>
		<author>
			<persName xmlns="http://www.tei-c.org/ns/1.0"><forename type="first">V</forename><surname>Rieser</surname></persName>
		</author>
		<author>
			<persName xmlns="http://www.tei-c.org/ns/1.0"><forename type="first">O</forename><surname>Lemon</surname></persName>
		</author>
		<imprint>
			<date type="published" when="2011" />
			<publisher>Springer</publisher>
		</imprint>
	</monogr>
</biblStruct>

<biblStruct >
	<analytic>
		<title level="a" type="main">Talk&apos;n&apos;travel: a conversational system for air travel planning</title>
		<author>
			<persName xmlns="http://www.tei-c.org/ns/1.0"><forename type="first">D</forename><surname>Stallard</surname></persName>
		</author>
	</analytic>
	<monogr>
		<title level="m">Proceedings of the 6 th Conference on Applied Natural Language Processing</title>
		<meeting>the 6 th Conference on Applied Natural Language Processing</meeting>
		<imprint>
			<date type="published" when="2000" />
			<biblScope unit="page" from="68" to="75" />
		</imprint>
	</monogr>
</biblStruct>

<biblStruct >
	<analytic>
		<title level="a" type="main">A robot in the kitchen</title>
		<author>
			<persName xmlns="http://www.tei-c.org/ns/1.0"><forename type="first">P</forename><surname>Wallis</surname></persName>
		</author>
	</analytic>
	<monogr>
		<title level="m">Proceedings of the ACL 2010 Workshop on Companionable Dialogue Systems</title>
		<meeting>the ACL 2010 Workshop on Companionable Dialogue Systems</meeting>
		<imprint>
			<date type="published" when="2010" />
			<biblScope unit="page" from="25" to="30" />
		</imprint>
	</monogr>
</biblStruct>

<biblStruct >
	<analytic>
		<title level="a" type="main">ELIZA-A computer program for the study of natural language communication between man and machine</title>
		<author>
			<persName xmlns="http://www.tei-c.org/ns/1.0"><forename type="first">J</forename><surname>Weizenbaum</surname></persName>
		</author>
	</analytic>
	<monogr>
		<title level="j">Communications of the ACM</title>
		<imprint>
			<biblScope unit="volume">9</biblScope>
			<biblScope unit="issue">1</biblScope>
			<biblScope unit="page" from="36" to="45" />
			<date type="published" when="1966" />
		</imprint>
	</monogr>
</biblStruct>

<biblStruct >
	<analytic>
		<title level="a" type="main">Using Wizard-of-Oz simulations to bootstrap Reinforcement-Learningbased dialog management systems</title>
		<author>
			<persName xmlns="http://www.tei-c.org/ns/1.0"><forename type="first">J</forename><surname>Williams</surname></persName>
		</author>
		<author>
			<persName xmlns="http://www.tei-c.org/ns/1.0"><forename type="first">S</forename><surname>Young</surname></persName>
		</author>
	</analytic>
	<monogr>
		<title level="m">Proceedings of the 4 th SIGDIAL Workshop on Discourse and Dialogue</title>
		<meeting>the 4 th SIGDIAL Workshop on Discourse and Dialogue</meeting>
		<imprint>
			<date type="published" when="2003" />
		</imprint>
	</monogr>
</biblStruct>

<biblStruct >
	<analytic>
		<title level="a" type="main">On organic interfaces</title>
		<author>
			<persName xmlns="http://www.tei-c.org/ns/1.0"><forename type="first">V</forename><surname>Zue</surname></persName>
		</author>
	</analytic>
	<monogr>
		<title level="m">Proceedings of the International Conference of Spoken Language Processing</title>
		<meeting>the International Conference of Spoken Language Processing</meeting>
		<imprint>
			<date type="published" when="2007" />
		</imprint>
	</monogr>
</biblStruct>

			</listBibl>
		</back>
	</text>
</TEI>
