<?xml version="1.0" ?>
<TEI xmlns="http://www.tei-c.org/ns/1.0" xmlns:xlink="http://www.w3.org/1999/xlink" 
 xmlns:mml="http://www.w3.org/1998/Math/MathML">
	<teiHeader>
		<fileDesc xml:id="f_291"/>
	</teiHeader>
	<text>
		<front/>
		<body/>
		<back>
			<listBibl>
<biblStruct >
	<analytic>
		<title level="a" type="main">Stemming in the Language Modeling Framework</title>
		<author>
			<persName xmlns="http://www.tei-c.org/ns/1.0"><forename type="first">James</forename><surname>Allan</surname></persName>
		</author>
		<author>
			<persName xmlns="http://www.tei-c.org/ns/1.0"><forename type="first">Giridhar</forename><surname>Kumaran</surname></persName>
		</author>
	</analytic>
	<monogr>
		<title level="m">Proceedings of SIGIR</title>
		<meeting>SIGIR</meeting>
		<imprint>
			<date type="published" when="2003" />
			<biblScope unit="page" from="455" to="456" />
		</imprint>
	</monogr>
</biblStruct>

<biblStruct >
	<monogr>
		<title level="m" type="main">The CELEX Lexical Database. Release 2. LDC96L14. Linguistic Data Consortium</title>
		<author>
			<persName xmlns="http://www.tei-c.org/ns/1.0"><forename type="first">Harald</forename><forename type="middle">R</forename><surname>Baayen</surname></persName>
		</author>
		<author>
			<persName xmlns="http://www.tei-c.org/ns/1.0"><forename type="first">Richard</forename><surname>Piepenbrock</surname></persName>
		</author>
		<author>
			<persName xmlns="http://www.tei-c.org/ns/1.0"><forename type="first">Leon</forename><surname>Gulikers</surname></persName>
		</author>
		<imprint>
			<date type="published" when="1996" />
			<biblScope unit="page" from="Pennsyl" to=" vania" />
			<pubPlace>Philadelphia</pubPlace>
		</imprint>
		<respStmt>
			<orgName>University of Pennsylvania</orgName>
		</respStmt>
	</monogr>
</biblStruct>

<biblStruct >
	<analytic>
		<title level="a" type="main">Distributional Memory: A General Framework for Corpus-based Semantics</title>
		<author>
			<persName xmlns="http://www.tei-c.org/ns/1.0"><forename type="first">Marco</forename><surname>Baroni</surname></persName>
		</author>
		<author>
			<persName xmlns="http://www.tei-c.org/ns/1.0"><forename type="first">Alessandro</forename><surname>Lenci</surname></persName>
		</author>
	</analytic>
	<monogr>
		<title level="j">Computational Linguistics</title>
		<imprint>
			<biblScope unit="volume">36</biblScope>
			<biblScope unit="issue">4</biblScope>
			<biblScope unit="page" from="673" to="721" />
			<date type="published" when="2010" />
		</imprint>
	</monogr>
</biblStruct>

<biblStruct >
	<analytic>
		<title level="a" type="main">Discriminative Learning of Selectional Preference from Unlabeled Text</title>
		<author>
			<persName xmlns="http://www.tei-c.org/ns/1.0"><forename type="first">Shane</forename><surname>Bergsma</surname></persName>
		</author>
		<author>
			<persName xmlns="http://www.tei-c.org/ns/1.0"><forename type="first">Dekang</forename><surname>Lin</surname></persName>
		</author>
		<author>
			<persName xmlns="http://www.tei-c.org/ns/1.0"><forename type="first">Randy</forename><surname>Goebel</surname></persName>
		</author>
	</analytic>
	<monogr>
		<title level="m">Proceedings of EMNLP</title>
		<meeting>EMNLP<address><addrLine>Honolulu, Hawaii</addrLine></address></meeting>
		<imprint>
			<date type="published" when="2008" />
			<biblScope unit="page" from="59" to="68" />
		</imprint>
	</monogr>
</biblStruct>

<biblStruct >
	<analytic>
		<title level="a" type="main">Top Accuracy and Fast Dependency Parsing is not a Contradiction</title>
		<author>
			<persName xmlns="http://www.tei-c.org/ns/1.0"><forename type="first">Bernd</forename><surname>Bohnet</surname></persName>
		</author>
	</analytic>
	<monogr>
		<title level="m">Proceedings of the 23rd International Conference on Computational Linguistics</title>
		<meeting>the 23rd International Conference on Computational Linguistics<address><addrLine>Beijing, China</addrLine></address></meeting>
		<imprint>
			<date type="published" when="2010" />
			<biblScope unit="page" from="89" to="97" />
		</imprint>
	</monogr>
</biblStruct>

<biblStruct >
	<analytic>
		<title level="a" type="main">An Empirical Study of Smoothing Techniques for Language Modeling</title>
		<author>
			<persName xmlns="http://www.tei-c.org/ns/1.0"><forename type="first">F</forename><surname>Stanley</surname></persName>
		</author>
		<author>
			<persName xmlns="http://www.tei-c.org/ns/1.0"><forename type="first">Joshua</forename><surname>Chen</surname></persName>
		</author>
		<author>
			<persName xmlns="http://www.tei-c.org/ns/1.0"><surname>Goodman</surname></persName>
		</author>
	</analytic>
	<monogr>
		<title level="j">Computer Speech and Language</title>
		<imprint>
			<biblScope unit="volume">13</biblScope>
			<biblScope unit="issue">4</biblScope>
			<biblScope unit="page" from="359" to="394" />
			<date type="published" when="1999" />
		</imprint>
	</monogr>
</biblStruct>

<biblStruct >
	<analytic>
		<title level="a" type="main">Similarity-Based Models of Word Cooccurrence Probabilities</title>
		<author>
			<persName xmlns="http://www.tei-c.org/ns/1.0"><forename type="first">Lillian</forename><surname>Ido Dagan</surname></persName>
		</author>
		<author>
			<persName xmlns="http://www.tei-c.org/ns/1.0"><forename type="first">Fernando</forename><forename type="middle">C N</forename><surname>Lee</surname></persName>
		</author>
		<author>
			<persName xmlns="http://www.tei-c.org/ns/1.0"><surname>Pereira</surname></persName>
		</author>
	</analytic>
	<monogr>
		<title level="m">Machine Learning</title>
		<imprint>
			<date type="published" when="1999" />
			<biblScope unit="volume">34</biblScope>
			<biblScope unit="page" from="43" to="69" />
		</imprint>
	</monogr>
</biblStruct>

<biblStruct >
	<monogr>
		<title level="m" type="main">An Introduction to the Bootstrap</title>
		<author>
			<persName xmlns="http://www.tei-c.org/ns/1.0"><forename type="first">Bradley</forename><surname>Efron</surname></persName>
		</author>
		<author>
			<persName xmlns="http://www.tei-c.org/ns/1.0"><forename type="first">Robert</forename><forename type="middle">J</forename><surname>Tibshirani</surname></persName>
		</author>
		<imprint>
			<date type="published" when="1993" />
			<publisher>Chapman and Hall</publisher>
			<pubPlace>New York</pubPlace>
		</imprint>
	</monogr>
</biblStruct>

<biblStruct >
	<analytic>
		<title level="a" type="main">A Flexible, Corpus-driven Model of Regular and Inverse Selectional Preferences</title>
		<author>
			<persName xmlns="http://www.tei-c.org/ns/1.0"><forename type="first">Katrin</forename><surname>Erk</surname></persName>
		</author>
		<author>
			<persName xmlns="http://www.tei-c.org/ns/1.0"><forename type="first">Sebastian</forename><surname>Padó</surname></persName>
		</author>
		<author>
			<persName xmlns="http://www.tei-c.org/ns/1.0"><forename type="first">Ulrike</forename><surname>Padó</surname></persName>
		</author>
	</analytic>
	<monogr>
		<title level="j">Computational Linguistics</title>
		<imprint>
			<biblScope unit="volume">36</biblScope>
			<biblScope unit="issue">4</biblScope>
			<biblScope unit="page" from="723" to="763" />
			<date type="published" when="2010" />
		</imprint>
	</monogr>
</biblStruct>

<biblStruct >
	<analytic>
		<title level="a" type="main">Vector Space Models of Word Meaning and Phrase Meaning: A Survey</title>
		<author>
			<persName xmlns="http://www.tei-c.org/ns/1.0"><forename type="first">Katrin</forename><surname>Erk</surname></persName>
		</author>
	</analytic>
	<monogr>
		<title level="j">Language and Linguistics Compass</title>
		<imprint>
			<biblScope unit="volume">6</biblScope>
			<biblScope unit="issue">10</biblScope>
			<biblScope unit="page" from="635" to="653" />
			<date type="published" when="2012" />
		</imprint>
	</monogr>
</biblStruct>

<biblStruct >
	<analytic>
		<title level="a" type="main">Design and Application of a Gold Standard for Morphological Analysis: SMOR in Validation</title>
		<author>
			<persName xmlns="http://www.tei-c.org/ns/1.0"><forename type="first">Gertrud</forename><surname>Faaß</surname></persName>
		</author>
		<author>
			<persName xmlns="http://www.tei-c.org/ns/1.0"><forename type="first">Ulrich</forename><surname>Heid</surname></persName>
		</author>
		<author>
			<persName xmlns="http://www.tei-c.org/ns/1.0"><forename type="first">Helmut</forename><surname>Schmid</surname></persName>
		</author>
	</analytic>
	<monogr>
		<title level="m">Proceedings of LREC-2010</title>
		<meeting>LREC-2010</meeting>
		<imprint>
			<date type="published" when="2010" />
			<biblScope unit="page" from="803" to="810" />
		</imprint>
	</monogr>
</biblStruct>

<biblStruct >
	<analytic>
		<title level="a" type="main">Incorporating Non-local Information into Information Extraction Systems by Gibbs Sampling</title>
		<author>
			<persName xmlns="http://www.tei-c.org/ns/1.0"><forename type="first">Jenny</forename><forename type="middle">Rose</forename><surname>Finkel</surname></persName>
		</author>
		<author>
			<persName xmlns="http://www.tei-c.org/ns/1.0"><forename type="first">Trond</forename><surname>Grenager</surname></persName>
		</author>
		<author>
			<persName xmlns="http://www.tei-c.org/ns/1.0"><forename type="first">Christopher</forename><surname>Manning</surname></persName>
		</author>
	</analytic>
	<monogr>
		<title level="m">Proceedings of the 43rd Annual Meeting of the ACL</title>
		<meeting>the 43rd Annual Meeting of the ACL</meeting>
		<imprint>
			<date type="published" when="2005" />
			<biblScope unit="page" from="363" to="370" />
		</imprint>
	</monogr>
</biblStruct>

<biblStruct >
	<monogr>
		<title level="m" type="main">Statistical methods for research workers</title>
		<author>
			<persName xmlns="http://www.tei-c.org/ns/1.0"><forename type="first">Ronald Aylmer</forename><surname>Fisher</surname></persName>
		</author>
		<imprint>
			<date type="published" when="1925" />
			<publisher>Oliver and Boyd</publisher>
			<pubPlace>Edinburgh</pubPlace>
		</imprint>
	</monogr>
</biblStruct>

<biblStruct >
	<monogr>
		<title level="m" type="main">Ein computerlinguistisches Lexikon als komplexes System</title>
		<author>
			<persName xmlns="http://www.tei-c.org/ns/1.0"><forename type="first">Arne</forename><surname>Fitschen</surname></persName>
		</author>
		<imprint>
			<date type="published" when="2004" />
		</imprint>
		<respStmt>
			<orgName>IMS, Universität Stuttgart</orgName>
		</respStmt>
	</monogr>
<note type="report_type">Ph.D. thesis</note>
</biblStruct>

<biblStruct >
	<analytic>
		<title level="a" type="main">Indexing with WordNet Synsets Can Improve Text Retrieval</title>
		<author>
			<persName xmlns="http://www.tei-c.org/ns/1.0"><forename type="first">Julio</forename><surname>Gonzalo</surname></persName>
		</author>
		<author>
			<persName xmlns="http://www.tei-c.org/ns/1.0"><forename type="first">Felisa</forename><surname>Verdejo</surname></persName>
		</author>
		<author>
			<persName xmlns="http://www.tei-c.org/ns/1.0"><forename type="first">Irina</forename><surname>Chugur</surname></persName>
		</author>
		<author>
			<persName xmlns="http://www.tei-c.org/ns/1.0"><forename type="first">Juan</forename><forename type="middle">M</forename><surname>Cigarrán</surname></persName>
		</author>
	</analytic>
	<monogr>
		<title level="m">Proceedings of the COLING/ACL Workshop on Usage of WordNet in Natural Language Processing Systems</title>
		<meeting>the COLING/ACL Workshop on Usage of WordNet in Natural Language Processing Systems<address><addrLine>Montréal, Canada</addrLine></address></meeting>
		<imprint>
			<date type="published" when="1998" />
		</imprint>
	</monogr>
</biblStruct>

<biblStruct >
	<monogr>
		<title level="m" type="main">Morphology and Lexical Semantics</title>
		<author>
			<persName xmlns="http://www.tei-c.org/ns/1.0"><forename type="first">Rochelle</forename><surname>Lieber</surname></persName>
		</author>
		<imprint>
			<date type="published" when="2009" />
			<publisher>Cambridge University Press</publisher>
		</imprint>
	</monogr>
</biblStruct>

<biblStruct >
	<analytic>
		<title level="a" type="main">Cross-Lingual Distributional Profiles of Concepts for Measuring Semantic Distance</title>
		<author>
			<persName xmlns="http://www.tei-c.org/ns/1.0"><forename type="first">Saif</forename><surname>Mohammad</surname></persName>
		</author>
		<author>
			<persName xmlns="http://www.tei-c.org/ns/1.0"><forename type="first">Iryna</forename><surname>Gurevych</surname></persName>
		</author>
		<author>
			<persName xmlns="http://www.tei-c.org/ns/1.0"><forename type="first">Graeme</forename><surname>Hirst</surname></persName>
		</author>
		<author>
			<persName xmlns="http://www.tei-c.org/ns/1.0"><forename type="first">Torsten</forename><surname>Zesch</surname></persName>
		</author>
	</analytic>
	<monogr>
		<title level="m">Proceedings of the 2007 Joint Conference on EMNLP and CoNLL</title>
		<meeting>the 2007 Joint Conference on EMNLP and CoNLL<address><addrLine>Prague, Czech Republic</addrLine></address></meeting>
		<imprint>
			<date type="published" when="2007" />
			<biblScope unit="page" from="571" to="580" />
		</imprint>
	</monogr>
</biblStruct>

<biblStruct >
	<analytic>
		<title level="a" type="main">An Analysis of Ontology-based Query Expansion Strategies</title>
		<author>
			<persName xmlns="http://www.tei-c.org/ns/1.0"><forename type="first">Roberto</forename><surname>Navigli</surname></persName>
		</author>
		<author>
			<persName xmlns="http://www.tei-c.org/ns/1.0"><forename type="first">Paola</forename><surname>Velardi</surname></persName>
		</author>
	</analytic>
	<monogr>
		<title level="m">Workshop on Adaptive Text Extraction and Mining</title>
		<meeting><address><addrLine>Dubrovnik, Croatia</addrLine></address></meeting>
		<imprint>
			<date type="published" when="2003" />
		</imprint>
	</monogr>
</biblStruct>

<biblStruct >
	<analytic>
		<title level="a" type="main">A Distributional Memory for German</title>
		<author>
			<persName xmlns="http://www.tei-c.org/ns/1.0"><forename type="first">Sebastian</forename><surname>Padó</surname></persName>
		</author>
		<author>
			<persName xmlns="http://www.tei-c.org/ns/1.0"><forename type="first">Jason</forename><surname>Utt</surname></persName>
		</author>
	</analytic>
	<monogr>
		<title level="m">Proceedings of KONVENS 2012 workshop on lexical-semantic resources and applications</title>
		<meeting>KONVENS 2012 workshop on lexical-semantic resources and applications<address><addrLine>Vienna, Austria</addrLine></address></meeting>
		<imprint>
			<date type="published" when="2012" />
			<biblScope unit="page" from="462" to="470" />
		</imprint>
	</monogr>
</biblStruct>

<biblStruct >
	<analytic>
		<title level="a" type="main">Discovering Word Senses from Text</title>
		<author>
			<persName xmlns="http://www.tei-c.org/ns/1.0"><forename type="first">Patrick</forename><surname>Pantel</surname></persName>
		</author>
		<author>
			<persName xmlns="http://www.tei-c.org/ns/1.0"><forename type="first">Dekang</forename><surname>Lin</surname></persName>
		</author>
	</analytic>
	<monogr>
		<title level="m">Proceedings of ACM SIGKDD Conference on Knowledge Discovery and Data Mining</title>
		<meeting>ACM SIGKDD Conference on Knowledge Discovery and Data Mining</meeting>
		<imprint>
			<date type="published" when="2002" />
			<biblScope unit="page" from="613" to="619" />
		</imprint>
	</monogr>
</biblStruct>

<biblStruct >
	<analytic>
		<title level="a" type="main">Selectional Constraints: An Information-theoretic Model and its Computational Realization</title>
		<author>
			<persName xmlns="http://www.tei-c.org/ns/1.0"><forename type="first">Philip</forename><surname>Resnik</surname></persName>
		</author>
	</analytic>
	<monogr>
		<title level="j">Cognition</title>
		<imprint>
			<biblScope unit="page" from="127" to="159" />
			<date type="published" when="1996" />
		</imprint>
	</monogr>
</biblStruct>

<biblStruct >
	<analytic>
		<title/>
		<author>
			<persName xmlns="http://www.tei-c.org/ns/1.0"><forename type="first">Herbert</forename><surname>Rubenstein</surname></persName>
		</author>
		<author>
			<persName xmlns="http://www.tei-c.org/ns/1.0"><forename type="first">John</forename><forename type="middle">B</forename><surname>Goodenough</surname></persName>
		</author>
	</analytic>
	<monogr>
		<title level="j">Contextual Correlates of Synonymy. Communications of the ACM</title>
		<imprint>
			<biblScope unit="volume">8</biblScope>
			<biblScope unit="issue">10</biblScope>
			<biblScope unit="page" from="627" to="633" />
			<date type="published" when="1965" />
		</imprint>
	</monogr>
</biblStruct>

<biblStruct >
	<analytic>
		<title level="a" type="main">From Frequency to Meaning: Vector Space Models of Semantics</title>
		<author>
			<persName xmlns="http://www.tei-c.org/ns/1.0"><forename type="first">D</forename><surname>Peter</surname></persName>
		</author>
		<author>
			<persName xmlns="http://www.tei-c.org/ns/1.0"><forename type="first">Patrick</forename><surname>Turney</surname></persName>
		</author>
		<author>
			<persName xmlns="http://www.tei-c.org/ns/1.0"><surname>Pantel</surname></persName>
		</author>
	</analytic>
	<monogr>
		<title level="j">Journal of Artificial Intelligence Research</title>
		<imprint>
			<biblScope unit="volume">37</biblScope>
			<biblScope unit="issue">1</biblScope>
			<biblScope unit="page" from="141" to="188" />
			<date type="published" when="2010" />
		</imprint>
	</monogr>
</biblStruct>

<biblStruct >
	<analytic>
		<title level="a" type="main">Query Expansion Using Lexical-semantic Relations</title>
		<author>
			<persName xmlns="http://www.tei-c.org/ns/1.0"><forename type="first">Ellen</forename><forename type="middle">M</forename><surname>Voorhees</surname></persName>
		</author>
	</analytic>
	<monogr>
		<title level="m">Proceedings of SIGIR</title>
		<meeting>SIGIR</meeting>
		<imprint>
			<date type="published" when="1994" />
			<biblScope unit="page" from="61" to="69" />
		</imprint>
	</monogr>
</biblStruct>

<biblStruct >
	<monogr>
		<title level="m" type="main">Reader&apos;s Digest, das Beste für Deutschland</title>
		<author>
			<persName xmlns="http://www.tei-c.org/ns/1.0"><forename type="first">Dewitt</forename><surname>Wallace</surname></persName>
		</author>
		<author>
			<persName xmlns="http://www.tei-c.org/ns/1.0"><forename type="first">Lila Acheson</forename><surname>Wallace</surname></persName>
		</author>
		<imprint>
			<date type="published" when="2005" />
			<publisher>Verlag Das Beste</publisher>
			<pubPlace>Stuttgart</pubPlace>
		</imprint>
	</monogr>
</biblStruct>

<biblStruct >
	<analytic>
		<title level="a" type="main">Strictly Lexical Dependency Parsing</title>
		<author>
			<persName xmlns="http://www.tei-c.org/ns/1.0"><forename type="first">Qin Iris</forename><surname>Wang</surname></persName>
		</author>
		<author>
			<persName xmlns="http://www.tei-c.org/ns/1.0"><forename type="first">Dale</forename><surname>Schuurmans</surname></persName>
		</author>
		<author>
			<persName xmlns="http://www.tei-c.org/ns/1.0"><forename type="first">Dekang</forename><surname>Lin</surname></persName>
		</author>
	</analytic>
	<monogr>
		<title level="m">Proceedings of IWPT</title>
		<meeting>IWPT</meeting>
		<imprint>
			<date type="published" when="2005" />
			<biblScope unit="page" from="152" to="159" />
		</imprint>
	</monogr>
</biblStruct>

<biblStruct >
	<monogr>
		<title/>
		<author>
			<persName xmlns="http://www.tei-c.org/ns/1.0"><forename type="first">Britta</forename><surname>Zeller</surname></persName>
		</author>
		<author>
			<persName xmlns="http://www.tei-c.org/ns/1.0"><forename type="first">Jaň</forename><surname>Snajder</surname></persName>
		</author>
		<author>
			<persName xmlns="http://www.tei-c.org/ns/1.0"><forename type="first">Sebastian</forename><surname>Padó</surname></persName>
		</author>
		<imprint>
			<date type="published" when="2013" />
		</imprint>
	</monogr>
</biblStruct>

<biblStruct >
	<analytic>
		<title level="a" type="main">Inducing and Evaluating a Derivational Morphology Resource for German</title>
		<author>
			<persName xmlns="http://www.tei-c.org/ns/1.0"><surname>Derivbase</surname></persName>
		</author>
	</analytic>
	<monogr>
		<title level="m">Proceedings of ACL</title>
		<meeting>ACL<address><addrLine>Sofia, Bulgaria</addrLine></address></meeting>
		<imprint/>
	</monogr>
</biblStruct>

<biblStruct >
	<analytic>
		<title level="a" type="main">Comparing Wikipedia and German Wordnet by Evaluating Semantic Relatedness on Multiple Datasets</title>
		<author>
			<persName xmlns="http://www.tei-c.org/ns/1.0"><forename type="first">Torsten</forename><surname>Zesch</surname></persName>
		</author>
		<author>
			<persName xmlns="http://www.tei-c.org/ns/1.0"><forename type="first">Iryna</forename><surname>Gurevych</surname></persName>
		</author>
		<author>
			<persName xmlns="http://www.tei-c.org/ns/1.0"><forename type="first">Max</forename><surname>Mühlhäuser</surname></persName>
		</author>
	</analytic>
	<monogr>
		<title level="m">Proceedings of NAACL/HLT</title>
		<meeting>NAACL/HLT<address><addrLine>Rochester, NY</addrLine></address></meeting>
		<imprint>
			<date type="published" when="2007" />
			<biblScope unit="page" from="205" to="208" />
		</imprint>
	</monogr>
</biblStruct>

			</listBibl>
		</back>
	</text>
</TEI>
