<?xml version="1.0" ?>
<TEI xmlns="http://www.tei-c.org/ns/1.0" xmlns:xlink="http://www.w3.org/1999/xlink" 
 xmlns:mml="http://www.w3.org/1998/Math/MathML">
	<teiHeader>
		<fileDesc xml:id="f_3671"/>
	</teiHeader>
	<text>
		<front/>
		<body/>
		<back>
			<listBibl>
<biblStruct >
	<analytic>
		<title level="a" type="main">Complexity of finding embeddings in a k-tree</title>
		<author>
			<persName xmlns="http://www.tei-c.org/ns/1.0"><forename type="first">Stefan</forename><surname>Arnborg</surname></persName>
		</author>
		<author>
			<persName xmlns="http://www.tei-c.org/ns/1.0"><forename type="first">Derek</forename><forename type="middle">G</forename><surname>Corneil</surname></persName>
		</author>
		<author>
			<persName xmlns="http://www.tei-c.org/ns/1.0"><forename type="first">Andrzej</forename><surname>Proskurowski</surname></persName>
		</author>
	</analytic>
	<monogr>
		<title level="j">SIAM Journal on Algebraic and Discrete Methods</title>
		<imprint>
			<biblScope unit="volume">8</biblScope>
			<biblScope unit="issue">2</biblScope>
			<date type="published" when="1987" />
		</imprint>
	</monogr>
</biblStruct>

<biblStruct >
	<analytic>
		<title level="a" type="main">Treewidth: Algorithmic techniques and results</title>
		<author>
			<persName xmlns="http://www.tei-c.org/ns/1.0"><forename type="first">L</forename><surname>Hans</surname></persName>
		</author>
		<author>
			<persName xmlns="http://www.tei-c.org/ns/1.0"><surname>Bodlaender</surname></persName>
		</author>
	</analytic>
	<monogr>
		<title level="m">Proc. 22nd International Symposium on Mathematical Foundations of Computer Science (MFCS &apos;97)</title>
		<meeting>22nd International Symposium on Mathematical Foundations of Computer Science (MFCS &apos;97)<address><addrLine>Berlin</addrLine></address></meeting>
		<imprint>
			<publisher>Springer-Verlag</publisher>
			<date type="published" when="1997" />
			<biblScope unit="page" from="29" to="36" />
		</imprint>
	</monogr>
</biblStruct>

<biblStruct >
	<monogr>
		<title level="m" type="main">Solving connectivity problems parameterized by treewidth in single exponential time</title>
		<author>
			<persName xmlns="http://www.tei-c.org/ns/1.0"><forename type="first">Marek</forename><surname>Cygan</surname></persName>
		</author>
		<author>
			<persName xmlns="http://www.tei-c.org/ns/1.0"><forename type="first">Jesper</forename><surname>Nederlof</surname></persName>
		</author>
		<author>
			<persName xmlns="http://www.tei-c.org/ns/1.0"><forename type="first">Marcin</forename><surname>Pilipczuk</surname></persName>
		</author>
		<author>
			<persName xmlns="http://www.tei-c.org/ns/1.0"><forename type="first">Michał</forename><surname>Pilipczuk</surname></persName>
		</author>
		<author>
			<persName xmlns="http://www.tei-c.org/ns/1.0"><forename type="first">Johan</forename><forename type="middle">M M</forename><surname>Van Rooij</surname></persName>
		</author>
		<author>
			<persName xmlns="http://www.tei-c.org/ns/1.0"><forename type="first">Jakub Onufry</forename><surname>Wojtaszczyk</surname></persName>
		</author>
		<imprint>
			<date type="published" when="2011" />
		</imprint>
	</monogr>
	<note>Computing Research Repository, abs/1103.0534</note>
</biblStruct>

<biblStruct >
	<monogr>
		<title level="m" type="main">Handbook of Graph Grammars and Computing by Graph Transformation</title>
		<author>
			<persName xmlns="http://www.tei-c.org/ns/1.0"><forename type="first">Frank</forename><surname>Drewes</surname></persName>
		</author>
		<author>
			<persName xmlns="http://www.tei-c.org/ns/1.0"><forename type="first">Hans-Jörg</forename><surname>Kreowski</surname></persName>
		</author>
		<author>
			<persName xmlns="http://www.tei-c.org/ns/1.0"><forename type="first">Annegret</forename><surname>Habel</surname></persName>
		</author>
		<editor>Grzegorz Rozenberg</editor>
		<imprint>
			<date type="published" when="1997" />
			<publisher>World Scientific</publisher>
			<biblScope unit="page" from="95" to="162" />
		</imprint>
	</monogr>
	<note>Hyperedge replacement graph grammars</note>
</biblStruct>

<biblStruct >
	<analytic>
		<title level="a" type="main">Grammar factorization by tree decomposition</title>
		<author>
			<persName xmlns="http://www.tei-c.org/ns/1.0"><forename type="first">Daniel</forename><surname>Gildea</surname></persName>
		</author>
	</analytic>
	<monogr>
		<title level="j">Computational Linguistics</title>
		<imprint>
			<biblScope unit="volume">37</biblScope>
			<biblScope unit="issue">1</biblScope>
			<biblScope unit="page" from="231" to="248" />
			<date type="published" when="2011" />
		</imprint>
	</monogr>
</biblStruct>

<biblStruct >
	<analytic>
		<title level="a" type="main">A complete anytime algorithm for treewidth</title>
		<author>
			<persName xmlns="http://www.tei-c.org/ns/1.0"><forename type="first">Vibhav</forename><surname>Gogate</surname></persName>
		</author>
		<author>
			<persName xmlns="http://www.tei-c.org/ns/1.0"><forename type="first">Rina</forename><surname>Dechter</surname></persName>
		</author>
	</analytic>
	<monogr>
		<title level="m">Proceedings of the Conference on Uncertainty in Artificial Intelligence</title>
		<meeting>the Conference on Uncertainty in Artificial Intelligence</meeting>
		<imprint>
			<date type="published" when="2004" />
		</imprint>
	</monogr>
</biblStruct>

<biblStruct >
	<analytic>
		<title level="a" type="main">Semantics-based machine translation with hyperedge replacement grammars</title>
		<author>
			<persName xmlns="http://www.tei-c.org/ns/1.0"><forename type="first">Bevan</forename><surname>Jones</surname></persName>
		</author>
		<author>
			<persName xmlns="http://www.tei-c.org/ns/1.0"><forename type="first">Jacob</forename><surname>Andreas</surname></persName>
		</author>
		<author>
			<persName xmlns="http://www.tei-c.org/ns/1.0"><forename type="first">Daniel</forename><surname>Bauer</surname></persName>
		</author>
		<author>
			<persName xmlns="http://www.tei-c.org/ns/1.0"><forename type="first">Karl</forename><forename type="middle">Moritz</forename><surname>Hermann</surname></persName>
		</author>
		<author>
			<persName xmlns="http://www.tei-c.org/ns/1.0"><forename type="first">Kevin</forename><surname>Knight</surname></persName>
		</author>
	</analytic>
	<monogr>
		<title level="m">Proc. COLING</title>
		<meeting>COLING</meeting>
		<imprint>
			<date type="published" when="2012" />
		</imprint>
	</monogr>
</biblStruct>

<biblStruct >
	<analytic>
		<title level="a" type="main">Treeadjoining grammars</title>
		<author>
			<persName xmlns="http://www.tei-c.org/ns/1.0"><forename type="first">K</forename><surname>Aravind</surname></persName>
		</author>
		<author>
			<persName xmlns="http://www.tei-c.org/ns/1.0"><forename type="first">Yves</forename><surname>Joshi</surname></persName>
		</author>
		<author>
			<persName xmlns="http://www.tei-c.org/ns/1.0"><surname>Schabes</surname></persName>
		</author>
	</analytic>
	<monogr>
		<title level="m">Handbook of Formal Languages and Automata</title>
		<imprint>
			<publisher>Springer</publisher>
			<date type="published" when="1997" />
			<biblScope unit="volume">3</biblScope>
			<biblScope unit="page" from="69" to="124" />
		</imprint>
	</monogr>
	<note>Grzegorz Rozenberg and Arto Salomaa</note>
</biblStruct>

<biblStruct >
	<analytic>
		<title level="a" type="main">The complexity of graph languages generated by hyperedge replacement</title>
		<author>
			<persName xmlns="http://www.tei-c.org/ns/1.0"><forename type="first">Clemens</forename><surname>Lautemann</surname></persName>
		</author>
	</analytic>
	<monogr>
		<title level="j">Acta Informatica</title>
		<imprint>
			<biblScope unit="volume">27</biblScope>
			<biblScope unit="page" from="399" to="421" />
			<date type="published" when="1990" />
		</imprint>
	</monogr>
</biblStruct>

<biblStruct >
	<analytic>
		<title level="a" type="main">Parsing of hyperedge replacement grammars with graph parser combinators</title>
		<author>
			<persName xmlns="http://www.tei-c.org/ns/1.0"><forename type="first">Steffen</forename><surname>Mazanek</surname></persName>
		</author>
		<author>
			<persName xmlns="http://www.tei-c.org/ns/1.0"><forename type="first">Mark</forename><surname>Minas</surname></persName>
		</author>
	</analytic>
	<monogr>
		<title level="m">Proc. 7th International Workshop on Graph Transformation and Visual Modeling Techniques</title>
		<meeting>7th International Workshop on Graph Transformation and Visual Modeling Techniques</meeting>
		<imprint>
			<date type="published" when="2008" />
		</imprint>
	</monogr>
</biblStruct>

<biblStruct >
	<analytic>
		<title level="a" type="main">Lambek grammars, tree adjoining grammars and hyperedge replacement grammars</title>
		<author>
			<persName xmlns="http://www.tei-c.org/ns/1.0"><forename type="first">Richard</forename><surname>Moot</surname></persName>
		</author>
	</analytic>
	<monogr>
		<title level="m">Proc. TAG+9</title>
		<meeting>TAG+9</meeting>
		<imprint>
			<date type="published" when="2008" />
			<biblScope unit="page" from="65" to="72" />
		</imprint>
	</monogr>
</biblStruct>

<biblStruct >
	<monogr>
		<title level="m" type="main">Boundary NLC graph grammars-basic definitions, normal forms, and complexity. Information and Control</title>
		<author>
			<persName xmlns="http://www.tei-c.org/ns/1.0"><forename type="first">Grzegorz</forename><surname>Rozenberg</surname></persName>
		</author>
		<author>
			<persName xmlns="http://www.tei-c.org/ns/1.0"><forename type="first">Emo</forename><surname>Welzl</surname></persName>
		</author>
		<imprint>
			<date type="published" when="1986" />
			<biblScope unit="volume">69</biblScope>
			<biblScope unit="page" from="136" to="167" />
		</imprint>
	</monogr>
</biblStruct>

<biblStruct >
	<analytic>
		<title level="a" type="main">Principles and implementation of deductive parsing</title>
		<author>
			<persName xmlns="http://www.tei-c.org/ns/1.0"><forename type="first">M</forename><surname>Stuart</surname></persName>
		</author>
		<author>
			<persName xmlns="http://www.tei-c.org/ns/1.0"><forename type="first">Yves</forename><surname>Shieber</surname></persName>
		</author>
		<author>
			<persName xmlns="http://www.tei-c.org/ns/1.0"><forename type="first">Fernando</forename><forename type="middle">C N</forename><surname>Schabes</surname></persName>
		</author>
		<author>
			<persName xmlns="http://www.tei-c.org/ns/1.0"><surname>Pereira</surname></persName>
		</author>
	</analytic>
	<monogr>
		<title level="j">Journal of Logic Programming</title>
		<imprint>
			<biblScope unit="volume">24</biblScope>
			<biblScope unit="page" from="3" to="36" />
			<date type="published" when="1995" />
		</imprint>
	</monogr>
</biblStruct>

<biblStruct >
	<analytic>
		<title level="a" type="main">Using multiple clause constructors in inductive logic programming for semantic parsing</title>
		<author>
			<persName xmlns="http://www.tei-c.org/ns/1.0"><forename type="first">Lappoon</forename><surname>Tang</surname></persName>
		</author>
		<author>
			<persName xmlns="http://www.tei-c.org/ns/1.0"><forename type="first">Raymond</forename><surname>Mooney</surname></persName>
		</author>
	</analytic>
	<monogr>
		<title level="m">Proc. European Conference on Machine Learning</title>
		<meeting>European Conference on Machine Learning</meeting>
		<imprint>
			<date type="published" when="2001" />
		</imprint>
	</monogr>
</biblStruct>

			</listBibl>
		</back>
	</text>
</TEI>
