<?xml version="1.0" ?>
<TEI xmlns="http://www.tei-c.org/ns/1.0" xmlns:xlink="http://www.w3.org/1999/xlink" 
 xmlns:mml="http://www.w3.org/1998/Math/MathML">
	<teiHeader>
		<fileDesc xml:id="f_1774"/>
	</teiHeader>
	<text>
		<front/>
		<body/>
		<back>
			<listBibl>
<biblStruct >
	<analytic>
		<title level="a" type="main">Distortion models for statistical machine translation</title>
		<author>
			<persName xmlns="http://www.tei-c.org/ns/1.0"><forename type="first">Yaser</forename><surname>Al-Onaizan</surname></persName>
		</author>
		<author>
			<persName xmlns="http://www.tei-c.org/ns/1.0"><forename type="first">Kishore</forename><surname>Papineni</surname></persName>
		</author>
	</analytic>
	<monogr>
		<title level="m">Proceedings of the 21st International Conference on Computational Linguistics and 44th Annual Meeting of the Association for Computational Linguistics</title>
		<meeting>the 21st International Conference on Computational Linguistics and 44th Annual Meeting of the Association for Computational Linguistics<address><addrLine>Sydney, Australia</addrLine></address></meeting>
		<imprint>
			<publisher>Association for Computational Linguistics</publisher>
			<date type="published" when="2006-07" />
			<biblScope unit="page" from="529" to="536" />
		</imprint>
	</monogr>
</biblStruct>

<biblStruct >
	<analytic>
		<title level="a" type="main">A maximum entropy approach to natural language processing</title>
		<author>
			<persName xmlns="http://www.tei-c.org/ns/1.0"><forename type="first">Adam</forename><forename type="middle">L</forename><surname>Berger</surname></persName>
		</author>
		<author>
			<persName xmlns="http://www.tei-c.org/ns/1.0"><forename type="first">Vincent</forename><forename type="middle">J</forename><surname>Della Pietra</surname></persName>
		</author>
		<author>
			<persName xmlns="http://www.tei-c.org/ns/1.0"><forename type="first">Stephen</forename><forename type="middle">A</forename><surname>Della Pietra</surname></persName>
		</author>
	</analytic>
	<monogr>
		<title level="j">Comput. Linguist</title>
		<imprint>
			<biblScope unit="volume">22</biblScope>
			<biblScope unit="issue">1</biblScope>
			<biblScope unit="page" from="39" to="71" />
			<date type="published" when="1996-03" />
		</imprint>
	</monogr>
</biblStruct>

<biblStruct >
	<monogr>
		<title level="m" type="main">A gaussian prior for smoothing maximum entropy models</title>
		<author>
			<persName xmlns="http://www.tei-c.org/ns/1.0"><forename type="first">F</forename><surname>Stanley</surname></persName>
		</author>
		<author>
			<persName xmlns="http://www.tei-c.org/ns/1.0"><forename type="first">Ronald</forename><surname>Chen</surname></persName>
		</author>
		<author>
			<persName xmlns="http://www.tei-c.org/ns/1.0"><surname>Rosenfeld</surname></persName>
		</author>
		<imprint>
			<date type="published" when="1999" />
		</imprint>
	</monogr>
<note type="report_type">Technical report</note>
</biblStruct>

<biblStruct >
	<analytic>
		<title level="a" type="main">Hierarchical phrase-based translation</title>
		<author>
			<persName xmlns="http://www.tei-c.org/ns/1.0"><forename type="first">David</forename><surname>Chiang</surname></persName>
		</author>
	</analytic>
	<monogr>
		<title level="j">Computational Linguistics</title>
		<imprint>
			<biblScope unit="volume">33</biblScope>
			<biblScope unit="issue">2</biblScope>
			<biblScope unit="page" from="201" to="228" />
			<date type="published" when="2007" />
		</imprint>
	</monogr>
</biblStruct>

<biblStruct >
	<analytic>
		<title level="a" type="main">Learning preference relations from data</title>
		<author>
			<persName xmlns="http://www.tei-c.org/ns/1.0"><forename type="first">Theodoros</forename><surname>Evgniou</surname></persName>
		</author>
		<author>
			<persName xmlns="http://www.tei-c.org/ns/1.0"><forename type="first">Massimiliano</forename><surname>Pontil</surname></persName>
		</author>
	</analytic>
	<monogr>
		<title level="j">Neural Nets Lecture Notes in Computer Science</title>
		<imprint>
			<biblScope unit="volume">2486</biblScope>
			<biblScope unit="page" from="23" to="32" />
			<date type="published" when="2002" />
		</imprint>
	</monogr>
</biblStruct>

<biblStruct >
	<analytic>
		<title level="a" type="main">An efficient shift-reduce decoding algorithm for phrased-based machine translation</title>
		<author>
			<persName xmlns="http://www.tei-c.org/ns/1.0"><forename type="first">Yang</forename><surname>Feng</surname></persName>
		</author>
		<author>
			<persName xmlns="http://www.tei-c.org/ns/1.0"><forename type="first">Haitao</forename><surname>Mi</surname></persName>
		</author>
		<author>
			<persName xmlns="http://www.tei-c.org/ns/1.0"><forename type="first">Yang</forename><surname>Liu</surname></persName>
		</author>
		<author>
			<persName xmlns="http://www.tei-c.org/ns/1.0"><forename type="first">Qun</forename><surname>Liu</surname></persName>
		</author>
	</analytic>
	<monogr>
		<title level="m">Coling 2010: Posters</title>
		<meeting><address><addrLine>Beijing, China</addrLine></address></meeting>
		<imprint>
			<date type="published" when="2010-08" />
			<biblScope unit="page" from="285" to="293" />
		</imprint>
	</monogr>
</biblStruct>

<biblStruct >
	<analytic>
		<title level="a" type="main">A simple and effective hierarchical phrase reordering model</title>
		<author>
			<persName xmlns="http://www.tei-c.org/ns/1.0"><forename type="first">Michel</forename><surname>Galley</surname></persName>
		</author>
		<author>
			<persName xmlns="http://www.tei-c.org/ns/1.0"><forename type="first">Christopher</forename><forename type="middle">D</forename><surname>Manning</surname></persName>
		</author>
	</analytic>
	<monogr>
		<title level="m">Proceedings of the 2008 Conference on Empirical Methods in Natural Language Processing</title>
		<meeting>the 2008 Conference on Empirical Methods in Natural Language Processing<address><addrLine>Honolulu, Hawaii</addrLine></address></meeting>
		<imprint>
			<date type="published" when="2008" />
			<biblScope unit="page" from="848" to="856" />
		</imprint>
	</monogr>
	<note>October. Association for Computational Linguistics</note>
</biblStruct>

<biblStruct >
	<analytic>
		<title level="a" type="main">What&apos;s in a translation rule</title>
		<author>
			<persName xmlns="http://www.tei-c.org/ns/1.0"><forename type="first">Michel</forename><surname>Galley</surname></persName>
		</author>
		<author>
			<persName xmlns="http://www.tei-c.org/ns/1.0"><forename type="first">Mark</forename><surname>Hopkins</surname></persName>
		</author>
		<author>
			<persName xmlns="http://www.tei-c.org/ns/1.0"><forename type="first">Kevin</forename><surname>Knight</surname></persName>
		</author>
		<author>
			<persName xmlns="http://www.tei-c.org/ns/1.0"><forename type="first">Daniel</forename><surname>Marcu</surname></persName>
		</author>
	</analytic>
	<monogr>
		<title level="m">HLT-NAACL 2004: Main Proceedings</title>
		<editor>Daniel Marcu Susan Dumais and Salim Roukos</editor>
		<meeting><address><addrLine>Boston, Massachusetts, USA</addrLine></address></meeting>
		<imprint>
			<date type="published" when="2004-05-02" />
			<biblScope unit="page" from="273" to="280" />
		</imprint>
	</monogr>
	<note>Association for Computational Linguistics</note>
</biblStruct>

<biblStruct >
	<analytic>
		<title level="a" type="main">Overview of the patent machine translation task at the NTCIR-9 workshop</title>
		<author>
			<persName xmlns="http://www.tei-c.org/ns/1.0"><forename type="first">Isao</forename><surname>Goto</surname></persName>
		</author>
		<author>
			<persName xmlns="http://www.tei-c.org/ns/1.0"><forename type="first">Bin</forename><surname>Lu</surname></persName>
		</author>
		<author>
			<persName xmlns="http://www.tei-c.org/ns/1.0"><forename type="first">Ka</forename><forename type="middle">Po</forename><surname>Chow</surname></persName>
		</author>
		<author>
			<persName xmlns="http://www.tei-c.org/ns/1.0"><forename type="first">Eiichiro</forename><surname>Sumita</surname></persName>
		</author>
		<author>
			<persName xmlns="http://www.tei-c.org/ns/1.0"><forename type="first">Benjamin</forename><forename type="middle">K</forename><surname>Tsou</surname></persName>
		</author>
	</analytic>
	<monogr>
		<title level="m">Proceedings of NTCIR-9</title>
		<meeting>NTCIR-9</meeting>
		<imprint>
			<date type="published" when="2011" />
			<biblScope unit="page" from="559" to="578" />
		</imprint>
	</monogr>
</biblStruct>

<biblStruct >
	<analytic>
		<title level="a" type="main">Improved models of distortion cost for statistical machine translation</title>
		<author>
			<persName xmlns="http://www.tei-c.org/ns/1.0"><forename type="first">Spence</forename><surname>Green</surname></persName>
		</author>
		<author>
			<persName xmlns="http://www.tei-c.org/ns/1.0"><forename type="first">Michel</forename><surname>Galley</surname></persName>
		</author>
		<author>
			<persName xmlns="http://www.tei-c.org/ns/1.0"><forename type="first">Christopher</forename><forename type="middle">D</forename><surname>Manning</surname></persName>
		</author>
	</analytic>
	<monogr>
		<title level="m">Human Language Technologies: The 2010 Annual Conference of the North American Chapter of the Association for Computational Linguistics</title>
		<meeting><address><addrLine>Los Angeles, California</addrLine></address></meeting>
		<imprint>
			<date type="published" when="2010-06" />
			<biblScope unit="page" from="867" to="875" />
		</imprint>
	</monogr>
	<note>Association for Computational Linguistics</note>
</biblStruct>

<biblStruct >
	<analytic>
		<title level="a" type="main">Edinburgh System Description for the 2005 IWSLT Speech Translation Evaluation</title>
		<author>
			<persName xmlns="http://www.tei-c.org/ns/1.0"><forename type="first">Philipp</forename><surname>Koehn</surname></persName>
		</author>
		<author>
			<persName xmlns="http://www.tei-c.org/ns/1.0"><forename type="first">Amittai</forename><surname>Axelrod</surname></persName>
		</author>
		<author>
			<persName xmlns="http://www.tei-c.org/ns/1.0"><forename type="first">Alexandra</forename><forename type="middle">Birch</forename><surname>Mayne</surname></persName>
		</author>
		<author>
			<persName xmlns="http://www.tei-c.org/ns/1.0"><forename type="first">Chris</forename><surname>Callison-Burch</surname></persName>
		</author>
		<author>
			<persName xmlns="http://www.tei-c.org/ns/1.0"><forename type="first">Miles</forename><surname>Osborne</surname></persName>
		</author>
		<author>
			<persName xmlns="http://www.tei-c.org/ns/1.0"><forename type="first">David</forename><surname>Talbot</surname></persName>
		</author>
	</analytic>
	<monogr>
		<title level="m">Proceedings of the International Workshop on Spoken Language Translation</title>
		<meeting>the International Workshop on Spoken Language Translation</meeting>
		<imprint>
			<date type="published" when="2005" />
		</imprint>
	</monogr>
</biblStruct>

<biblStruct >
	<analytic>
		<title level="a" type="main">Moses: Open source toolkit for statistical machine translation</title>
		<author>
			<persName xmlns="http://www.tei-c.org/ns/1.0"><forename type="first">Philipp</forename><surname>Koehn</surname></persName>
		</author>
		<author>
			<persName xmlns="http://www.tei-c.org/ns/1.0"><forename type="first">Hieu</forename><surname>Hoang</surname></persName>
		</author>
		<author>
			<persName xmlns="http://www.tei-c.org/ns/1.0"><forename type="first">Alexandra</forename><surname>Birch</surname></persName>
		</author>
		<author>
			<persName xmlns="http://www.tei-c.org/ns/1.0"><forename type="first">Chris</forename><surname>Callison-Burch</surname></persName>
		</author>
		<author>
			<persName xmlns="http://www.tei-c.org/ns/1.0"><forename type="first">Marcello</forename><surname>Federico</surname></persName>
		</author>
		<author>
			<persName xmlns="http://www.tei-c.org/ns/1.0"><forename type="first">Nicola</forename><surname>Bertoldi</surname></persName>
		</author>
		<author>
			<persName xmlns="http://www.tei-c.org/ns/1.0"><forename type="first">Brooke</forename><surname>Cowan</surname></persName>
		</author>
		<author>
			<persName xmlns="http://www.tei-c.org/ns/1.0"><forename type="first">Wade</forename><surname>Shen</surname></persName>
		</author>
		<author>
			<persName xmlns="http://www.tei-c.org/ns/1.0"><forename type="first">Christine</forename><surname>Moran</surname></persName>
		</author>
		<author>
			<persName xmlns="http://www.tei-c.org/ns/1.0"><forename type="first">Richard</forename><surname>Zens</surname></persName>
		</author>
		<author>
			<persName xmlns="http://www.tei-c.org/ns/1.0"><forename type="first">Chris</forename><surname>Dyer</surname></persName>
		</author>
		<author>
			<persName xmlns="http://www.tei-c.org/ns/1.0"><forename type="first">Ondrej</forename><surname>Bojar</surname></persName>
		</author>
		<author>
			<persName xmlns="http://www.tei-c.org/ns/1.0"><forename type="first">Alexandra</forename><surname>Constantin</surname></persName>
		</author>
		<author>
			<persName xmlns="http://www.tei-c.org/ns/1.0"><forename type="first">Evan</forename><surname>Herbst</surname></persName>
		</author>
	</analytic>
	<monogr>
		<title level="m">Proceedings of the 45th Annual Meeting of the Association for Computational Linguistics Companion Volume Proceedings of the Demo and Poster Sessions</title>
		<meeting>the 45th Annual Meeting of the Association for Computational Linguistics Companion Volume the Demo and Poster Sessions<address><addrLine>Prague, Czech Republic</addrLine></address></meeting>
		<imprint>
			<publisher>Association for Computational Linguistics</publisher>
			<date type="published" when="2007-06" />
			<biblScope unit="page" from="177" to="180" />
		</imprint>
	</monogr>
</biblStruct>

<biblStruct >
	<analytic>
		<title level="a" type="main">Statistical significance tests for machine translation evaluation</title>
		<author>
			<persName xmlns="http://www.tei-c.org/ns/1.0"><forename type="first">Philipp</forename><surname>Koehn</surname></persName>
		</author>
	</analytic>
	<monogr>
		<title level="m">Proceedings of EMNLP 2004</title>
		<editor>Dekang Lin and Dekai Wu</editor>
		<meeting>EMNLP 2004<address><addrLine>Barcelona, Spain</addrLine></address></meeting>
		<imprint>
			<publisher>Association for Computational Linguistics</publisher>
			<date type="published" when="2004-07" />
			<biblScope unit="page" from="388" to="395" />
		</imprint>
	</monogr>
</biblStruct>

<biblStruct >
	<analytic>
		<title level="a" type="main">Conditional random fields: Probabilistic models for segmenting and labeling sequence data</title>
		<author>
			<persName xmlns="http://www.tei-c.org/ns/1.0"><forename type="first">J</forename><surname>Lafferty</surname></persName>
		</author>
		<author>
			<persName xmlns="http://www.tei-c.org/ns/1.0"><forename type="first">A</forename><surname>Mccallum</surname></persName>
		</author>
		<author>
			<persName xmlns="http://www.tei-c.org/ns/1.0"><forename type="first">F</forename><surname>Pereira</surname></persName>
		</author>
	</analytic>
	<monogr>
		<title level="m">Proceedings of 18th International Conference on Machine Learning</title>
		<meeting>18th International Conference on Machine Learning</meeting>
		<imprint>
			<date type="published" when="2001" />
			<biblScope unit="page" from="282" to="289" />
		</imprint>
	</monogr>
</biblStruct>

<biblStruct >
	<analytic>
		<title level="a" type="main">On the limited memory method for large scale optimization</title>
		<author>
			<persName xmlns="http://www.tei-c.org/ns/1.0"><forename type="first">D</forename><forename type="middle">C</forename><surname>Liu</surname></persName>
		</author>
		<author>
			<persName xmlns="http://www.tei-c.org/ns/1.0"><forename type="first">J</forename><surname>Nocedal</surname></persName>
		</author>
	</analytic>
	<monogr>
		<title level="j">Mathematical Programming B</title>
		<imprint>
			<biblScope unit="volume">45</biblScope>
			<biblScope unit="issue">3</biblScope>
			<biblScope unit="page" from="503" to="528" />
			<date type="published" when="1989" />
		</imprint>
	</monogr>
</biblStruct>

<biblStruct >
	<analytic>
		<title level="a" type="main">Treeto-string alignment template for statistical machine translation</title>
		<author>
			<persName xmlns="http://www.tei-c.org/ns/1.0"><forename type="first">Yang</forename><surname>Liu</surname></persName>
		</author>
		<author>
			<persName xmlns="http://www.tei-c.org/ns/1.0"><forename type="first">Qun</forename><surname>Liu</surname></persName>
		</author>
		<author>
			<persName xmlns="http://www.tei-c.org/ns/1.0"><forename type="first">Shouxun</forename><surname>Lin</surname></persName>
		</author>
	</analytic>
	<monogr>
		<title level="m">Proceedings of the 21st International Conference on Computational Linguistics and 44th Annual Meeting of the Association for Computational Linguistics</title>
		<meeting>the 21st International Conference on Computational Linguistics and 44th Annual Meeting of the Association for Computational Linguistics<address><addrLine>Sydney, Australia</addrLine></address></meeting>
		<imprint>
			<date type="published" when="2006-07" />
			<biblScope unit="page" from="609" to="616" />
		</imprint>
	</monogr>
	<note>Association for Computational Linguistics</note>
</biblStruct>

<biblStruct >
	<analytic>
		<title level="a" type="main">Handling phrase reorderings for machine translation</title>
		<author>
			<persName xmlns="http://www.tei-c.org/ns/1.0"><forename type="first">Yizhao</forename><surname>Ni</surname></persName>
		</author>
		<author>
			<persName xmlns="http://www.tei-c.org/ns/1.0"><forename type="first">Craig</forename><surname>Saunders</surname></persName>
		</author>
		<author>
			<persName xmlns="http://www.tei-c.org/ns/1.0"><forename type="first">Sandor</forename><surname>Szedmak</surname></persName>
		</author>
		<author>
			<persName xmlns="http://www.tei-c.org/ns/1.0"><forename type="first">Mahesan</forename><surname>Niranjan</surname></persName>
		</author>
	</analytic>
	<monogr>
		<title level="m">Proceedings of the ACL-IJCNLP 2009 Conference Short Papers</title>
		<meeting>the ACL-IJCNLP 2009 Conference Short Papers<address><addrLine>Suntec, Singapore</addrLine></address></meeting>
		<imprint>
			<publisher>Association for Computational Linguistics</publisher>
			<date type="published" when="2009-08" />
			<biblScope unit="page" from="241" to="244" />
		</imprint>
	</monogr>
</biblStruct>

<biblStruct >
	<analytic>
		<title level="a" type="main">Minimum error rate training in statistical machine translation</title>
		<author>
			<persName xmlns="http://www.tei-c.org/ns/1.0"><forename type="first">Franz Josef</forename><surname>Och</surname></persName>
		</author>
	</analytic>
	<monogr>
		<title level="m">Proceedings of the 41st Annual Meeting of the Association for Computational Linguistics</title>
		<meeting>the 41st Annual Meeting of the Association for Computational Linguistics<address><addrLine>Japan</addrLine></address></meeting>
		<imprint>
			<publisher>Association for Computational Linguistics</publisher>
			<date type="published" when="2003-07" />
			<biblScope unit="page" from="160" to="167" />
		</imprint>
	</monogr>
	<note>Sapporo</note>
</biblStruct>

<biblStruct >
	<analytic>
		<title level="a" type="main">Bleu: a Method for Automatic Evaluation of Machine Translation</title>
		<author>
			<persName xmlns="http://www.tei-c.org/ns/1.0"><forename type="first">Kishore</forename><surname>Papineni</surname></persName>
		</author>
		<author>
			<persName xmlns="http://www.tei-c.org/ns/1.0"><forename type="first">Salim</forename><surname>Roukos</surname></persName>
		</author>
		<author>
			<persName xmlns="http://www.tei-c.org/ns/1.0"><forename type="first">Todd</forename><surname>Ward</surname></persName>
		</author>
		<author>
			<persName xmlns="http://www.tei-c.org/ns/1.0"><forename type="first">Weijing</forename><surname>Zhu</surname></persName>
		</author>
	</analytic>
	<monogr>
		<title level="m">Proceedings of 40th Annual Meeting of the Association for Computational Linguistics</title>
		<meeting>40th Annual Meeting of the Association for Computational Linguistics</meeting>
		<imprint>
			<date type="published" when="2002" />
			<biblScope unit="page" from="311" to="318" />
		</imprint>
	</monogr>
</biblStruct>

<biblStruct >
	<analytic>
		<title level="a" type="main">A unigram orientation model for statistical machine translation</title>
		<author>
			<persName xmlns="http://www.tei-c.org/ns/1.0"><forename type="first">Christoph</forename><surname>Tillman</surname></persName>
		</author>
	</analytic>
	<monogr>
		<title level="m">HLT-NAACL 2004: Short Papers</title>
		<editor>Daniel Marcu Susan Dumais and Salim Roukos</editor>
		<meeting><address><addrLine>Boston, Massachusetts, USA</addrLine></address></meeting>
		<imprint>
			<publisher>Association for Computational Linguistics</publisher>
			<date type="published" when="2004-05-02" />
			<biblScope unit="page" from="101" to="104" />
		</imprint>
	</monogr>
</biblStruct>

<biblStruct >
	<analytic>
		<title level="a" type="main">Stochastic inversion transduction grammars and bilingual parsing of parallel corpora</title>
		<author>
			<persName xmlns="http://www.tei-c.org/ns/1.0"><forename type="first">Dekai</forename><surname>Wu</surname></persName>
		</author>
	</analytic>
	<monogr>
		<title level="j">Computational Linguistics</title>
		<imprint>
			<biblScope unit="volume">23</biblScope>
			<biblScope unit="issue">3</biblScope>
			<biblScope unit="page" from="377" to="403" />
			<date type="published" when="1997" />
		</imprint>
	</monogr>
</biblStruct>

<biblStruct >
	<analytic>
		<title level="a" type="main">Improving a statistical mt system with automatically learned rewrite patterns</title>
		<author>
			<persName xmlns="http://www.tei-c.org/ns/1.0"><forename type="first">Fei</forename><surname>Xia</surname></persName>
		</author>
		<author>
			<persName xmlns="http://www.tei-c.org/ns/1.0"><forename type="first">Michael</forename><surname>Mccord</surname></persName>
		</author>
	</analytic>
	<monogr>
		<title level="m">Proceedings of Coling</title>
		<meeting>Coling<address><addrLine>Geneva, Switzerland</addrLine></address></meeting>
		<imprint>
			<publisher>COLING</publisher>
			<date type="published" when="2004-08-23" />
			<biblScope unit="page" from="508" to="514" />
		</imprint>
	</monogr>
</biblStruct>

<biblStruct >
	<analytic>
		<title level="a" type="main">Modeling the translation of predicate-argument structure for smt</title>
		<author>
			<persName xmlns="http://www.tei-c.org/ns/1.0"><forename type="first">Deyi</forename><surname>Xiong</surname></persName>
		</author>
		<author>
			<persName xmlns="http://www.tei-c.org/ns/1.0"><forename type="first">Min</forename><surname>Zhang</surname></persName>
		</author>
		<author>
			<persName xmlns="http://www.tei-c.org/ns/1.0"><forename type="first">Haizhou</forename><surname>Li</surname></persName>
		</author>
	</analytic>
	<monogr>
		<title level="m">Proceedings of the 50th Annual Meeting of the Association for Computational Linguistics</title>
		<meeting>the 50th Annual Meeting of the Association for Computational Linguistics<address><addrLine>Jeju Island, Korea</addrLine></address></meeting>
		<imprint>
			<publisher>Association for Computational Linguistics</publisher>
			<date type="published" when="2012-07" />
			<biblScope unit="volume">1</biblScope>
			<biblScope unit="page" from="902" to="911" />
		</imprint>
	</monogr>
</biblStruct>

<biblStruct >
	<analytic>
		<title level="a" type="main">A syntaxbased statistical translation model</title>
		<author>
			<persName xmlns="http://www.tei-c.org/ns/1.0"><forename type="first">Kenji</forename><surname>Yamada</surname></persName>
		</author>
		<author>
			<persName xmlns="http://www.tei-c.org/ns/1.0"><forename type="first">Kevin</forename><surname>Knight</surname></persName>
		</author>
	</analytic>
	<monogr>
		<title level="m">Proceedings of 39th Annual Meeting of the Association for Computational Linguistics</title>
		<meeting>39th Annual Meeting of the Association for Computational Linguistics<address><addrLine>Toulouse, France</addrLine></address></meeting>
		<imprint>
			<date type="published" when="2001-07" />
			<biblScope unit="page" from="523" to="530" />
		</imprint>
	</monogr>
	<note>Association for Computational Linguistics</note>
</biblStruct>

<biblStruct >
	<analytic>
		<title level="a" type="main">Imposing constraints from the source tree on ITG constraints for SMT</title>
		<author>
			<persName xmlns="http://www.tei-c.org/ns/1.0"><forename type="first">Hirofumi</forename><surname>Yamamoto</surname></persName>
		</author>
		<author>
			<persName xmlns="http://www.tei-c.org/ns/1.0"><forename type="first">Hideo</forename><surname>Okuma</surname></persName>
		</author>
		<author>
			<persName xmlns="http://www.tei-c.org/ns/1.0"><forename type="first">Eiichiro</forename><surname>Sumita</surname></persName>
		</author>
	</analytic>
	<monogr>
		<title level="m">Proceedings of the ACL-08: HLT Second Workshop on Syntax and Structure in Statistical Translation (SSST-2)</title>
		<meeting>the ACL-08: HLT Second Workshop on Syntax and Structure in Statistical Translation (SSST-2)<address><addrLine>Columbus, Ohio</addrLine></address></meeting>
		<imprint>
			<date type="published" when="2008-06" />
			<biblScope unit="page" from="1" to="9" />
		</imprint>
	</monogr>
	<note>Association for Computational Linguistics</note>
</biblStruct>

<biblStruct >
	<analytic>
		<title level="a" type="main">Reordering constraints for phrase-based statistical machine translation</title>
		<author>
			<persName xmlns="http://www.tei-c.org/ns/1.0"><forename type="first">Richard</forename><surname>Zens</surname></persName>
		</author>
		<author>
			<persName xmlns="http://www.tei-c.org/ns/1.0"><forename type="first">Hermann</forename><surname>Ney</surname></persName>
		</author>
		<author>
			<persName xmlns="http://www.tei-c.org/ns/1.0"><forename type="first">Taro</forename><surname>Watanabe</surname></persName>
		</author>
		<author>
			<persName xmlns="http://www.tei-c.org/ns/1.0"><forename type="first">Eiichiro</forename><surname>Sumita</surname></persName>
		</author>
	</analytic>
	<monogr>
		<title level="m">Proceedings of Coling</title>
		<meeting>Coling<address><addrLine>Geneva, Switzerland</addrLine></address></meeting>
		<imprint>
			<publisher>COLING</publisher>
			<date type="published" when="2004-08-23" />
			<biblScope unit="page" from="205" to="211" />
		</imprint>
	</monogr>
</biblStruct>

			</listBibl>
		</back>
	</text>
</TEI>
