<?xml version="1.0" ?>
<TEI xmlns="http://www.tei-c.org/ns/1.0" xmlns:xlink="http://www.w3.org/1999/xlink" 
 xmlns:mml="http://www.w3.org/1998/Math/MathML">
	<teiHeader>
		<fileDesc xml:id="f_3098"/>
	</teiHeader>
	<text>
		<front/>
		<body/>
		<back>
			<listBibl>
<biblStruct >
	<analytic>
		<title level="a" type="main">The retreat from overgeneralization in child language acquisition: word learning, morphology and verb argument structure</title>
		<author>
			<persName xmlns="http://www.tei-c.org/ns/1.0"><forename type="first">Ben</forename><surname>Ambridge</surname></persName>
		</author>
		<author>
			<persName xmlns="http://www.tei-c.org/ns/1.0"><forename type="first">Julian</forename><surname>Pine</surname></persName>
		</author>
		<author>
			<persName xmlns="http://www.tei-c.org/ns/1.0"><forename type="first">Caroline</forename><surname>Rowland</surname></persName>
		</author>
		<author>
			<persName xmlns="http://www.tei-c.org/ns/1.0"><forename type="first">Franklin</forename><surname>Chang</surname></persName>
		</author>
		<author>
			<persName xmlns="http://www.tei-c.org/ns/1.0"><forename type="first">Amy</forename><surname>Bidgood</surname></persName>
		</author>
	</analytic>
	<monogr>
		<title level="j">Wiley Interdisciplinary Reviews: Cognitive Science</title>
		<imprint>
			<biblScope unit="volume">4</biblScope>
			<biblScope unit="issue">1</biblScope>
			<biblScope unit="page" from="47" to="62" />
			<date type="published" when="2013" />
		</imprint>
	</monogr>
</biblStruct>

<biblStruct >
	<analytic>
		<title level="a" type="main">Modeling the acquisition of mental state verbs</title>
		<author>
			<persName xmlns="http://www.tei-c.org/ns/1.0"><forename type="first">Libby</forename><surname>Barak</surname></persName>
		</author>
		<author>
			<persName xmlns="http://www.tei-c.org/ns/1.0"><forename type="first">Afsaneh</forename><surname>Fazly</surname></persName>
		</author>
		<author>
			<persName xmlns="http://www.tei-c.org/ns/1.0"><forename type="first">Suzanne</forename><surname>Stevenson</surname></persName>
		</author>
	</analytic>
	<monogr>
		<title level="m">Proceedings of the 3rd Workshop on Cognitive Modeling and Computational Linguistics</title>
		<meeting>the 3rd Workshop on Cognitive Modeling and Computational Linguistics</meeting>
		<imprint>
			<date type="published" when="2012" />
			<biblScope unit="page" from="1" to="10" />
		</imprint>
	</monogr>
	<note>Association for Computational Linguistics</note>
</biblStruct>

<biblStruct >
	<monogr>
		<title level="m" type="main">Cognitive adaptations for social exchange. The Adapted Mind</title>
		<author>
			<persName xmlns="http://www.tei-c.org/ns/1.0"><forename type="first">Leda</forename><surname>Cosmides</surname></persName>
		</author>
		<author>
			<persName xmlns="http://www.tei-c.org/ns/1.0"><forename type="first">John</forename><surname>Tooby</surname></persName>
		</author>
		<imprint>
			<date type="published" when="1992" />
			<biblScope unit="page" from="163" to="228" />
		</imprint>
	</monogr>
</biblStruct>

<biblStruct >
	<analytic>
		<title level="a" type="main">The need for quantitative methods in syntax and semantics research</title>
		<author>
			<persName xmlns="http://www.tei-c.org/ns/1.0"><forename type="first">Edward</forename><surname>Gibson</surname></persName>
		</author>
		<author>
			<persName xmlns="http://www.tei-c.org/ns/1.0"><forename type="first">Evelina</forename><surname>Fedorenko</surname></persName>
		</author>
	</analytic>
	<monogr>
		<title level="j">Language and Cognitive Processes</title>
		<imprint>
			<biblScope unit="volume">28</biblScope>
			<biblScope unit="issue">1-2</biblScope>
			<biblScope unit="page" from="88" to="124" />
			<date type="published" when="2013" />
		</imprint>
	</monogr>
</biblStruct>

<biblStruct >
	<analytic>
		<title level="a" type="main">Shallow semantic parsing based on framenet, verbnet and propbank</title>
		<author>
			<persName xmlns="http://www.tei-c.org/ns/1.0"><forename type="first">Ana-</forename></persName>
		</author>
		<author>
			<persName xmlns="http://www.tei-c.org/ns/1.0"><forename type="first">Maria</forename><surname>Giuglea</surname></persName>
		</author>
		<author>
			<persName xmlns="http://www.tei-c.org/ns/1.0"><forename type="first">Alessandro</forename><surname>Moschitti</surname></persName>
		</author>
	</analytic>
	<monogr>
		<title level="m">Proceedings of the 217th</title>
		<meeting>the 217th</meeting>
		<imprint>
			<date type="published" when="2006" />
		</imprint>
	</monogr>
</biblStruct>

<biblStruct >
	<monogr>
				<title level="m">European Conference on Artificial Intelligence</title>
		<meeting><address><addrLine>Amsterdam, The Netherlands, The Netherlands</addrLine></address></meeting>
		<imprint>
			<publisher>IOS Press</publisher>
			<biblScope unit="page" from="563" to="567" />
		</imprint>
	</monogr>
</biblStruct>

<biblStruct >
	<analytic>
		<title level="a" type="main">The structural sources of verb meanings</title>
		<author>
			<persName xmlns="http://www.tei-c.org/ns/1.0"><forename type="first">Lila</forename><surname>Gleitman</surname></persName>
		</author>
	</analytic>
	<monogr>
		<title level="j">Language Acquisition</title>
		<imprint>
			<biblScope unit="volume">1</biblScope>
			<biblScope unit="issue">1</biblScope>
			<biblScope unit="page" from="3" to="55" />
			<date type="published" when="1990" />
		</imprint>
	</monogr>
</biblStruct>

<biblStruct >
	<monogr>
		<title level="m" type="main">Constructions: A Construction Grammar approach to argument structure</title>
		<author>
			<persName xmlns="http://www.tei-c.org/ns/1.0"><forename type="first">Adele</forename><forename type="middle">E</forename><surname>Goldberg</surname></persName>
		</author>
		<imprint>
			<date type="published" when="1995" />
			<publisher>University of Chicago Press</publisher>
		</imprint>
	</monogr>
</biblStruct>

<biblStruct >
	<analytic>
		<title level="a" type="main">A general feature space for automatic verb classification</title>
		<author>
			<persName xmlns="http://www.tei-c.org/ns/1.0"><forename type="first">Eric</forename><surname>Joanis</surname></persName>
		</author>
		<author>
			<persName xmlns="http://www.tei-c.org/ns/1.0"><forename type="first">Suzanne</forename><surname>Stevenson</surname></persName>
		</author>
		<author>
			<persName xmlns="http://www.tei-c.org/ns/1.0"><forename type="first">David</forename><surname>James</surname></persName>
		</author>
	</analytic>
	<monogr>
		<title level="j">Natural Language Engineering</title>
		<imprint>
			<biblScope unit="volume">14</biblScope>
			<biblScope unit="issue">3</biblScope>
			<biblScope unit="page" from="337" to="367" />
			<date type="published" when="2008" />
		</imprint>
	</monogr>
</biblStruct>

<biblStruct >
	<monogr>
		<title level="m" type="main">Argument Realization</title>
		<author>
			<persName xmlns="http://www.tei-c.org/ns/1.0"><forename type="first">Beth</forename><surname>Levin</surname></persName>
		</author>
		<author>
			<persName xmlns="http://www.tei-c.org/ns/1.0"><forename type="first">Malka</forename><forename type="middle">Rappaport</forename><surname>Hovav</surname></persName>
		</author>
		<imprint>
			<date type="published" when="2005" />
			<publisher>Cambridge University Press</publisher>
		</imprint>
	</monogr>
</biblStruct>

<biblStruct >
	<monogr>
		<title level="m" type="main">English Verb Classes and Alternations: A preliminary Investigation</title>
		<author>
			<persName xmlns="http://www.tei-c.org/ns/1.0"><forename type="first">Beth</forename><surname>Levin</surname></persName>
		</author>
		<imprint>
			<date type="published" when="1993" />
			<publisher>University of Chicago press</publisher>
		</imprint>
	</monogr>
</biblStruct>

<biblStruct >
	<analytic>
		<title level="a" type="main">Using lexico-syntactic ontology design patterns for ontology creation and population</title>
		<author>
			<persName xmlns="http://www.tei-c.org/ns/1.0"><forename type="first">Diana</forename><surname>Maynard</surname></persName>
		</author>
		<author>
			<persName xmlns="http://www.tei-c.org/ns/1.0"><forename type="first">Adam</forename><surname>Funk</surname></persName>
		</author>
		<author>
			<persName xmlns="http://www.tei-c.org/ns/1.0"><forename type="first">Wim</forename><surname>Peters</surname></persName>
		</author>
	</analytic>
	<monogr>
		<title level="m">Proc. of the Workshop on Ontology Patterns</title>
		<meeting>of the Workshop on Ontology Patterns</meeting>
		<imprint>
			<date type="published" when="2009" />
		</imprint>
	</monogr>
</biblStruct>

<biblStruct >
	<analytic>
		<title level="a" type="main">Generalizing between form and meaning using learned verb classes</title>
		<author>
			<persName xmlns="http://www.tei-c.org/ns/1.0"><forename type="first">Christopher</forename><surname>Parisien</surname></persName>
		</author>
		<author>
			<persName xmlns="http://www.tei-c.org/ns/1.0"><forename type="first">Suzanne</forename><surname>Stevenson</surname></persName>
		</author>
	</analytic>
	<monogr>
		<title level="m">Proceedings of the 33rd Annual Meeting of the Cognitive Science Society. Citeseer</title>
		<meeting>the 33rd Annual Meeting of the Cognitive Science Society. Citeseer</meeting>
		<imprint>
			<date type="published" when="2011" />
		</imprint>
	</monogr>
</biblStruct>

<biblStruct >
	<analytic>
		<title level="a" type="main">The benefits of a model of annotation</title>
		<author>
			<persName xmlns="http://www.tei-c.org/ns/1.0"><forename type="first">J</forename><surname>Rebecca</surname></persName>
		</author>
		<author>
			<persName xmlns="http://www.tei-c.org/ns/1.0"><forename type="first">Bob</forename><surname>Passonneau</surname></persName>
		</author>
		<author>
			<persName xmlns="http://www.tei-c.org/ns/1.0"><surname>Carpenter</surname></persName>
		</author>
	</analytic>
	<monogr>
		<title level="m">Proceedings of the 7th Linguistic Annotation Workshop and Interoperability with Discourse</title>
		<meeting>the 7th Linguistic Annotation Workshop and Interoperability with Discourse</meeting>
		<imprint>
			<date type="published" when="2013" />
			<biblScope unit="page" from="187" to="195" />
		</imprint>
	</monogr>
</biblStruct>

<biblStruct >
	<monogr>
		<title level="m" type="main">Language Learnability and Language Development</title>
		<author>
			<persName xmlns="http://www.tei-c.org/ns/1.0"><forename type="first">Steven</forename><surname>Pinker</surname></persName>
		</author>
		<imprint>
			<date type="published" when="1984" />
			<publisher>Harvard University Press</publisher>
		</imprint>
	</monogr>
</biblStruct>

<biblStruct >
	<monogr>
		<title level="m" type="main">Learnability and Cognition: The Acquisition of Argument Structure</title>
		<author>
			<persName xmlns="http://www.tei-c.org/ns/1.0"><forename type="first">Steven</forename><surname>Pinker</surname></persName>
		</author>
		<imprint>
			<date type="published" when="1989" />
			<publisher>MIT Press</publisher>
		</imprint>
	</monogr>
</biblStruct>

<biblStruct >
	<monogr>
		<title level="m" type="main">The phrase detective multilingual corpus, release 0.1. In Collaborative Resource Development and Delivery Workshop Programme</title>
		<author>
			<persName xmlns="http://www.tei-c.org/ns/1.0"><forename type="first">Massimo</forename><surname>Poesio</surname></persName>
		</author>
		<author>
			<persName xmlns="http://www.tei-c.org/ns/1.0"><forename type="first">Jon</forename><surname>Chamberlain</surname></persName>
		</author>
		<author>
			<persName xmlns="http://www.tei-c.org/ns/1.0"><forename type="first">Udo</forename><surname>Kruschwitz</surname></persName>
		</author>
		<author>
			<persName xmlns="http://www.tei-c.org/ns/1.0"><forename type="first">Livio</forename><surname>Robaldo</surname></persName>
		</author>
		<author>
			<persName xmlns="http://www.tei-c.org/ns/1.0"><forename type="first">Luca</forename><surname>Ducceschi</surname></persName>
		</author>
		<imprint>
			<date type="published" when="2012" />
			<biblScope unit="page">34</biblScope>
		</imprint>
	</monogr>
</biblStruct>

<biblStruct >
	<analytic>
		<title level="a" type="main">How to get the most out of your curation effort</title>
		<author>
			<persName xmlns="http://www.tei-c.org/ns/1.0"><forename type="first">Andrey</forename><surname>Rzhetsky</surname></persName>
		</author>
		<author>
			<persName xmlns="http://www.tei-c.org/ns/1.0"><forename type="first">Hagit</forename><surname>Shatkay</surname></persName>
		</author>
		<author>
			<persName xmlns="http://www.tei-c.org/ns/1.0"><forename type="first">W John</forename><surname>Wilbur</surname></persName>
		</author>
	</analytic>
	<monogr>
		<title level="j">PLoS Computational Biology</title>
		<imprint>
			<biblScope unit="volume">5</biblScope>
			<biblScope unit="issue">5</biblScope>
			<biblScope unit="page" from="1" to="13" />
			<date type="published" when="2009" />
		</imprint>
	</monogr>
</biblStruct>

<biblStruct >
	<analytic>
		<title level="a" type="main">Unsupervised semantic role labeling</title>
		<author>
			<persName xmlns="http://www.tei-c.org/ns/1.0"><forename type="first">S</forename><surname>Robert</surname></persName>
		</author>
		<author>
			<persName xmlns="http://www.tei-c.org/ns/1.0"><forename type="first">Suzanne</forename><surname>Swier</surname></persName>
		</author>
		<author>
			<persName xmlns="http://www.tei-c.org/ns/1.0"><surname>Stevenson</surname></persName>
		</author>
	</analytic>
	<monogr>
		<title level="m">Proceedings of the Generative Lexicon Conference</title>
		<meeting>the Generative Lexicon Conference</meeting>
		<imprint>
			<date type="published" when="2004" />
			<biblScope unit="volume">95</biblScope>
			<biblScope unit="page">102</biblScope>
		</imprint>
	</monogr>
</biblStruct>

<biblStruct >
	<analytic>
		<title level="a" type="main">Whose vote should count more: Optimal integration of labels from labelers of unknown expertise</title>
		<author>
			<persName xmlns="http://www.tei-c.org/ns/1.0"><forename type="first">Jacob</forename><surname>Whitehill</surname></persName>
		</author>
		<author>
			<persName xmlns="http://www.tei-c.org/ns/1.0"><forename type="first">Paul</forename><surname>Ruvolo</surname></persName>
		</author>
		<author>
			<persName xmlns="http://www.tei-c.org/ns/1.0"><forename type="first">Tingfan</forename><surname>Wu</surname></persName>
		</author>
		<author>
			<persName xmlns="http://www.tei-c.org/ns/1.0"><forename type="first">Jacob</forename><surname>Bergsma</surname></persName>
		</author>
		<author>
			<persName xmlns="http://www.tei-c.org/ns/1.0"><forename type="first">Javier</forename><forename type="middle">R</forename><surname>Movellan</surname></persName>
		</author>
	</analytic>
	<monogr>
		<title level="m">Advances in Neural Information Processing Systems</title>
		<imprint>
			<date type="published" when="2009" />
			<biblScope unit="volume">22</biblScope>
			<biblScope unit="page" from="2035" to="2043" />
		</imprint>
	</monogr>
</biblStruct>

<biblStruct >
	<analytic>
		<title level="a" type="main">The encoding of lexical implications in verbnet: Predicates of change of locations</title>
		<author>
			<persName xmlns="http://www.tei-c.org/ns/1.0"><forename type="first">Annie</forename><surname>Zaenen</surname></persName>
		</author>
		<author>
			<persName xmlns="http://www.tei-c.org/ns/1.0"><forename type="first">G</forename><surname>Daniel</surname></persName>
		</author>
		<author>
			<persName xmlns="http://www.tei-c.org/ns/1.0"><forename type="first">Cleo</forename><surname>Bobrow</surname></persName>
		</author>
		<author>
			<persName xmlns="http://www.tei-c.org/ns/1.0"><surname>Condoravdi</surname></persName>
		</author>
	</analytic>
	<monogr>
		<title level="m">Language Resources Evaluation Conference</title>
		<imprint>
			<date type="published" when="2008" />
		</imprint>
	</monogr>
</biblStruct>

			</listBibl>
		</back>
	</text>
</TEI>
