<?xml version="1.0" ?>
<TEI xmlns="http://www.tei-c.org/ns/1.0" xmlns:xlink="http://www.w3.org/1999/xlink" 
 xmlns:mml="http://www.w3.org/1998/Math/MathML">
	<teiHeader>
		<fileDesc xml:id="f_2853"/>
	</teiHeader>
	<text>
		<front/>
		<body/>
		<back>
			<listBibl>
<biblStruct >
	<analytic>
		<title level="a" type="main">A Comprehensive Gold Standard for the Enron Organizational Hierarchy</title>
		<author>
			<persName xmlns="http://www.tei-c.org/ns/1.0"><forename type="first">Apoorv</forename><surname>Agarwal</surname></persName>
		</author>
		<author>
			<persName xmlns="http://www.tei-c.org/ns/1.0"><forename type="first">Adinoyi</forename><surname>Omuya</surname></persName>
		</author>
		<author>
			<persName xmlns="http://www.tei-c.org/ns/1.0"><forename type="first">Aaron</forename><surname>Harnly</surname></persName>
		</author>
		<author>
			<persName xmlns="http://www.tei-c.org/ns/1.0"><forename type="first">Owen</forename><surname>Rambow</surname></persName>
		</author>
	</analytic>
	<monogr>
		<title level="m">Proceedings of the 50th Annual Meeting of the ACL (Short Papers)</title>
		<meeting>the 50th Annual Meeting of the ACL (Short Papers)<address><addrLine>Jeju Island, Korea</addrLine></address></meeting>
		<imprint>
			<publisher>Association for Computational Linguistics</publisher>
			<date type="published" when="2012-07" />
			<biblScope unit="page" from="161" to="165" />
		</imprint>
	</monogr>
</biblStruct>

<biblStruct >
	<analytic>
		<title level="a" type="main">Controlling the false discovery rate: a practical and powerful approach to multiple testing</title>
		<author>
			<persName xmlns="http://www.tei-c.org/ns/1.0"><forename type="first">Yoav</forename><surname>Benjamini</surname></persName>
		</author>
		<author>
			<persName xmlns="http://www.tei-c.org/ns/1.0"><forename type="first">Yosef</forename><surname>Hochberg</surname></persName>
		</author>
	</analytic>
	<monogr>
		<title level="j">Journal of the Royal Statistical Society. Series B (Methodological)</title>
		<imprint>
			<biblScope unit="page" from="289" to="300" />
			<date type="published" when="1995" />
		</imprint>
	</monogr>
</biblStruct>

<biblStruct >
	<analytic>
		<title level="a" type="main">Detecting influencers in written online conversations</title>
		<author>
			<persName xmlns="http://www.tei-c.org/ns/1.0"><forename type="first">Sara</forename><surname>Or Biran</surname></persName>
		</author>
		<author>
			<persName xmlns="http://www.tei-c.org/ns/1.0"><forename type="first">Jacob</forename><surname>Rosenthal</surname></persName>
		</author>
		<author>
			<persName xmlns="http://www.tei-c.org/ns/1.0"><forename type="first">Kathleen</forename><surname>Andreas</surname></persName>
		</author>
		<author>
			<persName xmlns="http://www.tei-c.org/ns/1.0"><forename type="first">Owen</forename><surname>Mckeown</surname></persName>
		</author>
		<author>
			<persName xmlns="http://www.tei-c.org/ns/1.0"><surname>Rambow</surname></persName>
		</author>
	</analytic>
	<monogr>
		<title level="m">Proceedings of the Second Workshop on Language in Social Media</title>
		<meeting>the Second Workshop on Language in Social Media<address><addrLine>Montréal, Canada</addrLine></address></meeting>
		<imprint>
			<publisher>Association for Computational Linguistics</publisher>
			<date type="published" when="2012-06" />
			<biblScope unit="page" from="37" to="45" />
		</imprint>
	</monogr>
</biblStruct>

<biblStruct >
	<analytic>
		<title level="a" type="main">Extracting social power relationships from natural language</title>
		<author>
			<persName xmlns="http://www.tei-c.org/ns/1.0"><forename type="first">Philip</forename><surname>Bramsen</surname></persName>
		</author>
		<author>
			<persName xmlns="http://www.tei-c.org/ns/1.0"><forename type="first">Martha</forename><surname>Escobar-Molano</surname></persName>
		</author>
		<author>
			<persName xmlns="http://www.tei-c.org/ns/1.0"><forename type="first">Ami</forename><surname>Patel</surname></persName>
		</author>
		<author>
			<persName xmlns="http://www.tei-c.org/ns/1.0"><forename type="first">Rafael</forename><surname>Alonso</surname></persName>
		</author>
	</analytic>
	<monogr>
		<title level="m">Proceedings of the 49th Annual Meeting of the Association for Computational Linguistics: Human Language Technologies</title>
		<meeting>the 49th Annual Meeting of the Association for Computational Linguistics: Human Language Technologies<address><addrLine>Portland, Oregon, USA</addrLine></address></meeting>
		<imprint>
			<publisher>Association for Computational Linguistics</publisher>
			<date type="published" when="2011-06" />
			<biblScope unit="page" from="773" to="782" />
		</imprint>
	</monogr>
</biblStruct>

<biblStruct >
	<analytic>
		<title level="a" type="main">Echoes of power: language effects and power differences in social interaction</title>
		<author>
			<persName xmlns="http://www.tei-c.org/ns/1.0"><forename type="first">Cristian</forename><surname>Danescu-Niculescu-Mizil</surname></persName>
		</author>
		<author>
			<persName xmlns="http://www.tei-c.org/ns/1.0"><forename type="first">Lillian</forename><surname>Lee</surname></persName>
		</author>
		<author>
			<persName xmlns="http://www.tei-c.org/ns/1.0"><forename type="first">Bo</forename><surname>Pang</surname></persName>
		</author>
		<author>
			<persName xmlns="http://www.tei-c.org/ns/1.0"><forename type="first">Jon</forename><surname>Kleinberg</surname></persName>
		</author>
	</analytic>
	<monogr>
		<title level="m">Proceedings of the 21st international conference on World Wide Web, WWW &apos;12</title>
		<meeting>the 21st international conference on World Wide Web, WWW &apos;12<address><addrLine>New York, NY, USA</addrLine></address></meeting>
		<imprint>
			<publisher>ACM</publisher>
			<date type="published" when="2012" />
		</imprint>
	</monogr>
</biblStruct>

<biblStruct >
	<analytic>
		<title level="a" type="main">A computational approach to politeness with application to social factors</title>
		<author>
			<persName xmlns="http://www.tei-c.org/ns/1.0"><forename type="first">Cristian</forename><surname>Danescu-Niculescu-Mizil</surname></persName>
		</author>
		<author>
			<persName xmlns="http://www.tei-c.org/ns/1.0"><forename type="first">Moritz</forename><surname>Sudhof</surname></persName>
		</author>
		<author>
			<persName xmlns="http://www.tei-c.org/ns/1.0"><forename type="first">Dan</forename><surname>Jurafsky</surname></persName>
		</author>
		<author>
			<persName xmlns="http://www.tei-c.org/ns/1.0"><forename type="first">Jure</forename><surname>Leskovec</surname></persName>
		</author>
		<author>
			<persName xmlns="http://www.tei-c.org/ns/1.0"><forename type="first">Christopher</forename><surname>Potts</surname></persName>
		</author>
	</analytic>
	<monogr>
		<title level="m">Proceedings of the 51st Annual Meeting of the Association for Computational Linguistics</title>
		<meeting>the 51st Annual Meeting of the Association for Computational Linguistics<address><addrLine>Sofia, Bulgaria</addrLine></address></meeting>
		<imprint>
			<publisher>Association for Computational Linguistics</publisher>
			<date type="published" when="2013-08" />
			<biblScope unit="volume">1</biblScope>
			<biblScope unit="page" from="250" to="259" />
		</imprint>
	</monogr>
</biblStruct>

<biblStruct >
	<analytic>
		<title level="a" type="main">Phrases that signal workplace hierarchy</title>
		<author>
			<persName xmlns="http://www.tei-c.org/ns/1.0"><forename type="first">Eric</forename><surname>Gilbert</surname></persName>
		</author>
	</analytic>
	<monogr>
		<title level="m">Proceedings of the ACM 2012 conference on Computer Supported Cooperative Work, CSCW &apos;12</title>
		<meeting>the ACM 2012 conference on Computer Supported Cooperative Work, CSCW &apos;12<address><addrLine>New York, NY, USA</addrLine></address></meeting>
		<imprint>
			<publisher>ACM</publisher>
			<date type="published" when="2012" />
			<biblScope unit="page" from="1037" to="1046" />
		</imprint>
	</monogr>
</biblStruct>

<biblStruct >
	<analytic>
		<title level="a" type="main">Making Large-Scale SVM Learning Practical</title>
		<author>
			<persName xmlns="http://www.tei-c.org/ns/1.0"><forename type="first">Thorsten</forename><forename type="middle">Joachims</forename></persName>
		</author>
	</analytic>
	<monogr>
		<title level="m">Advances in Kernel Methods-Support Vector Learning</title>
		<editor>Bernhard Schölkopf, Christopher J.C. Burges, and A. Smola</editor>
		<meeting><address><addrLine>Cambridge, MA, USA</addrLine></address></meeting>
		<imprint>
			<publisher>MIT Press</publisher>
			<date type="published" when="1999" />
		</imprint>
	</monogr>
</biblStruct>

<biblStruct >
	<analytic>
		<title level="a" type="main">Modeling topic control to detect influence in conversations using nonparametric topic models</title>
		<author>
			<persName xmlns="http://www.tei-c.org/ns/1.0"><forename type="first">Jordan</forename><surname>Viet-An Nguyen</surname></persName>
		</author>
		<author>
			<persName xmlns="http://www.tei-c.org/ns/1.0"><forename type="first">Philip</forename><surname>Boyd-Graber</surname></persName>
		</author>
		<author>
			<persName xmlns="http://www.tei-c.org/ns/1.0"><forename type="first">Deborah</forename><forename type="middle">A</forename><surname>Resnik</surname></persName>
		</author>
		<author>
			<persName xmlns="http://www.tei-c.org/ns/1.0"><forename type="first">Jennifer</forename><forename type="middle">E</forename><surname>Cai</surname></persName>
		</author>
		<author>
			<persName xmlns="http://www.tei-c.org/ns/1.0"><forename type="first">Yuanxin</forename><surname>Midberry</surname></persName>
		</author>
		<author>
			<persName xmlns="http://www.tei-c.org/ns/1.0"><surname>Wang</surname></persName>
		</author>
	</analytic>
	<monogr>
		<title level="m">Machine Learning</title>
		<imprint>
			<date type="published" when="2013" />
			<biblScope unit="page" from="1" to="41" />
		</imprint>
	</monogr>
</biblStruct>

<biblStruct >
	<analytic>
		<title level="a" type="main">ClearTK: A UIMA toolkit for statistical natural language processing</title>
		<author>
			<persName xmlns="http://www.tei-c.org/ns/1.0"><forename type="first">Philip</forename><forename type="middle">V</forename><surname>Ogren</surname></persName>
		</author>
		<author>
			<persName xmlns="http://www.tei-c.org/ns/1.0"><forename type="first">Philipp</forename><forename type="middle">G</forename><surname>Wetzler</surname></persName>
		</author>
		<author>
			<persName xmlns="http://www.tei-c.org/ns/1.0"><forename type="first">Steven</forename><surname>Bethard</surname></persName>
		</author>
	</analytic>
	<monogr>
		<title level="m">Towards Enhanced Interoperability for Large HLT Systems: UIMA for NLP workshop at Language Resources and Evaluation Conference (LREC)</title>
		<imprint>
			<date type="published" when="2008" />
		</imprint>
	</monogr>
</biblStruct>

<biblStruct >
	<analytic>
		<title level="a" type="main">Improving the quality of minority class identification in dialog act tagging</title>
		<author>
			<persName xmlns="http://www.tei-c.org/ns/1.0"><forename type="first">Adinoyi</forename><surname>Omuya</surname></persName>
		</author>
		<author>
			<persName xmlns="http://www.tei-c.org/ns/1.0"><forename type="first">Vinodkumar</forename><surname>Prabhakaran</surname></persName>
		</author>
		<author>
			<persName xmlns="http://www.tei-c.org/ns/1.0"><forename type="first">Owen</forename><surname>Rambow</surname></persName>
		</author>
	</analytic>
	<monogr>
		<title level="m">Proceedings of the 2013 Conference of the North American Chapter of the Association for Computational Linguistics: Human Language Technologies</title>
		<meeting>the 2013 Conference of the North American Chapter of the Association for Computational Linguistics: Human Language Technologies<address><addrLine>Atlanta, Georgia</addrLine></address></meeting>
		<imprint>
			<publisher>Association for Computational Linguistics</publisher>
			<date type="published" when="2013-06" />
			<biblScope unit="page" from="802" to="807" />
		</imprint>
	</monogr>
</biblStruct>

<biblStruct >
	<analytic>
		<title level="a" type="main">Written dialog and social power: Manifestations of different types of power in dialog behavior</title>
		<author>
			<persName xmlns="http://www.tei-c.org/ns/1.0"><forename type="first">Vinodkumar</forename><surname>Prabhakaran</surname></persName>
		</author>
		<author>
			<persName xmlns="http://www.tei-c.org/ns/1.0"><forename type="first">Owen</forename><surname>Rambow</surname></persName>
		</author>
	</analytic>
	<monogr>
		<title level="m">Asian Federation of Natural Language Processing</title>
		<meeting><address><addrLine>Nagoya, Japan</addrLine></address></meeting>
		<imprint>
			<date type="published" when="2013-10" />
			<biblScope unit="page" from="216" to="224" />
		</imprint>
	</monogr>
	<note>Proceedings of the IJCNLP</note>
</biblStruct>

<biblStruct >
	<analytic>
		<title level="a" type="main">Predicting Overt Display of Power in Written Dialogs</title>
		<author>
			<persName xmlns="http://www.tei-c.org/ns/1.0"><forename type="first">Owen</forename><surname>Vinodkumar Prabhakaran</surname></persName>
		</author>
		<author>
			<persName xmlns="http://www.tei-c.org/ns/1.0"><forename type="first">Mona</forename><surname>Rambow</surname></persName>
		</author>
		<author>
			<persName xmlns="http://www.tei-c.org/ns/1.0"><surname>Diab</surname></persName>
		</author>
	</analytic>
	<monogr>
		<title level="m">Human Language Technologies: The 2012 Annual Conference of the North American Chapter of the Association for Computational Linguistics</title>
		<meeting><address><addrLine>Montreal, Canada</addrLine></address></meeting>
		<imprint>
			<publisher>Association for Computational Linguistics</publisher>
			<date type="published" when="2012-06" />
		</imprint>
	</monogr>
</biblStruct>

<biblStruct >
	<analytic>
		<title level="a" type="main">Who had the upper hand? ranking participants of interactions based on their relative power</title>
		<author>
			<persName xmlns="http://www.tei-c.org/ns/1.0"><forename type="first">Ajita</forename><surname>Vinodkumar Prabhakaran</surname></persName>
		</author>
		<author>
			<persName xmlns="http://www.tei-c.org/ns/1.0"><forename type="first">Dorée</forename><forename type="middle">D</forename><surname>John</surname></persName>
		</author>
		<author>
			<persName xmlns="http://www.tei-c.org/ns/1.0"><surname>Seligmann</surname></persName>
		</author>
	</analytic>
	<monogr>
		<title level="m">October. Asian Federation of Natural Language Processing</title>
		<meeting><address><addrLine>Nagoya, Japan</addrLine></address></meeting>
		<imprint>
			<date type="published" when="2013" />
			<biblScope unit="page" from="365" to="373" />
		</imprint>
	</monogr>
	<note>Proceedings of the IJCNLP</note>
</biblStruct>

<biblStruct >
	<analytic>
		<title level="a" type="main">Automated social hierarchy detection through email network analysis</title>
		<author>
			<persName xmlns="http://www.tei-c.org/ns/1.0"><forename type="first">Ryan</forename><surname>Rowe</surname></persName>
		</author>
		<author>
			<persName xmlns="http://www.tei-c.org/ns/1.0"><forename type="first">German</forename><surname>Creamer</surname></persName>
		</author>
		<author>
			<persName xmlns="http://www.tei-c.org/ns/1.0"><forename type="first">Shlomo</forename><surname>Hershkop</surname></persName>
		</author>
		<author>
			<persName xmlns="http://www.tei-c.org/ns/1.0"><forename type="first">Salvatore</forename><forename type="middle">J</forename><surname>Stolfo</surname></persName>
		</author>
	</analytic>
	<monogr>
		<title level="m">Proceedings of the 9th WebKDD and 1st SNA-KDD 2007 workshop on Web Mining and Social Network Anal</title>
		<meeting>the 9th WebKDD and 1st SNA-KDD 2007 workshop on Web Mining and Social Network Anal</meeting>
		<imprint>
			<publisher>ACM</publisher>
			<date type="published" when="2007" />
		</imprint>
	</monogr>
</biblStruct>

<biblStruct >
	<analytic>
		<title level="a" type="main">Modeling leadership and influence in multi-party online discourse</title>
		<author>
			<persName xmlns="http://www.tei-c.org/ns/1.0"><forename type="first">Tomek</forename><surname>Strzalkowski</surname></persName>
		</author>
		<author>
			<persName xmlns="http://www.tei-c.org/ns/1.0"><forename type="first">Samira</forename><surname>Shaikh</surname></persName>
		</author>
		<author>
			<persName xmlns="http://www.tei-c.org/ns/1.0"><forename type="first">Ting</forename><surname>Liu</surname></persName>
		</author>
		<author>
			<persName xmlns="http://www.tei-c.org/ns/1.0"><forename type="first">George</forename><forename type="middle">Aaron</forename><surname>Broadwell</surname></persName>
		</author>
		<author>
			<persName xmlns="http://www.tei-c.org/ns/1.0"><forename type="first">Jenny</forename><surname>Stromer-Galley</surname></persName>
		</author>
		<author>
			<persName xmlns="http://www.tei-c.org/ns/1.0"><forename type="first">Sarah</forename><surname>Taylor</surname></persName>
		</author>
		<author>
			<persName xmlns="http://www.tei-c.org/ns/1.0"><forename type="first">Umit</forename><surname>Boz</surname></persName>
		</author>
		<author>
			<persName xmlns="http://www.tei-c.org/ns/1.0"><forename type="first">Veena</forename><surname>Ravishankar</surname></persName>
		</author>
		<author>
			<persName xmlns="http://www.tei-c.org/ns/1.0"><forename type="first">Xiaoai</forename><surname>Ren</surname></persName>
		</author>
	</analytic>
	<monogr>
		<title level="m">The COLING 2012 Organizing Committee</title>
		<meeting><address><addrLine>Mumbai, India, December</addrLine></address></meeting>
		<imprint>
			<date type="published" when="2012" />
			<biblScope unit="page" from="2535" to="2552" />
		</imprint>
	</monogr>
	<note>Proceedings of COLING</note>
</biblStruct>

<biblStruct >
	<analytic>
		<title level="a" type="main">Email thread reassembly using similarity matching</title>
		<author>
			<persName xmlns="http://www.tei-c.org/ns/1.0"><forename type="first">Jen-Yuan</forename><surname>Yeh</surname></persName>
		</author>
		<author>
			<persName xmlns="http://www.tei-c.org/ns/1.0"><forename type="first">Aaron</forename><surname>Harnly</surname></persName>
		</author>
	</analytic>
	<monogr>
		<title level="m">CEAS 2006-The Third Conference on Email and AntiSpam</title>
		<meeting><address><addrLine>Mountain View, California, USA, Mountain View, California, USA</addrLine></address></meeting>
		<imprint>
			<date type="published" when="2006-07-27" />
		</imprint>
	</monogr>
</biblStruct>

			</listBibl>
		</back>
	</text>
</TEI>
