<?xml version="1.0" ?>
<TEI xmlns="http://www.tei-c.org/ns/1.0" xmlns:xlink="http://www.w3.org/1999/xlink" 
 xmlns:mml="http://www.w3.org/1998/Math/MathML">
	<teiHeader>
		<fileDesc xml:id="f_2398"/>
	</teiHeader>
	<text>
		<front/>
		<body/>
		<back>
			<listBibl>
<biblStruct >
	<analytic>
		<title level="a" type="main">Joint Language and Translation Modeling with Recurrent Neural Networks</title>
		<author>
			<persName xmlns="http://www.tei-c.org/ns/1.0"><forename type="first">Michael</forename><surname>Auli</surname></persName>
		</author>
		<author>
			<persName xmlns="http://www.tei-c.org/ns/1.0"><forename type="first">Michel</forename><surname>Galley</surname></persName>
		</author>
		<author>
			<persName xmlns="http://www.tei-c.org/ns/1.0"><forename type="first">Chris</forename><surname>Quirk</surname></persName>
		</author>
		<author>
			<persName xmlns="http://www.tei-c.org/ns/1.0"><forename type="first">Geoffrey</forename><surname>Zweig</surname></persName>
		</author>
	</analytic>
	<monogr>
		<title level="m">Proceedings of the 2013 Conference on Empirical Methods in Natural Language Processing</title>
		<meeting>the 2013 Conference on Empirical Methods in Natural Language Processing</meeting>
		<imprint>
			<date type="published" when="2013" />
			<biblScope unit="page" from="1044" to="1054" />
		</imprint>
	</monogr>
</biblStruct>

<biblStruct >
	<analytic>
		<title level="a" type="main">A Neural Probabilistic Language Model</title>
		<author>
			<persName xmlns="http://www.tei-c.org/ns/1.0"><forename type="first">Yoshua</forename><surname>Bengio</surname></persName>
		</author>
		<author>
			<persName xmlns="http://www.tei-c.org/ns/1.0"><forename type="first">Réjean</forename><surname>Ducharme</surname></persName>
		</author>
		<author>
			<persName xmlns="http://www.tei-c.org/ns/1.0"><forename type="first">Pascal</forename><surname>Vincent</surname></persName>
		</author>
		<author>
			<persName xmlns="http://www.tei-c.org/ns/1.0"><forename type="first">Christian</forename><surname>Janvin</surname></persName>
		</author>
	</analytic>
	<monogr>
		<title level="j">Journal of Machine Learning Research</title>
		<imprint>
			<biblScope unit="volume">3</biblScope>
			<biblScope unit="page" from="1137" to="1155" />
			<date type="published" when="2003" />
		</imprint>
	</monogr>
</biblStruct>

<biblStruct >
	<analytic>
		<title level="a" type="main">Discriminative Word Alignment with Conditional Random Fields</title>
		<author>
			<persName xmlns="http://www.tei-c.org/ns/1.0"><forename type="first">Phil</forename><surname>Blunsom</surname></persName>
		</author>
		<author>
			<persName xmlns="http://www.tei-c.org/ns/1.0"><forename type="first">Trevor</forename><surname>Cohn</surname></persName>
		</author>
	</analytic>
	<monogr>
		<title level="m">Proceedings of the 21st International Conference on Computational Linguistics and 44th Annual Meeting of the Association for Computational Linguistics</title>
		<meeting>the 21st International Conference on Computational Linguistics and 44th Annual Meeting of the Association for Computational Linguistics</meeting>
		<imprint>
			<date type="published" when="2006" />
			<biblScope unit="page" from="65" to="72" />
		</imprint>
	</monogr>
</biblStruct>

<biblStruct >
	<analytic>
				<author>
			<persName xmlns="http://www.tei-c.org/ns/1.0"><forename type="first">F</forename><surname>Peter</surname></persName>
		</author>
		<author>
			<persName xmlns="http://www.tei-c.org/ns/1.0"><forename type="first">Stephen</forename><forename type="middle">A Della</forename><surname>Brown</surname></persName>
		</author>
		<author>
			<persName xmlns="http://www.tei-c.org/ns/1.0"><forename type="first">Vincent</forename><forename type="middle">J</forename><surname>Pietra</surname></persName>
		</author>
		<author>
			<persName xmlns="http://www.tei-c.org/ns/1.0"><forename type="first">Robert</forename><forename type="middle">L</forename><surname>Della Pietra</surname></persName>
		</author>
		<author>
			<persName xmlns="http://www.tei-c.org/ns/1.0"><surname>Mercer</surname></persName>
		</author>
	</analytic>
	<monogr>
		<title level="m">The Mathematics of Statistical Machine Translation: Parameter Estimation</title>
		<imprint>
			<date type="published" when="1993" />
			<biblScope unit="volume">19</biblScope>
			<biblScope unit="page" from="263" to="311" />
		</imprint>
	</monogr>
</biblStruct>

<biblStruct >
	<analytic>
		<title level="a" type="main">A Unified Architecture for Natural Language Processing: Deep Neural Networks with Multitask Learning</title>
		<author>
			<persName xmlns="http://www.tei-c.org/ns/1.0"><forename type="first">Ronan</forename><surname>Collobert</surname></persName>
		</author>
		<author>
			<persName xmlns="http://www.tei-c.org/ns/1.0"><forename type="first">Jason</forename><surname>Weston</surname></persName>
		</author>
	</analytic>
	<monogr>
		<title level="m">Proceedings of the 25th International Conference on Machine Learning</title>
		<meeting>the 25th International Conference on Machine Learning</meeting>
		<imprint>
			<date type="published" when="2008" />
			<biblScope unit="page" from="160" to="167" />
		</imprint>
	</monogr>
</biblStruct>

<biblStruct >
	<analytic>
		<title level="a" type="main">Natural Language Processing (Almost) from Scratch</title>
		<author>
			<persName xmlns="http://www.tei-c.org/ns/1.0"><forename type="first">Ronan</forename><surname>Collobert</surname></persName>
		</author>
		<author>
			<persName xmlns="http://www.tei-c.org/ns/1.0"><forename type="first">Jason</forename><surname>Weston</surname></persName>
		</author>
		<author>
			<persName xmlns="http://www.tei-c.org/ns/1.0"><forename type="first">Léon</forename><surname>Bottou</surname></persName>
		</author>
		<author>
			<persName xmlns="http://www.tei-c.org/ns/1.0"><forename type="first">Michael</forename><surname>Karlen</surname></persName>
		</author>
		<author>
			<persName xmlns="http://www.tei-c.org/ns/1.0"><forename type="first">Koray</forename><surname>Kavukcuoglu</surname></persName>
		</author>
		<author>
			<persName xmlns="http://www.tei-c.org/ns/1.0"><forename type="first">Pavel</forename><surname>Kuksa</surname></persName>
		</author>
	</analytic>
	<monogr>
		<title level="j">Journal of Machine Learning Research</title>
		<imprint>
			<biblScope unit="volume">12</biblScope>
			<biblScope unit="page" from="2493" to="2537" />
			<date type="published" when="2011" />
		</imprint>
	</monogr>
</biblStruct>

<biblStruct >
	<analytic>
		<title level="a" type="main">Context-Dependent Pre-trained Deep Neural Networks for Large Vocabulary Speech Recognition. Audio, Speech, and Language Processing</title>
		<author>
			<persName xmlns="http://www.tei-c.org/ns/1.0"><forename type="first">George</forename><forename type="middle">E</forename><surname>Dahl</surname></persName>
		</author>
		<author>
			<persName xmlns="http://www.tei-c.org/ns/1.0"><forename type="first">Dong</forename><surname>Yu</surname></persName>
		</author>
		<author>
			<persName xmlns="http://www.tei-c.org/ns/1.0"><forename type="first">Li</forename><surname>Deng</surname></persName>
		</author>
		<author>
			<persName xmlns="http://www.tei-c.org/ns/1.0"><forename type="first">Alex</forename><surname>Acero</surname></persName>
		</author>
	</analytic>
	<monogr>
		<title level="j">IEEE Transactions on</title>
		<imprint>
			<biblScope unit="volume">20</biblScope>
			<biblScope unit="issue">1</biblScope>
			<biblScope unit="page" from="30" to="42" />
			<date type="published" when="2012" />
		</imprint>
	</monogr>
</biblStruct>

<biblStruct >
	<analytic>
		<title level="a" type="main">Maximum Likelihood from Incomplete Data via the EM Algorithm</title>
		<author>
			<persName xmlns="http://www.tei-c.org/ns/1.0"><forename type="first">A</forename><forename type="middle">P</forename><surname>Dempster</surname></persName>
		</author>
		<author>
			<persName xmlns="http://www.tei-c.org/ns/1.0"><forename type="first">N</forename><forename type="middle">M</forename><surname>Laird</surname></persName>
		</author>
		<author>
			<persName xmlns="http://www.tei-c.org/ns/1.0"><forename type="first">D</forename><forename type="middle">B</forename><surname>Rubin</surname></persName>
		</author>
	</analytic>
	<monogr>
		<title level="j">Journal of the Royal Statistical Society, Series B</title>
		<imprint>
			<biblScope unit="volume">39</biblScope>
			<biblScope unit="issue">1</biblScope>
			<biblScope unit="page" from="1" to="38" />
			<date type="published" when="1977" />
		</imprint>
	</monogr>
</biblStruct>

<biblStruct >
	<analytic>
		<title level="a" type="main">Unsupervised Word Alignment with Arbitrary Features</title>
		<author>
			<persName xmlns="http://www.tei-c.org/ns/1.0"><forename type="first">Chris</forename><surname>Dyer</surname></persName>
		</author>
		<author>
			<persName xmlns="http://www.tei-c.org/ns/1.0"><forename type="first">Jonathan</forename><surname>Clark</surname></persName>
		</author>
		<author>
			<persName xmlns="http://www.tei-c.org/ns/1.0"><forename type="first">Alon</forename><surname>Lavie</surname></persName>
		</author>
		<author>
			<persName xmlns="http://www.tei-c.org/ns/1.0"><forename type="first">Noah</forename><forename type="middle">A</forename><surname>Smith</surname></persName>
		</author>
	</analytic>
	<monogr>
		<title level="m">Proceedings of the 49th Annual Meeting of the Association for Computational Linguistics: Human Language Technologies</title>
		<meeting>the 49th Annual Meeting of the Association for Computational Linguistics: Human Language Technologies</meeting>
		<imprint>
			<date type="published" when="2011" />
			<biblScope unit="volume">1</biblScope>
			<biblScope unit="page" from="409" to="419" />
		</imprint>
	</monogr>
</biblStruct>

<biblStruct >
	<analytic>
		<title level="a" type="main">Overview of the IWSLT 2007 Evaluation Campaign</title>
		<author>
			<persName xmlns="http://www.tei-c.org/ns/1.0"><forename type="first">Cameron</forename><forename type="middle">S</forename><surname>Fordyce</surname></persName>
		</author>
	</analytic>
	<monogr>
		<title level="m">Proceedings of the 4th International Workshop on Spoken Languaeg Translation</title>
		<meeting>the 4th International Workshop on Spoken Languaeg Translation</meeting>
		<imprint>
			<date type="published" when="2007" />
			<biblScope unit="page" from="1" to="12" />
		</imprint>
	</monogr>
</biblStruct>

<biblStruct >
	<analytic>
		<title level="a" type="main">Better Alignments = Better Translations?</title>
		<author>
			<persName xmlns="http://www.tei-c.org/ns/1.0"><forename type="first">Kuzman</forename><surname>Ganchev</surname></persName>
		</author>
		<author>
			<persName xmlns="http://www.tei-c.org/ns/1.0"><forename type="first">João</forename><forename type="middle">V</forename><surname>Graça</surname></persName>
		</author>
		<author>
			<persName xmlns="http://www.tei-c.org/ns/1.0"><forename type="first">Ben</forename><surname>Taskar</surname></persName>
		</author>
	</analytic>
	<monogr>
		<title level="m">Proceedings of the 46th Annual Conference of the Association for Computational Linguistics: Human Language Technologies</title>
		<meeting>the 46th Annual Conference of the Association for Computational Linguistics: Human Language Technologies</meeting>
		<imprint>
			<date type="published" when="2008" />
			<biblScope unit="page" from="986" to="993" />
		</imprint>
	</monogr>
</biblStruct>

<biblStruct >
	<analytic>
		<title level="a" type="main">Constraining a Generative Word Alignment Model with Discriminative Output</title>
		<author>
			<persName xmlns="http://www.tei-c.org/ns/1.0"><forename type="first">Chooi-Ling</forename><surname>Goh</surname></persName>
		</author>
		<author>
			<persName xmlns="http://www.tei-c.org/ns/1.0"><forename type="first">Taro</forename><surname>Watanabe</surname></persName>
		</author>
		<author>
			<persName xmlns="http://www.tei-c.org/ns/1.0"><forename type="first">Hirofumi</forename><surname>Yamamoto</surname></persName>
		</author>
		<author>
			<persName xmlns="http://www.tei-c.org/ns/1.0"><forename type="first">Eiichiro</forename><surname>Sumita</surname></persName>
		</author>
	</analytic>
	<monogr>
		<title level="j">IEICE Transactions</title>
		<imprint>
			<biblScope unit="issue">7</biblScope>
			<biblScope unit="page" from="1976" to="1983" />
			<date type="published" when="2010" />
		</imprint>
	</monogr>
</biblStruct>

<biblStruct >
	<analytic>
		<title level="a" type="main">Overview of the Patent Machine Translation Task at the NTCIR-9 Workshop</title>
		<author>
			<persName xmlns="http://www.tei-c.org/ns/1.0"><forename type="first">Isao</forename><surname>Goto</surname></persName>
		</author>
		<author>
			<persName xmlns="http://www.tei-c.org/ns/1.0"><forename type="first">Bin</forename><surname>Lu</surname></persName>
		</author>
		<author>
			<persName xmlns="http://www.tei-c.org/ns/1.0"><forename type="first">Ka</forename><forename type="middle">Po</forename><surname>Chow</surname></persName>
		</author>
		<author>
			<persName xmlns="http://www.tei-c.org/ns/1.0"><forename type="first">Eiichiro</forename><surname>Sumita</surname></persName>
		</author>
		<author>
			<persName xmlns="http://www.tei-c.org/ns/1.0"><forename type="first">Benjamin</forename><forename type="middle">K</forename><surname>Tsou</surname></persName>
		</author>
	</analytic>
	<monogr>
		<title level="m">Proceedings of the 9th NTCIR Workshop</title>
		<meeting>the 9th NTCIR Workshop</meeting>
		<imprint>
			<date type="published" when="2011" />
			<biblScope unit="page" from="559" to="578" />
		</imprint>
	</monogr>
</biblStruct>

<biblStruct >
	<analytic>
		<title level="a" type="main">Expectation Maximization and Posterior Constraints</title>
		<author>
			<persName xmlns="http://www.tei-c.org/ns/1.0"><forename type="first">V</forename><surname>João</surname></persName>
		</author>
		<author>
			<persName xmlns="http://www.tei-c.org/ns/1.0"><forename type="first">Kuzman</forename><surname>Graça</surname></persName>
		</author>
		<author>
			<persName xmlns="http://www.tei-c.org/ns/1.0"><forename type="first">Ben</forename><surname>Ganchev</surname></persName>
		</author>
		<author>
			<persName xmlns="http://www.tei-c.org/ns/1.0"><surname>Taskar</surname></persName>
		</author>
	</analytic>
	<monogr>
		<title level="m">Advances in Neural Information Processing Systems</title>
		<imprint>
			<date type="published" when="2008" />
			<biblScope unit="volume">20</biblScope>
			<biblScope unit="page" from="569" to="576" />
		</imprint>
	</monogr>
</biblStruct>

<biblStruct >
	<analytic>
		<title level="a" type="main">NoiseContrastive Estimation: A New Estimation Principle for Unnormalized Statistical Models</title>
		<author>
			<persName xmlns="http://www.tei-c.org/ns/1.0"><forename type="first">Michael</forename><surname>Gutmann</surname></persName>
		</author>
		<author>
			<persName xmlns="http://www.tei-c.org/ns/1.0"><forename type="first">Aapo</forename><surname>Hyvärinen</surname></persName>
		</author>
	</analytic>
	<monogr>
		<title level="m">Proceedings of the 13st International Conference on Artificial Intelligence and Statistics</title>
		<meeting>the 13st International Conference on Artificial Intelligence and Statistics</meeting>
		<imprint>
			<date type="published" when="2010" />
			<biblScope unit="page" from="297" to="304" />
		</imprint>
	</monogr>
</biblStruct>

<biblStruct >
	<analytic>
		<title level="a" type="main">Recurrent Continuous Translation Models</title>
		<author>
			<persName xmlns="http://www.tei-c.org/ns/1.0"><forename type="first">Nal</forename><surname>Kalchbrenner</surname></persName>
		</author>
		<author>
			<persName xmlns="http://www.tei-c.org/ns/1.0"><forename type="first">Phil</forename><surname>Blunsom</surname></persName>
		</author>
	</analytic>
	<monogr>
		<title level="m">Proceedings of the 2013 Conference on Empirical Methods in Natural Language Processing</title>
		<meeting>the 2013 Conference on Empirical Methods in Natural Language Processing</meeting>
		<imprint>
			<date type="published" when="2013" />
			<biblScope unit="page" from="1700" to="1709" />
		</imprint>
	</monogr>
</biblStruct>

<biblStruct >
	<analytic>
		<title level="a" type="main">Statistical Phrase-Based Translation</title>
		<author>
			<persName xmlns="http://www.tei-c.org/ns/1.0"><forename type="first">Philipp</forename><surname>Koehn</surname></persName>
		</author>
		<author>
			<persName xmlns="http://www.tei-c.org/ns/1.0"><forename type="first">Franz</forename><forename type="middle">Josef</forename><surname>Och</surname></persName>
		</author>
		<author>
			<persName xmlns="http://www.tei-c.org/ns/1.0"><forename type="first">Daniel</forename><surname>Marcu</surname></persName>
		</author>
	</analytic>
	<monogr>
		<title level="m">Proceedings of the 2003 Human Language Technology Conference: North American Chapter of the Association for Computational Linguistics</title>
		<meeting>the 2003 Human Language Technology Conference: North American Chapter of the Association for Computational Linguistics</meeting>
		<imprint>
			<date type="published" when="2003" />
			<biblScope unit="page" from="48" to="54" />
		</imprint>
	</monogr>
</biblStruct>

<biblStruct >
	<analytic>
		<title level="a" type="main">Moses: Open Source Toolkit for Statistical Machine Translation</title>
		<author>
			<persName xmlns="http://www.tei-c.org/ns/1.0"><forename type="first">Philipp</forename><surname>Koehn</surname></persName>
		</author>
		<author>
			<persName xmlns="http://www.tei-c.org/ns/1.0"><forename type="first">Hieu</forename><surname>Hoang</surname></persName>
		</author>
		<author>
			<persName xmlns="http://www.tei-c.org/ns/1.0"><forename type="first">Alexandra</forename><surname>Birch</surname></persName>
		</author>
		<author>
			<persName xmlns="http://www.tei-c.org/ns/1.0"><forename type="first">Chris</forename><surname>Callison-Burch</surname></persName>
		</author>
		<author>
			<persName xmlns="http://www.tei-c.org/ns/1.0"><forename type="first">Marcello</forename><surname>Federico</surname></persName>
		</author>
		<author>
			<persName xmlns="http://www.tei-c.org/ns/1.0"><forename type="first">Nicola</forename><surname>Bertoldi</surname></persName>
		</author>
		<author>
			<persName xmlns="http://www.tei-c.org/ns/1.0"><forename type="first">Brooke</forename><surname>Cowan</surname></persName>
		</author>
		<author>
			<persName xmlns="http://www.tei-c.org/ns/1.0"><forename type="first">Wade</forename><surname>Shen</surname></persName>
		</author>
		<author>
			<persName xmlns="http://www.tei-c.org/ns/1.0"><forename type="first">Christine</forename><surname>Moran</surname></persName>
		</author>
		<author>
			<persName xmlns="http://www.tei-c.org/ns/1.0"><forename type="first">Richard</forename><surname>Zens</surname></persName>
		</author>
		<author>
			<persName xmlns="http://www.tei-c.org/ns/1.0"><forename type="first">Chris</forename><surname>Dyer</surname></persName>
		</author>
		<author>
			<persName xmlns="http://www.tei-c.org/ns/1.0"><forename type="first">Ondrej</forename><surname>Bojar</surname></persName>
		</author>
	</analytic>
	<monogr>
		<title level="m">Proceedings of the 45th Annual Meeting of the Association for Computational Linguistics on Interactive Poster and Demonstration Sessions</title>
		<meeting>the 45th Annual Meeting of the Association for Computational Linguistics on Interactive Poster and Demonstration Sessions</meeting>
		<imprint>
			<date type="published" when="2007" />
			<biblScope unit="page" from="177" to="180" />
		</imprint>
	</monogr>
	<note>Alexandra Constrantin, and Evan Herbst</note>
</biblStruct>

<biblStruct >
	<analytic>
		<title level="a" type="main">Statistical Significance Tests for Machine Translation Evaluation</title>
		<author>
			<persName xmlns="http://www.tei-c.org/ns/1.0"><forename type="first">Philipp</forename><surname>Koehn</surname></persName>
		</author>
	</analytic>
	<monogr>
		<title level="m">Proceedings of the 2004 Conference on Empirical Methods in Natural Language Processing</title>
		<meeting>the 2004 Conference on Empirical Methods in Natural Language Processing</meeting>
		<imprint>
			<date type="published" when="2004" />
			<biblScope unit="page" from="388" to="395" />
		</imprint>
	</monogr>
</biblStruct>

<biblStruct >
	<analytic>
		<title level="a" type="main">Continuous Space Translation Models with Neural Networks</title>
		<author>
			<persName xmlns="http://www.tei-c.org/ns/1.0"><forename type="first">Hai-Son</forename><surname>Le</surname></persName>
		</author>
		<author>
			<persName xmlns="http://www.tei-c.org/ns/1.0"><forename type="first">Alexandre</forename><surname>Allauzen</surname></persName>
		</author>
		<author>
			<persName xmlns="http://www.tei-c.org/ns/1.0"><forename type="first">François</forename><surname>Yvon</surname></persName>
		</author>
	</analytic>
	<monogr>
		<title level="m">Proceedings of the 2012 Conference of the North American Chapter of the Association for Computational Linguistics: Human Language Technologies</title>
		<meeting>the 2012 Conference of the North American Chapter of the Association for Computational Linguistics: Human Language Technologies</meeting>
		<imprint>
			<date type="published" when="2012" />
			<biblScope unit="page" from="39" to="48" />
		</imprint>
	</monogr>
</biblStruct>

<biblStruct >
	<analytic>
		<title level="a" type="main">Alignment by Agreement</title>
		<author>
			<persName xmlns="http://www.tei-c.org/ns/1.0"><forename type="first">Percy</forename><surname>Liang</surname></persName>
		</author>
		<author>
			<persName xmlns="http://www.tei-c.org/ns/1.0"><forename type="first">Ben</forename><surname>Taskar</surname></persName>
		</author>
		<author>
			<persName xmlns="http://www.tei-c.org/ns/1.0"><forename type="first">Dan</forename><surname>Klein</surname></persName>
		</author>
	</analytic>
	<monogr>
		<title level="m">Proceedings of the Main Conference on Human Language Technology Conference of the North American Chapter of the Association of Computational Linguistics</title>
		<meeting>the Main Conference on Human Language Technology Conference of the North American Chapter of the Association of Computational Linguistics</meeting>
		<imprint>
			<date type="published" when="2006" />
			<biblScope unit="page" from="104" to="111" />
		</imprint>
	</monogr>
</biblStruct>

<biblStruct >
	<analytic>
		<title level="a" type="main">Symmetric Word Alignments for Statistical Machine Translation</title>
		<author>
			<persName xmlns="http://www.tei-c.org/ns/1.0"><forename type="first">Evgeny</forename><surname>Matusov</surname></persName>
		</author>
		<author>
			<persName xmlns="http://www.tei-c.org/ns/1.0"><forename type="first">Richard</forename><surname>Zens</surname></persName>
		</author>
		<author>
			<persName xmlns="http://www.tei-c.org/ns/1.0"><forename type="first">Hermann</forename><surname>Ney</surname></persName>
		</author>
	</analytic>
	<monogr>
		<title level="m">Proceedings of the 20th International Conference on Computational Linguistics</title>
		<meeting>the 20th International Conference on Computational Linguistics</meeting>
		<imprint>
			<date type="published" when="2004" />
			<biblScope unit="page" from="219" to="225" />
		</imprint>
	</monogr>
</biblStruct>

<biblStruct >
	<analytic>
		<title level="a" type="main">An Evaluation Exercise for Word Alignment</title>
		<author>
			<persName xmlns="http://www.tei-c.org/ns/1.0"><forename type="first">Rada</forename><surname>Mihalcea</surname></persName>
		</author>
		<author>
			<persName xmlns="http://www.tei-c.org/ns/1.0"><forename type="first">Ted</forename><surname>Pedersen</surname></persName>
		</author>
	</analytic>
	<monogr>
		<title level="m">Proceedings of the HLT-NAACL 2003 Workshop on Building and Using Parallel Texts: Data Driven Machine Translation and Beyond</title>
		<meeting>the HLT-NAACL 2003 Workshop on Building and Using Parallel Texts: Data Driven Machine Translation and Beyond</meeting>
		<imprint>
			<date type="published" when="2003" />
			<biblScope unit="page" from="1" to="10" />
		</imprint>
	</monogr>
</biblStruct>

<biblStruct >
	<analytic>
		<title level="a" type="main">Context Dependent Recurrent Neural Network Language Model</title>
		<author>
			<persName xmlns="http://www.tei-c.org/ns/1.0"><forename type="first">Tomas</forename><surname>Mikolov</surname></persName>
		</author>
		<author>
			<persName xmlns="http://www.tei-c.org/ns/1.0"><forename type="first">Geoffrey</forename><surname>Zweig</surname></persName>
		</author>
	</analytic>
	<monogr>
		<title level="m">Proceedings of the 4th IEEE Workshop on Spoken Language Technology</title>
		<meeting>the 4th IEEE Workshop on Spoken Language Technology</meeting>
		<imprint>
			<date type="published" when="2012" />
			<biblScope unit="page" from="234" to="239" />
		</imprint>
	</monogr>
</biblStruct>

<biblStruct >
	<analytic>
		<title level="a" type="main">Recurrent Neural Network based Language Model</title>
		<author>
			<persName xmlns="http://www.tei-c.org/ns/1.0"><forename type="first">Tomas</forename><surname>Mikolov</surname></persName>
		</author>
		<author>
			<persName xmlns="http://www.tei-c.org/ns/1.0"><forename type="first">Martin</forename><surname>Karafiát</surname></persName>
		</author>
		<author>
			<persName xmlns="http://www.tei-c.org/ns/1.0"><forename type="first">Lukas</forename><surname>Burget</surname></persName>
		</author>
		<author>
			<persName xmlns="http://www.tei-c.org/ns/1.0"><forename type="first">Jan</forename><surname>Cernock´ycernock´y</surname></persName>
		</author>
		<author>
			<persName xmlns="http://www.tei-c.org/ns/1.0"><forename type="first">Sanjeev</forename><surname>Khudanpur</surname></persName>
		</author>
	</analytic>
	<monogr>
		<title level="m">Proceedings of 11th Annual Conference of the International Speech Communication Association</title>
		<meeting>11th Annual Conference of the International Speech Communication Association</meeting>
		<imprint>
			<date type="published" when="2010" />
			<biblScope unit="page" from="1045" to="1048" />
		</imprint>
	</monogr>
</biblStruct>

<biblStruct >
	<analytic>
		<title level="a" type="main">A Fast and Simple Algorithm for Training Neural Probabilistic Language Models</title>
		<author>
			<persName xmlns="http://www.tei-c.org/ns/1.0"><forename type="first">Andriy</forename><surname>Mnih</surname></persName>
		</author>
		<author>
			<persName xmlns="http://www.tei-c.org/ns/1.0"><forename type="first">Yee</forename><forename type="middle">Whye</forename><surname>Teh</surname></persName>
		</author>
	</analytic>
	<monogr>
		<title level="m">Proceedings of the 29th International Conference on Machine Learning</title>
		<meeting>the 29th International Conference on Machine Learning</meeting>
		<imprint>
			<date type="published" when="2012" />
			<biblScope unit="page" from="1751" to="1758" />
		</imprint>
	</monogr>
</biblStruct>

<biblStruct >
	<analytic>
		<title level="a" type="main">A Discriminative Framework for Bilingual Word Alignment</title>
		<author>
			<persName xmlns="http://www.tei-c.org/ns/1.0"><forename type="first">C</forename><surname>Robert</surname></persName>
		</author>
		<author>
			<persName xmlns="http://www.tei-c.org/ns/1.0"><surname>Moore</surname></persName>
		</author>
	</analytic>
	<monogr>
		<title level="m">Proceedings of Human Language Technology Conference and Conference on Empirical Methods in Natural Language Processing</title>
		<meeting>Human Language Technology Conference and Conference on Empirical Methods in Natural Language Processing</meeting>
		<imprint>
			<date type="published" when="2005" />
			<biblScope unit="page" from="81" to="88" />
		</imprint>
	</monogr>
</biblStruct>

<biblStruct >
	<analytic>
		<title level="a" type="main">A Systematic Comparison of Various Statistical Alignment Models</title>
		<author>
			<persName xmlns="http://www.tei-c.org/ns/1.0"><forename type="first">Josef</forename><surname>Franz</surname></persName>
		</author>
		<author>
			<persName xmlns="http://www.tei-c.org/ns/1.0"><forename type="first">Hermann</forename><surname>Och</surname></persName>
		</author>
		<author>
			<persName xmlns="http://www.tei-c.org/ns/1.0"><surname>Ney</surname></persName>
		</author>
	</analytic>
	<monogr>
		<title level="j">Computational Linguistics</title>
		<imprint>
			<biblScope unit="volume">29</biblScope>
			<biblScope unit="page" from="19" to="51" />
			<date type="published" when="2003" />
		</imprint>
	</monogr>
</biblStruct>

<biblStruct >
	<analytic>
		<title level="a" type="main">Minimum Error Rate Training in Statistical Machine Translation</title>
		<author>
			<persName xmlns="http://www.tei-c.org/ns/1.0"><forename type="first">Franz Josef</forename><surname>Och</surname></persName>
		</author>
	</analytic>
	<monogr>
		<title level="m">Proceedings of the 41st Annual Meeting of the Association for Computational Linguistics</title>
		<meeting>the 41st Annual Meeting of the Association for Computational Linguistics</meeting>
		<imprint>
			<date type="published" when="2003" />
			<biblScope unit="page" from="160" to="167" />
		</imprint>
	</monogr>
</biblStruct>

<biblStruct >
	<analytic>
		<title level="a" type="main">BLEU: a Method for Automatic Evaluation of Machine Translation</title>
		<author>
			<persName xmlns="http://www.tei-c.org/ns/1.0"><forename type="first">Kishore</forename><surname>Papineni</surname></persName>
		</author>
		<author>
			<persName xmlns="http://www.tei-c.org/ns/1.0"><forename type="first">Salim</forename><surname>Roukos</surname></persName>
		</author>
		<author>
			<persName xmlns="http://www.tei-c.org/ns/1.0"><forename type="first">Todd</forename><surname>Ward</surname></persName>
		</author>
		<author>
			<persName xmlns="http://www.tei-c.org/ns/1.0"><forename type="first">Weijing</forename><surname>Zhu</surname></persName>
		</author>
	</analytic>
	<monogr>
		<title level="m">Proceedings of 40th Annual Meeting of the Association for Computational Linguistics</title>
		<meeting>40th Annual Meeting of the Association for Computational Linguistics</meeting>
		<imprint>
			<date type="published" when="2002" />
			<biblScope unit="page" from="311" to="318" />
		</imprint>
	</monogr>
</biblStruct>

<biblStruct >
	<analytic>
		<title level="a" type="main">Learning Internal Representations by Error Propagation</title>
		<author>
			<persName xmlns="http://www.tei-c.org/ns/1.0"><forename type="first">D</forename><forename type="middle">E</forename><surname>Rumelhart</surname></persName>
		</author>
		<author>
			<persName xmlns="http://www.tei-c.org/ns/1.0"><forename type="first">G</forename><forename type="middle">E</forename><surname>Hinton</surname></persName>
		</author>
		<author>
			<persName xmlns="http://www.tei-c.org/ns/1.0"><forename type="first">R</forename><forename type="middle">J</forename><surname>Williams</surname></persName>
		</author>
	</analytic>
	<monogr>
		<title level="m">Parallel Distributed Processing</title>
		<editor>D. E. Rumelhart and J. L. McClelland</editor>
		<imprint>
			<publisher>MIT Press</publisher>
			<date type="published" when="1986" />
			<biblScope unit="page" from="318" to="362" />
		</imprint>
	</monogr>
</biblStruct>

<biblStruct >
	<analytic>
		<title level="a" type="main">Contrastive Estimation: Training Log-Linear Models on Unlabeled Data</title>
		<author>
			<persName xmlns="http://www.tei-c.org/ns/1.0"><forename type="first">A</forename><surname>Noah</surname></persName>
		</author>
		<author>
			<persName xmlns="http://www.tei-c.org/ns/1.0"><forename type="first">Jason</forename><surname>Smith</surname></persName>
		</author>
		<author>
			<persName xmlns="http://www.tei-c.org/ns/1.0"><surname>Eisner</surname></persName>
		</author>
	</analytic>
	<monogr>
		<title level="m">Proceedings of the 43rd Annual Meeting of the Association for Computational Linguistics</title>
		<meeting>the 43rd Annual Meeting of the Association for Computational Linguistics</meeting>
		<imprint>
			<date type="published" when="2005" />
			<biblScope unit="page" from="354" to="362" />
		</imprint>
	</monogr>
</biblStruct>

<biblStruct >
	<analytic>
		<title level="a" type="main">SRILM-An Extensible Language Modeling Toolkit</title>
		<author>
			<persName xmlns="http://www.tei-c.org/ns/1.0"><forename type="first">Andreas</forename><surname>Stolcke</surname></persName>
		</author>
	</analytic>
	<monogr>
		<title level="m">Proceedings of International Conference on Spoken Language Processing</title>
		<meeting>International Conference on Spoken Language Processing</meeting>
		<imprint>
			<date type="published" when="2002" />
			<biblScope unit="page" from="901" to="904" />
		</imprint>
	</monogr>
</biblStruct>

<biblStruct >
	<analytic>
		<title level="a" type="main">Comparison of Feedforward and Recurrent Neural Network Language Models</title>
		<author>
			<persName xmlns="http://www.tei-c.org/ns/1.0"><forename type="first">Martin</forename><surname>Sundermeyer</surname></persName>
		</author>
		<author>
			<persName xmlns="http://www.tei-c.org/ns/1.0"><forename type="first">Ilya</forename><surname>Oparin</surname></persName>
		</author>
		<author>
			<persName xmlns="http://www.tei-c.org/ns/1.0"><forename type="first">Jean-Luc</forename><surname>Gauvain</surname></persName>
		</author>
		<author>
			<persName xmlns="http://www.tei-c.org/ns/1.0"><forename type="first">Ben</forename><surname>Freiberg</surname></persName>
		</author>
		<author>
			<persName xmlns="http://www.tei-c.org/ns/1.0"><forename type="first">Ralf</forename><surname>Schlüter</surname></persName>
		</author>
		<author>
			<persName xmlns="http://www.tei-c.org/ns/1.0"><forename type="first">Hermann</forename><surname>Ney</surname></persName>
		</author>
	</analytic>
	<monogr>
		<title level="m">IEEE International Conference on Acoustics, Speech, and Signal Processing</title>
		<imprint>
			<date type="published" when="2013" />
			<biblScope unit="page" from="8430" to="8434" />
		</imprint>
	</monogr>
</biblStruct>

<biblStruct >
	<analytic>
		<title level="a" type="main">Toward a Broad-coverage Bilingual Corpus for Speech Translation of Travel Conversations in the Real World</title>
		<author>
			<persName xmlns="http://www.tei-c.org/ns/1.0"><forename type="first">Toshiyuki</forename><surname>Takezawa</surname></persName>
		</author>
		<author>
			<persName xmlns="http://www.tei-c.org/ns/1.0"><forename type="first">Eiichiro</forename><surname>Sumita</surname></persName>
		</author>
		<author>
			<persName xmlns="http://www.tei-c.org/ns/1.0"><forename type="first">Fumiaki</forename><surname>Sugaya</surname></persName>
		</author>
		<author>
			<persName xmlns="http://www.tei-c.org/ns/1.0"><forename type="first">Hirofumi</forename><surname>Yamamoto</surname></persName>
		</author>
		<author>
			<persName xmlns="http://www.tei-c.org/ns/1.0"><forename type="first">Seiichi</forename><surname>Yamamoto</surname></persName>
		</author>
	</analytic>
	<monogr>
		<title level="m">Proceedings of the 3rd International Conference on Language Resources and Evaluation</title>
		<meeting>the 3rd International Conference on Language Resources and Evaluation</meeting>
		<imprint>
			<date type="published" when="2002" />
			<biblScope unit="page" from="147" to="152" />
		</imprint>
	</monogr>
</biblStruct>

<biblStruct >
	<analytic>
		<title level="a" type="main">A Discriminative Matching Approach to Word Alignment</title>
		<author>
			<persName xmlns="http://www.tei-c.org/ns/1.0"><forename type="first">Ben</forename><surname>Taskar</surname></persName>
		</author>
		<author>
			<persName xmlns="http://www.tei-c.org/ns/1.0"><forename type="first">Simon</forename><surname>Lacoste-Julien</surname></persName>
		</author>
		<author>
			<persName xmlns="http://www.tei-c.org/ns/1.0"><forename type="first">Dan</forename><surname>Klein</surname></persName>
		</author>
	</analytic>
	<monogr>
		<title level="m">Proceedings of Human Language Technology Conference and Conference on Empirical Methods in Natural Language Processing</title>
		<meeting>Human Language Technology Conference and Conference on Empirical Methods in Natural Language Processing</meeting>
		<imprint>
			<date type="published" when="2005" />
			<biblScope unit="page" from="73" to="80" />
		</imprint>
	</monogr>
</biblStruct>

<biblStruct >
	<analytic>
		<title level="a" type="main">Smaller Alignment Models for Better Translations: Unsupervised Word Alignment with the l 0norm</title>
		<author>
			<persName xmlns="http://www.tei-c.org/ns/1.0"><forename type="first">Ashish</forename><surname>Vaswani</surname></persName>
		</author>
		<author>
			<persName xmlns="http://www.tei-c.org/ns/1.0"><forename type="first">Liang</forename><surname>Huang</surname></persName>
		</author>
		<author>
			<persName xmlns="http://www.tei-c.org/ns/1.0"><forename type="first">David</forename><surname>Chiang</surname></persName>
		</author>
	</analytic>
	<monogr>
		<title level="m">Proceedings of the 50th Annual Meeting of the Association for Computational Linguistics</title>
		<meeting>the 50th Annual Meeting of the Association for Computational Linguistics</meeting>
		<imprint>
			<date type="published" when="2012" />
			<biblScope unit="page" from="311" to="319" />
		</imprint>
	</monogr>
</biblStruct>

<biblStruct >
	<analytic>
		<title level="a" type="main">Decoding with Large-Scale Neural Language Models Improves Translation</title>
		<author>
			<persName xmlns="http://www.tei-c.org/ns/1.0"><forename type="first">Ashish</forename><surname>Vaswani</surname></persName>
		</author>
		<author>
			<persName xmlns="http://www.tei-c.org/ns/1.0"><forename type="first">Yinggong</forename><surname>Zhao</surname></persName>
		</author>
		<author>
			<persName xmlns="http://www.tei-c.org/ns/1.0"><forename type="first">Victoria</forename><surname>Fossum</surname></persName>
		</author>
		<author>
			<persName xmlns="http://www.tei-c.org/ns/1.0"><forename type="first">David</forename><surname>Chiang</surname></persName>
		</author>
	</analytic>
	<monogr>
		<title level="m">Proceedings of the 2013 Conference on Empirical Methods in Natural Language Processing</title>
		<meeting>the 2013 Conference on Empirical Methods in Natural Language Processing</meeting>
		<imprint>
			<date type="published" when="2013" />
			<biblScope unit="page" from="1387" to="1392" />
		</imprint>
	</monogr>
</biblStruct>

<biblStruct >
	<analytic>
		<title level="a" type="main">Hmm-based Word Alignment in Statistical Translation</title>
		<author>
			<persName xmlns="http://www.tei-c.org/ns/1.0"><forename type="first">Stephan</forename><surname>Vogel</surname></persName>
		</author>
		<author>
			<persName xmlns="http://www.tei-c.org/ns/1.0"><forename type="first">Hermann</forename><surname>Ney</surname></persName>
		</author>
		<author>
			<persName xmlns="http://www.tei-c.org/ns/1.0"><forename type="first">Christoph</forename><surname>Tillmann</surname></persName>
		</author>
	</analytic>
	<monogr>
		<title level="m">Proceedings of the 16th International Conference on Computational Linguistics</title>
		<meeting>the 16th International Conference on Computational Linguistics</meeting>
		<imprint>
			<date type="published" when="1996" />
			<biblScope unit="page" from="836" to="841" />
		</imprint>
	</monogr>
</biblStruct>

<biblStruct >
	<analytic>
		<title level="a" type="main">Word Alignment Modeling with Context Dependent Deep Neural Network</title>
		<author>
			<persName xmlns="http://www.tei-c.org/ns/1.0"><forename type="first">Nan</forename><surname>Yang</surname></persName>
		</author>
		<author>
			<persName xmlns="http://www.tei-c.org/ns/1.0"><forename type="first">Shujie</forename><surname>Liu</surname></persName>
		</author>
		<author>
			<persName xmlns="http://www.tei-c.org/ns/1.0"><forename type="first">Mu</forename><surname>Li</surname></persName>
		</author>
		<author>
			<persName xmlns="http://www.tei-c.org/ns/1.0"><forename type="first">Ming</forename><surname>Zhou</surname></persName>
		</author>
		<author>
			<persName xmlns="http://www.tei-c.org/ns/1.0"><forename type="first">Nenghai</forename><surname>Yu</surname></persName>
		</author>
	</analytic>
	<monogr>
		<title level="m">Proceedings of the 51st Annual Meeting of the Association for Computational Linguistics</title>
		<meeting>the 51st Annual Meeting of the Association for Computational Linguistics<address><addrLine>Long Papers</addrLine></address></meeting>
		<imprint>
			<date type="published" when="2013" />
			<biblScope unit="volume">1</biblScope>
			<biblScope unit="page" from="166" to="175" />
		</imprint>
	</monogr>
</biblStruct>

			</listBibl>
		</back>
	</text>
</TEI>
