<?xml version="1.0" ?>
<TEI xmlns="http://www.tei-c.org/ns/1.0" xmlns:xlink="http://www.w3.org/1999/xlink" 
 xmlns:mml="http://www.w3.org/1998/Math/MathML">
	<teiHeader>
		<fileDesc xml:id="f_2235"/>
	</teiHeader>
	<text>
		<front/>
		<body/>
		<back>
			<listBibl>
<biblStruct >
	<analytic>
		<title level="a" type="main">A study on similarity and relatedness using distributional and wordnet-based approaches</title>
		<author>
			<persName xmlns="http://www.tei-c.org/ns/1.0"><forename type="first">Eneko</forename><surname>Agirre</surname></persName>
		</author>
		<author>
			<persName xmlns="http://www.tei-c.org/ns/1.0"><forename type="first">Enrique</forename><surname>Alfonseca</surname></persName>
		</author>
		<author>
			<persName xmlns="http://www.tei-c.org/ns/1.0"><forename type="first">Keith</forename><surname>Hall</surname></persName>
		</author>
		<author>
			<persName xmlns="http://www.tei-c.org/ns/1.0"><forename type="first">Jana</forename><surname>Kravalova</surname></persName>
		</author>
	</analytic>
	<monogr>
		<title level="m">Proceedings of Human Language Technologies</title>
		<meeting>Human Language Technologies</meeting>
		<imprint>
			<publisher>The</publisher>
			<date type="published" when="2009" />
		</imprint>
	</monogr>
	<note>Marius Pas¸caPas¸ca, and Aitor Soroa</note>
</biblStruct>

<biblStruct >
	<monogr>
				<title level="m">Annual Conference of the North American Chapter of the Association for Computational Linguistics, NAACL &apos;09</title>
		<imprint>
			<biblScope unit="page" from="19" to="27" />
		</imprint>
	</monogr>
</biblStruct>

<biblStruct >
	<analytic>
		<title level="a" type="main">The anatomy of a large-scale hypertextual web search engine</title>
		<author>
			<persName xmlns="http://www.tei-c.org/ns/1.0"><forename type="first">Sergey</forename><surname>Brin</surname></persName>
		</author>
		<author>
			<persName xmlns="http://www.tei-c.org/ns/1.0"><forename type="first">Lawrence</forename><surname>Page</surname></persName>
		</author>
	</analytic>
	<monogr>
		<title level="m">WWW</title>
		<imprint>
			<date type="published" when="1998" />
			<biblScope unit="page" from="107" to="117" />
		</imprint>
	</monogr>
</biblStruct>

<biblStruct >
	<analytic>
		<title level="a" type="main">Comprehensive survey on distance/similarity measures between probability density functions</title>
		<author>
			<persName xmlns="http://www.tei-c.org/ns/1.0"><forename type="first">Sung-Hyuk</forename><surname>Cha</surname></persName>
		</author>
	</analytic>
	<monogr>
		<title level="j">Mathematical Models and Methods in Applied Sciences</title>
		<imprint>
			<biblScope unit="volume">1</biblScope>
			<biblScope unit="issue">4</biblScope>
			<biblScope unit="page" from="300" to="307" />
			<date type="published" when="2007" />
		</imprint>
	</monogr>
</biblStruct>

<biblStruct >
	<analytic>
		<title level="a" type="main">Getting creative with semantic similarity</title>
		<author>
			<persName xmlns="http://www.tei-c.org/ns/1.0"><forename type="first">Ching-Yun</forename><surname>Chang</surname></persName>
		</author>
		<author>
			<persName xmlns="http://www.tei-c.org/ns/1.0"><forename type="first">Stephen</forename><surname>Clark</surname></persName>
		</author>
		<author>
			<persName xmlns="http://www.tei-c.org/ns/1.0"><forename type="first">Brian</forename><surname>Harrington</surname></persName>
		</author>
	</analytic>
	<monogr>
		<title level="m">IEEE Seventh International Conference on</title>
		<imprint>
			<date type="published" when="2013" />
			<biblScope unit="page" from="330" to="333" />
		</imprint>
	</monogr>
	<note>Semantic Computing (ICSC)</note>
</biblStruct>

<biblStruct >
	<analytic>
		<title level="a" type="main">Uwn: A large multilingual lexical knowledge base</title>
		<author>
			<persName xmlns="http://www.tei-c.org/ns/1.0"><forename type="first">Gerhard</forename><surname>Gerard De Melo</surname></persName>
		</author>
		<author>
			<persName xmlns="http://www.tei-c.org/ns/1.0"><surname>Weikum</surname></persName>
		</author>
	</analytic>
	<monogr>
		<title level="m">ACL (System Demonstrations)</title>
		<imprint>
			<date type="published" when="2012" />
			<biblScope unit="page" from="151" to="156" />
		</imprint>
	</monogr>
</biblStruct>

<biblStruct >
	<analytic>
		<title level="a" type="main">A graphtheoretic algorithm for automatic extension of translation lexicons</title>
		<author>
			<persName xmlns="http://www.tei-c.org/ns/1.0"><forename type="first">Beate</forename><surname>Dorow</surname></persName>
		</author>
		<author>
			<persName xmlns="http://www.tei-c.org/ns/1.0"><forename type="first">Florian</forename><surname>Laws</surname></persName>
		</author>
		<author>
			<persName xmlns="http://www.tei-c.org/ns/1.0"><forename type="first">Lukas</forename><surname>Michelbacher</surname></persName>
		</author>
		<author>
			<persName xmlns="http://www.tei-c.org/ns/1.0"><forename type="first">Christian</forename><surname>Scheible</surname></persName>
		</author>
		<author>
			<persName xmlns="http://www.tei-c.org/ns/1.0"><forename type="first">Jason</forename><surname>Utt</surname></persName>
		</author>
	</analytic>
	<monogr>
		<title level="m">Proceedings of the Workshop on Geometrical Models of Natural Language Semantics, GEMS &apos;09</title>
		<meeting>the Workshop on Geometrical Models of Natural Language Semantics, GEMS &apos;09</meeting>
		<imprint>
			<date type="published" when="2009" />
			<biblScope unit="page" from="91" to="95" />
		</imprint>
	</monogr>
</biblStruct>

<biblStruct >
	<analytic>
		<title level="a" type="main">Lexrank: Graph-based lexical centrality as salience in text summarization</title>
		<author>
			<persName xmlns="http://www.tei-c.org/ns/1.0"><forename type="first">Günes</forename><surname>Erkan</surname></persName>
		</author>
		<author>
			<persName xmlns="http://www.tei-c.org/ns/1.0"><forename type="first">Dragomir</forename><forename type="middle">R</forename><surname>Radev</surname></persName>
		</author>
	</analytic>
	<monogr>
		<title level="j">J. Artif. Intell. Res. (JAIR)</title>
		<imprint>
			<biblScope unit="volume">22</biblScope>
			<biblScope unit="page" from="457" to="479" />
			<date type="published" when="2004" />
		</imprint>
	</monogr>
</biblStruct>

<biblStruct >
	<analytic>
		<title level="a" type="main">Scaling link-based similarity search</title>
		<author>
			<persName xmlns="http://www.tei-c.org/ns/1.0"><forename type="first">Dániel</forename><surname>Fogaras</surname></persName>
		</author>
		<author>
			<persName xmlns="http://www.tei-c.org/ns/1.0"><forename type="first">Balázs</forename><surname>Rácz</surname></persName>
		</author>
	</analytic>
	<monogr>
		<title level="m">Proceedings of the 14th international conference on World Wide Web, WWW &apos;05</title>
		<meeting>the 14th international conference on World Wide Web, WWW &apos;05</meeting>
		<imprint>
			<date type="published" when="2005" />
			<biblScope unit="page" from="641" to="650" />
		</imprint>
	</monogr>
</biblStruct>

<biblStruct >
	<analytic>
		<title level="a" type="main">Structural semantic relatedness: a knowledge-based method to named entity disambiguation</title>
		<author>
			<persName xmlns="http://www.tei-c.org/ns/1.0"><forename type="first">Xianpei</forename><surname>Han</surname></persName>
		</author>
		<author>
			<persName xmlns="http://www.tei-c.org/ns/1.0"><forename type="first">Jun</forename><surname>Zhao</surname></persName>
		</author>
	</analytic>
	<monogr>
		<title level="m">Proceedings of the 48th</title>
		<meeting>the 48th</meeting>
		<imprint>
			<date type="published" when="2010" />
		</imprint>
	</monogr>
</biblStruct>

<biblStruct >
	<monogr>
				<title level="m">Annual Meeting of the Association for Computational Linguistics, ACL &apos;10</title>
		<imprint>
			<biblScope unit="page" from="50" to="59" />
		</imprint>
	</monogr>
</biblStruct>

<biblStruct >
	<analytic>
		<title level="a" type="main">Topic-sensitive pagerank</title>
		<author>
			<persName xmlns="http://www.tei-c.org/ns/1.0"><forename type="first">H</forename><surname>Taher</surname></persName>
		</author>
		<author>
			<persName xmlns="http://www.tei-c.org/ns/1.0"><surname>Haveliwala</surname></persName>
		</author>
	</analytic>
	<monogr>
		<title level="m">Proceedings of the 11th international conference on World Wide Web, WWW &apos;02</title>
		<meeting>the 11th international conference on World Wide Web, WWW &apos;02</meeting>
		<imprint>
			<date type="published" when="2002" />
			<biblScope unit="page" from="517" to="526" />
		</imprint>
	</monogr>
</biblStruct>

<biblStruct >
	<analytic>
		<title level="a" type="main">Towards automated related work summarization</title>
		<author>
			<persName xmlns="http://www.tei-c.org/ns/1.0"><forename type="first">Cong</forename><surname>Duy</surname></persName>
		</author>
		<author>
			<persName xmlns="http://www.tei-c.org/ns/1.0"><forename type="first">Vu</forename><surname>Hoang</surname></persName>
		</author>
		<author>
			<persName xmlns="http://www.tei-c.org/ns/1.0"><forename type="first">Min-Yen</forename><surname>Kan</surname></persName>
		</author>
	</analytic>
	<monogr>
		<title level="m">Proceedings of the 23rd International Conference on Computational Linguistics: Posters, COLING &apos;10</title>
		<meeting>the 23rd International Conference on Computational Linguistics: Posters, COLING &apos;10</meeting>
		<imprint>
			<date type="published" when="2010" />
			<biblScope unit="page" from="427" to="435" />
		</imprint>
	</monogr>
</biblStruct>

<biblStruct >
	<analytic>
		<title level="a" type="main">Lexical semantic relatedness with random graph walks</title>
		<author>
			<persName xmlns="http://www.tei-c.org/ns/1.0"><forename type="first">Thad</forename><surname>Hughes</surname></persName>
		</author>
		<author>
			<persName xmlns="http://www.tei-c.org/ns/1.0"><forename type="first">Daniel</forename><surname>Ramage</surname></persName>
		</author>
	</analytic>
	<monogr>
		<title level="m">EMNLP-CoNLL</title>
		<imprint>
			<date type="published" when="2007" />
			<biblScope unit="page" from="581" to="589" />
		</imprint>
	</monogr>
</biblStruct>

<biblStruct >
	<analytic>
		<title level="a" type="main">Exploiting generative models in discriminative classifiers</title>
		<author>
			<persName xmlns="http://www.tei-c.org/ns/1.0"><forename type="first">Tommi</forename><surname>Jaakkola</surname></persName>
		</author>
		<author>
			<persName xmlns="http://www.tei-c.org/ns/1.0"><forename type="first">David</forename><surname>Haussler</surname></persName>
		</author>
	</analytic>
	<monogr>
		<title level="m">Advances in neural information processing systems</title>
		<imprint>
			<date type="published" when="1999" />
			<biblScope unit="page" from="487" to="493" />
		</imprint>
	</monogr>
</biblStruct>

<biblStruct >
	<analytic>
		<title level="a" type="main">Probability product kernels</title>
		<author>
			<persName xmlns="http://www.tei-c.org/ns/1.0"><forename type="first">Tony</forename><surname>Jebara</surname></persName>
		</author>
		<author>
			<persName xmlns="http://www.tei-c.org/ns/1.0"><forename type="first">Risi</forename><surname>Kondor</surname></persName>
		</author>
		<author>
			<persName xmlns="http://www.tei-c.org/ns/1.0"><forename type="first">Andrew</forename><surname>Howard</surname></persName>
		</author>
	</analytic>
	<monogr>
		<title level="j">The Journal of Machine Learning Research</title>
		<imprint>
			<biblScope unit="volume">5</biblScope>
			<biblScope unit="page" from="819" to="844" />
			<date type="published" when="2004" />
		</imprint>
	</monogr>
</biblStruct>

<biblStruct >
	<analytic>
		<title level="a" type="main">Simrank: a measure of structural-context similarity</title>
		<author>
			<persName xmlns="http://www.tei-c.org/ns/1.0"><forename type="first">Glen</forename><surname>Jeh</surname></persName>
		</author>
		<author>
			<persName xmlns="http://www.tei-c.org/ns/1.0"><forename type="first">Jennifer</forename><surname>Widom</surname></persName>
		</author>
	</analytic>
	<monogr>
		<title level="m">Proceedings of the eighth ACM SIGKDD international conference on Knowledge discovery and data mining, KDD &apos;02</title>
		<meeting>the eighth ACM SIGKDD international conference on Knowledge discovery and data mining, KDD &apos;02</meeting>
		<imprint>
			<date type="published" when="2002" />
			<biblScope unit="page" from="538" to="543" />
		</imprint>
	</monogr>
</biblStruct>

<biblStruct >
	<analytic>
		<title level="a" type="main">Authoritative sources in a hyperlinked environment</title>
		<author>
			<persName xmlns="http://www.tei-c.org/ns/1.0"><forename type="first">Jon</forename><forename type="middle">M</forename><surname>Kleinberg</surname></persName>
		</author>
	</analytic>
	<monogr>
		<title level="j">Journal of the ACM</title>
		<imprint>
			<biblScope unit="volume">46</biblScope>
			<biblScope unit="issue">5</biblScope>
			<biblScope unit="page" from="604" to="632" />
			<date type="published" when="1999" />
		</imprint>
	</monogr>
</biblStruct>

<biblStruct >
	<analytic>
		<title level="a" type="main">A linguistically grounded graph model for bilingual lexicon extraction</title>
		<author>
			<persName xmlns="http://www.tei-c.org/ns/1.0"><forename type="first">Florian</forename><surname>Laws</surname></persName>
		</author>
		<author>
			<persName xmlns="http://www.tei-c.org/ns/1.0"><forename type="first">Beate</forename><surname>Lukas Ichelbacher</surname></persName>
		</author>
		<author>
			<persName xmlns="http://www.tei-c.org/ns/1.0"><forename type="first">Christian</forename><surname>Dorow</surname></persName>
		</author>
		<author>
			<persName xmlns="http://www.tei-c.org/ns/1.0"><forename type="first">Ulrich</forename><surname>Scheible</surname></persName>
		</author>
		<author>
			<persName xmlns="http://www.tei-c.org/ns/1.0"><forename type="first">Hinrich</forename><surname>Heid</surname></persName>
		</author>
		<author>
			<persName xmlns="http://www.tei-c.org/ns/1.0"><surname>Schütze</surname></persName>
		</author>
	</analytic>
	<monogr>
		<title level="m">Coling 2010: Posters</title>
		<imprint>
			<date type="published" when="2010" />
			<biblScope unit="page" from="614" to="622" />
		</imprint>
	</monogr>
</biblStruct>

<biblStruct >
	<analytic>
		<title level="a" type="main">Vertex similarity in networks</title>
		<author>
			<persName xmlns="http://www.tei-c.org/ns/1.0"><forename type="first">Elizabeth</forename><surname>Leicht</surname></persName>
		</author>
		<author>
			<persName xmlns="http://www.tei-c.org/ns/1.0"><forename type="first">Petter</forename><surname>Holme</surname></persName>
		</author>
		<author>
			<persName xmlns="http://www.tei-c.org/ns/1.0"><forename type="first">Mark</forename><surname>Newman</surname></persName>
		</author>
	</analytic>
	<monogr>
		<title level="j">Physical Review E</title>
		<imprint>
			<biblScope unit="volume">73</biblScope>
			<biblScope unit="issue">2</biblScope>
			<biblScope unit="page">26120</biblScope>
			<date type="published" when="2006" />
		</imprint>
	</monogr>
</biblStruct>

<biblStruct >
	<analytic>
		<title level="a" type="main">The stochastic approach for link-structure analysis (salsa) and the tkc effect</title>
		<author>
			<persName xmlns="http://www.tei-c.org/ns/1.0"><forename type="first">Ronny</forename><surname>Lempel</surname></persName>
		</author>
		<author>
			<persName xmlns="http://www.tei-c.org/ns/1.0"><forename type="first">Shlomo</forename><surname>Moran</surname></persName>
		</author>
	</analytic>
	<monogr>
		<title level="j">Computer Networks</title>
		<imprint>
			<biblScope unit="volume">33</biblScope>
			<biblScope unit="issue">1</biblScope>
			<biblScope unit="page" from="387" to="401" />
			<date type="published" when="2000" />
		</imprint>
	</monogr>
</biblStruct>

<biblStruct >
	<analytic>
		<title level="a" type="main">Using link-based content analysis to measure document similarity effectively</title>
		<author>
			<persName xmlns="http://www.tei-c.org/ns/1.0"><forename type="first">Pei</forename><surname>Li</surname></persName>
		</author>
		<author>
			<persName xmlns="http://www.tei-c.org/ns/1.0"><forename type="first">Zhixu</forename><surname>Li</surname></persName>
		</author>
		<author>
			<persName xmlns="http://www.tei-c.org/ns/1.0"><forename type="first">Hongyan</forename><surname>Liu</surname></persName>
		</author>
		<author>
			<persName xmlns="http://www.tei-c.org/ns/1.0"><forename type="first">Jun</forename><surname>He</surname></persName>
		</author>
		<author>
			<persName xmlns="http://www.tei-c.org/ns/1.0"><forename type="first">Xiaoyong</forename><surname>Du</surname></persName>
		</author>
		<idno>AP- Web/WAIM &apos;09</idno>
	</analytic>
	<monogr>
		<title level="m">Proceedings of the Joint International Conferences on Advances in Data and Web Management</title>
		<meeting>the Joint International Conferences on Advances in Data and Web Management</meeting>
		<imprint>
			<date type="published" when="2009" />
			<biblScope unit="page" from="455" to="467" />
		</imprint>
	</monogr>
</biblStruct>

<biblStruct >
	<analytic>
		<title level="a" type="main">Fast computation of simrank for static and dynamic information networks</title>
		<author>
			<persName xmlns="http://www.tei-c.org/ns/1.0"><forename type="first">Cuiping</forename><surname>Li</surname></persName>
		</author>
		<author>
			<persName xmlns="http://www.tei-c.org/ns/1.0"><forename type="first">Jiawei</forename><surname>Han</surname></persName>
		</author>
		<author>
			<persName xmlns="http://www.tei-c.org/ns/1.0"><forename type="first">Guoming</forename><surname>He</surname></persName>
		</author>
		<author>
			<persName xmlns="http://www.tei-c.org/ns/1.0"><forename type="first">Xin</forename><surname>Jin</surname></persName>
		</author>
		<author>
			<persName xmlns="http://www.tei-c.org/ns/1.0"><forename type="first">Yizhou</forename><surname>Sun</surname></persName>
		</author>
		<author>
			<persName xmlns="http://www.tei-c.org/ns/1.0"><forename type="first">Yintao</forename><surname>Yu</surname></persName>
		</author>
		<author>
			<persName xmlns="http://www.tei-c.org/ns/1.0"><forename type="first">Tianyi</forename><surname>Wu</surname></persName>
		</author>
	</analytic>
	<monogr>
		<title level="m">Proceedings of the 13th International Conference on Extending Database Technology, EDBT &apos;10</title>
		<meeting>the 13th International Conference on Extending Database Technology, EDBT &apos;10</meeting>
		<imprint>
			<date type="published" when="2010" />
			<biblScope unit="page" from="465" to="476" />
		</imprint>
	</monogr>
</biblStruct>

<biblStruct >
	<monogr>
		<title level="m" type="main">Accuracy estimate and optimization techniques for simrank computation. The VLDB Journal-The International Journal on Very Large Data Bases</title>
		<author>
			<persName xmlns="http://www.tei-c.org/ns/1.0"><forename type="first">Dmitry</forename><surname>Lizorkin</surname></persName>
		</author>
		<author>
			<persName xmlns="http://www.tei-c.org/ns/1.0"><forename type="first">Pavel</forename><surname>Velikhov</surname></persName>
		</author>
		<author>
			<persName xmlns="http://www.tei-c.org/ns/1.0"><forename type="first">Maxim</forename><surname>Grinev</surname></persName>
		</author>
		<author>
			<persName xmlns="http://www.tei-c.org/ns/1.0"><forename type="first">Denis</forename><surname>Turdakov</surname></persName>
		</author>
		<imprint>
			<date type="published" when="2010" />
			<biblScope unit="volume">19</biblScope>
			<biblScope unit="page" from="45" to="66" />
		</imprint>
	</monogr>
</biblStruct>

<biblStruct >
	<monogr>
		<title level="m" type="main">Graphbased natural language processing and information retrieval</title>
		<author>
			<persName xmlns="http://www.tei-c.org/ns/1.0"><forename type="first">Rada</forename><surname>Mihalcea</surname></persName>
		</author>
		<author>
			<persName xmlns="http://www.tei-c.org/ns/1.0"><forename type="first">Dragomir</forename><surname>Radev</surname></persName>
		</author>
		<imprint>
			<date type="published" when="2011" />
			<publisher>Cambridge University Press</publisher>
		</imprint>
	</monogr>
</biblStruct>

<biblStruct >
	<monogr>
		<title level="m" type="main">Exploiting similarities among languages for machine translation</title>
		<author>
			<persName xmlns="http://www.tei-c.org/ns/1.0"><forename type="first">Tomas</forename><surname>Mikolov</surname></persName>
		</author>
		<author>
			<persName xmlns="http://www.tei-c.org/ns/1.0"><forename type="first">V</forename><surname>Quoc</surname></persName>
		</author>
		<author>
			<persName xmlns="http://www.tei-c.org/ns/1.0"><forename type="first">Ilya</forename><surname>Le</surname></persName>
		</author>
		<author>
			<persName xmlns="http://www.tei-c.org/ns/1.0"><surname>Sutskever</surname></persName>
		</author>
		<idno type="arXiv">arXiv:1309.4168</idno>
		<imprint>
			<date type="published" when="2013" />
		</imprint>
	</monogr>
<note type="report_type">arXiv preprint</note>
</biblStruct>

<biblStruct >
	<analytic>
		<title level="a" type="main">Learning graph walk based similarity measures for parsed text</title>
		<author>
			<persName xmlns="http://www.tei-c.org/ns/1.0"><forename type="first">Einat</forename><surname>Minkov</surname></persName>
		</author>
		<author>
			<persName xmlns="http://www.tei-c.org/ns/1.0"><forename type="first">William</forename><forename type="middle">W</forename><surname>Cohen</surname></persName>
		</author>
	</analytic>
	<monogr>
		<title level="m">Proceedings of the Conference on Empirical Methods in Natural Language Processing, EMNLP &apos;08</title>
		<meeting>the Conference on Empirical Methods in Natural Language Processing, EMNLP &apos;08</meeting>
		<imprint>
			<date type="published" when="2008" />
			<biblScope unit="page" from="907" to="916" />
		</imprint>
	</monogr>
</biblStruct>

<biblStruct >
	<analytic>
		<title level="a" type="main">Graph based similarity measures for synonym extraction from parsed text</title>
		<author>
			<persName xmlns="http://www.tei-c.org/ns/1.0"><forename type="first">Einat</forename><surname>Minkov</surname></persName>
		</author>
		<author>
			<persName xmlns="http://www.tei-c.org/ns/1.0"><forename type="first">William</forename><forename type="middle">W</forename><surname>Cohen</surname></persName>
		</author>
		<idno>TextGraphs-7 &apos;12</idno>
	</analytic>
	<monogr>
		<title level="m">Workshop Proceedings of TextGraphs-7 on Graph-based Methods for Natural Language Processing</title>
		<imprint>
			<date type="published" when="2012" />
			<biblScope unit="page" from="20" to="24" />
		</imprint>
	</monogr>
</biblStruct>

<biblStruct >
	<analytic>
		<title level="a" type="main">Edge weight regularization over multiple graphs for similarity learning</title>
		<author>
			<persName xmlns="http://www.tei-c.org/ns/1.0"><forename type="first">Pradeep</forename><surname>Muthukrishnan</surname></persName>
		</author>
		<author>
			<persName xmlns="http://www.tei-c.org/ns/1.0"><forename type="first">Dragomir</forename><surname>Radev</surname></persName>
		</author>
		<author>
			<persName xmlns="http://www.tei-c.org/ns/1.0"><forename type="first">Qiaozhu</forename><surname>Mei</surname></persName>
		</author>
	</analytic>
	<monogr>
		<title level="m">IEEE 10th International Conference on</title>
		<imprint>
			<date type="published" when="2010" />
			<biblScope unit="page" from="374" to="383" />
		</imprint>
	</monogr>
	<note>Data Mining (ICDM)</note>
</biblStruct>

<biblStruct >
	<analytic>
		<title level="a" type="main">Semantic classification with distributional kernels</title>
		<author>
			<persName xmlns="http://www.tei-c.org/ns/1.0"><forename type="first">Diarmuid´o</forename><surname>Diarmuid´odiarmuid´</surname></persName>
		</author>
		<author>
			<persName xmlns="http://www.tei-c.org/ns/1.0"><forename type="first">Ann</forename><surname>Séaghdha</surname></persName>
		</author>
		<author>
			<persName xmlns="http://www.tei-c.org/ns/1.0"><surname>Copestake</surname></persName>
		</author>
	</analytic>
	<monogr>
		<title level="m">Proceedings of the 22nd International Conference on Computational Linguistics</title>
		<meeting>the 22nd International Conference on Computational Linguistics</meeting>
		<imprint>
			<date type="published" when="2008" />
			<biblScope unit="volume">1</biblScope>
			<biblScope unit="page" from="649" to="656" />
		</imprint>
	</monogr>
</biblStruct>

<biblStruct >
	<analytic>
		<title level="a" type="main">Affinity measures based on the graph Laplacian</title>
		<author>
			<persName xmlns="http://www.tei-c.org/ns/1.0"><forename type="first">Delip</forename><surname>Rao</surname></persName>
		</author>
		<author>
			<persName xmlns="http://www.tei-c.org/ns/1.0"><forename type="first">David</forename><surname>Yarowsky</surname></persName>
		</author>
		<author>
			<persName xmlns="http://www.tei-c.org/ns/1.0"><forename type="first">Chris</forename><surname>Callison-Burch</surname></persName>
		</author>
	</analytic>
	<monogr>
		<title level="m">Proceedings of the 3rd Textgraphs Workshop on Graph-Based Algorithms for Natural Language Processing</title>
		<meeting>the 3rd Textgraphs Workshop on Graph-Based Algorithms for Natural Language Processing</meeting>
		<imprint>
			<date type="published" when="2008" />
			<biblScope unit="page" from="41" to="48" />
		</imprint>
	</monogr>
</biblStruct>

<biblStruct >
	<analytic>
		<title level="a" type="main">Identifying word translations from comparable documents without a seed lexicon</title>
		<author>
			<persName xmlns="http://www.tei-c.org/ns/1.0"><forename type="first">Reinhard</forename><surname>Rapp</surname></persName>
		</author>
		<author>
			<persName xmlns="http://www.tei-c.org/ns/1.0"><forename type="first">Serge</forename><surname>Sharoff</surname></persName>
		</author>
		<author>
			<persName xmlns="http://www.tei-c.org/ns/1.0"><forename type="first">Bogdan</forename><surname>Babych</surname></persName>
		</author>
	</analytic>
	<monogr>
		<title level="m">LREC</title>
		<imprint>
			<date type="published" when="2012" />
			<biblScope unit="page" from="460" to="466" />
		</imprint>
	</monogr>
</biblStruct>

<biblStruct >
	<analytic>
		<title level="a" type="main">A web-based kernel function for measuring the similarity of short text snippets</title>
		<author>
			<persName xmlns="http://www.tei-c.org/ns/1.0"><forename type="first">Mehran</forename><surname>Sahami</surname></persName>
		</author>
		<author>
			<persName xmlns="http://www.tei-c.org/ns/1.0"><forename type="first">Timothy</forename><forename type="middle">D</forename><surname>Heilman</surname></persName>
		</author>
	</analytic>
	<monogr>
		<title level="m">Proceedings of the 15th international conference on World Wide Web, WWW &apos;06</title>
		<meeting>the 15th international conference on World Wide Web, WWW &apos;06</meeting>
		<imprint>
			<date type="published" when="2006" />
			<biblScope unit="page" from="377" to="386" />
		</imprint>
	</monogr>
</biblStruct>

<biblStruct >
	<analytic>
		<title level="a" type="main">Sentiment translation through multi-edge graphs</title>
		<author>
			<persName xmlns="http://www.tei-c.org/ns/1.0"><forename type="first">Christian</forename><surname>Scheible</surname></persName>
		</author>
		<author>
			<persName xmlns="http://www.tei-c.org/ns/1.0"><forename type="first">Florian</forename><surname>Laws</surname></persName>
		</author>
		<author>
			<persName xmlns="http://www.tei-c.org/ns/1.0"><forename type="first">Lukas</forename><surname>Michelbacher</surname></persName>
		</author>
		<author>
			<persName xmlns="http://www.tei-c.org/ns/1.0"><forename type="first">Hinrich</forename><surname>Schütze</surname></persName>
		</author>
	</analytic>
	<monogr>
		<title level="m">Proceedings of the 23rd International Conference on Computational Linguistics: Posters, COLING &apos;10</title>
		<meeting>the 23rd International Conference on Computational Linguistics: Posters, COLING &apos;10</meeting>
		<imprint>
			<date type="published" when="2010" />
			<biblScope unit="page" from="1104" to="1112" />
		</imprint>
	</monogr>
</biblStruct>

<biblStruct >
	<analytic>
		<title level="a" type="main">A graphtheoretic model of lexical syntactic acquisition</title>
		<author>
			<persName xmlns="http://www.tei-c.org/ns/1.0"><forename type="first">Hinrich</forename><surname>Schütze</surname></persName>
		</author>
		<author>
			<persName xmlns="http://www.tei-c.org/ns/1.0"><forename type="first">Michael</forename><surname>Walsh</surname></persName>
		</author>
	</analytic>
	<monogr>
		<title level="m">EMNLP</title>
		<imprint>
			<date type="published" when="2008" />
			<biblScope unit="page" from="917" to="926" />
		</imprint>
	</monogr>
</biblStruct>

<biblStruct >
	<analytic>
		<title level="a" type="main">Simfusion: measuring similarity using unified relationship matrix</title>
		<author>
			<persName xmlns="http://www.tei-c.org/ns/1.0"><forename type="first">Wensi</forename><surname>Xi</surname></persName>
		</author>
		<author>
			<persName xmlns="http://www.tei-c.org/ns/1.0"><forename type="first">Edward</forename><forename type="middle">A</forename><surname>Fox</surname></persName>
		</author>
		<author>
			<persName xmlns="http://www.tei-c.org/ns/1.0"><forename type="first">Weiguo</forename><surname>Fan</surname></persName>
		</author>
		<author>
			<persName xmlns="http://www.tei-c.org/ns/1.0"><forename type="first">Benyu</forename><surname>Zhang</surname></persName>
		</author>
		<author>
			<persName xmlns="http://www.tei-c.org/ns/1.0"><forename type="first">Zheng</forename><surname>Chen</surname></persName>
		</author>
		<author>
			<persName xmlns="http://www.tei-c.org/ns/1.0"><forename type="first">Jun</forename><surname>Yan</surname></persName>
		</author>
		<author>
			<persName xmlns="http://www.tei-c.org/ns/1.0"><forename type="first">Dong</forename><surname>Zhuang</surname></persName>
		</author>
	</analytic>
	<monogr>
		<title level="m">Proceedings of the 28th annual international ACM SIGIR conference on Research and development in information retrieval, SIGIR &apos;05</title>
		<meeting>the 28th annual international ACM SIGIR conference on Research and development in information retrieval, SIGIR &apos;05</meeting>
		<imprint>
			<date type="published" when="2005" />
			<biblScope unit="page" from="130" to="137" />
		</imprint>
	</monogr>
</biblStruct>

			</listBibl>
		</back>
	</text>
</TEI>
