<?xml version="1.0" ?>
<TEI xmlns="http://www.tei-c.org/ns/1.0" xmlns:xlink="http://www.w3.org/1999/xlink" 
 xmlns:mml="http://www.w3.org/1998/Math/MathML">
	<teiHeader>
		<fileDesc xml:id="f_2045"/>
	</teiHeader>
	<text>
		<front/>
		<body/>
		<back>
			<listBibl>
<biblStruct >
	<analytic>
		<title level="a" type="main">Greedy layer-wise training of deep networks</title>
		<author>
			<persName xmlns="http://www.tei-c.org/ns/1.0"><forename type="first">Yoshua</forename><surname>Bengio</surname></persName>
		</author>
		<author>
			<persName xmlns="http://www.tei-c.org/ns/1.0"><forename type="first">Pascal</forename><surname>Lamblin</surname></persName>
		</author>
		<author>
			<persName xmlns="http://www.tei-c.org/ns/1.0"><forename type="first">Dan</forename><surname>Popovici</surname></persName>
		</author>
		<author>
			<persName xmlns="http://www.tei-c.org/ns/1.0"><forename type="first">Hugo</forename><surname>Larochelle</surname></persName>
		</author>
	</analytic>
	<monogr>
		<title level="m">Advances in Neural Information Processing Systems</title>
		<editor>B. Schölkopf, J. Platt, and T. Hoffman</editor>
		<meeting><address><addrLine>Cambridge, MA</addrLine></address></meeting>
		<imprint>
			<publisher>MIT Press</publisher>
			<date type="published" when="2006" />
			<biblScope unit="volume">19</biblScope>
			<biblScope unit="page" from="153" to="160" />
		</imprint>
	</monogr>
</biblStruct>

<biblStruct >
	<analytic>
		<title level="a" type="main">Learning deep architectures for ai</title>
		<author>
			<persName xmlns="http://www.tei-c.org/ns/1.0"><forename type="first">Yoshua</forename><surname>Bengio</surname></persName>
		</author>
	</analytic>
	<monogr>
		<title level="j">Found. Trends Mach. Learn</title>
		<imprint>
			<biblScope unit="volume">2</biblScope>
			<biblScope unit="issue">1</biblScope>
			<biblScope unit="page" from="1" to="127" />
			<date type="published" when="2009-01" />
		</imprint>
	</monogr>
</biblStruct>

<biblStruct >
	<analytic>
		<title level="a" type="main">Latent dirichlet allocation</title>
		<author>
			<persName xmlns="http://www.tei-c.org/ns/1.0"><forename type="first">David</forename><forename type="middle">M</forename><surname>Blei</surname></persName>
		</author>
		<author>
			<persName xmlns="http://www.tei-c.org/ns/1.0"><forename type="first">Andrew</forename><forename type="middle">Y</forename><surname>Ng</surname></persName>
		</author>
		<author>
			<persName xmlns="http://www.tei-c.org/ns/1.0"><forename type="first">Michael</forename><forename type="middle">I</forename><surname>Jordan</surname></persName>
		</author>
	</analytic>
	<monogr>
		<title level="j">J. Mach. Learn. Res</title>
		<imprint>
			<biblScope unit="volume">3</biblScope>
			<biblScope unit="page" from="993" to="1022" />
			<date type="published" when="2003-03" />
		</imprint>
	</monogr>
</biblStruct>

<biblStruct >
	<analytic>
		<title level="a" type="main">Contextdependent phrasal translation lexicons for statistical machine translation</title>
		<author>
			<persName xmlns="http://www.tei-c.org/ns/1.0"><forename type="first">Marine</forename><surname>Carpuat</surname></persName>
		</author>
		<author>
			<persName xmlns="http://www.tei-c.org/ns/1.0"><forename type="first">Dekai</forename><surname>Wu</surname></persName>
		</author>
	</analytic>
	<monogr>
		<title level="m">Proceedings of Machine Translation Summit XI</title>
		<meeting>Machine Translation Summit XI</meeting>
		<imprint>
			<date type="published" when="2007" />
			<biblScope unit="page" from="73" to="80" />
		</imprint>
	</monogr>
</biblStruct>

<biblStruct >
	<analytic>
		<title level="a" type="main">Hierarchical phrase-based translation</title>
		<author>
			<persName xmlns="http://www.tei-c.org/ns/1.0"><forename type="first">David</forename><surname>Chiang</surname></persName>
		</author>
	</analytic>
	<monogr>
		<title level="j">Computational Linguistics</title>
		<imprint>
			<biblScope unit="volume">33</biblScope>
			<biblScope unit="issue">2</biblScope>
			<biblScope unit="page" from="201" to="228" />
			<date type="published" when="2007" />
		</imprint>
	</monogr>
</biblStruct>

<biblStruct >
	<analytic>
		<title level="a" type="main">Natural language processing (almost) from scratch</title>
		<author>
			<persName xmlns="http://www.tei-c.org/ns/1.0"><forename type="first">Ronan</forename><surname>Collobert</surname></persName>
		</author>
		<author>
			<persName xmlns="http://www.tei-c.org/ns/1.0"><forename type="first">Jason</forename><surname>Weston</surname></persName>
		</author>
		<author>
			<persName xmlns="http://www.tei-c.org/ns/1.0"><forename type="first">Léon</forename><surname>Bottou</surname></persName>
		</author>
		<author>
			<persName xmlns="http://www.tei-c.org/ns/1.0"><forename type="first">Michael</forename><surname>Karlen</surname></persName>
		</author>
		<author>
			<persName xmlns="http://www.tei-c.org/ns/1.0"><forename type="first">Koray</forename><surname>Kavukcuoglu</surname></persName>
		</author>
		<author>
			<persName xmlns="http://www.tei-c.org/ns/1.0"><forename type="first">Pavel</forename><surname>Kuksa</surname></persName>
		</author>
	</analytic>
	<monogr>
		<title level="j">J. Mach. Learn. Res</title>
		<imprint>
			<biblScope unit="volume">12</biblScope>
			<biblScope unit="page" from="2493" to="2537" />
			<date type="published" when="2011-11" />
		</imprint>
	</monogr>
</biblStruct>

<biblStruct >
	<analytic>
		<title level="a" type="main">Context-dependent pre-trained deep neural networks for large-vocabulary speech recognition</title>
		<author>
			<persName xmlns="http://www.tei-c.org/ns/1.0"><forename type="first">G</forename><forename type="middle">E</forename><surname>Dahl</surname></persName>
		</author>
		<author>
			<persName xmlns="http://www.tei-c.org/ns/1.0"><forename type="first">Dong</forename><surname>Yu</surname></persName>
		</author>
		<author>
			<persName xmlns="http://www.tei-c.org/ns/1.0"><forename type="first">Li</forename><surname>Deng</surname></persName>
		</author>
		<author>
			<persName xmlns="http://www.tei-c.org/ns/1.0"><forename type="first">A</forename><surname>Acero</surname></persName>
		</author>
	</analytic>
	<monogr>
		<title level="j">Trans. Audio, Speech and Lang. Proc</title>
		<imprint>
			<biblScope unit="volume">20</biblScope>
			<biblScope unit="issue">1</biblScope>
			<biblScope unit="page" from="30" to="42" />
			<date type="published" when="2012-01" />
		</imprint>
	</monogr>
</biblStruct>

<biblStruct >
	<monogr>
		<title/>
		<author>
			<persName xmlns="http://www.tei-c.org/ns/1.0"><forename type="first">John</forename><surname>Duchi</surname></persName>
		</author>
		<author>
			<persName xmlns="http://www.tei-c.org/ns/1.0"><forename type="first">Elad</forename><surname>Hazan</surname></persName>
		</author>
		<author>
			<persName xmlns="http://www.tei-c.org/ns/1.0"><forename type="first">Yoram</forename><surname>Singer</surname></persName>
		</author>
		<imprint>
			<date type="published" when="2011" />
		</imprint>
	</monogr>
</biblStruct>

<biblStruct >
	<analytic>
		<title level="a" type="main">Hidden topic markov models</title>
		<author>
			<persName xmlns="http://www.tei-c.org/ns/1.0"><forename type="first">Amit</forename><surname>Gruber</surname></persName>
		</author>
		<author>
			<persName xmlns="http://www.tei-c.org/ns/1.0"><forename type="first">Michal</forename><surname>Rosen-Zvi</surname></persName>
		</author>
		<author>
			<persName xmlns="http://www.tei-c.org/ns/1.0"><forename type="first">Yair</forename><surname>Weiss</surname></persName>
		</author>
	</analytic>
	<monogr>
		<title level="m">Proceedings of Artificial Intelligence and Statistics</title>
		<meeting>Artificial Intelligence and Statistics</meeting>
		<imprint>
			<date type="published" when="2007" />
		</imprint>
	</monogr>
</biblStruct>

<biblStruct >
	<analytic>
		<title level="a" type="main">Improving statistical machine translation using lexicalized rule selection</title>
		<author>
			<persName xmlns="http://www.tei-c.org/ns/1.0"><forename type="first">Zhongjun</forename><surname>He</surname></persName>
		</author>
		<author>
			<persName xmlns="http://www.tei-c.org/ns/1.0"><forename type="first">Qun</forename><surname>Liu</surname></persName>
		</author>
		<author>
			<persName xmlns="http://www.tei-c.org/ns/1.0"><forename type="first">Shouxun</forename><surname>Lin</surname></persName>
		</author>
	</analytic>
	<monogr>
		<title level="m">Proceedings of the 22nd International Conference on Computational Linguistics</title>
		<meeting>the 22nd International Conference on Computational Linguistics<address><addrLine>Manchester, UK</addrLine></address></meeting>
		<imprint>
			<date type="published" when="2008-08" />
			<biblScope unit="page" from="321" to="328" />
		</imprint>
	</monogr>
</biblStruct>

<biblStruct >
	<analytic>
		<title level="a" type="main">A fast learning algorithm for deep belief nets</title>
		<author>
			<persName xmlns="http://www.tei-c.org/ns/1.0"><forename type="first">Geoffrey</forename><forename type="middle">E</forename><surname>Hinton</surname></persName>
		</author>
		<author>
			<persName xmlns="http://www.tei-c.org/ns/1.0"><forename type="first">Simon</forename><surname>Osindero</surname></persName>
		</author>
		<author>
			<persName xmlns="http://www.tei-c.org/ns/1.0"><forename type="first">Yee-Whye</forename><surname>Teh</surname></persName>
		</author>
	</analytic>
	<monogr>
		<title level="j">Neural Comput</title>
		<imprint>
			<biblScope unit="volume">18</biblScope>
			<biblScope unit="issue">7</biblScope>
			<biblScope unit="page" from="1527" to="1554" />
			<date type="published" when="2006-07" />
		</imprint>
	</monogr>
</biblStruct>

<biblStruct >
	<analytic>
		<title level="a" type="main">Improved backing-off for m-gram language modeling</title>
		<author>
			<persName xmlns="http://www.tei-c.org/ns/1.0"><forename type="first">Reinhard</forename><surname>Kneser</surname></persName>
		</author>
		<author>
			<persName xmlns="http://www.tei-c.org/ns/1.0"><forename type="first">Hermann</forename><surname>Ney</surname></persName>
		</author>
	</analytic>
	<monogr>
		<title level="m">Acoustics, Speech, and Signal Processing</title>
		<imprint>
			<publisher>IEEE</publisher>
			<date type="published" when="1995" />
			<biblScope unit="volume">1</biblScope>
			<biblScope unit="page" from="181" to="184" />
		</imprint>
	</monogr>
	<note>International Conference on</note>
</biblStruct>

<biblStruct >
	<analytic>
		<title level="a" type="main">Statistical significance tests for machine translation evaluation</title>
		<author>
			<persName xmlns="http://www.tei-c.org/ns/1.0"><forename type="first">Philipp</forename><surname>Koehn</surname></persName>
		</author>
	</analytic>
	<monogr>
		<title level="m">Proceedings of EMNLP 2004</title>
		<editor>Dekang Lin and Dekai Wu</editor>
		<meeting>EMNLP 2004<address><addrLine>Barcelona, Spain</addrLine></address></meeting>
		<imprint>
			<publisher>Association for Computational Linguistics</publisher>
			<date type="published" when="2004-07" />
			<biblScope unit="page" from="388" to="395" />
		</imprint>
	</monogr>
</biblStruct>

<biblStruct >
	<analytic>
		<title level="a" type="main">Imagenet classification with deep convolutional neural networks</title>
		<author>
			<persName xmlns="http://www.tei-c.org/ns/1.0"><forename type="first">Alex</forename><surname>Krizhevsky</surname></persName>
		</author>
		<author>
			<persName xmlns="http://www.tei-c.org/ns/1.0"><forename type="first">Ilya</forename><surname>Sutskever</surname></persName>
		</author>
		<author>
			<persName xmlns="http://www.tei-c.org/ns/1.0"><forename type="first">Geoff</forename><surname>Hinton</surname></persName>
		</author>
	</analytic>
	<monogr>
		<title level="m">Advances in Neural Information Processing Systems</title>
		<editor>P. Bartlett, F.C.N. Pereira, C.J.C. Burges, L. Bottou, and K.Q. Weinberger</editor>
		<imprint>
			<date type="published" when="2012" />
			<biblScope unit="volume">25</biblScope>
			<biblScope unit="page" from="1106" to="1114" />
		</imprint>
	</monogr>
</biblStruct>

<biblStruct >
	<analytic>
		<title level="a" type="main">Efficient sparse coding algorithms</title>
		<author>
			<persName xmlns="http://www.tei-c.org/ns/1.0"><forename type="first">Honglak</forename><surname>Lee</surname></persName>
		</author>
		<author>
			<persName xmlns="http://www.tei-c.org/ns/1.0"><forename type="first">Alexis</forename><surname>Battle</surname></persName>
		</author>
		<author>
			<persName xmlns="http://www.tei-c.org/ns/1.0"><forename type="first">Rajat</forename><surname>Raina</surname></persName>
		</author>
		<author>
			<persName xmlns="http://www.tei-c.org/ns/1.0"><forename type="first">Andrew</forename><forename type="middle">Y</forename><surname>Ng</surname></persName>
		</author>
	</analytic>
	<monogr>
		<title level="m">Advances in Neural Information Processing Systems</title>
		<editor>B. Schölkopf, J. Platt, and T. Hoffman</editor>
		<meeting><address><addrLine>Cambridge, MA</addrLine></address></meeting>
		<imprint>
			<publisher>MIT Press</publisher>
			<date type="published" when="2006" />
			<biblScope unit="volume">19</biblScope>
			<biblScope unit="page" from="801" to="808" />
		</imprint>
	</monogr>
</biblStruct>

<biblStruct >
	<analytic>
		<title level="a" type="main">Maximum entropy based rule selection model for syntax-based statistical machine translation</title>
		<author>
			<persName xmlns="http://www.tei-c.org/ns/1.0"><forename type="first">Qun</forename><surname>Liu</surname></persName>
		</author>
		<author>
			<persName xmlns="http://www.tei-c.org/ns/1.0"><forename type="first">Zhongjun</forename><surname>He</surname></persName>
		</author>
		<author>
			<persName xmlns="http://www.tei-c.org/ns/1.0"><forename type="first">Yang</forename><surname>Liu</surname></persName>
		</author>
		<author>
			<persName xmlns="http://www.tei-c.org/ns/1.0"><forename type="first">Shouxun</forename><surname>Lin</surname></persName>
		</author>
	</analytic>
	<monogr>
		<title level="m">Proceedings of the 2008 Conference on Empirical Methods in Natural Language Processing</title>
		<editor>B. Schölkopf, J. Platt, and T. Hoffman</editor>
		<meeting>the 2008 Conference on Empirical Methods in Natural Language Processing<address><addrLine>Cambridge, MA</addrLine></address></meeting>
		<imprint>
			<publisher>MIT Press</publisher>
			<date type="published" when="2006" />
			<biblScope unit="volume">19</biblScope>
			<biblScope unit="page" from="153" to="160" />
		</imprint>
	</monogr>
	<note>Advances in Neural Information Processing Systems</note>
</biblStruct>

<biblStruct >
	<analytic>
		<title level="a" type="main">Learning deep architectures for ai</title>
		<author>
			<persName xmlns="http://www.tei-c.org/ns/1.0"><forename type="first">Yoshua</forename><surname>Bengio</surname></persName>
		</author>
	</analytic>
	<monogr>
		<title level="j">Found. Trends Mach. Learn</title>
		<imprint>
			<biblScope unit="volume">2</biblScope>
			<biblScope unit="issue">1</biblScope>
			<biblScope unit="page" from="1" to="127" />
			<date type="published" when="2009-01" />
		</imprint>
	</monogr>
</biblStruct>

<biblStruct >
	<analytic>
		<title level="a" type="main">Latent dirichlet allocation</title>
		<author>
			<persName xmlns="http://www.tei-c.org/ns/1.0"><forename type="first">David</forename><forename type="middle">M</forename><surname>Blei</surname></persName>
		</author>
		<author>
			<persName xmlns="http://www.tei-c.org/ns/1.0"><forename type="first">Andrew</forename><forename type="middle">Y</forename><surname>Ng</surname></persName>
		</author>
		<author>
			<persName xmlns="http://www.tei-c.org/ns/1.0"><forename type="first">Michael</forename><forename type="middle">I</forename><surname>Jordan</surname></persName>
		</author>
	</analytic>
	<monogr>
		<title level="j">J. Mach. Learn. Res</title>
		<imprint>
			<biblScope unit="volume">3</biblScope>
			<biblScope unit="page" from="993" to="1022" />
			<date type="published" when="2003-03" />
		</imprint>
	</monogr>
</biblStruct>

<biblStruct >
	<analytic>
		<title level="a" type="main">Word sense disambiguation vs. statistical machine translation</title>
		<author>
			<persName xmlns="http://www.tei-c.org/ns/1.0"><forename type="first">Marine</forename><surname>Carpuat</surname></persName>
		</author>
		<author>
			<persName xmlns="http://www.tei-c.org/ns/1.0"><forename type="first">Dekai</forename><surname>Wu</surname></persName>
		</author>
	</analytic>
	<monogr>
		<title level="m">Proceedings of the 43rd Annual Meeting of the Association for Computational Linguistics (ACL&apos;05)</title>
		<meeting>the 43rd Annual Meeting of the Association for Computational Linguistics (ACL&apos;05)<address><addrLine>Ann Arbor, Michigan, June</addrLine></address></meeting>
		<imprint>
			<publisher>Association for Computational Linguistics</publisher>
			<date type="published" when="2005" />
			<biblScope unit="page" from="387" to="394" />
		</imprint>
	</monogr>
</biblStruct>

<biblStruct >
	<analytic>
		<title level="a" type="main">Contextdependent phrasal translation lexicons for statistical machine translation</title>
		<author>
			<persName xmlns="http://www.tei-c.org/ns/1.0"><forename type="first">Marine</forename><surname>Carpuat</surname></persName>
		</author>
		<author>
			<persName xmlns="http://www.tei-c.org/ns/1.0"><forename type="first">Dekai</forename><surname>Wu</surname></persName>
		</author>
	</analytic>
	<monogr>
		<title level="m">Proceedings of Machine Translation Summit XI</title>
		<meeting>Machine Translation Summit XI</meeting>
		<imprint>
			<date type="published" when="2007" />
			<biblScope unit="page" from="73" to="80" />
		</imprint>
	</monogr>
</biblStruct>

<biblStruct >
	<analytic>
		<title level="a" type="main">Vector space model for adaptation in statistical machine translation</title>
		<author>
			<persName xmlns="http://www.tei-c.org/ns/1.0"><forename type="first">Boxing</forename><surname>Chen</surname></persName>
		</author>
		<author>
			<persName xmlns="http://www.tei-c.org/ns/1.0"><forename type="first">Roland</forename><surname>Kuhn</surname></persName>
		</author>
		<author>
			<persName xmlns="http://www.tei-c.org/ns/1.0"><forename type="first">George</forename><surname>Foster</surname></persName>
		</author>
	</analytic>
	<monogr>
		<title level="m">Proceedings of the 51st Annual Meeting of the Association for Computational Linguistics</title>
		<meeting>the 51st Annual Meeting of the Association for Computational Linguistics<address><addrLine>Sofia, Bulgaria</addrLine></address></meeting>
		<imprint>
			<publisher>Long Papers</publisher>
			<date type="published" when="2013-08" />
			<biblScope unit="volume">1</biblScope>
			<biblScope unit="page" from="1285" to="1293" />
		</imprint>
	</monogr>
	<note>Association for Computational Linguistics</note>
</biblStruct>

<biblStruct >
	<analytic>
		<title level="a" type="main">Hierarchical phrase-based translation</title>
		<author>
			<persName xmlns="http://www.tei-c.org/ns/1.0"><forename type="first">David</forename><surname>Chiang</surname></persName>
		</author>
	</analytic>
	<monogr>
		<title level="j">Computational Linguistics</title>
		<imprint>
			<biblScope unit="volume">33</biblScope>
			<biblScope unit="issue">2</biblScope>
			<biblScope unit="page" from="201" to="228" />
			<date type="published" when="2007" />
		</imprint>
	</monogr>
</biblStruct>

<biblStruct >
	<analytic>
		<title level="a" type="main">Natural language processing (almost) from scratch</title>
		<author>
			<persName xmlns="http://www.tei-c.org/ns/1.0"><forename type="first">Ronan</forename><surname>Collobert</surname></persName>
		</author>
		<author>
			<persName xmlns="http://www.tei-c.org/ns/1.0"><forename type="first">Jason</forename><surname>Weston</surname></persName>
		</author>
		<author>
			<persName xmlns="http://www.tei-c.org/ns/1.0"><forename type="first">Léon</forename><surname>Bottou</surname></persName>
		</author>
		<author>
			<persName xmlns="http://www.tei-c.org/ns/1.0"><forename type="first">Michael</forename><surname>Karlen</surname></persName>
		</author>
		<author>
			<persName xmlns="http://www.tei-c.org/ns/1.0"><forename type="first">Koray</forename><surname>Kavukcuoglu</surname></persName>
		</author>
		<author>
			<persName xmlns="http://www.tei-c.org/ns/1.0"><forename type="first">Pavel</forename><surname>Kuksa</surname></persName>
		</author>
	</analytic>
	<monogr>
		<title level="j">J. Mach. Learn. Res</title>
		<imprint>
			<biblScope unit="volume">12</biblScope>
			<biblScope unit="page" from="2493" to="2537" />
			<date type="published" when="2011-11" />
		</imprint>
	</monogr>
</biblStruct>

<biblStruct >
	<analytic>
		<title level="a" type="main">Multi-domain adaptation for SMT using multi-task learning</title>
		<author>
			<persName xmlns="http://www.tei-c.org/ns/1.0"><forename type="first">Lei</forename><surname>Cui</surname></persName>
		</author>
		<author>
			<persName xmlns="http://www.tei-c.org/ns/1.0"><forename type="first">Xilun</forename><surname>Chen</surname></persName>
		</author>
		<author>
			<persName xmlns="http://www.tei-c.org/ns/1.0"><forename type="first">Dongdong</forename><surname>Zhang</surname></persName>
		</author>
		<author>
			<persName xmlns="http://www.tei-c.org/ns/1.0"><forename type="first">Shujie</forename><surname>Liu</surname></persName>
		</author>
		<author>
			<persName xmlns="http://www.tei-c.org/ns/1.0"><forename type="first">Mu</forename><surname>Li</surname></persName>
		</author>
		<author>
			<persName xmlns="http://www.tei-c.org/ns/1.0"><forename type="first">Ming</forename><surname>Zhou</surname></persName>
		</author>
	</analytic>
	<monogr>
		<title level="m">Proceedings of the 2013 Conference on Empirical Methods in Natural Language Processing</title>
		<meeting>the 2013 Conference on Empirical Methods in Natural Language Processing<address><addrLine>Seattle, Washington, USA,</addrLine></address></meeting>
		<imprint>
			<date type="published" when="2013" />
			<biblScope unit="page" from="1055" to="1065" />
		</imprint>
	</monogr>
	<note>October. Association for Computational Linguistics</note>
</biblStruct>

<biblStruct >
	<analytic>
		<title level="a" type="main">Context-dependent pre-trained deep neural networks for large-vocabulary speech recognition</title>
		<author>
			<persName xmlns="http://www.tei-c.org/ns/1.0"><forename type="first">George</forename><forename type="middle">E</forename><surname>Dahl</surname></persName>
		</author>
		<author>
			<persName xmlns="http://www.tei-c.org/ns/1.0"><forename type="first">Dong</forename><surname>Yu</surname></persName>
		</author>
		<author>
			<persName xmlns="http://www.tei-c.org/ns/1.0"><forename type="first">Li</forename><surname>Deng</surname></persName>
		</author>
		<author>
			<persName xmlns="http://www.tei-c.org/ns/1.0"><forename type="first">Alex</forename><surname>Acero</surname></persName>
		</author>
	</analytic>
	<monogr>
		<title level="j">IEEE Transactions on Audio, Speech and Language Processing</title>
		<imprint>
			<biblScope unit="volume">20</biblScope>
			<biblScope unit="issue">1</biblScope>
			<biblScope unit="page" from="30" to="42" />
			<date type="published" when="2012-01" />
		</imprint>
	</monogr>
</biblStruct>

<biblStruct >
	<analytic>
		<title level="a" type="main">Adaptive subgradient methods for online learning and stochastic optimization</title>
		<author>
			<persName xmlns="http://www.tei-c.org/ns/1.0"><forename type="first">John</forename><surname>Duchi</surname></persName>
		</author>
		<author>
			<persName xmlns="http://www.tei-c.org/ns/1.0"><forename type="first">Elad</forename><surname>Hazan</surname></persName>
		</author>
		<author>
			<persName xmlns="http://www.tei-c.org/ns/1.0"><forename type="first">Yoram</forename><surname>Singer</surname></persName>
		</author>
	</analytic>
	<monogr>
		<title level="j">J. Mach. Learn. Res</title>
		<imprint>
			<biblScope unit="volume">12</biblScope>
			<biblScope unit="page" from="2121" to="2159" />
			<date type="published" when="2011-07" />
		</imprint>
	</monogr>
</biblStruct>

<biblStruct >
	<analytic>
		<title level="a" type="main">Phrasetable smoothing for statistical machine translation</title>
		<author>
			<persName xmlns="http://www.tei-c.org/ns/1.0"><forename type="first">George</forename><surname>Foster</surname></persName>
		</author>
		<author>
			<persName xmlns="http://www.tei-c.org/ns/1.0"><forename type="first">Roland</forename><surname>Kuhn</surname></persName>
		</author>
		<author>
			<persName xmlns="http://www.tei-c.org/ns/1.0"><forename type="first">Howard</forename><surname>Johnson</surname></persName>
		</author>
	</analytic>
	<monogr>
		<title level="m">Proceedings of the 2006 Conference on Empirical Methods in Natural Language Processing</title>
		<meeting>the 2006 Conference on Empirical Methods in Natural Language Processing<address><addrLine>Sydney, Australia</addrLine></address></meeting>
		<imprint>
			<date type="published" when="2006-07" />
			<biblScope unit="page" from="53" to="61" />
		</imprint>
	</monogr>
	<note>Association for Computational Linguistics</note>
</biblStruct>

<biblStruct >
	<analytic>
		<title level="a" type="main">Deep sparse rectifier networks</title>
		<author>
			<persName xmlns="http://www.tei-c.org/ns/1.0"><forename type="first">Xavier</forename><surname>Glorot</surname></persName>
		</author>
		<author>
			<persName xmlns="http://www.tei-c.org/ns/1.0"><forename type="first">Antoine</forename><surname>Bordes</surname></persName>
		</author>
		<author>
			<persName xmlns="http://www.tei-c.org/ns/1.0"><forename type="first">Yoshua</forename><surname>Bengio</surname></persName>
		</author>
	</analytic>
	<monogr>
		<title level="m">Proceedings of the 14th International Conference on Artificial Intelligence and Statistics. JMLR W&amp;CP</title>
		<meeting>the 14th International Conference on Artificial Intelligence and Statistics. JMLR W&amp;CP</meeting>
		<imprint>
			<date type="published" when="2011" />
			<biblScope unit="volume">15</biblScope>
			<biblScope unit="page" from="315" to="323" />
		</imprint>
	</monogr>
</biblStruct>

<biblStruct >
	<analytic>
		<title level="a" type="main">Hidden topic markov models</title>
		<author>
			<persName xmlns="http://www.tei-c.org/ns/1.0"><forename type="first">Amit</forename><surname>Gruber</surname></persName>
		</author>
		<author>
			<persName xmlns="http://www.tei-c.org/ns/1.0"><forename type="first">Michal</forename><surname>Rosen-Zvi</surname></persName>
		</author>
		<author>
			<persName xmlns="http://www.tei-c.org/ns/1.0"><forename type="first">Yair</forename><surname>Weiss</surname></persName>
		</author>
	</analytic>
	<monogr>
		<title level="m">Proceedings of Artificial Intelligence and Statistics</title>
		<meeting>Artificial Intelligence and Statistics</meeting>
		<imprint>
			<date type="published" when="2007" />
		</imprint>
	</monogr>
</biblStruct>

<biblStruct >
	<analytic>
		<title level="a" type="main">Improving statistical machine translation using lexicalized rule selection</title>
		<author>
			<persName xmlns="http://www.tei-c.org/ns/1.0"><forename type="first">Zhongjun</forename><surname>He</surname></persName>
		</author>
		<author>
			<persName xmlns="http://www.tei-c.org/ns/1.0"><forename type="first">Qun</forename><surname>Liu</surname></persName>
		</author>
		<author>
			<persName xmlns="http://www.tei-c.org/ns/1.0"><forename type="first">Shouxun</forename><surname>Lin</surname></persName>
		</author>
	</analytic>
	<monogr>
		<title level="m">Proceedings of the 22nd International Conference on Computational Linguistics</title>
		<meeting>the 22nd International Conference on Computational Linguistics<address><addrLine>Manchester, UK</addrLine></address></meeting>
		<imprint>
			<date type="published" when="2008-08" />
			<biblScope unit="page" from="321" to="328" />
		</imprint>
	</monogr>
</biblStruct>

<biblStruct >
	<analytic>
		<title level="a" type="main">A fast learning algorithm for deep belief nets</title>
		<author>
			<persName xmlns="http://www.tei-c.org/ns/1.0"><forename type="first">Geoffrey</forename><forename type="middle">E</forename><surname>Hinton</surname></persName>
		</author>
		<author>
			<persName xmlns="http://www.tei-c.org/ns/1.0"><forename type="first">Simon</forename><surname>Osindero</surname></persName>
		</author>
		<author>
			<persName xmlns="http://www.tei-c.org/ns/1.0"><forename type="first">Yee-Whye</forename><surname>Teh</surname></persName>
		</author>
	</analytic>
	<monogr>
		<title level="j">Neural Comput</title>
		<imprint>
			<biblScope unit="volume">18</biblScope>
			<biblScope unit="issue">7</biblScope>
			<biblScope unit="page" from="1527" to="1554" />
			<date type="published" when="2006-07" />
		</imprint>
	</monogr>
</biblStruct>

<biblStruct >
	<analytic>
		<title level="a" type="main">Improved backing-off for m-gram language modeling</title>
		<author>
			<persName xmlns="http://www.tei-c.org/ns/1.0"><forename type="first">Reinhard</forename><surname>Kneser</surname></persName>
		</author>
		<author>
			<persName xmlns="http://www.tei-c.org/ns/1.0"><forename type="first">Hermann</forename><surname>Ney</surname></persName>
		</author>
	</analytic>
	<monogr>
		<title level="m">Acoustics, Speech, and Signal Processing</title>
		<imprint>
			<publisher>IEEE</publisher>
			<date type="published" when="1995" />
			<biblScope unit="volume">1</biblScope>
			<biblScope unit="page" from="181" to="184" />
		</imprint>
	</monogr>
	<note>International Conference on</note>
</biblStruct>

<biblStruct >
	<analytic>
		<title level="a" type="main">Statistical significance tests for machine translation evaluation</title>
		<author>
			<persName xmlns="http://www.tei-c.org/ns/1.0"><forename type="first">Philipp</forename><surname>Koehn</surname></persName>
		</author>
	</analytic>
	<monogr>
		<title level="m">Proceedings of EMNLP 2004</title>
		<editor>Dekang Lin and Dekai Wu</editor>
		<meeting>EMNLP 2004<address><addrLine>Barcelona, Spain</addrLine></address></meeting>
		<imprint>
			<publisher>Association for Computational Linguistics</publisher>
			<date type="published" when="2004-07" />
			<biblScope unit="page" from="388" to="395" />
		</imprint>
	</monogr>
</biblStruct>

<biblStruct >
	<analytic>
		<title level="a" type="main">Imagenet classification with deep convolutional neural networks</title>
		<author>
			<persName xmlns="http://www.tei-c.org/ns/1.0"><forename type="first">Alex</forename><surname>Krizhevsky</surname></persName>
		</author>
		<author>
			<persName xmlns="http://www.tei-c.org/ns/1.0"><forename type="first">Ilya</forename><surname>Sutskever</surname></persName>
		</author>
		<author>
			<persName xmlns="http://www.tei-c.org/ns/1.0"><forename type="first">Geoff</forename><surname>Hinton</surname></persName>
		</author>
	</analytic>
	<monogr>
		<title level="m">Advances in Neural Information Processing Systems</title>
		<editor>P. Bartlett, F.C.N. Pereira, C.J.C. Burges, L. Bottou, and K.Q. Weinberger</editor>
		<imprint>
			<date type="published" when="2012" />
			<biblScope unit="volume">25</biblScope>
			<biblScope unit="page" from="1106" to="1114" />
		</imprint>
	</monogr>
</biblStruct>

<biblStruct >
	<analytic>
		<title level="a" type="main">Efficient sparse coding algorithms</title>
		<author>
			<persName xmlns="http://www.tei-c.org/ns/1.0"><forename type="first">Honglak</forename><surname>Lee</surname></persName>
		</author>
		<author>
			<persName xmlns="http://www.tei-c.org/ns/1.0"><forename type="first">Alexis</forename><surname>Battle</surname></persName>
		</author>
		<author>
			<persName xmlns="http://www.tei-c.org/ns/1.0"><forename type="first">Rajat</forename><surname>Raina</surname></persName>
		</author>
		<author>
			<persName xmlns="http://www.tei-c.org/ns/1.0"><forename type="first">Andrew</forename><forename type="middle">Y</forename><surname>Ng</surname></persName>
		</author>
	</analytic>
	<monogr>
		<title level="m">Advances in Neural Information Processing Systems</title>
		<editor>B. Schölkopf, J. Platt, and T. Hoffman</editor>
		<meeting><address><addrLine>Cambridge, MA</addrLine></address></meeting>
		<imprint>
			<publisher>MIT Press</publisher>
			<date type="published" when="2006" />
			<biblScope unit="volume">19</biblScope>
			<biblScope unit="page" from="801" to="808" />
		</imprint>
	</monogr>
</biblStruct>

<biblStruct >
	<analytic>
		<title level="a" type="main">Maximum entropy based rule selection model for syntax-based statistical machine translation</title>
		<author>
			<persName xmlns="http://www.tei-c.org/ns/1.0"><forename type="first">Qun</forename><surname>Liu</surname></persName>
		</author>
		<author>
			<persName xmlns="http://www.tei-c.org/ns/1.0"><forename type="first">Zhongjun</forename><surname>He</surname></persName>
		</author>
		<author>
			<persName xmlns="http://www.tei-c.org/ns/1.0"><forename type="first">Yang</forename><surname>Liu</surname></persName>
		</author>
		<author>
			<persName xmlns="http://www.tei-c.org/ns/1.0"><forename type="first">Shouxun</forename><surname>Lin</surname></persName>
		</author>
	</analytic>
	<monogr>
		<title level="m">Proceedings of the 2008 Conference on Empirical Methods in Natural Language Processing</title>
		<meeting>the 2008 Conference on Empirical Methods in Natural Language Processing<address><addrLine>Honolulu, Hawaii</addrLine></address></meeting>
		<imprint>
			<publisher>Association for Computational Linguistics</publisher>
			<date type="published" when="2008-10" />
			<biblScope unit="page" from="89" to="97" />
		</imprint>
	</monogr>
</biblStruct>

<biblStruct >
	<analytic>
		<title level="a" type="main">Plda+: Parallel latent dirichlet allocation with data placement and pipeline processing</title>
		<author>
			<persName xmlns="http://www.tei-c.org/ns/1.0"><forename type="first">Zhiyuan</forename><surname>Liu</surname></persName>
		</author>
		<author>
			<persName xmlns="http://www.tei-c.org/ns/1.0"><forename type="first">Yuzhou</forename><surname>Zhang</surname></persName>
		</author>
		<author>
			<persName xmlns="http://www.tei-c.org/ns/1.0"><forename type="first">Edward</forename><forename type="middle">Y</forename><surname>Chang</surname></persName>
		</author>
		<author>
			<persName xmlns="http://www.tei-c.org/ns/1.0"><forename type="first">Maosong</forename><surname>Sun</surname></persName>
		</author>
		<ptr target="http://code.google.com/p/plda" />
	</analytic>
	<monogr>
		<title level="j">ACM Transactions on Intelligent Systems and Technology, special issue on Large Scale Machine Learning. Software</title>
		<imprint>
			<date type="published" when="2011" />
		</imprint>
	</monogr>
</biblStruct>

<biblStruct >
	<analytic>
		<title level="a" type="main">Soft syntactic constraints for hierarchical phrased-based translation</title>
		<author>
			<persName xmlns="http://www.tei-c.org/ns/1.0"><forename type="first">Yuval</forename><surname>Marton</surname></persName>
		</author>
		<author>
			<persName xmlns="http://www.tei-c.org/ns/1.0"><forename type="first">Philip</forename><surname>Resnik</surname></persName>
		</author>
	</analytic>
	<monogr>
		<title level="m">Association for Computational Linguistics</title>
		<meeting><address><addrLine>Columbus, Ohio</addrLine></address></meeting>
		<imprint>
			<date type="published" when="2008-06" />
			<biblScope unit="page" from="1003" to="1011" />
		</imprint>
	</monogr>
	<note>Proceedings of ACL-08: HLT</note>
</biblStruct>

<biblStruct >
	<analytic>
		<title level="a" type="main">Minimum error rate training in statistical machine translation</title>
		<author>
			<persName xmlns="http://www.tei-c.org/ns/1.0"><forename type="first">Franz Josef</forename><surname>Och</surname></persName>
		</author>
	</analytic>
	<monogr>
		<title level="m">Proceedings of the 41st Annual Meeting of the Association for Computational Linguistics</title>
		<meeting>the 41st Annual Meeting of the Association for Computational Linguistics<address><addrLine>Japan</addrLine></address></meeting>
		<imprint>
			<publisher>Association for Computational Linguistics</publisher>
			<date type="published" when="2003-07" />
			<biblScope unit="page" from="160" to="167" />
		</imprint>
	</monogr>
	<note>Sapporo</note>
</biblStruct>

<biblStruct >
	<analytic>
		<title level="a" type="main">Bleu: a method for automatic evaluation of machine translation</title>
		<author>
			<persName xmlns="http://www.tei-c.org/ns/1.0"><forename type="first">Kishore</forename><surname>Papineni</surname></persName>
		</author>
		<author>
			<persName xmlns="http://www.tei-c.org/ns/1.0"><forename type="first">Salim</forename><surname>Roukos</surname></persName>
		</author>
		<author>
			<persName xmlns="http://www.tei-c.org/ns/1.0"><forename type="first">Todd</forename><surname>Ward</surname></persName>
		</author>
		<author>
			<persName xmlns="http://www.tei-c.org/ns/1.0"><forename type="first">Weijing</forename><surname>Zhu</surname></persName>
		</author>
	</analytic>
	<monogr>
		<title level="m">Proceedings of 40th Annual Meeting of the Association for Computational Linguistics</title>
		<meeting>40th Annual Meeting of the Association for Computational Linguistics<address><addrLine>Philadelphia, Pennsylvania, USA</addrLine></address></meeting>
		<imprint>
			<date type="published" when="2002-07" />
			<biblScope unit="page" from="311" to="318" />
		</imprint>
	</monogr>
	<note>Association for Computational Linguistics</note>
</biblStruct>

<biblStruct >
	<monogr>
		<title level="m" type="main">Neurocomputing: Foundations of research. chapter Learning Representations by Back-propagating Errors</title>
		<author>
			<persName xmlns="http://www.tei-c.org/ns/1.0"><forename type="first">David</forename><forename type="middle">E</forename><surname>Rumelhart</surname></persName>
		</author>
		<author>
			<persName xmlns="http://www.tei-c.org/ns/1.0"><forename type="first">Geoffrey</forename><forename type="middle">E</forename><surname>Hinton</surname></persName>
		</author>
		<author>
			<persName xmlns="http://www.tei-c.org/ns/1.0"><forename type="first">Ronald</forename><forename type="middle">J</forename><surname>Williams</surname></persName>
		</author>
		<imprint>
			<date type="published" when="1988" />
			<publisher>MIT Press</publisher>
			<biblScope unit="page" from="696" to="699" />
			<pubPlace>Cambridge, MA, USA</pubPlace>
		</imprint>
	</monogr>
</biblStruct>

<biblStruct >
	<analytic>
		<title level="a" type="main">Contrastive estimation: Training log-linear models on unlabeled data</title>
		<author>
			<persName xmlns="http://www.tei-c.org/ns/1.0"><forename type="first">A</forename><surname>Noah</surname></persName>
		</author>
		<author>
			<persName xmlns="http://www.tei-c.org/ns/1.0"><forename type="first">Jason</forename><surname>Smith</surname></persName>
		</author>
		<author>
			<persName xmlns="http://www.tei-c.org/ns/1.0"><surname>Eisner</surname></persName>
		</author>
	</analytic>
	<monogr>
		<title level="m">Proceedings of the 43rd Annual Meeting of the Association for Computational Linguistics (ACL&apos;05)</title>
		<meeting>the 43rd Annual Meeting of the Association for Computational Linguistics (ACL&apos;05)<address><addrLine>Ann Arbor, Michigan</addrLine></address></meeting>
		<imprint>
			<date type="published" when="2005-06" />
			<biblScope unit="page" from="354" to="362" />
		</imprint>
	</monogr>
	<note>Association for Computational Linguistics</note>
</biblStruct>

<biblStruct >
	<analytic>
		<title level="a" type="main">Parsing Natural Scenes and Natural Language with Recursive Neural Networks</title>
		<author>
			<persName xmlns="http://www.tei-c.org/ns/1.0"><forename type="first">Richard</forename><surname>Socher</surname></persName>
		</author>
		<author>
			<persName xmlns="http://www.tei-c.org/ns/1.0"><forename type="first">Cliff</forename><forename type="middle">C</forename><surname>Lin</surname></persName>
		</author>
		<author>
			<persName xmlns="http://www.tei-c.org/ns/1.0"><forename type="first">Andrew</forename><forename type="middle">Y</forename><surname>Ng</surname></persName>
		</author>
		<author>
			<persName xmlns="http://www.tei-c.org/ns/1.0"><forename type="first">Christopher</forename><forename type="middle">D</forename><surname>Manning</surname></persName>
		</author>
	</analytic>
	<monogr>
		<title level="m">Proceedings of the 26th International Conference on Machine Learning (ICML)</title>
		<meeting>the 26th International Conference on Machine Learning (ICML)</meeting>
		<imprint>
			<date type="published" when="2011" />
		</imprint>
	</monogr>
</biblStruct>

<biblStruct >
	<analytic>
		<title level="a" type="main">Semi-supervised recursive autoencoders for predicting sentiment distributions</title>
		<author>
			<persName xmlns="http://www.tei-c.org/ns/1.0"><forename type="first">Richard</forename><surname>Socher</surname></persName>
		</author>
		<author>
			<persName xmlns="http://www.tei-c.org/ns/1.0"><forename type="first">Jeffrey</forename><surname>Pennington</surname></persName>
		</author>
		<author>
			<persName xmlns="http://www.tei-c.org/ns/1.0"><forename type="first">Eric</forename><forename type="middle">H</forename><surname>Huang</surname></persName>
		</author>
		<author>
			<persName xmlns="http://www.tei-c.org/ns/1.0"><forename type="first">Andrew</forename><forename type="middle">Y</forename><surname>Ng</surname></persName>
		</author>
		<author>
			<persName xmlns="http://www.tei-c.org/ns/1.0"><forename type="first">Christopher</forename><forename type="middle">D</forename><surname>Manning</surname></persName>
		</author>
	</analytic>
	<monogr>
		<title level="m">Proceedings of the 2011 Conference on Empirical Methods in Natural Language Processing</title>
		<meeting>the 2011 Conference on Empirical Methods in Natural Language Processing<address><addrLine>Edinburgh, Scotland, UK.</addrLine></address></meeting>
		<imprint>
			<publisher>Association for Computational Linguistics</publisher>
			<date type="published" when="2011-07" />
			<biblScope unit="page" from="151" to="161" />
		</imprint>
	</monogr>
</biblStruct>

<biblStruct >
	<analytic>
		<title level="a" type="main">Translation model adaptation for statistical machine translation with monolingual topic information</title>
		<author>
			<persName xmlns="http://www.tei-c.org/ns/1.0"><forename type="first">Jinsong</forename><surname>Su</surname></persName>
		</author>
		<author>
			<persName xmlns="http://www.tei-c.org/ns/1.0"><forename type="first">Hua</forename><surname>Wu</surname></persName>
		</author>
		<author>
			<persName xmlns="http://www.tei-c.org/ns/1.0"><forename type="first">Haifeng</forename><surname>Wang</surname></persName>
		</author>
		<author>
			<persName xmlns="http://www.tei-c.org/ns/1.0"><forename type="first">Yidong</forename><surname>Chen</surname></persName>
		</author>
		<author>
			<persName xmlns="http://www.tei-c.org/ns/1.0"><forename type="first">Xiaodong</forename><surname>Shi</surname></persName>
		</author>
		<author>
			<persName xmlns="http://www.tei-c.org/ns/1.0"><forename type="first">Huailin</forename><surname>Dong</surname></persName>
		</author>
		<author>
			<persName xmlns="http://www.tei-c.org/ns/1.0"><forename type="first">Qun</forename><surname>Liu</surname></persName>
		</author>
	</analytic>
	<monogr>
		<title level="m">Proceedings of the 50th Annual Meeting of the Association for Computational Linguistics</title>
		<meeting>the 50th Annual Meeting of the Association for Computational Linguistics<address><addrLine>Jeju Island, Korea</addrLine></address></meeting>
		<imprint>
			<publisher>Association for Computational Linguistics</publisher>
			<date type="published" when="2012-07" />
			<biblScope unit="volume">1</biblScope>
			<biblScope unit="page" from="459" to="468" />
		</imprint>
	</monogr>
	<note>Long Papers)</note>
</biblStruct>

<biblStruct >
	<analytic>
		<title level="a" type="main">Bilingual lsa-based adaptation for statistical machine translation</title>
		<author>
			<persName xmlns="http://www.tei-c.org/ns/1.0"><forename type="first">Yik-Cheung</forename><surname>Tam</surname></persName>
		</author>
		<author>
			<persName xmlns="http://www.tei-c.org/ns/1.0"><forename type="first">Ian</forename><surname>Lane</surname></persName>
		</author>
		<author>
			<persName xmlns="http://www.tei-c.org/ns/1.0"><forename type="first">Tanja</forename><surname>Schultz</surname></persName>
		</author>
	</analytic>
	<monogr>
		<title level="j">Machine Translation</title>
		<imprint>
			<biblScope unit="volume">21</biblScope>
			<biblScope unit="issue">4</biblScope>
			<biblScope unit="page" from="187" to="207" />
			<date type="published" when="2007-12" />
		</imprint>
	</monogr>
</biblStruct>

<biblStruct >
	<analytic>
		<title level="a" type="main">Extracting and composing robust features with denoising autoencoders</title>
		<author>
			<persName xmlns="http://www.tei-c.org/ns/1.0"><forename type="first">Pascal</forename><surname>Vincent</surname></persName>
		</author>
		<author>
			<persName xmlns="http://www.tei-c.org/ns/1.0"><forename type="first">Hugo</forename><surname>Larochelle</surname></persName>
		</author>
		<author>
			<persName xmlns="http://www.tei-c.org/ns/1.0"><forename type="first">Yoshua</forename><surname>Bengio</surname></persName>
		</author>
		<author>
			<persName xmlns="http://www.tei-c.org/ns/1.0"><forename type="first">Pierre-Antoine</forename><surname>Manzagol</surname></persName>
		</author>
	</analytic>
	<monogr>
		<title level="m">Proceedings of the 25th International Conference on Machine Learning, ICML &apos;08</title>
		<meeting>the 25th International Conference on Machine Learning, ICML &apos;08<address><addrLine>New York, NY, USA</addrLine></address></meeting>
		<imprint>
			<publisher>ACM</publisher>
			<date type="published" when="2008" />
			<biblScope unit="page" from="1096" to="1103" />
		</imprint>
	</monogr>
</biblStruct>

<biblStruct >
	<analytic>
		<title level="a" type="main">Stacked denoising autoencoders: Learning useful representations in a deep network with a local denoising criterion</title>
		<author>
			<persName xmlns="http://www.tei-c.org/ns/1.0"><forename type="first">Pascal</forename><surname>Vincent</surname></persName>
		</author>
		<author>
			<persName xmlns="http://www.tei-c.org/ns/1.0"><forename type="first">Hugo</forename><surname>Larochelle</surname></persName>
		</author>
		<author>
			<persName xmlns="http://www.tei-c.org/ns/1.0"><forename type="first">Isabelle</forename><surname>Lajoie</surname></persName>
		</author>
		<author>
			<persName xmlns="http://www.tei-c.org/ns/1.0"><forename type="first">Yoshua</forename><surname>Bengio</surname></persName>
		</author>
		<author>
			<persName xmlns="http://www.tei-c.org/ns/1.0"><forename type="first">Pierre-Antoine</forename><surname>Manzagol</surname></persName>
		</author>
	</analytic>
	<monogr>
		<title level="j">J. Mach. Learn. Res</title>
		<imprint>
			<biblScope unit="volume">11</biblScope>
			<biblScope unit="page" from="3371" to="3408" />
			<date type="published" when="2010-12" />
		</imprint>
	</monogr>
</biblStruct>

<biblStruct >
	<analytic>
		<title level="a" type="main">A topic similarity model for hierarchical phrase-based translation</title>
		<author>
			<persName xmlns="http://www.tei-c.org/ns/1.0"><forename type="first">Xinyan</forename><surname>Xiao</surname></persName>
		</author>
		<author>
			<persName xmlns="http://www.tei-c.org/ns/1.0"><forename type="first">Deyi</forename><surname>Xiong</surname></persName>
		</author>
		<author>
			<persName xmlns="http://www.tei-c.org/ns/1.0"><forename type="first">Min</forename><surname>Zhang</surname></persName>
		</author>
		<author>
			<persName xmlns="http://www.tei-c.org/ns/1.0"><forename type="first">Qun</forename><surname>Liu</surname></persName>
		</author>
		<author>
			<persName xmlns="http://www.tei-c.org/ns/1.0"><forename type="first">Shouxun</forename><surname>Lin</surname></persName>
		</author>
	</analytic>
	<monogr>
		<title level="m">Proceedings of the 50th Annual Meeting of the Association for Computational Linguistics</title>
		<meeting>the 50th Annual Meeting of the Association for Computational Linguistics<address><addrLine>Jeju Island, Korea</addrLine></address></meeting>
		<imprint>
			<date type="published" when="2012-07" />
			<biblScope unit="volume">1</biblScope>
			<biblScope unit="page" from="750" to="758" />
		</imprint>
	</monogr>
	<note>Association for Computational Linguistics</note>
</biblStruct>

<biblStruct >
	<analytic>
		<title level="a" type="main">A topic-based coherence model for statistical machine translation</title>
		<author>
			<persName xmlns="http://www.tei-c.org/ns/1.0"><forename type="first">Deyi</forename><surname>Xiong</surname></persName>
		</author>
		<author>
			<persName xmlns="http://www.tei-c.org/ns/1.0"><forename type="first">Min</forename><surname>Zhang</surname></persName>
		</author>
	</analytic>
	<monogr>
		<title level="m">AAAI</title>
		<imprint>
			<date type="published" when="2013" />
		</imprint>
	</monogr>
</biblStruct>

<biblStruct >
	<analytic>
		<title level="a" type="main">A syntax-driven bracketing model for phrasebased translation</title>
		<author>
			<persName xmlns="http://www.tei-c.org/ns/1.0"><forename type="first">Deyi</forename><surname>Xiong</surname></persName>
		</author>
		<author>
			<persName xmlns="http://www.tei-c.org/ns/1.0"><forename type="first">Min</forename><surname>Zhang</surname></persName>
		</author>
		<author>
			<persName xmlns="http://www.tei-c.org/ns/1.0"><forename type="first">Aiti</forename><surname>Aw</surname></persName>
		</author>
		<author>
			<persName xmlns="http://www.tei-c.org/ns/1.0"><forename type="first">Haizhou</forename><surname>Li</surname></persName>
		</author>
	</analytic>
	<monogr>
		<title level="m">Proceedings of the Joint Conference of the 47th Annual Meeting of the ACL and the 4th International Joint Conference on Natural Language Processing of the AFNLP</title>
		<meeting>the Joint Conference of the 47th Annual Meeting of the ACL and the 4th International Joint Conference on Natural Language Processing of the AFNLP<address><addrLine>Suntec, Singapore</addrLine></address></meeting>
		<imprint>
			<publisher>Association for Computational Linguistics</publisher>
			<date type="published" when="2009-08" />
			<biblScope unit="page" from="315" to="323" />
		</imprint>
	</monogr>
</biblStruct>

<biblStruct >
	<analytic>
		<title level="a" type="main">Bitam: Bilingual topic admixture models for word alignment</title>
		<author>
			<persName xmlns="http://www.tei-c.org/ns/1.0"><forename type="first">Bing</forename><surname>Zhao</surname></persName>
		</author>
		<author>
			<persName xmlns="http://www.tei-c.org/ns/1.0"><forename type="first">Eric</forename><forename type="middle">P</forename><surname>Xing</surname></persName>
		</author>
	</analytic>
	<monogr>
		<title level="m">Proceedings of the COLING/ACL 2006 Main Conference Poster Sessions</title>
		<meeting>the COLING/ACL 2006 Main Conference Poster Sessions<address><addrLine>Sydney, Australia</addrLine></address></meeting>
		<imprint>
			<date type="published" when="2006-07" />
			<biblScope unit="page" from="969" to="976" />
		</imprint>
	</monogr>
	<note>Association for Computational Linguistics</note>
</biblStruct>

<biblStruct >
	<analytic>
		<title level="a" type="main">Hm-bitam: Bilingual topic exploration, word alignment, and translation</title>
		<author>
			<persName xmlns="http://www.tei-c.org/ns/1.0"><forename type="first">Bing</forename><surname>Zhao</surname></persName>
		</author>
		<author>
			<persName xmlns="http://www.tei-c.org/ns/1.0"><forename type="first">Eric</forename><forename type="middle">P</forename><surname>Xing</surname></persName>
		</author>
	</analytic>
	<monogr>
		<title level="m">Advances in Neural Information Processing Systems</title>
		<editor>J.C. Platt, D. Koller, Y. Singer, and S. Roweis</editor>
		<meeting><address><addrLine>Cambridge, MA</addrLine></address></meeting>
		<imprint>
			<publisher>MIT Press</publisher>
			<date type="published" when="2007" />
			<biblScope unit="volume">20</biblScope>
			<biblScope unit="page" from="1689" to="1696" />
		</imprint>
	</monogr>
</biblStruct>

			</listBibl>
		</back>
	</text>
</TEI>
