<?xml version="1.0" ?>
<TEI xmlns="http://www.tei-c.org/ns/1.0" xmlns:xlink="http://www.w3.org/1999/xlink" 
 xmlns:mml="http://www.w3.org/1998/Math/MathML">
	<teiHeader>
		<fileDesc xml:id="f_1786"/>
	</teiHeader>
	<text>
		<front/>
		<body/>
		<back>
			<listBibl>
<biblStruct >
	<analytic>
		<title level="a" type="main">Robustness of emotion extraction from 20th century english books</title>
		<author>
			<persName xmlns="http://www.tei-c.org/ns/1.0"><forename type="first">A</forename><surname>Acerbi</surname></persName>
		</author>
		<author>
			<persName xmlns="http://www.tei-c.org/ns/1.0"><forename type="first">V</forename><surname>Lampos</surname></persName>
		</author>
		<author>
			<persName xmlns="http://www.tei-c.org/ns/1.0"><forename type="first">R</forename><forename type="middle">A</forename><surname>Bentley</surname></persName>
		</author>
	</analytic>
	<monogr>
		<title level="m">Proceedings of the IEEE International Conference on Big Data</title>
		<meeting>the IEEE International Conference on Big Data</meeting>
		<imprint>
			<date type="published" when="2013" />
		</imprint>
	</monogr>
</biblStruct>

<biblStruct >
	<analytic>
		<title level="a" type="main">Books average previous decade of economic misery</title>
		<author>
			<persName xmlns="http://www.tei-c.org/ns/1.0"><forename type="first">A</forename><forename type="middle">R</forename><surname>Bentley</surname></persName>
		</author>
		<author>
			<persName xmlns="http://www.tei-c.org/ns/1.0"><forename type="first">A</forename><surname>Acerbi</surname></persName>
		</author>
		<author>
			<persName xmlns="http://www.tei-c.org/ns/1.0"><forename type="first">P</forename><surname>Ormerod</surname></persName>
		</author>
		<author>
			<persName xmlns="http://www.tei-c.org/ns/1.0"><forename type="first">V</forename><surname>Lampos</surname></persName>
		</author>
	</analytic>
	<monogr>
		<title level="j">PLOS One</title>
		<imprint>
			<biblScope unit="issue">1</biblScope>
			<biblScope unit="page">9</biblScope>
			<date type="published" when="2014" />
		</imprint>
	</monogr>
</biblStruct>

<biblStruct >
	<analytic>
		<title level="a" type="main">Supervised learning of complete morphological paradigms</title>
		<author>
			<persName xmlns="http://www.tei-c.org/ns/1.0"><forename type="first">G</forename><surname>Durrett</surname></persName>
		</author>
		<author>
			<persName xmlns="http://www.tei-c.org/ns/1.0"><forename type="first">J</forename><surname>Denero</surname></persName>
		</author>
	</analytic>
	<monogr>
		<title level="m">Proceedings of NAACL-HLT</title>
		<meeting>NAACL-HLT</meeting>
		<imprint>
			<date type="published" when="2013" />
		</imprint>
	</monogr>
</biblStruct>

<biblStruct >
	<analytic>
		<title level="a" type="main">Syntactic annotations for the Google Books Ngram Corpus</title>
		<author>
			<persName xmlns="http://www.tei-c.org/ns/1.0"><forename type="first">Y</forename><surname>Lin</surname></persName>
		</author>
		<author>
			<persName xmlns="http://www.tei-c.org/ns/1.0"><forename type="first">J.-B</forename><surname>Michel</surname></persName>
		</author>
		<author>
			<persName xmlns="http://www.tei-c.org/ns/1.0"><forename type="first">E</forename><forename type="middle">L</forename><surname>Aiden</surname></persName>
		</author>
		<author>
			<persName xmlns="http://www.tei-c.org/ns/1.0"><forename type="first">J</forename><surname>Orwant</surname></persName>
		</author>
		<author>
			<persName xmlns="http://www.tei-c.org/ns/1.0"><forename type="first">W</forename><surname>Brockman</surname></persName>
		</author>
		<author>
			<persName xmlns="http://www.tei-c.org/ns/1.0"><forename type="first">S</forename><surname>Petrov</surname></persName>
		</author>
	</analytic>
	<monogr>
		<title level="m">Proceedings of the ACL</title>
		<meeting>the ACL</meeting>
		<imprint>
			<date type="published" when="2012" />
		</imprint>
	</monogr>
</biblStruct>

<biblStruct >
	<analytic>
		<title level="a" type="main">Quantitative analysis of culture using millions of digitized books</title>
		<author>
			<persName xmlns="http://www.tei-c.org/ns/1.0"><forename type="first">J.-B</forename><surname>Michel</surname></persName>
		</author>
		<author>
			<persName xmlns="http://www.tei-c.org/ns/1.0"><forename type="first">Y</forename><forename type="middle">K</forename><surname>Shen</surname></persName>
		</author>
		<author>
			<persName xmlns="http://www.tei-c.org/ns/1.0"><forename type="first">A</forename><forename type="middle">P</forename><surname>Aiden</surname></persName>
		</author>
		<author>
			<persName xmlns="http://www.tei-c.org/ns/1.0"><forename type="first">A</forename><surname>Veres</surname></persName>
		</author>
		<author>
			<persName xmlns="http://www.tei-c.org/ns/1.0"><forename type="first">M</forename><forename type="middle">K</forename><surname>Gray</surname></persName>
		</author>
	</analytic>
	<monogr>
		<title level="j">Science</title>
		<editor>J. P. Pickett, D. Hoiberg, D. Clancy, P. Norvig, J. Orwant, S. Pinker, M. A. Nowak, and E. Lieberman Aiden</editor>
		<imprint>
			<date type="published" when="2011" />
		</imprint>
	</monogr>
	<note>The Google Books Team</note>
</biblStruct>

<biblStruct >
	<analytic>
		<title level="a" type="main">A universal part-of-speech tagset</title>
		<author>
			<persName xmlns="http://www.tei-c.org/ns/1.0"><forename type="first">S</forename><surname>Petrov</surname></persName>
		</author>
		<author>
			<persName xmlns="http://www.tei-c.org/ns/1.0"><forename type="first">D</forename><surname>Das</surname></persName>
		</author>
		<author>
			<persName xmlns="http://www.tei-c.org/ns/1.0"><forename type="first">R</forename><surname>Mcdonald</surname></persName>
		</author>
	</analytic>
	<monogr>
		<title level="m">Proc. of LREC</title>
		<meeting>of LREC</meeting>
		<imprint>
			<date type="published" when="2012" />
		</imprint>
	</monogr>
</biblStruct>

<biblStruct >
	<analytic>
		<title level="a" type="main">Shifting grounds and evolving battlegrounds</title>
		<author>
			<persName xmlns="http://www.tei-c.org/ns/1.0"><forename type="first">J</forename><surname>Schulz</surname></persName>
		</author>
		<author>
			<persName xmlns="http://www.tei-c.org/ns/1.0"><forename type="first">L</forename><surname>Robinson</surname></persName>
		</author>
	</analytic>
	<monogr>
		<title level="j">American Journal of Cultural Sociology</title>
		<imprint>
			<biblScope unit="volume">1</biblScope>
			<biblScope unit="issue">3</biblScope>
			<biblScope unit="page" from="373" to="402" />
			<date type="published" when="2013" />
		</imprint>
	</monogr>
</biblStruct>

<biblStruct >
	<monogr>
		<title level="m" type="main">Who&apos;s Bigger?: Where Historical Figures Really Rank</title>
		<author>
			<persName xmlns="http://www.tei-c.org/ns/1.0"><forename type="first">S</forename><surname>Skiena</surname></persName>
		</author>
		<author>
			<persName xmlns="http://www.tei-c.org/ns/1.0"><forename type="first">C</forename><surname>Ward</surname></persName>
		</author>
		<imprint>
			<date type="published" when="2013" />
			<publisher>Cambridge University Press</publisher>
		</imprint>
	</monogr>
</biblStruct>

			</listBibl>
		</back>
	</text>
</TEI>
