<?xml version="1.0" ?>
<TEI xmlns="http://www.tei-c.org/ns/1.0" xmlns:xlink="http://www.w3.org/1999/xlink" 
 xmlns:mml="http://www.w3.org/1998/Math/MathML">
	<teiHeader>
		<fileDesc xml:id="f_1934"/>
	</teiHeader>
	<text>
		<front/>
		<body/>
		<back>
			<listBibl>
<biblStruct >
	<analytic>
		<title level="a" type="main">A General View of Action and Time</title>
		<author>
			<persName xmlns="http://www.tei-c.org/ns/1.0"><forename type="first">J</forename><surname>Allen</surname></persName>
		</author>
		<author>
			<persName xmlns="http://www.tei-c.org/ns/1.0"><forename type="first">:</forename></persName>
		</author>
	</analytic>
	<monogr>
		<title level="j">TR, Dept. Computer Science</title>
		<imprint/>
	</monogr>
</biblStruct>

<biblStruct >
	<monogr>
		<title level="m" type="main">A Plan-Based Approach to Speech Act Recognition</title>
		<author>
			<persName xmlns="http://www.tei-c.org/ns/1.0"><forename type="first">J</forename><surname>Allen</surname></persName>
		</author>
		<imprint>
			<biblScope unit="page">979</biblScope>
		</imprint>
		<respStmt>
			<orgName>Dept. Computer Science, U. Toronto</orgName>
		</respStmt>
	</monogr>
	<note>Ph.l). thesis</note>
</biblStruct>

<biblStruct >
	<monogr>
		<title level="m" type="main">Maintaining Knowledge about Temporal Intervals</title>
		<author>
			<persName xmlns="http://www.tei-c.org/ns/1.0"><forename type="first">J</forename><forename type="middle">F</forename><surname>Allen</surname></persName>
		</author>
		<imprint>
			<date type="published" when="1981-01" />
			<biblScope unit="volume">86</biblScope>
		</imprint>
		<respStmt>
			<orgName>Dept. Computer Science, U. I~ochester</orgName>
		</respStmt>
	</monogr>
	<note>1&apos;I~</note>
</biblStruct>

<biblStruct >
	<analytic>
		<title level="a" type="main">Taxonomy, Descriptions, and Individuals in Natural I.anguage Understanding</title>
		<author>
			<persName xmlns="http://www.tei-c.org/ns/1.0"><forename type="first">R</forename><forename type="middle">J</forename><surname>Brachman</surname></persName>
		</author>
	</analytic>
	<monogr>
		<title level="m">Proc., 17th</title>
		<meeting>17th</meeting>
		<imprint/>
	</monogr>
</biblStruct>

<biblStruct >
	<monogr>
				<title level="m">Annual Meeting of the Assoc&apos;n. for Computational Linguistics</title>
		<meeting><address><addrLine>UCSD, I,a Jolla. CA</addrLine></address></meeting>
		<imprint>
			<date type="published" when="1979-08" />
			<biblScope unit="page" from="33" to="37" />
		</imprint>
	</monogr>
</biblStruct>

<biblStruct >
	<monogr>
		<title level="m" type="main">l~elief Systems and I.anguage Understanding</title>
		<author>
			<persName xmlns="http://www.tei-c.org/ns/1.0"><forename type="first">B</forename><surname>Bruce</surname></persName>
		</author>
		<imprint>
			<date type="published" when="1975" />
			<publisher>Beranek &amp; Newman, Inc</publisher>
		</imprint>
	</monogr>
	<note>Report 2973, I]olt</note>
</biblStruct>

<biblStruct >
	<analytic>
		<title level="a" type="main">On Knowing What to Say: Planning Speech Acts</title>
		<author>
			<persName xmlns="http://www.tei-c.org/ns/1.0"><forename type="first">P</forename><forename type="middle">R</forename><surname>Cohen</surname></persName>
		</author>
	</analytic>
	<monogr>
		<title level="j">FR</title>
		<imprint>
			<biblScope unit="volume">18</biblScope>
			<date type="published" when="1978" />
		</imprint>
		<respStmt>
			<orgName>Dept. Computer Science, U. Toronto</orgName>
		</respStmt>
	</monogr>
</biblStruct>

<biblStruct >
	<analytic>
		<title level="a" type="main">The Logical Form of Action Sentences</title>
		<author>
			<persName xmlns="http://www.tei-c.org/ns/1.0"><forename type="first">D</forename><surname>Avidson</surname></persName>
		</author>
		<author>
			<persName xmlns="http://www.tei-c.org/ns/1.0"><forename type="first">R</forename><surname>Ikes</surname></persName>
		</author>
	</analytic>
	<monogr>
		<title level="m">N. Rescher (l:.d). 77,e Logic of Decision and Action</title>
		<meeting><address><addrLine>Pittsburgh, PA</addrLine></address></meeting>
		<imprint>
			<publisher>U. Pittsburgh Press</publisher>
			<date type="published" when="1967" />
		</imprint>
	</monogr>
</biblStruct>

<biblStruct >
	<analytic>
		<title level="a" type="main">STI~,II)S: A New Approach to the Application of Theorem Proving to Problem Solving</title>
		<author>
			<persName xmlns="http://www.tei-c.org/ns/1.0"><forename type="first">E</forename></persName>
		</author>
		<author>
			<persName xmlns="http://www.tei-c.org/ns/1.0"><forename type="first">N</forename><forename type="middle">J</forename><surname>Nilsson</surname></persName>
		</author>
	</analytic>
	<monogr>
		<title level="j">Arttficial Intelligence</title>
		<imprint>
			<biblScope unit="volume">2</biblScope>
			<biblScope unit="page" from="189" to="205" />
			<date type="published" when="1970" />
			<publisher>Princeton U. Press</publisher>
		</imprint>
	</monogr>
	<note>I971. Goldman, A. A 77retry of Human Actton</note>
</biblStruct>

<biblStruct >
	<analytic>
		<title level="a" type="main">Utterance and Objective: Issues in Natural Language Communication</title>
		<author>
			<persName xmlns="http://www.tei-c.org/ns/1.0"><forename type="first">Ill</forename><surname>Grosz</surname></persName>
		</author>
	</analytic>
	<monogr>
		<title level="m">Proc., 6th IJCAI</title>
		<meeting>6th IJCAI<address><addrLine>Tokyo</addrLine></address></meeting>
		<imprint>
			<date type="published" when="1979-08" />
			<biblScope unit="page" from="67" to="1076" />
		</imprint>
	</monogr>
</biblStruct>

<biblStruct >
	<monogr>
		<title level="m" type="main">Sententialism and the I,ogic of l]elief and Action</title>
		<author>
			<persName xmlns="http://www.tei-c.org/ns/1.0"><forename type="first">A</forename><surname>Haas</surname></persName>
		</author>
		<imprint>
			<date type="published" when="1981" />
		</imprint>
		<respStmt>
			<orgName>Dept. Computer Science, U. R, ochester</orgName>
		</respStmt>
	</monogr>
	<note>Ph.l). thesis</note>
</biblStruct>

<biblStruct >
	<analytic>
		<title level="a" type="main">Wanting: Some Pitfalls</title>
		<author>
			<persName xmlns="http://www.tei-c.org/ns/1.0"><forename type="first">R</forename><forename type="middle">M</forename><surname>Hare</surname></persName>
		</author>
	</analytic>
	<monogr>
		<title level="m">Binkley, Bronaugh, and Morras (l&apos;ds). Agent. Action, and Reason</title>
		<meeting><address><addrLine>Toronto</addrLine></address></meeting>
		<imprint>
			<publisher>U. Toronto Press</publisher>
		</imprint>
	</monogr>
</biblStruct>

<biblStruct >
	<monogr>
		<title/>
		<author>
			<persName xmlns="http://www.tei-c.org/ns/1.0"><forename type="first">J</forename><surname>Hintikka</surname></persName>
		</author>
		<author>
			<persName xmlns="http://www.tei-c.org/ns/1.0"><forename type="first">Belief</forename><surname>Knowledge</surname></persName>
		</author>
		<author>
			<persName xmlns="http://www.tei-c.org/ns/1.0"><surname>Ithaca</surname></persName>
		</author>
		<imprint>
			<date type="published" when="1962" />
			<publisher>Cornell U. Press</publisher>
			<pubPlace>NY</pubPlace>
		</imprint>
	</monogr>
</biblStruct>

<biblStruct >
	<monogr>
		<title level="m" type="main">Explanatory Semantic l~,epresentation</title>
		<author>
			<persName xmlns="http://www.tei-c.org/ns/1.0"><forename type="first">R</forename><surname>Jackendoff</surname></persName>
		</author>
		<imprint>
			<date type="published" when="1976" />
			<biblScope unit="volume">7</biblScope>
			<biblScope unit="page" from="89" to="150" />
			<pubPlace>Winter</pubPlace>
		</imprint>
	</monogr>
	<note>Linguistic</note>
</biblStruct>

<biblStruct >
	<monogr>
		<title level="m" type="main">Reasoning about Knowledge and Action</title>
		<author>
			<persName xmlns="http://www.tei-c.org/ns/1.0"><forename type="first">R</forename><forename type="middle">C</forename><surname>Moore</surname></persName>
		</author>
		<imprint>
			<date type="published" when="1979-02" />
		</imprint>
	</monogr>
<note type="report_type">Ph.D. thesis</note>
</biblStruct>

<biblStruct >
	<monogr>
		<title level="m" type="main">Language, Computation, and Reality</title>
		<author>
			<persName xmlns="http://www.tei-c.org/ns/1.0"><forename type="first">D</forename><surname>Perils</surname></persName>
		</author>
		<imprint>
			<biblScope unit="page">981</biblScope>
		</imprint>
		<respStmt>
			<orgName>Dept. Computer Science, U. Rochester</orgName>
		</respStmt>
	</monogr>
<note type="report_type">Ph.D. thesis</note>
</biblStruct>

<biblStruct >
	<monogr>
		<title level="m" type="main">A Structure for Plans and Behavior</title>
		<author>
			<persName xmlns="http://www.tei-c.org/ns/1.0"><forename type="first">E</forename><forename type="middle">D</forename><surname>Sacerdoti</surname></persName>
		</author>
		<imprint>
			<date type="published" when="1977" />
			<publisher>Elsevier North-Holland, Inc</publisher>
			<pubPlace>New York</pubPlace>
		</imprint>
	</monogr>
</biblStruct>

<biblStruct >
	<monogr>
		<title level="m" type="main">Script~ Plan~ Goalx and Understanding</title>
		<author>
			<persName xmlns="http://www.tei-c.org/ns/1.0"><forename type="first">R</forename><surname>Schank</surname></persName>
		</author>
		<author>
			<persName xmlns="http://www.tei-c.org/ns/1.0"><forename type="first">R</forename><surname>Abelson</surname></persName>
		</author>
		<imprint>
			<date type="published" when="1977" />
			<publisher>Lawrence Erlbaum Associates</publisher>
			<pubPlace>Hillsdale, NJ</pubPlace>
		</imprint>
	</monogr>
</biblStruct>

<biblStruct >
	<analytic>
		<title level="a" type="main">Understanding Human Action</title>
		<author>
			<persName xmlns="http://www.tei-c.org/ns/1.0"><forename type="first">C</forename><forename type="middle">F</forename><surname>Schmidt</surname></persName>
		</author>
	</analytic>
	<monogr>
		<title level="m">Proc., Theoretical Issues in Natural Language Processing</title>
		<meeting>Theoretical Issues in Natural Language essing<address><addrLine>Cambridge, MA</addrLine></address></meeting>
		<imprint>
			<date type="published" when="1975" />
		</imprint>
	</monogr>
</biblStruct>

<biblStruct >
	<analytic>
		<title level="a" type="main">The Intentionality of Intention and Action</title>
		<author>
			<persName xmlns="http://www.tei-c.org/ns/1.0"><forename type="first">J</forename><forename type="middle">R</forename><surname>Searle</surname></persName>
		</author>
	</analytic>
	<monogr>
		<title level="j">Cognitive Science</title>
		<imprint>
			<biblScope unit="volume">4</biblScope>
			<date type="published" when="1980" />
		</imprint>
	</monogr>
</biblStruct>

<biblStruct >
	<monogr>
		<title level="m" type="main">Understanding Goal-Based Stories</title>
		<author>
			<persName xmlns="http://www.tei-c.org/ns/1.0"><forename type="first">R</forename><surname>Taylor</surname></persName>
		</author>
		<author>
			<persName xmlns="http://www.tei-c.org/ns/1.0"><forename type="first">R</forename><surname>Wilensky</surname></persName>
		</author>
		<imprint>
			<date type="published" when="1966" />
			<publisher>Prentice Hall</publisher>
			<pubPlace>New Jersey</pubPlace>
		</imprint>
	</monogr>
	<note>Action and Purpose. Ph.D. thesis, Yale U.</note>
</biblStruct>

			</listBibl>
		</back>
	</text>
</TEI>
