<?xml version="1.0" ?>
<TEI xmlns="http://www.tei-c.org/ns/1.0" xmlns:xlink="http://www.w3.org/1999/xlink" 
 xmlns:mml="http://www.w3.org/1998/Math/MathML">
	<teiHeader>
		<fileDesc xml:id="f_2333"/>
	</teiHeader>
	<text>
		<front/>
		<body/>
		<back>
			<listBibl>
<biblStruct >
	<monogr>
		<title level="m" type="main">Arbitrary g&apos;r~mm~r~ generating conteztfree languages</title>
		<author>
			<persName xmlns="http://www.tei-c.org/ns/1.0"><forename type="first">B</forename><forename type="middle">S</forename><surname>Baker</surname></persName>
		</author>
		<idno>TR 11-72</idno>
		<imprint>
			<date type="published" when="1972" />
		</imprint>
		<respStmt>
			<orgName>Center for Research in Computing Technology, Harvard Univ.</orgName>
		</respStmt>
	</monogr>
</biblStruct>

<biblStruct >
	<monogr>
		<title level="m" type="main">Comp~aZional com~lezity ~nd lezical 2u~tio~al srammar</title>
		<author>
			<persName xmlns="http://www.tei-c.org/ns/1.0"><forename type="first">R</forename><forename type="middle">C</forename><surname>Berwick</surname></persName>
		</author>
		<imprint>
			<biblScope unit="page">9</biblScope>
		</imprint>
	</monogr>
</biblStruct>

<biblStruct >
	<analytic>
		<title level="a" type="main">Pars/rig eff/c/.ency, com~tationn~ complezity, and the eval~lion of gramrna//ca~ theor~s</title>
		<author>
			<persName xmlns="http://www.tei-c.org/ns/1.0"><forename type="first">R</forename><forename type="middle">C</forename><surname>Berwick</surname></persName>
		</author>
		<author>
			<persName xmlns="http://www.tei-c.org/ns/1.0"><forename type="first">A</forename><surname>Weinberg</surname></persName>
		</author>
	</analytic>
	<monogr>
		<title level="j">l.ing. Inq</title>
		<imprint>
			<biblScope unit="volume">13</biblScope>
			<biblScope unit="page" from="65" to="191" />
			<date type="published" when="1962" />
		</imprint>
	</monogr>
</biblStruct>

<biblStruct >
	<monogr>
		<title level="m" type="main">Formal Studies of Strat/ficational Grammars</title>
		<author>
			<persName xmlns="http://www.tei-c.org/ns/1.0"><forename type="first">&amp;amp;</forename><forename type="middle">T</forename><surname>Borgida</surname></persName>
		</author>
		<imprint>
			<date type="published" when="1977" />
		</imprint>
		<respStmt>
			<orgName>University o£ Toronto</orgName>
		</respStmt>
	</monogr>
<note type="report_type">Pb_D Thesis</note>
</biblStruct>

<biblStruct >
	<monogr>
				<author>
			<persName xmlns="http://www.tei-c.org/ns/1.0"><forename type="first">N</forename><surname>Chomsky</surname></persName>
		</author>
		<title level="m">Rt~a and Representatinns</title>
		<imprint>
			<publisher>Columbia University Press</publisher>
			<date type="published" when="1980" />
		</imprint>
	</monogr>
</biblStruct>

<biblStruct >
	<monogr>
		<title level="m" type="main">7b~&apos;ds ~ cornpte~ity thso~ d of svnchzonm~s pa</title>
		<author>
			<persName xmlns="http://www.tei-c.org/ns/1.0"><forename type="first">S</forename><forename type="middle">A</forename><surname>Cook</surname></persName>
		</author>
		<imprint/>
	</monogr>
	<note>v~ztlet com.~utat~, L&apos;P.n-eignement Math,bmatique 27, 99-t24, !981</note>
</biblStruct>

<biblStruct >
	<analytic>
		<title level="a" type="main">An effic-Lent contezt-free txtrs-mg algo~hrn</title>
		<author>
			<persName xmlns="http://www.tei-c.org/ns/1.0"><forename type="first">J</forename><surname>Eariey</surname></persName>
		</author>
	</analytic>
	<monogr>
		<title level="j">Comm_ or ACM 13</title>
		<imprint>
			<biblScope unit="volume">2</biblScope>
			<biblScope unit="page" from="94" to="104" />
			<date type="published" when="1970" />
		</imprint>
	</monogr>
</biblStruct>

<biblStruct >
	<analytic>
		<title level="a" type="main">PhTsse stru=hzre ~rramanar</title>
		<author>
			<persName xmlns="http://www.tei-c.org/ns/1.0"><forename type="first">G</forename><surname>Gazdar</surname></persName>
		</author>
	</analytic>
	<monogr>
		<title level="m">The Nature of Syntactic Representation. Reidel</title>
		<editor>Jacobson P. and Puilum G.</editor>
		<imprint>
			<date type="published" when="1982" />
		</imprint>
	</monogr>
</biblStruct>

<biblStruct >
	<monogr>
		<title level="m" type="main">Generalized l~e ~-ucttu~ C~&quot;amr~ A&apos;l~oretical Synopsis</title>
		<author>
			<persName xmlns="http://www.tei-c.org/ns/1.0"><forename type="first">G</forename><surname>Gazdar</surname></persName>
		</author>
		<author>
			<persName xmlns="http://www.tei-c.org/ns/1.0"><forename type="first">G</forename><surname>Pullum</surname></persName>
		</author>
		<imprint>
			<date type="published" when="1982" />
		</imprint>
		<respStmt>
			<orgName>Indiana Univ. Ling. Club</orgName>
		</respStmt>
	</monogr>
</biblStruct>

<biblStruct >
	<analytic>
		<title level="a" type="main">An iwtprovaed co~tte=t-free recognizer</title>
		<author>
			<persName xmlns="http://www.tei-c.org/ns/1.0"><forename type="first">S</forename><forename type="middle">L</forename><surname>Graham</surname></persName>
		</author>
		<author>
			<persName xmlns="http://www.tei-c.org/ns/1.0"><forename type="first">M</forename><forename type="middle">A</forename><surname>Harrison</surname></persName>
		</author>
		<author>
			<persName xmlns="http://www.tei-c.org/ns/1.0"><forename type="first">W</forename><forename type="middle">L</forename><surname>Ruzzo</surname></persName>
		</author>
	</analytic>
	<monogr>
		<title level="j">ACM Trans. on Frog. lang. and Systems</title>
		<imprint>
			<biblScope unit="volume">2</biblScope>
			<biblScope unit="page" from="415" to="462" />
			<date type="published" when="1980" />
		</imprint>
	</monogr>
</biblStruct>

<biblStruct >
	<monogr>
		<title level="m" type="main">Introduction to Automata Theory, ~es and Computation</title>
		<author>
			<persName xmlns="http://www.tei-c.org/ns/1.0"><forename type="first">J</forename><forename type="middle">E</forename><surname>Hopcroft</surname></persName>
		</author>
		<author>
			<persName xmlns="http://www.tei-c.org/ns/1.0"><forename type="first">J</forename><surname>Ullman</surname></persName>
		</author>
		<imprint>
			<date type="published" when="1979" />
			<publisher>Addison Wesley</publisher>
		</imprint>
	</monogr>
</biblStruct>

<biblStruct >
	<analytic>
		<title level="a" type="main">A~tornat~c l~g~age data ~&apos;ocess~g</title>
		<author>
			<persName xmlns="http://www.tei-c.org/ns/1.0"><forename type="first">D</forename><forename type="middle">G</forename><surname>Hays</surname></persName>
		</author>
	</analytic>
	<monogr>
		<title level="m">Computer Ai~Nication~ in the Behavioral Sciences, H Borko</title>
		<imprint>
			<publisher>Prentice Hail</publisher>
			<date type="published" when="1962" />
		</imprint>
	</monogr>
</biblStruct>

<biblStruct >
	<monogr>
		<title level="m" type="main">Q~¢n~e~ in naPurai ~ang~ges: solute logicalprobtems 2, l.i.= and PhiL</title>
		<author>
			<persName xmlns="http://www.tei-c.org/ns/1.0"><forename type="first">,</forename><forename type="middle">I K K</forename><surname>Hintikka</surname></persName>
		</author>
		<imprint>
			<date type="published" when="1977" />
			<biblScope unit="page" from="153" to="72" />
		</imprint>
	</monogr>
</biblStruct>

<biblStruct >
	<analytic>
		<title level="a" type="main">How much contezt-sensitiuit~j is required to pr~ride reasonable St~ttctur~ desc~ptio~s: tree a~]oining 9-ra~nmm-s</title>
		<author>
			<persName xmlns="http://www.tei-c.org/ns/1.0"><forename type="first">%</forename><forename type="middle">K</forename><surname>Joshi</surname></persName>
		</author>
	</analytic>
	<monogr>
		<title level="m">Natural l~-ua~e Processing: l~Chl)iinuui~c, CoH~=m.ltatiollaJ. and TheoRt~aJ. Pl&quot;Operties</title>
		<editor>Karttunen L. add Zwicky A.</editor>
		<imprint>
			<publisher>Cambridge Univ. Press</publisher>
		</imprint>
	</monogr>
	<note>to appear in Dowry D.</note>
</biblStruct>

<biblStruct >
	<monogr>
		<title level="m" type="main">g recurs-m~ ~nd d~pendencies: an aspect of Tree Ad]o~rtY.~tg Ora~tmar,c and a compm-~son ~f some format properties of TAG&apos;s, GPSG&apos;s, PLG&apos;S and LFG&apos;s, these Proceedings</title>
		<author>
			<persName xmlns="http://www.tei-c.org/ns/1.0"><forename type="first">A</forename><forename type="middle">K</forename><surname>Joshi</surname></persName>
		</author>
		<author>
			<persName xmlns="http://www.tei-c.org/ns/1.0"><surname>F~to~</surname></persName>
		</author>
		<imprint>
			<biblScope unit="page">983</biblScope>
		</imprint>
	</monogr>
</biblStruct>

<biblStruct >
	<monogr>
				<author>
			<persName xmlns="http://www.tei-c.org/ns/1.0"><forename type="first">&amp;amp;k</forename><surname>Josht</surname></persName>
		</author>
		<author>
			<persName xmlns="http://www.tei-c.org/ns/1.0"><forename type="first">Levy</forename><forename type="middle">L</forename></persName>
		</author>
		<title level="m">P/mnse st~t~&apos;e trees be~ rnm&apos;e ~t t?~n you zvo~Id have tturught, 18th ACL</title>
		<imprint>
			<date type="published" when="1980" />
		</imprint>
	</monogr>
</biblStruct>

<biblStruct >
	<monogr>
		<title/>
		<author>
			<persName xmlns="http://www.tei-c.org/ns/1.0"><forename type="first">A</forename><forename type="middle">K</forename><surname>Joshi</surname></persName>
		</author>
		<author>
			<persName xmlns="http://www.tei-c.org/ns/1.0"><forename type="first">L</forename><forename type="middle">S</forename><surname>Levy</surname></persName>
		</author>
		<author>
			<persName xmlns="http://www.tei-c.org/ns/1.0"><forename type="first">M</forename><surname>Takahasht</surname></persName>
		</author>
		<author>
			<persName xmlns="http://www.tei-c.org/ns/1.0"><forename type="first">J</forename><surname>Tree Adfunct @-Ra~rnars</surname></persName>
		</author>
		<author>
			<persName xmlns="http://www.tei-c.org/ns/1.0"><surname>Of Cor~p</surname></persName>
		</author>
		<author>
			<persName xmlns="http://www.tei-c.org/ns/1.0"><surname>Sys</surname></persName>
		</author>
		<author>
			<persName xmlns="http://www.tei-c.org/ns/1.0"><surname>Sc</surname></persName>
		</author>
		<imprint/>
	</monogr>
	<note>0, i, !36-163, &quot;975</note>
</biblStruct>

<biblStruct >
	<analytic>
		<title level="a" type="main">Constv~z~nts on structural 48scr~tions: local transfc,rmations</title>
		<author>
			<persName xmlns="http://www.tei-c.org/ns/1.0"><forename type="first">A</forename><forename type="middle">K</forename><surname>Joshi</surname></persName>
		</author>
		<author>
			<persName xmlns="http://www.tei-c.org/ns/1.0"><forename type="first">L</forename><forename type="middle">S</forename><surname>Levy</surname></persName>
		</author>
	</analytic>
	<monogr>
		<title level="j">SIAM J. on Comput</title>
		<imprint>
			<date type="published" when="1977" />
		</imprint>
	</monogr>
</biblStruct>

<biblStruct >
	<monogr>
				<author>
			<persName xmlns="http://www.tei-c.org/ns/1.0"><forename type="first">A</forename><forename type="middle">K</forename><surname>Joshi</surname></persName>
		</author>
		<author>
			<persName xmlns="http://www.tei-c.org/ns/1.0"><forename type="first">L</forename><forename type="middle">S</forename><surname>Levy</surname></persName>
		</author>
		<author>
			<persName xmlns="http://www.tei-c.org/ns/1.0"><forename type="first">K</forename><surname>Yueh</surname></persName>
		</author>
		<title level="m">L~ca/cor~traints on progrexr~m~ng ta~g~zges</title>
		<imprint>
			<biblScope unit="page">960</biblScope>
		</imprint>
	</monogr>
	<note>Part 1. ~ttta~, Th. Comp. Sc. i2.2.65-290</note>
</biblStruct>

<biblStruct >
	<monogr>
		<title level="m" type="main">S0~ne characterization theore~-s fo~&quot; tree ¢~j~tct la&apos;nguages and recognizsuble sets</title>
		<author>
			<persName xmlns="http://www.tei-c.org/ns/1.0"><forename type="first">/ A~ K</forename><surname>Josh</surname></persName>
		</author>
		<author>
			<persName xmlns="http://www.tei-c.org/ns/1.0"><forename type="first">T</forename><surname>Yokomori</surname></persName>
		</author>
		<imprint/>
	</monogr>
	<note>orthcoming</note>
</biblStruct>

<biblStruct >
	<analytic>
		<title level="a" type="main">Lez~cal-F~nct~nal Gramtnwr: a fozvrt~2 system fc, r gra~maZ~cal representation</title>
		<author>
			<persName xmlns="http://www.tei-c.org/ns/1.0"><forename type="first">R</forename><surname>Kaplan</surname></persName>
		</author>
		<author>
			<persName xmlns="http://www.tei-c.org/ns/1.0"><forename type="first">J</forename><surname>Bresnan</surname></persName>
		</author>
	</analytic>
	<monogr>
		<title level="m">The Mental Repe~sentation of Grammaticad Relatinn~</title>
		<editor>Bre.~nan J</editor>
		<imprint>
			<publisher>M]T Press</publisher>
			<biblScope unit="page">982</biblScope>
		</imprint>
	</monogr>
</biblStruct>

<biblStruct >
	<monogr>
		<title level="m" type="main">OutlJ~e of StJratificational Gramr</title>
		<author>
			<persName xmlns="http://www.tei-c.org/ns/1.0"><forename type="first">S</forename><surname>Lamb</surname></persName>
		</author>
		<imprint>
			<date type="published" when="1966" />
			<publisher>Georgetown Umvermty Press</publisher>
			<pubPlace>Washington</pubPlace>
		</imprint>
	</monogr>
</biblStruct>

<biblStruct >
	<analytic>
		<title level="a" type="main">On the inadegu~cy o/ &quot;/~jpe-2 and TMpe-3 gr~rruzrs for human l~tg~ages</title>
		<author>
			<persName xmlns="http://www.tei-c.org/ns/1.0"><forename type="first">D</forename><forename type="middle">T</forename><surname>Langendoen</surname></persName>
		</author>
	</analytic>
	<monogr>
		<title level="m">~.udies m HistorieRl IJnguJ~cs: festsc]~riJtt [or W&apos;~d P. Lehrrmrt</title>
		<editor>tn P.J. Hopper</editor>
		<meeting><address><addrLine>Amsterdam</addrLine></address></meeting>
		<imprint>
			<date type="published" when="1977" />
			<biblScope unit="page" from="159" to="171" />
		</imprint>
	</monogr>
</biblStruct>

<biblStruct >
	<analytic>
		<title/>
		<author>
			<persName xmlns="http://www.tei-c.org/ns/1.0"><forename type="first">S</forename><surname>Lapointe</surname></persName>
		</author>
		<author>
			<persName xmlns="http://www.tei-c.org/ns/1.0"><surname>Deletiovt</surname></persName>
		</author>
	</analytic>
	<monogr>
		<title level="j">Jno. Al~d</title>
		<imprint>
			<biblScope unit="volume">3</biblScope>
			<biblScope unit="page" from="227" to="65" />
			<date type="published" when="1976" />
		</imprint>
	</monogr>
</biblStruct>

<biblStruct >
	<monogr>
		<title level="m" type="main">A Theory of ~tacUc Recognition for NaturaI Language</title>
		<author>
			<persName xmlns="http://www.tei-c.org/ns/1.0"><forename type="first">M</forename><forename type="middle">P</forename><surname>Marcus</surname></persName>
		</author>
		<imprint>
			<date type="published" when="1980" />
			<publisher>MIT Press</publisher>
		</imprint>
	</monogr>
</biblStruct>

<biblStruct >
	<analytic>
		<title level="a" type="main">Are the ~Fr~at~cal sentences of a l,ngtmge a rec~r~ve set?</title>
		<author>
			<persName xmlns="http://www.tei-c.org/ns/1.0"><forename type="first">R</forename><surname>Matthews</surname></persName>
		</author>
	</analytic>
	<monogr>
		<title level="j">Synthese</title>
		<imprint>
			<biblScope unit="volume">40</biblScope>
			<biblScope unit="page" from="2139" to="224" />
			<date type="published" when="1979" />
		</imprint>
	</monogr>
</biblStruct>

<biblStruct >
	<analytic>
		<title level="a" type="main">The prier treat~.ewt of T.Lm~t~fication in 0rdina~J English</title>
		<author>
			<persName xmlns="http://www.tei-c.org/ns/1.0"><forename type="first">R</forename><surname>Montague</surname></persName>
		</author>
	</analytic>
	<monogr>
		<title level="m">Approaches to Natural Language</title>
		<editor>Hintikka, J., Moravcsik J, and Suppes P</editor>
		<meeting><address><addrLine>Reidel, Dordrecht</addrLine></address></meeting>
		<imprint>
			<date type="published" when="1973" />
		</imprint>
	</monogr>
</biblStruct>

<biblStruct >
	<analytic>
		<title level="a" type="main">A note on the ~iversaZ base ~othes~</title>
		<author>
			<persName xmlns="http://www.tei-c.org/ns/1.0"><forename type="first">P</forename><forename type="middle">S</forename><surname>Peters</surname></persName>
		</author>
		<author>
			<persName xmlns="http://www.tei-c.org/ns/1.0"><forename type="first">R</forename><forename type="middle">W</forename><surname>Ritchie</surname></persName>
		</author>
	</analytic>
	<monogr>
		<title level="j">J. of IJn£~.~cs</title>
		<imprint>
			<biblScope unit="volume">5</biblScope>
			<biblScope unit="page" from="50" to="52" />
			<date type="published" when="1969" />
		</imprint>
	</monogr>
</biblStruct>

<biblStruct >
	<analytic>
		<title level="a" type="main">On restmctzng tim base component of t&apos;r~wsform~ztiovtat g~zmma~s</title>
		<author>
			<persName xmlns="http://www.tei-c.org/ns/1.0"><forename type="first">P</forename><forename type="middle">S</forename><surname>Peters</surname></persName>
		</author>
		<author>
			<persName xmlns="http://www.tei-c.org/ns/1.0"><forename type="first">R</forename><forename type="middle">W</forename><surname>Rttchie</surname></persName>
		</author>
	</analytic>
	<monogr>
		<title level="j">Inf. and Control</title>
		<imprint>
			<biblScope unit="volume">18</biblScope>
			<biblScope unit="page" from="483" to="488" />
			<date type="published" when="1971" />
		</imprint>
	</monogr>
</biblStruct>

<biblStruct >
	<analytic>
		<title level="a" type="main">On the gevter~e power of brensloz&apos;rrta~iona~ grcntm~rs</title>
		<author>
			<persName xmlns="http://www.tei-c.org/ns/1.0"><forename type="first">P</forename><forename type="middle">S</forename><surname>Peters</surname></persName>
		</author>
		<author>
			<persName xmlns="http://www.tei-c.org/ns/1.0"><forename type="first">R</forename><forename type="middle">W</forename><surname>Ritchie</surname></persName>
		</author>
	</analytic>
	<monogr>
		<title level="j">Inf. So</title>
		<imprint>
			<biblScope unit="volume">6</biblScope>
			<biblScope unit="page" from="49" to="83" />
			<date type="published" when="1973" />
		</imprint>
	</monogr>
</biblStruct>

<biblStruct >
	<analytic>
		<title level="a" type="main">Co.tort-sensitive ~.t~rwd~-Ze cowst~tuevtt am~tyszs-co~tezt-free Languages. re&apos;wLsited</title>
		<author>
			<persName xmlns="http://www.tei-c.org/ns/1.0"><forename type="first">P</forename><forename type="middle">S</forename><surname>Peters</surname></persName>
		</author>
		<author>
			<persName xmlns="http://www.tei-c.org/ns/1.0"><forename type="first">R</forename><forename type="middle">W</forename><surname>Ritchte</surname></persName>
		</author>
	</analytic>
	<monogr>
		<title level="j">Math Sys. Theory</title>
		<imprint>
			<biblScope unit="volume">6</biblScope>
			<biblScope unit="issue">9</biblScope>
			<biblScope unit="page">3</biblScope>
		</imprint>
	</monogr>
</biblStruct>

<biblStruct >
	<analytic>
		<title level="a" type="main">Ncrn-fitterivu] and local fiZter~g gratnmm</title>
		<author>
			<persName xmlns="http://www.tei-c.org/ns/1.0"><forename type="first">P</forename><forename type="middle">S</forename><surname>Peters</surname></persName>
		</author>
		<author>
			<persName xmlns="http://www.tei-c.org/ns/1.0"><forename type="first">R</forename><forename type="middle">W</forename><surname>Ritchie</surname></persName>
		</author>
	</analytic>
	<monogr>
		<title level="m">Approaches to Natural Ls~b~ge, Reidel</title>
		<editor>~, tn JK.K. Hinttkka, JM.E. Moravcsik, and P. Suppes</editor>
		<imprint>
			<date type="published" when="1973" />
			<biblScope unit="page" from="180" to="194" />
		</imprint>
	</monogr>
</biblStruct>

<biblStruct >
	<monogr>
		<title level="m" type="main">A Recognition Procedure tot Transformational Grammar~ Pb_D Thesis</title>
		<author>
			<persName xmlns="http://www.tei-c.org/ns/1.0"><forename type="first">S</forename><forename type="middle">R</forename><surname>Petrick</surname></persName>
		</author>
		<imprint>
			<date type="published" when="1965" />
		</imprint>
	</monogr>
	<note>k-IT</note>
</biblStruct>

<biblStruct >
	<monogr>
		<title level="m" type="main">Th~ structure of language: Rean~nL/s in the philosophy of lan=~lage</title>
		<author>
			<persName xmlns="http://www.tei-c.org/ns/1.0"><forename type="first">P</forename><forename type="middle">M</forename><surname>Postal</surname></persName>
		</author>
		<editor>J.J. Katz</editor>
		<imprint>
			<date type="published" when="1964" />
			<publisher>Prentice Hall</publisher>
			<biblScope unit="page" from="137" to="51" />
			<pubPlace>Eng~ewood Cliffs</pubPlace>
		</imprint>
	</monogr>
	<note>Lirtt~tations of phrase-structure g~rttmats, m J.A. Fodor and</note>
</biblStruct>

<biblStruct >
	<analytic>
		<title level="a" type="main">Natural and contezt-~ree ~a~@&apos;uages</title>
		<author>
			<persName xmlns="http://www.tei-c.org/ns/1.0"><forename type="first">G</forename><forename type="middle">K</forename><surname>Pullum</surname></persName>
		</author>
		<author>
			<persName xmlns="http://www.tei-c.org/ns/1.0"><forename type="first">G</forename><surname>Gazdar</surname></persName>
		</author>
	</analytic>
	<monogr>
		<title level="j">I~.~_. and Phil</title>
		<imprint>
			<biblScope unit="volume">4</biblScope>
			<biblScope unit="page" from="71" to="504" />
			<date type="published" when="1982" />
		</imprint>
	</monogr>
</biblStruct>

<biblStruct >
	<monogr>
		<title level="m" type="main">So~te iss~s m the theory of ~ramrn.~r, m l~. of S~sia in ApI~lied Mathe~tics</title>
		<author>
			<persName xmlns="http://www.tei-c.org/ns/1.0"><forename type="first">H</forename><surname>Putnam</surname></persName>
		</author>
		<imprint>
			<date type="published" when="1961" />
			<publisher>American Math. Soc</publisher>
		</imprint>
	</monogr>
</biblStruct>

<biblStruct >
	<analytic>
		<title level="a" type="main">Mwptr~gs and gramr~tars o~ trees</title>
		<author>
			<persName xmlns="http://www.tei-c.org/ns/1.0"><forename type="first">W</forename><forename type="middle">C</forename><surname>Rounds</surname></persName>
		</author>
	</analytic>
	<monogr>
		<title level="j">Math. Sys. Th</title>
		<imprint>
			<biblScope unit="volume">4</biblScope>
			<biblScope unit="issue">9</biblScope>
			<biblScope unit="page">0</biblScope>
		</imprint>
	</monogr>
</biblStruct>

<biblStruct >
	<analytic>
		<title level="a" type="main">7~&apos;ee-ov-Lented proofs of some theorems on contezt-free and indezed lsmg~axjes, 2nd ACM b-&apos;ymp, on Th</title>
		<author>
			<persName xmlns="http://www.tei-c.org/ns/1.0"><forename type="first">W</forename><forename type="middle">C</forename><surname>Rounds</surname></persName>
		</author>
	</analytic>
	<monogr>
		<title level="j">Enp. or* Sw. and Aut</title>
		<imprint>
			<biblScope unit="volume">109</biblScope>
			<biblScope unit="issue">6</biblScope>
			<date type="published" when="1973" />
		</imprint>
	</monogr>
	<note>Comp. Sc..</note>
</biblStruct>

<biblStruct >
	<monogr>
		<title level="m" type="main">A graz~.z}~x~ticai cAwr~ter~.ation of e~povtevttial-ti.te Imrtg~ages, ~ ~. on</title>
		<author>
			<persName xmlns="http://www.tei-c.org/ns/1.0"><forename type="first">W</forename><forename type="middle">C</forename><surname>Rounds</surname></persName>
		</author>
		<imprint/>
	</monogr>
</biblStruct>

<biblStruct >
	<analytic>
		<title/>
	</analytic>
	<monogr>
		<title level="j">Commp. So</title>
		<imprint>
			<biblScope unit="page" from="35" to="43" />
			<date type="published" when="1975" />
		</imprint>
	</monogr>
</biblStruct>

<biblStruct >
	<monogr>
		<title level="m" type="main">A practizat co~tpar/son of pav~ing strategies, !9th ACt &quot;_981</title>
		<author>
			<persName xmlns="http://www.tei-c.org/ns/1.0"><forename type="first">J</forename></persName>
		</author>
		<imprint/>
	</monogr>
</biblStruct>

<biblStruct >
	<analytic>
				<author>
			<persName xmlns="http://www.tei-c.org/ns/1.0"><forename type="first">S</forename><forename type="middle">M</forename><surname>Shieber</surname></persName>
		</author>
		<author>
			<persName xmlns="http://www.tei-c.org/ns/1.0"><forename type="first">S</forename><forename type="middle">U</forename><surname>Stucky</surname></persName>
		</author>
		<author>
			<persName xmlns="http://www.tei-c.org/ns/1.0"><forename type="first">H</forename><surname>Uszkoreit</surname></persName>
		</author>
	</analytic>
	<monogr>
		<title level="m">these Proceedings</title>
		<imprint>
			<date type="published" when="1983" />
		</imprint>
	</monogr>
</biblStruct>

<biblStruct >
	<analytic>
		<title level="a" type="main">arian trees of context-free grarnrna~&apos;s through a generalization of finite ~tovrtata theov&apos;g</title>
		<author>
			<persName xmlns="http://www.tei-c.org/ns/1.0"><forename type="first">J W</forename><surname>Thatcher</surname></persName>
		</author>
		<author>
			<persName xmlns="http://www.tei-c.org/ns/1.0"><forename type="first">Charazter~ng</forename><surname>Dew</surname></persName>
		</author>
		<idno>3~.7-3~2. 1967</idno>
	</analytic>
	<monogr>
		<title level="j">J. of Comp. and Sys. Sc. ~</title>
		<imprint/>
	</monogr>
</biblStruct>

<biblStruct >
	<analytic>
		<title level="a" type="main">ensv~/~zed ~ se~rttenti~t roach%no maps</title>
		<author>
			<persName xmlns="http://www.tei-c.org/ns/1.0"><forename type="first">J</forename><forename type="middle">W</forename><surname>Thatcher</surname></persName>
		</author>
		<author>
			<persName xmlns="http://www.tei-c.org/ns/1.0"><forename type="first">C</forename></persName>
		</author>
	</analytic>
	<monogr>
		<title level="j">J. of Comp. and Sys. So</title>
		<imprint>
			<biblScope unit="volume">4</biblScope>
			<biblScope unit="page">970</biblScope>
		</imprint>
	</monogr>
</biblStruct>

<biblStruct >
	<analytic>
		<title level="a" type="main">7~&apos;ee mLttozrtata: an infov-rrtal survey</title>
		<author>
			<persName xmlns="http://www.tei-c.org/ns/1.0"><forename type="first">J</forename><forename type="middle">W</forename><surname>Thatcher</surname></persName>
		</author>
	</analytic>
	<monogr>
		<title level="m">Currents in the theory of COml~ting</title>
		<editor>A. Aho</editor>
		<imprint>
			<publisher>Prentice Hall</publisher>
			<biblScope unit="page" from="148" to="172" />
		</imprint>
	</monogr>
	<note>!973</note>
</biblStruct>

<biblStruct >
	<monogr>
		<title level="m" type="main">Essm~t~aL var/ables in rr~ts~/es, forthcoming</title>
		<author>
			<persName xmlns="http://www.tei-c.org/ns/1.0"><forename type="first">H</forename><surname>Uszkoreit</surname></persName>
		</author>
		<author>
			<persName xmlns="http://www.tei-c.org/ns/1.0"><forename type="first">P</forename><forename type="middle">S</forename><surname>Peters</surname></persName>
		</author>
		<imprint/>
	</monogr>
</biblStruct>

<biblStruct >
	<analytic>
		<title level="a" type="main">~ener~ context-free recogTtition in less than cubic t~z~</title>
		<author>
			<persName xmlns="http://www.tei-c.org/ns/1.0"><forename type="first">L</forename><surname>Valiant</surname></persName>
		</author>
	</analytic>
	<monogr>
		<title level="m">L of Comp. and b~Fs. So. i0</title>
		<imprint>
			<date type="published" when="1975" />
			<biblScope unit="page" from="308" to="315" />
		</imprint>
	</monogr>
</biblStruct>

<biblStruct >
	<monogr>
		<title level="m" type="main">Syntax and Sem~nLics of Paz~ing: An ~q~pficaUon to Montague C~ramm~m Ph</title>
		<author>
			<persName xmlns="http://www.tei-c.org/ns/1.0"><forename type="first">D</forename><forename type="middle">S</forename><surname>Warren</surname></persName>
		</author>
		<imprint>
			<date type="published" when="1979" />
		</imprint>
		<respStmt>
			<orgName>University of Michigan</orgName>
		</respStmt>
	</monogr>
<note type="report_type">D Thesis</note>
</biblStruct>

<biblStruct >
	<monogr>
		<title level="m" type="main">Serni-liztear~ty, p~z&apos;Uchbaundea~ss ~td tree adjunct taTtguages</title>
		<author>
			<persName xmlns="http://www.tei-c.org/ns/1.0"><forename type="first">T</forename><surname>Yokomori</surname></persName>
		</author>
		<author>
			<persName xmlns="http://www.tei-c.org/ns/1.0"><forename type="first">A</forename><forename type="middle">K</forename><surname>Joshi</surname></persName>
		</author>
		<imprint>
			<date type="published" when="1983" />
		</imprint>
	</monogr>
	<note>to appear [n inf. Pr. Letter&amp;</note>
</biblStruct>

<biblStruct >
	<monogr>
				<author>
			<persName xmlns="http://www.tei-c.org/ns/1.0"><forename type="first">D</forename><forename type="middle">H</forename><surname>Younger</surname></persName>
		</author>
		<title level="m">Recoqln52io~t ~nd pars~ztg of contextf~ee lamg&apos;az~es ~ t/.~u~ nJ, Inf. and Contl~l</title>
		<imprint>
			<date type="published" when="1967" />
			<biblScope unit="volume">0</biblScope>
			<biblScope unit="page" from="189" to="208" />
		</imprint>
	</monogr>
</biblStruct>

<biblStruct >
	<monogr>
		<title level="m" type="main">A~ e(T/c/ent recognition a~d s&apos;tj.ntax a2gor~thm /~r context-free laT~g~mges</title>
		<author>
			<persName xmlns="http://www.tei-c.org/ns/1.0"><forename type="first">T</forename><surname>Kasami</surname></persName>
		</author>
		<idno>AF-CRL-65-758</idno>
		<imprint>
			<biblScope unit="page">965</biblScope>
			<pubPlace>Air Force Cambridge Research Laboratory; Bedford ,VLA</pubPlace>
		</imprint>
	</monogr>
</biblStruct>

<biblStruct >
	<analytic>
		<title level="a" type="main">On ur,:Lfo~&apos;n, c&apos;Lrc&apos;~ cora]c~ez~tj (extended abstract</title>
		<author>
			<persName xmlns="http://www.tei-c.org/ns/1.0"><forename type="first">W</forename><forename type="middle">L</forename><surname>Ruzzo</surname></persName>
		</author>
	</analytic>
	<monogr>
		<title level="m">Proc. of 20th $mnual Syrup. on Found. of Com. S=</title>
		<meeting>of 20th $mnual Syrup. on Found. of Com. S=</meeting>
		<imprint>
			<date type="published" when="1979" />
			<biblScope unit="page" from="312" to="318" />
		</imprint>
	</monogr>
</biblStruct>

			</listBibl>
		</back>
	</text>
</TEI>
