<?xml version="1.0" ?>
<TEI xmlns="http://www.tei-c.org/ns/1.0" xmlns:xlink="http://www.w3.org/1999/xlink" 
 xmlns:mml="http://www.w3.org/1998/Math/MathML">
	<teiHeader>
		<fileDesc xml:id="f_1489"/>
	</teiHeader>
	<text>
		<front/>
		<body/>
		<back>
			<listBibl>
<biblStruct >
	<monogr>
		<title level="m" type="main">The Theory of Parsing, Translation and Compiling</title>
		<author>
			<persName xmlns="http://www.tei-c.org/ns/1.0"><forename type="first">A</forename><forename type="middle">V</forename><surname>Aho</surname></persName>
		</author>
		<author>
			<persName xmlns="http://www.tei-c.org/ns/1.0"><forename type="first">J</forename><forename type="middle">D</forename><surname>Ullman</surname></persName>
		</author>
		<imprint>
			<date type="published" when="1972" />
			<publisher>Prentice-Hall</publisher>
			<pubPlace>Englewood Cliffs, N. J.</pubPlace>
		</imprint>
	</monogr>
</biblStruct>

<biblStruct >
	<analytic>
		<title/>
		<author>
			<persName xmlns="http://www.tei-c.org/ns/1.0"><forename type="first">A</forename><forename type="middle">V</forename><surname>Aho</surname></persName>
		</author>
		<author>
			<persName xmlns="http://www.tei-c.org/ns/1.0"><forename type="first">S</forename><forename type="middle">C</forename><surname>Johnson</surname></persName>
		</author>
	</analytic>
	<monogr>
		<title level="j">ComPuting Surveys</title>
		<imprint>
			<biblScope unit="volume">6</biblScope>
			<biblScope unit="page" from="99" to="124" />
			<date type="published" when="1974" />
		</imprint>
	</monogr>
</biblStruct>

<biblStruct >
	<analytic>
		<title level="a" type="main">Deterministic parsing of ambiguous grammars</title>
		<author>
			<persName xmlns="http://www.tei-c.org/ns/1.0"><forename type="first">A</forename><forename type="middle">V</forename><surname>Aho</surname></persName>
		</author>
		<author>
			<persName xmlns="http://www.tei-c.org/ns/1.0"><forename type="first">S</forename><forename type="middle">C</forename><surname>Johnson</surname></persName>
		</author>
		<author>
			<persName xmlns="http://www.tei-c.org/ns/1.0"><forename type="first">J</forename><forename type="middle">D</forename><surname>Uiiman</surname></persName>
		</author>
	</analytic>
	<monogr>
		<title level="j">Comm. ACM</title>
		<imprint>
			<biblScope unit="volume">18</biblScope>
			<biblScope unit="page" from="441" to="452" />
			<date type="published" when="1975" />
		</imprint>
	</monogr>
</biblStruct>

<biblStruct >
	<monogr>
		<title level="m" type="main">Principles of Compiler Design</title>
		<author>
			<persName xmlns="http://www.tei-c.org/ns/1.0"><forename type="first">A</forename><forename type="middle">V</forename><surname>Aho</surname></persName>
		</author>
		<author>
			<persName xmlns="http://www.tei-c.org/ns/1.0"><forename type="first">J</forename><forename type="middle">D</forename><surname>Uiiman</surname></persName>
		</author>
		<imprint>
			<date type="published" when="1977" />
			<publisher>Addison Wesley</publisher>
		</imprint>
	</monogr>
</biblStruct>

<biblStruct >
	<monogr>
		<title level="m" type="main">Practical Translators for LR(k) Languages. PhD thesis, MIT</title>
		<author>
			<persName xmlns="http://www.tei-c.org/ns/1.0"><forename type="first">F</forename><surname>Oeremer</surname></persName>
		</author>
		<imprint>
			<date type="published" when="1969" />
		</imprint>
	</monogr>
</biblStruct>

<biblStruct >
	<monogr>
		<title level="m" type="main">Simple LR(k) grammars</title>
		<author>
			<persName xmlns="http://www.tei-c.org/ns/1.0"><forename type="first">F</forename><forename type="middle">L</forename><surname>Deremer</surname></persName>
		</author>
		<imprint/>
	</monogr>
</biblStruct>

<biblStruct >
	<analytic>
		<title level="a" type="main">FI Gazdar, G. Phrase Structure Grammar</title>
	</analytic>
	<monogr>
		<title level="j">Comm. ACM</title>
		<imprint>
			<biblScope unit="volume">14</biblScope>
			<biblScope unit="page" from="453" to="460" />
			<date type="published" when="1971" />
		</imprint>
	</monogr>
</biblStruct>

<biblStruct >
	<monogr>
		<title/>
		<author>
			<persName xmlns="http://www.tei-c.org/ns/1.0"><forename type="first">D</forename><surname>Reid</surname></persName>
		</author>
		<imprint>
			<date type="published" when="1982" />
			<biblScope unit="page" from="131" to="186" />
		</imprint>
	</monogr>
</biblStruct>

<biblStruct >
	<analytic>
		<title level="a" type="main">Phrase Structure Grammars and Natural Language</title>
		<author>
			<persName xmlns="http://www.tei-c.org/ns/1.0"><forename type="first">G</forename><surname>G=zder</surname></persName>
		</author>
	</analytic>
	<monogr>
		<title level="m">Proceedings of the Eighth International Joint Conference on Artificial Intelligence v.1</title>
		<meeting>the Eighth International Joint Conference on Artificial Intelligence v.1</meeting>
		<imprint>
			<date type="published" when="1983-08" />
		</imprint>
	</monogr>
</biblStruct>

<biblStruct >
	<analytic>
		<title level="a" type="main">LLC(k) Parsing Method of LR(k) Grammars</title>
		<author>
			<persName xmlns="http://www.tei-c.org/ns/1.0"><forename type="first">K</forename><surname>Inoue</surname></persName>
		</author>
		<author>
			<persName xmlns="http://www.tei-c.org/ns/1.0"><forename type="first">F</forename><surname>Fujiwara</surname></persName>
		</author>
		<author>
			<persName xmlns="http://www.tei-c.org/ns/1.0"><surname>On</surname></persName>
		</author>
	</analytic>
	<monogr>
		<title level="j">Journal of Inlormation Processing</title>
		<imprint>
			<biblScope unit="volume">6</biblScope>
			<biblScope unit="issue">4</biblScope>
			<biblScope unit="page" from="206" to="217" />
			<date type="published" when="1983" />
		</imprint>
	</monogr>
</biblStruct>

<biblStruct >
	<monogr>
		<title level="m" type="main">A general syntactic processor</title>
		<author>
			<persName xmlns="http://www.tei-c.org/ns/1.0"><forename type="first">R</forename><forename type="middle">M</forename><surname>Kapisn</surname></persName>
		</author>
		<imprint>
			<date type="published" when="1973" />
			<publisher>Algorithmics Press</publisher>
			<biblScope unit="page">241</biblScope>
			<pubPlace>New York</pubPlace>
		</imprint>
	</monogr>
</biblStruct>

<biblStruct >
	<monogr>
		<title level="m" type="main">The MIND system</title>
		<author>
			<persName xmlns="http://www.tei-c.org/ns/1.0"><forename type="first">M</forename><surname>Kay</surname></persName>
		</author>
		<imprint/>
	</monogr>
</biblStruct>

<biblStruct >
	<monogr>
		<title level="m" type="main">Sentence Disambiguation by a ShiR-Reduce Parsing Technique</title>
		<author>
			<persName xmlns="http://www.tei-c.org/ns/1.0"><forename type="first">S</forename><forename type="middle">M</forename><surname>Shieber</surname></persName>
		</author>
		<imprint/>
	</monogr>
</biblStruct>

<biblStruct >
	<monogr>
				<title level="m">Proceedings of the Eighth International Joint Conference on Artificial Intelligence</title>
		<meeting>the Eighth International Joint Conference on Artificial Intelligence</meeting>
		<imprint>
			<date type="published" when="1983-08" />
		</imprint>
	</monogr>
</biblStruct>

			</listBibl>
		</back>
	</text>
</TEI>
