<?xml version="1.0" ?>
<TEI xmlns="http://www.tei-c.org/ns/1.0" xmlns:xlink="http://www.w3.org/1999/xlink" 
 xmlns:mml="http://www.w3.org/1998/Math/MathML">
	<teiHeader>
		<fileDesc xml:id="f_1277"/>
	</teiHeader>
	<text>
		<front/>
		<body/>
		<back>
			<listBibl>
<biblStruct >
	<analytic>
		<title level="a" type="main">New Jersey, 198.i. Simmons, R.F.I A Text Knowledge Base for the A! Handbook</title>
		<author>
			<persName xmlns="http://www.tei-c.org/ns/1.0"><forename type="first">Sharon</forename><forename type="middle">;</forename><surname>Levine</surname></persName>
			<affiliation>
				<orgName type="collaboration">PROC 5TH INT. JT. CONI~.. ART. INTELL. Stanford</orgName>
			</affiliation>
		</author>
		<author>
			<persName xmlns="http://www.tei-c.org/ns/1.0"><forename type="first">R</forename><forename type="middle">F</forename><surname>Simmons</surname></persName>
			<affiliation>
				<orgName type="collaboration">PROC 5TH INT. JT. CONI~.. ART. INTELL. Stanford</orgName>
			</affiliation>
		</author>
		<author>
			<persName xmlns="http://www.tei-c.org/ns/1.0"><forename type="first">R</forename><forename type="middle">F</forename><surname>Simmons</surname></persName>
			<affiliation>
				<orgName type="collaboration">PROC 5TH INT. JT. CONI~.. ART. INTELL. Stanford</orgName>
			</affiliation>
		</author>
		<author>
			<persName xmlns="http://www.tei-c.org/ns/1.0"><forename type="first">D</forename><forename type="middle">L</forename><surname>Chester</surname></persName>
			<affiliation>
				<orgName type="collaboration">PROC 5TH INT. JT. CONI~.. ART. INTELL. Stanford</orgName>
			</affiliation>
		</author>
		<idno>83-24</idno>
	</analytic>
	<monogr>
		<title level="j">Dept. of Comp. Sci</title>
		<imprint>
			<date type="published" when="1977" />
			<publisher>Prentice-Hall</publisher>
		</imprint>
		<respStmt>
			<orgName>Questioning English Text with Clausal Logic, Univ. of Texas, Dept. Comp. Sci.</orgName>
		</respStmt>
	</monogr>
<note type="report_type">, Thesis</note>
	<note>Inferences in quantified semantic networks</note>
</biblStruct>

			</listBibl>
		</back>
	</text>
</TEI>
