<?xml version="1.0" ?>
<TEI xmlns="http://www.tei-c.org/ns/1.0" xmlns:xlink="http://www.w3.org/1999/xlink" 
 xmlns:mml="http://www.w3.org/1998/Math/MathML">
	<teiHeader>
		<fileDesc xml:id="f_2477"/>
	</teiHeader>
	<text>
		<front/>
		<body/>
		<back>
			<listBibl>
<biblStruct >
	<monogr>
		<title level="m" type="main">and Perrault 80)</title>
		<author>
			<persName xmlns="http://www.tei-c.org/ns/1.0"><forename type="first">J</forename><forename type="middle">F</forename><surname>Allen</surname></persName>
		</author>
		<author>
			<persName xmlns="http://www.tei-c.org/ns/1.0"><forename type="first">C</forename><forename type="middle">R</forename></persName>
		</author>
		<imprint/>
	</monogr>
</biblStruct>

<biblStruct >
	<analytic>
		<title level="a" type="main">Tracking user goals in an information-seeking environment</title>
		<author>
			<persName xmlns="http://www.tei-c.org/ns/1.0"><forename type="first">S</forename><surname>Perrault ; Carberry</surname></persName>
		</author>
	</analytic>
	<monogr>
		<title level="m">Proceedings of the National Conference on Artificial Intelligence</title>
		<meeting>the National Conference on Artificial Intelligence<address><addrLine>Washington D.C</addrLine></address></meeting>
		<imprint>
			<date type="published" when="1980-08" />
			<biblScope unit="volume">15</biblScope>
			<biblScope unit="page" from="59" to="63" />
		</imprint>
	</monogr>
	<note>Analyzing intention in utterances</note>
</biblStruct>

<biblStruct >
	<monogr>
		<title level="m" type="main">Rendezvous Version 1: An Experimental English-Language Query Formulation System for Casual Users of Relational Databases</title>
		<author>
			<persName xmlns="http://www.tei-c.org/ns/1.0"><forename type="first">E</forename><forename type="middle">F</forename><surname>Codd</surname></persName>
		</author>
		<idno>RJ2144</idno>
		<imprint>
			<date type="published" when="1978" />
			<pubPlace>San Jose, Ca</pubPlace>
		</imprint>
		<respStmt>
			<orgName>IBM Research Laboratory</orgName>
		</respStmt>
	</monogr>
<note type="report_type">Technical Report</note>
	<note>Codd 78</note>
</biblStruct>

<biblStruct >
	<monogr>
		<title level="m" type="main">On Knowing What to Say: Planning Speech Acts</title>
		<author>
			<persName xmlns="http://www.tei-c.org/ns/1.0"><forename type="first">P</forename><surname>Cohen</surname></persName>
		</author>
		<idno>No. 118</idno>
		<imprint>
			<date type="published" when="1978" />
			<biblScope unit="volume">75</biblScope>
			<pubPlace>Toronto</pubPlace>
		</imprint>
		<respStmt>
			<orgName>University of Toronto</orgName>
		</respStmt>
	</monogr>
<note type="report_type">Technical Report</note>
</biblStruct>

<biblStruct >
	<analytic>
		<title level="a" type="main">Scalar quantity implicature: A strategy for processing scalar utterances</title>
		<author>
			<persName xmlns="http://www.tei-c.org/ns/1.0"><forename type="first">H</forename><forename type="middle">P</forename><surname>Grice</surname></persName>
		</author>
		<idno>MS-CIS-83-10</idno>
	</analytic>
	<monogr>
		<title level="m">Syntax and Semantics: Speech Acts</title>
		<editor>P. Cole and J. L Morgan</editor>
		<meeting><address><addrLine>N.Y.; Hirschberg, J.</addrLine></address></meeting>
		<imprint>
			<publisher>Academic Press</publisher>
			<date type="published" when="1975" />
			<biblScope unit="volume">3</biblScope>
		</imprint>
	</monogr>
<note type="report_type">Technical Report</note>
	<note>Logic and conversation</note>
</biblStruct>

<biblStruct >
	<monogr>
		<title level="m" type="main">Cooperative responses from a portable natural language database query system Ph. D. dissertation, Univ. of Pennsylvania</title>
		<author>
			<persName xmlns="http://www.tei-c.org/ns/1.0"><forename type="first">S</forename><forename type="middle">J</forename><surname>Kaplan</surname></persName>
		</author>
		<imprint>
			<date type="published" when="1979" />
			<publisher>Matthew</publisher>
			<biblScope unit="volume">84</biblScope>
			<pubPlace>Philadelphia, Pa</pubPlace>
		</imprint>
	</monogr>
</biblStruct>

<biblStruct >
	<analytic>
		<title level="a" type="main">Taking the initiative in problem solving discourse</title>
		<author>
			<persName xmlns="http://www.tei-c.org/ns/1.0"><forename type="first">K</forename><surname>Matthews</surname></persName>
		</author>
		<author>
			<persName xmlns="http://www.tei-c.org/ns/1.0"><forename type="first">K</forename><surname>Mckeown</surname></persName>
		</author>
		<author>
			<persName xmlns="http://www.tei-c.org/ns/1.0"><forename type="first">J</forename><surname>Mcdermott</surname></persName>
		</author>
	</analytic>
	<monogr>
		<title level="j">A/ Magazine</title>
		<imprint>
			<biblScope unit="volume">2</biblScope>
			<biblScope unit="page" from="21" to="30" />
			<date type="published" when="1981" />
		</imprint>
		<respStmt>
			<orgName>Department of Computer Science, Columbia University</orgName>
		</respStmt>
	</monogr>
<note type="report_type">Technical Report</note>
	<note>Rl: The formative years. Petrick 82</note>
</biblStruct>

<biblStruct >
	<monogr>
		<title level="m" type="main">Theoretical /Technical Issues in Natural Language Access to</title>
		<author>
			<persName xmlns="http://www.tei-c.org/ns/1.0"><forename type="first">S</forename><surname>Petrick</surname></persName>
		</author>
		<imprint/>
	</monogr>
</biblStruct>

<biblStruct >
	<analytic>
		<title level="a" type="main">ACE: An expert system supporting analysis and management decision making</title>
		<author>
			<persName xmlns="http://www.tei-c.org/ns/1.0"><forename type="first">S</forename><surname>Databases ; Stolfo</surname></persName>
		</author>
		<author>
			<persName xmlns="http://www.tei-c.org/ns/1.0"><forename type="first">G</forename><surname>Vesonder</surname></persName>
		</author>
	</analytic>
	<monogr>
		<title level="m">Proceedings of the 20th Annual Meeting of the Association for Computational Linguistics</title>
		<meeting>the 20th Annual Meeting of the Association for Computational Linguistics<address><addrLine>Toronto, Ontario; Karlsruhe, Germany</addrLine></address></meeting>
		<imprint>
			<date type="published" when="1982-08" />
			<biblScope unit="volume">82</biblScope>
			<biblScope unit="page" from="1204" to="1209" />
		</imprint>
		<respStmt>
			<orgName>Department of Computer Science, Columbia University</orgName>
		</respStmt>
	</monogr>
<note type="report_type">Technical Report</note>
	<note>Proceedings of the Eighth International Joint Conference on Artificial Intelligence</note>
</biblStruct>

			</listBibl>
		</back>
	</text>
</TEI>
