<?xml version="1.0" ?>
<TEI xmlns="http://www.tei-c.org/ns/1.0" xmlns:xlink="http://www.w3.org/1999/xlink" 
 xmlns:mml="http://www.w3.org/1998/Math/MathML">
	<teiHeader>
		<fileDesc xml:id="f_3726"/>
	</teiHeader>
	<text>
		<front/>
		<body/>
		<back>
			<listBibl>
<biblStruct >
	<monogr>
		<title level="m" type="main">The Sound Pattern of English</title>
		<author>
			<persName xmlns="http://www.tei-c.org/ns/1.0"><forename type="middle">N</forename><surname>Chomsky</surname></persName>
		</author>
		<author>
			<persName xmlns="http://www.tei-c.org/ns/1.0"><forename type="first">M</forename><surname>Halle</surname></persName>
		</author>
		<imprint>
			<date type="published" when="1968" />
			<publisher>Harper and Row</publisher>
		</imprint>
	</monogr>
</biblStruct>

<biblStruct >
	<monogr>
		<title level="m" type="main">A Metrical Theory of Stress Rules</title>
		<author>
			<persName xmlns="http://www.tei-c.org/ns/1.0"><forename type="middle">B P</forename><surname>Hayes</surname></persName>
		</author>
		<imprint>
			<date type="published" when="1980" />
		</imprint>
		<respStmt>
			<orgName>MIT. Cambridge. MA.</orgName>
		</respStmt>
	</monogr>
	<note>unpublished Ph.D. thesis</note>
</biblStruct>

<biblStruct >
	<monogr>
		<title level="m" type="main">On Stress and Linguistic Rhythm, Linguistic inquiry 8</title>
		<author>
			<persName xmlns="http://www.tei-c.org/ns/1.0"><forename type="first">L</forename><surname>Liberman</surname></persName>
		</author>
		<author>
			<persName xmlns="http://www.tei-c.org/ns/1.0"><forename type="first">Prince</forename></persName>
		</author>
		<author>
			<persName xmlns="http://www.tei-c.org/ns/1.0"><forename type="first">A</forename></persName>
		</author>
		<imprint>
			<date type="published" when="1977" />
			<biblScope unit="page" from="249" to="336" />
		</imprint>
	</monogr>
</biblStruct>

<biblStruct >
	<analytic>
		<title level="a" type="main">MIT Doctoral Dissertation. available for the Indiana University Linguistics Club</title>
		<author>
			<persName xmlns="http://www.tei-c.org/ns/1.0"><forename type="middle">K</forename><surname>Mohanan</surname></persName>
		</author>
	</analytic>
	<monogr>
		<title level="m">The Psychology of Computer Vision</title>
		<editor>P. Winston</editor>
		<imprint>
			<publisher>McGraw-Hill</publisher>
			<date type="published" when="1982" />
		</imprint>
	</monogr>
	<note>Understanding Line Drawings of Scences with Shadows</note>
</biblStruct>

			</listBibl>
		</back>
	</text>
</TEI>
