<?xml version="1.0" ?>
<TEI xmlns="http://www.tei-c.org/ns/1.0" xmlns:xlink="http://www.w3.org/1999/xlink" 
 xmlns:mml="http://www.w3.org/1998/Math/MathML">
	<teiHeader>
		<fileDesc xml:id="f_3431"/>
	</teiHeader>
	<text>
		<front/>
		<body/>
		<back>
			<listBibl>
<biblStruct >
	<analytic>
		<title level="a" type="main">Accent is Predictable (if you&apos;re a mind-reader)</title>
		<author>
			<persName xmlns="http://www.tei-c.org/ns/1.0"><forename type="first">D</forename><surname>Bolinger</surname></persName>
		</author>
	</analytic>
	<monogr>
		<title level="j">Language</title>
		<imprint>
			<biblScope unit="volume">48</biblScope>
			<biblScope unit="page" from="633" to="678" />
			<date type="published" when="1972" />
		</imprint>
	</monogr>
</biblStruct>

<biblStruct >
	<monogr>
		<title level="m" type="main">The Sound Pattern of English</title>
		<author>
			<persName xmlns="http://www.tei-c.org/ns/1.0"><forename type="first">N</forename><surname>Chomsky</surname></persName>
		</author>
		<author>
			<persName xmlns="http://www.tei-c.org/ns/1.0"><forename type="first">M</forename><surname>Halle</surname></persName>
		</author>
		<imprint>
			<date type="published" when="1968" />
			<publisher>Harper and Row</publisher>
			<pubPlace>New York</pubPlace>
		</imprint>
	</monogr>
</biblStruct>

<biblStruct >
	<analytic>
		<title level="a" type="main">The Semantic Interpretation of Compound Nominals. Doctoral dissertation, University of Illinois</title>
		<author>
			<persName xmlns="http://www.tei-c.org/ns/1.0"><forename type="first">T</forename><surname>Finin</surname></persName>
		</author>
		<author>
			<persName xmlns="http://www.tei-c.org/ns/1.0"><forename type="first">W</forename><forename type="middle">N</forename><surname>Francis</surname></persName>
		</author>
		<author>
			<persName xmlns="http://www.tei-c.org/ns/1.0"><forename type="first">H</forename><surname>Ku~era</surname></persName>
		</author>
	</analytic>
	<monogr>
		<title level="m">Frequency Analysis of English Usage: Lexicon and Grammar</title>
		<meeting><address><addrLine>Boston</addrLine></address></meeting>
		<imprint>
			<publisher>Houghton Mifflin Company</publisher>
			<date type="published" when="1980" />
		</imprint>
	</monogr>
</biblStruct>

<biblStruct >
	<monogr>
		<title/>
		<author>
			<persName xmlns="http://www.tei-c.org/ns/1.0"><forename type="first">E</forename><surname>Fudge</surname></persName>
		</author>
		<imprint>
			<date type="published" when="1984" />
			<publisher>Allen and Unwin</publisher>
		</imprint>
	</monogr>
</biblStruct>

<biblStruct >
	<monogr>
		<title level="m" type="main">A Metrical Theory of Stress Rules. Doctoral dissertation, MIT, distributed by Indiana University Linguistics Club</title>
		<author>
			<persName xmlns="http://www.tei-c.org/ns/1.0"><forename type="first">B</forename><surname>Hayes</surname></persName>
		</author>
		<imprint>
			<date type="published" when="1980" />
		</imprint>
	</monogr>
</biblStruct>

<biblStruct >
	<monogr>
				<author>
			<persName xmlns="http://www.tei-c.org/ns/1.0"><forename type="first">R. X-Bar</forename><surname>Lackendoff</surname></persName>
		</author>
		<author>
			<persName xmlns="http://www.tei-c.org/ns/1.0"><surname>Syntax</surname></persName>
		</author>
		<title level="m">A Study of Phrase-Structure. Cambridge and</title>
		<meeting><address><addrLine>London</addrLine></address></meeting>
		<imprint>
			<publisher>MIT Press</publisher>
		</imprint>
	</monogr>
</biblStruct>

<biblStruct >
	<monogr>
		<title level="m" type="main">The Grammar of English Nominalizations</title>
		<author>
			<persName xmlns="http://www.tei-c.org/ns/1.0"><forename type="first">R</forename><surname>Lees</surname></persName>
		</author>
		<imprint>
			<date type="published" when="1960" />
			<publisher>Indiana University Press</publisher>
			<pubPlace>Bloomington</pubPlace>
		</imprint>
	</monogr>
</biblStruct>

<biblStruct >
	<monogr>
		<title level="m" type="main">The Syntax and Semantics of Complex Nominals</title>
		<author>
			<persName xmlns="http://www.tei-c.org/ns/1.0"><forename type="first">J</forename><surname>Levi</surname></persName>
		</author>
		<imprint>
			<date type="published" when="1978" />
			<publisher>Academic Press</publisher>
			<pubPlace>New York and London</pubPlace>
		</imprint>
	</monogr>
</biblStruct>

<biblStruct >
	<monogr>
		<title level="m" type="main">The Intonational System of English. Doctoral dissertation, MIT, reprinted 1979 by Garland</title>
		<author>
			<persName xmlns="http://www.tei-c.org/ns/1.0"><forename type="first">M</forename><surname>Liberman</surname></persName>
		</author>
		<imprint>
			<date type="published" when="1975" />
			<pubPlace>New York and London</pubPlace>
		</imprint>
	</monogr>
</biblStruct>

<biblStruct >
	<analytic>
		<title level="a" type="main">On Stress and Linguistic Rhythm</title>
		<author>
			<persName xmlns="http://www.tei-c.org/ns/1.0"><forename type="first">M</forename><surname>Liberman</surname></persName>
		</author>
		<author>
			<persName xmlns="http://www.tei-c.org/ns/1.0"><forename type="first">A</forename><surname>Prince</surname></persName>
		</author>
	</analytic>
	<monogr>
		<title level="j">Linguistic Inquiry</title>
		<imprint>
			<biblScope unit="volume">8</biblScope>
			<biblScope unit="page" from="249" to="336" />
			<date type="published" when="1977" />
		</imprint>
	</monogr>
</biblStruct>

<biblStruct >
	<analytic>
		<title/>
		<author>
			<persName xmlns="http://www.tei-c.org/ns/1.0"><forename type="first">M</forename><surname>Liberman</surname></persName>
		</author>
		<author>
			<persName xmlns="http://www.tei-c.org/ns/1.0"><forename type="first">R</forename><surname>Sproat</surname></persName>
		</author>
	</analytic>
	<monogr>
		<title level="j">Stress Patterns in English Noun Phrases. Ms</title>
		<imprint>
			<date type="published" when="1986" />
			<publisher>AT&amp;T Bell Labs</publisher>
		</imprint>
	</monogr>
</biblStruct>

<biblStruct >
	<monogr>
		<title level="m" type="main">A Theory of Syntactic Recognition for Natural Language</title>
		<author>
			<persName xmlns="http://www.tei-c.org/ns/1.0"><forename type="first">M</forename><surname>Marcus</surname></persName>
		</author>
		<imprint>
			<date type="published" when="1980" />
			<publisher>MIT Press</publisher>
			<pubPlace>London</pubPlace>
		</imprint>
	</monogr>
</biblStruct>

<biblStruct >
	<analytic>
		<title level="a" type="main">Relating to the Grid</title>
		<author>
			<persName xmlns="http://www.tei-c.org/ns/1.0"><forename type="first">A</forename><surname>Prince</surname></persName>
		</author>
	</analytic>
	<monogr>
		<title level="j">Linguistic Inquiry</title>
		<imprint>
			<biblScope unit="volume">14</biblScope>
			<biblScope unit="page" from="19" to="100" />
			<date type="published" when="1983" />
		</imprint>
	</monogr>
</biblStruct>

<biblStruct >
	<monogr>
		<title level="m" type="main">A Grammar of Contemporary English</title>
		<author>
			<persName xmlns="http://www.tei-c.org/ns/1.0"><forename type="first">R</forename><surname>Quirk</surname></persName>
		</author>
		<author>
			<persName xmlns="http://www.tei-c.org/ns/1.0"><forename type="first">$</forename><surname>Greenbanm</surname></persName>
		</author>
		<author>
			<persName xmlns="http://www.tei-c.org/ns/1.0"><forename type="first">G</forename><surname>Leech</surname></persName>
		</author>
		<imprint>
			<date type="published" when="1972" />
			<publisher>Longman</publisher>
			<pubPlace>London</pubPlace>
		</imprint>
	</monogr>
</biblStruct>

<biblStruct >
	<analytic>
		<title/>
		<author>
			<persName xmlns="http://www.tei-c.org/ns/1.0"><forename type="first">E</forename><surname>Selkirk</surname></persName>
		</author>
	</analytic>
	<monogr>
		<title level="j">Phonology and Syntax. Cambridge</title>
		<imprint>
			<date type="published" when="1984" />
			<publisher>MIT Press</publisher>
		</imprint>
	</monogr>
</biblStruct>

			</listBibl>
		</back>
	</text>
</TEI>
