<?xml version="1.0" ?>
<TEI xmlns="http://www.tei-c.org/ns/1.0" xmlns:xlink="http://www.w3.org/1999/xlink" 
 xmlns:mml="http://www.w3.org/1998/Math/MathML">
	<teiHeader>
		<fileDesc xml:id="f_1990"/>
	</teiHeader>
	<text>
		<front/>
		<body/>
		<back>
			<listBibl>
<biblStruct >
	<analytic>
		<title level="a" type="main">Research Programme in Natural-Language Processing, Annual Report to the Natural Language Processing Club (NATTIE) of the Alvey Directorate Program in Intelligent Knowledge-Based Systems</title>
		<author>
			<persName xmlns="http://www.tei-c.org/ns/1.0"><forename type="first">Hiyan</forename><forename type="middle">;</forename><surname>Alshawi</surname></persName>
		</author>
		<author>
			<persName xmlns="http://www.tei-c.org/ns/1.0"><forename type="first">Robert</forename><forename type="middle">C</forename><surname>Moore</surname></persName>
		</author>
		<author>
			<persName xmlns="http://www.tei-c.org/ns/1.0"><forename type="first">Douglas</forename><forename type="middle">B</forename><surname>Moran</surname></persName>
		</author>
		<author>
			<persName xmlns="http://www.tei-c.org/ns/1.0"><surname>Pulman</surname></persName>
		</author>
		<author>
			<persName xmlns="http://www.tei-c.org/ns/1.0"><forename type="first">G</forename><surname>Steven</surname></persName>
		</author>
	</analytic>
	<monogr>
		<title level="j">SRI International</title>
		<imprint>
			<date type="published" when="1987" />
		</imprint>
		<respStmt>
			<orgName>Cambridge Computer Science Research Centre</orgName>
		</respStmt>
	</monogr>
</biblStruct>

<biblStruct >
	<analytic>
		<title level="a" type="main">Generalized Quantifiers and Natural Language</title>
		<author>
			<persName xmlns="http://www.tei-c.org/ns/1.0"><surname>Barwise</surname></persName>
		</author>
		<author>
			<persName xmlns="http://www.tei-c.org/ns/1.0"><forename type="first">Robin</forename><surname>Cooper</surname></persName>
		</author>
	</analytic>
	<monogr>
		<title level="j">Linguistics and Philosophy</title>
		<imprint>
			<biblScope unit="volume">4</biblScope>
			<biblScope unit="issue">2</biblScope>
			<biblScope unit="page" from="159" to="219" />
			<date type="published" when="1981" />
		</imprint>
	</monogr>
</biblStruct>

<biblStruct >
	<monogr>
		<title level="m" type="main">5The range of quantified noun phrases covered in the algorithm is larger than what is currently produced by the syntactic and semaantic components of the CLE system</title>
		<imprint/>
	</monogr>
	<note>Such extenalons have been tested by starting from the anticipated logical form</note>
</biblStruct>

<biblStruct >
	<monogr>
		<title level="m" type="main">Montague&apos;s Semantic Theory and Transformational Syntaz</title>
		<author>
			<persName xmlns="http://www.tei-c.org/ns/1.0"><forename type="first">Robin</forename><surname>Cooper</surname></persName>
		</author>
		<imprint>
			<date type="published" when="1975" />
		</imprint>
		<respStmt>
			<orgName>Department of Linguistics, University of Massachusetts at Amherst</orgName>
		</respStmt>
	</monogr>
<note type="report_type">Massachusetts</note>
</biblStruct>

<biblStruct >
	<monogr>
		<title level="m" type="main">Quantification and Syntactic Theory, D. Reidel</title>
		<author>
			<persName xmlns="http://www.tei-c.org/ns/1.0"><forename type="first">Robin</forename><surname>Cooper</surname></persName>
		</author>
		<imprint>
			<date type="published" when="1983" />
			<pubPlace>Dordrecht, Holland</pubPlace>
		</imprint>
	</monogr>
</biblStruct>

<biblStruct >
	<analytic>
		<title level="a" type="main">TEAM: An Experiment in the Design of Transportable Natural-Language Interfaces</title>
		<author>
			<persName xmlns="http://www.tei-c.org/ns/1.0"><forename type="first">Barbara</forename><forename type="middle">J</forename><surname>Grosz</surname></persName>
		</author>
		<author>
			<persName xmlns="http://www.tei-c.org/ns/1.0"><forename type="first">Douglas</forename><forename type="middle">E</forename><surname>Appelt</surname></persName>
		</author>
		<author>
			<persName xmlns="http://www.tei-c.org/ns/1.0"><forename type="first">Paul</forename><forename type="middle">A</forename><surname>Martin</surname></persName>
		</author>
		<author>
			<persName xmlns="http://www.tei-c.org/ns/1.0"><surname>Pereira</surname></persName>
		</author>
		<author>
			<persName xmlns="http://www.tei-c.org/ns/1.0"><forename type="first">C</forename><forename type="middle">N</forename><surname>Fernando</surname></persName>
		</author>
	</analytic>
	<monogr>
		<title level="j">Artificial Intelligence</title>
		<imprint>
			<biblScope unit="volume">32</biblScope>
			<biblScope unit="issue">2</biblScope>
			<biblScope unit="page" from="173" to="243" />
			<date type="published" when="1987" />
		</imprint>
	</monogr>
</biblStruct>

<biblStruct >
	<analytic>
		<title level="a" type="main">An Algorithm for Generating Quantifier Scop* ings</title>
		<author>
			<persName xmlns="http://www.tei-c.org/ns/1.0"><forename type="first">Jerry</forename><forename type="middle">R</forename><surname>Hobbs</surname></persName>
		</author>
		<author>
			<persName xmlns="http://www.tei-c.org/ns/1.0"><surname>Shieber</surname></persName>
		</author>
		<author>
			<persName xmlns="http://www.tei-c.org/ns/1.0"><forename type="first">M</forename><surname>Stuart</surname></persName>
		</author>
	</analytic>
	<monogr>
		<title level="j">Computational Linguistics</title>
		<imprint>
			<biblScope unit="volume">13</biblScope>
			<biblScope unit="issue">1-2</biblScope>
			<biblScope unit="page" from="47" to="63" />
			<date type="published" when="1987" />
		</imprint>
	</monogr>
</biblStruct>

<biblStruct >
	<monogr>
		<title level="m" type="main">Pblarity Sensitivity as Inherent Scope Relations</title>
		<author>
			<persName xmlns="http://www.tei-c.org/ns/1.0"><forename type="first">William</forename><surname>Ladnsaw</surname></persName>
		</author>
		<imprint>
			<date type="published" when="1980" />
			<publisher>published by Garland Press</publisher>
			<pubPlace>New York, New York</pubPlace>
		</imprint>
		<respStmt>
			<orgName>Department of Linguistics, University of Texas at Austin</orgName>
		</respStmt>
	</monogr>
<note type="report_type">Ph.D. dissertation</note>
</biblStruct>

<biblStruct >
	<analytic>
		<title level="a" type="main">The Proper Treatment of Quantification in Ordinary English</title>
		<author>
			<persName xmlns="http://www.tei-c.org/ns/1.0"><forename type="first">Pachard</forename><surname>Montague</surname></persName>
		</author>
	</analytic>
	<monogr>
		<title level="m">1973. Approaches to Natural Language, D. Reidel</title>
		<editor>Richmond Thomason</editor>
		<meeting><address><addrLine>Dordrecht, Holland; Montague, Richard; New Haven, Connecticut</addrLine></address></meeting>
		<imprint>
			<publisher>Yale University Press</publisher>
			<date type="published" when="1973" />
			<biblScope unit="page" from="247" to="270" />
		</imprint>
	</monogr>
	<note>Formal Philosophy: Selected Papers of Richard MonLague</note>
</biblStruct>

<biblStruct >
	<analytic>
		<title level="a" type="main">Problems in Logical Form</title>
		<author>
			<persName xmlns="http://www.tei-c.org/ns/1.0"><forename type="first">Robert</forename><forename type="middle">C</forename><surname>Moore</surname></persName>
		</author>
	</analytic>
	<monogr>
		<title level="m">Proc. of the 19th Annual Meeting of the AssociaLion for Computational Linguistics</title>
		<meeting>of the 19th Annual Meeting of the AssociaLion for Computational Linguistics</meeting>
		<imprint>
			<date type="published" when="1981" />
			<biblScope unit="page" from="117" to="124" />
		</imprint>
	</monogr>
</biblStruct>

<biblStruct >
	<monogr>
		<title level="m" type="main">Determining the Scope of English Quantifiers</title>
		<author>
			<persName xmlns="http://www.tei-c.org/ns/1.0"><forename type="first">Kurt</forename><forename type="middle">A</forename><surname>Vanlehn</surname></persName>
		</author>
		<idno>AI-TR-483</idno>
		<imprint>
			<date type="published" when="1978" />
			<pubPlace>Cambridge</pubPlace>
		</imprint>
		<respStmt>
			<orgName>Artificial Intelligence Laboratory, Massachusetts Institute of Technology</orgName>
		</respStmt>
	</monogr>
<note type="report_type">Massachusetts</note>
</biblStruct>

<biblStruct >
	<analytic>
		<title level="a" type="main">Semantics and Quantification in Natural Language Question Answering</title>
		<author>
			<persName xmlns="http://www.tei-c.org/ns/1.0"><forename type="first">William</forename><forename type="middle">A</forename><surname>Woods</surname></persName>
		</author>
	</analytic>
	<monogr>
		<title level="j">Advances in Computers</title>
		<imprint>
			<biblScope unit="volume">17</biblScope>
			<biblScope unit="page" from="1" to="87" />
			<date type="published" when="1977" />
			<publisher>Academic Press</publisher>
		</imprint>
	</monogr>
</biblStruct>

			</listBibl>
		</back>
	</text>
</TEI>
