<?xml version="1.0" ?>
<TEI xmlns="http://www.tei-c.org/ns/1.0" xmlns:xlink="http://www.w3.org/1999/xlink" 
 xmlns:mml="http://www.w3.org/1998/Math/MathML">
	<teiHeader>
		<fileDesc xml:id="f_1481"/>
	</teiHeader>
	<text>
		<front/>
		<body/>
		<back>
			<listBibl>
<biblStruct >
	<monogr>
		<title level="m" type="main">Unspeakable Sentences: Narratwn and Representation in the Language of Fiction</title>
		<author>
			<persName xmlns="http://www.tei-c.org/ns/1.0"><forename type="first">Arm</forename><surname>Banfield</surname></persName>
		</author>
		<editor>Roufledge &amp; Kegan Paul</editor>
		<imprint>
			<date type="published" when="1982" />
			<pubPlace>Boston</pubPlace>
		</imprint>
	</monogr>
</biblStruct>

<biblStruct >
	<monogr>
		<title level="m" type="main">Deictic Canters in Narrative: An Interdisciplinary Cognitive-Sciance Project</title>
		<author>
			<persName xmlns="http://www.tei-c.org/ns/1.0"><forename type="first">Gail</forename><forename type="middle">A</forename><surname>Bruder</surname></persName>
		</author>
		<author>
			<persName xmlns="http://www.tei-c.org/ns/1.0"><forename type="first">Judy</forename><forename type="middle">F</forename><surname>Duchan</surname></persName>
		</author>
		<author>
			<persName xmlns="http://www.tei-c.org/ns/1.0"><surname>R~papmt</surname></persName>
		</author>
		<author>
			<persName xmlns="http://www.tei-c.org/ns/1.0"><forename type="first">J</forename><surname>W&amp;apos;dliam</surname></persName>
		</author>
		<author>
			<persName xmlns="http://www.tei-c.org/ns/1.0"><forename type="first">Erwin</forename><forename type="middle">M ;</forename><surname>Sagal</surname></persName>
		</author>
		<author>
			<persName xmlns="http://www.tei-c.org/ns/1.0"><surname>Shapiro</surname></persName>
		</author>
		<author>
			<persName xmlns="http://www.tei-c.org/ns/1.0"><forename type="first">C</forename><surname>Smart</surname></persName>
		</author>
		<author>
			<persName xmlns="http://www.tei-c.org/ns/1.0"><forename type="first">David</forename><forename type="middle">A</forename><surname>Zubin</surname></persName>
		</author>
		<idno>86.20</idno>
		<imprint>
			<date type="published" when="1986" />
			<pubPlace>Buffalo</pubPlace>
		</imprint>
		<respStmt>
			<orgName>SUNY Buffalo Dept. of Computer Science</orgName>
		</respStmt>
	</monogr>
<note type="report_type">Technical Report</note>
</biblStruct>

<biblStruct >
	<monogr>
				<author>
			<persName xmlns="http://www.tei-c.org/ns/1.0"><forename type="first">Chamm~</forename><surname>Seymour</surname></persName>
		</author>
		<title level="m">Story and Discourse: Narrative Structure in Fiction and Film</title>
		<meeting><address><addrLine>Ithaca, NY</addrLine></address></meeting>
		<imprint>
			<publisher>Comell University Press</publisher>
			<date type="published" when="1978" />
		</imprint>
	</monogr>
</biblStruct>

<biblStruct >
	<analytic>
		<title level="a" type="main">Definite Ref~,w,ce and Mutual Knowledge</title>
		<author>
			<persName xmlns="http://www.tei-c.org/ns/1.0"><forename type="first">Herbert</forename><forename type="middle">H</forename><surname>Clark</surname></persName>
		</author>
		<author>
			<persName xmlns="http://www.tei-c.org/ns/1.0"><forename type="first">Catharine</forename><forename type="middle">R</forename><surname>Marshall</surname></persName>
		</author>
	</analytic>
	<monogr>
		<title level="m">Elements of Discourse Under~and/ng</title>
		<editor>A. Joshi, B. Webber, and L Sag</editor>
		<meeting><address><addrLine>Cambridge</addrLine></address></meeting>
		<imprint>
			<publisher>Cambridge University Press</publisher>
			<date type="published" when="1981" />
			<biblScope unit="page" from="10" to="63" />
		</imprint>
	</monogr>
</biblStruct>

<biblStruct >
	<analytic>
		<title level="a" type="main">Beyond Question Answering</title>
		<author>
			<persName xmlns="http://www.tei-c.org/ns/1.0"><forename type="first">Philip</forename><forename type="middle">R</forename><surname>Cohen</surname></persName>
		</author>
		<author>
			<persName xmlns="http://www.tei-c.org/ns/1.0"><forename type="first">C</forename><surname>Perrault</surname></persName>
		</author>
		<author>
			<persName xmlns="http://www.tei-c.org/ns/1.0"><surname>Raymond</surname></persName>
		</author>
		<author>
			<persName xmlns="http://www.tei-c.org/ns/1.0"><forename type="first">James</forename><forename type="middle">F</forename><surname>Allen</surname></persName>
		</author>
	</analytic>
	<monogr>
		<title level="m">Strategies for Natural Language Process/ng</title>
		<editor>W. Lchnert and M. Ringle</editor>
		<meeting><address><addrLine>Hillsdale, NJ: Lawrence Erlbamn</addrLine></address></meeting>
		<imprint>
			<date type="published" when="1982" />
			<biblScope unit="page" from="245" to="274" />
		</imprint>
	</monogr>
</biblStruct>

<biblStruct >
	<analytic>
		<title level="a" type="main">Analyzing the Structure of Argumentative Discourse</title>
		<author>
			<persName xmlns="http://www.tei-c.org/ns/1.0"><forename type="first">Robin</forename><surname>Cohen</surname></persName>
		</author>
	</analytic>
	<monogr>
		<title level="j">Computational Linguistics</title>
		<imprint>
			<biblScope unit="volume">13</biblScope>
			<biblScope unit="page" from="11" to="24" />
			<date type="published" when="1987" />
		</imprint>
	</monogr>
</biblStruct>

<biblStruct >
	<monogr>
				<author>
			<persName xmlns="http://www.tei-c.org/ns/1.0"><forename type="first">Dorrit</forename><surname>Cohn</surname></persName>
		</author>
		<title level="m">Transparent Minds: Narrative Modes for Representing Consciousness in Fiction</title>
		<meeting><address><addrLine>Princeton</addrLine></address></meeting>
		<imprint>
			<publisher>Princeton University Press</publisher>
			<date type="published" when="1978" />
		</imprint>
	</monogr>
</biblStruct>

<biblStruct >
	<monogr>
				<author>
			<persName xmlns="http://www.tei-c.org/ns/1.0"><forename type="first">Lubomir</forename><surname>Dole~el</surname></persName>
		</author>
		<title level="m">Narrative Modes in Czech l..itera. tare</title>
		<meeting><address><addrLine>Toronto</addrLine></address></meeting>
		<imprint>
			<publisher>University of Toronto Press</publisher>
			<date type="published" when="1973" />
		</imprint>
	</monogr>
</biblStruct>

<biblStruct >
	<analytic>
		<title level="a" type="main">pragmatics and the Description of Discourse</title>
		<author>
			<persName xmlns="http://www.tei-c.org/ns/1.0"><forename type="first">Charles</forename><surname>Fillmore</surname></persName>
		</author>
	</analytic>
	<monogr>
		<title level="m">Berkeley Studiea in Syntax and Semantics I</title>
		<editor>C. Fillmore, G. Lakoff, and R. Lakoff</editor>
		<meeting><address><addrLine>Berkeley</addrLine></address></meeting>
		<imprint>
			<date type="published" when="1974" />
			<biblScope unit="page">21</biblScope>
		</imprint>
		<respStmt>
			<orgName>University of California Dept. of Linguistics and Institute of Human I.e.aming</orgName>
		</respStmt>
	</monogr>
</biblStruct>

<biblStruct >
	<analytic>
		<title level="a" type="main">Focusing and Description in Natural Language Dialogues</title>
		<author>
			<persName xmlns="http://www.tei-c.org/ns/1.0"><forename type="first">Barbara</forename><forename type="middle">J</forename><surname>Grosz</surname></persName>
		</author>
	</analytic>
	<monogr>
		<title level="m">Elements of Discourse Understanding</title>
		<editor>A. Joshi, B. Webber, and L Sag</editor>
		<meeting><address><addrLine>Cambridge</addrLine></address></meeting>
		<imprint>
			<publisher>Cambridge University Press</publisher>
			<date type="published" when="1981" />
			<biblScope unit="page" from="84" to="105" />
		</imprint>
	</monogr>
</biblStruct>

<biblStruct >
	<analytic>
		<title level="a" type="main">Ammtion. Intantions, and the Slructure of Disoom&apos;se</title>
		<author>
			<persName xmlns="http://www.tei-c.org/ns/1.0"><forename type="first">Barbara</forename><forename type="middle">J</forename><surname>Grosz</surname></persName>
		</author>
		<author>
			<persName xmlns="http://www.tei-c.org/ns/1.0"><forename type="first">Candace</forename><forename type="middle">L</forename><surname>Sidner</surname></persName>
		</author>
	</analytic>
	<monogr>
		<title level="j">Computational Linguistics</title>
		<imprint>
			<biblScope unit="volume">12</biblScope>
			<biblScope unit="page" from="175" to="204" />
			<date type="published" when="1986" />
		</imprint>
	</monogr>
</biblStruct>

<biblStruct >
	<analytic>
		<title level="a" type="main">Remarks on &apos;this&apos; and &apos;that</title>
		<author>
			<persName xmlns="http://www.tei-c.org/ns/1.0"><forename type="first">Robin</forename><surname>Lakoff</surname></persName>
		</author>
	</analytic>
	<monogr>
		<title level="m">Papers from the Tenth Regional Meeting of the Chicago Linguistic Society</title>
		<meeting><address><addrLine>Chicago</addrLine></address></meeting>
		<imprint>
			<publisher>Chicago Linguistic Society</publisher>
			<date type="published" when="1974" />
			<biblScope unit="page" from="345" to="356" />
		</imprint>
	</monogr>
</biblStruct>

<biblStruct >
	<analytic>
		<title level="a" type="main">Pronoun Resolution in SNePS</title>
		<author>
			<persName xmlns="http://www.tei-c.org/ns/1.0"><forename type="first">Nalcong</forename><surname>Li</surname></persName>
		</author>
	</analytic>
	<monogr>
		<title level="j">SNe.RG Technical Note</title>
		<imprint>
			<biblScope unit="volume">18</biblScope>
			<date type="published" when="1986" />
		</imprint>
		<respStmt>
			<orgName>SUNY Buffalo Dept. of Computer Science</orgName>
		</respStmt>
	</monogr>
</biblStruct>

<biblStruct >
	<analytic>
		<title level="a" type="main">Intensional Concepts in Propositional Semantic Networks</title>
		<author>
			<persName xmlns="http://www.tei-c.org/ns/1.0"><forename type="first">Anthony</forename><forename type="middle">S</forename><surname>Maida</surname></persName>
		</author>
		<author>
			<persName xmlns="http://www.tei-c.org/ns/1.0"><surname>Shapiro</surname></persName>
		</author>
		<author>
			<persName xmlns="http://www.tei-c.org/ns/1.0"><forename type="first">C</forename><surname>Smart</surname></persName>
		</author>
	</analytic>
	<monogr>
		<title level="j">Coghi:ire Science</title>
		<imprint>
			<biblScope unit="volume">6</biblScope>
			<biblScope unit="page" from="291" to="330" />
			<date type="published" when="1982" />
		</imprint>
	</monogr>
</biblStruct>

<biblStruct >
	<monogr>
		<title/>
		<author>
			<persName xmlns="http://www.tei-c.org/ns/1.0"><surname>Quirk</surname></persName>
		</author>
		<author>
			<persName xmlns="http://www.tei-c.org/ns/1.0"><surname>Randolph</surname></persName>
		</author>
		<imprint/>
	</monogr>
</biblStruct>

<biblStruct >
	<analytic>
		<title level="a" type="main">A Comprehensive Grammar of the English Language</title>
		<author>
			<persName xmlns="http://www.tei-c.org/ns/1.0"><surname>Greenbaum</surname></persName>
		</author>
		<author>
			<persName xmlns="http://www.tei-c.org/ns/1.0"><forename type="first">;</forename><surname>Sidney</surname></persName>
		</author>
		<author>
			<persName xmlns="http://www.tei-c.org/ns/1.0"><forename type="first">Geoffxe~</forename><surname>Le_Ec.H</surname></persName>
		</author>
		<author>
			<persName xmlns="http://www.tei-c.org/ns/1.0"><surname>Svartvik</surname></persName>
		</author>
		<author>
			<persName xmlns="http://www.tei-c.org/ns/1.0"><surname>Jan</surname></persName>
		</author>
	</analytic>
	<monogr>
		<title level="m">Longuum)</title>
		<meeting><address><addrLine>New York</addrLine></address></meeting>
		<imprint>
			<date type="published" when="1985" />
		</imprint>
	</monogr>
</biblStruct>

<biblStruct >
	<analytic>
		<title level="a" type="main">A Relxesentation for Natural Category Systems</title>
		<author>
			<persName xmlns="http://www.tei-c.org/ns/1.0"><surname>Peters</surname></persName>
		</author>
		<author>
			<persName xmlns="http://www.tei-c.org/ns/1.0"><forename type="first">L</forename><surname>S~adra</surname></persName>
		</author>
		<author>
			<persName xmlns="http://www.tei-c.org/ns/1.0"><forename type="first">Stuart</forename><forename type="middle">C</forename><surname>Shapiro</surname></persName>
		</author>
	</analytic>
	<monogr>
		<title level="m">Proceedings of the 9th Annual Conferotce of the Cognitive Science Society (Seattle)</title>
		<meeting>the 9th Annual Conferotce of the Cognitive Science Society (Seattle)<address><addrLine>Hillsdale, NJ: Lawrence Erlhaum</addrLine></address></meeting>
		<imprint>
			<date type="published" when="1987" />
			<biblScope unit="page" from="379" to="390" />
		</imprint>
	</monogr>
</biblStruct>

<biblStruct >
	<analytic>
		<title level="a" type="main">A Representation for Natural Category Systems</title>
		<author>
			<persName xmlns="http://www.tei-c.org/ns/1.0"><forename type="first">Sandra</forename><forename type="middle">L</forename><surname>Peters</surname></persName>
		</author>
		<author>
			<persName xmlns="http://www.tei-c.org/ns/1.0"><surname>Shapiro</surname></persName>
		</author>
		<author>
			<persName xmlns="http://www.tei-c.org/ns/1.0"><forename type="first">C</forename><surname>Smart</surname></persName>
		</author>
	</analytic>
	<monogr>
		<title level="m">Proc~d&apos;mgs of the lOth International Joint Conference on Artificial Intel. ligence</title>
		<meeting>~d&apos;mgs of the lOth International Joint Conference on Artificial Intel. ligence</meeting>
		<imprint>
			<date type="published" when="19871" />
			<biblScope unit="page" from="1" to="87" />
		</imprint>
	</monogr>
</biblStruct>

<biblStruct >
	<monogr>
		<title/>
		<author>
			<persName xmlns="http://www.tei-c.org/ns/1.0"><surname>Milan</surname></persName>
		</author>
		<imprint>
			<publisher>Morgan Kanfmann</publisher>
			<biblScope unit="page" from="140" to="146" />
			<pubPlace>Los Altos, CA</pubPlace>
		</imprint>
	</monogr>
</biblStruct>

<biblStruct >
	<analytic>
		<title level="a" type="main">Quasi-Indexical Reference in Propositional Semantic Networks</title>
		<author>
			<persName xmlns="http://www.tei-c.org/ns/1.0"><forename type="first">William</forename><forename type="middle">J</forename><surname>Rapaport</surname></persName>
		</author>
		<author>
			<persName xmlns="http://www.tei-c.org/ns/1.0"><surname>Shapiro</surname></persName>
		</author>
		<author>
			<persName xmlns="http://www.tei-c.org/ns/1.0"><forename type="first">C</forename><surname>Stuart</surname></persName>
		</author>
	</analytic>
	<monogr>
		<title level="m">Proceedings of the lOth International Conference on Computational Linguistics</title>
		<meeting>the lOth International Conference on Computational Linguistics</meeting>
		<imprint>
			<date type="published" when="1984" />
			<biblScope unit="page">84</biblScope>
		</imprint>
	</monogr>
</biblStruct>

<biblStruct >
	<analytic>
		<title/>
	</analytic>
	<monogr>
		<title level="j">NJ: Assoc. for Computational L,ingulstics</title>
		<imprint>
			<biblScope unit="page" from="65" to="70" />
		</imprint>
		<respStmt>
			<orgName>Stanford Univ.) (Monistown</orgName>
		</respStmt>
	</monogr>
</biblStruct>

<biblStruct >
	<analytic>
		<title level="a" type="main">Logical Foundations for Belief Representation</title>
		<author>
			<persName xmlns="http://www.tei-c.org/ns/1.0"><forename type="first">William</forename><forename type="middle">L</forename><surname>Rapaport</surname></persName>
		</author>
	</analytic>
	<monogr>
		<title level="j">Cognitiv e Science</title>
		<imprint>
			<biblScope unit="volume">10</biblScope>
			<biblScope unit="page" from="371" to="422" />
			<date type="published" when="1986" />
		</imprint>
	</monogr>
</biblStruct>

<biblStruct >
	<analytic>
		<title level="a" type="main">Character Tracking and the Understanding of Narrative</title>
		<author>
			<persName xmlns="http://www.tei-c.org/ns/1.0"><forename type="first">Brian</forename><forename type="middle">J</forename><surname>Reise~</surname></persName>
		</author>
	</analytic>
	<monogr>
		<title level="m">Proceedings of the 7th International Joint Conference on Artificial Intelligence</title>
		<meeting>the 7th International Joint Conference on Artificial Intelligence</meeting>
		<imprint>
			<date type="published" when="1981" />
			<biblScope unit="page">81</biblScope>
		</imprint>
	</monogr>
</biblStruct>

<biblStruct >
	<monogr>
		<title/>
		<author>
			<persName xmlns="http://www.tei-c.org/ns/1.0"><surname>Van</surname></persName>
		</author>
		<imprint>
			<publisher>Morgan Kanfmarm</publisher>
			<biblScope unit="page" from="209" to="211" />
			<pubPlace>Los Altos, CA</pubPlace>
		</imprint>
	</monogr>
</biblStruct>

<biblStruct >
	<monogr>
		<title level="m" type="main">Cognition and Categorization</title>
		<author>
			<persName xmlns="http://www.tei-c.org/ns/1.0"><forename type="first">Eleanor</forename><surname>Rosch</surname></persName>
		</author>
		<author>
			<persName xmlns="http://www.tei-c.org/ns/1.0"><forename type="first">B3</forename><surname>Lloyd</surname></persName>
		</author>
		<editor>Lawrence Erlbaum Associates</editor>
		<imprint>
			<date type="published" when="1978" />
			<pubPlace>Hillsdale, NJ</pubPlace>
		</imprint>
	</monogr>
</biblStruct>

<biblStruct >
	<analytic>
		<title level="a" type="main">The SNePS Semantic Network Processing System</title>
		<author>
			<persName xmlns="http://www.tei-c.org/ns/1.0"><surname>Shapiro</surname></persName>
		</author>
		<author>
			<persName xmlns="http://www.tei-c.org/ns/1.0"><forename type="first">C</forename><surname>Smart</surname></persName>
		</author>
	</analytic>
	<monogr>
		<title level="m">Associative Net. worka</title>
		<editor>N.V. Findler</editor>
		<meeting><address><addrLine>New York</addrLine></address></meeting>
		<imprint>
			<publisher>Acedomic</publisher>
			<date type="published" when="1979" />
			<biblScope unit="page" from="179" to="203" />
		</imprint>
	</monogr>
</biblStruct>

<biblStruct >
	<analytic>
		<title level="a" type="main">SNePS Comidered as a Fully Intensional Propositional Semantic Network</title>
		<author>
			<persName xmlns="http://www.tei-c.org/ns/1.0"><surname>Shapiro</surname></persName>
		</author>
		<author>
			<persName xmlns="http://www.tei-c.org/ns/1.0"><forename type="first">C</forename><surname>Smart</surname></persName>
		</author>
		<author>
			<persName xmlns="http://www.tei-c.org/ns/1.0"><forename type="first">Rapapo~</forename><surname>William</surname></persName>
		</author>
		<author>
			<persName xmlns="http://www.tei-c.org/ns/1.0"><forename type="first">J</forename></persName>
		</author>
	</analytic>
	<monogr>
		<title level="m">The Knowledge Frontier</title>
		<editor>N. Cerc~m and G. McCalla</editor>
		<meeting><address><addrLine>New York</addrLine></address></meeting>
		<imprint>
			<publisher>Springer-Verlag</publisher>
			<date type="published" when="1987" />
			<biblScope unit="page" from="262" to="315" />
		</imprint>
	</monogr>
</biblStruct>

<biblStruct >
	<analytic>
		<title level="a" type="main">Focusing in the Comprehension of Definite Anaphora</title>
		<author>
			<persName xmlns="http://www.tei-c.org/ns/1.0"><forename type="first">Cmdaze</forename><forename type="middle">L</forename><surname>Sidner</surname></persName>
		</author>
	</analytic>
	<monogr>
		<title level="m">Computational Models of Discourse</title>
		<editor>M. Brliy md R. Berwick</editor>
		<meeting><address><addrLine>Cambridge, MA</addrLine></address></meeting>
		<imprint>
			<publisher>The Mrr Press</publisher>
			<date type="published" when="1983" />
			<biblScope unit="page" from="267" to="330" />
		</imprint>
	</monogr>
</biblStruct>

<biblStruct >
	<monogr>
				<author>
			<persName xmlns="http://www.tei-c.org/ns/1.0"><surname>Uspemky</surname></persName>
		</author>
		<author>
			<persName xmlns="http://www.tei-c.org/ns/1.0"><surname>Boris</surname></persName>
		</author>
		<title level="m">A Poetics of Composition</title>
		<imprint>
			<publisher>Berkele~ University of California Press</publisher>
			<date type="published" when="1973" />
		</imprint>
	</monogr>
</biblStruct>

<biblStruct >
	<analytic>
		<title level="a" type="main">Representing De Re and De Dicto Belief Reports in Discourse and Nan&apos;afive</title>
		<author>
			<persName xmlns="http://www.tei-c.org/ns/1.0"><forename type="first">Janyce</forename><forename type="middle">M</forename><surname>Wiebe</surname></persName>
		</author>
		<author>
			<persName xmlns="http://www.tei-c.org/ns/1.0"><forename type="first">J</forename><surname>Rapalx~ W&amp;apos;dliam</surname></persName>
		</author>
	</analytic>
	<monogr>
		<title level="j">Proc. IEEE</title>
		<imprint>
			<biblScope unit="volume">74</biblScope>
			<biblScope unit="page" from="1405" to="1413" />
			<date type="published" when="1986" />
		</imprint>
	</monogr>
</biblStruct>

<biblStruct >
	<monogr>
		<title level="m" type="main">Planning and Understanding</title>
		<author>
			<persName xmlns="http://www.tei-c.org/ns/1.0"><forename type="first">Robert</forename><surname>Wilemky</surname></persName>
		</author>
		<imprint>
			<date type="published" when="1983" />
			<publisher>Addison-Wesley</publisher>
			<pubPlace>Reading, MA</pubPlace>
		</imprint>
	</monogr>
</biblStruct>

<biblStruct >
	<analytic>
		<title level="a" type="main">Befiefs, Points of View, and Multiple Environments</title>
		<author>
			<persName xmlns="http://www.tei-c.org/ns/1.0"><forename type="first">Yorick</forename><surname>Willm</surname></persName>
		</author>
		<author>
			<persName xmlns="http://www.tei-c.org/ns/1.0"><forename type="first">Janusz</forename><surname>Bien</surname></persName>
		</author>
	</analytic>
	<monogr>
		<title level="j">Cognitive Science</title>
		<imprint>
			<biblScope unit="volume">7</biblScope>
			<biblScope unit="page" from="95" to="119" />
			<date type="published" when="1983" />
		</imprint>
		<respStmt>
			<orgName>CITED TEXTS</orgName>
		</respStmt>
	</monogr>
</biblStruct>

<biblStruct >
	<monogr>
		<title level="m" type="main">The Dead Sea Scrolls (Harmon&amp;worth</title>
		<author>
			<persName xmlns="http://www.tei-c.org/ns/1.0"><forename type="first">John</forename><surname>Allegro</surname></persName>
		</author>
		<imprint>
			<date type="published" when="1977" />
			<publisher>Panguin)</publisher>
			<pubPlace>Eng</pubPlace>
		</imprint>
	</monogr>
</biblStruct>

<biblStruct >
	<monogr>
				<author>
			<persName xmlns="http://www.tei-c.org/ns/1.0"><forename type="first">Sue</forename><forename type="middle">Ellen</forename><surname>Bridgers</surname></persName>
		</author>
		<title level="m">Knopf)</title>
		<meeting><address><addrLine>New York</addrLine></address></meeting>
		<imprint>
			<date type="published" when="1979" />
		</imprint>
	</monogr>
	<note>AII Together Now</note>
</biblStruct>

<biblStruct >
	<monogr>
				<author>
			<persName xmlns="http://www.tei-c.org/ns/1.0"><forename type="first">Tom</forename><surname>Clarity</surname></persName>
		</author>
		<title level="m">Red Storm Rising</title>
		<meeting><address><addrLine>New York</addrLine></address></meeting>
		<imprint>
			<publisher>G.P. Pumam&apos;s Sons</publisher>
			<date type="published" when="1986" />
		</imprint>
	</monogr>
</biblStruct>

<biblStruct >
	<monogr>
		<title level="m" type="main">Hannah Herself</title>
		<author>
			<persName xmlns="http://www.tei-c.org/ns/1.0"><surname>Franchere&amp;quot; Ruth</surname></persName>
		</author>
		<imprint>
			<date type="published" when="1964" />
			<publisher>Thorues Y. Crowell</publisher>
			<pubPlace>New York</pubPlace>
		</imprint>
	</monogr>
</biblStruct>

<biblStruct >
	<monogr>
		<title level="m" type="main">Miss Osborne-the-Mop</title>
		<author>
			<persName xmlns="http://www.tei-c.org/ns/1.0"><forename type="first">Wilson</forename><surname>Gage</surname></persName>
		</author>
		<imprint>
			<date type="published" when="1963" />
			<publisher>Cleveland: World Publishing</publisher>
		</imprint>
	</monogr>
</biblStruct>

<biblStruct >
	<monogr>
		<title level="m" type="main">Many Waters</title>
		<author>
			<persName xmlns="http://www.tei-c.org/ns/1.0"><forename type="first">L</forename><surname>&amp;apos;engle</surname></persName>
		</author>
		<author>
			<persName xmlns="http://www.tei-c.org/ns/1.0"><surname>Madeleine</surname></persName>
		</author>
		<imprint>
			<date type="published" when="1986" />
			<publisher>Dell PubUsh~</publisher>
			<pubPlace>New York</pubPlace>
		</imprint>
	</monogr>
</biblStruct>

<biblStruct >
	<monogr>
		<title level="m" type="main">War Work</title>
		<author>
			<persName xmlns="http://www.tei-c.org/ns/1.0"><surname>Oneal</surname></persName>
		</author>
		<author>
			<persName xmlns="http://www.tei-c.org/ns/1.0"><surname>Zibby</surname></persName>
		</author>
		<imprint>
			<date type="published" when="1971" />
			<publisher>Viking Press</publisher>
			<pubPlace>New York</pubPlace>
		</imprint>
	</monogr>
</biblStruct>

<biblStruct >
	<monogr>
		<title level="m" type="main">The Two Towers</title>
		<author>
			<persName xmlns="http://www.tei-c.org/ns/1.0"><forename type="middle">Lr R</forename><surname>Tolkian</surname></persName>
		</author>
		<imprint>
			<date type="published" when="1965" />
			<publisher>Ballantine Books</publisher>
			<pubPlace>New York</pubPlace>
		</imprint>
	</monogr>
</biblStruct>

<biblStruct >
	<monogr>
		<title/>
		<author>
			<persName xmlns="http://www.tei-c.org/ns/1.0"><forename type="first">William</forename><surname>Wu</surname></persName>
		</author>
		<imprint>
			<date type="published" when="1987" />
			<publisher>Ace Books</publisher>
			<pubPlace>Cyborg (New York</pubPlace>
		</imprint>
	</monogr>
</biblStruct>

			</listBibl>
		</back>
	</text>
</TEI>
