<?xml version="1.0" ?>
<TEI xmlns="http://www.tei-c.org/ns/1.0" xmlns:xlink="http://www.w3.org/1999/xlink" 
 xmlns:mml="http://www.w3.org/1998/Math/MathML">
	<teiHeader>
		<fileDesc xml:id="f_1315"/>
	</teiHeader>
	<text>
		<front/>
		<body/>
		<back>
			<listBibl>
<biblStruct >
	<monogr>
		<title level="m" type="main">RLCS entry for usually</title>
		<imprint/>
	</monogr>
</biblStruct>

<biblStruct >
	<monogr>
		<title/>
		<author>
			<persName xmlns="http://www.tei-c.org/ns/1.0"><forename type="first">{i-Max In-Max Juan] Iv-Max [v-Min</forename></persName>
		</author>
		<author>
			<persName xmlns="http://www.tei-c.org/ns/1.0"><forename type="first">]</forename><forename type="middle">. . .</forename></persName>
		</author>
		<imprint/>
	</monogr>
</biblStruct>

<biblStruct >
	<monogr>
		<title/>
		<author>
			<persName xmlns="http://www.tei-c.org/ns/1.0"><forename type="first">{v-Max [v-Min Ir ; P-Max ~</forename></persName>
		</author>
		<imprint/>
	</monogr>
</biblStruct>

<biblStruct >
	<monogr>
		<title/>
		<author>
			<persName xmlns="http://www.tei-c.org/ns/1.0"><forename type="first">{i-Max {n-Max</forename><surname>John</surname></persName>
		</author>
		<imprint/>
	</monogr>
</biblStruct>

<biblStruct >
	<monogr>
		<title/>
		<author>
			<persName xmlns="http://www.tei-c.org/ns/1.0"><forename type="first">{v-Max</forename></persName>
		</author>
		<idno>N-~AX home</idno>
		<editor>v-, [V.I usually [V-MIN goesl</editor>
		<imprint/>
	</monogr>
</biblStruct>

<biblStruct >
	<monogr>
		<title/>
		<author>
			<persName xmlns="http://www.tei-c.org/ns/1.0"><forename type="first">Rlcs</forename><surname>Entry</surname></persName>
		</author>
		<imprint/>
	</monogr>
	<note>BE [X] [AT [X] [Y]] LIKINGLY</note>
</biblStruct>

<biblStruct >
	<monogr>
		<title/>
		<author>
			<persName xmlns="http://www.tei-c.org/ns/1.0"><forename type="first">{i-Max In-Max</forename><surname>Ic~i</surname></persName>
		</author>
		<imprint/>
	</monogr>
</biblStruct>

<biblStruct >
	<monogr>
		<title/>
		<author>
			<persName xmlns="http://www.tei-c.org/ns/1.0"><forename type="first">{v-Max [v-I[v-I[v-Min</forename><surname>Esse</surname></persName>
		</author>
		<imprint/>
	</monogr>
	<note>I [BE {REFERENT] [AT [REFERENT] [EAT [REFERENT] {FOOD</note>
</biblStruct>

<biblStruct >
	<monogr>
		<title/>
		<author>
			<persName xmlns="http://www.tei-c.org/ns/1.0"><forename type="first">• ~</forename></persName>
		</author>
		<author>
			<persName xmlns="http://www.tei-c.org/ns/1.0"><forename type="first">-</forename><surname>*x ~ ~</surname></persName>
		</author>
		<imprint/>
	</monogr>
</biblStruct>

<biblStruct >
	<monogr>
		<title level="m" type="main">Some Problems in German to English Machine Translation</title>
		<author>
			<persName xmlns="http://www.tei-c.org/ns/1.0"><forename type="first">{i-Max {n-Max I]</forename><forename type="middle">.</forename></persName>
		</author>
		<idno>142</idno>
		<imprint>
			<date type="published" when="1974" />
			<publisher>MIT Press</publisher>
			<pubPlace>Massachusetts Institute of Technology, Cambridge, MA; Cambridge, MA</pubPlace>
		</imprint>
	</monogr>
<note type="report_type">MAC Technical Report</note>
	<note>Knowledge of Language: Its Nature, Origin and Use</note>
</biblStruct>

<biblStruct >
	<monogr>
		<title level="m" type="main">UNITRAN: A Principle-Based Approach to Machine Translation</title>
		<author>
			<persName xmlns="http://www.tei-c.org/ns/1.0"><forename type="first">Bonnie</forename><forename type="middle">J</forename><surname>Dorr</surname></persName>
		</author>
		<idno>1000</idno>
		<imprint>
			<date type="published" when="1987" />
			<pubPlace>Cambridge, MA</pubPlace>
		</imprint>
		<respStmt>
			<orgName>Master of Science thesis, Department Electrical Engineering and Computer Science, Massachusetts Institute of Technology</orgName>
		</respStmt>
	</monogr>
<note type="report_type">AI Technical Report</note>
</biblStruct>

<biblStruct >
	<monogr>
		<title level="m" type="main">Computer Generation of Natural Language from a Deep Conceptual Base</title>
		<author>
			<persName xmlns="http://www.tei-c.org/ns/1.0"><forename type="first">J</forename><surname>Dorr ; Bonnie</surname></persName>
		</author>
		<author>
			<persName xmlns="http://www.tei-c.org/ns/1.0"><forename type="first">M</forename><surname>Doff ; Nell</surname></persName>
		</author>
		<author>
			<persName xmlns="http://www.tei-c.org/ns/1.0"><surname>Goldman</surname></persName>
		</author>
		<imprint>
			<date type="published" when="1974" />
			<publisher>MIT Press</publisher>
			<pubPlace>Cambridge, MA; Stanford, CA; Cambridge, MA</pubPlace>
		</imprint>
		<respStmt>
			<orgName>Department of Electrical Engineering and Computer Science, Massachusetts Institute of Technology ; Computer Science Department, Stanford University</orgName>
		</respStmt>
	</monogr>
<note type="report_type">Ph.D thesis</note>
	<note>Lexical Conceptual Structure and Machine Translation. Jackendoff, 1983] Ray S. Jackendoff, Semantics and Cognition</note>
</biblStruct>

<biblStruct >
	<analytic>
		<title level="a" type="main">Design of LMT: A Prolog-Based Machine Translation System</title>
		<author>
			<persName xmlns="http://www.tei-c.org/ns/1.0"><forename type="first">Roger</forename><surname>Lytinen &amp;amp; Schank ; Steven Lytinen</surname></persName>
		</author>
		<author>
			<persName xmlns="http://www.tei-c.org/ns/1.0"><forename type="first">;</forename><surname>Schank</surname></persName>
		</author>
		<author>
			<persName xmlns="http://www.tei-c.org/ns/1.0"><forename type="first">C</forename><surname>Michael</surname></persName>
		</author>
		<author>
			<persName xmlns="http://www.tei-c.org/ns/1.0"><surname>Mccord</surname></persName>
		</author>
	</analytic>
	<monogr>
		<title level="j">Computational Linguistics</title>
		<imprint>
			<biblScope unit="volume">234</biblScope>
			<biblScope unit="issue">1</biblScope>
			<biblScope unit="page" from="33" to="52" />
			<date type="published" when="1982" />
		</imprint>
		<respStmt>
			<orgName>Department of Computer Science, Yale University</orgName>
		</respStmt>
	</monogr>
	<note>Technical Report</note>
</biblStruct>

<biblStruct >
	<monogr>
				<author>
			<persName xmlns="http://www.tei-c.org/ns/1.0"><surname>Schank &amp;amp; Abelson</surname></persName>
		</author>
		<title level="m">Scripts, Plans, Goals, and Understanding</title>
		<editor>Roger C. Schank and Robert Abelson</editor>
		<meeting><address><addrLine>Hillsdale, N J</addrLine></address></meeting>
		<imprint>
			<publisher>Lawrence Erlbaum Associates, Inc</publisher>
			<date type="published" when="1977" />
		</imprint>
	</monogr>
</biblStruct>

			</listBibl>
		</back>
	</text>
</TEI>
