<?xml version="1.0" ?>
<TEI xmlns="http://www.tei-c.org/ns/1.0" xmlns:xlink="http://www.w3.org/1999/xlink" 
 xmlns:mml="http://www.w3.org/1998/Math/MathML">
	<teiHeader>
		<fileDesc xml:id="f_1478"/>
	</teiHeader>
	<text>
		<front/>
		<body/>
		<back>
			<listBibl>
<biblStruct >
	<monogr>
		<title level="m" type="main">VALENCY AND THE ENGLISH VERB</title>
		<author>
			<persName xmlns="http://www.tei-c.org/ns/1.0"><forename type="first">D</forename><surname>Allerton</surname></persName>
		</author>
		<imprint>
			<date type="published" when="1982" />
			<publisher>Academic Press</publisher>
			<pubPlace>London</pubPlace>
		</imprint>
	</monogr>
</biblStruct>

<biblStruct >
	<monogr>
		<title level="m" type="main">An assessment of written/interactive dialogue for information retrieval applications</title>
		<author>
			<persName xmlns="http://www.tei-c.org/ns/1.0"><forename type="first">H</forename><surname>Brunner</surname></persName>
		</author>
		<author>
			<persName xmlns="http://www.tei-c.org/ns/1.0"><forename type="first">G</forename><surname>Whittemore</surname></persName>
		</author>
		<author>
			<persName xmlns="http://www.tei-c.org/ns/1.0"><forename type="first">K</forename><surname>Ferrara</surname></persName>
		</author>
		<author>
			<persName xmlns="http://www.tei-c.org/ns/1.0"><forename type="first">J</forename><surname>Hsu</surname></persName>
		</author>
		<idno>#ACT-HI-245-89</idno>
		<imprint>
			<date type="published" when="1988" />
		</imprint>
	</monogr>
<note type="report_type">MCC Technical Report</note>
</biblStruct>

<biblStruct >
	<analytic>
		<title level="a" type="main">On not being led up the garden path: the use of context by the psychological syntax processor</title>
		<author>
			<persName xmlns="http://www.tei-c.org/ns/1.0"><forename type="first">S</forename><surname>Crain</surname></persName>
		</author>
		<author>
			<persName xmlns="http://www.tei-c.org/ns/1.0"><forename type="first">M</forename><surname>Steedman</surname></persName>
		</author>
	</analytic>
	<monogr>
		<title level="m">NATURAL LANGUAGE PROCESSING</title>
		<editor>Dowty, D., Karttunen, L., and Zwicky, A.</editor>
		<meeting><address><addrLine>Cambridge</addrLine></address></meeting>
		<imprint>
			<publisher>Cambridge University Press</publisher>
			<date type="published" when="1984" />
		</imprint>
	</monogr>
</biblStruct>

<biblStruct >
	<analytic>
		<title level="a" type="main">A competence based theory of syntactic closure</title>
		<author>
			<persName xmlns="http://www.tei-c.org/ns/1.0"><forename type="first">M</forename><surname>Ford</surname></persName>
		</author>
		<author>
			<persName xmlns="http://www.tei-c.org/ns/1.0"><forename type="first">J</forename><surname>Bresnan</surname></persName>
		</author>
		<author>
			<persName xmlns="http://www.tei-c.org/ns/1.0"><forename type="first">R</forename><surname>Kaplan</surname></persName>
		</author>
	</analytic>
	<monogr>
		<title level="m">THE MENTAL REPRESENTATION OF GRAMMATICAL RELATIONS</title>
		<editor>Bresnan, J.</editor>
		<meeting><address><addrLine>Cambridge, MA</addrLine></address></meeting>
		<imprint>
			<publisher>MIT Press</publisher>
			<date type="published" when="1982" />
		</imprint>
	</monogr>
</biblStruct>

<biblStruct >
	<monogr>
		<title level="m" type="main">On Comprehending Sentences: Syntactic parsing strategies</title>
		<author>
			<persName xmlns="http://www.tei-c.org/ns/1.0"><forename type="first">L</forename><surname>Frazier</surname></persName>
		</author>
		<imprint>
			<date type="published" when="1979" />
		</imprint>
		<respStmt>
			<orgName>University of Massachusetts</orgName>
		</respStmt>
	</monogr>
<note type="report_type">Ph.D. thesis</note>
</biblStruct>

<biblStruct >
	<monogr>
				<author>
			<persName xmlns="http://www.tei-c.org/ns/1.0"><forename type="first">G</forename><surname>Hirst</surname></persName>
		</author>
		<title level="m">SEMANTIC INTERPRETATION AND THE RESOLUTION OF AMBIGUITY</title>
		<meeting><address><addrLine>Cambridge</addrLine></address></meeting>
		<imprint>
			<publisher>Cambridge University Press</publisher>
			<date type="published" when="1987" />
		</imprint>
	</monogr>
</biblStruct>

<biblStruct >
	<analytic>
		<title level="a" type="main">Seven principles of surface structure parsing in natural language</title>
		<author>
			<persName xmlns="http://www.tei-c.org/ns/1.0"><forename type="first">J</forename><surname>Kimball</surname></persName>
		</author>
	</analytic>
	<monogr>
		<title level="j">COGNITION</title>
		<imprint>
			<biblScope unit="volume">2</biblScope>
			<biblScope unit="issue">1</biblScope>
			<biblScope unit="page" from="15" to="47" />
			<date type="published" when="1973" />
		</imprint>
	</monogr>
</biblStruct>

<biblStruct >
	<monogr>
		<title level="m" type="main">COMPREHENSIVE GRAMMAR OF THE ENGLISH LANGUAGE</title>
		<author>
			<persName xmlns="http://www.tei-c.org/ns/1.0"><forename type="middle">R</forename><surname>Quirk</surname></persName>
		</author>
		<author>
			<persName xmlns="http://www.tei-c.org/ns/1.0"><forename type="first">S</forename><surname>Greenbaum</surname></persName>
		</author>
		<author>
			<persName xmlns="http://www.tei-c.org/ns/1.0"><forename type="middle">G</forename><surname>Leech</surname></persName>
		</author>
		<author>
			<persName xmlns="http://www.tei-c.org/ns/1.0"><forename type="first">J</forename><surname>Svartvik</surname></persName>
		</author>
		<imprint>
			<date type="published" when="1972" />
			<publisher>Longman</publisher>
			<pubPlace>London</pubPlace>
		</imprint>
	</monogr>
</biblStruct>

<biblStruct >
	<analytic>
		<title level="a" type="main">On the nature of derived nominals</title>
		<author>
			<persName xmlns="http://www.tei-c.org/ns/1.0"><forename type="first">M</forename><surname>Rappaport</surname></persName>
		</author>
	</analytic>
	<monogr>
		<title level="m">PAPERS IN LEXICAL FUNCTIONAL GRAMMAR. Indiana University Linguistics Club</title>
		<editor>Levin, L., Rappaport, M., Zaeman, A.</editor>
		<imprint>
			<date type="published" when="1983" />
		</imprint>
	</monogr>
</biblStruct>

<biblStruct >
	<monogr>
		<title level="m" type="main">VALENCY AND CASE IN COMPUTATIONAL LINGUISTICS</title>
		<author>
			<persName xmlns="http://www.tei-c.org/ns/1.0"><forename type="first">H</forename><surname>Somers</surname></persName>
		</author>
		<editor>Michaelson, S. and Wilks, Y.</editor>
		<imprint>
			<date type="published" when="1987" />
			<publisher>Edinburg University Press</publisher>
			<biblScope unit="volume">3</biblScope>
			<pubPlace>Great Britain</pubPlace>
		</imprint>
	</monogr>
	<note>of EDINBURG INFORMATION TECHNOLOGY SERIES</note>
</biblStruct>

<biblStruct >
	<monogr>
		<title level="m" type="main">Post-modifier prepositional phrase ambiguity in written interactive dialogues</title>
		<author>
			<persName xmlns="http://www.tei-c.org/ns/1.0"><forename type="first">G</forename><surname>Whittemore</surname></persName>
		</author>
		<author>
			<persName xmlns="http://www.tei-c.org/ns/1.0"><forename type="first">K</forename><surname>Ferrara</surname></persName>
		</author>
		<author>
			<persName xmlns="http://www.tei-c.org/ns/1.0"><forename type="first">H</forename><surname>Brunner</surname></persName>
		</author>
		<idno>#ACT-HI-247-89</idno>
		<imprint>
			<date type="published" when="1989" />
		</imprint>
	</monogr>
<note type="report_type">MCC Technical Report</note>
</biblStruct>

<biblStruct >
	<analytic>
		<title level="a" type="main">Syntax, preference, and right attachment</title>
		<author>
			<persName xmlns="http://www.tei-c.org/ns/1.0"><forename type="first">Y</forename><surname>Wilks</surname></persName>
		</author>
		<author>
			<persName xmlns="http://www.tei-c.org/ns/1.0"><forename type="first">X</forename><surname>Huang</surname></persName>
		</author>
		<author>
			<persName xmlns="http://www.tei-c.org/ns/1.0"><forename type="first">D</forename><surname>Fass</surname></persName>
		</author>
	</analytic>
	<monogr>
		<title level="j">PROC. IJCAI</title>
		<imprint>
			<biblScope unit="volume">85</biblScope>
			<biblScope unit="page" from="779" to="784" />
			<date type="published" when="1985-08" />
		</imprint>
	</monogr>
</biblStruct>

			</listBibl>
		</back>
	</text>
</TEI>
