<?xml version="1.0" ?>
<TEI xmlns="http://www.tei-c.org/ns/1.0" xmlns:xlink="http://www.w3.org/1999/xlink" 
 xmlns:mml="http://www.w3.org/1998/Math/MathML">
	<teiHeader>
		<fileDesc xml:id="f_2918"/>
	</teiHeader>
	<text>
		<front/>
		<body/>
		<back>
			<listBibl>
<biblStruct >
	<analytic>
		<title level="a" type="main">A neat theory of marker passing</title>
		<author>
			<persName xmlns="http://www.tei-c.org/ns/1.0"><forename type="first">E</forename><surname>Clmmi~</surname></persName>
		</author>
	</analytic>
	<monogr>
		<title level="m">Procs. AAAI-86</title>
		<meeting>s. AAAI-86<address><addrLine>Philadelphia, PA</addrLine></address></meeting>
		<imprint>
			<date type="published" when="1986" />
		</imprint>
	</monogr>
</biblStruct>

<biblStruct >
	<analytic>
		<title level="a" type="main">Collafive Semantics: A Semantics for Natural Language Processing</title>
		<author>
			<persName xmlns="http://www.tei-c.org/ns/1.0"><forename type="first">D</forename><surname>Fass</surname></persName>
		</author>
		<idno>MCCS- 88-118</idno>
	</analytic>
	<monogr>
		<title level="m">Computer and Cognitive Science</title>
		<imprint>
			<date type="published" when="1988" />
		</imprint>
		<respStmt>
			<orgName>Computing Research Laboratory, New Mexico State University</orgName>
		</respStmt>
	</monogr>
</biblStruct>

<biblStruct >
	<analytic>
		<title level="a" type="main">Resolving lexical ambiguity compurationally with spreading activation and polaroid words</title>
		<author>
			<persName xmlns="http://www.tei-c.org/ns/1.0"><forename type="first">G</forename><surname>Hirst</surname></persName>
		</author>
	</analytic>
	<monogr>
		<title level="m">Lexical Ambiguity Resolution</title>
		<editor>Small and Cottrell</editor>
		<meeting><address><addrLine>Morgan Ica-fmann</addrLine></address></meeting>
		<imprint>
			<publisher>San Ma~o</publisher>
			<date type="published" when="1988" />
			<biblScope unit="page" from="73" to="107" />
		</imprint>
	</monogr>
</biblStruct>

<biblStruct >
	<analytic>
		<title level="a" type="main">Marker passing as a weak method for text inferencing</title>
		<author>
			<persName xmlns="http://www.tei-c.org/ns/1.0"><forename type="first">P</forename><surname>Norvig</surname></persName>
		</author>
	</analytic>
	<monogr>
		<title level="j">Cognitive Science</title>
		<imprint>
			<biblScope unit="volume">13</biblScope>
			<biblScope unit="issue">4</biblScope>
			<biblScope unit="page" from="569" to="620" />
			<date type="published" when="1989" />
		</imprint>
	</monogr>
</biblStruct>

<biblStruct >
	<monogr>
		<title level="m" type="main">Preference Semantics. Memoranda in Computer and Cognitive Science, MCCS-90-194</title>
		<author>
			<persName xmlns="http://www.tei-c.org/ns/1.0"><forename type="first">Y</forename><surname>Wilks</surname></persName>
		</author>
		<author>
			<persName xmlns="http://www.tei-c.org/ns/1.0"><forename type="first">D</forename><surname>Fass</surname></persName>
		</author>
		<imprint>
			<date type="published" when="1990" />
		</imprint>
		<respStmt>
			<orgName>Computing Research l~_borato~, New Mexico State University</orgName>
		</respStmt>
	</monogr>
</biblStruct>

			</listBibl>
		</back>
	</text>
</TEI>
