<?xml version="1.0" ?>
<TEI xmlns="http://www.tei-c.org/ns/1.0" xmlns:xlink="http://www.w3.org/1999/xlink" 
 xmlns:mml="http://www.w3.org/1998/Math/MathML">
	<teiHeader>
		<fileDesc xml:id="f_2490"/>
	</teiHeader>
	<text>
		<front/>
		<body/>
		<back>
			<listBibl>
<biblStruct >
	<analytic>
		<title level="a" type="main">Salience: The key to the selection problem in natural language generation</title>
		<author>
			<persName xmlns="http://www.tei-c.org/ns/1.0"><forename type="first">E</forename><surname>Conklin</surname></persName>
		</author>
		<author>
			<persName xmlns="http://www.tei-c.org/ns/1.0"><forename type="first">D</forename><surname>Mcdonald</surname></persName>
		</author>
	</analytic>
	<monogr>
		<title level="m">Proceedings of the 20th Annual Meeting</title>
		<meeting>the 20th Annual Meeting<address><addrLine>Toronto, Canada</addrLine></address></meeting>
		<imprint>
			<date type="published" when="1982" />
			<biblScope unit="page" from="129" to="135" />
		</imprint>
	</monogr>
	<note>Association for Computational Linguistics</note>
</biblStruct>

<biblStruct >
	<monogr>
		<title level="m" type="main">Discourse Production</title>
		<author>
			<persName xmlns="http://www.tei-c.org/ns/1.0"><forename type="first">A</forename><surname>Davey</surname></persName>
		</author>
		<imprint>
			<date type="published" when="1978" />
			<publisher>Edinburgh University Press</publisher>
			<pubPlace>Edinburgh</pubPlace>
		</imprint>
	</monogr>
</biblStruct>

<biblStruct >
	<monogr>
		<title level="m" type="main">Cognitive linguistics and social interaction</title>
		<author>
			<persName xmlns="http://www.tei-c.org/ns/1.0"><forename type="first">R</forename><surname>Fawcett</surname></persName>
		</author>
		<imprint>
			<date type="published" when="1980" />
			<pubPlace>Heidelberg</pubPlace>
		</imprint>
		<respStmt>
			<orgName>Julius Groos Verlag Heidelberg and Exeter University</orgName>
		</respStmt>
	</monogr>
</biblStruct>

<biblStruct >
	<analytic>
		<title level="a" type="main">The communal project: two years old and going well</title>
		<author>
			<persName xmlns="http://www.tei-c.org/ns/1.0"><forename type="first">R</forename><forename type="middle">P</forename><surname>Fawcett</surname></persName>
		</author>
	</analytic>
	<monogr>
		<title level="j">Network</title>
		<imprint>
			<biblScope unit="issue">13</biblScope>
			<date type="published" when="1990" />
		</imprint>
	</monogr>
</biblStruct>

<biblStruct >
	<analytic>
		<title level="a" type="main">Language structure and language function</title>
		<author>
			<persName xmlns="http://www.tei-c.org/ns/1.0"><forename type="first">M</forename><forename type="middle">A K</forename><surname>Halliday</surname></persName>
		</author>
	</analytic>
	<monogr>
		<title level="m">New Horizons in Linguistics. Harmondsworth</title>
		<editor>J. Lyons</editor>
		<meeting><address><addrLine>England</addrLine></address></meeting>
		<imprint>
			<publisher>Penguins Books</publisher>
			<date type="published" when="1970" />
		</imprint>
	</monogr>
</biblStruct>

<biblStruct >
	<monogr>
		<title level="m" type="main">An introduction to functional grammar</title>
		<author>
			<persName xmlns="http://www.tei-c.org/ns/1.0"><forename type="first">M</forename><forename type="middle">A K</forename><surname>Halliday</surname></persName>
		</author>
		<editor>. London England: Edward Arnold</editor>
		<imprint>
			<date type="published" when="1985" />
		</imprint>
	</monogr>
</biblStruct>

<biblStruct >
	<analytic>
		<title level="a" type="main">Systemic generative grammar</title>
		<author>
			<persName xmlns="http://www.tei-c.org/ns/1.0"><forename type="first">R</forename><forename type="middle">A</forename><surname>Hudson</surname></persName>
		</author>
	</analytic>
	<monogr>
		<title level="m">Readings in Systemic Linguistics</title>
		<editor>M. A. K. Halliday &amp; J. R. Martin</editor>
		<meeting><address><addrLine>North Pomfret, Vermont; Batsford</addrLine></address></meeting>
		<imprint>
			<date type="published" when="1981" />
		</imprint>
	</monogr>
</biblStruct>

<biblStruct >
	<monogr>
		<title level="m" type="main">How much context-sensitivity is necessary for characterizing structural descriptions : Tree adjoining grammar</title>
		<author>
			<persName xmlns="http://www.tei-c.org/ns/1.0"><forename type="first">A</forename><forename type="middle">K</forename><surname>Joshi</surname></persName>
		</author>
		<editor>D. Dowty, L. Karttunen, &amp; A. Zwicky</editor>
		<imprint>
			<date type="published" when="1985" />
			<publisher>Cambridge University Press</publisher>
			<pubPlace>New York</pubPlace>
		</imprint>
	</monogr>
	<note>Natural Language Processing : Theoretical, Computational and Psychological Perspectives</note>
</biblStruct>

<biblStruct >
	<analytic>
		<title level="a" type="main">The relevance of tree adjoining grammar to generation</title>
		<author>
			<persName xmlns="http://www.tei-c.org/ns/1.0"><forename type="first">A</forename><forename type="middle">K</forename><surname>Joshi</surname></persName>
		</author>
	</analytic>
	<monogr>
		<title level="m">Natural Language Generation: New Results in Artificial Intelligence, Psychology, and Linguistics</title>
		<editor>G. Kempen</editor>
		<meeting><address><addrLine>Boston</addrLine></address></meeting>
		<imprint>
			<publisher>Kluwer Academic Publishers</publisher>
			<date type="published" when="1987" />
			<biblScope unit="page" from="233" to="252" />
		</imprint>
	</monogr>
<note type="report_type">Dordrecht</note>
</biblStruct>

<biblStruct >
	<monogr>
		<title level="m" type="main">Nigel: A systemic grammar for text generation</title>
		<author>
			<persName xmlns="http://www.tei-c.org/ns/1.0"><forename type="first">W</forename><surname>Mann</surname></persName>
		</author>
		<author>
			<persName xmlns="http://www.tei-c.org/ns/1.0"><forename type="first">C</forename><surname>Matthiessen</surname></persName>
		</author>
		<editor>O. Freedle</editor>
		<imprint>
			<date type="published" when="1985" />
			<pubPlace>Norwood</pubPlace>
		</imprint>
	</monogr>
	<note>Systemic Perspectives on Discourse</note>
</biblStruct>

<biblStruct >
	<analytic>
		<title level="a" type="main">Generating context sensitive responses to object-related misconceptions</title>
		<author>
			<persName xmlns="http://www.tei-c.org/ns/1.0"><forename type="first">K</forename><forename type="middle">F</forename><surname>Mccoy</surname></persName>
		</author>
	</analytic>
	<monogr>
		<title level="j">Artificial Intelligence</title>
		<imprint>
			<biblScope unit="volume">41</biblScope>
			<biblScope unit="page" from="157" to="195" />
			<date type="published" when="1989" />
		</imprint>
	</monogr>
</biblStruct>

<biblStruct >
	<analytic>
		<title level="a" type="main">Using tree adjoining grammars in the systemic framework</title>
		<author>
			<persName xmlns="http://www.tei-c.org/ns/1.0"><forename type="first">K</forename><forename type="middle">F</forename><surname>Mccoy</surname></persName>
		</author>
		<author>
			<persName xmlns="http://www.tei-c.org/ns/1.0"><forename type="first">K</forename><surname>Vijay-Shanker</surname></persName>
		</author>
		<author>
			<persName xmlns="http://www.tei-c.org/ns/1.0"><forename type="first">G</forename><surname>Yang</surname></persName>
		</author>
	</analytic>
	<monogr>
		<title level="m">Proceedings of 5 th International Workshop on Natural Language Generation</title>
		<meeting>5 th International Workshop on Natural Language Generation<address><addrLine>Dawson, PA</addrLine></address></meeting>
		<imprint>
			<date type="published" when="1990" />
		</imprint>
	</monogr>
</biblStruct>

<biblStruct >
	<analytic>
		<title level="a" type="main">Dependency directed control: Its implications for natural language generation</title>
		<author>
			<persName xmlns="http://www.tei-c.org/ns/1.0"><forename type="first">D</forename><surname>Mcdonald</surname></persName>
		</author>
	</analytic>
	<monogr>
		<title level="m">Computational Linguistics</title>
		<editor>N. Cercone</editor>
		<imprint>
			<publisher>Pergamon Press</publisher>
			<date type="published" when="1983" />
			<biblScope unit="page" from="111" to="130" />
		</imprint>
	</monogr>
</biblStruct>

<biblStruct >
	<analytic>
		<title level="a" type="main">Association for Computational Linguistics</title>
		<author>
			<persName xmlns="http://www.tei-c.org/ns/1.0"><forename type="first">D</forename><surname>Mcdonald</surname></persName>
		</author>
		<author>
			<persName xmlns="http://www.tei-c.org/ns/1.0"><forename type="first">J</forename><forename type="middle">D</forename><surname>Pustejovsky</surname></persName>
		</author>
	</analytic>
	<monogr>
		<title level="m">Proceedings of the 23rd Annual Meeting</title>
		<meeting>the 23rd Annual Meeting<address><addrLine>Chicago, IL</addrLine></address></meeting>
		<imprint>
			<date type="published" when="1985" />
		</imprint>
	</monogr>
	<note>Tags as a formalism for generation</note>
</biblStruct>

<biblStruct >
	<analytic>
		<title level="a" type="main">A contrastive evaluation of functional unification grammar for surface language generation: A case study in choice of connectives</title>
		<author>
			<persName xmlns="http://www.tei-c.org/ns/1.0"><forename type="first">K</forename><forename type="middle">R</forename><surname>Mckeown</surname></persName>
		</author>
		<author>
			<persName xmlns="http://www.tei-c.org/ns/1.0"><forename type="first">M</forename><surname>Elhadad</surname></persName>
		</author>
	</analytic>
	<monogr>
		<title level="m">Natural Language Generation in Artificial Intelligence and Linguistics</title>
		<editor>C. Paris, W. Swartout, ~c W. Mann</editor>
		<imprint>
			<date type="published" when="1991" />
			<biblScope unit="page">351</biblScope>
		</imprint>
	</monogr>
</biblStruct>

<biblStruct >
	<monogr>
		<title/>
		<author>
			<persName xmlns="http://www.tei-c.org/ns/1.0"><surname>Boston/Dordrecht/London</surname></persName>
		</author>
		<imprint>
			<publisher>Kluwer Academic Publishers</publisher>
		</imprint>
	</monogr>
</biblStruct>

<biblStruct >
	<analytic>
		<title level="a" type="main">Bridging the &apos;generation gap</title>
		<author>
			<persName xmlns="http://www.tei-c.org/ns/1.0"><forename type="first">M</forename><surname>Meteer</surname></persName>
		</author>
	</analytic>
	<monogr>
		<title level="j">Computational Intelligence</title>
		<imprint>
			<biblScope unit="volume">7</biblScope>
			<biblScope unit="issue">4</biblScope>
			<date type="published" when="1991" />
		</imprint>
	</monogr>
</biblStruct>

<biblStruct >
	<monogr>
		<title level="m" type="main">Mumble-86: Design and implementation</title>
		<author>
			<persName xmlns="http://www.tei-c.org/ns/1.0"><surname>Meteer</surname></persName>
		</author>
		<idno>87-87a</idno>
		<imprint>
			<date type="published" when="1987" />
		</imprint>
		<respStmt>
			<orgName>University of Massachusetts</orgName>
		</respStmt>
	</monogr>
<note type="report_type">COINS Tech Report</note>
</biblStruct>

<biblStruct >
	<monogr>
		<title level="m" type="main">Systemic Text Generation as Problem Solving</title>
		<author>
			<persName xmlns="http://www.tei-c.org/ns/1.0"><forename type="first">T</forename><surname>Patten</surname></persName>
		</author>
		<imprint>
			<date type="published" when="1988" />
			<publisher>Cambridge University Press</publisher>
			<pubPlace>Cambridge</pubPlace>
		</imprint>
	</monogr>
</biblStruct>

<biblStruct >
	<analytic>
		<title level="a" type="main">Adapting mumble: Experience with natural language generation</title>
		<author>
			<persName xmlns="http://www.tei-c.org/ns/1.0"><forename type="first">R</forename><surname>Rubinoff</surname></persName>
		</author>
	</analytic>
	<monogr>
		<title level="m">Proceedings of the 1986 National Conference on Artificial Intelligence</title>
		<meeting>the 1986 National Conference on Artificial Intelligence<address><addrLine>Philadelphia, Pa</addrLine></address></meeting>
		<imprint>
			<publisher>AAAI</publisher>
			<date type="published" when="1986" />
			<biblScope unit="page" from="1063" to="1068" />
		</imprint>
	</monogr>
</biblStruct>

<biblStruct >
	<analytic>
		<title level="a" type="main">Parsing strategies with &apos;lexicalized&apos; grammars: Application to tree adjoining grammars</title>
		<author>
			<persName xmlns="http://www.tei-c.org/ns/1.0"><forename type="first">Y</forename><surname>Schabes</surname></persName>
		</author>
		<author>
			<persName xmlns="http://www.tei-c.org/ns/1.0"><forename type="first">A</forename><surname>Abeille</surname></persName>
		</author>
		<author>
			<persName xmlns="http://www.tei-c.org/ns/1.0"><forename type="first">A</forename><surname>Joshi</surname></persName>
		</author>
	</analytic>
	<monogr>
		<title level="m">Proceedings of COLING&apos; 88</title>
		<meeting>COLING&apos; 88<address><addrLine>Budapest, Hungary</addrLine></address></meeting>
		<imprint>
			<date type="published" when="1988" />
		</imprint>
	</monogr>
</biblStruct>

<biblStruct >
	<analytic>
		<title level="a" type="main">Generation and synchronous tree-adjoining grammars</title>
		<author>
			<persName xmlns="http://www.tei-c.org/ns/1.0"><forename type="first">S</forename><forename type="middle">M</forename><surname>Shieber</surname></persName>
		</author>
		<author>
			<persName xmlns="http://www.tei-c.org/ns/1.0"><forename type="first">Y</forename><surname>Schabes</surname></persName>
		</author>
	</analytic>
	<monogr>
		<title level="j">Computational Intelligence</title>
		<imprint>
			<biblScope unit="volume">7</biblScope>
			<biblScope unit="issue">4</biblScope>
			<date type="published" when="1991" />
		</imprint>
	</monogr>
</biblStruct>

<biblStruct >
	<analytic>
		<title level="a" type="main">Semantic-headdriven generation</title>
		<author>
			<persName xmlns="http://www.tei-c.org/ns/1.0"><forename type="first">S</forename><forename type="middle">M</forename><surname>Shieber</surname></persName>
		</author>
		<author>
			<persName xmlns="http://www.tei-c.org/ns/1.0"><forename type="first">G</forename><surname>Van Noord</surname></persName>
		</author>
		<author>
			<persName xmlns="http://www.tei-c.org/ns/1.0"><forename type="first">F</forename><surname>Pereira</surname></persName>
		</author>
		<author>
			<persName xmlns="http://www.tei-c.org/ns/1.0"><forename type="first">R</forename><forename type="middle">C</forename><surname>Moore</surname></persName>
		</author>
	</analytic>
	<monogr>
		<title level="j">Computational Linguistics</title>
		<imprint>
			<biblScope unit="volume">16</biblScope>
			<biblScope unit="issue">1</biblScope>
			<date type="published" when="1990" />
		</imprint>
	</monogr>
</biblStruct>

<biblStruct >
	<analytic>
		<title level="a" type="main">Contextdependent transitions in tutoring discourse</title>
		<author>
			<persName xmlns="http://www.tei-c.org/ns/1.0"><forename type="first">B</forename><surname>Woolf</surname></persName>
		</author>
		<author>
			<persName xmlns="http://www.tei-c.org/ns/1.0"><forename type="first">D</forename><surname>Mcdonald</surname></persName>
		</author>
	</analytic>
	<monogr>
		<title level="m">Proceedings of the 1984 National Conference on Artificial Intelligence</title>
		<meeting>the 1984 National Conference on Artificial Intelligence<address><addrLine>Washington, D.C. AAAI</addrLine></address></meeting>
		<imprint>
			<date type="published" when="1984" />
		</imprint>
	</monogr>
</biblStruct>

<biblStruct >
	<monogr>
		<title level="m" type="main">An Integrated Approach to Generation Using Systemic Grammars and Tree Adjoining Grammars</title>
		<author>
			<persName xmlns="http://www.tei-c.org/ns/1.0"><forename type="first">G</forename><surname>Yang</surname></persName>
		</author>
		<imprint>
			<date type="published" when="1991" />
		</imprint>
		<respStmt>
			<orgName>University of Delaware</orgName>
		</respStmt>
	</monogr>
<note type="report_type">PhD thesis</note>
</biblStruct>

<biblStruct >
	<analytic>
		<title level="a" type="main">From functional specification to syntactic structures: Systemic grammar and tree adjoining grammar</title>
		<author>
			<persName xmlns="http://www.tei-c.org/ns/1.0"><forename type="first">G</forename><surname>Yang</surname></persName>
		</author>
		<author>
			<persName xmlns="http://www.tei-c.org/ns/1.0"><forename type="first">K</forename><forename type="middle">F</forename><surname>Mccoy</surname></persName>
		</author>
		<author>
			<persName xmlns="http://www.tei-c.org/ns/1.0"><forename type="first">K</forename><surname>Vijay-Shanker</surname></persName>
		</author>
	</analytic>
	<monogr>
		<title level="j">Computational Intelligence</title>
		<imprint>
			<biblScope unit="volume">7</biblScope>
			<biblScope unit="issue">4</biblScope>
			<date type="published" when="1991" />
		</imprint>
	</monogr>
</biblStruct>

			</listBibl>
		</back>
	</text>
</TEI>
