<?xml version="1.0" ?>
<TEI xmlns="http://www.tei-c.org/ns/1.0" xmlns:xlink="http://www.w3.org/1999/xlink" 
 xmlns:mml="http://www.w3.org/1998/Math/MathML">
	<teiHeader>
		<fileDesc xml:id="f_2549"/>
	</teiHeader>
	<text>
		<front/>
		<body/>
		<back>
			<listBibl>
<biblStruct >
	<monogr>
		<title level="m" type="main">Automatic acquisition of subcategorization frames from untagged text</title>
		<author>
			<persName xmlns="http://www.tei-c.org/ns/1.0"><forename type="first">M</forename><surname>Brent</surname></persName>
		</author>
		<imprint>
			<date type="published" when="1991" />
		</imprint>
	</monogr>
</biblStruct>

<biblStruct >
	<monogr>
				<title level="m">Proceedings, 29th Annual Meeting of the Association for Computational Linguists</title>
		<meeting>29th Annual Meeting of the Association for Computational Linguists</meeting>
		<imprint/>
		<respStmt>
			<orgName>University of</orgName>
		</respStmt>
	</monogr>
</biblStruct>

<biblStruct >
	<monogr>
		<title level="m" type="main">Association for Computational Linguists</title>
		<author>
			<persName xmlns="http://www.tei-c.org/ns/1.0"><forename type="first">Berkeley</forename><surname>California</surname></persName>
		</author>
		<imprint/>
	</monogr>
</biblStruct>

<biblStruct >
	<monogr>
		<title level="m" type="main">Word-sense disambiguation using statistical methods</title>
		<author>
			<persName xmlns="http://www.tei-c.org/ns/1.0"><forename type="first">P</forename><forename type="middle">F</forename><surname>Brown</surname></persName>
		</author>
		<author>
			<persName xmlns="http://www.tei-c.org/ns/1.0"><forename type="first">S</forename><forename type="middle">A</forename><surname>Della Pietra</surname></persName>
		</author>
		<author>
			<persName xmlns="http://www.tei-c.org/ns/1.0"><forename type="first">V</forename><forename type="middle">J</forename><surname>Della Pietra</surname></persName>
		</author>
		<author>
			<persName xmlns="http://www.tei-c.org/ns/1.0"><forename type="first">R</forename><forename type="middle">L</forename><surname>Mercer</surname></persName>
		</author>
		<imprint>
			<date type="published" when="1991" />
		</imprint>
	</monogr>
</biblStruct>

<biblStruct >
	<monogr>
				<title level="m">Proceedings, 29th Annual Meeting of the Association for Computational Linguists</title>
		<meeting>29th Annual Meeting of the Association for Computational Linguists</meeting>
		<imprint/>
		<respStmt>
			<orgName>University of</orgName>
		</respStmt>
	</monogr>
</biblStruct>

<biblStruct >
	<monogr>
		<title level="m" type="main">Association for Computational Linguists</title>
		<author>
			<persName xmlns="http://www.tei-c.org/ns/1.0"><forename type="first">Berkeley</forename><surname>California</surname></persName>
		</author>
		<imprint/>
	</monogr>
</biblStruct>

<biblStruct >
	<analytic>
		<title level="a" type="main">A Cognitively Plausible Approach to Understanding Complex Syntax</title>
		<author>
			<persName xmlns="http://www.tei-c.org/ns/1.0"><forename type="first">C</forename><surname>Cardie</surname></persName>
		</author>
		<author>
			<persName xmlns="http://www.tei-c.org/ns/1.0"><forename type="first">W</forename><surname>Lehnert</surname></persName>
		</author>
	</analytic>
	<monogr>
		<title level="m">Proceedings, Eighth National Conference on Artificial Intelligence</title>
		<meeting>Eighth National Conference on Artificial Intelligence<address><addrLine>Anaheim, CA</addrLine></address></meeting>
		<imprint>
			<publisher>AAAI Press</publisher>
			<date type="published" when="1991" />
		</imprint>
	</monogr>
</biblStruct>

<biblStruct >
	<analytic>
		<title level="a" type="main">A Binding Rule for Government-Binding Parsing</title>
		<author>
			<persName xmlns="http://www.tei-c.org/ns/1.0"><forename type="first">N</forename><surname>Correa</surname></persName>
		</author>
	</analytic>
	<monogr>
		<title level="m">Proceedings, COLING &apos;88</title>
		<meeting>COLING &apos;88<address><addrLine>Budapest</addrLine></address></meeting>
		<imprint>
			<date type="published" when="1988" />
		</imprint>
	</monogr>
</biblStruct>

<biblStruct >
	<analytic>
		<title level="a" type="main">A Statistical Filter for Resolving Pronoun References</title>
		<author>
			<persName xmlns="http://www.tei-c.org/ns/1.0"><forename type="first">I</forename><surname>Dagan</surname></persName>
		</author>
		<author>
			<persName xmlns="http://www.tei-c.org/ns/1.0"><forename type="first">A</forename><surname>Itai</surname></persName>
		</author>
	</analytic>
	<monogr>
		<title level="m">Proceedings, 28th Annual Meeting of the Association for Computational Linguists</title>
		<editor>Y.A. Feldman and A.Bruckstein</editor>
		<meeting>28th Annual Meeting of the Association for Computational Linguists<address><addrLine>North-Holland</addrLine></address></meeting>
		<imprint>
			<publisher>Elsevier. de Marcken</publisher>
			<date type="published" when="1990" />
			<biblScope unit="page" from="125" to="135" />
		</imprint>
		<respStmt>
			<orgName>University of Pittsburgh. Association for Computational Linguists</orgName>
		</respStmt>
	</monogr>
	<note>Artificial Intelligence and Computer Vision</note>
</biblStruct>

<biblStruct >
	<analytic>
		<title level="a" type="main">Knowledge Acquisition Via Incremental Conceptual Clustering</title>
		<author>
			<persName xmlns="http://www.tei-c.org/ns/1.0"><forename type="first">D</forename><forename type="middle">H</forename><surname>Fisher</surname></persName>
		</author>
	</analytic>
	<monogr>
		<title level="m">Machine Learning</title>
		<imprint>
			<date type="published" when="1987" />
			<biblScope unit="volume">2</biblScope>
			<biblScope unit="page" from="139" to="172" />
		</imprint>
	</monogr>
</biblStruct>

<biblStruct >
	<monogr>
		<title level="m" type="main">On comprehending sentences: Syntactic parsing strategies</title>
		<author>
			<persName xmlns="http://www.tei-c.org/ns/1.0"><forename type="first">L</forename><surname>Frazier</surname></persName>
		</author>
		<imprint>
			<date type="published" when="1978" />
		</imprint>
		<respStmt>
			<orgName>University of Connecticut</orgName>
		</respStmt>
	</monogr>
<note type="report_type">Ph.D. Thesis.</note>
</biblStruct>

<biblStruct >
	<monogr>
		<title/>
		<author>
			<persName xmlns="http://www.tei-c.org/ns/1.0"><forename type="first">M</forename><forename type="middle">A</forename><surname>Gluck</surname></persName>
		</author>
		<author>
			<persName xmlns="http://www.tei-c.org/ns/1.0"><forename type="first">J</forename><forename type="middle">E</forename><surname>Corter</surname></persName>
		</author>
		<imprint>
			<date type="published" when="1985" />
		</imprint>
	</monogr>
</biblStruct>

<biblStruct >
	<monogr>
		<title level="m" type="main">Information, uncertainty, and the utility of categories</title>
		<imprint/>
	</monogr>
</biblStruct>

<biblStruct >
	<analytic>
			</analytic>
	<monogr>
		<title level="m">Seventh Annual Conference of the Cognitive Science Society</title>
		<imprint>
			<publisher>Lawrence Erlbaum Associates</publisher>
		</imprint>
	</monogr>
</biblStruct>

<biblStruct >
	<monogr>
		<title level="m" type="main">User manual for Fidditch (7590-142)</title>
		<author>
			<persName xmlns="http://www.tei-c.org/ns/1.0"><forename type="first">D</forename><surname>Hindle</surname></persName>
		</author>
		<imprint>
			<date type="published" when="1983" />
		</imprint>
		<respStmt>
			<orgName>Naval Research Laboratory</orgName>
		</respStmt>
	</monogr>
</biblStruct>

<biblStruct >
	<analytic>
		<title level="a" type="main">Noun classification from predicate-argument structures</title>
		<author>
			<persName xmlns="http://www.tei-c.org/ns/1.0"><forename type="first">D</forename><surname>Hindle</surname></persName>
		</author>
	</analytic>
	<monogr>
		<title level="j">Proceedings</title>
		<imprint>
			<biblScope unit="page">28</biblScope>
			<date type="published" when="1990" />
		</imprint>
	</monogr>
</biblStruct>

<biblStruct >
	<monogr>
				<title level="m">Annual Meeting of the Association for Computational Linguists</title>
		<imprint/>
		<respStmt>
			<orgName>University of Pittsburgh. Association for Computational Linguists</orgName>
		</respStmt>
	</monogr>
</biblStruct>

<biblStruct >
	<analytic>
		<title level="a" type="main">Structural ambiguity and lexical relations</title>
		<author>
			<persName xmlns="http://www.tei-c.org/ns/1.0"><forename type="first">D</forename><surname>Hindle</surname></persName>
		</author>
		<author>
			<persName xmlns="http://www.tei-c.org/ns/1.0"><forename type="first">M</forename><surname>Rooth</surname></persName>
		</author>
	</analytic>
	<monogr>
		<title level="j">Proceedings</title>
		<imprint>
			<biblScope unit="page">29</biblScope>
			<date type="published" when="1991" />
		</imprint>
	</monogr>
</biblStruct>

<biblStruct >
	<monogr>
				<title level="m">Annual Meeting of the Association for Computational Linguists</title>
		<imprint/>
		<respStmt>
			<orgName>University of California, Berkeley. Association for Computational Linguists</orgName>
		</respStmt>
	</monogr>
</biblStruct>

<biblStruct >
	<monogr>
		<title level="m" type="main">Resolving Pronoun References</title>
		<author>
			<persName xmlns="http://www.tei-c.org/ns/1.0"><forename type="first">J</forename><surname>Hobbs</surname></persName>
		</author>
		<imprint>
			<date type="published" when="1986" />
		</imprint>
	</monogr>
</biblStruct>

<biblStruct >
	<monogr>
				<title level="m">Readings in Natural Language Processing</title>
		<editor>In B. J. Grosz, K. Sparck Jones, &amp; B. L. Webber</editor>
		<meeting><address><addrLine>Los Altos, CA</addrLine></address></meeting>
		<imprint>
			<publisher>Morgan Kaufmann Publishers, Inc</publisher>
			<biblScope unit="page" from="339" to="352" />
		</imprint>
	</monogr>
</biblStruct>

<biblStruct >
	<analytic>
		<title level="a" type="main">A computational mechanism for pronominal reference</title>
		<author>
			<persName xmlns="http://www.tei-c.org/ns/1.0"><forename type="first">R</forename><surname>Ingria</surname></persName>
		</author>
		<author>
			<persName xmlns="http://www.tei-c.org/ns/1.0"><forename type="first">D</forename><surname>Stallard</surname></persName>
		</author>
	</analytic>
	<monogr>
		<title level="m">Proceedings, 27th Annual Meeting of the Association for Computational Linguistics</title>
		<meeting>27th Annual Meeting of the Association for Computational Linguistics</meeting>
		<imprint>
			<publisher>Vancouver</publisher>
			<date type="published" when="1989" />
		</imprint>
	</monogr>
</biblStruct>

<biblStruct >
	<analytic>
		<title level="a" type="main">Seven principles of surface structure parsing in natural language</title>
		<author>
			<persName xmlns="http://www.tei-c.org/ns/1.0"><forename type="first">J</forename><surname>Kimball</surname></persName>
		</author>
	</analytic>
	<monogr>
		<title level="j">Cognition</title>
		<imprint>
			<biblScope unit="volume">2</biblScope>
			<biblScope unit="page" from="15" to="47" />
			<date type="published" when="1973" />
		</imprint>
	</monogr>
</biblStruct>

<biblStruct >
	<analytic>
		<title level="a" type="main">A syntactic filter on pronominal anaphora for slot grammar</title>
		<author>
			<persName xmlns="http://www.tei-c.org/ns/1.0"><forename type="first">S</forename><surname>Lappin</surname></persName>
		</author>
		<author>
			<persName xmlns="http://www.tei-c.org/ns/1.0"><forename type="first">M</forename><surname>Mccord</surname></persName>
		</author>
	</analytic>
	<monogr>
		<title level="m">Proceedings, 28th Annual Meeting of the Association for Computational Linguistics</title>
		<meeting>28th Annual Meeting of the Association for Computational Linguistics</meeting>
		<imprint>
			<publisher>Association for Computational Linguistics</publisher>
			<date type="published" when="1990" />
		</imprint>
		<respStmt>
			<orgName>University of Pittsburgh</orgName>
		</respStmt>
	</monogr>
</biblStruct>

<biblStruct >
	<analytic>
		<title level="a" type="main">Symbolic/Subsymbolic Sentence Analysis: Exploiting the Best of Two Worlds</title>
		<author>
			<persName xmlns="http://www.tei-c.org/ns/1.0"><forename type="first">W</forename><surname>Lehnert</surname></persName>
		</author>
	</analytic>
	<monogr>
		<title level="m">Advances in Connectionist and Neural Computation Theory</title>
		<editor>J. Bamden, &amp; J. Pollack</editor>
		<meeting><address><addrLine>Norwood, NJ</addrLine></address></meeting>
		<imprint>
			<publisher>Ablex Publishers</publisher>
			<date type="published" when="1990" />
		</imprint>
	</monogr>
</biblStruct>

<biblStruct >
	<analytic>
		<title level="a" type="main">University of Massachusetts: Description of the CIRCUS System as Used for MUC-3</title>
		<author>
			<persName xmlns="http://www.tei-c.org/ns/1.0"><forename type="first">W</forename><surname>Lehnert</surname></persName>
		</author>
		<author>
			<persName xmlns="http://www.tei-c.org/ns/1.0"><forename type="first">C</forename><surname>Cardie</surname></persName>
		</author>
		<author>
			<persName xmlns="http://www.tei-c.org/ns/1.0"><forename type="first">D</forename><surname>Fisher</surname></persName>
		</author>
		<author>
			<persName xmlns="http://www.tei-c.org/ns/1.0"><forename type="first">E</forename><surname>Riloff</surname></persName>
		</author>
		<author>
			<persName xmlns="http://www.tei-c.org/ns/1.0"><forename type="first">R</forename><surname>Williams</surname></persName>
		</author>
	</analytic>
	<monogr>
		<title level="m">Proceedings, Third Message Understanding Conference (MUC-3)</title>
		<meeting>Third Message Understanding Conference (MUC-3)<address><addrLine>San Diego, CA</addrLine></address></meeting>
		<imprint>
			<publisher>Morgan Kaufmann Publishers</publisher>
			<date type="published" when="1991" />
		</imprint>
	</monogr>
</biblStruct>

<biblStruct >
	<analytic>
		<title level="a" type="main">Disambignating and interpreting verb definitions</title>
		<author>
			<persName xmlns="http://www.tei-c.org/ns/1.0"><forename type="first">Y</forename><surname>Ravin</surname></persName>
		</author>
	</analytic>
	<monogr>
		<title level="m">Proceedings, 28th Annual Meeting of the Association for Computational Linguists</title>
		<meeting>28th Annual Meeting of the Association for Computational Linguists</meeting>
		<imprint>
			<date type="published" when="1990" />
		</imprint>
		<respStmt>
			<orgName>University of Pittsburgh. Association for Computational Linguists</orgName>
		</respStmt>
	</monogr>
</biblStruct>

<biblStruct >
	<monogr>
		<title level="m" type="main">Inside Computer Understanding: Five Programs Plus Miniatures</title>
		<author>
			<persName xmlns="http://www.tei-c.org/ns/1.0"><forename type="first">R</forename><surname>Schank</surname></persName>
		</author>
		<author>
			<persName xmlns="http://www.tei-c.org/ns/1.0"><forename type="first">C</forename><surname>Riesbeck</surname></persName>
		</author>
		<imprint>
			<date type="published" when="1981" />
			<publisher>Lawrence Erlbaum</publisher>
			<pubPlace>Hillsdale, NJ</pubPlace>
		</imprint>
	</monogr>
</biblStruct>

<biblStruct >
	<monogr>
				<author>
			<persName xmlns="http://www.tei-c.org/ns/1.0"><forename type="first">B</forename><forename type="middle">M</forename><surname>Sundheim</surname></persName>
		</author>
		<title level="m">Overview of the Third Message Understanding Evaluation and Conference. Proceedings,Third Message Understanding Conference (MUC-3)</title>
		<meeting><address><addrLine>San Diego, CA</addrLine></address></meeting>
		<imprint>
			<publisher>Morgan Kanfmann Publishers</publisher>
			<date type="published" when="1991-05" />
		</imprint>
	</monogr>
</biblStruct>

<biblStruct >
	<monogr>
		<title/>
		<author>
			<persName xmlns="http://www.tei-c.org/ns/1.0"><forename type="first">R</forename><surname>Taraban</surname></persName>
		</author>
		<author>
			<persName xmlns="http://www.tei-c.org/ns/1.0"><forename type="first">J</forename><forename type="middle">L</forename><surname>Mcclelland</surname></persName>
		</author>
		<imprint>
			<date type="published" when="1988" />
		</imprint>
	</monogr>
</biblStruct>

<biblStruct >
	<analytic>
		<title level="a" type="main">Constituent attachment and thematic role assignment in sentence processing: influences of content-based expectations</title>
	</analytic>
	<monogr>
		<title level="j">Journal of Memory and Language</title>
		<imprint>
			<biblScope unit="volume">27</biblScope>
			<biblScope unit="page" from="597" to="632" />
		</imprint>
	</monogr>
</biblStruct>

<biblStruct >
	<analytic>
		<title level="a" type="main">Empirical study of predictive powers of simple attachment schemes for post-modifier prepositional phrases</title>
		<author>
			<persName xmlns="http://www.tei-c.org/ns/1.0"><forename type="first">G</forename><surname>Whittemore</surname></persName>
		</author>
		<author>
			<persName xmlns="http://www.tei-c.org/ns/1.0"><forename type="first">K</forename><surname>Ferrara</surname></persName>
		</author>
		<author>
			<persName xmlns="http://www.tei-c.org/ns/1.0"><forename type="first">H</forename><surname>Brunner</surname></persName>
		</author>
	</analytic>
	<monogr>
		<title level="m">Proceedings, 28th Annual Meeting of the Association for Computational Linguistics</title>
		<meeting>28th Annual Meeting of the Association for Computational Linguistics</meeting>
		<imprint>
			<publisher>Association for Computational Linguistics</publisher>
			<date type="published" when="1990" />
		</imprint>
		<respStmt>
			<orgName>University of Pittsburgh</orgName>
		</respStmt>
	</monogr>
</biblStruct>

			</listBibl>
		</back>
	</text>
</TEI>
