<?xml version="1.0" ?>
<TEI xmlns="http://www.tei-c.org/ns/1.0" xmlns:xlink="http://www.w3.org/1999/xlink" 
 xmlns:mml="http://www.w3.org/1998/Math/MathML">
	<teiHeader>
		<fileDesc xml:id="f_2508"/>
	</teiHeader>
	<text>
		<front/>
		<body/>
		<back>
			<listBibl>
<biblStruct >
	<analytic>
		<title level="a" type="main">Reasoning with cases and hypotheticals in HYPO</title>
		<author>
			<persName xmlns="http://www.tei-c.org/ns/1.0"><forename type="first">K</forename><forename type="middle">D</forename><surname>Ashley</surname></persName>
		</author>
	</analytic>
	<monogr>
		<title level="j">International Journal of Man-Machine Studies</title>
		<imprint>
			<biblScope unit="volume">34</biblScope>
			<biblScope unit="issue">6</biblScope>
			<biblScope unit="page" from="753" to="796" />
			<date type="published" when="1991" />
		</imprint>
	</monogr>
</biblStruct>

<biblStruct >
	<analytic>
		<title level="a" type="main">Two Letter Discrimination Sequences: High-Confusion-Alternatives first versus Low-Confusion-Alternatives first</title>
		<author>
			<persName xmlns="http://www.tei-c.org/ns/1.0"><forename type="first">D</forename><forename type="middle">W</forename><surname>Carnine</surname></persName>
		</author>
	</analytic>
	<monogr>
		<title level="j">Journal of Reading Behaviour</title>
		<imprint>
			<biblScope unit="issue">1</biblScope>
			<biblScope unit="page" from="41" to="47" />
			<date type="published" when="1980" />
		</imprint>
	</monogr>
</biblStruct>

<biblStruct >
	<analytic>
		<title level="a" type="main">The effects of the number of positive and negative instances, concept definitions, and emphasis of relevant attributes on the attainment of mathematical concepts</title>
		<author>
			<persName xmlns="http://www.tei-c.org/ns/1.0"><forename type="first">K</forename><forename type="middle">V</forename><surname>Feldman</surname></persName>
		</author>
	</analytic>
	<monogr>
		<title level="m">Proceedings of the Annual Meeting of the American Educational Research Association</title>
		<meeting>the Annual Meeting of the American Educational Research Association<address><addrLine>Chicago</addrLine></address></meeting>
		<imprint>
			<date type="published" when="1972" />
		</imprint>
	</monogr>
	<note>Illinois</note>
</biblStruct>

<biblStruct >
	<analytic>
		<title level="a" type="main">Effects of Different Types of Positive and Negative Examples in I.eaming &quot;non-dimensioned&quot; Concepts</title>
		<author>
			<persName xmlns="http://www.tei-c.org/ns/1.0"><forename type="first">J</forename><forename type="middle">C</forename><surname>Houtz</surname></persName>
		</author>
		<author>
			<persName xmlns="http://www.tei-c.org/ns/1.0"><forename type="first">J</forename><forename type="middle">W</forename><surname>Moore</surname></persName>
		</author>
		<author>
			<persName xmlns="http://www.tei-c.org/ns/1.0"><forename type="first">J</forename><forename type="middle">K</forename><surname>Davis</surname></persName>
		</author>
	</analytic>
	<monogr>
		<title level="j">Journal of Educational Psychology</title>
		<imprint>
			<biblScope unit="volume">64</biblScope>
			<biblScope unit="issue">2</biblScope>
			<biblScope unit="page" from="206" to="211" />
			<date type="published" when="1973" />
		</imprint>
	</monogr>
</biblStruct>

<biblStruct >
	<analytic>
		<title level="a" type="main">Presentation Sequence and Example Difficulty: Their Effect on Concept and Rule l..eaming in Computer-Based Instruction</title>
		<author>
			<persName xmlns="http://www.tei-c.org/ns/1.0"><forename type="first">B</forename><forename type="middle">C</forename><surname>Litchfield</surname></persName>
		</author>
		<author>
			<persName xmlns="http://www.tei-c.org/ns/1.0"><forename type="first">M</forename><forename type="middle">P</forename><surname>Driscoll</surname></persName>
		</author>
		<author>
			<persName xmlns="http://www.tei-c.org/ns/1.0"><forename type="first">J</forename><forename type="middle">V</forename><surname>Dempsey</surname></persName>
		</author>
	</analytic>
	<monogr>
		<title level="j">Journal of Computer-Based Instruction</title>
		<imprint>
			<biblScope unit="volume">17</biblScope>
			<biblScope unit="issue">1</biblScope>
			<biblScope unit="page" from="35" to="40" />
			<date type="published" when="1990" />
		</imprint>
	</monogr>
</biblStruct>

<biblStruct >
	<analytic>
		<title level="a" type="main">Psychologically Based Techniques for Improving Learning within Computerized Tutorials</title>
		<author>
			<persName xmlns="http://www.tei-c.org/ns/1.0"><forename type="first">J</forename><surname>Maclachlan</surname></persName>
		</author>
	</analytic>
	<monogr>
		<title level="j">Journal of Computer-Based Instruction</title>
		<imprint>
			<biblScope unit="volume">13</biblScope>
			<biblScope unit="issue">3</biblScope>
			<biblScope unit="page" from="65" to="70" />
			<date type="published" when="1986" />
		</imprint>
	</monogr>
</biblStruct>

<biblStruct >
	<analytic>
		<title level="a" type="main">Discourse Structure for Explanatory Dialogues</title>
		<author>
			<persName xmlns="http://www.tei-c.org/ns/1.0"><forename type="first">J</forename><forename type="middle">D</forename><surname>Moore</surname></persName>
		</author>
		<author>
			<persName xmlns="http://www.tei-c.org/ns/1.0"><forename type="first">C</forename><forename type="middle">L</forename><surname>Paris</surname></persName>
		</author>
	</analytic>
	<monogr>
		<title level="m">Presented at the Fall AAAI Symposium on Discourse Structure in Natural Language Understanding and Generation</title>
		<imprint>
			<date type="published" when="1991" />
		</imprint>
	</monogr>
</biblStruct>

<biblStruct >
	<monogr>
		<title level="m" type="main">User models and dialogue: An integrated approach to producing effective explanations</title>
		<author>
			<persName xmlns="http://www.tei-c.org/ns/1.0"><forename type="first">J</forename><forename type="middle">D</forename><surname>Moore</surname></persName>
		</author>
		<author>
			<persName xmlns="http://www.tei-c.org/ns/1.0"><forename type="first">C</forename><forename type="middle">L</forename><surname>Paris</surname></persName>
		</author>
		<imprint>
			<date type="published" when="1992" />
		</imprint>
	</monogr>
	<note>To appear in the</note>
</biblStruct>

<biblStruct >
	<analytic>
		<title level="a" type="main">Enhanced Maintenance and Explanation of Expert Systems Through Explicit Models of Their Development</title>
		<author>
			<persName xmlns="http://www.tei-c.org/ns/1.0"><forename type="first">R</forename><surname>Neches</surname></persName>
		</author>
		<author>
			<persName xmlns="http://www.tei-c.org/ns/1.0"><forename type="first">W</forename><forename type="middle">R</forename><surname>Swartout</surname></persName>
		</author>
		<author>
			<persName xmlns="http://www.tei-c.org/ns/1.0"><forename type="first">J</forename><forename type="middle">D</forename><surname>Moore</surname></persName>
		</author>
	</analytic>
	<monogr>
		<title level="j">IEEE Transactions on Software Engineering</title>
		<imprint>
			<biblScope unit="issue">11</biblScope>
			<biblScope unit="page" from="1337" to="1351" />
			<date type="published" when="1985" />
		</imprint>
	</monogr>
	<note>l l</note>
</biblStruct>

<biblStruct >
	<analytic>
		<title level="a" type="main">Effects of Examples and Their Explanations in a Lesson on Recursion: A Production System Analysis</title>
		<author>
			<persName xmlns="http://www.tei-c.org/ns/1.0"><forename type="first">P</forename><surname>Pirolli</surname></persName>
		</author>
	</analytic>
	<monogr>
		<title level="j">Cognition andlnstruction</title>
		<imprint>
			<biblScope unit="volume">8</biblScope>
			<biblScope unit="issue">3</biblScope>
			<biblScope unit="page" from="207" to="259" />
			<date type="published" when="1991" />
		</imprint>
	</monogr>
</biblStruct>

<biblStruct >
	<analytic>
		<title level="a" type="main">The Role of Elaborations in learning a skill from an Inslructional Text</title>
		<author>
			<persName xmlns="http://www.tei-c.org/ns/1.0"><forename type="first">L</forename><forename type="middle">M</forename><surname>Reder</surname></persName>
		</author>
		<author>
			<persName xmlns="http://www.tei-c.org/ns/1.0"><forename type="first">D</forename><forename type="middle">H</forename><surname>Chamey</surname></persName>
		</author>
		<author>
			<persName xmlns="http://www.tei-c.org/ns/1.0"><forename type="first">K</forename><forename type="middle">I</forename><surname>Morgan</surname></persName>
		</author>
	</analytic>
	<monogr>
		<title level="j">Memory and Cognition</title>
		<imprint>
			<biblScope unit="volume">14</biblScope>
			<biblScope unit="issue">1</biblScope>
			<biblScope unit="page" from="64" to="78" />
			<date type="published" when="1986" />
		</imprint>
	</monogr>
</biblStruct>

<biblStruct >
	<monogr>
		<title level="m" type="main">Constrained Example Generation</title>
		<author>
			<persName xmlns="http://www.tei-c.org/ns/1.0"><forename type="first">E</forename><forename type="middle">L</forename><surname>Rissland</surname></persName>
		</author>
		<idno>81-24</idno>
		<imprint>
			<date type="published" when="1981" />
			<pubPlace>Amherst, MA</pubPlace>
		</imprint>
		<respStmt>
			<orgName>Department of Computer and Information Science, University of Massachusetts</orgName>
		</respStmt>
	</monogr>
<note type="report_type">COINS Technical Report</note>
</biblStruct>

<biblStruct >
	<analytic>
		<title level="a" type="main">Examples in Legal Reasoning: Legal Hypotheticals</title>
		<author>
			<persName xmlns="http://www.tei-c.org/ns/1.0"><forename type="first">E</forename><forename type="middle">L</forename><surname>Rissland</surname></persName>
		</author>
	</analytic>
	<monogr>
		<title level="m">Proceedings of the International Joint Conference on Artificial Intelligence</title>
		<meeting>the International Joint Conference on Artificial Intelligence<address><addrLine>Karlsrnhe, Germany</addrLine></address></meeting>
		<imprint>
			<date type="published" when="1983" />
			<biblScope unit="page" from="90" to="93" />
		</imprint>
	</monogr>
</biblStruct>

<biblStruct >
	<analytic>
		<title level="a" type="main">Hypotheticals as Heuristic Device</title>
		<author>
			<persName xmlns="http://www.tei-c.org/ns/1.0"><forename type="first">E</forename><forename type="middle">L</forename><surname>Rissland</surname></persName>
		</author>
		<author>
			<persName xmlns="http://www.tei-c.org/ns/1.0"><forename type="first">K</forename><forename type="middle">D</forename><surname>Ashley</surname></persName>
		</author>
	</analytic>
	<monogr>
		<title level="m">Proceedings of the National Conference on Artificial Intelligence (AAAI-86)</title>
		<meeting>the National Conference on Artificial Intelligence (AAAI-86)</meeting>
		<imprint>
			<date type="published" when="1986" />
			<biblScope unit="page" from="289" to="297" />
		</imprint>
	</monogr>
</biblStruct>

<biblStruct >
	<analytic>
		<title level="a" type="main">Explaining the link between causal reasoning and expert behavior</title>
		<author>
			<persName xmlns="http://www.tei-c.org/ns/1.0"><forename type="first">W</forename><surname>Swartout</surname></persName>
		</author>
		<author>
			<persName xmlns="http://www.tei-c.org/ns/1.0"><forename type="first">S</forename><forename type="middle">W</forename><surname>Smoliar</surname></persName>
		</author>
	</analytic>
	<monogr>
		<title level="m">Proceedings of the Symposium on Computer Applications in Medical Care</title>
		<meeting>the Symposium on Computer Applications in Medical Care<address><addrLine>Washington, D.C</addrLine></address></meeting>
		<imprint>
			<date type="published" when="1987" />
		</imprint>
	</monogr>
</biblStruct>

<biblStruct >
	<monogr>
		<title level="m" type="main">The Teaching of Concepts: A Review of Instructional Design Research Literature. Review of Educational Research</title>
		<author>
			<persName xmlns="http://www.tei-c.org/ns/1.0"><forename type="first">R</forename><forename type="middle">D</forename><surname>Tennyson</surname></persName>
		</author>
		<author>
			<persName xmlns="http://www.tei-c.org/ns/1.0"><surname>Park</surname></persName>
		</author>
		<idno>0.42</idno>
		<imprint>
			<date type="published" when="1980" />
			<biblScope unit="volume">50</biblScope>
			<biblScope unit="page" from="55" to="70" />
		</imprint>
	</monogr>
</biblStruct>

<biblStruct >
	<analytic>
		<title level="a" type="main">Instance Sequence and Analysis of Instance Attribute Representation in Concept Acquisition</title>
		<author>
			<persName xmlns="http://www.tei-c.org/ns/1.0"><forename type="first">R</forename><forename type="middle">D</forename><surname>Tennyson</surname></persName>
		</author>
		<author>
			<persName xmlns="http://www.tei-c.org/ns/1.0"><forename type="first">M</forename><surname>Steve</surname></persName>
		</author>
		<author>
			<persName xmlns="http://www.tei-c.org/ns/1.0"><forename type="first">R</forename><surname>Boutwell</surname></persName>
		</author>
	</analytic>
	<monogr>
		<title level="j">Journal of Educational Psychology</title>
		<imprint>
			<biblScope unit="volume">67</biblScope>
			<biblScope unit="page" from="821" to="827" />
			<date type="published" when="1975" />
		</imprint>
	</monogr>
</biblStruct>

<biblStruct >
	<monogr>
		<title level="m" type="main">LISP: A Gentle Introduction to Symbolic Computation</title>
		<author>
			<persName xmlns="http://www.tei-c.org/ns/1.0"><forename type="first">D</forename><forename type="middle">S</forename><surname>Touretzky</surname></persName>
		</author>
		<imprint>
			<date type="published" when="1984" />
			<publisher>Harper &amp; Row Publishers</publisher>
			<pubPlace>New York</pubPlace>
		</imprint>
	</monogr>
</biblStruct>

<biblStruct >
	<analytic>
		<title level="a" type="main">ContextDependent Transitions in Tutoring Discourse</title>
		<author>
			<persName xmlns="http://www.tei-c.org/ns/1.0"><forename type="first">B</forename><surname>Woolf</surname></persName>
		</author>
		<author>
			<persName xmlns="http://www.tei-c.org/ns/1.0"><forename type="first">D</forename><forename type="middle">D</forename><surname>Mcdonald</surname></persName>
		</author>
	</analytic>
	<monogr>
		<title level="m">Proceedings of the Third National Conference on Artificial Intelligence (AAAI.84 )</title>
		<meeting>the Third National Conference on Artificial Intelligence (AAAI.84 )</meeting>
		<imprint>
			<date type="published" when="1984" />
			<biblScope unit="page" from="355" to="361" />
		</imprint>
	</monogr>
</biblStruct>

<biblStruct >
	<analytic>
		<title level="a" type="main">A Framework for Representing Tutorial Discourse</title>
		<author>
			<persName xmlns="http://www.tei-c.org/ns/1.0"><forename type="first">B</forename><surname>Woolf</surname></persName>
		</author>
		<author>
			<persName xmlns="http://www.tei-c.org/ns/1.0"><forename type="first">T</forename><surname>Murray</surname></persName>
		</author>
	</analytic>
	<monogr>
		<title level="m">Proceedings of the Tenth International Joint Conference on Artijicial Intelligence</title>
		<meeting>the Tenth International Joint Conference on Artijicial Intelligence</meeting>
		<imprint>
			<date type="published" when="1987" />
			<biblScope unit="page" from="189" to="192" />
		</imprint>
	</monogr>
</biblStruct>

			</listBibl>
		</back>
	</text>
</TEI>
