<?xml version="1.0" ?>
<TEI xmlns="http://www.tei-c.org/ns/1.0" xmlns:xlink="http://www.w3.org/1999/xlink" 
 xmlns:mml="http://www.w3.org/1998/Math/MathML">
	<teiHeader>
		<fileDesc xml:id="f_1676"/>
	</teiHeader>
	<text>
		<front/>
		<body/>
		<back>
			<listBibl>
<biblStruct >
	<analytic>
		<title level="a" type="main">Maintaining Knowledge about Temporal Intervals</title>
		<author>
			<persName xmlns="http://www.tei-c.org/ns/1.0"><forename type="first">F</forename><surname>Allen</surname></persName>
		</author>
	</analytic>
	<monogr>
		<title level="j">Communications of the ACM</title>
		<imprint>
			<biblScope unit="volume">26</biblScope>
			<biblScope unit="issue">11</biblScope>
			<biblScope unit="page" from="832" to="843" />
			<date type="published" when="1983" />
		</imprint>
	</monogr>
</biblStruct>

<biblStruct >
	<monogr>
		<title level="m" type="main">Description Theory, Licensing Theory and Principle-Based Grammars and Parsers</title>
		<author>
			<persName xmlns="http://www.tei-c.org/ns/1.0"><forename type="first">Thomas</forename><forename type="middle">L</forename><surname>Cornell</surname></persName>
		</author>
		<imprint>
			<date type="published" when="1992" />
		</imprint>
	</monogr>
	<note>UCLA Ph.D. thesis</note>
</biblStruct>

<biblStruct >
	<monogr>
		<title level="m" type="main">Subcategorization and Sentence Processing</title>
		<author>
			<persName xmlns="http://www.tei-c.org/ns/1.0"><forename type="first">P</forename><surname>Gorrell</surname></persName>
		</author>
		<editor>Berwick, R., S. Abney &amp; C</editor>
		<imprint>
			<date type="published" when="1991" />
		</imprint>
	</monogr>
</biblStruct>

<biblStruct >
	<monogr>
		<title level="m" type="main">Principle-Based Parsing: Computation and Psycholinguistics</title>
		<author>
			<persName xmlns="http://www.tei-c.org/ns/1.0"><surname>Tenney</surname></persName>
		</author>
		<imprint>
			<pubPlace>Kluwer, Dordrecht</pubPlace>
		</imprint>
	</monogr>
</biblStruct>

<biblStruct >
	<analytic>
		<title level="a" type="main">Consistency in Networks of Relations</title>
		<author>
			<persName xmlns="http://www.tei-c.org/ns/1.0"><forename type="first">Alan</forename><forename type="middle">K</forename><surname>Mackworth</surname></persName>
		</author>
	</analytic>
	<monogr>
		<title level="j">Artificial Intelligence</title>
		<imprint>
			<biblScope unit="volume">8</biblScope>
			<biblScope unit="page" from="99" to="118" />
			<date type="published" when="1977" />
		</imprint>
	</monogr>
</biblStruct>

<biblStruct >
	<monogr>
		<title level="m" type="main">Description Theory and Intonation Boundaries</title>
		<author>
			<persName xmlns="http://www.tei-c.org/ns/1.0"><forename type="first">Mitchell</forename><forename type="middle">P</forename><surname>Marcus</surname></persName>
		</author>
		<author>
			<persName xmlns="http://www.tei-c.org/ns/1.0"><forename type="first">Donald</forename><surname>Hindle</surname></persName>
		</author>
		<editor>G. T. M. Ahman</editor>
		<imprint>
			<date type="published" when="1990" />
		</imprint>
	</monogr>
</biblStruct>

<biblStruct >
	<monogr>
				<title level="m">Cognitioe Models of Speech Processing</title>
		<meeting><address><addrLine>Cambridge, MA</addrLine></address></meeting>
		<imprint>
			<publisher>MIT Press</publisher>
			<biblScope unit="page" from="483" to="512" />
		</imprint>
	</monogr>
</biblStruct>

<biblStruct >
	<analytic>
		<title level="a" type="main">D-Theory: Talking about Talking about Trees</title>
		<author>
			<persName xmlns="http://www.tei-c.org/ns/1.0"><forename type="first">Mitchell</forename><forename type="middle">P</forename><surname>Marcus</surname></persName>
		</author>
		<author>
			<persName xmlns="http://www.tei-c.org/ns/1.0"><forename type="first">Donald</forename><surname>Hindle</surname></persName>
		</author>
		<author>
			<persName xmlns="http://www.tei-c.org/ns/1.0"><forename type="first">M</forename><surname>Margaret</surname></persName>
		</author>
		<author>
			<persName xmlns="http://www.tei-c.org/ns/1.0"><surname>Fleck</surname></persName>
		</author>
	</analytic>
	<monogr>
		<title level="m">Proceedings of the 21st Mtg</title>
		<meeting>the 21st Mtg</meeting>
		<imprint>
			<date type="published" when="1983" />
		</imprint>
	</monogr>
	<note>of the A CL</note>
</biblStruct>

<biblStruct >
	<analytic>
		<title level="a" type="main">Networks of Constraints: Fundamental Properties and Applications to Picture Processing</title>
		<author>
			<persName xmlns="http://www.tei-c.org/ns/1.0"><forename type="first">Ugo</forename><surname>Montanari</surname></persName>
		</author>
	</analytic>
	<monogr>
		<title level="j">Information Sciences</title>
		<imprint>
			<biblScope unit="volume">7</biblScope>
			<biblScope unit="page" from="95" to="132" />
			<date type="published" when="1974" />
		</imprint>
	</monogr>
</biblStruct>

<biblStruct >
	<monogr>
		<title level="m" type="main">The Craft of Prolog</title>
		<author>
			<persName xmlns="http://www.tei-c.org/ns/1.0"><forename type="first">Richard</forename><forename type="middle">A</forename><surname>O&amp;apos;keefe</surname></persName>
		</author>
		<imprint>
			<date type="published" when="1990" />
			<publisher>MIT Press</publisher>
			<pubPlace>Cambridge, MA</pubPlace>
		</imprint>
	</monogr>
</biblStruct>

<biblStruct >
	<analytic>
		<title level="a" type="main">Reasoning with Descriptions of Trees</title>
		<author>
			<persName xmlns="http://www.tei-c.org/ns/1.0"><forename type="first">&amp;amp;</forename><forename type="middle">K</forename><surname>Rogers</surname></persName>
		</author>
		<author>
			<persName xmlns="http://www.tei-c.org/ns/1.0"><surname>Vijay-Shanker</surname></persName>
		</author>
	</analytic>
	<monogr>
		<title level="m">Proceedings of the 30th Mtg. of the ACL</title>
		<meeting>the 30th Mtg. of the ACL</meeting>
		<imprint>
			<date type="published" when="1992" />
		</imprint>
	</monogr>
</biblStruct>

<biblStruct >
	<monogr>
		<title level="m" type="main">Locality Principles in Syntax and in Parsing</title>
		<author>
			<persName xmlns="http://www.tei-c.org/ns/1.0"><forename type="first">A</forename><surname>Weinberg</surname></persName>
		</author>
		<imprint>
			<date type="published" when="1988" />
		</imprint>
	</monogr>
<note type="report_type">MIT Ph.D. dissertation</note>
</biblStruct>

			</listBibl>
		</back>
	</text>
</TEI>
