<?xml version="1.0" ?>
<TEI xmlns="http://www.tei-c.org/ns/1.0" xmlns:xlink="http://www.w3.org/1999/xlink" 
 xmlns:mml="http://www.w3.org/1998/Math/MathML">
	<teiHeader>
		<fileDesc xml:id="f_915"/>
	</teiHeader>
	<text>
		<front/>
		<body/>
		<back>
			<listBibl>
<biblStruct >
	<analytic>
		<title level="a" type="main">PC-KIMMO: A Two-Level Processor for Morphological Analysis</title>
		<author>
			<persName xmlns="http://www.tei-c.org/ns/1.0"><forename type="first">Evan</forename><surname>Antworth</surname></persName>
		</author>
	</analytic>
	<monogr>
		<title level="m">Occasional Publications in Academic Computing, 16. Summer Institute of Linguistics</title>
		<meeting><address><addrLine>Dallas, TX</addrLine></address></meeting>
		<imprint>
			<date type="published" when="1990" />
		</imprint>
	</monogr>
</biblStruct>

<biblStruct >
	<monogr>
		<title level="m" type="main">A Corpus-Based Approach to Morphological Productivity: Statistical Analysis and Psycholinguistic Interpretation</title>
		<author>
			<persName xmlns="http://www.tei-c.org/ns/1.0"><forename type="first">Harald</forename><surname>Baayen</surname></persName>
		</author>
		<imprint>
			<date type="published" when="1989" />
			<pubPlace>Amsterdam</pubPlace>
		</imprint>
		<respStmt>
			<orgName>Free University</orgName>
		</respStmt>
	</monogr>
<note type="report_type">Ph.D. thesis</note>
</biblStruct>

<biblStruct >
	<analytic>
		<title level="a" type="main">Large-corpusbased methods for Chinese personal name recognition</title>
		<author>
			<persName xmlns="http://www.tei-c.org/ns/1.0"><forename type="first">Jyun-Shen</forename><surname>Chang</surname></persName>
		</author>
		<author>
			<persName xmlns="http://www.tei-c.org/ns/1.0"><forename type="first">Shun-De</forename><surname>Chen</surname></persName>
		</author>
		<author>
			<persName xmlns="http://www.tei-c.org/ns/1.0"><forename type="first">Ying</forename><surname>Zheng</surname></persName>
		</author>
		<author>
			<persName xmlns="http://www.tei-c.org/ns/1.0"><forename type="first">Xianzhong</forename><surname>Liu</surname></persName>
		</author>
		<author>
			<persName xmlns="http://www.tei-c.org/ns/1.0"><forename type="first">Shu-Jin</forename><surname>Ke</surname></persName>
		</author>
	</analytic>
	<monogr>
		<title level="j">Journal of Chinese Information Processing</title>
		<imprint>
			<biblScope unit="volume">6</biblScope>
			<biblScope unit="issue">3</biblScope>
			<biblScope unit="page" from="7" to="15" />
			<date type="published" when="1992" />
		</imprint>
	</monogr>
</biblStruct>

<biblStruct >
	<analytic>
		<title level="a" type="main">Word identification for Mandarin Chinese sentences</title>
		<author>
			<persName xmlns="http://www.tei-c.org/ns/1.0"><forename type="first">Shing-Huan</forename><surname>Keh-Jiann Chen</surname></persName>
		</author>
		<author>
			<persName xmlns="http://www.tei-c.org/ns/1.0"><surname>Liu</surname></persName>
		</author>
	</analytic>
	<monogr>
		<title level="m">Proceedings of COLING-92</title>
		<meeting>COLING-92</meeting>
		<imprint>
			<publisher>COLING</publisher>
			<date type="published" when="1992" />
			<biblScope unit="page" from="101" to="107" />
		</imprint>
	</monogr>
</biblStruct>

<biblStruct >
	<analytic>
		<title level="a" type="main">A comparison of the enhanced Good-Turing and deleted estimation methods for estimating probabilities of English bigrams</title>
		<author>
			<persName xmlns="http://www.tei-c.org/ns/1.0"><forename type="first">Kenneth</forename><forename type="middle">Ward</forename><surname>Church</surname></persName>
		</author>
		<author>
			<persName xmlns="http://www.tei-c.org/ns/1.0"><forename type="first">William</forename><surname>Gale</surname></persName>
		</author>
	</analytic>
	<monogr>
		<title level="j">Computer Speech and Language</title>
		<imprint>
			<biblScope unit="volume">5</biblScope>
			<biblScope unit="issue">1</biblScope>
			<biblScope unit="page" from="19" to="54" />
			<date type="published" when="1991" />
		</imprint>
	</monogr>
</biblStruct>

<biblStruct >
	<monogr>
		<title level="m" type="main">The Chinese Language</title>
		<author>
			<persName xmlns="http://www.tei-c.org/ns/1.0"><forename type="first">John</forename><surname>Defrancis</surname></persName>
		</author>
		<imprint>
			<date type="published" when="1984" />
			<publisher>University of Hawaii Press</publisher>
			<pubPlace>Honolulu</pubPlace>
		</imprint>
	</monogr>
</biblStruct>

<biblStruct >
	<analytic>
		<title level="a" type="main">Automatic word identification in Chinese sentences by the relaxation technique</title>
		<author>
			<persName xmlns="http://www.tei-c.org/ns/1.0"><forename type="first">C.-K</forename><surname>Fan</surname></persName>
		</author>
		<author>
			<persName xmlns="http://www.tei-c.org/ns/1.0"><forename type="first">W.-H</forename><surname>Tsai</surname></persName>
		</author>
	</analytic>
	<monogr>
		<title level="j">Computer Processing of Chinese and Oriental Languages</title>
		<imprint>
			<biblScope unit="volume">4</biblScope>
			<biblScope unit="page" from="33" to="56" />
			<date type="published" when="1988" />
		</imprint>
	</monogr>
</biblStruct>

<biblStruct >
	<analytic>
		<title level="a" type="main">Two-level morphology with composition</title>
		<author>
			<persName xmlns="http://www.tei-c.org/ns/1.0"><forename type="first">Lauri</forename><surname>Karttunen</surname></persName>
		</author>
		<author>
			<persName xmlns="http://www.tei-c.org/ns/1.0"><forename type="first">Ronald</forename><surname>Kaplan</surname></persName>
		</author>
		<author>
			<persName xmlns="http://www.tei-c.org/ns/1.0"><forename type="first">Annie</forename><surname>Zaenen</surname></persName>
		</author>
	</analytic>
	<monogr>
		<title level="m">COLING-92</title>
		<imprint>
			<publisher>COLING</publisher>
			<date type="published" when="1992" />
			<biblScope unit="page" from="141" to="148" />
		</imprint>
	</monogr>
</biblStruct>

<biblStruct >
	<monogr>
		<title level="m" type="main">Two-Level Morphology: a General Computational Model for Word-Form Recognition and Production</title>
		<author>
			<persName xmlns="http://www.tei-c.org/ns/1.0"><forename type="first">Kimmo</forename><surname>Koskenniemi</surname></persName>
		</author>
		<imprint>
			<date type="published" when="1983" />
			<pubPlace>Helsinki</pubPlace>
		</imprint>
		<respStmt>
			<orgName>University of Helsinki</orgName>
		</respStmt>
	</monogr>
<note type="report_type">Ph.D. thesis</note>
</biblStruct>

<biblStruct >
	<analytic>
		<title level="a" type="main">A preliminary study on unknown word problem in Chinese word segmentation</title>
		<author>
			<persName xmlns="http://www.tei-c.org/ns/1.0"><forename type="first">Ming-Yu</forename><surname>Lin</surname></persName>
		</author>
		<author>
			<persName xmlns="http://www.tei-c.org/ns/1.0"><forename type="first">Tung-Hui</forename><surname>Chiang</surname></persName>
		</author>
		<author>
			<persName xmlns="http://www.tei-c.org/ns/1.0"><forename type="first">Keh-Yi</forename><surname>Su</surname></persName>
		</author>
	</analytic>
	<monogr>
		<title level="m">ROCLING 6</title>
		<imprint>
			<date type="published" when="1993" />
			<biblScope unit="page" from="119" to="141" />
		</imprint>
	</monogr>
	<note>ROCLING</note>
</biblStruct>

<biblStruct >
	<analytic>
		<title level="a" type="main">Weighted rational transductions and their application to human language processing</title>
		<author>
			<persName xmlns="http://www.tei-c.org/ns/1.0"><forename type="first">Fernando</forename><surname>Pereira</surname></persName>
		</author>
		<author>
			<persName xmlns="http://www.tei-c.org/ns/1.0"><forename type="first">Michael</forename><surname>Riley</surname></persName>
		</author>
		<author>
			<persName xmlns="http://www.tei-c.org/ns/1.0"><forename type="first">Richard</forename><surname>Sproat</surname></persName>
		</author>
	</analytic>
	<monogr>
		<title level="m">ARPA Workshop on Human Language Technology</title>
		<imprint>
			<date type="published" when="1994-03-08" />
			<biblScope unit="page" from="249" to="254" />
		</imprint>
	</monogr>
</biblStruct>

<biblStruct >
	<monogr>
		<title level="m" type="main">The Prosodic Domain of Tone Sandhi in Chinese</title>
		<author>
			<persName xmlns="http://www.tei-c.org/ns/1.0"><forename type="first">Chilin</forename><surname>Shih</surname></persName>
		</author>
		<imprint>
			<date type="published" when="1986" />
			<pubPlace>UCSD, La Jolla, CA</pubPlace>
		</imprint>
	</monogr>
<note type="report_type">Ph.D. thesis</note>
</biblStruct>

<biblStruct >
	<analytic>
		<title level="a" type="main">A statistical method for finding word boundaries in Chinese text</title>
		<author>
			<persName xmlns="http://www.tei-c.org/ns/1.0"><forename type="first">Richard</forename><surname>Sproat</surname></persName>
		</author>
		<author>
			<persName xmlns="http://www.tei-c.org/ns/1.0"><forename type="first">Chilin</forename><surname>Shih</surname></persName>
		</author>
	</analytic>
	<monogr>
		<title level="j">Computer Processing of Chinese and Oriental Languages</title>
		<imprint>
			<biblScope unit="volume">4</biblScope>
			<biblScope unit="page" from="336" to="371" />
			<date type="published" when="1990" />
		</imprint>
	</monogr>
</biblStruct>

<biblStruct >
	<monogr>
		<title level="m" type="main">Morphology and Computation</title>
		<author>
			<persName xmlns="http://www.tei-c.org/ns/1.0"><forename type="first">Richard</forename><surname>Sproat</surname></persName>
		</author>
		<imprint>
			<date type="published" when="1992" />
			<publisher>MIT Press</publisher>
			<pubPlace>Cambridge, MA</pubPlace>
		</imprint>
	</monogr>
</biblStruct>

<biblStruct >
	<analytic>
		<title level="a" type="main">A finite-state morphological processor for Spanish</title>
		<author>
			<persName xmlns="http://www.tei-c.org/ns/1.0"><forename type="first">Evelyne</forename><surname>Tzoukermann</surname></persName>
		</author>
		<author>
			<persName xmlns="http://www.tei-c.org/ns/1.0"><forename type="first">Mark</forename><surname>Liberman</surname></persName>
		</author>
	</analytic>
	<monogr>
		<title level="m">COLING-90</title>
		<imprint>
			<publisher>COLING</publisher>
			<date type="published" when="1990" />
			<biblScope unit="volume">3</biblScope>
			<biblScope unit="page" from="277" to="286" />
		</imprint>
	</monogr>
</biblStruct>

<biblStruct >
	<analytic>
		<title level="a" type="main">Automatic processing of chinese words</title>
		<author>
			<persName xmlns="http://www.tei-c.org/ns/1.0"><forename type="first">Yongheng</forename><surname>Wang</surname></persName>
		</author>
		<author>
			<persName xmlns="http://www.tei-c.org/ns/1.0"><forename type="first">Haiju</forename><surname>Su</surname></persName>
		</author>
		<author>
			<persName xmlns="http://www.tei-c.org/ns/1.0"><forename type="first">Yan</forename><surname>Mo</surname></persName>
		</author>
	</analytic>
	<monogr>
		<title level="j">Journal of Chinese Information Processing</title>
		<imprint>
			<biblScope unit="volume">4</biblScope>
			<biblScope unit="issue">4</biblScope>
			<biblScope unit="page" from="1" to="11" />
			<date type="published" when="1990" />
		</imprint>
	</monogr>
</biblStruct>

<biblStruct >
	<analytic>
		<title level="a" type="main">Recognizing unregistered names for mandarin word identification</title>
		<author>
			<persName xmlns="http://www.tei-c.org/ns/1.0"><forename type="first">Liang-Jyh</forename><surname>Wang</surname></persName>
		</author>
		<author>
			<persName xmlns="http://www.tei-c.org/ns/1.0"><forename type="first">Wei-Chuan</forename><surname>Li</surname></persName>
		</author>
		<author>
			<persName xmlns="http://www.tei-c.org/ns/1.0"><forename type="first">Chao-Huang</forename><surname>Chang</surname></persName>
		</author>
	</analytic>
	<monogr>
		<title level="m">Proceedings of COLING-92</title>
		<meeting>COLING-92</meeting>
		<imprint>
			<publisher>COLING</publisher>
			<date type="published" when="1992" />
			<biblScope unit="page" from="1239" to="1243" />
		</imprint>
	</monogr>
</biblStruct>

<biblStruct >
	<analytic>
		<title level="a" type="main">Chinese text segmentation for text retrieval: Achievements and problems</title>
		<author>
			<persName xmlns="http://www.tei-c.org/ns/1.0"><forename type="first">Zimin</forename><surname>Wu</surname></persName>
		</author>
		<author>
			<persName xmlns="http://www.tei-c.org/ns/1.0"><forename type="first">Gwyneth</forename><surname>Tseng</surname></persName>
		</author>
	</analytic>
	<monogr>
		<title level="j">Journal of the American Society for Information Science</title>
		<imprint>
			<biblScope unit="volume">44</biblScope>
			<biblScope unit="issue">9</biblScope>
			<biblScope unit="page" from="532" to="542" />
			<date type="published" when="1993" />
		</imprint>
	</monogr>
</biblStruct>

			</listBibl>
		</back>
	</text>
</TEI>
