<?xml version="1.0" ?>
<TEI xmlns="http://www.tei-c.org/ns/1.0" xmlns:xlink="http://www.w3.org/1999/xlink" 
 xmlns:mml="http://www.w3.org/1998/Math/MathML">
	<teiHeader>
		<fileDesc xml:id="f_1872"/>
	</teiHeader>
	<text>
		<front/>
		<body/>
		<back>
			<listBibl>
<biblStruct >
	<analytic>
		<title level="a" type="main">Parsing Idioms in Tree Adjoining Grammars</title>
		<author>
			<persName xmlns="http://www.tei-c.org/ns/1.0"><forename type="first">Anne</forename><surname>Abeill6</surname></persName>
		</author>
		<author>
			<persName xmlns="http://www.tei-c.org/ns/1.0"><forename type="first">Yves</forename><surname>Schabes</surname></persName>
		</author>
	</analytic>
	<monogr>
		<title level="m">Proceedings, 4 th Conference of the European Chapter of the Association for Computational Linguistics (EACL&apos;89)</title>
		<meeting>4 th Conference of the European Chapter of the Association for Computational Linguistics (EACL&apos;89)</meeting>
		<imprint>
			<date type="published" when="1989" />
		</imprint>
	</monogr>
</biblStruct>

<biblStruct >
	<monogr>
		<title/>
		<author>
			<persName xmlns="http://www.tei-c.org/ns/1.0"><forename type="first">U</forename><forename type="middle">K</forename><surname>Manchester</surname></persName>
		</author>
		<imprint/>
	</monogr>
</biblStruct>

<biblStruct >
	<monogr>
		<title level="m" type="main">Computer Algorithms</title>
		<author>
			<persName xmlns="http://www.tei-c.org/ns/1.0"><forename type="first">Sara</forename><surname>Baase</surname></persName>
		</author>
		<imprint>
			<date type="published" when="1978" />
			<publisher>Addison Wesley</publisher>
			<pubPlace>Reading, MA</pubPlace>
		</imprint>
	</monogr>
</biblStruct>

<biblStruct >
	<monogr>
		<title level="m" type="main">Transformations des noms composds</title>
		<author>
			<persName xmlns="http://www.tei-c.org/ns/1.0"><forename type="first">Christian</forename><surname>Jacquemin</surname></persName>
		</author>
		<imprint>
			<date type="published" when="1991" />
		</imprint>
		<respStmt>
			<orgName>Computer Science, Universit6 of Paris</orgName>
		</respStmt>
	</monogr>
<note type="report_type">PhD Thesis</note>
</biblStruct>

<biblStruct >
	<analytic>
		<title level="a" type="main">FASTR : A unification grammar and a parser for terminology extraction from large corpora</title>
		<author>
			<persName xmlns="http://www.tei-c.org/ns/1.0"><forename type="first">Christian</forename><surname>Jacquemin</surname></persName>
		</author>
	</analytic>
	<monogr>
		<title level="m">Proceedings, IA-94</title>
		<meeting>IA-94<address><addrLine>Paris, EC2</addrLine></address></meeting>
		<imprint>
			<date type="published" when="1994-06" />
		</imprint>
	</monogr>
</biblStruct>

<biblStruct >
	<analytic>
		<title level="a" type="main">Retrieving terms and their variants in a lexicalized unification-based framework</title>
		<author>
			<persName xmlns="http://www.tei-c.org/ns/1.0"><forename type="first">Christian</forename><surname>Jacquemin</surname></persName>
		</author>
		<author>
			<persName xmlns="http://www.tei-c.org/ns/1.0"><forename type="first">Jean</forename><surname>Royaut6</surname></persName>
		</author>
	</analytic>
	<monogr>
		<title level="m">Proceedings, 17 th Annual International ACM SIGIR Conference (SIGIR&apos;94)</title>
		<meeting>17 th Annual International ACM SIGIR Conference (SIGIR&apos;94)<address><addrLine>Dublin</addrLine></address></meeting>
		<imprint>
			<date type="published" when="1994-07" />
		</imprint>
	</monogr>
</biblStruct>

<biblStruct >
	<analytic>
		<title/>
		<author>
			<persName xmlns="http://www.tei-c.org/ns/1.0"><forename type="first">Carl</forename><surname>Pollard</surname></persName>
		</author>
		<author>
			<persName xmlns="http://www.tei-c.org/ns/1.0"><forename type="first">Ivan</forename><surname>Sag</surname></persName>
		</author>
	</analytic>
	<monogr>
		<title level="j">InformationBased Syntax and Semantics</title>
		<imprint>
			<biblScope unit="volume">1</biblScope>
			<date type="published" when="1987" />
		</imprint>
	</monogr>
	<note>Fundamentals. CSLI</note>
</biblStruct>

<biblStruct >
	<analytic>
		<title level="a" type="main">Parsing strategies with &apos;lexicalized&apos; grammars: Application to tree adjoining grammar</title>
		<author>
			<persName xmlns="http://www.tei-c.org/ns/1.0"><forename type="first">Yves</forename><surname>Schabes</surname></persName>
		</author>
		<author>
			<persName xmlns="http://www.tei-c.org/ns/1.0"><forename type="first">Anne</forename><surname>Abeill6</surname></persName>
		</author>
		<author>
			<persName xmlns="http://www.tei-c.org/ns/1.0"><forename type="first">Aravind</forename><forename type="middle">K</forename><surname>Joshi</surname></persName>
		</author>
	</analytic>
	<monogr>
		<title level="m">Proceedings, 12 th International Conference on Computational Linguistics (COLING&apos;88)</title>
		<meeting>12 th International Conference on Computational Linguistics (COLING&apos;88)<address><addrLine>Budapest, Hungary</addrLine></address></meeting>
		<imprint>
			<date type="published" when="1988" />
		</imprint>
	</monogr>
</biblStruct>

<biblStruct >
	<analytic>
		<title level="a" type="main">Parsing strategies with &apos;lexicalized&apos; grammars: Application to tree adjoining grammar</title>
		<author>
			<persName xmlns="http://www.tei-c.org/ns/1.0"><forename type="first">Yves</forename><surname>Schabes</surname></persName>
		</author>
		<author>
			<persName xmlns="http://www.tei-c.org/ns/1.0"><forename type="first">Aravind</forename><forename type="middle">K</forename><surname>Joshi</surname></persName>
		</author>
	</analytic>
	<monogr>
		<title level="m">Current Issues in Parsing Technologies</title>
		<editor>Masaru Tomita</editor>
		<meeting><address><addrLine>Dordrecht</addrLine></address></meeting>
		<imprint>
			<publisher>Kluwer Academic Publishers</publisher>
			<date type="published" when="1990" />
		</imprint>
	</monogr>
</biblStruct>

<biblStruct >
	<analytic>
		<title level="a" type="main">Lexicalized Context-Free Grammars</title>
		<author>
			<persName xmlns="http://www.tei-c.org/ns/1.0"><forename type="first">Yves</forename><surname>Schabes</surname></persName>
		</author>
		<author>
			<persName xmlns="http://www.tei-c.org/ns/1.0"><forename type="first">Richard</forename><forename type="middle">C</forename><surname>Waters</surname></persName>
		</author>
	</analytic>
	<monogr>
		<title level="m">Proceedings, 31 st Meeting of the Association for Computational Linguistics (ACL&apos;93)</title>
		<meeting>31 st Meeting of the Association for Computational Linguistics (ACL&apos;93)<address><addrLine>Columbus, Ohio</addrLine></address></meeting>
		<imprint>
			<date type="published" when="1993" />
		</imprint>
	</monogr>
</biblStruct>

<biblStruct >
	<monogr>
		<title level="m" type="main">The Theory of Computability: Programs, Machines, Effectiveness and Feasibility</title>
		<author>
			<persName xmlns="http://www.tei-c.org/ns/1.0"><forename type="first">Rudolph</forename><surname>Sommerhalder</surname></persName>
		</author>
		<author>
			<persName xmlns="http://www.tei-c.org/ns/1.0"><forename type="first">S</forename><surname>Christian Van Westrhenen</surname></persName>
		</author>
		<imprint>
			<date type="published" when="1988" />
			<publisher>AddisonWesley</publisher>
			<pubPlace>Reading, MA</pubPlace>
		</imprint>
	</monogr>
</biblStruct>

			</listBibl>
		</back>
	</text>
</TEI>
