<?xml version="1.0" ?>
<TEI xmlns="http://www.tei-c.org/ns/1.0" xmlns:xlink="http://www.w3.org/1999/xlink" 
 xmlns:mml="http://www.w3.org/1998/Math/MathML">
	<teiHeader>
		<fileDesc xml:id="f_2115"/>
	</teiHeader>
	<text>
		<front/>
		<body/>
		<back>
			<listBibl>
<biblStruct >
	<monogr>
		<title level="m" type="main">The TRAINS project</title>
		<author>
			<persName xmlns="http://www.tei-c.org/ns/1.0"><forename type="first">J</forename><forename type="middle">F</forename><surname>Allen</surname></persName>
		</author>
		<author>
			<persName xmlns="http://www.tei-c.org/ns/1.0"><forename type="first">L</forename><forename type="middle">K</forename><surname>Schubert</surname></persName>
		</author>
		<idno>382</idno>
		<imprint>
			<date type="published" when="1991" />
		</imprint>
		<respStmt>
			<orgName>Department of Computer Science, University of Rochester</orgName>
		</respStmt>
	</monogr>
<note type="report_type">Technical Report</note>
</biblStruct>

<biblStruct >
	<analytic>
		<title level="a" type="main">Integrating multiple knowledge sources for detection and correction of repairs in human-computer dialog</title>
		<author>
			<persName xmlns="http://www.tei-c.org/ns/1.0"><forename type="first">J</forename><surname>Bear</surname></persName>
		</author>
		<author>
			<persName xmlns="http://www.tei-c.org/ns/1.0"><forename type="first">J</forename><surname>Dowding</surname></persName>
		</author>
		<author>
			<persName xmlns="http://www.tei-c.org/ns/1.0"><forename type="first">E</forename><surname>Shriberg</surname></persName>
		</author>
	</analytic>
	<monogr>
		<title level="m">Proceedings of the 30 th Annual Meeting of the Association for Computational Linguistics</title>
		<meeting>the 30 th Annual Meeting of the Association for Computational Linguistics</meeting>
		<imprint>
			<date type="published" when="1992" />
			<biblScope unit="page" from="56" to="63" />
		</imprint>
	</monogr>
</biblStruct>

<biblStruct >
	<analytic>
		<title level="a" type="main">A stochastic parts program and noun phrase parser for unrestricted text</title>
		<author>
			<persName xmlns="http://www.tei-c.org/ns/1.0"><forename type="first">K</forename><surname>Church</surname></persName>
		</author>
	</analytic>
	<monogr>
		<title level="m">Preceedings of the 2nd Conference on Applied Natural Language Processing</title>
		<imprint>
			<date type="published" when="1988" />
			<biblScope unit="page" from="136" to="143" />
		</imprint>
	</monogr>
</biblStruct>

<biblStruct >
	<analytic>
		<title level="a" type="main">Gemini: A natural language system for spoken-language understanding</title>
		<author>
			<persName xmlns="http://www.tei-c.org/ns/1.0"><forename type="first">J</forename><surname>Dowding</surname></persName>
		</author>
		<author>
			<persName xmlns="http://www.tei-c.org/ns/1.0"><forename type="first">J</forename><forename type="middle">M</forename><surname>Gawron</surname></persName>
		</author>
		<author>
			<persName xmlns="http://www.tei-c.org/ns/1.0"><forename type="first">D</forename><surname>Appelt</surname></persName>
		</author>
		<author>
			<persName xmlns="http://www.tei-c.org/ns/1.0"><forename type="first">J</forename><surname>Bear</surname></persName>
		</author>
		<author>
			<persName xmlns="http://www.tei-c.org/ns/1.0"><forename type="first">L</forename><surname>Cherny</surname></persName>
		</author>
		<author>
			<persName xmlns="http://www.tei-c.org/ns/1.0"><forename type="first">R</forename><surname>Moore</surname></persName>
		</author>
		<author>
			<persName xmlns="http://www.tei-c.org/ns/1.0"><forename type="first">D</forename><surname>Moran</surname></persName>
		</author>
	</analytic>
	<monogr>
		<title level="m">Proceedings of the 31 th Annual Meeting of the Association for Computational Linguistics</title>
		<meeting>the 31 th Annual Meeting of the Association for Computational Linguistics</meeting>
		<imprint>
			<date type="published" when="1993" />
			<biblScope unit="page" from="54" to="61" />
		</imprint>
	</monogr>
</biblStruct>

<biblStruct >
	<monogr>
		<title level="m" type="main">The TRAINS 91 dialogues. Trains Technical Note 92-1</title>
		<author>
			<persName xmlns="http://www.tei-c.org/ns/1.0"><forename type="first">D</forename><surname>Gross</surname></persName>
		</author>
		<author>
			<persName xmlns="http://www.tei-c.org/ns/1.0"><forename type="first">J</forename><surname>Allen</surname></persName>
		</author>
		<author>
			<persName xmlns="http://www.tei-c.org/ns/1.0"><forename type="first">D</forename><surname>Traum</surname></persName>
		</author>
		<imprint>
			<date type="published" when="1992" />
		</imprint>
		<respStmt>
			<orgName>Department of Computer Science, University of Rochester</orgName>
		</respStmt>
	</monogr>
</biblStruct>

<biblStruct >
	<monogr>
		<title level="m" type="main">Annotating speech repairs</title>
		<author>
			<persName xmlns="http://www.tei-c.org/ns/1.0"><forename type="first">P</forename><forename type="middle">A</forename><surname>Heeman</surname></persName>
		</author>
		<author>
			<persName xmlns="http://www.tei-c.org/ns/1.0"><forename type="first">Allen</forename></persName>
		</author>
		<author>
			<persName xmlns="http://www.tei-c.org/ns/1.0"><forename type="first">J</forename></persName>
		</author>
		<imprint>
			<date type="published" when="1994" />
		</imprint>
	</monogr>
	<note>unpublished manuscript</note>
</biblStruct>

<biblStruct >
	<monogr>
		<title level="m" type="main">Dialogue transcription tools</title>
		<author>
			<persName xmlns="http://www.tei-c.org/ns/1.0"><forename type="first">P</forename><forename type="middle">A</forename><surname>Heeman</surname></persName>
		</author>
		<author>
			<persName xmlns="http://www.tei-c.org/ns/1.0"><forename type="first">Allen</forename></persName>
		</author>
		<author>
			<persName xmlns="http://www.tei-c.org/ns/1.0"><forename type="first">J</forename></persName>
		</author>
		<imprint>
			<date type="published" when="1994" />
		</imprint>
	</monogr>
	<note>unpublished manuscript</note>
</biblStruct>

<biblStruct >
	<analytic>
		<title level="a" type="main">Tagging speech repairs</title>
		<author>
			<persName xmlns="http://www.tei-c.org/ns/1.0"><forename type="first">P</forename><forename type="middle">A</forename><surname>Heeman</surname></persName>
		</author>
		<author>
			<persName xmlns="http://www.tei-c.org/ns/1.0"><forename type="first">Allen</forename></persName>
		</author>
		<author>
			<persName xmlns="http://www.tei-c.org/ns/1.0"><forename type="first">J</forename></persName>
		</author>
	</analytic>
	<monogr>
		<title level="m">ARPA Workshop on Human Language Technology</title>
		<meeting><address><addrLine>Princeton</addrLine></address></meeting>
		<imprint>
			<date type="published" when="1994" />
		</imprint>
	</monogr>
</biblStruct>

<biblStruct >
	<analytic>
		<title level="a" type="main">Deterministic parsing of syntactic nonfluencies</title>
		<author>
			<persName xmlns="http://www.tei-c.org/ns/1.0"><forename type="first">D</forename><surname>Hindle</surname></persName>
		</author>
	</analytic>
	<monogr>
		<title level="m">Proceedings of the 21 st Annual Meeting of the Association for Computational Linguistics</title>
		<meeting>the 21 st Annual Meeting of the Association for Computational Linguistics</meeting>
		<imprint>
			<date type="published" when="1983" />
			<biblScope unit="page" from="123" to="128" />
		</imprint>
	</monogr>
</biblStruct>

<biblStruct >
	<analytic>
		<title level="a" type="main">On the grammaticality of everyday speech</title>
		<author>
			<persName xmlns="http://www.tei-c.org/ns/1.0"><forename type="first">W</forename><surname>Labov</surname></persName>
		</author>
	</analytic>
	<monogr>
		<title level="m">Linguistic Society of America Annual Meeting</title>
		<imprint>
			<date type="published" when="1966" />
		</imprint>
	</monogr>
	<note>Paper presented at the</note>
</biblStruct>

<biblStruct >
	<analytic>
		<title level="a" type="main">Monitoring and self-repair in speech</title>
		<author>
			<persName xmlns="http://www.tei-c.org/ns/1.0"><forename type="first">W</forename><forename type="middle">J M</forename><surname>Levelt</surname></persName>
		</author>
	</analytic>
	<monogr>
		<title level="j">Cognition</title>
		<imprint>
			<biblScope unit="volume">14</biblScope>
			<biblScope unit="page" from="41" to="104" />
			<date type="published" when="1983" />
		</imprint>
	</monogr>
</biblStruct>

<biblStruct >
	<analytic>
		<title level="a" type="main">A speech-first model for repair detection and correction</title>
		<author>
			<persName xmlns="http://www.tei-c.org/ns/1.0"><forename type="first">C</forename><surname>Nakatani</surname></persName>
		</author>
		<author>
			<persName xmlns="http://www.tei-c.org/ns/1.0"><forename type="first">J</forename><surname>Hirschberg</surname></persName>
		</author>
	</analytic>
	<monogr>
		<title level="m">Proceedings of th the 31 Annual Meeting of the Association for Computational Linguistics</title>
		<meeting>th the 31 Annual Meeting of the Association for Computational Linguistics</meeting>
		<imprint>
			<date type="published" when="1993" />
			<biblScope unit="page" from="46" to="53" />
		</imprint>
	</monogr>
</biblStruct>

<biblStruct >
	<analytic>
		<title level="a" type="main">Automatic classification of intonational phrase boundaries</title>
		<author>
			<persName xmlns="http://www.tei-c.org/ns/1.0"><forename type="first">M</forename><forename type="middle">Q</forename><surname>Wang</surname></persName>
		</author>
		<author>
			<persName xmlns="http://www.tei-c.org/ns/1.0"><forename type="first">J</forename><surname>Hirschberg</surname></persName>
		</author>
	</analytic>
	<monogr>
		<title level="j">Computer Speech and Language</title>
		<imprint>
			<biblScope unit="volume">6</biblScope>
			<biblScope unit="page" from="175" to="196" />
			<date type="published" when="1992" />
		</imprint>
	</monogr>
</biblStruct>

<biblStruct >
	<analytic>
		<title level="a" type="main">Coping with ambiguity and unknown words through probabilistic models</title>
		<author>
			<persName xmlns="http://www.tei-c.org/ns/1.0"><forename type="first">R</forename><surname>Weischedel</surname></persName>
		</author>
		<author>
			<persName xmlns="http://www.tei-c.org/ns/1.0"><forename type="first">M</forename><surname>Meteer</surname></persName>
		</author>
		<author>
			<persName xmlns="http://www.tei-c.org/ns/1.0"><forename type="first">R</forename><surname>Schwartz</surname></persName>
		</author>
		<author>
			<persName xmlns="http://www.tei-c.org/ns/1.0"><forename type="first">L</forename><surname>Ramshaw</surname></persName>
		</author>
		<author>
			<persName xmlns="http://www.tei-c.org/ns/1.0"><forename type="first">Palmucci</forename></persName>
		</author>
		<author>
			<persName xmlns="http://www.tei-c.org/ns/1.0"><forename type="first">J</forename></persName>
		</author>
	</analytic>
	<monogr>
		<title level="j">Computational Linguistics</title>
		<imprint>
			<biblScope unit="volume">19</biblScope>
			<biblScope unit="issue">2</biblScope>
			<biblScope unit="page" from="359" to="382" />
			<date type="published" when="1993" />
		</imprint>
	</monogr>
</biblStruct>

<biblStruct >
	<analytic>
		<title level="a" type="main">Using pragmatic and semantic knowledge to correct parsing of spoken language utterances</title>
		<author>
			<persName xmlns="http://www.tei-c.org/ns/1.0"><forename type="first">S</forename><forename type="middle">R</forename><surname>Young</surname></persName>
		</author>
		<author>
			<persName xmlns="http://www.tei-c.org/ns/1.0"><forename type="first">M</forename><surname>Matessa</surname></persName>
		</author>
	</analytic>
	<monogr>
		<title level="m">Proceedings of the 2nd European Conference on Speech Communication and Technology</title>
		<meeting>the 2nd European Conference on Speech Communication and Technology<address><addrLine>Genova, Italy</addrLine></address></meeting>
		<imprint>
			<date type="published" when="1991" />
		</imprint>
	</monogr>
	<note>Eurospeech 91</note>
</biblStruct>

			</listBibl>
		</back>
	</text>
</TEI>
