<?xml version="1.0" ?>
<TEI xmlns="http://www.tei-c.org/ns/1.0" xmlns:xlink="http://www.w3.org/1999/xlink" 
 xmlns:mml="http://www.w3.org/1998/Math/MathML">
	<teiHeader>
		<fileDesc xml:id="f_1752"/>
	</teiHeader>
	<text>
		<front/>
		<body/>
		<back>
			<listBibl>
<biblStruct >
	<monogr>
		<title level="m" type="main">Reference to Abstract Objects in Discourse</title>
		<author>
			<persName xmlns="http://www.tei-c.org/ns/1.0"><forename type="first">N</forename><surname>Asher</surname></persName>
		</author>
		<imprint>
			<date type="published" when="1993" />
			<publisher>Kluwer</publisher>
			<pubPlace>Dordrecht</pubPlace>
		</imprint>
	</monogr>
</biblStruct>

<biblStruct >
	<analytic>
		<title level="a" type="main">Defaults in Unification Grammar</title>
		<author>
			<persName xmlns="http://www.tei-c.org/ns/1.0"><forename type="first">G</forename><surname>Bouma</surname></persName>
		</author>
	</analytic>
	<monogr>
		<title level="m">Proceedings of the 28th ACL</title>
		<meeting>the 28th ACL<address><addrLine>University of Pittsburgh</addrLine></address></meeting>
		<imprint>
			<date type="published" when="1990" />
			<biblScope unit="page" from="165" to="172" />
		</imprint>
	</monogr>
</biblStruct>

<biblStruct >
	<monogr>
		<title level="m" type="main">Discourse Representation</title>
		<author>
			<persName xmlns="http://www.tei-c.org/ns/1.0"><forename type="first">C</forename><surname>Brew</surname></persName>
		</author>
		<idno>De- liverable B+ of LRE-61-062</idno>
		<imprint>
			<date type="published" when="1994" />
		</imprint>
	</monogr>
	<note>Toward a Declarative Theory of Discourse</note>
</biblStruct>

<biblStruct >
	<monogr>
		<title level="m" type="main">An Interpretation of Paradigmatic Morphology</title>
		<author>
			<persName xmlns="http://www.tei-c.org/ns/1.0"><forename type="first">J</forename><forename type="middle">H R</forename><surname>Calder</surname></persName>
		</author>
		<imprint>
			<date type="published" when="1990" />
		</imprint>
		<respStmt>
			<orgName>Centre for Cognitive Science, University of Edinburgh</orgName>
		</respStmt>
	</monogr>
<note type="report_type">PhD thesis</note>
</biblStruct>

<biblStruct >
	<monogr>
		<title level="m" type="main">ALE. The Attribute Logic Engine user&apos;s guide, version ~. Laboratory for Computational Linguistics</title>
		<author>
			<persName xmlns="http://www.tei-c.org/ns/1.0"><forename type="first">B</forename><surname>Carpenter</surname></persName>
		</author>
		<imprint>
			<date type="published" when="1993" />
			<pubPlace>Pittsburgh, Pa</pubPlace>
		</imprint>
		<respStmt>
			<orgName>Carnegie Mellon University</orgName>
		</respStmt>
	</monogr>
</biblStruct>

<biblStruct >
	<monogr>
		<title level="m" type="main">Skeptical and credulous default unification with applications to templates and inheritance</title>
		<author>
			<persName xmlns="http://www.tei-c.org/ns/1.0"><forename type="first">B</forename><surname>Carpenter</surname></persName>
		</author>
		<editor>T. Briscoe et al</editor>
		<imprint>
			<date type="published" when="1994" />
			<publisher>Cambridge University Press</publisher>
			<biblScope unit="page" from="13" to="37" />
			<pubPlace>Cambridge</pubPlace>
		</imprint>
	</monogr>
	<note>Inheritance, Defaults, and the Lexicon</note>
</biblStruct>

<biblStruct >
	<analytic>
		<title level="a" type="main">Ellipsis and higher-order unification</title>
		<author>
			<persName xmlns="http://www.tei-c.org/ns/1.0"><forename type="first">M</forename><surname>Dalrymple</surname></persName>
		</author>
		<author>
			<persName xmlns="http://www.tei-c.org/ns/1.0"><forename type="first">S</forename><surname>Shieber</surname></persName>
		</author>
		<author>
			<persName xmlns="http://www.tei-c.org/ns/1.0"><forename type="first">F</forename><surname>Pereira</surname></persName>
		</author>
	</analytic>
	<monogr>
		<title level="j">Linguistics and Philosophy</title>
		<imprint>
			<biblScope unit="volume">14</biblScope>
			<biblScope unit="issue">4</biblScope>
			<biblScope unit="page" from="399" to="452" />
			<date type="published" when="1991" />
		</imprint>
	</monogr>
</biblStruct>

<biblStruct >
	<analytic>
		<title level="a" type="main">Three seductions of computational psycholinguistics</title>
		<author>
			<persName xmlns="http://www.tei-c.org/ns/1.0"><forename type="first">R</forename><forename type="middle">M</forename><surname>Kaplan</surname></persName>
		</author>
	</analytic>
	<monogr>
		<title level="m">Linguistic Theory and Computer Applications</title>
		<editor>P. J. Whitelock et al</editor>
		<meeting><address><addrLine>London</addrLine></address></meeting>
		<imprint>
			<publisher>Academic Press</publisher>
			<date type="published" when="1987" />
			<biblScope unit="page" from="149" to="188" />
		</imprint>
	</monogr>
</biblStruct>

<biblStruct >
	<analytic>
		<title level="a" type="main">The effect of establishing coherence in ellipsis and anaphora resolution</title>
		<author>
			<persName xmlns="http://www.tei-c.org/ns/1.0"><forename type="first">A</forename><surname>Kehler</surname></persName>
		</author>
	</analytic>
	<monogr>
		<title level="m">Proceedings of the 31st ACL</title>
		<meeting>the 31st ACL</meeting>
		<imprint>
			<date type="published" when="1993" />
			<biblScope unit="page" from="62" to="69" />
		</imprint>
		<respStmt>
			<orgName>Ohio State University</orgName>
		</respStmt>
	</monogr>
</biblStruct>

<biblStruct >
	<analytic>
		<title level="a" type="main">CUF in context</title>
		<author>
			<persName xmlns="http://www.tei-c.org/ns/1.0"><forename type="first">S</forename><surname>Manandhar</surname></persName>
		</author>
	</analytic>
	<monogr>
		<title level="m">Computational Aspects of Constraint-Based Linguistics Description. DYANA-2 Deliverable</title>
		<editor>J. Dbrre</editor>
		<imprint>
			<date type="published" when="1993" />
		</imprint>
	</monogr>
</biblStruct>

<biblStruct >
	<monogr>
		<title level="m" type="main">Extensions to Unification Grammar for the Description of Programming Languages</title>
		<author>
			<persName xmlns="http://www.tei-c.org/ns/1.0"><forename type="first">D</forename><surname>Moshier</surname></persName>
		</author>
		<imprint>
			<date type="published" when="1988" />
			<pubPlace>Los Angeles</pubPlace>
		</imprint>
		<respStmt>
			<orgName>Department of Mathematics, University of California</orgName>
		</respStmt>
	</monogr>
<note type="report_type">PhD thesis</note>
</biblStruct>

<biblStruct >
	<analytic>
		<title level="a" type="main">A syntactic approach to discourse semantics</title>
		<author>
			<persName xmlns="http://www.tei-c.org/ns/1.0"><forename type="first">L</forename><surname>Polanyi</surname></persName>
		</author>
		<author>
			<persName xmlns="http://www.tei-c.org/ns/1.0"><forename type="first">R</forename><surname>Scha</surname></persName>
		</author>
	</analytic>
	<monogr>
		<title level="m">Proceedings of the tOth Coling and the 22nd ACL</title>
		<meeting>the tOth Coling and the 22nd ACL</meeting>
		<imprint>
			<date type="published" when="1984" />
			<biblScope unit="page" from="413" to="419" />
		</imprint>
		<respStmt>
			<orgName>Stanford University</orgName>
		</respStmt>
	</monogr>
</biblStruct>

<biblStruct >
	<monogr>
		<title level="m" type="main">Sag (in press) Head-Driven Phrase Structure Grammar</title>
		<author>
			<persName xmlns="http://www.tei-c.org/ns/1.0"><forename type="first">C</forename><surname>Pollard</surname></persName>
		</author>
		<author>
			<persName xmlns="http://www.tei-c.org/ns/1.0"><forename type="first">I</forename><forename type="middle">A</forename></persName>
		</author>
		<imprint>
			<publisher>University of Chicago Press and CSLI Publications</publisher>
			<pubPlace>Chicago, Ill</pubPlace>
		</imprint>
	</monogr>
</biblStruct>

<biblStruct >
	<monogr>
		<title level="m" type="main">On Discourse Structuring, VP Anaphora and Gapping</title>
		<author>
			<persName xmlns="http://www.tei-c.org/ns/1.0"><forename type="first">H</forename><surname>Priist</surname></persName>
		</author>
		<imprint>
			<date type="published" when="1992" />
			<pubPlace>Amsterdam</pubPlace>
		</imprint>
		<respStmt>
			<orgName>Universiteit van Amsterdam</orgName>
		</respStmt>
	</monogr>
<note type="report_type">PhD thesis</note>
</biblStruct>

<biblStruct >
	<monogr>
		<title level="m" type="main">Discourse grammar and verb phrase anaphora. Linguistics and Philosophy</title>
		<author>
			<persName xmlns="http://www.tei-c.org/ns/1.0"><forename type="first">H</forename><surname>Pr/Jst</surname></persName>
		</author>
		<author>
			<persName xmlns="http://www.tei-c.org/ns/1.0"><forename type="first">R</forename><surname>Scha</surname></persName>
		</author>
		<author>
			<persName xmlns="http://www.tei-c.org/ns/1.0"><forename type="first">M</forename><surname>Van Den</surname></persName>
		</author>
		<author>
			<persName xmlns="http://www.tei-c.org/ns/1.0"><surname>Berg</surname></persName>
		</author>
		<imprint>
			<date type="published" when="1994" />
		</imprint>
	</monogr>
	<note>To appear</note>
</biblStruct>

<biblStruct >
	<analytic>
		<title level="a" type="main">An augmented context free grammar for discourse</title>
		<author>
			<persName xmlns="http://www.tei-c.org/ns/1.0"><forename type="first">R</forename><surname>Scha</surname></persName>
		</author>
		<author>
			<persName xmlns="http://www.tei-c.org/ns/1.0"><forename type="first">L</forename><surname>Polanyi</surname></persName>
		</author>
	</analytic>
	<monogr>
		<title level="m">Proceedings of the 12th Coling</title>
		<meeting>the 12th Coling<address><addrLine>Budapest</addrLine></address></meeting>
		<imprint>
			<date type="published" when="1988" />
			<biblScope unit="page" from="573" to="577" />
		</imprint>
	</monogr>
</biblStruct>

			</listBibl>
		</back>
	</text>
</TEI>
