<?xml version="1.0" ?>
<TEI xmlns="http://www.tei-c.org/ns/1.0" xmlns:xlink="http://www.w3.org/1999/xlink" 
 xmlns:mml="http://www.w3.org/1998/Math/MathML">
	<teiHeader>
		<fileDesc xml:id="f_3011"/>
	</teiHeader>
	<text>
		<front/>
		<body/>
		<back>
			<listBibl>
<biblStruct >
	<analytic>
		<title level="a" type="main">Linguistics for Machine Translation: The Eurotra Linguistic Specifications</title>
		<author>
			<persName xmlns="http://www.tei-c.org/ns/1.0"><forename type="first">V</forename><surname>Allegranza</surname></persName>
		</author>
		<author>
			<persName xmlns="http://www.tei-c.org/ns/1.0"><forename type="first">P</forename><surname>Bennett</surname></persName>
		</author>
		<author>
			<persName xmlns="http://www.tei-c.org/ns/1.0"><forename type="first">J</forename><surname>Durand</surname></persName>
		</author>
		<author>
			<persName xmlns="http://www.tei-c.org/ns/1.0"><forename type="first">F</forename><surname>Van Eynde</surname></persName>
		</author>
		<author>
			<persName xmlns="http://www.tei-c.org/ns/1.0"><forename type="first">L</forename><surname>Humphreys</surname></persName>
		</author>
		<author>
			<persName xmlns="http://www.tei-c.org/ns/1.0"><forename type="first">P</forename><surname>Schmidt</surname></persName>
		</author>
		<author>
			<persName xmlns="http://www.tei-c.org/ns/1.0"><forename type="first">E</forename><surname>Steiner</surname></persName>
		</author>
	</analytic>
	<monogr>
		<title level="m">The Eurotra Formal Specifications. Studies in Machine Translation and Natural Language Processing</title>
		<editor>C. Copeland, J. Durand, S. Krauwer, and B. Maegaard</editor>
		<imprint>
			<publisher>Office for Official Publications of the European Communities</publisher>
			<date type="published" when="1991" />
			<biblScope unit="volume">2</biblScope>
			<biblScope unit="page" from="15" to="124" />
		</imprint>
	</monogr>
</biblStruct>

<biblStruct >
	<analytic>
		<title level="a" type="main">Relaxed&apos; Compositionality in Machine Translation</title>
		<author>
			<persName xmlns="http://www.tei-c.org/ns/1.0"><forename type="first">D</forename><surname>Arnold</surname></persName>
		</author>
		<author>
			<persName xmlns="http://www.tei-c.org/ns/1.0"><forename type="first">S</forename><surname>Krauwer</surname></persName>
		</author>
		<author>
			<persName xmlns="http://www.tei-c.org/ns/1.0"><forename type="first">L</forename><surname>Des Tombe</surname></persName>
		</author>
		<author>
			<persName xmlns="http://www.tei-c.org/ns/1.0"><forename type="first">L</forename><surname>Sadler</surname></persName>
		</author>
	</analytic>
	<monogr>
		<title level="m">Second International Conference on Theoretical and Methodological Issues in Machine Translation of Natural Languages</title>
		<meeting><address><addrLine>Pittsburgh</addrLine></address></meeting>
		<imprint>
			<date type="published" when="1988" />
		</imprint>
		<respStmt>
			<orgName>Carnegie Mellon Univ</orgName>
		</respStmt>
	</monogr>
</biblStruct>

<biblStruct >
	<monogr>
		<title level="m" type="main">Lexicalist Unification-based Machine Translation</title>
		<author>
			<persName xmlns="http://www.tei-c.org/ns/1.0"><forename type="first">John</forename><forename type="middle">L</forename><surname>Beaven</surname></persName>
		</author>
		<imprint>
			<date type="published" when="1992" />
			<pubPlace>Edinburgh</pubPlace>
		</imprint>
		<respStmt>
			<orgName>University of Edinburgh</orgName>
		</respStmt>
	</monogr>
<note type="report_type">Ph.D. thesis</note>
</biblStruct>

<biblStruct >
	<analytic>
		<title level="a" type="main">Shake-and-Bake Machine Translation</title>
		<author>
			<persName xmlns="http://www.tei-c.org/ns/1.0"><forename type="first">John</forename><forename type="middle">L</forename><surname>Beaven</surname></persName>
		</author>
	</analytic>
	<monogr>
		<title level="m">Proceedings of COLING 92</title>
		<meeting>COLING 92<address><addrLine>Nantes, France</addrLine></address></meeting>
		<imprint>
			<date type="published" when="1992" />
			<biblScope unit="page" from="602" to="609" />
		</imprint>
	</monogr>
</biblStruct>

<biblStruct >
	<analytic>
		<title level="a" type="main">Letting the Cat out of the Bag: Generation for Shake-and-Bake MT</title>
		<author>
			<persName xmlns="http://www.tei-c.org/ns/1.0"><forename type="first">Chris</forename><surname>Brew</surname></persName>
		</author>
	</analytic>
	<monogr>
		<title level="m">Proceedings of COLING 92</title>
		<meeting>COLING 92<address><addrLine>Nantes, France</addrLine></address></meeting>
		<imprint>
			<date type="published" when="1992" />
			<biblScope unit="page" from="29" to="34" />
		</imprint>
	</monogr>
</biblStruct>

<biblStruct >
	<monogr>
		<title/>
		<author>
			<persName xmlns="http://www.tei-c.org/ns/1.0"><forename type="first">F</forename><surname>Peter</surname></persName>
		</author>
		<author>
			<persName xmlns="http://www.tei-c.org/ns/1.0"><forename type="first">John</forename><surname>Brown</surname></persName>
		</author>
		<author>
			<persName xmlns="http://www.tei-c.org/ns/1.0"><forename type="first">Della</forename><surname>Cocke</surname></persName>
		</author>
		<author>
			<persName xmlns="http://www.tei-c.org/ns/1.0"><forename type="first">Vincent</forename><forename type="middle">J Della</forename><surname>Pietra</surname></persName>
		</author>
		<author>
			<persName xmlns="http://www.tei-c.org/ns/1.0"><forename type="first">Fredrick</forename><surname>Pietra</surname></persName>
		</author>
		<author>
			<persName xmlns="http://www.tei-c.org/ns/1.0"><surname>Jelinek</surname></persName>
		</author>
		<author>
			<persName xmlns="http://www.tei-c.org/ns/1.0"><forename type="first">D</forename><surname>John</surname></persName>
		</author>
		<imprint/>
	</monogr>
</biblStruct>

<biblStruct >
	<analytic>
		<title level="a" type="main">A Statistical Approach to Machine Translation</title>
		<author>
			<persName xmlns="http://www.tei-c.org/ns/1.0"><forename type="first">Robert</forename><forename type="middle">L</forename><surname>Lafferty</surname></persName>
		</author>
		<author>
			<persName xmlns="http://www.tei-c.org/ns/1.0"><forename type="first">Paul</forename><forename type="middle">S</forename><surname>Mercer</surname></persName>
		</author>
		<author>
			<persName xmlns="http://www.tei-c.org/ns/1.0"><surname>Roossin</surname></persName>
		</author>
	</analytic>
	<monogr>
		<title level="j">Computational Linguistics</title>
		<imprint>
			<biblScope unit="volume">16</biblScope>
			<biblScope unit="issue">2</biblScope>
			<biblScope unit="page" from="79" to="85" />
			<date type="published" when="1990-06" />
		</imprint>
	</monogr>
</biblStruct>

<biblStruct >
	<analytic>
		<title level="a" type="main">A Corrective Training Algorithm for Adaptive Learning in Bag Generation</title>
		<author>
			<persName xmlns="http://www.tei-c.org/ns/1.0"><forename type="first">Hsin-Hsi</forename><surname>Chen</surname></persName>
		</author>
		<author>
			<persName xmlns="http://www.tei-c.org/ns/1.0"><forename type="first">Yue-Shi</forename><surname>Lee</surname></persName>
		</author>
	</analytic>
	<monogr>
		<title level="m">International Conference on New Methods in Language Processing (NeMLaP)</title>
		<meeting><address><addrLine>Manchester, UK. UMIST</addrLine></address></meeting>
		<imprint>
			<date type="published" when="1994" />
			<biblScope unit="page" from="248" to="254" />
		</imprint>
	</monogr>
</biblStruct>

<biblStruct >
	<monogr>
		<title level="m" type="main">Machine Translation: A View from the Lexicon. Artificial Intelligence Series</title>
		<author>
			<persName xmlns="http://www.tei-c.org/ns/1.0"><forename type="first">Bonnie</forename><forename type="middle">Jean</forename><surname>Dorr</surname></persName>
		</author>
		<imprint>
			<date type="published" when="1993" />
			<publisher>The MIT Press</publisher>
			<pubPlace>Cambridge, Mass</pubPlace>
		</imprint>
	</monogr>
</biblStruct>

<biblStruct >
	<monogr>
		<title level="m" type="main">Machine Translation: A Knowledge-Based Approach</title>
		<author>
			<persName xmlns="http://www.tei-c.org/ns/1.0"><forename type="first">Sergei</forename><surname>Nirenburg</surname></persName>
		</author>
		<author>
			<persName xmlns="http://www.tei-c.org/ns/1.0"><forename type="first">Jaime</forename><surname>Carbonell</surname></persName>
		</author>
		<author>
			<persName xmlns="http://www.tei-c.org/ns/1.0"><forename type="first">Masaru</forename><surname>Tomita</surname></persName>
		</author>
		<author>
			<persName xmlns="http://www.tei-c.org/ns/1.0"><forename type="first">Kenneth</forename><surname>Goodman</surname></persName>
		</author>
		<imprint>
			<date type="published" when="1992" />
			<publisher>Morgan Kaaufmann</publisher>
			<pubPlace>San Mateo, CA</pubPlace>
		</imprint>
	</monogr>
</biblStruct>

<biblStruct >
	<monogr>
		<title level="m" type="main">Improving the Efficiency of a Generation Algorithm for Shake and Bake Machine Translation using Head-Driven Phrase Structure Grammar</title>
		<author>
			<persName xmlns="http://www.tei-c.org/ns/1.0"><forename type="first">Fred</forename><surname>Popowich</surname></persName>
		</author>
		<idno>CMPT- TR 94-07</idno>
		<imprint>
			<date type="published" when="1994" />
			<biblScope unit="volume">5</biblScope>
			<biblScope unit="page" from="1" to="6" />
			<pubPlace>Burnaby, British Columbia, CANADA</pubPlace>
		</imprint>
		<respStmt>
			<orgName>School of Computing Science, Simon Fraser University</orgName>
		</respStmt>
	</monogr>
<note type="report_type">TechnicM Report</note>
</biblStruct>

<biblStruct >
	<monogr>
		<title level="m" type="main">The Design of SLEMaT Mk II</title>
		<author>
			<persName xmlns="http://www.tei-c.org/ns/1.0"><forename type="first">V</forename><surname>Poznariski</surname></persName>
		</author>
		<author>
			<persName xmlns="http://www.tei-c.org/ns/1.0"><forename type="first">John</forename><forename type="middle">L</forename><surname>Beaven</surname></persName>
		</author>
		<author>
			<persName xmlns="http://www.tei-c.org/ns/1.0"><forename type="first">P</forename><surname>Whitelock</surname></persName>
		</author>
		<idno>IT-1993-19</idno>
		<imprint>
			<date type="published" when="1993-07" />
			<pubPlace>Oxford Science Park, Oxford OX4 4GA</pubPlace>
		</imprint>
		<respStmt>
			<orgName>Sharp Laboratories of Europe, LTD, Edmund Halley Road</orgName>
		</respStmt>
	</monogr>
<note type="report_type">Technical Report</note>
</biblStruct>

<biblStruct >
	<analytic>
		<title level="a" type="main">Shake and Bake Translation</title>
		<author>
			<persName xmlns="http://www.tei-c.org/ns/1.0"><forename type="first">P</forename><surname>Whitelock</surname></persName>
		</author>
	</analytic>
	<monogr>
		<title level="m">Proceedings of COLING 92</title>
		<meeting>COLING 92<address><addrLine>Nantes, France</addrLine></address></meeting>
		<imprint>
			<date type="published" when="1992" />
			<biblScope unit="page" from="610" to="616" />
		</imprint>
	</monogr>
</biblStruct>

<biblStruct >
	<analytic>
		<title level="a" type="main">Shake-and-Bake Translation</title>
		<author>
			<persName xmlns="http://www.tei-c.org/ns/1.0"><forename type="first">P</forename><surname>Whitelock</surname></persName>
		</author>
	</analytic>
	<monogr>
		<title level="m">Constraints, Language and Computation</title>
		<editor>C. J. Rupp, M. A. Rosner, and R. L. Johnson</editor>
		<meeting><address><addrLine>London</addrLine></address></meeting>
		<imprint>
			<publisher>Academic Press</publisher>
			<date type="published" when="1994" />
			<biblScope unit="page" from="339" to="359" />
		</imprint>
	</monogr>
</biblStruct>

			</listBibl>
		</back>
	</text>
</TEI>
