<?xml version="1.0" ?>
<TEI xmlns="http://www.tei-c.org/ns/1.0" xmlns:xlink="http://www.w3.org/1999/xlink" 
 xmlns:mml="http://www.w3.org/1998/Math/MathML">
	<teiHeader>
		<fileDesc xml:id="f_1882"/>
	</teiHeader>
	<text>
		<front/>
		<body/>
		<back>
			<listBibl>
<biblStruct >
	<monogr>
		<title level="m" type="main">In 7See also (Dagan and Itai, 1994) for a study of the use of lexical co-occurrences to choose among open-class word translations</title>
		<author>
			<persName xmlns="http://www.tei-c.org/ns/1.0"><forename type="first">John</forename><surname>Bateman</surname></persName>
		</author>
		<imprint>
			<date type="published" when="1990" />
		</imprint>
	</monogr>
	<note>Upper modeling: A level of semantics for natural language processing</note>
</biblStruct>

<biblStruct >
	<monogr>
				<title level="m">Proc. Fifth International Workshop on Natural Language Generation</title>
		<meeting>Fifth International Workshop on Natural Language Generation<address><addrLine>Dawson, PA</addrLine></address></meeting>
		<imprint>
			<biblScope unit="page" from="54" to="61" />
		</imprint>
	</monogr>
</biblStruct>

<biblStruct >
	<analytic>
		<title level="a" type="main">The N-Best algorithm: An efficient search procedure for finding top N sentence hypotheses</title>
		<author>
			<persName xmlns="http://www.tei-c.org/ns/1.0"><forename type="first">F</forename><surname>Peter</surname></persName>
		</author>
		<author>
			<persName xmlns="http://www.tei-c.org/ns/1.0"><forename type="first">S</forename><forename type="middle">A</forename><surname>Brown</surname></persName>
		</author>
		<author>
			<persName xmlns="http://www.tei-c.org/ns/1.0"><forename type="first">V</forename><forename type="middle">J</forename><surname>Della Pietra</surname></persName>
		</author>
		<author>
			<persName xmlns="http://www.tei-c.org/ns/1.0"><forename type="first">R</forename><forename type="middle">L</forename><surname>Della Pietra</surname></persName>
		</author>
		<author>
			<persName xmlns="http://www.tei-c.org/ns/1.0"><surname>Mercer</surname></persName>
		</author>
	</analytic>
	<monogr>
		<title level="m">Proc. DARPA Speech and Natural Language Workshop</title>
		<editor>June. Yen-Lu Chow and Richard Schwartz</editor>
		<meeting>DARPA Speech and Natural Language Workshop</meeting>
		<imprint>
			<date type="published" when="1989" />
			<biblScope unit="volume">19</biblScope>
			<biblScope unit="page" from="199" to="202" />
		</imprint>
	</monogr>
	<note>The mathematics of statistical machine translation: Parameter estimation</note>
</biblStruct>

<biblStruct >
	<analytic>
		<title level="a" type="main">A comparison of the enhanced Good-Turing and deleted estimation methods for estimating probabilities of English bigrams</title>
		<author>
			<persName xmlns="http://www.tei-c.org/ns/1.0"><forename type="first">W</forename><surname>Kenneth</surname></persName>
		</author>
		<author>
			<persName xmlns="http://www.tei-c.org/ns/1.0"><forename type="first">William</forename><forename type="middle">A</forename><surname>Church</surname></persName>
		</author>
		<author>
			<persName xmlns="http://www.tei-c.org/ns/1.0"><surname>Gale</surname></persName>
		</author>
	</analytic>
	<monogr>
		<title level="j">Computer Speech and Language</title>
		<imprint>
			<biblScope unit="volume">5</biblScope>
			<biblScope unit="page" from="19" to="54" />
			<date type="published" when="1991" />
		</imprint>
	</monogr>
</biblStruct>

<biblStruct >
	<analytic>
		<title level="a" type="main">Word sense disambiguation using a second language monolingual corpus</title>
		<author>
			<persName xmlns="http://www.tei-c.org/ns/1.0"><forename type="first">Ido</forename><surname>Dagan</surname></persName>
		</author>
		<author>
			<persName xmlns="http://www.tei-c.org/ns/1.0"><forename type="first">Alon</forename><surname>Itai</surname></persName>
		</author>
	</analytic>
	<monogr>
		<title level="j">Computational Linguistics</title>
		<imprint>
			<biblScope unit="volume">20</biblScope>
			<biblScope unit="issue">4</biblScope>
			<biblScope unit="page" from="563" to="596" />
			<date type="published" when="1994" />
		</imprint>
	</monogr>
</biblStruct>

<biblStruct >
	<analytic>
		<title level="a" type="main">The Linguistic Basis of Text Generation</title>
		<author>
			<persName xmlns="http://www.tei-c.org/ns/1.0"><forename type="first">Laurence</forename><surname>Danlos</surname></persName>
		</author>
	</analytic>
	<monogr>
		<title level="m">Studies in Natural Language Processing</title>
		<imprint>
			<publisher>Cambridge University Press</publisher>
			<date type="published" when="1986" />
		</imprint>
	</monogr>
</biblStruct>

<biblStruct >
	<analytic>
		<title level="a" type="main">Controlling content realization with functional unification grammars</title>
		<author>
			<persName xmlns="http://www.tei-c.org/ns/1.0"><forename type="first">Michael</forename><surname>Elhadad</surname></persName>
		</author>
		<author>
			<persName xmlns="http://www.tei-c.org/ns/1.0"><forename type="first">Jacques</forename><surname>Robin</surname></persName>
		</author>
	</analytic>
	<monogr>
		<title level="m">Aspects of Automated Natural Language Generation</title>
		<editor>Robert Dale, Eduard Hovy, Dietmar RSsner, and Oliviero Stock</editor>
		<imprint>
			<publisher>Springier Verlag</publisher>
			<date type="published" when="1992" />
			<biblScope unit="page" from="89" to="104" />
		</imprint>
	</monogr>
</biblStruct>

<biblStruct >
	<monogr>
		<title level="m" type="main">Using Argumentation to Control Lexical Choice: A Unification-Based Implementation</title>
		<author>
			<persName xmlns="http://www.tei-c.org/ns/1.0"><forename type="first">Michael</forename><surname>Elhadad</surname></persName>
		</author>
		<imprint>
			<date type="published" when="1993" />
			<pubPlace>New York</pubPlace>
		</imprint>
		<respStmt>
			<orgName>Computer Science Department, Columbia University</orgName>
		</respStmt>
	</monogr>
<note type="report_type">Ph.D. thesis</note>
</biblStruct>

<biblStruct >
	<analytic>
		<title level="a" type="main">Default handling in incremental generation</title>
		<author>
			<persName xmlns="http://www.tei-c.org/ns/1.0"><forename type="first">Karin</forename><surname>Harbusch</surname></persName>
		</author>
		<author>
			<persName xmlns="http://www.tei-c.org/ns/1.0"><forename type="first">Gen-Ichiro</forename><surname>Kikui</surname></persName>
		</author>
		<author>
			<persName xmlns="http://www.tei-c.org/ns/1.0"><forename type="first">Anne</forename><surname>Kilger</surname></persName>
		</author>
	</analytic>
	<monogr>
		<title level="m">Proc. COLING-9~</title>
		<meeting>COLING-9~<address><addrLine>Kyoto, Japan</addrLine></address></meeting>
		<imprint>
			<date type="published" when="1994" />
			<biblScope unit="page" from="356" to="362" />
		</imprint>
	</monogr>
</biblStruct>

<biblStruct >
	<analytic>
		<title level="a" type="main">Unification-based glossing</title>
		<author>
			<persName xmlns="http://www.tei-c.org/ns/1.0"><forename type="first">Vasileios</forename><surname>Hatzivassiloglou</surname></persName>
		</author>
		<author>
			<persName xmlns="http://www.tei-c.org/ns/1.0"><forename type="first">Kevin</forename><surname>Knight</surname></persName>
		</author>
	</analytic>
	<monogr>
		<title level="m">Proc. IJCAL</title>
		<meeting>IJCAL</meeting>
		<imprint>
			<date type="published" when="1995" />
		</imprint>
	</monogr>
</biblStruct>

<biblStruct >
	<analytic>
		<title level="a" type="main">A construction-specific approach to focused interaction in flexible parsing</title>
		<author>
			<persName xmlns="http://www.tei-c.org/ns/1.0"><forename type="first">Philip</forename><forename type="middle">J</forename><surname>Hayes</surname></persName>
		</author>
	</analytic>
	<monogr>
		<title level="m">Proc. ACL</title>
		<meeting>ACL</meeting>
		<imprint>
			<date type="published" when="1981" />
			<biblScope unit="page" from="149" to="152" />
		</imprint>
	</monogr>
</biblStruct>

<biblStruct >
	<analytic>
		<title level="a" type="main">Language and spatial cognition: an interdisciplinary study of the prepositions of English</title>
		<author>
			<persName xmlns="http://www.tei-c.org/ns/1.0"><forename type="first">Annette</forename><surname>Herskovits</surname></persName>
		</author>
	</analytic>
	<monogr>
		<title level="m">Studies in Natural Language Processing</title>
		<imprint>
			<publisher>Cambridge University Press</publisher>
			<date type="published" when="1986" />
		</imprint>
	</monogr>
</biblStruct>

<biblStruct >
	<analytic>
		<title level="a" type="main">Building a large-scale knowledge base for machine translation</title>
		<author>
			<persName xmlns="http://www.tei-c.org/ns/1.0"><forename type="first">Kevin</forename><surname>Knight</surname></persName>
		</author>
		<author>
			<persName xmlns="http://www.tei-c.org/ns/1.0"><forename type="first">Steve</forename><forename type="middle">K</forename><surname>Luk</surname></persName>
		</author>
	</analytic>
	<monogr>
		<title level="m">Proc. AAAL Kevin Knight</title>
		<meeting>AAAL Kevin Knight</meeting>
		<imprint>
			<date type="published" when="1994" />
		</imprint>
	</monogr>
	<note>Proc. AAAL</note>
</biblStruct>

<biblStruct >
	<analytic>
		<title level="a" type="main">Integrating knowledge bases and statistics in MT</title>
		<author>
			<persName xmlns="http://www.tei-c.org/ns/1.0"><forename type="first">Kevin</forename><surname>Knight</surname></persName>
		</author>
		<author>
			<persName xmlns="http://www.tei-c.org/ns/1.0"><forename type="first">Ishwar</forename><surname>Chander</surname></persName>
		</author>
		<author>
			<persName xmlns="http://www.tei-c.org/ns/1.0"><forename type="first">Matthew</forename><surname>Haines</surname></persName>
		</author>
		<author>
			<persName xmlns="http://www.tei-c.org/ns/1.0"><forename type="first">Vasileios</forename><surname>Hatzivassiloglou</surname></persName>
		</author>
		<author>
			<persName xmlns="http://www.tei-c.org/ns/1.0"><forename type="first">Eduard</forename><surname>Hovy</surname></persName>
		</author>
		<author>
			<persName xmlns="http://www.tei-c.org/ns/1.0"><forename type="first">Masayo</forename><surname>Iida</surname></persName>
		</author>
		<author>
			<persName xmlns="http://www.tei-c.org/ns/1.0"><forename type="first">Steve</forename><forename type="middle">K</forename><surname>Luk</surname></persName>
		</author>
		<author>
			<persName xmlns="http://www.tei-c.org/ns/1.0"><forename type="first">Akitoshi</forename><surname>Okumura</surname></persName>
		</author>
		<author>
			<persName xmlns="http://www.tei-c.org/ns/1.0"><forename type="first">Richard</forename><surname>Whitney</surname></persName>
		</author>
		<author>
			<persName xmlns="http://www.tei-c.org/ns/1.0"><forename type="first">Kenji</forename><surname>Yamada</surname></persName>
		</author>
	</analytic>
	<monogr>
		<title level="m">Proc. Conference of the Association for Machine Translation in the Americas (AMTA)</title>
		<meeting>Conference of the Association for Machine Translation in the Americas (AMTA)</meeting>
		<imprint>
			<date type="published" when="1994" />
		</imprint>
	</monogr>
</biblStruct>

<biblStruct >
	<analytic>
		<title level="a" type="main">Filling knowledge gaps in a broadcoverage MT system</title>
		<author>
			<persName xmlns="http://www.tei-c.org/ns/1.0"><forename type="first">Kevin</forename><surname>Knight</surname></persName>
		</author>
		<author>
			<persName xmlns="http://www.tei-c.org/ns/1.0"><forename type="first">Ishwar</forename><surname>Chander</surname></persName>
		</author>
		<author>
			<persName xmlns="http://www.tei-c.org/ns/1.0"><forename type="first">Matthew</forename><surname>Haines</surname></persName>
		</author>
		<author>
			<persName xmlns="http://www.tei-c.org/ns/1.0"><forename type="first">Vasileios</forename><surname>Hatzivassiloglou</surname></persName>
		</author>
		<author>
			<persName xmlns="http://www.tei-c.org/ns/1.0"><forename type="first">Eduard</forename><surname>Hovy</surname></persName>
		</author>
		<author>
			<persName xmlns="http://www.tei-c.org/ns/1.0"><forename type="first">Masayo</forename><surname>Iida</surname></persName>
		</author>
		<author>
			<persName xmlns="http://www.tei-c.org/ns/1.0"><forename type="first">Steve</forename><forename type="middle">K</forename><surname>Luk</surname></persName>
		</author>
		<author>
			<persName xmlns="http://www.tei-c.org/ns/1.0"><forename type="first">Richard</forename><surname>Whitney</surname></persName>
		</author>
		<author>
			<persName xmlns="http://www.tei-c.org/ns/1.0"><forename type="first">Kenji</forename><surname>Yamada</surname></persName>
		</author>
	</analytic>
	<monogr>
		<title level="m">Proc. IJCAI</title>
		<meeting>IJCAI</meeting>
		<imprint>
			<date type="published" when="1995" />
		</imprint>
	</monogr>
</biblStruct>

<biblStruct >
	<analytic>
		<title level="a" type="main">User-needs analysis and design methodology for an automated document generator</title>
		<author>
			<persName xmlns="http://www.tei-c.org/ns/1.0"><forename type="first">Karen</forename><surname>Kukich</surname></persName>
		</author>
		<author>
			<persName xmlns="http://www.tei-c.org/ns/1.0"><forename type="first">K</forename><surname>Mckeown</surname></persName>
		</author>
		<author>
			<persName xmlns="http://www.tei-c.org/ns/1.0"><forename type="first">J</forename><surname>Shaw</surname></persName>
		</author>
		<author>
			<persName xmlns="http://www.tei-c.org/ns/1.0"><forename type="first">J</forename><surname>Robin</surname></persName>
		</author>
		<author>
			<persName xmlns="http://www.tei-c.org/ns/1.0"><forename type="first">N</forename><surname>Morgan</surname></persName>
		</author>
		<author>
			<persName xmlns="http://www.tei-c.org/ns/1.0"><forename type="first">J</forename><surname>Phillips</surname></persName>
		</author>
	</analytic>
	<monogr>
		<title level="m">Current Issues in Computational Linguistics: In Honour of Don Walker</title>
		<editor>A. Zampolli, N. Calzolari, and M. Palmer</editor>
		<meeting><address><addrLine>Boston</addrLine></address></meeting>
		<imprint>
			<publisher>Kluwer Academic Press</publisher>
			<date type="published" when="1994" />
		</imprint>
	</monogr>
</biblStruct>

<biblStruct >
	<analytic>
		<title level="a" type="main">Fluency in natural language reports</title>
		<author>
			<persName xmlns="http://www.tei-c.org/ns/1.0"><forename type="first">Karen</forename><surname>Kukich</surname></persName>
		</author>
	</analytic>
	<monogr>
		<title level="m">Natural Language Generation Systems</title>
		<editor>David D. McDonald and Leonard Bolc</editor>
		<meeting><address><addrLine>Berlin</addrLine></address></meeting>
		<imprint>
			<publisher>Springer-Verlag</publisher>
			<date type="published" when="1988" />
		</imprint>
	</monogr>
</biblStruct>

<biblStruct >
	<analytic>
		<title level="a" type="main">An integrated heuristic scheme for partial parse evaluation</title>
		<author>
			<persName xmlns="http://www.tei-c.org/ns/1.0"><forename type="first">Alon</forename><surname>Lavie</surname></persName>
		</author>
	</analytic>
	<monogr>
		<title level="m">Proc. A CL (student session)</title>
		<meeting>A CL (student session)</meeting>
		<imprint>
			<date type="published" when="1994" />
		</imprint>
	</monogr>
</biblStruct>

<biblStruct >
	<monogr>
		<title level="m" type="main">Mumble-86: Design and implementation</title>
		<author>
			<persName xmlns="http://www.tei-c.org/ns/1.0"><forename type="first">Marie</forename><forename type="middle">W</forename><surname>Meteer</surname></persName>
		</author>
		<author>
			<persName xmlns="http://www.tei-c.org/ns/1.0"><forename type="first">D</forename><forename type="middle">D</forename><surname>Mcdonald</surname></persName>
		</author>
		<author>
			<persName xmlns="http://www.tei-c.org/ns/1.0"><forename type="first">S</forename><forename type="middle">D</forename><surname>Anderson</surname></persName>
		</author>
		<author>
			<persName xmlns="http://www.tei-c.org/ns/1.0"><forename type="first">D</forename><surname>Forster</surname></persName>
		</author>
		<author>
			<persName xmlns="http://www.tei-c.org/ns/1.0"><forename type="first">L</forename><forename type="middle">S</forename><surname>Gay</surname></persName>
		</author>
		<author>
			<persName xmlns="http://www.tei-c.org/ns/1.0"><forename type="first">A</forename><forename type="middle">K</forename><surname>Huettner</surname></persName>
		</author>
		<author>
			<persName xmlns="http://www.tei-c.org/ns/1.0"><forename type="first">P</forename><surname>Stbun</surname></persName>
		</author>
		<idno>COINS 87-87</idno>
		<imprint>
			<date type="published" when="1987" />
			<pubPlace>Ahmerst, MA</pubPlace>
		</imprint>
		<respStmt>
			<orgName>University of Massachussets at Amherst</orgName>
		</respStmt>
	</monogr>
<note type="report_type">Technical Report</note>
</biblStruct>

<biblStruct >
	<analytic>
		<title level="a" type="main">Wordnet: An on-line lexical database</title>
		<author>
			<persName xmlns="http://www.tei-c.org/ns/1.0"><forename type="first">George</forename><forename type="middle">A</forename><surname>Miller</surname></persName>
		</author>
	</analytic>
	<monogr>
		<title level="j">International Journal of Lexicography</title>
		<imprint>
			<biblScope unit="volume">3</biblScope>
			<biblScope unit="issue">4</biblScope>
			<date type="published" when="1990" />
		</imprint>
	</monogr>
	<note>Special Issue</note>
</biblStruct>

<biblStruct >
	<monogr>
		<title level="m" type="main">The Penman documentation</title>
		<author>
			<persName xmlns="http://www.tei-c.org/ns/1.0"><surname>Penman</surname></persName>
		</author>
		<imprint>
			<date type="published" when="1989" />
		</imprint>
		<respStmt>
			<orgName>USC/Information Sciences Institute</orgName>
		</respStmt>
	</monogr>
<note type="report_type">Technical report</note>
</biblStruct>

<biblStruct >
	<monogr>
		<title level="m" type="main">Revision-Based Generation of Natural Language Summaries Providing Historical Background: Corpus-based Analysis, Design, Implementation, and Evaluation</title>
		<idno>CU-CS- 034-94</idno>
		<editor>Paul Procter</editor>
		<imprint>
			<date type="published" when="1978" />
			<pubPlace>New York, NY. Also</pubPlace>
		</imprint>
		<respStmt>
			<orgName>Longman Dictionary of Contemporary English. Longman, Essex, UK. Jacques :Robin ; Computer Science Department, Columbia University</orgName>
		</respStmt>
	</monogr>
<note type="report_type">Technical Report</note>
</biblStruct>

<biblStruct >
	<analytic>
		<title level="a" type="main">Using collocations for language generation</title>
		<author>
			<persName xmlns="http://www.tei-c.org/ns/1.0"><forename type="first">Frank</forename><surname>Smadja</surname></persName>
		</author>
		<author>
			<persName xmlns="http://www.tei-c.org/ns/1.0"><forename type="first">Kathleen</forename><forename type="middle">R</forename><surname>Mckeown</surname></persName>
		</author>
	</analytic>
	<monogr>
		<title level="j">Computational Intelligence</title>
		<imprint>
			<biblScope unit="volume">7</biblScope>
			<biblScope unit="issue">4</biblScope>
			<biblScope unit="page" from="229" to="239" />
			<date type="published" when="1991-12" />
		</imprint>
	</monogr>
</biblStruct>

<biblStruct >
	<monogr>
		<title level="m" type="main">The GenKit and Transformation Kit User&apos;s Guide. Technical Report CMU-CMT-88-MEMO</title>
		<author>
			<persName xmlns="http://www.tei-c.org/ns/1.0"><forename type="first">M</forename><surname>Tomita</surname></persName>
		</author>
		<author>
			<persName xmlns="http://www.tei-c.org/ns/1.0"><forename type="first">E</forename><surname>Nyberg</surname></persName>
		</author>
		<imprint>
			<date type="published" when="1988" />
		</imprint>
		<respStmt>
			<orgName>Center for Machine Translation, Carnegie Mellon University</orgName>
		</respStmt>
	</monogr>
</biblStruct>

<biblStruct >
	<monogr>
		<title level="m" type="main">Readings in Speech Recognition</title>
		<editor>A. Waibel and K. F. Lee</editor>
		<imprint>
			<date type="published" when="1990" />
			<publisher>Morgan Kaufmann</publisher>
			<pubPlace>San Mateo, CA</pubPlace>
		</imprint>
	</monogr>
</biblStruct>

<biblStruct >
	<analytic>
		<title level="a" type="main">Responding to potentially unparseable sentences</title>
		<author>
			<persName xmlns="http://www.tei-c.org/ns/1.0"><forename type="first">R</forename><surname>Weischedel</surname></persName>
		</author>
		<author>
			<persName xmlns="http://www.tei-c.org/ns/1.0"><forename type="first">J</forename><surname>Black</surname></persName>
		</author>
	</analytic>
	<monogr>
		<title level="j">Am. J. Computational Linguistics</title>
		<imprint>
			<biblScope unit="volume">6</biblScope>
			<date type="published" when="1980" />
		</imprint>
	</monogr>
</biblStruct>

			</listBibl>
		</back>
	</text>
</TEI>
