<?xml version="1.0" ?>
<TEI xmlns="http://www.tei-c.org/ns/1.0" xmlns:xlink="http://www.w3.org/1999/xlink" 
 xmlns:mml="http://www.w3.org/1998/Math/MathML">
	<teiHeader>
		<fileDesc xml:id="f_3852"/>
	</teiHeader>
	<text>
		<front/>
		<body/>
		<back>
			<listBibl>
<biblStruct >
	<monogr>
		<title level="m" type="main">Une grammaire lexicaliste d&apos;Arbres Adjoints pour le fran~ais</title>
		<author>
			<persName xmlns="http://www.tei-c.org/ns/1.0"><forename type="first">A</forename><surname>Abeill~</surname></persName>
		</author>
		<imprint>
			<date type="published" when="1991" />
		</imprint>
		<respStmt>
			<orgName>Univ. Paris 7</orgName>
		</respStmt>
	</monogr>
<note type="report_type">PhD thesis</note>
</biblStruct>

<biblStruct >
	<monogr>
		<title level="m" type="main">HyTAG : a new type of Tree Adjoining Grammars for Hybrid Syntactic Representation of Free Order Languages</title>
		<author>
			<persName xmlns="http://www.tei-c.org/ns/1.0"><forename type="first">T</forename><surname>Becker</surname></persName>
		</author>
		<imprint>
			<date type="published" when="1993" />
		</imprint>
		<respStmt>
			<orgName>Univ. of Saarbriicken</orgName>
		</respStmt>
	</monogr>
<note type="report_type">PhD thesis</note>
</biblStruct>

<biblStruct >
	<monogr>
				<author>
			<persName xmlns="http://www.tei-c.org/ns/1.0"><forename type="first">T</forename><surname>Becker</surname></persName>
		</author>
		<title level="m">Patterns in Metarules. Proc. of TAG+3</title>
		<imprint>
			<date type="published" when="1994" />
		</imprint>
	</monogr>
</biblStruct>

<biblStruct >
	<analytic>
		<title level="a" type="main">Encoding Lexicalized Tree Adjoining Grammar with a Nonmonotonic Inheritance Hierarchy</title>
		<author>
			<persName xmlns="http://www.tei-c.org/ns/1.0"><forename type="first">M-H</forename><surname>Candito ; Copenhagen</surname></persName>
		</author>
		<author>
			<persName xmlns="http://www.tei-c.org/ns/1.0"><forename type="first">.</forename><forename type="middle">R</forename><surname>Evans</surname></persName>
		</author>
		<author>
			<persName xmlns="http://www.tei-c.org/ns/1.0"><forename type="first">G</forename><surname>Gazdar</surname></persName>
		</author>
		<author>
			<persName xmlns="http://www.tei-c.org/ns/1.0"><forename type="first">D</forename><surname>Weir</surname></persName>
		</author>
	</analytic>
	<monogr>
		<title level="m">Proc. of COLING&apos;96</title>
		<meeting>of COLING&apos;96<address><addrLine>Boston</addrLine></address></meeting>
		<imprint>
			<date type="published" when="1995" />
		</imprint>
	</monogr>
	<note>Proc. of ACL&apos;95</note>
</biblStruct>

<biblStruct >
	<analytic>
		<title level="a" type="main">Introduction to Tree Adjoining Grammar</title>
		<author>
			<persName xmlns="http://www.tei-c.org/ns/1.0"><forename type="first">A</forename><surname>Joshi</surname></persName>
		</author>
	</analytic>
	<monogr>
		<title level="m">The Mathematics of Language, J. Benjamins</title>
		<editor>A. Manaster Ramer</editor>
		<imprint>
			<date type="published" when="1987" />
			<biblScope unit="page" from="87" to="114" />
		</imprint>
	</monogr>
</biblStruct>

<biblStruct >
	<monogr>
		<title level="m" type="main">The linguistic relevance of Tree Adjoining Grammars</title>
		<author>
			<persName xmlns="http://www.tei-c.org/ns/1.0"><forename type="first">A</forename><surname>Kroch</surname></persName>
		</author>
		<author>
			<persName xmlns="http://www.tei-c.org/ns/1.0"><forename type="first">A</forename><surname>Joshi</surname></persName>
		</author>
		<imprint>
			<date type="published" when="1985" />
		</imprint>
		<respStmt>
			<orgName>Univ. of Pennsylvania</orgName>
		</respStmt>
	</monogr>
<note type="report_type">Technical report</note>
</biblStruct>

<biblStruct >
	<analytic>
		<title level="a" type="main">XTAG-A graphical Workbench for developing Tree Adjoining Grammars</title>
		<author>
			<persName xmlns="http://www.tei-c.org/ns/1.0"><forename type="first">P</forename><surname>Paroubek</surname></persName>
		</author>
		<author>
			<persName xmlns="http://www.tei-c.org/ns/1.0"><forename type="first">Y</forename><surname>Schabes</surname></persName>
		</author>
		<author>
			<persName xmlns="http://www.tei-c.org/ns/1.0"><forename type="first">A</forename><surname>Joshi</surname></persName>
		</author>
	</analytic>
	<monogr>
		<title level="m">Proc. of 3-ANLP</title>
		<editor>Trento. J. Rogers and K. Vijay-Shanker</editor>
		<meeting>of 3-ANLP</meeting>
		<imprint>
			<date type="published" when="1992" />
			<biblScope unit="page" from="72" to="80" />
		</imprint>
	</monogr>
	<note>Proc. ACL&apos;92</note>
</biblStruct>

<biblStruct >
	<analytic>
		<title level="a" type="main">Obtaining trees from their descriptions : an application to Tree-Adjoining Grammars</title>
		<author>
			<persName xmlns="http://www.tei-c.org/ns/1.0"><forename type="first">J</forename><surname>Rogers</surname></persName>
		</author>
		<author>
			<persName xmlns="http://www.tei-c.org/ns/1.0"><forename type="first">K</forename><surname>Vijay-Shanker</surname></persName>
		</author>
	</analytic>
	<monogr>
		<title level="m">A. Abeill6 and A. Joshi. 1988. Parsing strategies with lexicalized grammars : Tree Adjoining Grammars. Proc. of COLING&apos;88</title>
		<meeting><address><addrLine>Budapest</addrLine></address></meeting>
		<imprint>
			<date type="published" when="1994" />
			<biblScope unit="volume">10</biblScope>
		</imprint>
	</monogr>
</biblStruct>

<biblStruct >
	<analytic>
		<title level="a" type="main">Structure Sharing in Lexicalized Tree Adjoining Grammar</title>
		<author>
			<persName xmlns="http://www.tei-c.org/ns/1.0"><forename type="first">K</forename><surname>Vijay-Shanker</surname></persName>
		</author>
		<author>
			<persName xmlns="http://www.tei-c.org/ns/1.0"><forename type="first">Y</forename><surname>Schabes</surname></persName>
		</author>
		<idno>IRCS 95-03</idno>
	</analytic>
	<monogr>
		<title level="m">Proc, of COLING&apos;92</title>
		<meeting>of COLING&apos;92<address><addrLine>Nantes</addrLine></address></meeting>
		<imprint>
			<date type="published" when="1992" />
			<biblScope unit="page" from="205" to="211" />
		</imprint>
		<respStmt>
			<orgName>Univ. of Pennsylvania</orgName>
		</respStmt>
	</monogr>
<note type="report_type">Technical Report</note>
	<note>XTAG research group. 1995. A lexicalized TAG for English</note>
</biblStruct>

<biblStruct >
	<monogr>
		<title level="m" type="main">Intuitively the remaining underspecified links are taken to be path of minimal length. See Rogers and Vijay-Shanker (94)</title>
		<imprint/>
	</monogr>
</biblStruct>

<biblStruct >
	<monogr>
		<title level="m" type="main">By the time of conference, we will be able to give figures for the families with sentential complements also</title>
		<imprint/>
	</monogr>
</biblStruct>

			</listBibl>
		</back>
	</text>
</TEI>
