<?xml version="1.0" ?>
<TEI xmlns="http://www.tei-c.org/ns/1.0" xmlns:xlink="http://www.w3.org/1999/xlink" 
 xmlns:mml="http://www.w3.org/1998/Math/MathML">
	<teiHeader>
		<fileDesc xml:id="f_876"/>
	</teiHeader>
	<text>
		<front/>
		<body/>
		<back>
			<listBibl>
<biblStruct >
	<monogr>
		<title level="m" type="main">and Regression Trees</title>
		<imprint>
			<pubPlace>Wadsworth &amp; Brooks, Pacific Grove CA</pubPlace>
		</imprint>
	</monogr>
</biblStruct>

<biblStruct >
	<analytic>
		<title level="a" type="main">An acoustic-phonetic data base</title>
		<author>
			<persName xmlns="http://www.tei-c.org/ns/1.0"><forename type="first">William</forename><surname>Fisher</surname></persName>
		</author>
		<author>
			<persName xmlns="http://www.tei-c.org/ns/1.0"><forename type="first">D</forename><surname>Victor Zue</surname></persName>
		</author>
		<author>
			<persName xmlns="http://www.tei-c.org/ns/1.0"><forename type="first">David</forename><surname>Bernstein</surname></persName>
		</author>
		<author>
			<persName xmlns="http://www.tei-c.org/ns/1.0"><surname>Pallet</surname></persName>
		</author>
	</analytic>
	<monogr>
		<title level="j">Journal of the Acoustical Society of America</title>
		<imprint>
			<biblScope unit="volume">91</biblScope>
			<date type="published" when="1987-12" />
		</imprint>
	</monogr>
	<note>Supplement 1</note>
</biblStruct>

<biblStruct >
	<analytic>
		<title level="a" type="main">Automatic induction of finite state transducers for simple phonological rules</title>
		<author>
			<persName xmlns="http://www.tei-c.org/ns/1.0"><forename type="first">Daniel</forename><surname>Gildea</surname></persName>
		</author>
		<author>
			<persName xmlns="http://www.tei-c.org/ns/1.0"><forename type="first">Daniel</forename><surname>Jurafsky</surname></persName>
		</author>
	</analytic>
	<monogr>
		<title level="m">33rd Annual Meeting of the Association for Computational Linguistics</title>
		<meeting><address><addrLine>Morristown, NJ. As</addrLine></address></meeting>
		<imprint>
			<date type="published" when="1995" />
			<biblScope unit="page" from="9" to="15" />
		</imprint>
	</monogr>
	<note>sociation for ComputationM Linguistics</note>
</biblStruct>

<biblStruct >
	<monogr>
		<title level="m" type="main">Formal Aspects of Phonological Description</title>
		<author>
			<persName xmlns="http://www.tei-c.org/ns/1.0"><forename type="first">C</forename></persName>
		</author>
		<author>
			<persName xmlns="http://www.tei-c.org/ns/1.0"><forename type="first">Douglas</forename><surname>Johnson</surname></persName>
		</author>
		<imprint>
			<date type="published" when="1972" />
			<publisher>Mouton</publisher>
			<pubPlace>Mouton, The Hague</pubPlace>
		</imprint>
	</monogr>
</biblStruct>

<biblStruct >
	<analytic>
		<title level="a" type="main">Regular models of phonological rule systems</title>
		<author>
			<persName xmlns="http://www.tei-c.org/ns/1.0"><forename type="first">Ronald</forename><surname>Kaplan</surname></persName>
		</author>
		<author>
			<persName xmlns="http://www.tei-c.org/ns/1.0"><forename type="first">Martin</forename><surname>Kay</surname></persName>
		</author>
	</analytic>
	<monogr>
		<title level="j">Computational Linguistics</title>
		<imprint>
			<biblScope unit="volume">20</biblScope>
			<biblScope unit="page" from="331" to="378" />
			<date type="published" when="1994" />
		</imprint>
	</monogr>
</biblStruct>

<biblStruct >
	<monogr>
		<title level="m" type="main">Two-Level Morphology: a General Computational Model for Word-Form Recognition and Production</title>
		<author>
			<persName xmlns="http://www.tei-c.org/ns/1.0"><forename type="first">Kimmo</forename><surname>Koskenniemi</surname></persName>
		</author>
		<imprint>
			<date type="published" when="1983" />
			<pubPlace>Helsinki</pubPlace>
		</imprint>
		<respStmt>
			<orgName>University of Helsinki</orgName>
		</respStmt>
	</monogr>
<note type="report_type">Ph.D. thesis</note>
</biblStruct>

<biblStruct >
	<analytic>
		<title level="a" type="main">Optimal speech recognition using phone recognition and lexical access</title>
		<author>
			<persName xmlns="http://www.tei-c.org/ns/1.0"><forename type="first">Andrej</forename><surname>Ljolje</surname></persName>
		</author>
		<author>
			<persName xmlns="http://www.tei-c.org/ns/1.0"><forename type="first">D</forename><surname>Michael</surname></persName>
		</author>
		<author>
			<persName xmlns="http://www.tei-c.org/ns/1.0"><surname>Riley</surname></persName>
		</author>
	</analytic>
	<monogr>
		<title level="m">Proceedings of ICSLP</title>
		<meeting>ICSLP<address><addrLine>Banff, Canada</addrLine></address></meeting>
		<imprint>
			<date type="published" when="1992-10" />
			<biblScope unit="page" from="313" to="316" />
		</imprint>
	</monogr>
</biblStruct>

<biblStruct >
	<analytic>
		<title level="a" type="main">Statistical decision-tree models for parsing</title>
		<author>
			<persName xmlns="http://www.tei-c.org/ns/1.0"><forename type="first">David</forename><surname>Magerman</surname></persName>
		</author>
	</analytic>
	<monogr>
		<title level="m">33rd Annual Meeting of the Association for Computational Linguistics</title>
		<meeting><address><addrLine>Morristown, NJ</addrLine></address></meeting>
		<imprint>
			<date type="published" when="1995" />
			<biblScope unit="page" from="276" to="283" />
		</imprint>
	</monogr>
	<note>Association for Computational Linguistics</note>
</biblStruct>

<biblStruct >
	<analytic>
		<title level="a" type="main">An efficient compiler for weighted rewrite rules</title>
		<author>
			<persName xmlns="http://www.tei-c.org/ns/1.0"><forename type="first">Mehryar</forename><surname>Mohri</surname></persName>
		</author>
		<author>
			<persName xmlns="http://www.tei-c.org/ns/1.0"><forename type="first">Richard</forename><surname>Sproat</surname></persName>
		</author>
	</analytic>
	<monogr>
		<title level="m">34rd Annual Meeting of the Association for Computational Linguistics</title>
		<meeting><address><addrLine>Morristown, NJ</addrLine></address></meeting>
		<imprint>
			<publisher>Association for Computational Linguistics</publisher>
			<date type="published" when="1996" />
		</imprint>
	</monogr>
</biblStruct>

<biblStruct >
	<analytic>
		<title level="a" type="main">Learning subsequential transducers for pattern recognition tasks</title>
		<author>
			<persName xmlns="http://www.tei-c.org/ns/1.0"><forename type="first">Jos~</forename><surname>Oncina</surname></persName>
		</author>
		<author>
			<persName xmlns="http://www.tei-c.org/ns/1.0"><forename type="first">Pedro</forename><surname>Garela</surname></persName>
		</author>
		<author>
			<persName xmlns="http://www.tei-c.org/ns/1.0"><forename type="first">Enrique</forename><surname>Vidal</surname></persName>
		</author>
	</analytic>
	<monogr>
		<title level="j">IEEE Transactions on Pattern Analysis and Machine Intelligence</title>
		<imprint>
			<biblScope unit="volume">15</biblScope>
			<biblScope unit="page" from="448" to="458" />
			<date type="published" when="1993" />
		</imprint>
	</monogr>
</biblStruct>

<biblStruct >
	<analytic>
		<title level="a" type="main">The design for the Wall Street Journal-based CSR corpus</title>
		<author>
			<persName xmlns="http://www.tei-c.org/ns/1.0"><forename type="first">Douglas</forename><surname>Paul</surname></persName>
		</author>
		<author>
			<persName xmlns="http://www.tei-c.org/ns/1.0"><forename type="first">Janet</forename><surname>Baker</surname></persName>
		</author>
	</analytic>
	<monogr>
		<title level="m">Proceedings of International Conference on Spoken Language Processing</title>
		<meeting>International Conference on Spoken Language Processing<address><addrLine>Banff, Alberta. ICSLP</addrLine></address></meeting>
		<imprint>
			<date type="published" when="1992" />
		</imprint>
	</monogr>
</biblStruct>

<biblStruct >
	<monogr>
		<title level="m" type="main">Speech recognition by composition of weighted finite automata. CMP-LG archive paper 9603001</title>
		<author>
			<persName xmlns="http://www.tei-c.org/ns/1.0"><forename type="first">Fernando</forename><surname>Pereira</surname></persName>
		</author>
		<author>
			<persName xmlns="http://www.tei-c.org/ns/1.0"><forename type="first">Michael</forename><surname>Riley</surname></persName>
		</author>
		<imprint>
			<date type="published" when="1996" />
		</imprint>
	</monogr>
</biblStruct>

<biblStruct >
	<analytic>
		<title level="a" type="main">Weighted rational transductions and their application to human language processing</title>
		<author>
			<persName xmlns="http://www.tei-c.org/ns/1.0"><forename type="first">Fernando</forename><surname>Pereira</surname></persName>
		</author>
		<author>
			<persName xmlns="http://www.tei-c.org/ns/1.0"><forename type="first">Michael</forename><surname>Riley</surname></persName>
		</author>
		<author>
			<persName xmlns="http://www.tei-c.org/ns/1.0"><forename type="first">Richard</forename><surname>Sproat</surname></persName>
		</author>
	</analytic>
	<monogr>
		<title level="m">ARPA Workshop on Human Language Technology</title>
		<imprint>
			<date type="published" when="1994" />
			<biblScope unit="volume">222</biblScope>
			<biblScope unit="page" from="249" to="254" />
		</imprint>
	</monogr>
</biblStruct>

<biblStruct >
	<monogr>
		<title level="m" type="main">Advanced Research Projects Agency</title>
		<imprint>
			<date type="published" when="2011-03-08" />
		</imprint>
	</monogr>
</biblStruct>

<biblStruct >
	<analytic>
		<title level="a" type="main">The DARPA 1000-word Resource Management Database for continuous speech recognition</title>
		<author>
			<persName xmlns="http://www.tei-c.org/ns/1.0"><forename type="first">Patty</forename><surname>Price</surname></persName>
		</author>
		<author>
			<persName xmlns="http://www.tei-c.org/ns/1.0"><forename type="first">William</forename><surname>Fisher</surname></persName>
		</author>
		<author>
			<persName xmlns="http://www.tei-c.org/ns/1.0"><forename type="first">Jared</forename><surname>Bernstein</surname></persName>
		</author>
		<author>
			<persName xmlns="http://www.tei-c.org/ns/1.0"><forename type="first">David</forename><surname>Pallett</surname></persName>
		</author>
	</analytic>
	<monogr>
		<title level="m">Proceedings of ICASSP88</title>
		<meeting>ICASSP88<address><addrLine>New York. ICASSP</addrLine></address></meeting>
		<imprint>
			<date type="published" when="1988" />
			<biblScope unit="volume">1</biblScope>
			<biblScope unit="page" from="651" to="654" />
		</imprint>
	</monogr>
</biblStruct>

<biblStruct >
	<analytic>
		<title level="a" type="main">Some applications of treebased modelling to speech and language</title>
		<author>
			<persName xmlns="http://www.tei-c.org/ns/1.0"><forename type="first">Michael</forename><surname>Riley</surname></persName>
		</author>
		<author>
			<persName xmlns="http://www.tei-c.org/ns/1.0"><forename type="first">;</forename><surname>Darpa</surname></persName>
		</author>
		<author>
			<persName xmlns="http://www.tei-c.org/ns/1.0"><forename type="first">Morgan</forename><surname>Kaufmann</surname></persName>
		</author>
	</analytic>
	<monogr>
		<title level="m">Proceedings of the Speech and Natural Language Workshop</title>
		<meeting>the Speech and Natural Language Workshop<address><addrLine>Cape Cod MA</addrLine></address></meeting>
		<imprint>
			<date type="published" when="1989-10" />
			<biblScope unit="page" from="339" to="352" />
		</imprint>
	</monogr>
</biblStruct>

<biblStruct >
	<analytic>
		<title level="a" type="main">A statistical model for generating pronunciation networks</title>
		<author>
			<persName xmlns="http://www.tei-c.org/ns/1.0"><forename type="first">Michael</forename><surname>Riley</surname></persName>
		</author>
	</analytic>
	<monogr>
		<title level="m">Proceedings of the International Conference on Acoustics, Speech, and Signal Processing</title>
		<meeting>the International Conference on Acoustics, Speech, and Signal Processing</meeting>
		<imprint>
			<date type="published" when="1991-10" />
		</imprint>
	</monogr>
	<note>pages Sl1.1.Sll.4. ICASSP91</note>
</biblStruct>

<biblStruct >
	<analytic>
		<title level="a" type="main">A finite-state architecture for tokenization and grapheme-to-phoneme conversion for multilingual text analysis</title>
		<author>
			<persName xmlns="http://www.tei-c.org/ns/1.0"><forename type="first">Richard</forename><surname>Sproat</surname></persName>
		</author>
	</analytic>
	<monogr>
		<title level="m">Proceedings of the EACL SIGDAT Workshop</title>
		<editor>Susan Armstrong and Evelyne Tzoukermann</editor>
		<meeting>the EACL SIGDAT Workshop<address><addrLine>Dublin, Ireland</addrLine></address></meeting>
		<imprint>
			<date type="published" when="1995" />
			<biblScope unit="page" from="65" to="72" />
		</imprint>
	</monogr>
	<note>Association for Computational Linguistics</note>
</biblStruct>

<biblStruct >
	<analytic>
		<title level="a" type="main">Multilingual text analysis for text-to-speech synthesis</title>
		<author>
			<persName xmlns="http://www.tei-c.org/ns/1.0"><forename type="first">Richard</forename><surname>Sproat</surname></persName>
		</author>
	</analytic>
	<monogr>
		<title level="m">Proceedings of the ECAI-96 Workshop on Extended Finite State Models of Language</title>
		<meeting>the ECAI-96 Workshop on Extended Finite State Models of Language<address><addrLine>Budapest, Hungary.</addrLine></address></meeting>
		<imprint>
			<date type="published" when="1996" />
		</imprint>
	</monogr>
	<note>European Conference on Artificial Intelligence</note>
</biblStruct>

<biblStruct >
	<analytic>
		<title level="a" type="main">Automatic classification of intonational phrase boundaries</title>
		<author>
			<persName xmlns="http://www.tei-c.org/ns/1.0"><forename type="first">Michelle</forename><surname>Wang</surname></persName>
		</author>
		<author>
			<persName xmlns="http://www.tei-c.org/ns/1.0"><forename type="first">Julia</forename><surname>Hirschberg</surname></persName>
		</author>
	</analytic>
	<monogr>
		<title level="j">Computer Speech and Language</title>
		<imprint>
			<biblScope unit="volume">6</biblScope>
			<biblScope unit="page" from="175" to="196" />
			<date type="published" when="1992" />
		</imprint>
	</monogr>
</biblStruct>

			</listBibl>
		</back>
	</text>
</TEI>
