<?xml version="1.0" ?>
<TEI xmlns="http://www.tei-c.org/ns/1.0" xmlns:xlink="http://www.w3.org/1999/xlink" 
 xmlns:mml="http://www.w3.org/1998/Math/MathML">
	<teiHeader>
		<fileDesc xml:id="f_3764"/>
	</teiHeader>
	<text>
		<front/>
		<body/>
		<back>
			<listBibl>
<biblStruct >
	<analytic>
		<title level="a" type="main">Locally least-cost error recovery in Earley&apos;s algorithm</title>
		<author>
			<persName xmlns="http://www.tei-c.org/ns/1.0"><forename type="first">S</forename><forename type="middle">O</forename><surname>Anderson</surname></persName>
		</author>
		<author>
			<persName xmlns="http://www.tei-c.org/ns/1.0"><forename type="first">R</forename><forename type="middle">C</forename><surname>Backhouse</surname></persName>
		</author>
	</analytic>
	<monogr>
		<title level="j">A CM Transactions on Programming Languages and Systems</title>
		<imprint>
			<biblScope unit="volume">3</biblScope>
			<biblScope unit="page" from="318" to="347" />
			<date type="published" when="1981" />
		</imprint>
	</monogr>
</biblStruct>

<biblStruct >
	<monogr>
		<title level="m" type="main">Statistical language learning</title>
		<author>
			<persName xmlns="http://www.tei-c.org/ns/1.0"><forename type="first">Eugene</forename><surname>Charniak</surname></persName>
		</author>
		<imprint>
			<date type="published" when="1993" />
			<publisher>MIT Press</publisher>
			<pubPlace>Cambridge, MA</pubPlace>
		</imprint>
	</monogr>
</biblStruct>

<biblStruct >
	<monogr>
		<title level="m" type="main">Algorithmic schemata and data structures in syntactic processing</title>
		<author>
			<persName xmlns="http://www.tei-c.org/ns/1.0"><forename type="first">Martin</forename><surname>Kay</surname></persName>
		</author>
		<idno>CSL-80-12</idno>
		<imprint>
			<date type="published" when="1980" />
			<pubPlace>October</pubPlace>
		</imprint>
	</monogr>
</biblStruct>

<biblStruct >
	<analytic>
		<title level="a" type="main">The estimation of stochastic context-free grammars using the insideoutside algorithm</title>
		<author>
			<persName xmlns="http://www.tei-c.org/ns/1.0"><forename type="first">K</forename><surname>Lari</surname></persName>
		</author>
		<author>
			<persName xmlns="http://www.tei-c.org/ns/1.0"><forename type="first">S</forename><forename type="middle">J</forename><surname>Young</surname></persName>
		</author>
	</analytic>
	<monogr>
		<title level="j">Computer Speech and Language</title>
		<imprint>
			<biblScope unit="volume">4</biblScope>
			<biblScope unit="page" from="35" to="36" />
			<date type="published" when="1990" />
		</imprint>
	</monogr>
</biblStruct>

<biblStruct >
	<monogr>
		<title level="m" type="main">Elements of the theory of computation. Englewood Cliffs</title>
		<author>
			<persName xmlns="http://www.tei-c.org/ns/1.0"><forename type="first">R</forename><surname>Harry</surname></persName>
		</author>
		<author>
			<persName xmlns="http://www.tei-c.org/ns/1.0"><forename type="first">Christos</forename><forename type="middle">H</forename><surname>Lewis</surname></persName>
		</author>
		<author>
			<persName xmlns="http://www.tei-c.org/ns/1.0"><surname>Papadimitriou</surname></persName>
		</author>
		<imprint>
			<date type="published" when="1981" />
			<publisher>Prentice-Hall, Inc</publisher>
			<pubPlace>New Jersey</pubPlace>
		</imprint>
	</monogr>
</biblStruct>

<biblStruct >
	<analytic>
		<title level="a" type="main">Optimality Theory: Constraint interaction in generative grammar</title>
		<author>
			<persName xmlns="http://www.tei-c.org/ns/1.0"><forename type="first">Alan</forename><surname>Prince</surname></persName>
		</author>
		<author>
			<persName xmlns="http://www.tei-c.org/ns/1.0"><forename type="first">Paul</forename><surname>Smolensky</surname></persName>
		</author>
		<idno>TR-2</idno>
	</analytic>
	<monogr>
		<title level="j">Linguistic Inquiry Monograph Series</title>
		<imprint>
			<date type="published" when="1993-03" />
			<publisher>MIT Press</publisher>
		</imprint>
		<respStmt>
			<orgName>Department of Computer Science, University of Colorado at Boulder, and ; Rutgers Center for Cognitive Science, Rutgers University</orgName>
		</respStmt>
	</monogr>
<note type="report_type">Technical Report</note>
	<note>To appear in the</note>
</biblStruct>

<biblStruct >
	<monogr>
		<title level="m" type="main">Time warps, string edits, and macromolecules: The theory and practice of sequence comparison</title>
		<author>
			<persName xmlns="http://www.tei-c.org/ns/1.0"><forename type="first">David</forename><surname>Sankoff</surname></persName>
		</author>
		<author>
			<persName xmlns="http://www.tei-c.org/ns/1.0"><forename type="first">Joseph</forename><surname>Kruskal</surname></persName>
		</author>
		<imprint>
			<date type="published" when="1983" />
			<publisher>Addison-Wesley</publisher>
			<pubPlace>Reading, MA</pubPlace>
		</imprint>
	</monogr>
</biblStruct>

			</listBibl>
		</back>
	</text>
</TEI>
