<?xml version="1.0" ?>
<TEI xmlns="http://www.tei-c.org/ns/1.0" xmlns:xlink="http://www.w3.org/1999/xlink" 
 xmlns:mml="http://www.w3.org/1998/Math/MathML">
	<teiHeader>
		<fileDesc xml:id="f_906"/>
	</teiHeader>
	<text>
		<front/>
		<body/>
		<back>
			<listBibl>
<biblStruct >
	<analytic>
		<title level="a" type="main">The translation of formal proofs into English</title>
		<author>
			<persName xmlns="http://www.tei-c.org/ns/1.0"><forename type="first">Daniel</forename><surname>Chester</surname></persName>
		</author>
	</analytic>
	<monogr>
		<title level="j">Artificial Intelligence</title>
		<imprint>
			<biblScope unit="volume">7</biblScope>
			<biblScope unit="page" from="178" to="216" />
			<date type="published" when="1976" />
		</imprint>
	</monogr>
</biblStruct>

<biblStruct >
	<monogr>
		<title level="m" type="main">Generating Referring Expressions. ACL-MIT PressSeries in Natural Language Processing</title>
		<author>
			<persName xmlns="http://www.tei-c.org/ns/1.0"><forename type="first">Robert</forename><surname>Dale</surname></persName>
		</author>
		<imprint>
			<date type="published" when="1992" />
			<publisher>MIT Press</publisher>
		</imprint>
	</monogr>
</biblStruct>

<biblStruct >
	<analytic>
		<title level="a" type="main">Content determination in the generation of referring expressions</title>
		<author>
			<persName xmlns="http://www.tei-c.org/ns/1.0"><forename type="first">Robert</forename><surname>Dale</surname></persName>
		</author>
		<author>
			<persName xmlns="http://www.tei-c.org/ns/1.0"><forename type="first">Nicholas</forename><surname>Haddock</surname></persName>
		</author>
	</analytic>
	<monogr>
		<title level="j">Computational Intelligence</title>
		<imprint>
			<biblScope unit="volume">7</biblScope>
			<biblScope unit="issue">4</biblScope>
			<date type="published" when="1991" />
		</imprint>
	</monogr>
</biblStruct>

<biblStruct >
	<analytic>
		<title level="a" type="main">Natural language explanation of natural deduction proofs</title>
		<author>
			<persName xmlns="http://www.tei-c.org/ns/1.0"><forename type="first">Andrew</forename><surname>Edgar</surname></persName>
		</author>
		<author>
			<persName xmlns="http://www.tei-c.org/ns/1.0"><forename type="first">Francis</forename><forename type="middle">Jeffry</forename><surname>Pelletier</surname></persName>
		</author>
	</analytic>
	<monogr>
		<title level="m">Proc. of the first Conference of the Pacific Association for Computational Linguistics</title>
		<meeting>of the first Conference of the Pacific Association for Computational Linguistics<address><addrLine>Vancouver, Canada</addrLine></address></meeting>
		<imprint>
			<date type="published" when="1993" />
		</imprint>
		<respStmt>
			<orgName>Centre for Systems Science, Simon Fraser University</orgName>
		</respStmt>
	</monogr>
</biblStruct>

<biblStruct >
	<analytic>
		<title level="a" type="main">Untersuchungen fiber das logische SchlieBen I</title>
		<author>
			<persName xmlns="http://www.tei-c.org/ns/1.0"><forename type="first">Gerhard</forename><surname>Gentzen</surname></persName>
		</author>
	</analytic>
	<monogr>
		<title level="j">Math. Zeitschrift</title>
		<imprint>
			<biblScope unit="volume">39</biblScope>
			<biblScope unit="page" from="176" to="210" />
			<date type="published" when="1935" />
		</imprint>
	</monogr>
</biblStruct>

<biblStruct >
	<analytic>
		<title level="a" type="main">Attention, intentions, and the structure of discourse</title>
		<author>
			<persName xmlns="http://www.tei-c.org/ns/1.0"><forename type="first">Barbara</forename><forename type="middle">J</forename><surname>Grosz</surname></persName>
		</author>
		<author>
			<persName xmlns="http://www.tei-c.org/ns/1.0"><forename type="first">Candace</forename><forename type="middle">L</forename><surname>Sidner</surname></persName>
		</author>
	</analytic>
	<monogr>
		<title level="j">Computational Linguistics</title>
		<imprint>
			<biblScope unit="volume">12</biblScope>
			<biblScope unit="issue">3</biblScope>
			<biblScope unit="page" from="175" to="204" />
			<date type="published" when="1986" />
		</imprint>
	</monogr>
</biblStruct>

<biblStruct >
	<monogr>
		<title level="m" type="main">Generating Natural Language under Pragmatic Constraints</title>
		<author>
			<persName xmlns="http://www.tei-c.org/ns/1.0"><forename type="first">Eduard</forename><forename type="middle">H</forename><surname>Hovy</surname></persName>
		</author>
		<imprint>
			<date type="published" when="1988" />
			<publisher>Lawrence Erlbaum Associates</publisher>
			<pubPlace>Hillsdale, New Jersey</pubPlace>
		</imprint>
	</monogr>
</biblStruct>

<biblStruct >
	<analytic>
		<title level="a" type="main">Reference choices in mathematical proofs</title>
		<author>
			<persName xmlns="http://www.tei-c.org/ns/1.0"><forename type="first">Xiaorong</forename><surname>Huang</surname></persName>
		</author>
	</analytic>
	<monogr>
		<title level="m">Proc. of 9th European Conference on Artificial Intelligence</title>
		<editor>L. C. Aiello</editor>
		<meeting>of 9th European Conference on Artificial Intelligence</meeting>
		<imprint>
			<publisher>Pitman Publishing</publisher>
			<date type="published" when="1990" />
			<biblScope unit="page" from="720" to="725" />
		</imprint>
	</monogr>
</biblStruct>

<biblStruct >
	<analytic>
		<title level="a" type="main">Planning argumentative texts</title>
		<author>
			<persName xmlns="http://www.tei-c.org/ns/1.0"><forename type="first">Xiaorong</forename><surname>Huang</surname></persName>
		</author>
	</analytic>
	<monogr>
		<title level="m">Proc. of COLING-94</title>
		<meeting>of COLING-94<address><addrLine>Kyoto, Japan</addrLine></address></meeting>
		<imprint>
			<date type="published" when="1994" />
			<biblScope unit="page" from="329" to="333" />
		</imprint>
	</monogr>
</biblStruct>

<biblStruct >
	<monogr>
		<title level="m" type="main">Human Oriented Proof Presentation: A Reconstructive Approach. Infix</title>
		<author>
			<persName xmlns="http://www.tei-c.org/ns/1.0"><forename type="first">Xiaorong</forename><surname>Huang</surname></persName>
		</author>
		<imprint>
			<date type="published" when="1996" />
			<pubPlace>Sankt Augustin</pubPlace>
		</imprint>
	</monogr>
</biblStruct>

<biblStruct >
	<analytic>
		<title level="a" type="main">Proof Verbalization as an Application of NLG</title>
		<author>
			<persName xmlns="http://www.tei-c.org/ns/1.0"><forename type="first">Xiaorong</forename><surname>Huang</surname></persName>
		</author>
		<author>
			<persName xmlns="http://www.tei-c.org/ns/1.0"><forename type="first">Armin</forename><surname>Fiedler</surname></persName>
		</author>
	</analytic>
	<monogr>
		<title level="m">Proc. of IJCA1-97</title>
		<meeting>of IJCA1-97<address><addrLine>Nagoya, Japan, forthcoming</addrLine></address></meeting>
		<imprint>
			<date type="published" when="1997" />
		</imprint>
	</monogr>
</biblStruct>

<biblStruct >
	<monogr>
		<title level="m" type="main">Incremental generation for real-time applications</title>
		<author>
			<persName xmlns="http://www.tei-c.org/ns/1.0"><forename type="first">Anne</forename><surname>Kilger</surname></persName>
		</author>
		<author>
			<persName xmlns="http://www.tei-c.org/ns/1.0"><forename type="first">Wolfgang</forename><surname>Finkler</surname></persName>
		</author>
		<idno>RR-95-11</idno>
		<imprint>
			<date type="published" when="1995" />
			<pubPlace>DFKI, Saarbriicken, Germany</pubPlace>
		</imprint>
	</monogr>
<note type="report_type">Research Report</note>
</biblStruct>

<biblStruct >
	<analytic>
		<title level="a" type="main">Natural language generation as a computational problem</title>
		<author>
			<persName xmlns="http://www.tei-c.org/ns/1.0"><forename type="first">David</forename><forename type="middle">D</forename><surname>Mcdonald</surname></persName>
		</author>
	</analytic>
	<monogr>
		<title level="m">Brady and Berwick: Computational Models of Discourse</title>
		<imprint>
			<publisher>MIT Press</publisher>
			<date type="published" when="1983" />
		</imprint>
	</monogr>
</biblStruct>

<biblStruct >
	<monogr>
		<title level="m" type="main">Text Generation. Cambridge University Press</title>
		<author>
			<persName xmlns="http://www.tei-c.org/ns/1.0"><forename type="first">Kathleen</forename><surname>Mckeown</surname></persName>
		</author>
		<imprint>
			<date type="published" when="1985" />
			<pubPlace>Cambridge, UK</pubPlace>
		</imprint>
	</monogr>
</biblStruct>

<biblStruct >
	<analytic>
		<title level="a" type="main">Planning text for advisory dialogues</title>
		<author>
			<persName xmlns="http://www.tei-c.org/ns/1.0"><forename type="first">Johanna</forename><surname>Moore</surname></persName>
		</author>
		<author>
			<persName xmlns="http://www.tei-c.org/ns/1.0"><forename type="first">C6cile</forename><surname>Paris</surname></persName>
		</author>
	</analytic>
	<monogr>
		<title level="m">Proc. 27th</title>
		<meeting>27th</meeting>
		<imprint>
			<date type="published" when="1989" />
		</imprint>
	</monogr>
</biblStruct>

<biblStruct >
	<monogr>
				<title level="m">Annual Meeting of the Association for Computational Linguistics</title>
		<meeting><address><addrLine>Vancouver, British Columbia</addrLine></address></meeting>
		<imprint>
			<biblScope unit="page" from="203" to="211" />
		</imprint>
	</monogr>
</biblStruct>

<biblStruct >
	<analytic>
		<title level="a" type="main">Planned and unplanned discourse</title>
		<author>
			<persName xmlns="http://www.tei-c.org/ns/1.0"><forename type="first">Elinor</forename><surname>Ochs</surname></persName>
		</author>
	</analytic>
	<monogr>
		<title level="j">Syntax and Semantics</title>
		<imprint>
			<biblScope unit="volume">12</biblScope>
			<biblScope unit="page" from="51" to="80" />
			<date type="published" when="1979" />
		</imprint>
	</monogr>
</biblStruct>

<biblStruct >
	<analytic>
		<title level="a" type="main">Tailoring object descriptions to a user&apos;s level of expertise</title>
		<author>
			<persName xmlns="http://www.tei-c.org/ns/1.0"><forename type="first">C~cile</forename><surname>Paris</surname></persName>
		</author>
	</analytic>
	<monogr>
		<title level="j">Computational Linguistics</title>
		<imprint>
			<biblScope unit="volume">14</biblScope>
			<biblScope unit="page" from="64" to="78" />
			<date type="published" when="1988" />
		</imprint>
	</monogr>
</biblStruct>

<biblStruct >
	<monogr>
		<title/>
		<author>
			<persName xmlns="http://www.tei-c.org/ns/1.0"><forename type="first">T</forename><surname>Pattabhiraman</surname></persName>
		</author>
		<author>
			<persName xmlns="http://www.tei-c.org/ns/1.0"><forename type="first">Nick</forename><surname>Cercone</surname></persName>
		</author>
		<imprint>
			<date type="published" when="1993" />
		</imprint>
	</monogr>
</biblStruct>

<biblStruct >
	<analytic>
		<title level="a" type="main">Decision-theoreticsalience interactions in language generation</title>
	</analytic>
	<monogr>
		<title level="m">Proc. of IJCAI-93</title>
		<editor>Ruzena Bajcsy</editor>
		<meeting>of IJCAI-93<address><addrLine>Chamb~ry, France</addrLine></address></meeting>
		<imprint>
			<publisher>Morgan Kaufmann</publisher>
			<biblScope unit="volume">2</biblScope>
			<biblScope unit="page" from="1246" to="1252" />
		</imprint>
	</monogr>
</biblStruct>

<biblStruct >
	<monogr>
		<title level="m" type="main">Getting Computers to Talk Like You and Me. Discourse Context, Focus, and Semantics</title>
		<author>
			<persName xmlns="http://www.tei-c.org/ns/1.0"><forename type="first">Rachel</forename><surname>Reichman</surname></persName>
		</author>
		<imprint>
			<date type="published" when="1985" />
			<publisher>MIT Press</publisher>
		</imprint>
	</monogr>
</biblStruct>

<biblStruct >
	<analytic>
		<title level="a" type="main">A fast algorithm for the generation of referring expressions</title>
		<author>
			<persName xmlns="http://www.tei-c.org/ns/1.0"><forename type="first">Ehud</forename><surname>Reiter</surname></persName>
		</author>
		<author>
			<persName xmlns="http://www.tei-c.org/ns/1.0"><forename type="first">Robert</forename><surname>Dale</surname></persName>
		</author>
	</analytic>
	<monogr>
		<title level="m">Proc. of COLING-92</title>
		<meeting>of COLING-92</meeting>
		<imprint>
			<date type="published" when="1992" />
			<biblScope unit="volume">1</biblScope>
			<biblScope unit="page" from="232" to="238" />
		</imprint>
	</monogr>
</biblStruct>

<biblStruct >
	<monogr>
		<title level="m" type="main">Eine parallele Architektur zur inkrementellen Generierung multimodaler Dialogbeitriige</title>
		<author>
			<persName xmlns="http://www.tei-c.org/ns/1.0"><forename type="first">Norbert</forename><surname>Reithinger</surname></persName>
		</author>
		<imprint>
			<date type="published" when="1991" />
			<pubPlace>Infix, Sankt Augustin</pubPlace>
		</imprint>
		<respStmt>
			<orgName>Universit~t des Saarlandes. Also available as book</orgName>
		</respStmt>
	</monogr>
<note type="report_type">Ph.D. thesis</note>
</biblStruct>

<biblStruct >
	<analytic>
		<title level="a" type="main">The local organization of text</title>
		<author>
			<persName xmlns="http://www.tei-c.org/ns/1.0"><forename type="first">Penelope</forename><surname>Sibun</surname></persName>
		</author>
	</analytic>
	<monogr>
		<title level="m">Proc. of the fifth international natural language generation workshop</title>
		<editor>K. McKeown, J. Moore, and S. Nirenburg</editor>
		<meeting>of the fifth international natural language generation workshop<address><addrLine>Dawson, Pennsylvania</addrLine></address></meeting>
		<imprint>
			<date type="published" when="1990" />
			<biblScope unit="page" from="120" to="127" />
		</imprint>
	</monogr>
</biblStruct>

			</listBibl>
		</back>
	</text>
</TEI>
