<?xml version="1.0" ?>
<TEI xmlns="http://www.tei-c.org/ns/1.0" xmlns:xlink="http://www.w3.org/1999/xlink" 
 xmlns:mml="http://www.w3.org/1998/Math/MathML">
	<teiHeader>
		<fileDesc xml:id="f_796"/>
	</teiHeader>
	<text>
		<front/>
		<body/>
		<back>
			<listBibl>
<biblStruct >
	<analytic>
		<title level="a" type="main">A stochastic parts program and noun phrase parser for unrestricted text</title>
		<author>
			<persName xmlns="http://www.tei-c.org/ns/1.0"><forename type="first">K</forename><surname>Church</surname></persName>
		</author>
	</analytic>
	<monogr>
		<title level="m">Proceedings of the Second Conference on Applied Natural Language Processing</title>
		<meeting>the Second Conference on Applied Natural Language Processing</meeting>
		<imprint>
			<date type="published" when="1988" />
		</imprint>
	</monogr>
</biblStruct>

<biblStruct >
	<analytic>
		<title level="a" type="main">Conceptual association for compound noun analysis</title>
		<author>
			<persName xmlns="http://www.tei-c.org/ns/1.0"><forename type="first">M</forename><surname>Lauer</surname></persName>
		</author>
	</analytic>
	<monogr>
		<title level="m">Proceedings of the 32 &quot;d Annual Meeting of the Association for Computational Linguistics</title>
		<meeting>the 32 &quot;d Annual Meeting of the Association for Computational Linguistics<address><addrLine>Student Session, Las Cruces, NM</addrLine></address></meeting>
		<imprint>
			<date type="published" when="1994" />
		</imprint>
	</monogr>
</biblStruct>

<biblStruct >
	<analytic>
		<title level="a" type="main">Fast Statistical Parsing of Noun Phrases for Document Indexing</title>
		<author>
			<persName xmlns="http://www.tei-c.org/ns/1.0"><forename type="first">Zhai</forename><surname>Chengxiang</surname></persName>
		</author>
	</analytic>
	<monogr>
		<title level="m">Proceedings of the 35 th Annual Meeting of the Association for Computational Linguistics</title>
		<meeting>the 35 th Annual Meeting of the Association for Computational Linguistics<address><addrLine>USA</addrLine></address></meeting>
		<imprint>
			<publisher>Association for Computational Linguistics</publisher>
			<date type="published" when="1997" />
			<biblScope unit="page" from="311" to="318" />
		</imprint>
	</monogr>
</biblStruct>

<biblStruct >
	<analytic>
		<title level="a" type="main">Bayesian learning of probabilistic language models</title>
		<author>
			<persName xmlns="http://www.tei-c.org/ns/1.0"><forename type="first">A</forename><surname>Stoicke</surname></persName>
		</author>
	</analytic>
	<monogr>
		<title level="j">Dissertation for Ph.D. Degree</title>
		<imprint>
			<date type="published" when="1994" />
		</imprint>
		<respStmt>
			<orgName>University of California</orgName>
		</respStmt>
	</monogr>
</biblStruct>

<biblStruct >
	<analytic>
		<title level="a" type="main">The mechanization of linguistic learning</title>
		<author>
			<persName xmlns="http://www.tei-c.org/ns/1.0"><forename type="first">R</forename><surname>Solomonoff</surname></persName>
		</author>
	</analytic>
	<monogr>
		<title level="m">Proceedings of the 2nd International Conference on Cybernetics</title>
		<meeting>the 2nd International Conference on Cybernetics</meeting>
		<imprint/>
	</monogr>
</biblStruct>

			</listBibl>
		</back>
	</text>
</TEI>
