<?xml version="1.0" ?>
<TEI xmlns="http://www.tei-c.org/ns/1.0" xmlns:xlink="http://www.w3.org/1999/xlink" 
 xmlns:mml="http://www.w3.org/1998/Math/MathML">
	<teiHeader>
		<fileDesc xml:id="f_2902"/>
	</teiHeader>
	<text>
		<front/>
		<body/>
		<back>
			<listBibl>
<biblStruct >
	<analytic>
		<title level="a" type="main">Test-Driving TANKA: Evaluating a SemiAutomatic System of Text Analysis for Knowledge Acquisition</title>
		<author>
			<persName xmlns="http://www.tei-c.org/ns/1.0"><forename type="first">Ken</forename><surname>Barker</surname></persName>
		</author>
		<author>
			<persName xmlns="http://www.tei-c.org/ns/1.0"><forename type="first">Sylvain</forename><surname>Delisle &amp;amp; Stan</surname></persName>
		</author>
		<author>
			<persName xmlns="http://www.tei-c.org/ns/1.0"><surname>Szpakowicz</surname></persName>
		</author>
	</analytic>
	<monogr>
		<title level="m">The Twelfth Canadian Conference on Artificial Intelligence</title>
		<imprint>
			<date type="published" when="1998" />
		</imprint>
	</monogr>
</biblStruct>

<biblStruct >
	<analytic>
		<title level="a" type="main">Constraining the Interpretation of Nominal Compounds in a Limited Context</title>
		<author>
			<persName xmlns="http://www.tei-c.org/ns/1.0"><forename type="first">Timothy</forename><forename type="middle">W</forename><surname>Finin</surname></persName>
		</author>
	</analytic>
	<monogr>
		<title level="m">Analyzing Language in Restricted Domains: Sublanguage Description and Processing</title>
		<editor>R. Grishman &amp; R. Kittredge</editor>
		<meeting><address><addrLine>Lawrence Erlbaum, Hillsdale</addrLine></address></meeting>
		<imprint>
			<date type="published" when="1986" />
			<biblScope unit="page" from="163" to="173" />
		</imprint>
	</monogr>
</biblStruct>

<biblStruct >
	<analytic>
		<title level="a" type="main">On &quot;Nominal Non-Predicating</title>
		<author>
			<persName xmlns="http://www.tei-c.org/ns/1.0"><forename type="first">Steffi</forename><surname>George</surname></persName>
		</author>
	</analytic>
	<monogr>
		<title level="j">Adjectives in English. Frankfurt am Main</title>
		<imprint>
			<date type="published" when="1987" />
			<publisher>Peter Lang</publisher>
		</imprint>
	</monogr>
</biblStruct>

<biblStruct >
	<analytic>
		<title level="a" type="main">Corpus Statistics Meet the Noun Compound: Some Empirical Results</title>
		<author>
			<persName xmlns="http://www.tei-c.org/ns/1.0"><forename type="first">Mark</forename><surname>Lauer</surname></persName>
		</author>
	</analytic>
	<monogr>
		<title level="m">Proceedings of the 33rd Annual Meeting of the Association for Computational Linguistics. Cambridge</title>
		<meeting>the 33rd Annual Meeting of the Association for Computational Linguistics. Cambridge</meeting>
		<imprint>
			<date type="published" when="1995" />
			<biblScope unit="page" from="47" to="54" />
		</imprint>
	</monogr>
</biblStruct>

<biblStruct >
	<monogr>
		<title level="m" type="main">The Interpretation of English Noun Sequences on the Computer</title>
		<author>
			<persName xmlns="http://www.tei-c.org/ns/1.0"><forename type="first">Rosemary</forename><surname>Leonard</surname></persName>
		</author>
		<imprint>
			<date type="published" when="1984" />
			<publisher>North-Holland</publisher>
			<pubPlace>Amsterdam</pubPlace>
		</imprint>
	</monogr>
</biblStruct>

<biblStruct >
	<monogr>
		<title level="m" type="main">The Syntax and Semantics of Complex Nominals</title>
		<author>
			<persName xmlns="http://www.tei-c.org/ns/1.0"><forename type="first">Judith</forename><forename type="middle">N</forename><surname>Levi</surname></persName>
		</author>
		<imprint>
			<date type="published" when="1978" />
			<publisher>Academic Press</publisher>
			<pubPlace>New York</pubPlace>
		</imprint>
	</monogr>
</biblStruct>

<biblStruct >
	<analytic>
		<title level="a" type="main">Stress and Structure of Modified Noun Phrases</title>
		<author>
			<persName xmlns="http://www.tei-c.org/ns/1.0"><forename type="first">Mark &amp;amp; Richard</forename><surname>Liberman</surname></persName>
		</author>
		<author>
			<persName xmlns="http://www.tei-c.org/ns/1.0"><surname>Sproat</surname></persName>
		</author>
	</analytic>
	<monogr>
		<title level="m">Lexical Matters (CSLI Lecture Notes, 24). Stanford: Center for the Study of Language and Information</title>
		<imprint>
			<date type="published" when="1992" />
		</imprint>
	</monogr>
</biblStruct>

<biblStruct >
	<analytic>
		<title level="a" type="main">WordNet: An On-Line Lexical Database</title>
		<author>
			<persName xmlns="http://www.tei-c.org/ns/1.0"><forename type="first">George</forename><forename type="middle">A</forename><surname>Miller</surname></persName>
		</author>
	</analytic>
	<monogr>
		<title level="j">International Journal of Lexicography</title>
		<imprint>
			<biblScope unit="volume">3</biblScope>
			<biblScope unit="issue">4</biblScope>
			<date type="published" when="1990" />
		</imprint>
	</monogr>
</biblStruct>

<biblStruct >
	<analytic>
		<title level="a" type="main">Lexical Semantic Techniques for Corpus Analysis</title>
		<author>
			<persName xmlns="http://www.tei-c.org/ns/1.0"><forename type="first">James</forename><surname>Pustejovsky</surname></persName>
		</author>
		<author>
			<persName xmlns="http://www.tei-c.org/ns/1.0"><forename type="first">S</forename><surname>Bergler</surname></persName>
		</author>
		<author>
			<persName xmlns="http://www.tei-c.org/ns/1.0"><forename type="first">&amp;amp; P</forename><surname>Anick</surname></persName>
		</author>
	</analytic>
	<monogr>
		<title level="j">Computational Linguistics</title>
		<imprint>
			<biblScope unit="volume">19</biblScope>
			<biblScope unit="issue">2</biblScope>
			<biblScope unit="page" from="331" to="358" />
			<date type="published" when="1993" />
		</imprint>
	</monogr>
</biblStruct>

<biblStruct >
	<analytic>
		<title level="a" type="main">A Comprehensive Grammar of the English Language</title>
		<author>
			<persName xmlns="http://www.tei-c.org/ns/1.0"><forename type="first">Randolph</forename><surname>Quirk</surname></persName>
		</author>
		<author>
			<persName xmlns="http://www.tei-c.org/ns/1.0"><forename type="first">Sidney</forename><surname>Greenbaum</surname></persName>
		</author>
	</analytic>
	<monogr>
		<title level="m">Geoffrey Leech &amp; Jan Svartvik</title>
		<meeting><address><addrLine>London</addrLine></address></meeting>
		<imprint>
			<publisher>Longman</publisher>
			<date type="published" when="1985" />
		</imprint>
	</monogr>
</biblStruct>

<biblStruct >
	<monogr>
		<title level="m" type="main">Selection and Information: A Class-Based Approach to Lexical Relationships</title>
		<author>
			<persName xmlns="http://www.tei-c.org/ns/1.0"><forename type="first">Philip</forename><surname>Resnik</surname></persName>
		</author>
		<author>
			<persName xmlns="http://www.tei-c.org/ns/1.0"><surname>Stuart</surname></persName>
		</author>
		<idno>93-42</idno>
		<imprint>
			<date type="published" when="1993" />
		</imprint>
		<respStmt>
			<orgName>University of Pennsylvania</orgName>
		</respStmt>
	</monogr>
<note type="report_type">IRCS Report</note>
	<note>Ph.D. thesis</note>
</biblStruct>

<biblStruct >
	<monogr>
		<title level="m" type="main">Automated Interpretation of Nominal Compounds in a Technical Domain</title>
		<author>
			<persName xmlns="http://www.tei-c.org/ns/1.0"><forename type="first">Wilco</forename><surname>Ter Stal</surname></persName>
		</author>
		<imprint>
			<date type="published" when="1996" />
			<pubPlace>The Netherlands</pubPlace>
		</imprint>
		<respStmt>
			<orgName>University of Twente</orgName>
		</respStmt>
	</monogr>
	<note>Ph.D. thesis</note>
</biblStruct>

<biblStruct >
	<analytic>
		<title level="a" type="main">SENS: The System for Evaluating Noun Sequences</title>
		<author>
			<persName xmlns="http://www.tei-c.org/ns/1.0"><forename type="first">Lucy</forename><surname>Vanderwende</surname></persName>
		</author>
	</analytic>
	<monogr>
		<title level="m">Natural Language Processing</title>
		<editor>The PLNLP Approach, K. Jensen, G. Heidorn &amp; S. Richardson</editor>
		<meeting><address><addrLine>Boston</addrLine></address></meeting>
		<imprint>
			<publisher>Kluwer Academic Publishers</publisher>
			<date type="published" when="1993" />
			<biblScope unit="page" from="161" to="173" />
		</imprint>
	</monogr>
</biblStruct>

<biblStruct >
	<monogr>
		<title level="m" type="main">Semantic Patterns of NounNoun Compounds. G/Steborg: Acta Universitatis Gothoburgensis</title>
		<author>
			<persName xmlns="http://www.tei-c.org/ns/1.0"><forename type="first">Beatrice</forename><surname>Warren</surname></persName>
		</author>
		<imprint>
			<date type="published" when="1978" />
		</imprint>
	</monogr>
</biblStruct>

<biblStruct >
	<monogr>
		<title level="m" type="main">Classifying Adjectives. GSteborg: Acta Universitatis Gothoburgensis</title>
		<author>
			<persName xmlns="http://www.tei-c.org/ns/1.0"><forename type="first">Beatrice</forename><surname>Warren</surname></persName>
		</author>
		<imprint>
			<date type="published" when="1984" />
		</imprint>
	</monogr>
</biblStruct>

			</listBibl>
		</back>
	</text>
</TEI>
