<?xml version="1.0" ?>
<TEI xmlns="http://www.tei-c.org/ns/1.0" xmlns:xlink="http://www.w3.org/1999/xlink" 
 xmlns:mml="http://www.w3.org/1998/Math/MathML">
	<teiHeader>
		<fileDesc xml:id="f_1690"/>
	</teiHeader>
	<text>
		<front/>
		<body/>
		<back>
			<listBibl>
<biblStruct >
	<analytic>
		<title level="a" type="main">Modeling Prosody in a German Concept-to-Speech System</title>
		<author>
			<persName xmlns="http://www.tei-c.org/ns/1.0"><forename type="first">K</forename><surname>Alter</surname></persName>
		</author>
		<author>
			<persName xmlns="http://www.tei-c.org/ns/1.0"><forename type="first">J</forename><surname>Matiasek</surname></persName>
		</author>
		<author>
			<persName xmlns="http://www.tei-c.org/ns/1.0"><forename type="first">G</forename><surname>Niklfeld</surname></persName>
		</author>
	</analytic>
	<monogr>
		<title level="m">Natural Language Processing and Speech Technology</title>
		<editor>Gibbon D.</editor>
		<meeting><address><addrLine>Berlin</addrLine></address></meeting>
		<imprint>
			<publisher>Mouton de Gruyter</publisher>
			<date type="published" when="1996" />
		</imprint>
	</monogr>
</biblStruct>

<biblStruct >
	<monogr>
		<title level="m" type="main">Accent Variation in German Nominal Compounds of the Type (A (BC)), Linguistische Berichte</title>
		<author>
			<persName xmlns="http://www.tei-c.org/ns/1.0"><forename type="first">W</forename><forename type="middle">A</forename><surname>Benware</surname></persName>
		</author>
		<imprint>
			<date type="published" when="1987" />
			<biblScope unit="volume">108</biblScope>
			<biblScope unit="page" from="102" to="129" />
		</imprint>
		<respStmt>
			<orgName>FUF: The Universal Unifier User Manual, Dept.of Computer Science, Columbia University</orgName>
		</respStmt>
	</monogr>
</biblStruct>

<biblStruct >
	<monogr>
				<author>
			<persName xmlns="http://www.tei-c.org/ns/1.0"><forename type="first">M</forename><surname>Grice</surname></persName>
		</author>
		<author>
			<persName xmlns="http://www.tei-c.org/ns/1.0"><forename type="first">M</forename><surname>Reyelt</surname></persName>
		</author>
		<author>
			<persName xmlns="http://www.tei-c.org/ns/1.0"><forename type="first">R</forename><surname>Benzmiiller</surname></persName>
		</author>
		<author>
			<persName xmlns="http://www.tei-c.org/ns/1.0"><forename type="first">J</forename><surname>Mayer</surname></persName>
		</author>
		<author>
			<persName xmlns="http://www.tei-c.org/ns/1.0"><forename type="first">A</forename><surname>Batliner</surname></persName>
		</author>
		<title level="m">Consistency in Transcription and Labelling of German Intonation with GToBI, Proc. of ICSLP 96</title>
		<meeting><address><addrLine>Philadelphia</addrLine></address></meeting>
		<imprint>
			<date type="published" when="1996" />
			<biblScope unit="page" from="1716" to="1735" />
		</imprint>
	</monogr>
</biblStruct>

<biblStruct >
	<monogr>
		<title level="m" type="main">On the grammar and semantics of sentence accents</title>
		<author>
			<persName xmlns="http://www.tei-c.org/ns/1.0"><forename type="first">C</forename><surname>Gussenhoven</surname></persName>
		</author>
		<imprint>
			<date type="published" when="1984" />
			<publisher>Foris</publisher>
			<pubPlace>Dordrecht</pubPlace>
		</imprint>
	</monogr>
</biblStruct>

<biblStruct >
	<analytic>
		<title level="a" type="main">Using TwoLevel Morphology ms a Generator-Synthesizer Interface in Concept-to-Speech</title>
		<author>
			<persName xmlns="http://www.tei-c.org/ns/1.0"><forename type="first">G</forename><surname>Niklfeld</surname></persName>
		</author>
		<author>
			<persName xmlns="http://www.tei-c.org/ns/1.0"><forename type="first">H</forename><surname>Pirker</surname></persName>
		</author>
		<author>
			<persName xmlns="http://www.tei-c.org/ns/1.0"><forename type="first">H</forename><surname>Trost</surname></persName>
		</author>
	</analytic>
	<monogr>
		<title level="m">Proc. of Eurospeech 95</title>
		<meeting>of Eurospeech 95<address><addrLine>Madrid</addrLine></address></meeting>
		<imprint>
			<date type="published" when="1995" />
			<biblScope unit="volume">2</biblScope>
			<biblScope unit="page" from="1223" to="1249" />
		</imprint>
	</monogr>
</biblStruct>

<biblStruct >
	<analytic>
		<title level="a" type="main">Covering prosody in concept-to-speech via an extended two-levelphonology component</title>
		<author>
			<persName xmlns="http://www.tei-c.org/ns/1.0"><forename type="first">G</forename><surname>Niklfeld</surname></persName>
		</author>
		<author>
			<persName xmlns="http://www.tei-c.org/ns/1.0"><forename type="first">K</forename><surname>Alter</surname></persName>
		</author>
	</analytic>
	<monogr>
		<title level="m">Computational Phonology in Speech Technology-2nd Meeting of SIGPHON</title>
		<meeting><address><addrLine>Santa Cruz, CA</addrLine></address></meeting>
		<imprint>
			<date type="published" when="1996" />
		</imprint>
	</monogr>
</biblStruct>

<biblStruct >
	<analytic>
		<title level="a" type="main">An HPSG-Based Generator for German-An Experiment in the Reusability of Linguistic Resources</title>
		<author>
			<persName xmlns="http://www.tei-c.org/ns/1.0"><forename type="first">J</forename><surname>Matiasek</surname></persName>
		</author>
		<author>
			<persName xmlns="http://www.tei-c.org/ns/1.0"><forename type="first">H</forename><surname>Trost</surname></persName>
		</author>
	</analytic>
	<monogr>
		<title level="m">Proc. of COLING 96</title>
		<meeting>of COLING 96<address><addrLine>Copenhagen</addrLine></address></meeting>
		<imprint>
			<date type="published" when="1996" />
			<biblScope unit="page" from="752" to="57" />
		</imprint>
	</monogr>
</biblStruct>

<biblStruct >
	<analytic>
		<title level="a" type="main">A System of Stylized Intonation Contours for German</title>
		<author>
			<persName xmlns="http://www.tei-c.org/ns/1.0"><forename type="first">H</forename><surname>Pirker</surname></persName>
		</author>
		<author>
			<persName xmlns="http://www.tei-c.org/ns/1.0"><forename type="first">K</forename><surname>Alter</surname></persName>
		</author>
		<author>
			<persName xmlns="http://www.tei-c.org/ns/1.0"><forename type="first">J</forename><surname>Matiasek</surname></persName>
		</author>
		<author>
			<persName xmlns="http://www.tei-c.org/ns/1.0"><forename type="first">H</forename><surname>Trost</surname></persName>
		</author>
		<author>
			<persName xmlns="http://www.tei-c.org/ns/1.0"><forename type="first">G</forename><surname>Kubin</surname></persName>
		</author>
	</analytic>
	<monogr>
		<title level="m">Proc. of Eurospeech 97</title>
		<meeting>of Eurospeech 97<address><addrLine>Rhodes, Greece</addrLine></address></meeting>
		<imprint>
			<date type="published" when="1997" />
			<biblScope unit="volume">1</biblScope>
			<biblScope unit="page" from="307" to="317" />
		</imprint>
	</monogr>
</biblStruct>

<biblStruct >
	<analytic>
		<title level="a" type="main">Specifying Intonation from Context for Speech Synthesis</title>
		<author>
			<persName xmlns="http://www.tei-c.org/ns/1.0"><forename type="first">S</forename><surname>Prevost</surname></persName>
		</author>
		<author>
			<persName xmlns="http://www.tei-c.org/ns/1.0"><forename type="first">M</forename><surname>Steedman</surname></persName>
		</author>
	</analytic>
	<monogr>
		<title level="j">Speech Communication</title>
		<imprint>
			<biblScope unit="volume">15</biblScope>
			<biblScope unit="page" from="139" to="153" />
			<date type="published" when="1994" />
		</imprint>
	</monogr>
</biblStruct>

<biblStruct >
	<monogr>
				<author>
			<persName xmlns="http://www.tei-c.org/ns/1.0"><forename type="first">H</forename><surname>Trost</surname></persName>
		</author>
		<title level="m">X2MORF: A Morphological Component Based on Augmented Two-Level Morphology, in: IJCAI-91</title>
		<meeting><address><addrLine>San Mateo, CA</addrLine></address></meeting>
		<imprint>
			<publisher>Morgan Kaufmann</publisher>
			<date type="published" when="1991" />
			<biblScope unit="page" from="1024" to="1030" />
		</imprint>
	</monogr>
</biblStruct>

			</listBibl>
		</back>
	</text>
</TEI>
