<?xml version="1.0" ?>
<TEI xmlns="http://www.tei-c.org/ns/1.0" xmlns:xlink="http://www.w3.org/1999/xlink" 
 xmlns:mml="http://www.w3.org/1998/Math/MathML">
	<teiHeader>
		<fileDesc xml:id="f_3743"/>
	</teiHeader>
	<text>
		<front/>
		<body/>
		<back>
			<listBibl>
<biblStruct >
	<analytic>
		<title level="a" type="main">The complexity of recognition of linguistically adequate dependency grammars</title>
		<author>
			<persName xmlns="http://www.tei-c.org/ns/1.0"><forename type="first">Norbert</forename><surname>Brsker</surname></persName>
		</author>
		<author>
			<persName xmlns="http://www.tei-c.org/ns/1.0"><forename type="first">Peter</forename><surname>Neuhaus</surname></persName>
		</author>
	</analytic>
	<monogr>
		<title level="m">35th Meeting of the Association for Computational Linguistics (ACL&apos;97)</title>
		<meeting><address><addrLine>Madrid, Spain. ACL</addrLine></address></meeting>
		<imprint>
			<date type="published" when="1997" />
		</imprint>
	</monogr>
</biblStruct>

<biblStruct >
	<analytic>
		<title level="a" type="main">Three generative, lexicalised models for statistical parsing</title>
		<author>
			<persName xmlns="http://www.tei-c.org/ns/1.0"><forename type="first">M</forename><surname>Collins</surname></persName>
		</author>
	</analytic>
	<monogr>
		<title level="m">Proceedings of the 35th Annual Meeting of the Association for Computational Linguistics</title>
		<meeting>the 35th Annual Meeting of the Association for Computational Linguistics<address><addrLine>Madrid, Spain</addrLine></address></meeting>
		<imprint>
			<date type="published" when="1997-07" />
		</imprint>
	</monogr>
</biblStruct>

<biblStruct >
	<analytic>
		<title level="a" type="main">Three new probabilistic models for dependency parsing: An exploration</title>
		<author>
			<persName xmlns="http://www.tei-c.org/ns/1.0"><forename type="first">Jason</forename><forename type="middle">M</forename><surname>Eisner</surname></persName>
		</author>
	</analytic>
	<monogr>
		<title level="m">Proceedings of the 16th International Conference on Computational Linguistics (COLING&apos;96)</title>
		<meeting>the 16th International Conference on Computational Linguistics (COLING&apos;96)<address><addrLine>Copenhagen</addrLine></address></meeting>
		<imprint>
			<date type="published" when="1996" />
		</imprint>
	</monogr>
</biblStruct>

<biblStruct >
	<analytic>
		<title level="a" type="main">Dependency systems and phrase-structure systems</title>
		<author>
			<persName xmlns="http://www.tei-c.org/ns/1.0"><forename type="first">Haim</forename><surname>Galfman</surname></persName>
		</author>
	</analytic>
	<monogr>
		<title level="j">Information and Control</title>
		<imprint>
			<biblScope unit="volume">8</biblScope>
			<biblScope unit="page" from="304" to="337" />
			<date type="published" when="1965" />
		</imprint>
	</monogr>
</biblStruct>

<biblStruct >
	<analytic>
		<title level="a" type="main">English Word Grammar</title>
		<author>
			<persName xmlns="http://www.tei-c.org/ns/1.0"><forename type="first">Richard</forename><surname>Hudson</surname></persName>
		</author>
	</analytic>
	<monogr>
		<title level="j">Basil Blackwell</title>
		<imprint>
			<date type="published" when="1990" />
		</imprint>
	</monogr>
</biblStruct>

<biblStruct >
	<monogr>
		<title/>
		<author>
			<persName xmlns="http://www.tei-c.org/ns/1.0"><forename type="first">Richard</forename><surname>Hudson</surname></persName>
		</author>
		<imprint/>
	</monogr>
	<note>unpublished. Discontinuity. e-preprint (ftp.phon.ucl.ac.uk</note>
</biblStruct>

<biblStruct >
	<analytic>
		<title level="a" type="main">Tree adjunct grammars</title>
		<author>
			<persName xmlns="http://www.tei-c.org/ns/1.0"><forename type="first">K</forename><surname>Aravind</surname></persName>
		</author>
		<author>
			<persName xmlns="http://www.tei-c.org/ns/1.0"><forename type="first">Leon</forename><surname>Joshi</surname></persName>
		</author>
		<author>
			<persName xmlns="http://www.tei-c.org/ns/1.0"><forename type="first">M</forename><surname>Levy</surname></persName>
		</author>
		<author>
			<persName xmlns="http://www.tei-c.org/ns/1.0"><surname>Takahashi</surname></persName>
		</author>
	</analytic>
	<monogr>
		<title level="j">J. Comput. Syst. Sci</title>
		<imprint>
			<biblScope unit="volume">10</biblScope>
			<biblScope unit="page" from="136" to="163" />
			<date type="published" when="1975" />
		</imprint>
	</monogr>
</biblStruct>

<biblStruct >
	<analytic>
		<title level="a" type="main">The treatment of nonprojective structures in the syntactic analysis and synthesis of english and german</title>
		<author>
			<persName xmlns="http://www.tei-c.org/ns/1.0"><forename type="first">Jiirgen</forename><surname>Kunze</surname></persName>
		</author>
	</analytic>
	<monogr>
		<title level="m">Computational Linguistics</title>
		<imprint>
			<date type="published" when="1968" />
			<biblScope unit="volume">7</biblScope>
			<biblScope unit="page" from="67" to="77" />
		</imprint>
	</monogr>
</biblStruct>

<biblStruct >
	<analytic>
		<title level="a" type="main">Programme des conflits, module des conflits</title>
		<author>
			<persName xmlns="http://www.tei-c.org/ns/1.0"><forename type="first">Yves</forename><surname>Lecerf</surname></persName>
		</author>
	</analytic>
	<monogr>
		<title level="j">Bulletin bimestriel de I&apos; ATALA</title>
		<imprint>
			<biblScope unit="volume">4</biblScope>
			<biblScope unit="page">5</biblScope>
			<date type="published" when="1960" />
		</imprint>
	</monogr>
</biblStruct>

<biblStruct >
	<analytic>
		<title level="a" type="main">An Earley-style parser for dependency grammars</title>
		<author>
			<persName xmlns="http://www.tei-c.org/ns/1.0"><forename type="first">Vicenzo</forename><surname>Lombardi</surname></persName>
		</author>
	</analytic>
	<monogr>
		<title level="m">Proceedings of the 16th International Conference on Computational Linguistics (COLING&apos;96)</title>
		<meeting>the 16th International Conference on Computational Linguistics (COLING&apos;96)<address><addrLine>Copenhagen</addrLine></address></meeting>
		<imprint>
			<date type="published" when="1996" />
		</imprint>
	</monogr>
</biblStruct>

<biblStruct >
	<analytic>
		<title level="a" type="main">Sur la notion de projectivit6. Zeitschr. f. math. Logik und Grundlagen d</title>
		<author>
			<persName xmlns="http://www.tei-c.org/ns/1.0"><forename type="first">Solomon</forename><surname>Marcus</surname></persName>
		</author>
	</analytic>
	<monogr>
		<title level="j">Math</title>
		<imprint>
			<biblScope unit="volume">11</biblScope>
			<biblScope unit="page" from="181" to="192" />
			<date type="published" when="1965" />
		</imprint>
	</monogr>
</biblStruct>

<biblStruct >
	<monogr>
		<title level="m" type="main">Dependency Syntax: Theory and Practice</title>
		<author>
			<persName xmlns="http://www.tei-c.org/ns/1.0"><forename type="first">A</forename><surname>Igor</surname></persName>
		</author>
		<imprint>
			<date type="published" when="1988" />
			<pubPlace>New York</pubPlace>
		</imprint>
		<respStmt>
			<orgName>State University of New York Press</orgName>
		</respStmt>
	</monogr>
	<note>Mel&apos;6uk</note>
</biblStruct>

<biblStruct >
	<analytic>
		<title level="a" type="main">A formalism and a parser for lexicalised dependency grammars</title>
		<author>
			<persName xmlns="http://www.tei-c.org/ns/1.0"><forename type="first">Alexis</forename><surname>Nasr</surname></persName>
		</author>
	</analytic>
	<monogr>
		<title level="m">4th International Workshop on Parsing Technologies</title>
		<meeting><address><addrLine>Prague</addrLine></address></meeting>
		<imprint>
			<date type="published" when="1995" />
			<biblScope unit="page" from="186" to="195" />
		</imprint>
	</monogr>
</biblStruct>

<biblStruct >
	<monogr>
		<title level="m" type="main">Un syst~me de reformulation automatique de phrases fondd sur la Thdorie Sens-Texte : application aux langues contr61des</title>
		<author>
			<persName xmlns="http://www.tei-c.org/ns/1.0"><forename type="first">Alexis</forename><surname>Nasr</surname></persName>
		</author>
		<imprint>
			<date type="published" when="1996" />
		</imprint>
	</monogr>
	<note>Ph.D. thesis, Universit6 Paris 7</note>
</biblStruct>

<biblStruct >
	<analytic>
		<title level="a" type="main">Getting things in order</title>
		<author>
			<persName xmlns="http://www.tei-c.org/ns/1.0"><surname>Michael Reape</surname></persName>
		</author>
	</analytic>
	<monogr>
		<title level="m">Proceedings of the Symposium on Discontinuous Constituents</title>
		<meeting>the Symposium on Discontinuous Constituents<address><addrLine>Tilburg, Holland</addrLine></address></meeting>
		<imprint>
			<date type="published" when="1990" />
		</imprint>
	</monogr>
</biblStruct>

<biblStruct >
	<analytic>
		<title level="a" type="main">Dependency structures and transformational rules</title>
		<author>
			<persName xmlns="http://www.tei-c.org/ns/1.0"><forename type="first">Jane</forename><forename type="middle">J</forename><surname>Robinson</surname></persName>
		</author>
	</analytic>
	<monogr>
		<title level="j">Language</title>
		<imprint>
			<biblScope unit="volume">46</biblScope>
			<biblScope unit="issue">2</biblScope>
			<biblScope unit="page" from="259" to="285" />
			<date type="published" when="1970" />
		</imprint>
	</monogr>
</biblStruct>

			</listBibl>
		</back>
	</text>
</TEI>
