<?xml version="1.0" ?>
<TEI xmlns="http://www.tei-c.org/ns/1.0" xmlns:xlink="http://www.w3.org/1999/xlink" 
 xmlns:mml="http://www.w3.org/1998/Math/MathML">
	<teiHeader>
		<fileDesc xml:id="f_2419"/>
	</teiHeader>
	<text>
		<front/>
		<body/>
		<back>
			<listBibl>
<biblStruct >
	<analytic>
		<title level="a" type="main">On the complexity of minimum inference of regular sets</title>
		<author>
			<persName xmlns="http://www.tei-c.org/ns/1.0"><forename type="first">D</forename><surname>Angluin</surname></persName>
		</author>
	</analytic>
	<monogr>
		<title level="j">Information and Control</title>
		<imprint>
			<biblScope unit="volume">39</biblScope>
			<biblScope unit="page" from="337" to="350" />
			<date type="published" when="1978" />
		</imprint>
	</monogr>
</biblStruct>

<biblStruct >
	<monogr>
		<title level="m" type="main">A genetic algorithm for finite-state automaton induction</title>
		<author>
			<persName xmlns="http://www.tei-c.org/ns/1.0"><forename type="first">A</forename><surname>Belz</surname></persName>
		</author>
		<author>
			<persName xmlns="http://www.tei-c.org/ns/1.0"><forename type="first">B</forename><surname>Eskikaya</surname></persName>
		</author>
		<imprint>
			<date type="published" when="1998" />
		</imprint>
	</monogr>
</biblStruct>

<biblStruct >
	<analytic>
			</analytic>
	<monogr>
		<title level="m">School of Cognitive and Computing Sciences</title>
		<meeting><address><addrLine>University of Sussex</addrLine></address></meeting>
		<imprint>
			<biblScope unit="volume">487</biblScope>
		</imprint>
	</monogr>
</biblStruct>

<biblStruct >
	<analytic>
		<title level="a" type="main">Grammatical inference: introduction and survey</title>
		<author>
			<persName xmlns="http://www.tei-c.org/ns/1.0"><forename type="first">K</forename><forename type="middle">S</forename><surname>Fu</surname></persName>
		</author>
		<author>
			<persName xmlns="http://www.tei-c.org/ns/1.0"><forename type="first">T</forename><forename type="middle">L</forename><surname>Booth</surname></persName>
		</author>
	</analytic>
	<monogr>
		<title level="j">IEEE Transactions on Pattern Analysis and Machine Intelligence, PAMI</title>
		<imprint>
			<biblScope unit="volume">8</biblScope>
			<biblScope unit="page" from="343" to="375" />
			<date type="published" when="1986" />
		</imprint>
	</monogr>
</biblStruct>

<biblStruct >
	<analytic>
		<title level="a" type="main">Complexity of automaton identification from given data</title>
		<author>
			<persName xmlns="http://www.tei-c.org/ns/1.0"><forename type="first">E</forename><forename type="middle">M</forename><surname>Gold</surname></persName>
		</author>
	</analytic>
	<monogr>
		<title level="j">Information and Control</title>
		<imprint>
			<biblScope unit="volume">37</biblScope>
			<biblScope unit="page" from="302" to="320" />
			<date type="published" when="1978" />
		</imprint>
	</monogr>
</biblStruct>

<biblStruct >
	<monogr>
		<title level="m" type="main">Genetic Algorithms in search, optimization and machine learning</title>
		<author>
			<persName xmlns="http://www.tei-c.org/ns/1.0"><forename type="first">D</forename><forename type="middle">E</forename><surname>Goldberg</surname></persName>
		</author>
		<imprint>
			<date type="published" when="1989" />
			<publisher>Addison-Wesley</publisher>
		</imprint>
	</monogr>
</biblStruct>

<biblStruct >
	<monogr>
		<title level="m" type="main">The Sound Pattern of Russian</title>
		<author>
			<persName xmlns="http://www.tei-c.org/ns/1.0"><forename type="first">M</forename><surname>Halle</surname></persName>
		</author>
		<imprint>
			<date type="published" when="1971" />
			<pubPlace>Mouton, The Hague</pubPlace>
		</imprint>
	</monogr>
</biblStruct>

<biblStruct >
	<monogr>
		<title level="m" type="main">Trakhtenbrot and Ya. Barzdin. 1973. Finite Automata</title>
		<author>
			<persName xmlns="http://www.tei-c.org/ns/1.0"><forename type="first">B</forename></persName>
		</author>
		<imprint>
			<pubPlace>North Holland, Amsterdam</pubPlace>
		</imprint>
	</monogr>
</biblStruct>

			</listBibl>
		</back>
	</text>
</TEI>
