<?xml version="1.0" ?>
<TEI xmlns="http://www.tei-c.org/ns/1.0" xmlns:xlink="http://www.w3.org/1999/xlink" 
 xmlns:mml="http://www.w3.org/1998/Math/MathML">
	<teiHeader>
		<fileDesc xml:id="f_4008"/>
	</teiHeader>
	<text>
		<front/>
		<body/>
		<back>
			<listBibl>
<biblStruct >
	<monogr>
		<title level="m" type="main">An Introduction to Language</title>
		<author>
			<persName xmlns="http://www.tei-c.org/ns/1.0"><forename type="first">V</forename><surname>Fromkin</surname></persName>
		</author>
		<author>
			<persName xmlns="http://www.tei-c.org/ns/1.0"><forename type="first">R</forename><surname>Rodman</surname></persName>
		</author>
		<imprint>
			<date type="published" when="1993" />
			<publisher>Harcourt Brace Jovanovich College Publishers</publisher>
			<biblScope unit="page">276</biblScope>
			<pubPlace>Orlando, Florida, USA</pubPlace>
		</imprint>
	</monogr>
	<note>5th edition</note>
</biblStruct>

<biblStruct >
	<monogr>
		<title level="m" type="main">Guangzhou Fangyan Janjiu (Research in Cantonese DialecO</title>
		<author>
			<persName xmlns="http://www.tei-c.org/ns/1.0"><forename type="first">X</forename><surname>Li</surname></persName>
		</author>
		<author>
			<persName xmlns="http://www.tei-c.org/ns/1.0"><forename type="first">J</forename><surname>Huang</surname></persName>
		</author>
		<author>
			<persName xmlns="http://www.tei-c.org/ns/1.0"><forename type="first">Q</forename><surname>Shi</surname></persName>
		</author>
		<author>
			<persName xmlns="http://www.tei-c.org/ns/1.0"><forename type="first">Y</forename><surname>Mai</surname></persName>
		</author>
		<author>
			<persName xmlns="http://www.tei-c.org/ns/1.0"><forename type="first">D</forename><surname>Chen</surname></persName>
		</author>
		<imprint>
			<date type="published" when="1995" />
			<publisher>Guangdong People&apos;s Press</publisher>
			<biblScope unit="page">236</biblScope>
			<pubPlace>Guangzhou, China</pubPlace>
		</imprint>
	</monogr>
</biblStruct>

<biblStruct >
	<analytic>
		<title level="a" type="main">Xiandai Hanyu Cidian (Contemporary Chinese Dictionary)</title>
	</analytic>
	<monogr>
		<title level="j">the Chinese Academy of Social Sciences</title>
		<imprint>
			<date type="published" when="1996" />
			<publisher>Commercial Press</publisher>
		</imprint>
		<respStmt>
			<orgName>LICASS (Language Institute</orgName>
		</respStmt>
	</monogr>
</biblStruct>

<biblStruct >
	<monogr>
		<title level="m" type="main">Yueyu Pinyin Zibiao (The Chinese Character List with Cantonese Pinyin)</title>
		<author>
			<persName xmlns="http://www.tei-c.org/ns/1.0"><surname>Lshk</surname></persName>
		</author>
		<imprint>
			<date type="published" when="1997" />
			<pubPlace>Hong Kong</pubPlace>
		</imprint>
	</monogr>
	<note>Linguistic Society of Hong Kong</note>
</biblStruct>

<biblStruct >
	<monogr>
		<title level="m" type="main">Shiyong Guangzhouhua Fenlei Cidian (A Practical Semantically-Classified Dictionary of Cantonese)</title>
		<author>
			<persName xmlns="http://www.tei-c.org/ns/1.0"><forename type="first">Y</forename><surname>Mai</surname></persName>
		</author>
		<author>
			<persName xmlns="http://www.tei-c.org/ns/1.0"><forename type="first">B</forename><surname>Tang</surname></persName>
		</author>
		<imprint>
			<date type="published" when="1997" />
			<publisher>Guandong People&apos;s Press</publisher>
			<pubPlace>Guangzhou, China</pubPlace>
		</imprint>
	</monogr>
</biblStruct>

<biblStruct >
	<monogr>
		<title level="m" type="main">The proper place of men and machines in language translation. Machine Translation, 1-2/12</title>
		<author>
			<persName xmlns="http://www.tei-c.org/ns/1.0"><forename type="first">K</forename><surname>Martin</surname></persName>
		</author>
		<imprint>
			<date type="published" when="1997" />
			<biblScope unit="page" from="3" to="23" />
		</imprint>
	</monogr>
</biblStruct>

<biblStruct >
	<monogr>
		<title level="m" type="main">It&apos;s still the proper place. Machine Translation, 1-2/12</title>
		<author>
			<persName xmlns="http://www.tei-c.org/ns/1.0"><forename type="first">K</forename><surname>Martin</surname></persName>
		</author>
		<imprint>
			<date type="published" when="1997" />
			<biblScope unit="page" from="35" to="38" />
		</imprint>
	</monogr>
</biblStruct>

<biblStruct >
	<monogr>
		<title level="m" type="main">Machine Translation: A Knowledge-Based Approach</title>
		<author>
			<persName xmlns="http://www.tei-c.org/ns/1.0"><forename type="first">S</forename><surname>Nirenburg</surname></persName>
		</author>
		<author>
			<persName xmlns="http://www.tei-c.org/ns/1.0"><forename type="first">J</forename><surname>Carbonell</surname></persName>
		</author>
		<author>
			<persName xmlns="http://www.tei-c.org/ns/1.0"><forename type="first">M</forename><surname>Tomita</surname></persName>
		</author>
		<author>
			<persName xmlns="http://www.tei-c.org/ns/1.0"><forename type="first">K</forename><surname>Goodman</surname></persName>
		</author>
		<imprint>
			<date type="published" when="1992" />
			<publisher>Morgan Kaufmann Publishers</publisher>
			<pubPlace>San Mateo, California, USA</pubPlace>
		</imprint>
	</monogr>
</biblStruct>

<biblStruct >
	<monogr>
		<title level="m" type="main">Corpus, Concordance and Collocation</title>
		<author>
			<persName xmlns="http://www.tei-c.org/ns/1.0"><forename type="first">J</forename><surname>Sinclair</surname></persName>
		</author>
		<imprint>
			<date type="published" when="1991" />
			<pubPlace>Collins, London, UK</pubPlace>
		</imprint>
	</monogr>
</biblStruct>

<biblStruct >
	<monogr>
		<title level="m" type="main">Hanyu Fangyan Gaiyao (Introduction to Chinese Dialects)</title>
		<author>
			<persName xmlns="http://www.tei-c.org/ns/1.0"><forename type="first">J</forename><surname>Yuan</surname></persName>
		</author>
		<imprint>
			<date type="published" when="1989" />
			<publisher>Wenzi Gaige Press</publisher>
			<pubPlace>Beijing, China</pubPlace>
		</imprint>
	</monogr>
</biblStruct>

<biblStruct >
	<monogr>
		<title level="m" type="main">Guangzhouhua-Putonghua Kouyuci Duiyi Shouee (A Translation Manual of CantoneseMandarin Spoken Words and Phrases)</title>
		<author>
			<persName xmlns="http://www.tei-c.org/ns/1.0"><forename type="first">Z</forename><forename type="middle">F</forename><surname>Zeng</surname></persName>
		</author>
		<imprint>
			<date type="published" when="1984" />
			<publisher>Joint Publishing</publisher>
			<pubPlace>Hong Kong</pubPlace>
		</imprint>
	</monogr>
</biblStruct>

<biblStruct >
	<analytic>
		<title level="a" type="main">Chinese inter-dialect machine translation on the Web</title>
		<author>
			<persName xmlns="http://www.tei-c.org/ns/1.0"><forename type="first">X</forename><surname>Zhang</surname></persName>
		</author>
		<author>
			<persName xmlns="http://www.tei-c.org/ns/1.0"><forename type="first">C</forename><forename type="middle">F</forename><surname>Lau</surname></persName>
		</author>
		<author>
			<persName xmlns="http://www.tei-c.org/ns/1.0"><forename type="first">F</forename><surname>Mak</surname></persName>
		</author>
	</analytic>
	<monogr>
		<title level="m">Collaboration via the Virtual Orient Express: Proceedings of the AsiaPacific World Wide Web Conference</title>
		<imprint>
			<date type="published" when="1996" />
		</imprint>
	</monogr>
</biblStruct>

<biblStruct >
	<monogr>
		<title/>
		<author>
			<persName xmlns="http://www.tei-c.org/ns/1.0"><forename type="first">&amp;amp;</forename><forename type="middle">J</forename><surname>Castro</surname></persName>
		</author>
		<author>
			<persName xmlns="http://www.tei-c.org/ns/1.0"><surname>Bacon-Shone</surname></persName>
		</author>
		<imprint>
			<biblScope unit="page" from="419" to="429" />
		</imprint>
		<respStmt>
			<orgName>Hong Kong University</orgName>
		</respStmt>
	</monogr>
</biblStruct>

<biblStruct >
	<monogr>
		<title level="m" type="main">Intelligent Chinesepinyincharacter conversion based on phrase analysis and dynamic semantic collocation</title>
		<author>
			<persName xmlns="http://www.tei-c.org/ns/1.0"><forename type="first">X</forename><surname>Zhang</surname></persName>
		</author>
		<author>
			<persName xmlns="http://www.tei-c.org/ns/1.0"><forename type="first">F</forename><surname>Lu</surname></persName>
		</author>
		<editor>Q. Yuan</editor>
		<imprint>
			<date type="published" when="1997" />
			<publisher>Tsinghua University Press</publisher>
			<biblScope unit="page" from="389" to="395" />
			<pubPlace>Beijing, China</pubPlace>
		</imprint>
	</monogr>
	<note>Language Engineering</note>
</biblStruct>

			</listBibl>
		</back>
	</text>
</TEI>
