<?xml version="1.0" ?>
<TEI xmlns="http://www.tei-c.org/ns/1.0" xmlns:xlink="http://www.w3.org/1999/xlink" 
 xmlns:mml="http://www.w3.org/1998/Math/MathML">
	<teiHeader>
		<fileDesc xml:id="f_4200"/>
	</teiHeader>
	<text>
		<front/>
		<body/>
		<back>
			<listBibl>
<biblStruct >
	<monogr>
		<title level="m" type="main">Machine Translation : Past, Present, Future</title>
		<author>
			<persName xmlns="http://www.tei-c.org/ns/1.0"><forename type="first">W</forename><forename type="middle">J</forename><surname>Hutchins</surname></persName>
		</author>
		<imprint>
			<date type="published" when="1986" />
			<publisher>John Wiley &amp; Sons</publisher>
			<biblScope unit="volume">382</biblScope>
			<pubPlace>Chichester, England</pubPlace>
		</imprint>
	</monogr>
</biblStruct>

<biblStruct >
	<analytic>
		<title level="a" type="main">The Karlsruhe-Verbmobil Speech Recognition Engine</title>
		<author>
			<persName xmlns="http://www.tei-c.org/ns/1.0"><forename type="first">M</forename><surname>Finke</surname></persName>
		</author>
		<author>
			<persName xmlns="http://www.tei-c.org/ns/1.0"><forename type="first">P</forename><surname>Geutner</surname></persName>
		</author>
		<author>
			<persName xmlns="http://www.tei-c.org/ns/1.0"><forename type="first">H</forename><surname>Hild</surname></persName>
		</author>
		<author>
			<persName xmlns="http://www.tei-c.org/ns/1.0"><forename type="first">T</forename><surname>Kemp</surname></persName>
		</author>
		<author>
			<persName xmlns="http://www.tei-c.org/ns/1.0"><forename type="first">K</forename><surname>Ries</surname></persName>
		</author>
		<author>
			<persName xmlns="http://www.tei-c.org/ns/1.0"><forename type="first">M</forename><surname>Westphal</surname></persName>
		</author>
	</analytic>
	<monogr>
		<title level="m">Proc. of ICASSP</title>
		<meeting>of ICASSP<address><addrLine>Munich, Germany</addrLine></address></meeting>
		<imprint>
			<date type="published" when="1997" />
		</imprint>
	</monogr>
</biblStruct>

<biblStruct >
	<analytic>
		<title level="a" type="main">GETA&apos;s MTmethodology and a blueprint for its adaptation to speech translation within C-STARII</title>
	</analytic>
	<monogr>
		<title level="j">ATR International Workshop on Speech Translation</title>
		<imprint>
			<date type="published" when="1986" />
		</imprint>
	</monogr>
	<note>Boitet Ch.</note>
</biblStruct>

<biblStruct >
	<analytic>
		<title level="a" type="main">Simplification of TTS architecture versus Operational quality</title>
		<author>
			<persName xmlns="http://www.tei-c.org/ns/1.0"><forename type="first">E</forename><surname>Keller</surname></persName>
		</author>
	</analytic>
	<monogr>
		<title level="m">Proceedings of EuroSpeech&apos;97</title>
		<meeting>EuroSpeech&apos;97<address><addrLine>Rhodes, Greece</addrLine></address></meeting>
		<imprint>
			<date type="published" when="1997" />
		</imprint>
	</monogr>
</biblStruct>

<biblStruct >
	<monogr>
				<author>
			<persName xmlns="http://www.tei-c.org/ns/1.0"><forename type="first">L</forename><surname>Rabiner</surname></persName>
		</author>
		<author>
			<persName xmlns="http://www.tei-c.org/ns/1.0"><forename type="first">B</forename><forename type="middle">H</forename><surname>Juang</surname></persName>
		</author>
		<title level="m">Fundamentals of Speech Recognition</title>
		<imprint>
			<publisher>Prentice Hall</publisher>
			<date type="published" when="1993" />
			<biblScope unit="volume">507</biblScope>
		</imprint>
	</monogr>
</biblStruct>

<biblStruct >
	<analytic>
				<author>
			<persName xmlns="http://www.tei-c.org/ns/1.0"><forename type="first">J</forename><forename type="middle">P</forename><surname>Haton</surname></persName>
		</author>
		<author>
			<persName xmlns="http://www.tei-c.org/ns/1.0"><forename type="first">J</forename><forename type="middle">M</forename><surname>Pierrel</surname></persName>
		</author>
		<author>
			<persName xmlns="http://www.tei-c.org/ns/1.0"><forename type="first">G</forename><surname>Perennou</surname></persName>
		</author>
		<author>
			<persName xmlns="http://www.tei-c.org/ns/1.0"><forename type="first">J</forename><surname>Caelen</surname></persName>
		</author>
		<author>
			<persName xmlns="http://www.tei-c.org/ns/1.0"><forename type="first">J</forename><forename type="middle">L</forename><surname>Gauvain</surname></persName>
		</author>
	</analytic>
	<monogr>
		<title level="m">Reconnaissance automatique de laparole</title>
		<meeting><address><addrLine>Paris</addrLine></address></meeting>
		<imprint>
			<date type="published" when="1991" />
			<biblScope unit="volume">239</biblScope>
		</imprint>
	</monogr>
</biblStruct>

<biblStruct >
	<analytic>
		<title level="a" type="main">Fast Bootstrapping of L VCSR systems with multilingual phonem sets</title>
		<author>
			<persName xmlns="http://www.tei-c.org/ns/1.0"><forename type="first">T</forename><surname>Schultz</surname></persName>
		</author>
		<author>
			<persName xmlns="http://www.tei-c.org/ns/1.0"><forename type="first">A</forename><surname>Waibel</surname></persName>
		</author>
	</analytic>
	<monogr>
		<title level="m">Proceedings of EuroSpeech&apos;97</title>
		<meeting>EuroSpeech&apos;97<address><addrLine>Rhodes, Greece</addrLine></address></meeting>
		<imprint/>
	</monogr>
</biblStruct>

<biblStruct >
	<analytic>
		<title level="a" type="main">BREF, a Large Vocabulary Spoken Corpus for French</title>
		<author>
			<persName xmlns="http://www.tei-c.org/ns/1.0"><forename type="first">L</forename><forename type="middle">F</forename><surname>Lamel</surname></persName>
		</author>
		<author>
			<persName xmlns="http://www.tei-c.org/ns/1.0"><forename type="first">J</forename><forename type="middle">L</forename><surname>Gauvain</surname></persName>
		</author>
		<author>
			<persName xmlns="http://www.tei-c.org/ns/1.0"><forename type="first">M</forename><surname>Eskenazi</surname></persName>
		</author>
	</analytic>
	<monogr>
		<title level="m">Proceedings of. EuroSpeech&apos;91</title>
		<meeting>EuroSpeech&apos;91<address><addrLine>Genoa, Italy</addrLine></address></meeting>
		<imprint>
			<date type="published" when="1991" />
		</imprint>
	</monogr>
</biblStruct>

			</listBibl>
		</back>
	</text>
</TEI>
