<?xml version="1.0" ?>
<TEI xmlns="http://www.tei-c.org/ns/1.0" xmlns:xlink="http://www.w3.org/1999/xlink" 
 xmlns:mml="http://www.w3.org/1998/Math/MathML">
	<teiHeader>
		<fileDesc xml:id="f_2529"/>
	</teiHeader>
	<text>
		<front/>
		<body/>
		<back>
			<listBibl>
<biblStruct >
	<analytic>
		<title level="a" type="main">Towards multilingual protocol generation for spontaneous speech dialogues</title>
		<author>
			<persName xmlns="http://www.tei-c.org/ns/1.0"><forename type="first">J</forename><surname>Alexandersson</surname></persName>
		</author>
		<author>
			<persName xmlns="http://www.tei-c.org/ns/1.0"><forename type="first">P</forename><surname>Poller</surname></persName>
		</author>
	</analytic>
	<monogr>
		<title level="m">9th INLGW</title>
		<meeting><address><addrLine>Niagara-on-the-lake, Canada</addrLine></address></meeting>
		<imprint>
			<date type="published" when="1998" />
		</imprint>
	</monogr>
</biblStruct>

<biblStruct >
	<analytic>
		<title level="a" type="main">Fully lexicalized headdriven syntactic generation</title>
		<author>
			<persName xmlns="http://www.tei-c.org/ns/1.0"><forename type="first">T</forename><surname>Becker</surname></persName>
		</author>
	</analytic>
	<monogr>
		<title level="m">9th INLGW</title>
		<meeting><address><addrLine>Niagara-on-the-lake, Canada</addrLine></address></meeting>
		<imprint>
			<date type="published" when="1998" />
		</imprint>
	</monogr>
</biblStruct>

<biblStruct >
	<analytic>
		<title level="a" type="main">Verbmobil: The combination of deep and shallow processing for spontaneous speech translation</title>
		<author>
			<persName xmlns="http://www.tei-c.org/ns/1.0"><surname>Th</surname></persName>
		</author>
		<author>
			<persName xmlns="http://www.tei-c.org/ns/1.0"><forename type="first">W</forename><surname>Bub</surname></persName>
		</author>
		<author>
			<persName xmlns="http://www.tei-c.org/ns/1.0"><forename type="first">A</forename><surname>Wahlster</surname></persName>
		</author>
		<author>
			<persName xmlns="http://www.tei-c.org/ns/1.0"><surname>Waibel</surname></persName>
		</author>
	</analytic>
	<monogr>
		<title level="m">Proceedings of ICASSP &apos;97</title>
		<meeting>ICASSP &apos;97</meeting>
		<imprint>
			<date type="published" when="1997" />
		</imprint>
	</monogr>
</biblStruct>

<biblStruct >
	<analytic>
		<title level="a" type="main">An overview of automated natural language generation</title>
		<author>
			<persName xmlns="http://www.tei-c.org/ns/1.0"><forename type="first">E</forename><surname>Hovy</surname></persName>
		</author>
	</analytic>
	<monogr>
		<title level="m">Proc. of the Intl. Symposium on NL Generation and the Processing of the Chinese Language, INP(C)-96</title>
		<editor>X. Huang</editor>
		<meeting>of the Intl. Symposium on NL Generation and the essing of the Chinese Language, INP(C)-96<address><addrLine>Shanghai, China</addrLine></address></meeting>
		<imprint>
			<date type="published" when="1996" />
		</imprint>
	</monogr>
</biblStruct>

<biblStruct >
	<analytic>
		<title level="a" type="main">Compilation of HPSG to TAG</title>
		<author>
			<persName xmlns="http://www.tei-c.org/ns/1.0"><forename type="first">R</forename><surname>Kasper</surname></persName>
		</author>
		<author>
			<persName xmlns="http://www.tei-c.org/ns/1.0"><forename type="first">B</forename><surname>Kiefer</surname></persName>
		</author>
		<author>
			<persName xmlns="http://www.tei-c.org/ns/1.0"><forename type="first">K</forename><surname>Netter</surname></persName>
		</author>
		<author>
			<persName xmlns="http://www.tei-c.org/ns/1.0"><forename type="first">K</forename><surname>Vijayshanker</surname></persName>
		</author>
	</analytic>
	<monogr>
		<title level="m">33rd A CL</title>
		<meeting><address><addrLine>Cambridge, Mass</addrLine></address></meeting>
		<imprint>
			<date type="published" when="1995" />
		</imprint>
	</monogr>
</biblStruct>

<biblStruct >
	<analytic>
		<title level="a" type="main">Incremental generation for real-time applications</title>
		<author>
			<persName xmlns="http://www.tei-c.org/ns/1.0"><forename type="first">A</forename><surname>Kilger</surname></persName>
		</author>
		<author>
			<persName xmlns="http://www.tei-c.org/ns/1.0"><forename type="first">W</forename><surname>Finkler</surname></persName>
		</author>
		<idno>RR-95-11</idno>
	</analytic>
	<monogr>
		<title level="j">DFKI GmbH</title>
		<imprint>
			<date type="published" when="1995-07" />
		</imprint>
	</monogr>
<note type="report_type">Research Report</note>
</biblStruct>

<biblStruct >
	<monogr>
		<title level="m" type="main">Algorithms for constraintsatisfaction problems: A survey. AI Magazine</title>
		<author>
			<persName xmlns="http://www.tei-c.org/ns/1.0"><forename type="first">V</forename><surname>Kumar</surname></persName>
		</author>
		<imprint>
			<date type="published" when="1992" />
			<biblScope unit="volume">13</biblScope>
			<biblScope unit="page" from="32" to="44" />
		</imprint>
	</monogr>
</biblStruct>

<biblStruct >
	<monogr>
		<title level="m" type="main">Speaking: From Intention to Articulation</title>
		<author>
			<persName xmlns="http://www.tei-c.org/ns/1.0"><forename type="first">W</forename><forename type="middle">J M</forename><surname>Levelt</surname></persName>
		</author>
		<imprint>
			<date type="published" when="1989" />
			<publisher>The MIT Press</publisher>
			<pubPlace>Cambridge, MA</pubPlace>
		</imprint>
	</monogr>
</biblStruct>

<biblStruct >
	<monogr>
		<title level="m" type="main">The &quot;Generation Gap&quot;The Problem of Expressibility in Text Planning</title>
		<author>
			<persName xmlns="http://www.tei-c.org/ns/1.0"><forename type="first">M</forename><forename type="middle">W</forename><surname>Meteer</surname></persName>
		</author>
		<imprint>
			<date type="published" when="1990" />
			<pubPlace>Amherst, MA. BBN Re</pubPlace>
		</imprint>
	</monogr>
<note type="report_type">Ph.D. thesis</note>
</biblStruct>

<biblStruct >
	<monogr>
		<title level="m" type="main">Head-Driven Phrase Structure Grammar. Studies in Contemporary Linguistics</title>
		<author>
			<persName xmlns="http://www.tei-c.org/ns/1.0"><forename type="first">C</forename><surname>Pollard</surname></persName>
		</author>
		<author>
			<persName xmlns="http://www.tei-c.org/ns/1.0"><forename type="first">I</forename><forename type="middle">A</forename><surname>Sag</surname></persName>
		</author>
		<imprint>
			<date type="published" when="1994" />
			<publisher>University of Chicago Press</publisher>
			<pubPlace>Chicago</pubPlace>
		</imprint>
	</monogr>
</biblStruct>

<biblStruct >
	<analytic>
		<title level="a" type="main">Parsing strategies with &apos;lexicalized&apos; grammars: Application to tree adjoining grammars</title>
		<author>
			<persName xmlns="http://www.tei-c.org/ns/1.0"><forename type="first">Y</forename><surname>Schabes</surname></persName>
		</author>
		<author>
			<persName xmlns="http://www.tei-c.org/ns/1.0"><forename type="first">A</forename><surname>Abeill~</surname></persName>
		</author>
		<author>
			<persName xmlns="http://www.tei-c.org/ns/1.0"><forename type="first">A</forename><forename type="middle">K</forename><surname>Joshi</surname></persName>
		</author>
	</analytic>
	<monogr>
		<title level="m">COLING-88</title>
		<meeting><address><addrLine>Hungary</addrLine></address></meeting>
		<imprint>
			<biblScope unit="page" from="578" to="583" />
		</imprint>
	</monogr>
</biblStruct>

<biblStruct >
	<analytic>
		<title level="a" type="main">Feature structure based tree adjoining grammars</title>
		<author>
			<persName xmlns="http://www.tei-c.org/ns/1.0"><forename type="first">K</forename><surname>Vijay-Shanker</surname></persName>
		</author>
		<author>
			<persName xmlns="http://www.tei-c.org/ns/1.0"><forename type="first">A</forename><forename type="middle">K</forename><surname>Joshi</surname></persName>
		</author>
	</analytic>
	<monogr>
		<title level="m">COLING-88</title>
		<meeting><address><addrLine>Budapest, Hungary</addrLine></address></meeting>
		<imprint>
			<date type="published" when="1988" />
			<biblScope unit="page" from="714" to="719" />
		</imprint>
	</monogr>
</biblStruct>

<biblStruct >
	<analytic>
		<title level="a" type="main">Verbmobih Translation of face-to-face dialoges</title>
		<author>
			<persName xmlns="http://www.tei-c.org/ns/1.0"><forename type="first">W</forename><surname>Wahlster</surname></persName>
		</author>
	</analytic>
	<monogr>
		<title level="m">MT Summit IV</title>
		<meeting><address><addrLine>Kobe, Japan</addrLine></address></meeting>
		<imprint>
			<date type="published" when="1993" />
		</imprint>
	</monogr>
</biblStruct>

			</listBibl>
		</back>
	</text>
</TEI>
