<?xml version="1.0" ?>
<TEI xmlns="http://www.tei-c.org/ns/1.0" xmlns:xlink="http://www.w3.org/1999/xlink" 
 xmlns:mml="http://www.w3.org/1998/Math/MathML">
	<teiHeader>
		<fileDesc xml:id="f_686"/>
	</teiHeader>
	<text>
		<front/>
		<body/>
		<back>
			<listBibl>
<biblStruct >
	<analytic>
		<title level="a" type="main">Dictionary-based Methods for Cross-Lingual Information Retrieval</title>
		<author>
			<persName xmlns="http://www.tei-c.org/ns/1.0"><forename type="first">L</forename><surname>Ballesteros</surname></persName>
		</author>
		<author>
			<persName xmlns="http://www.tei-c.org/ns/1.0"><forename type="first">W</forename><forename type="middle">B</forename><surname>Croft</surname></persName>
		</author>
	</analytic>
	<monogr>
		<title level="m">Proceedings of the 7 h International DEXA Conference on Database and Expert Systems Applications</title>
		<meeting>the 7 h International DEXA Conference on Database and Expert Systems Applications</meeting>
		<imprint>
			<date type="published" when="1996" />
			<biblScope unit="page" from="791" to="801" />
		</imprint>
	</monogr>
</biblStruct>

<biblStruct >
	<analytic>
		<title level="a" type="main">Resolving Ambiguity for Cross-Language Retrieval</title>
		<author>
			<persName xmlns="http://www.tei-c.org/ns/1.0"><forename type="first">L</forename><surname>Ballesteros</surname></persName>
		</author>
		<author>
			<persName xmlns="http://www.tei-c.org/ns/1.0"><forename type="first">W</forename><forename type="middle">B</forename><surname>Croft</surname></persName>
		</author>
	</analytic>
	<monogr>
		<title level="m">Proceedings of 21&quot;&apos; ACM SIGIR</title>
		<meeting>21&quot;&apos; ACM SIGIR</meeting>
		<imprint>
			<date type="published" when="1998" />
			<biblScope unit="page" from="64" to="71" />
		</imprint>
	</monogr>
</biblStruct>

<biblStruct >
	<analytic>
		<title level="a" type="main">Integrating Query Translation and Document Translation in a CrossLanguage Information Retrieval System</title>
		<author>
			<persName xmlns="http://www.tei-c.org/ns/1.0"><forename type="first">G</forename><forename type="middle">W</forename><surname>Bian</surname></persName>
		</author>
		<author>
			<persName xmlns="http://www.tei-c.org/ns/1.0"><forename type="first">H</forename><forename type="middle">H</forename><surname>Chen</surname></persName>
		</author>
	</analytic>
	<monogr>
		<title level="m">Machine Translation and Information Soup</title>
		<imprint>
			<publisher>Spring-Verlag</publisher>
			<date type="published" when="1998" />
			<biblScope unit="page" from="250" to="265" />
		</imprint>
	</monogr>
</biblStruct>

<biblStruct >
	<analytic>
		<title level="a" type="main">Parsing, Word Associations and Typical Predicate-Argument Relations</title>
		<author>
			<persName xmlns="http://www.tei-c.org/ns/1.0"><forename type="first">K</forename><surname>Church</surname></persName>
		</author>
	</analytic>
	<monogr>
		<title level="m">Proceedings of International Workshop on Parsing Technologies</title>
		<meeting>International Workshop on Parsing Technologies</meeting>
		<imprint>
			<date type="published" when="1989" />
			<biblScope unit="page" from="389" to="398" />
		</imprint>
	</monogr>
</biblStruct>

<biblStruct >
	<analytic>
		<title level="a" type="main">New Experiments in Cross-Language Text Retrieval at NMSU&apos;s Computing Research Lab</title>
		<author>
			<persName xmlns="http://www.tei-c.org/ns/1.0"><forename type="first">M</forename><forename type="middle">W</forename><surname>Davis</surname></persName>
		</author>
	</analytic>
	<monogr>
		<title level="m">Proceedings of TREC 5</title>
		<meeting>TREC 5</meeting>
		<imprint>
			<date type="published" when="1997" />
			<biblScope unit="page" from="39" to="40" />
		</imprint>
	</monogr>
</biblStruct>

<biblStruct >
	<analytic>
		<title level="a" type="main">A TREC Evaluation of Query Translation Methods for Multi-lingual Text Retrieval</title>
		<author>
			<persName xmlns="http://www.tei-c.org/ns/1.0"><forename type="first">M</forename><forename type="middle">W</forename><surname>Davis</surname></persName>
		</author>
		<author>
			<persName xmlns="http://www.tei-c.org/ns/1.0"><forename type="first">T</forename><surname>Dunning</surname></persName>
		</author>
	</analytic>
	<monogr>
		<title level="m">Proceedings of TREC-4</title>
		<meeting>TREC-4</meeting>
		<imprint>
			<date type="published" when="1996" />
		</imprint>
	</monogr>
</biblStruct>

<biblStruct >
	<analytic>
		<title level="a" type="main">Automatic Feedback Using Past Queries: Social Searching</title>
		<author>
			<persName xmlns="http://www.tei-c.org/ns/1.0"><forename type="first">L</forename><surname>Fitzpatrick</surname></persName>
		</author>
		<author>
			<persName xmlns="http://www.tei-c.org/ns/1.0"><forename type="first">M</forename><surname>Dent</surname></persName>
		</author>
	</analytic>
	<monogr>
		<title level="m">Proceedings of 2ff h ACM SIGIR</title>
		<meeting>2ff h ACM SIGIR</meeting>
		<imprint>
			<date type="published" when="1997" />
			<biblScope unit="page" from="306" to="313" />
		</imprint>
	</monogr>
</biblStruct>

<biblStruct >
	<monogr>
				<author>
			<persName xmlns="http://www.tei-c.org/ns/1.0"><forename type="first">D</forename><forename type="middle">K</forename><surname>Harman</surname></persName>
		</author>
		<title level="m">TREC-6 Proceedings</title>
		<meeting><address><addrLine>Gaithersburg, Maryland</addrLine></address></meeting>
		<imprint>
			<date type="published" when="1997" />
		</imprint>
	</monogr>
</biblStruct>

<biblStruct >
	<analytic>
		<title level="a" type="main">TITAN: A Cross-linguistic Search Engine for the WWW</title>
		<author>
			<persName xmlns="http://www.tei-c.org/ns/1.0"><forename type="first">Y</forename><surname>Hayashi</surname></persName>
		</author>
		<author>
			<persName xmlns="http://www.tei-c.org/ns/1.0"><forename type="first">G</forename><surname>Kikui</surname></persName>
		</author>
		<author>
			<persName xmlns="http://www.tei-c.org/ns/1.0"><forename type="first">S</forename><surname>Susaki</surname></persName>
		</author>
	</analytic>
	<monogr>
		<title level="m">Working Notes of AAAI-97 Spring Symposiums on Cross-Language Text and Speech Retrieval</title>
		<imprint>
			<date type="published" when="1997" />
			<biblScope unit="page" from="58" to="65" />
		</imprint>
	</monogr>
</biblStruct>

<biblStruct >
	<analytic>
		<title level="a" type="main">Introduction to Academia Sinica Balanced Corpus</title>
		<author>
			<persName xmlns="http://www.tei-c.org/ns/1.0"><forename type="first">C</forename><forename type="middle">R</forename><surname>Huang</surname></persName>
		</author>
	</analytic>
	<monogr>
		<title level="m">Proceedings of ROCLING VIII</title>
		<meeting>ROCLING VIII<address><addrLine>Taiwan</addrLine></address></meeting>
		<imprint>
			<date type="published" when="1995" />
			<biblScope unit="page" from="81" to="99" />
		</imprint>
	</monogr>
</biblStruct>

<biblStruct >
	<analytic>
		<title level="a" type="main">Querying Across Languages: A Dictionary-based Approach to Multilingual Information Retrieval</title>
		<author>
			<persName xmlns="http://www.tei-c.org/ns/1.0"><forename type="first">D</forename><forename type="middle">A</forename><surname>Hull</surname></persName>
		</author>
		<author>
			<persName xmlns="http://www.tei-c.org/ns/1.0"><forename type="first">G</forename><surname>Grefenstette</surname></persName>
		</author>
	</analytic>
	<monogr>
		<title level="m">Proceedings of the 19 &apos;h ACM SIGIR</title>
		<meeting>the 19 &apos;h ACM SIGIR</meeting>
		<imprint>
			<date type="published" when="1996" />
			<biblScope unit="page" from="49" to="57" />
		</imprint>
	</monogr>
</biblStruct>

<biblStruct >
	<analytic>
		<title level="a" type="main">Evaluation of an English-Chinese CrossLingual Retrieval Experiment</title>
		<author>
			<persName xmlns="http://www.tei-c.org/ns/1.0"><forename type="first">K</forename><forename type="middle">L</forename><surname>Kowk</surname></persName>
		</author>
	</analytic>
	<monogr>
		<title level="m">Working Notes of AAAI-97</title>
		<imprint>
			<date type="published" when="1997" />
		</imprint>
	</monogr>
</biblStruct>

<biblStruct >
	<analytic>
		<title/>
	</analytic>
	<monogr>
		<title level="j">Spring Symposiums on Cross-Language Text and Speech Retrieval</title>
		<imprint>
			<biblScope unit="page" from="10" to="114" />
		</imprint>
	</monogr>
</biblStruct>

<biblStruct >
	<monogr>
		<title level="m" type="main">The New Lin Yutang ChineseEnglish Dictionary</title>
		<author>
			<persName xmlns="http://www.tei-c.org/ns/1.0"><forename type="first">M</forename><surname>Lai</surname></persName>
		</author>
		<author>
			<persName xmlns="http://www.tei-c.org/ns/1.0"><forename type="first">T</forename><forename type="middle">Y</forename><surname>Lin</surname></persName>
		</author>
		<imprint>
			<date type="published" when="1987" />
			<publisher>Panorama Press Ltd</publisher>
			<pubPlace>Hong Kong</pubPlace>
		</imprint>
	</monogr>
</biblStruct>

<biblStruct >
	<monogr>
		<title level="m" type="main">Longman Dictionary of Contemporary English</title>
		<author>
			<persName xmlns="http://www.tei-c.org/ns/1.0"><surname>Longman</surname></persName>
		</author>
		<imprint>
			<date type="published" when="1978" />
			<publisher>Longman Group Limited</publisher>
		</imprint>
	</monogr>
</biblStruct>

<biblStruct >
	<monogr>
		<title/>
		<author>
			<persName xmlns="http://www.tei-c.org/ns/1.0"><forename type="first">J</forename><surname>Mei</surname></persName>
		</author>
		<imprint>
			<date type="published" when="1982" />
			<publisher>Shanghai Dictionary Press</publisher>
			<biblScope unit="page" from="2" to="4" />
		</imprint>
	</monogr>
</biblStruct>

<biblStruct >
	<analytic>
		<title level="a" type="main">Alternative Approaches for CrossLanguage Text Retrieval</title>
		<author>
			<persName xmlns="http://www.tei-c.org/ns/1.0"><forename type="first">D</forename><forename type="middle">W</forename><surname>Oar&amp;amp;</surname></persName>
		</author>
	</analytic>
	<monogr>
		<title level="m">Working Notes of AAAI-97</title>
		<imprint>
			<date type="published" when="1997" />
		</imprint>
	</monogr>
</biblStruct>

<biblStruct >
	<monogr>
		<title level="m" type="main">Spring Symposiums on Cross-Language Text and Speech Retrieval</title>
		<imprint>
			<biblScope unit="page" from="131" to="139" />
		</imprint>
	</monogr>
</biblStruct>

<biblStruct >
	<monogr>
		<title level="m" type="main">A Survey of Multilingual Text Retrieval</title>
		<author>
			<persName xmlns="http://www.tei-c.org/ns/1.0"><forename type="first">D</forename><forename type="middle">W</forename><surname>Oard</surname></persName>
		</author>
		<author>
			<persName xmlns="http://www.tei-c.org/ns/1.0"><forename type="first">B</forename><forename type="middle">J</forename><surname>Dorr</surname></persName>
		</author>
		<idno>UMIACS-TR-96-19</idno>
		<ptr target="http://www.ee.umd.edu/medlab/filter/paperslmlir.ps" />
		<imprint>
			<date type="published" when="1996" />
		</imprint>
		<respStmt>
			<orgName>University of Maryland, Institute for Advanced Computer Studies</orgName>
		</respStmt>
	</monogr>
<note type="report_type">Technical Report</note>
</biblStruct>

<biblStruct >
	<analytic>
		<title level="a" type="main">Finding What People Want: Experiences with the WebCrawler</title>
		<author>
			<persName xmlns="http://www.tei-c.org/ns/1.0"><forename type="first">B</forename><surname>Pinkerton</surname></persName>
		</author>
	</analytic>
	<monogr>
		<title level="m">Proceedings of WWW</title>
		<meeting>WWW</meeting>
		<imprint>
			<date type="published" when="1994" />
		</imprint>
	</monogr>
</biblStruct>

<biblStruct >
	<analytic>
		<title level="a" type="main">Term Weighting Approaches in Automatic Text Retrieval</title>
		<author>
			<persName xmlns="http://www.tei-c.org/ns/1.0"><forename type="first">G</forename><surname>Salton</surname></persName>
		</author>
		<author>
			<persName xmlns="http://www.tei-c.org/ns/1.0"><forename type="first">C</forename><surname>Buckley</surname></persName>
		</author>
	</analytic>
	<monogr>
		<title level="j">Information Processing and Management</title>
		<imprint>
			<biblScope unit="volume">5</biblScope>
			<biblScope unit="issue">24</biblScope>
			<biblScope unit="page" from="513" to="523" />
			<date type="published" when="1988" />
		</imprint>
	</monogr>
</biblStruct>

<biblStruct >
	<analytic>
		<title level="a" type="main">Experiments in Multilingual Information Retrieval Using the SPIDER System</title>
		<author>
			<persName xmlns="http://www.tei-c.org/ns/1.0"><forename type="first">P</forename><surname>Sheridan</surname></persName>
		</author>
		<author>
			<persName xmlns="http://www.tei-c.org/ns/1.0"><forename type="first">J</forename><forename type="middle">P</forename><surname>Ballerini</surname></persName>
		</author>
	</analytic>
	<monogr>
		<title level="m">Proceedings of the l ff h ACM SIGIR</title>
		<meeting>the l ff h ACM SIGIR</meeting>
		<imprint>
			<date type="published" when="1996" />
			<biblScope unit="page" from="58" to="65" />
		</imprint>
	</monogr>
</biblStruct>

			</listBibl>
		</back>
	</text>
</TEI>
