<?xml version="1.0" ?>
<TEI xmlns="http://www.tei-c.org/ns/1.0" xmlns:xlink="http://www.w3.org/1999/xlink" 
 xmlns:mml="http://www.w3.org/1998/Math/MathML">
	<teiHeader>
		<fileDesc xml:id="f_725"/>
	</teiHeader>
	<text>
		<front/>
		<body/>
		<back>
			<listBibl>
<biblStruct >
	<analytic>
		<title level="a" type="main">Text segmentation using exponential models</title>
		<author>
			<persName xmlns="http://www.tei-c.org/ns/1.0"><forename type="first">D</forename><surname>Beeferman</surname></persName>
		</author>
		<author>
			<persName xmlns="http://www.tei-c.org/ns/1.0"><forename type="first">A</forename><surname>Berger</surname></persName>
		</author>
		<author>
			<persName xmlns="http://www.tei-c.org/ns/1.0"><forename type="first">J</forename><surname>Lafferty</surname></persName>
		</author>
	</analytic>
	<monogr>
		<title level="m">Proceedings of the Second Conference on Empirical Methods in Natural Language Processing</title>
		<meeting>the Second Conference on Empirical Methods in Natural Language Processing<address><addrLine>Providence, Rhode Island</addrLine></address></meeting>
		<imprint>
			<date type="published" when="1997" />
			<biblScope unit="page" from="35" to="46" />
		</imprint>
	</monogr>
</biblStruct>

<biblStruct >
	<analytic>
		<title level="a" type="main">Nymble: a high-performance learning name-finder</title>
		<author>
			<persName xmlns="http://www.tei-c.org/ns/1.0"><forename type="first">D</forename><forename type="middle">M</forename><surname>Bikel</surname></persName>
		</author>
		<author>
			<persName xmlns="http://www.tei-c.org/ns/1.0"><forename type="first">S</forename><surname>Miller</surname></persName>
		</author>
		<author>
			<persName xmlns="http://www.tei-c.org/ns/1.0"><forename type="first">R</forename><surname>Schwartz</surname></persName>
		</author>
		<author>
			<persName xmlns="http://www.tei-c.org/ns/1.0"><forename type="first">R</forename><surname>Weischedel</surname></persName>
		</author>
	</analytic>
	<monogr>
		<title level="m">Proceedings of the Fifth Conference on Applied Natural Language Processing</title>
		<meeting>the Fifth Conference on Applied Natural Language Processing<address><addrLine>Washington, D.C</addrLine></address></meeting>
		<imprint>
			<date type="published" when="1997" />
			<biblScope unit="page" from="194" to="201" />
		</imprint>
	</monogr>
</biblStruct>

<biblStruct >
	<monogr>
		<title level="m" type="main">Implementation of the SMART information retrieval system</title>
		<author>
			<persName xmlns="http://www.tei-c.org/ns/1.0"><forename type="first">C</forename><surname>Buckley</surname></persName>
		</author>
		<idno>85-686</idno>
		<imprint>
			<date type="published" when="1985" />
		</imprint>
		<respStmt>
			<orgName>Cornell University</orgName>
		</respStmt>
	</monogr>
<note type="report_type">Technical Report Technical Report</note>
</biblStruct>

<biblStruct >
	<analytic>
		<title level="a" type="main">Inverse document frequency (IDF): A measure of deviations from Poisson</title>
		<author>
			<persName xmlns="http://www.tei-c.org/ns/1.0"><forename type="first">J</forename><surname>Burstein</surname></persName>
		</author>
		<author>
			<persName xmlns="http://www.tei-c.org/ns/1.0"><forename type="first">S</forename><surname>Wolff</surname></persName>
		</author>
		<author>
			<persName xmlns="http://www.tei-c.org/ns/1.0"><forename type="first">C</forename><surname>Lu</surname></persName>
		</author>
		<author>
			<persName xmlns="http://www.tei-c.org/ns/1.0"><forename type="first">R</forename><forename type="middle">; W</forename><surname>Kaplan</surname></persName>
		</author>
		<author>
			<persName xmlns="http://www.tei-c.org/ns/1.0"><forename type="first">W</forename><forename type="middle">A</forename><surname>Gale</surname></persName>
		</author>
	</analytic>
	<monogr>
		<title level="m">Proceedings of the Fifth Conference on Applied Natural Language Processing</title>
		<editor>tn Yarowsky, D. and Church, K.</editor>
		<meeting>the Fifth Conference on Applied Natural Language Processing<address><addrLine>Washington, D.C. Church, K</addrLine></address></meeting>
		<imprint>
			<publisher>Association for Computational Linguistics</publisher>
			<date type="published" when="1995" />
			<biblScope unit="page" from="121" to="130" />
		</imprint>
	</monogr>
	<note>Proceedings of the Third Workshop on Very Large Corpora</note>
</biblStruct>

<biblStruct >
	<analytic>
		<title level="a" type="main">Good-Turing smoothing without tears</title>
		<author>
			<persName xmlns="http://www.tei-c.org/ns/1.0"><forename type="first">W</forename><surname>Gale</surname></persName>
		</author>
		<author>
			<persName xmlns="http://www.tei-c.org/ns/1.0"><forename type="first">G</forename><surname>Sampson</surname></persName>
		</author>
	</analytic>
	<monogr>
		<title level="j">Journal of Quantitative Linguistics</title>
		<imprint>
			<biblScope unit="volume">2</biblScope>
			<date type="published" when="1995" />
		</imprint>
	</monogr>
</biblStruct>

<biblStruct >
	<analytic>
		<title level="a" type="main">Attention, Intentions and the Structure of Discourse</title>
		<author>
			<persName xmlns="http://www.tei-c.org/ns/1.0"><forename type="first">B</forename><forename type="middle">J</forename><surname>Grosz</surname></persName>
		</author>
		<author>
			<persName xmlns="http://www.tei-c.org/ns/1.0"><forename type="first">C</forename><forename type="middle">L</forename><surname>Sidner</surname></persName>
		</author>
	</analytic>
	<monogr>
		<title level="j">Computational Linguistics</title>
		<imprint>
			<biblScope unit="volume">12</biblScope>
			<biblScope unit="issue">3</biblScope>
			<biblScope unit="page" from="175" to="204" />
			<date type="published" when="1986" />
		</imprint>
	</monogr>
</biblStruct>

<biblStruct >
	<monogr>
		<title level="m" type="main">Cohesion in English</title>
		<author>
			<persName xmlns="http://www.tei-c.org/ns/1.0"><forename type="first">M</forename><surname>Halliday</surname></persName>
		</author>
		<author>
			<persName xmlns="http://www.tei-c.org/ns/1.0"><forename type="first">R</forename><surname>Hasan</surname></persName>
		</author>
		<imprint>
			<date type="published" when="1976" />
			<pubPlace>New York</pubPlace>
		</imprint>
		<respStmt>
			<orgName>Longman Group</orgName>
		</respStmt>
	</monogr>
</biblStruct>

<biblStruct >
	<analytic>
		<title level="a" type="main">Multi-paragraph segmentation of expository text</title>
		<author>
			<persName xmlns="http://www.tei-c.org/ns/1.0"><forename type="first">M</forename><forename type="middle">A</forename><surname>Hearst</surname></persName>
		</author>
	</analytic>
	<monogr>
		<title level="m">Proceedings of the 32 ~&quot; Annual Meeting of the Association for Computational Linguistics</title>
		<meeting>the 32 ~&quot; Annual Meeting of the Association for Computational Linguistics<address><addrLine>Las Cruces, New Mexico</addrLine></address></meeting>
		<imprint>
			<date type="published" when="1994" />
			<biblScope unit="page" from="9" to="16" />
		</imprint>
	</monogr>
</biblStruct>

<biblStruct >
	<analytic>
		<title level="a" type="main">Similarity patterns in language</title>
		<author>
			<persName xmlns="http://www.tei-c.org/ns/1.0"><forename type="first">J</forename><forename type="middle">I</forename><surname>Helfman</surname></persName>
		</author>
	</analytic>
	<monogr>
		<title level="m">IEEE Symposium on Visual Languages</title>
		<imprint>
			<date type="published" when="1994" />
		</imprint>
	</monogr>
</biblStruct>

<biblStruct >
	<analytic>
		<title level="a" type="main">Intonational features of local and global discourse</title>
		<author>
			<persName xmlns="http://www.tei-c.org/ns/1.0"><forename type="first">J</forename><surname>Hirschberg</surname></persName>
		</author>
		<author>
			<persName xmlns="http://www.tei-c.org/ns/1.0"><forename type="first">B</forename><surname>Grosz</surname></persName>
		</author>
	</analytic>
	<monogr>
		<title level="m">Proceedings of the Workshop on Spoken Language Systems</title>
		<meeting>the Workshop on Spoken Language Systems</meeting>
		<imprint>
			<publisher>DARPA</publisher>
			<date type="published" when="1992" />
			<biblScope unit="page" from="441" to="446" />
		</imprint>
	</monogr>
</biblStruct>

<biblStruct >
	<analytic>
		<title level="a" type="main">Empirical studies on the disambiguation of cue phrases</title>
		<author>
			<persName xmlns="http://www.tei-c.org/ns/1.0"><forename type="first">J</forename><surname>Hirschberg</surname></persName>
		</author>
		<author>
			<persName xmlns="http://www.tei-c.org/ns/1.0"><forename type="first">D</forename><surname>Litman</surname></persName>
		</author>
	</analytic>
	<monogr>
		<title level="j">Computational Linguistics</title>
		<imprint>
			<biblScope unit="volume">19</biblScope>
			<biblScope unit="issue">3</biblScope>
			<biblScope unit="page" from="501" to="530" />
			<date type="published" when="1993" />
		</imprint>
	</monogr>
</biblStruct>

<biblStruct >
	<monogr>
		<title level="m" type="main">The 1996 HUB-4 annotation specification for evaluation of speech recognition on broadcast news</title>
		<editor>HUB-4 Program Committee</editor>
		<imprint>
			<date type="published" when="1996" />
		</imprint>
	</monogr>
	<note>version 3.5</note>
</biblStruct>

<biblStruct >
	<analytic>
		<title level="a" type="main">A Freely Available Wide Coverage Morphological Analyzer for English</title>
		<author>
			<persName xmlns="http://www.tei-c.org/ns/1.0"><forename type="first">D</forename><surname>Karp</surname></persName>
		</author>
		<author>
			<persName xmlns="http://www.tei-c.org/ns/1.0"><forename type="first">Y</forename><surname>Schabes</surname></persName>
		</author>
		<author>
			<persName xmlns="http://www.tei-c.org/ns/1.0"><forename type="first">M</forename><surname>Zaidel</surname></persName>
		</author>
		<author>
			<persName xmlns="http://www.tei-c.org/ns/1.0"><forename type="first">D</forename><surname>Egedi</surname></persName>
		</author>
	</analytic>
	<monogr>
		<title level="m">Proceedings of the 15 &apos;h International Conference on Computational Linguistics</title>
		<meeting>the 15 &apos;h International Conference on Computational Linguistics<address><addrLine>Nantes, France</addrLine></address></meeting>
		<imprint>
			<date type="published" when="1992" />
		</imprint>
	</monogr>
</biblStruct>

<biblStruct >
	<analytic>
		<title level="a" type="main">Distribution of content words and phrases in text and language modeling</title>
		<author>
			<persName xmlns="http://www.tei-c.org/ns/1.0"><forename type="first">S</forename><forename type="middle">M</forename><surname>Katz</surname></persName>
		</author>
	</analytic>
	<monogr>
		<title level="j">Natural Language Engineering</title>
		<imprint>
			<biblScope unit="volume">2</biblScope>
			<biblScope unit="issue">1</biblScope>
			<biblScope unit="page" from="15" to="59" />
			<date type="published" when="1996" />
		</imprint>
	</monogr>
</biblStruct>

<biblStruct >
	<analytic>
		<title level="a" type="main">Text segmentation based on similarity between words</title>
		<author>
			<persName xmlns="http://www.tei-c.org/ns/1.0"><forename type="first">H</forename><surname>Kozima</surname></persName>
		</author>
	</analytic>
	<monogr>
		<title level="m">Proceedings of the 31 ~&apos; Annual Meeting of the Association for Computational Linguistics, Student Session</title>
		<meeting>the 31 ~&apos; Annual Meeting of the Association for Computational Linguistics, Student Session</meeting>
		<imprint>
			<date type="published" when="1993" />
			<biblScope unit="page" from="286" to="288" />
		</imprint>
	</monogr>
</biblStruct>

<biblStruct >
	<monogr>
		<title level="m" type="main">Communicating Thematic Structure in Narrative Discourse: The Use of Referring Terms and Gestures</title>
		<author>
			<persName xmlns="http://www.tei-c.org/ns/1.0"><forename type="first">E</forename><forename type="middle">T</forename><surname>Levy</surname></persName>
		</author>
		<imprint>
			<date type="published" when="1984" />
		</imprint>
		<respStmt>
			<orgName>University of Chicago</orgName>
		</respStmt>
	</monogr>
<note type="report_type">Ph.D. thesis</note>
</biblStruct>

<biblStruct >
	<monogr>
		<title level="m" type="main">Five papers on WordNet</title>
		<author>
			<persName xmlns="http://www.tei-c.org/ns/1.0"><forename type="first">G</forename><forename type="middle">A</forename><surname>Miller</surname></persName>
		</author>
		<author>
			<persName xmlns="http://www.tei-c.org/ns/1.0"><forename type="first">R</forename><surname>Beckwith</surname></persName>
		</author>
		<author>
			<persName xmlns="http://www.tei-c.org/ns/1.0"><forename type="first">C</forename><surname>Fellbaum</surname></persName>
		</author>
		<author>
			<persName xmlns="http://www.tei-c.org/ns/1.0"><forename type="first">D</forename><surname>Gross</surname></persName>
		</author>
		<author>
			<persName xmlns="http://www.tei-c.org/ns/1.0"><forename type="first">K</forename><surname>Miller</surname></persName>
		</author>
		<imprint>
			<date type="published" when="1990" />
		</imprint>
		<respStmt>
			<orgName>Cognitive Science Laboratory, Princeton University</orgName>
		</respStmt>
	</monogr>
<note type="report_type">Technical report</note>
</biblStruct>

<biblStruct >
	<analytic>
		<title level="a" type="main">Lexical cohesion computed by thesaural relations as an indicator of the structure of text</title>
		<author>
			<persName xmlns="http://www.tei-c.org/ns/1.0"><forename type="first">J</forename><surname>Morris</surname></persName>
		</author>
		<author>
			<persName xmlns="http://www.tei-c.org/ns/1.0"><forename type="first">G</forename><surname>Hirst</surname></persName>
		</author>
	</analytic>
	<monogr>
		<title level="j">Computational Linguistics</title>
		<imprint>
			<biblScope unit="volume">17</biblScope>
			<biblScope unit="issue">I</biblScope>
			<biblScope unit="page" from="21" to="42" />
			<date type="published" when="1991" />
		</imprint>
	</monogr>
</biblStruct>

<biblStruct >
	<analytic>
		<title level="a" type="main">Text segmentation by topic</title>
		<author>
			<persName xmlns="http://www.tei-c.org/ns/1.0"><forename type="first">J</forename><forename type="middle">M</forename><surname>Ponte</surname></persName>
		</author>
		<author>
			<persName xmlns="http://www.tei-c.org/ns/1.0"><forename type="first">W</forename><forename type="middle">B</forename><surname>Croft</surname></persName>
		</author>
	</analytic>
	<monogr>
		<title level="m">European Conference on Digital Libraries</title>
		<meeting><address><addrLine>Pisa, Italy</addrLine></address></meeting>
		<imprint>
			<date type="published" when="1997" />
			<biblScope unit="page" from="113" to="125" />
		</imprint>
	</monogr>
</biblStruct>

<biblStruct >
	<analytic>
		<title level="a" type="main">A maximum entropy model for part-of-speech tagging</title>
		<author>
			<persName xmlns="http://www.tei-c.org/ns/1.0"><forename type="first">A</forename><surname>Ratnaparkhi</surname></persName>
		</author>
	</analytic>
	<monogr>
		<title level="m">Proceedings of the First Conference on Empirical Methods in Natural Language Processing</title>
		<meeting>the First Conference on Empirical Methods in Natural Language Processing</meeting>
		<imprint>
			<date type="published" when="1996" />
			<biblScope unit="page" from="133" to="142" />
		</imprint>
		<respStmt>
			<orgName>University of Pennsylvania</orgName>
		</respStmt>
	</monogr>
</biblStruct>

<biblStruct >
	<analytic>
		<title level="a" type="main">An automatic method of finding topic boundaries</title>
		<author>
			<persName xmlns="http://www.tei-c.org/ns/1.0"><forename type="first">J</forename><forename type="middle">C</forename><surname>Reynar</surname></persName>
		</author>
	</analytic>
	<monogr>
		<title level="m">Proceedings of the 32 nd Annual Meeting of the Association for Computational Linguistics, Student Session</title>
		<meeting>the 32 nd Annual Meeting of the Association for Computational Linguistics, Student Session<address><addrLine>Las Cruces, New Mexico</addrLine></address></meeting>
		<imprint>
			<date type="published" when="1994" />
			<biblScope unit="page" from="331" to="333" />
		</imprint>
	</monogr>
</biblStruct>

<biblStruct >
	<monogr>
		<title level="m" type="main">Topic Segmentation: Algorithms and Applications</title>
		<author>
			<persName xmlns="http://www.tei-c.org/ns/1.0"><forename type="first">J</forename><forename type="middle">C</forename><surname>Reynar</surname></persName>
		</author>
		<imprint>
			<date type="published" when="1998" />
		</imprint>
		<respStmt>
			<orgName>University of Pennsylvania, Department of Computer Science</orgName>
		</respStmt>
	</monogr>
<note type="report_type">Ph.D. thesis</note>
</biblStruct>

<biblStruct >
	<analytic>
		<title level="a" type="main">Detecting subject boundaries within text: A language independent statistical approach</title>
		<author>
			<persName xmlns="http://www.tei-c.org/ns/1.0"><forename type="first">K</forename><surname>Richmond</surname></persName>
		</author>
		<author>
			<persName xmlns="http://www.tei-c.org/ns/1.0"><forename type="first">A</forename><surname>Smith</surname></persName>
		</author>
		<author>
			<persName xmlns="http://www.tei-c.org/ns/1.0"><forename type="first">Amitay</forename></persName>
		</author>
		<author>
			<persName xmlns="http://www.tei-c.org/ns/1.0"><forename type="first">E</forename></persName>
		</author>
	</analytic>
	<monogr>
		<title level="m">Exploratory Methods in Natural Language Processing</title>
		<meeting><address><addrLine>Providence, Rhode Island</addrLine></address></meeting>
		<imprint>
			<date type="published" when="1997" />
			<biblScope unit="page" from="47" to="54" />
		</imprint>
	</monogr>
</biblStruct>

<biblStruct >
	<monogr>
		<title level="m" type="main">Text-Based Intelligent Systems: Current Research and Practice in Information Extraction and Retrieval</title>
		<author>
			<persName xmlns="http://www.tei-c.org/ns/1.0"><forename type="first">G</forename><surname>Salton</surname></persName>
		</author>
		<author>
			<persName xmlns="http://www.tei-c.org/ns/1.0"><forename type="first">C</forename><surname>Buckley</surname></persName>
		</author>
		<editor>Jacobs, P.S., editor</editor>
		<imprint>
			<date type="published" when="1992" />
			<publisher>Lawrence Erlbaum Associates</publisher>
			<biblScope unit="page" from="199" to="210" />
			<pubPlace>Hillsdale, New Jersey</pubPlace>
		</imprint>
	</monogr>
	<note>Automatic text structuring experiments</note>
</biblStruct>

<biblStruct >
	<analytic>
		<title level="a" type="main">Pivoted document length normalization</title>
		<author>
			<persName xmlns="http://www.tei-c.org/ns/1.0"><forename type="first">A</forename><surname>Singhal</surname></persName>
		</author>
		<author>
			<persName xmlns="http://www.tei-c.org/ns/1.0"><forename type="first">C</forename><surname>Buckley</surname></persName>
		</author>
		<author>
			<persName xmlns="http://www.tei-c.org/ns/1.0"><forename type="first">Mitra</forename></persName>
		</author>
		<author>
			<persName xmlns="http://www.tei-c.org/ns/1.0"><forename type="first">M</forename></persName>
		</author>
	</analytic>
	<monogr>
		<title level="m">Proceedings of the A CM-SIGIR Conference on Research and Development in Information Retrieval</title>
		<meeting>the A CM-SIGIR Conference on Research and Development in Information Retrieval<address><addrLine>Zurich, Switzerland</addrLine></address></meeting>
		<imprint>
			<publisher>ACM</publisher>
			<date type="published" when="1996" />
			<biblScope unit="page" from="21" to="29" />
		</imprint>
	</monogr>
</biblStruct>

<biblStruct >
	<monogr>
		<title level="m" type="main">Topic Detection and Tracking Phase 2 Evaluation Plan, version 2.1</title>
		<author>
			<persName xmlns="http://www.tei-c.org/ns/1.0"><surname>Tdt Program Committee</surname></persName>
		</author>
		<imprint>
			<date type="published" when="1998" />
		</imprint>
	</monogr>
</biblStruct>

<biblStruct >
	<analytic>
		<title level="a" type="main">A new tool for discourse analysis: The vocabulary management profile</title>
		<author>
			<persName xmlns="http://www.tei-c.org/ns/1.0"><forename type="first">G</forename><surname>Youmans</surname></persName>
		</author>
	</analytic>
	<monogr>
		<title level="j">Language</title>
		<imprint>
			<biblScope unit="volume">67</biblScope>
			<biblScope unit="issue">4</biblScope>
			<biblScope unit="page" from="763" to="789" />
			<date type="published" when="1991" />
		</imprint>
	</monogr>
</biblStruct>

			</listBibl>
		</back>
	</text>
</TEI>
