<?xml version="1.0" ?>
<TEI xmlns="http://www.tei-c.org/ns/1.0" xmlns:xlink="http://www.w3.org/1999/xlink" 
 xmlns:mml="http://www.w3.org/1998/Math/MathML">
	<teiHeader>
		<fileDesc xml:id="f_25"/>
	</teiHeader>
	<text>
		<front/>
		<body/>
		<back>
			<listBibl>
<biblStruct >
	<monogr>
		<title level="m" type="main">Standards for dialogue coding in natural language processing</title>
		<author>
			<persName xmlns="http://www.tei-c.org/ns/1.0"><forename type="first">J</forename><surname>Carletta</surname></persName>
		</author>
		<author>
			<persName xmlns="http://www.tei-c.org/ns/1.0"><forename type="first">N</forename><surname>Dahlback</surname></persName>
		</author>
		<author>
			<persName xmlns="http://www.tei-c.org/ns/1.0"><forename type="first">N</forename><surname>Reithinger</surname></persName>
		</author>
		<author>
			<persName xmlns="http://www.tei-c.org/ns/1.0"><forename type="first">M</forename><surname>Walker</surname></persName>
		</author>
		<imprint>
			<date type="published" when="1997" />
			<publisher>DagstuhlSeminar</publisher>
		</imprint>
	</monogr>
<note type="report_type">Report</note>
</biblStruct>

<biblStruct >
	<analytic>
		<title level="a" type="main">Message Size Constraints on Discourse Planning in Synchronous Computer-Mediated Communication</title>
		<author>
			<persName xmlns="http://www.tei-c.org/ns/1.0"><forename type="first">P</forename><forename type="middle">R</forename><surname>Cohen</surname></persName>
		</author>
		<author>
			<persName xmlns="http://www.tei-c.org/ns/1.0"><forename type="first">J</forename><surname>Morgan</surname></persName>
		</author>
		<author>
			<persName xmlns="http://www.tei-c.org/ns/1.0"><forename type="first">M</forename><surname>Pollack</surname></persName>
		</author>
		<author>
			<persName xmlns="http://www.tei-c.org/ns/1.0"><forename type="first">C</forename><surname>~ech</surname></persName>
		</author>
		<author>
			<persName xmlns="http://www.tei-c.org/ns/1.0"><forename type="first">S</forename><surname>Condon</surname></persName>
		</author>
	</analytic>
	<monogr>
		<title level="j">Behavior Research Methods, Instruments, &amp; Computers</title>
		<imprint>
			<biblScope unit="volume">30</biblScope>
			<biblScope unit="page" from="255" to="263" />
			<date type="published" when="1990" />
		</imprint>
	</monogr>
	<note>Intentions in Communication. Cambridge, MA: MIT Pr</note>
</biblStruct>

<biblStruct >
	<analytic>
		<title level="a" type="main">The Discourse Functions of OK</title>
		<author>
			<persName xmlns="http://www.tei-c.org/ns/1.0"><forename type="first">S</forename><surname>Condon</surname></persName>
		</author>
	</analytic>
	<monogr>
		<title level="j">Semiotica</title>
		<imprint>
			<biblScope unit="volume">60</biblScope>
			<biblScope unit="page" from="73" to="101" />
			<date type="published" when="1986" />
		</imprint>
	</monogr>
</biblStruct>

<biblStruct >
	<monogr>
		<title level="m" type="main">Manual for Coding Decision-Making Interactions. Rev. 1995. Unpublished manuscript available at Discourse Resource Initiative wcbsitc at</title>
		<author>
			<persName xmlns="http://www.tei-c.org/ns/1.0"><forename type="first">S</forename><surname>Condon</surname></persName>
		</author>
		<author>
			<persName xmlns="http://www.tei-c.org/ns/1.0"><forename type="first">~ech</forename></persName>
		</author>
		<author>
			<persName xmlns="http://www.tei-c.org/ns/1.0"><forename type="first">C</forename></persName>
		</author>
		<ptr target="http://www.gcorgetown.edu/luperfoy/Discourse-Treebank/dri-home.html" />
		<imprint>
			<date type="published" when="1992" />
		</imprint>
	</monogr>
</biblStruct>

<biblStruct >
	<analytic>
		<title level="a" type="main">Functional Comparison of Face-to-Face and ComputerMediated Decision-Making Interactions</title>
		<author>
			<persName xmlns="http://www.tei-c.org/ns/1.0"><forename type="first">S</forename><surname>Condon</surname></persName>
		</author>
		<author>
			<persName xmlns="http://www.tei-c.org/ns/1.0"><forename type="first">C</forename><surname>~ech</surname></persName>
		</author>
	</analytic>
	<monogr>
		<title level="m">Computer-Mediated Communication: Linguistic, Social, and CrossCultural Perspectives</title>
		<editor>Herring, S.</editor>
		<meeting><address><addrLine>Philadelphia</addrLine></address></meeting>
		<imprint>
			<publisher>John Benjamin</publisher>
			<date type="published" when="1996" />
		</imprint>
	</monogr>
</biblStruct>

<biblStruct >
	<monogr>
		<title level="m" type="main">Discourse Management in Face-to-Face and ComputerMediated Decision-Making Interactions</title>
		<author>
			<persName xmlns="http://www.tei-c.org/ns/1.0"><forename type="first">S</forename><surname>Condon</surname></persName>
		</author>
		<author>
			<persName xmlns="http://www.tei-c.org/ns/1.0"><forename type="first">C</forename><surname>~ech</surname></persName>
		</author>
		<imprint>
			<date type="published" when="1996" />
		</imprint>
	</monogr>
</biblStruct>

<biblStruct >
	<analytic>
		<title/>
	</analytic>
	<monogr>
		<title level="j">Electronic Journal of Communication/La Revue Electroni~e de Communication</title>
		<imprint>
			<biblScope unit="volume">6</biblScope>
			<biblScope unit="page">3</biblScope>
		</imprint>
	</monogr>
</biblStruct>

<biblStruct >
	<analytic>
		<title level="a" type="main">Discourse routines in decision-making interactions</title>
		<author>
			<persName xmlns="http://www.tei-c.org/ns/1.0"><forename type="first">S</forename><surname>Condon</surname></persName>
		</author>
		<author>
			<persName xmlns="http://www.tei-c.org/ns/1.0"><forename type="first">C</forename><surname>Cech</surname></persName>
		</author>
		<author>
			<persName xmlns="http://www.tei-c.org/ns/1.0"><forename type="first">W</forename><surname>Edwards</surname></persName>
		</author>
	</analytic>
	<monogr>
		<title level="m">Paper presented to AAAI Fall Symposium on Communicative Action in Humans and Machines</title>
		<imprint>
			<date type="published" when="1997" />
		</imprint>
	</monogr>
</biblStruct>

<biblStruct >
	<analytic>
		<title level="a" type="main">Reconstructed intentions in collaborative problem solving dialogues</title>
		<author>
			<persName xmlns="http://www.tei-c.org/ns/1.0"><forename type="first">Di</forename><surname>Eugenio</surname></persName>
		</author>
		<author>
			<persName xmlns="http://www.tei-c.org/ns/1.0"><forename type="first">B</forename><surname>Jordan</surname></persName>
		</author>
		<author>
			<persName xmlns="http://www.tei-c.org/ns/1.0"><forename type="first">P</forename><surname>Thomason</surname></persName>
		</author>
		<author>
			<persName xmlns="http://www.tei-c.org/ns/1.0"><forename type="first">R</forename></persName>
		</author>
		<author>
			<persName xmlns="http://www.tei-c.org/ns/1.0"><forename type="first">Moore</forename></persName>
		</author>
		<author>
			<persName xmlns="http://www.tei-c.org/ns/1.0"><forename type="first">J</forename></persName>
		</author>
	</analytic>
	<monogr>
		<title level="m">Paper presented to AAAI Fall Syngx~um on Communicative Action in Humans and Machines</title>
		<imprint>
			<date type="published" when="1997" />
		</imprint>
	</monogr>
</biblStruct>

<biblStruct >
	<analytic>
		<title level="a" type="main">Some intonational characteristics of discourse structure</title>
		<author>
			<persName xmlns="http://www.tei-c.org/ns/1.0"><forename type="first">B</forename><surname>Grosz</surname></persName>
		</author>
		<author>
			<persName xmlns="http://www.tei-c.org/ns/1.0"><forename type="first">J</forename><surname>Hirschberg</surname></persName>
		</author>
	</analytic>
	<monogr>
		<title level="m">Proceedings of the International Conference on Spoken Language Processing</title>
		<meeting>the International Conference on Spoken Language Processing<address><addrLine>Banff, Canada</addrLine></address></meeting>
		<imprint>
			<date type="published" when="1992" />
			<biblScope unit="page" from="429" to="432" />
		</imprint>
	</monogr>
</biblStruct>

<biblStruct >
	<monogr>
		<title level="m" type="main">Dialogue Processing in Spoken Language Systems, Lecture Notes in Artificial Intelligence</title>
		<author>
			<persName xmlns="http://www.tei-c.org/ns/1.0"><forename type="first">E</forename><surname>Maier</surname></persName>
		</author>
		<author>
			<persName xmlns="http://www.tei-c.org/ns/1.0"><forename type="first">M</forename><surname>Mast</surname></persName>
		</author>
		<author>
			<persName xmlns="http://www.tei-c.org/ns/1.0"><forename type="first">S</forename><surname>Lupeffoy</surname></persName>
		</author>
		<imprint>
			<publisher>Springer Verlag</publisher>
		</imprint>
	</monogr>
</biblStruct>

<biblStruct >
	<monogr>
		<title level="m" type="main">Discourse structure in spoken language: Studies on speech corpora</title>
		<author>
			<persName xmlns="http://www.tei-c.org/ns/1.0"><forename type="first">C</forename><surname>Nakatani</surname></persName>
		</author>
		<author>
			<persName xmlns="http://www.tei-c.org/ns/1.0"><forename type="first">J</forename><surname>Hirschberg</surname></persName>
		</author>
		<author>
			<persName xmlns="http://www.tei-c.org/ns/1.0"><forename type="first">B</forename><surname>Grosz</surname></persName>
		</author>
		<imprint>
			<date type="published" when="1995" />
		</imprint>
	</monogr>
	<note>Paper presented to AAAI</note>
</biblStruct>

<biblStruct >
	<monogr>
				<title level="m">Spring Symposium Series: Empirical Methods in Discourse Interpretation and Generation</title>
		<imprint/>
	</monogr>
</biblStruct>

<biblStruct >
	<analytic>
		<title level="a" type="main">Using centering to relax Gricean informational constraints on discourse anaphoric noun phrases</title>
		<author>
			<persName xmlns="http://www.tei-c.org/ns/1.0"><forename type="first">R</forename><surname>Passonneau</surname></persName>
		</author>
	</analytic>
	<monogr>
		<title level="j">Language and Speech</title>
		<imprint>
			<biblScope unit="volume">39</biblScope>
			<biblScope unit="issue">2-3</biblScope>
			<biblScope unit="page" from="229" to="264" />
			<date type="published" when="1996" />
		</imprint>
	</monogr>
</biblStruct>

<biblStruct >
	<analytic>
		<title level="a" type="main">The Routine as Achievement</title>
		<author>
			<persName xmlns="http://www.tei-c.org/ns/1.0"><forename type="first">E</forename><surname>Schegloff</surname></persName>
		</author>
	</analytic>
	<monogr>
		<title level="j">Human Studies</title>
		<imprint>
			<biblScope unit="volume">9</biblScope>
			<biblScope unit="page" from="111" to="151" />
			<date type="published" when="1986" />
		</imprint>
	</monogr>
</biblStruct>

<biblStruct >
	<analytic>
		<title level="a" type="main">Inferring acceptance and rejection in dialog by default rules of inference</title>
		<author>
			<persName xmlns="http://www.tei-c.org/ns/1.0"><forename type="first">M</forename><surname>Walker</surname></persName>
		</author>
	</analytic>
	<monogr>
		<title level="j">Language and Speech</title>
		<imprint>
			<biblScope unit="volume">39</biblScope>
			<biblScope unit="issue">2-3</biblScope>
			<biblScope unit="page" from="265" to="304" />
			<date type="published" when="1996" />
		</imprint>
	</monogr>
</biblStruct>

			</listBibl>
		</back>
	</text>
</TEI>
