<?xml version="1.0" ?>
<TEI xmlns="http://www.tei-c.org/ns/1.0" xmlns:xlink="http://www.w3.org/1999/xlink" 
 xmlns:mml="http://www.w3.org/1998/Math/MathML">
	<teiHeader>
		<fileDesc xml:id="f_4382"/>
	</teiHeader>
	<text>
		<front/>
		<body/>
		<back>
			<listBibl>
<biblStruct >
	<monogr>
		<title level="m" type="main">Reference to abstract objects in discourse</title>
		<author>
			<persName xmlns="http://www.tei-c.org/ns/1.0"><forename type="first">Nicholas</forename><surname>Asher</surname></persName>
		</author>
		<imprint>
			<date type="published" when="1993" />
			<pubPlace>Kluwer, Dordrecht</pubPlace>
		</imprint>
	</monogr>
</biblStruct>

<biblStruct >
	<analytic>
		<title level="a" type="main">Discourse parallelism, scope and ellipsis</title>
		<author>
			<persName xmlns="http://www.tei-c.org/ns/1.0"><forename type="first">Nicholas</forename><surname>Asher</surname></persName>
		</author>
		<author>
			<persName xmlns="http://www.tei-c.org/ns/1.0"><forename type="first">Daniel</forename><surname>Hardt</surname></persName>
		</author>
		<author>
			<persName xmlns="http://www.tei-c.org/ns/1.0"><forename type="first">Joan</forename><surname>Busquets</surname></persName>
		</author>
	</analytic>
	<monogr>
		<title level="m">Proceedings of SALT&apos;97</title>
		<meeting>SALT&apos;97<address><addrLine>Palo Alto</addrLine></address></meeting>
		<imprint>
			<date type="published" when="1997" />
		</imprint>
	</monogr>
</biblStruct>

<biblStruct >
	<analytic>
		<title level="a" type="main">The interpretation of pronouns</title>
		<author>
			<persName xmlns="http://www.tei-c.org/ns/1.0"><forename type="first">Robin</forename><surname>Cooper</surname></persName>
		</author>
	</analytic>
	<monogr>
		<title level="m">Syntax and Semantics</title>
		<editor>F. Heny and H.S. Schnelle</editor>
		<imprint>
			<date type="published" when="1979" />
			<biblScope unit="page" from="61" to="93" />
		</imprint>
	</monogr>
</biblStruct>

<biblStruct >
	<analytic>
		<title level="a" type="main">Ellipsis and higher-order unification</title>
		<author>
			<persName xmlns="http://www.tei-c.org/ns/1.0"><forename type="first">Mary</forename><surname>Dalrymple</surname></persName>
		</author>
		<author>
			<persName xmlns="http://www.tei-c.org/ns/1.0"><forename type="first">Stuart</forename><surname>Shieber</surname></persName>
		</author>
		<author>
			<persName xmlns="http://www.tei-c.org/ns/1.0"><forename type="first">Fernando</forename><surname>Pereira</surname></persName>
		</author>
	</analytic>
	<monogr>
		<title level="j">Linguistics ~ Philosophy</title>
		<imprint>
			<biblScope unit="volume">14</biblScope>
			<biblScope unit="page" from="399" to="452" />
			<date type="published" when="1991" />
		</imprint>
	</monogr>
</biblStruct>

<biblStruct >
	<analytic>
		<title level="a" type="main">Third order matching is decidable</title>
		<author>
			<persName xmlns="http://www.tei-c.org/ns/1.0"><forename type="first">Gilles</forename><surname>Dowek</surname></persName>
		</author>
	</analytic>
	<monogr>
		<title level="m">Proceedings of the 7th Annual IEEE Symposium on Logic in Computer Science (LICS-7)</title>
		<meeting>the 7th Annual IEEE Symposium on Logic in Computer Science (LICS-7)</meeting>
		<imprint>
			<publisher>IEEE Computer Society Press</publisher>
			<date type="published" when="1992" />
			<biblScope unit="page" from="2" to="10" />
		</imprint>
	</monogr>
</biblStruct>

<biblStruct >
	<monogr>
		<title level="m" type="main">Indices and Identity</title>
		<author>
			<persName xmlns="http://www.tei-c.org/ns/1.0"><forename type="first">Robert</forename><surname>Fiengo</surname></persName>
		</author>
		<author>
			<persName xmlns="http://www.tei-c.org/ns/1.0"><forename type="first">Robert</forename></persName>
		</author>
		<imprint>
			<date type="published" when="1994-05" />
			<publisher>MIT Press</publisher>
			<pubPlace>Cambridge</pubPlace>
		</imprint>
	</monogr>
</biblStruct>

<biblStruct >
	<analytic>
		<title level="a" type="main">Focus and higher-order unification</title>
		<author>
			<persName xmlns="http://www.tei-c.org/ns/1.0"><forename type="first">Claire</forename><surname>Gardent</surname></persName>
		</author>
		<author>
			<persName xmlns="http://www.tei-c.org/ns/1.0"><forename type="first">Michael</forename><surname>Kohlhase</surname></persName>
		</author>
	</analytic>
	<monogr>
		<title level="m">Proceedings of COLING&apos;96</title>
		<meeting>COLING&apos;96<address><addrLine>Copenhagen</addrLine></address></meeting>
		<imprint>
			<date type="published" when="1996" />
		</imprint>
	</monogr>
</biblStruct>

<biblStruct >
	<analytic>
		<title level="a" type="main">Higher-order coloured unification and natural language semantics</title>
		<author>
			<persName xmlns="http://www.tei-c.org/ns/1.0"><forename type="first">Claire</forename><surname>Gardent</surname></persName>
		</author>
		<author>
			<persName xmlns="http://www.tei-c.org/ns/1.0"><forename type="first">Michael</forename><surname>Kohlhase</surname></persName>
		</author>
	</analytic>
	<monogr>
		<title level="m">Proceedings of A CL &apos;96</title>
		<meeting>A CL &apos;96<address><addrLine>Santa Cruz</addrLine></address></meeting>
		<imprint>
			<date type="published" when="1996" />
		</imprint>
	</monogr>
</biblStruct>

<biblStruct >
	<monogr>
		<title level="m" type="main">Higher-order coloured unification: a linguistic application</title>
		<author>
			<persName xmlns="http://www.tei-c.org/ns/1.0"><forename type="first">Claire</forename><surname>Gardent</surname></persName>
		</author>
		<author>
			<persName xmlns="http://www.tei-c.org/ns/1.0"><forename type="first">Michael</forename><surname>Kohlhase</surname></persName>
		</author>
		<author>
			<persName xmlns="http://www.tei-c.org/ns/1.0"><forename type="first">Karsten</forename><surname>Konrad</surname></persName>
		</author>
		<imprint>
			<date type="published" when="1999" />
			<biblScope unit="volume">18</biblScope>
			<biblScope unit="page" from="181" to="209" />
		</imprint>
	</monogr>
<note type="report_type">Technique et Science Informatiques</note>
</biblStruct>

<biblStruct >
	<analytic>
		<title level="a" type="main">Sloppy identity</title>
		<author>
			<persName xmlns="http://www.tei-c.org/ns/1.0"><forename type="first">Claire</forename><surname>Gardent</surname></persName>
		</author>
	</analytic>
	<monogr>
		<title level="m">Logical Aspects of Computational Linguistics</title>
		<editor>Christian Retort</editor>
		<imprint>
			<publisher>Springer</publisher>
			<date type="published" when="1997" />
			<biblScope unit="page" from="188" to="207" />
		</imprint>
	</monogr>
</biblStruct>

<biblStruct >
	<monogr>
		<title level="m" type="main">Deaccenting and higherorder unification. University of the Saarland</title>
		<author>
			<persName xmlns="http://www.tei-c.org/ns/1.0"><forename type="first">Claire</forename><surname>Gardent</surname></persName>
		</author>
		<imprint>
			<date type="published" when="1999" />
		</imprint>
	</monogr>
	<note>Submitted for publication</note>
</biblStruct>

<biblStruct >
	<monogr>
		<title level="m" type="main">Dynamic interpretation of vp ellipsis</title>
		<author>
			<persName xmlns="http://www.tei-c.org/ns/1.0"><forename type="first">Daniel</forename><surname>Hardt</surname></persName>
		</author>
		<imprint>
			<date type="published" when="1996" />
		</imprint>
	</monogr>
	<note>To appear in Linguistics and Philosophy</note>
</biblStruct>

<biblStruct >
	<analytic>
		<title level="a" type="main">A theory of parallelism and the case of VP ellipsis</title>
		<author>
			<persName xmlns="http://www.tei-c.org/ns/1.0"><forename type="first">J</forename><surname>Hobbs</surname></persName>
		</author>
		<author>
			<persName xmlns="http://www.tei-c.org/ns/1.0"><forename type="first">A</forename><surname>Kehler</surname></persName>
		</author>
	</analytic>
	<monogr>
		<title level="m">Proceedings of A CL</title>
		<meeting>A CL<address><addrLine>Madrid</addrLine></address></meeting>
		<imprint>
			<date type="published" when="1997" />
		</imprint>
	</monogr>
</biblStruct>

<biblStruct >
	<monogr>
		<title/>
		<author>
			<persName xmlns="http://www.tei-c.org/ns/1.0"><forename type="first">P</forename><surname>Gdrard</surname></persName>
		</author>
		<author>
			<persName xmlns="http://www.tei-c.org/ns/1.0"><surname>Huet</surname></persName>
		</author>
		<imprint>
			<date type="published" when="1976" />
		</imprint>
		<respStmt>
			<orgName>Universit~ de Paris VII</orgName>
		</respStmt>
	</monogr>
	<note>Rdsolution d&apos;Equati°ns dans des Langages d&apos;ordre 1,2,...,w. Th~se d&apos;Etat</note>
</biblStruct>

<biblStruct >
	<monogr>
		<title level="m" type="main">Semantic Interpretation in Generative Grammar</title>
		<author>
			<persName xmlns="http://www.tei-c.org/ns/1.0"><forename type="first">Ray</forename><forename type="middle">S</forename><surname>Jackendoff</surname></persName>
		</author>
		<imprint>
			<date type="published" when="1972" />
			<publisher>The MIT Press</publisher>
		</imprint>
	</monogr>
</biblStruct>

<biblStruct >
	<analytic>
		<title level="a" type="main">A compositional semantics for multiple focus constructions</title>
		<author>
			<persName xmlns="http://www.tei-c.org/ns/1.0"><forename type="first">Manfred</forename><surname>Krifka</surname></persName>
		</author>
	</analytic>
	<monogr>
		<title level="j">Informationsstruktur and Grammatik. Heidelberg. Sonderheft</title>
		<editor>Joachim Jacobs</editor>
		<imprint>
			<biblScope unit="volume">4</biblScope>
			<date type="published" when="1992" />
		</imprint>
	</monogr>
</biblStruct>

<biblStruct >
	<monogr>
		<title level="m" type="main">Focus and/or context: A second look at second occurence expressions. Unpublished Ms</title>
		<author>
			<persName xmlns="http://www.tei-c.org/ns/1.0"><forename type="first">Manfred</forename><surname>Krifka</surname></persName>
		</author>
		<imprint>
			<date type="published" when="1995-02" />
			<pubPlace>Austin</pubPlace>
		</imprint>
		<respStmt>
			<orgName>University of Texas</orgName>
		</respStmt>
	</monogr>
</biblStruct>

<biblStruct >
	<analytic>
		<title level="a" type="main">A uniform approach to underspecification and parallelism</title>
		<author>
			<persName xmlns="http://www.tei-c.org/ns/1.0"><forename type="first">Joachim</forename><surname>Niehren</surname></persName>
		</author>
		<author>
			<persName xmlns="http://www.tei-c.org/ns/1.0"><forename type="first">Manfred</forename><surname>Pinkal</surname></persName>
		</author>
		<author>
			<persName xmlns="http://www.tei-c.org/ns/1.0"><forename type="first">Peter</forename><surname>Ruhrberg</surname></persName>
		</author>
	</analytic>
	<monogr>
		<title level="m">Proceedings of A CL&apos;97</title>
		<meeting>A CL&apos;97<address><addrLine>Madrid, Spain</addrLine></address></meeting>
		<imprint>
			<date type="published" when="1997" />
			<biblScope unit="page" from="410" to="417" />
		</imprint>
	</monogr>
</biblStruct>

<biblStruct >
	<analytic>
		<title level="a" type="main">Discourse grammar and verb phrase anaphora</title>
		<author>
			<persName xmlns="http://www.tei-c.org/ns/1.0"><forename type="first">H</forename><surname>Priist</surname></persName>
		</author>
		<author>
			<persName xmlns="http://www.tei-c.org/ns/1.0"><forename type="first">R</forename><surname>Scha</surname></persName>
		</author>
		<author>
			<persName xmlns="http://www.tei-c.org/ns/1.0"><forename type="first">M</forename><surname>Van Den</surname></persName>
		</author>
		<author>
			<persName xmlns="http://www.tei-c.org/ns/1.0"><surname>Berg</surname></persName>
		</author>
	</analytic>
	<monogr>
		<title level="j">Linguistics ~ Philosophy</title>
		<imprint>
			<biblScope unit="volume">17</biblScope>
			<biblScope unit="page" from="261" to="327" />
			<date type="published" when="1994" />
		</imprint>
	</monogr>
</biblStruct>

<biblStruct >
	<analytic>
		<title level="a" type="main">Higher order unification and the interpretation of focus</title>
		<author>
			<persName xmlns="http://www.tei-c.org/ns/1.0"><forename type="first">Steve</forename><surname>Pulman</surname></persName>
		</author>
	</analytic>
	<monogr>
		<title level="j">Linguistics Philosophy</title>
		<imprint>
			<biblScope unit="volume">20</biblScope>
			<biblScope unit="page" from="73" to="115" />
			<date type="published" when="1997" />
		</imprint>
	</monogr>
</biblStruct>

<biblStruct >
	<analytic>
		<title level="a" type="main">Ellipsis redundancy and reduction redundancy</title>
		<author>
			<persName xmlns="http://www.tei-c.org/ns/1.0"><forename type="first">Mats</forename><surname>Rooth</surname></persName>
		</author>
	</analytic>
	<monogr>
		<title level="m">Proceedings of the Stuttgart Ellipsis Workshop</title>
		<editor>Steve Berman and Arild Hestvik</editor>
		<meeting>the Stuttgart Ellipsis Workshop</meeting>
		<imprint>
			<date type="published" when="1992" />
		</imprint>
		<respStmt>
			<orgName>University of Stuttgart</orgName>
		</respStmt>
	</monogr>
</biblStruct>

<biblStruct >
	<analytic>
		<title level="a" type="main">Mats Rooth. 1992b. A theory of focus interpretation</title>
	</analytic>
	<monogr>
		<title level="j">Natural Language Semantics</title>
		<imprint>
			<biblScope unit="page" from="75" to="116" />
		</imprint>
	</monogr>
</biblStruct>

<biblStruct >
	<analytic>
		<title level="a" type="main">Interaction of scope and ellipsis</title>
		<author>
			<persName xmlns="http://www.tei-c.org/ns/1.0"><forename type="first">Stuart</forename><surname>Shieber</surname></persName>
		</author>
		<author>
			<persName xmlns="http://www.tei-c.org/ns/1.0"><forename type="first">Fernando</forename><surname>Pereira</surname></persName>
		</author>
		<author>
			<persName xmlns="http://www.tei-c.org/ns/1.0"><forename type="first">Mary</forename><surname>Dalrymple</surname></persName>
		</author>
	</analytic>
	<monogr>
		<title level="j">Linguistics $J Philosophy</title>
		<imprint>
			<biblScope unit="volume">19</biblScope>
			<biblScope unit="page" from="527" to="552" />
			<date type="published" when="1996" />
		</imprint>
	</monogr>
</biblStruct>

			</listBibl>
		</back>
	</text>
</TEI>
