<?xml version="1.0" ?>
<TEI xmlns="http://www.tei-c.org/ns/1.0" xmlns:xlink="http://www.w3.org/1999/xlink" 
 xmlns:mml="http://www.w3.org/1998/Math/MathML">
	<teiHeader>
		<fileDesc xml:id="f_4304"/>
	</teiHeader>
	<text>
		<front/>
		<body/>
		<back>
			<listBibl>
<biblStruct >
	<analytic>
		<title level="a" type="main">A memory-based approach to learning shallow language patterns</title>
		<author>
			<persName xmlns="http://www.tei-c.org/ns/1.0"><forename type="first">S</forename><surname>Argamon</surname></persName>
		</author>
		<author>
			<persName xmlns="http://www.tei-c.org/ns/1.0"><forename type="first">I</forename><surname>Dagan</surname></persName>
		</author>
		<author>
			<persName xmlns="http://www.tei-c.org/ns/1.0"><forename type="first">Y</forename><surname>Krymolowski</surname></persName>
		</author>
	</analytic>
	<monogr>
		<title level="m">COLING({1} t=PO5) (? t=(JJ[RS]?IVBNIVBG)) (+ t=NNS?) (* .) ([-~T-t~ird-lar~st ,3 thriftNN i~titutionNN D hi m</title>
		<imprint>
			<date type="published" when="1998" />
			<biblScope unit="page" from="67" to="73" />
		</imprint>
	</monogr>
	<note>Proceedings of the ITth International Conference on Computational Linguistics. PtlcrtONN P RiCONNp]) ahoRB ==Jdv~ ([itpap]) exlmCtSv~ ([aljT retnrnNs]) tOTo ([profitabilitysN ] ) in m. theft third;~ quartersN. Wltc~wl ~ ([itpRl~]) rePOr~vBZ (opc~tingvB G rcsultsvl ~ ([thiZDT weekNN]) .</note>
</biblStruct>

<biblStruct >
	<analytic>
		<title level="a" type="main">Illddv~ ([th%T divid~dNN])WltSv~ IRl=FatdedvBN inlN ([.anticipationN NI) OliN (m0reRBR [|tzhlgl~tjj ~Pimlss r~u~u~nsss] )und=m</title>
		<author>
			<persName xmlns="http://www.tei-c.org/ns/1.0"><forename type="first">P</forename><surname>Poneenn</surname></persName>
		</author>
		<author>
			<persName xmlns="http://www.tei-c.org/ns/1.0"><surname>Federalt</surname></persName>
		</author>
	</analytic>
	<monogr>
		<title level="j">Sem~ce</title>
		<imprint>
			<biblScope unit="volume">499</biblScope>
		</imprint>
	</monogr>
	<note>~ r Financi~ssP institotiomNN p Pd~OIIlINNP] ,, [I~d~C~NNP] ,,&apos;ndcc [FmforeememtNN P AetNN P] ) ofm ([1989cD]) .; $mtcnc¢ .~0: ([%~ labor-.</note>
</biblStruct>

<biblStruct >
	<monogr>
				<author>
			<persName xmlns="http://www.tei-c.org/ns/1.0"><forename type="first">~</forename></persName>
		</author>
		<author>
			<persName xmlns="http://www.tei-c.org/ns/1.0"><forename type="first">~=tn</forename><surname>~o~pnn ; ~&amp;apos;~ ~-~o</surname></persName>
		</author>
		<title level="m">Figure 4: Screenshot of base NP chunking system Processing</title>
		<imprint>
			<publisher>Association for Computational Linguistics</publisher>
			<biblScope unit="page" from="348" to="355" />
		</imprint>
	</monogr>
	<note>~ rcvisedvB N buy-otltNn bidNN] ) for m</note>
</biblStruct>

<biblStruct >
	<analytic>
		<title level="a" type="main">One sense per discourse</title>
		<author>
			<persName xmlns="http://www.tei-c.org/ns/1.0"><forename type="first">K</forename><surname>Gale</surname></persName>
		</author>
		<author>
			<persName xmlns="http://www.tei-c.org/ns/1.0"><forename type="first">D</forename><surname>Church</surname></persName>
		</author>
		<author>
			<persName xmlns="http://www.tei-c.org/ns/1.0"><surname>Yarowsky</surname></persName>
		</author>
	</analytic>
	<monogr>
		<title level="m">Proceedings of the 4th DARPA Speech and Natural Language Workship</title>
		<meeting>the 4th DARPA Speech and Natural Language Workship</meeting>
		<imprint>
			<date type="published" when="1992" />
			<biblScope unit="page" from="233" to="237" />
		</imprint>
	</monogr>
</biblStruct>

<biblStruct >
	<analytic>
		<title level="a" type="main">Technical terminology: Some linguistic properties and an algorithm for identification in text</title>
		<author>
			<persName xmlns="http://www.tei-c.org/ns/1.0"><forename type="first">J</forename><surname>Juteson</surname></persName>
		</author>
		<author>
			<persName xmlns="http://www.tei-c.org/ns/1.0"><forename type="first">S</forename><surname>Katz</surname></persName>
		</author>
	</analytic>
	<monogr>
		<title level="j">Natural Language Engineering</title>
		<imprint>
			<biblScope unit="volume">1</biblScope>
			<biblScope unit="page" from="9" to="27" />
			<date type="published" when="1995" />
		</imprint>
	</monogr>
</biblStruct>

<biblStruct >
	<analytic>
		<title level="a" type="main">Automatic rule acquisition for spelling correction</title>
		<author>
			<persName xmlns="http://www.tei-c.org/ns/1.0"><forename type="first">L</forename><surname>Mangu</surname></persName>
		</author>
		<author>
			<persName xmlns="http://www.tei-c.org/ns/1.0"><forename type="first">E</forename><surname>Brill</surname></persName>
		</author>
	</analytic>
	<monogr>
		<title level="m">Proceedings of the Fourteenth International Conference on Machine Learning</title>
		<meeting>the Fourteenth International Conference on Machine Learning<address><addrLine>Nashville, Tennessee</addrLine></address></meeting>
		<imprint>
			<date type="published" when="1997" />
		</imprint>
	</monogr>
</biblStruct>

<biblStruct >
	<analytic>
		<title level="a" type="main">Building a large annotated corpus of English: The Penn Treebank</title>
		<author>
			<persName xmlns="http://www.tei-c.org/ns/1.0"><forename type="first">M</forename><surname>Marcus</surname></persName>
		</author>
		<author>
			<persName xmlns="http://www.tei-c.org/ns/1.0"><forename type="first">M</forename><surname>Marcinkiewicz</surname></persName>
		</author>
		<author>
			<persName xmlns="http://www.tei-c.org/ns/1.0"><forename type="first">B</forename><surname>Santorini</surname></persName>
		</author>
	</analytic>
	<monogr>
		<title level="j">Computational Linguistics</title>
		<imprint>
			<biblScope unit="volume">19</biblScope>
			<biblScope unit="issue">2</biblScope>
			<biblScope unit="page" from="313" to="330" />
			<date type="published" when="1993" />
		</imprint>
	</monogr>
</biblStruct>

<biblStruct >
	<analytic>
		<title level="a" type="main">Exploring the statistical derivation of transformational 71 rule sequences for part-of-speech tagging</title>
		<author>
			<persName xmlns="http://www.tei-c.org/ns/1.0"><forename type="first">L</forename><surname>Ramshaw</surname></persName>
		</author>
		<author>
			<persName xmlns="http://www.tei-c.org/ns/1.0"><forename type="first">M</forename><surname>Marcus</surname></persName>
		</author>
	</analytic>
	<monogr>
		<title level="m">The Balancing Act: Proceedings of the A CL Workshop on Combining Symbolic and Statistical Approaches to Language</title>
		<imprint>
			<date type="published" when="1994-07" />
		</imprint>
		<respStmt>
			<orgName>New Mexico State University</orgName>
		</respStmt>
	</monogr>
</biblStruct>

<biblStruct >
	<analytic>
		<title level="a" type="main">Text chunking using transformation-based learning</title>
		<author>
			<persName xmlns="http://www.tei-c.org/ns/1.0"><forename type="first">L</forename><surname>Ramshaw</surname></persName>
		</author>
		<author>
			<persName xmlns="http://www.tei-c.org/ns/1.0"><forename type="first">M</forename><surname>Marcus</surname></persName>
		</author>
	</analytic>
	<monogr>
		<title level="m">Natural Language Processing Using Very large Corpora</title>
		<imprint>
			<publisher>Kluwer</publisher>
		</imprint>
	</monogr>
	<note>Press</note>
</biblStruct>

<biblStruct >
	<analytic>
		<title level="a" type="main">Dialogue act tagging with transformation-based learning</title>
		<author>
			<persName xmlns="http://www.tei-c.org/ns/1.0"><forename type="first">K</forename><surname>Samuel</surname></persName>
		</author>
		<author>
			<persName xmlns="http://www.tei-c.org/ns/1.0"><forename type="first">S</forename><surname>Carberry</surname></persName>
		</author>
		<author>
			<persName xmlns="http://www.tei-c.org/ns/1.0"><forename type="first">K</forename><surname>Vijayshanker</surname></persName>
		</author>
	</analytic>
	<monogr>
		<title level="m">Proceedings of the 36th Annual Meeting of the Association for Computational Linguistics</title>
		<meeting>the 36th Annual Meeting of the Association for Computational Linguistics</meeting>
		<imprint>
			<date type="published" when="1998" />
		</imprint>
	</monogr>
	<note>Association of Computational Linguistics</note>
</biblStruct>

<biblStruct >
	<analytic>
		<title level="a" type="main">Do not forget: Full memory in memorybased learning of word pronunciation</title>
		<author>
			<persName xmlns="http://www.tei-c.org/ns/1.0"><forename type="first">A</forename><surname>Van Der Dosch</surname></persName>
		</author>
		<author>
			<persName xmlns="http://www.tei-c.org/ns/1.0"><forename type="first">W</forename><surname>Daelemans</surname></persName>
		</author>
	</analytic>
	<monogr>
		<title level="m">New Methods in Language Processing</title>
		<imprint>
			<date type="published" when="1998" />
			<biblScope unit="page" from="195" to="204" />
		</imprint>
	</monogr>
</biblStruct>

<biblStruct >
	<monogr>
		<title level="m" type="main">Fast NP chunking using memory-based learning techniques</title>
		<author>
			<persName xmlns="http://www.tei-c.org/ns/1.0"><forename type="first">J</forename><surname>Veenstra</surname></persName>
		</author>
		<imprint>
			<date type="published" when="1998" />
		</imprint>
	</monogr>
</biblStruct>

<biblStruct >
	<monogr>
				<title level="m">BENELEARN-98: Proceedings of the Eighth Belgian-Dutch Conference on Machine Learning</title>
		<meeting><address><addrLine>Wageningen</addrLine></address></meeting>
		<imprint/>
	</monogr>
	<note>the Netherlands</note>
</biblStruct>

<biblStruct >
	<analytic>
		<title level="a" type="main">Finite-state parsing by rule sequences</title>
		<author>
			<persName xmlns="http://www.tei-c.org/ns/1.0"><forename type="first">M</forename><surname>Vilain</surname></persName>
		</author>
		<author>
			<persName xmlns="http://www.tei-c.org/ns/1.0"><forename type="first">D</forename><surname>Day</surname></persName>
		</author>
	</analytic>
	<monogr>
		<title level="m">The International Committee on Computational Linguistics</title>
		<meeting><address><addrLine>Copenhagen, Denmark, August</addrLine></address></meeting>
		<imprint>
			<date type="published" when="1996" />
		</imprint>
	</monogr>
	<note>International Conference on Computational Linguistics</note>
</biblStruct>

<biblStruct >
	<analytic>
		<title level="a" type="main">NPTool, a detector of English noun phrases</title>
		<author>
			<persName xmlns="http://www.tei-c.org/ns/1.0"><forename type="first">A</forename><surname>Voutilainen</surname></persName>
		</author>
	</analytic>
	<monogr>
		<title level="m">Proceedings of the Workshop on Very Large Corpora</title>
		<meeting>the Workshop on Very Large Corpora</meeting>
		<imprint>
			<date type="published" when="1993" />
			<biblScope unit="page" from="48" to="57" />
		</imprint>
	</monogr>
	<note>Association for Computational Linguistics</note>
</biblStruct>

<biblStruct >
	<analytic>
		<title level="a" type="main">Decision lists for lexical ambiguity resolution: Application to accent restoration in Spanish and French</title>
		<author>
			<persName xmlns="http://www.tei-c.org/ns/1.0"><forename type="first">D</forename><surname>Yarowsky</surname></persName>
		</author>
	</analytic>
	<monogr>
		<title level="m">Proceedings of the 32nd Annual Meeting of the Association for Computational Linguistics</title>
		<meeting>the 32nd Annual Meeting of the Association for Computational Linguistics<address><addrLine>Las Cruces, NM</addrLine></address></meeting>
		<imprint>
			<date type="published" when="1994" />
			<biblScope unit="page" from="88" to="95" />
		</imprint>
	</monogr>
</biblStruct>

<biblStruct >
	<monogr>
		<title level="m" type="main">The Psycho-Biology of Language</title>
		<author>
			<persName xmlns="http://www.tei-c.org/ns/1.0"><forename type="first">G</forename><surname>Zipf</surname></persName>
		</author>
		<imprint>
			<date type="published" when="1935" />
			<pubPlace>Houghton Mifflin</pubPlace>
		</imprint>
	</monogr>
</biblStruct>

			</listBibl>
		</back>
	</text>
</TEI>
