<?xml version="1.0" ?>
<TEI xmlns="http://www.tei-c.org/ns/1.0" xmlns:xlink="http://www.w3.org/1999/xlink" 
 xmlns:mml="http://www.w3.org/1998/Math/MathML">
	<teiHeader>
		<fileDesc xml:id="f_424"/>
	</teiHeader>
	<text>
		<front/>
		<body/>
		<back>
			<listBibl>
<biblStruct >
	<analytic>
		<title level="a" type="main">Learning Dependency Translation Models as Collections of Finite-State Head Transducers</title>
		<author>
			<persName xmlns="http://www.tei-c.org/ns/1.0"><forename type="first">Hiyan</forename><surname>Alshawi</surname></persName>
		</author>
		<author>
			<persName xmlns="http://www.tei-c.org/ns/1.0"><forename type="first">Srinivas</forename><surname>Bangalore</surname></persName>
		</author>
		<author>
			<persName xmlns="http://www.tei-c.org/ns/1.0"><forename type="first">Shona</forename><surname>Douglas</surname></persName>
		</author>
	</analytic>
	<monogr>
		<title level="j">Computational Linguistics</title>
		<imprint>
			<biblScope unit="volume">26</biblScope>
			<biblScope unit="issue">1</biblScope>
			<biblScope unit="page" from="45" to="60" />
			<date type="published" when="2000" />
		</imprint>
	</monogr>
</biblStruct>

<biblStruct >
	<monogr>
				<author>
			<persName xmlns="http://www.tei-c.org/ns/1.0"><forename type="first">F</forename><surname>Peter</surname></persName>
		</author>
		<author>
			<persName xmlns="http://www.tei-c.org/ns/1.0"><forename type="first">Stephen</forename><forename type="middle">A Della</forename><surname>Brown</surname></persName>
		</author>
		<author>
			<persName xmlns="http://www.tei-c.org/ns/1.0"><forename type="first">Vincent</forename><forename type="middle">J</forename><surname>Pietra</surname></persName>
		</author>
		<author>
			<persName xmlns="http://www.tei-c.org/ns/1.0"><forename type="first">Robert</forename><forename type="middle">L</forename><surname>Della Pietra</surname></persName>
		</author>
		<author>
			<persName xmlns="http://www.tei-c.org/ns/1.0"><surname>Mercer</surname></persName>
		</author>
		<title level="m">The Mathematics of Statistical Machine Translation: Parameter Estimation. Computational Linguistics</title>
		<imprint>
			<date type="published" when="1993" />
			<biblScope unit="volume">19</biblScope>
			<biblScope unit="page" from="263" to="311" />
		</imprint>
	</monogr>
</biblStruct>

<biblStruct >
	<analytic>
		<title level="a" type="main">Bootstrapping Parallel Corpora</title>
		<author>
			<persName xmlns="http://www.tei-c.org/ns/1.0"><forename type="first">Chris</forename><surname>Callison</surname></persName>
		</author>
		<author>
			<persName xmlns="http://www.tei-c.org/ns/1.0"><forename type="first">-</forename><surname>Burch</surname></persName>
		</author>
		<author>
			<persName xmlns="http://www.tei-c.org/ns/1.0"><forename type="first">Miles</forename><surname>Osborne</surname></persName>
		</author>
	</analytic>
	<monogr>
		<title level="m">Proceedings of the Human Language Technology conference / North American chapter of the Association for Computational Linguistics (HLT/NAACL-2003) Workshop on Building and Using Parallel Texts: Data Driven Machine Translation and Beyond</title>
		<meeting>the Human Language Technology conference / North American chapter of the Association for Computational Linguistics (HLT/NAACL-2003) Workshop on Building and Using Parallel Texts: Data Driven Machine Translation and Beyond</meeting>
		<imprint>
			<date type="published" when="2003" />
			<biblScope unit="page" from="44" to="49" />
		</imprint>
	</monogr>
</biblStruct>

<biblStruct >
	<analytic>
		<title level="a" type="main">Re-evaluating the Role of Bleu in Machine Translation Research</title>
		<author>
			<persName xmlns="http://www.tei-c.org/ns/1.0"><forename type="first">Chris</forename><surname>Callison-Burch</surname></persName>
		</author>
		<author>
			<persName xmlns="http://www.tei-c.org/ns/1.0"><forename type="first">Miles</forename><surname>Osborne</surname></persName>
		</author>
		<author>
			<persName xmlns="http://www.tei-c.org/ns/1.0"><forename type="first">Philipp</forename><surname>Koehn</surname></persName>
		</author>
	</analytic>
	<monogr>
		<title level="m">Proceedings of the 11th Conference of the European Chapter of the Association for Computational Linguistics (EACL2006)</title>
		<meeting>the 11th Conference of the European Chapter of the Association for Computational Linguistics (EACL2006)</meeting>
		<imprint>
			<date type="published" when="2006" />
			<biblScope unit="page" from="249" to="256" />
		</imprint>
	</monogr>
</biblStruct>

<biblStruct >
	<analytic>
		<title level="a" type="main">Reversible Template-based Shake &amp; Bake Generation</title>
		<author>
			<persName xmlns="http://www.tei-c.org/ns/1.0"><forename type="first">Michel</forename><surname>Carl</surname></persName>
		</author>
		<author>
			<persName xmlns="http://www.tei-c.org/ns/1.0"><forename type="first">Paul</forename><surname>Schmidt</surname></persName>
		</author>
		<author>
			<persName xmlns="http://www.tei-c.org/ns/1.0"><forename type="first">Jorg</forename><surname>Schutz</surname></persName>
		</author>
	</analytic>
	<monogr>
		<title level="m">Proceedings of the 10th Machine Translation Summit Workshop on Example-Based Machine Translation</title>
		<meeting>the 10th Machine Translation Summit Workshop on Example-Based Machine Translation</meeting>
		<imprint>
			<date type="published" when="2005" />
			<biblScope unit="page" from="17" to="25" />
		</imprint>
	</monogr>
</biblStruct>

<biblStruct >
	<analytic>
		<title level="a" type="main">A Hierarchical Phrase-Based Model for Statistical Machine Translation</title>
		<author>
			<persName xmlns="http://www.tei-c.org/ns/1.0"><forename type="first">David</forename><surname>Chiang</surname></persName>
		</author>
	</analytic>
	<monogr>
		<title level="m">Proceedings of the 43rd Annual Meeting of the Association for Computational Linguistics (ACL-2005)</title>
		<meeting>the 43rd Annual Meeting of the Association for Computational Linguistics (ACL-2005)</meeting>
		<imprint>
			<date type="published" when="2005" />
			<biblScope unit="page" from="263" to="270" />
		</imprint>
	</monogr>
</biblStruct>

<biblStruct >
	<analytic>
		<title level="a" type="main">Three Heads Are Better Than One</title>
		<author>
			<persName xmlns="http://www.tei-c.org/ns/1.0"><forename type="first">Robert</forename><surname>Frederking</surname></persName>
		</author>
		<author>
			<persName xmlns="http://www.tei-c.org/ns/1.0"><forename type="first">Sergei</forename><surname>Nirenburg</surname></persName>
		</author>
	</analytic>
	<monogr>
		<title level="m">Proceedings of the 4th Applied Natural Language Processing Conference (ANLP-1994)</title>
		<meeting>the 4th Applied Natural Language Processing Conference (ANLP-1994)</meeting>
		<imprint>
			<date type="published" when="1994" />
			<biblScope unit="page" from="95" to="100" />
		</imprint>
	</monogr>
</biblStruct>

<biblStruct >
	<analytic>
		<title level="a" type="main">Hybridity in MT: Experiments on the Europarl Corpus</title>
		<author>
			<persName xmlns="http://www.tei-c.org/ns/1.0"><forename type="first">Declan</forename><surname>Groves</surname></persName>
		</author>
		<author>
			<persName xmlns="http://www.tei-c.org/ns/1.0"><forename type="first">Andy</forename><surname>Way</surname></persName>
		</author>
	</analytic>
	<monogr>
		<title level="m">Proceedings of the 11th Annual Conference of the European Association for Machine Translation (EAMT-2006)</title>
		<meeting>the 11th Annual Conference of the European Association for Machine Translation (EAMT-2006)</meeting>
		<imprint>
			<date type="published" when="2006" />
			<biblScope unit="page" from="115" to="124" />
		</imprint>
	</monogr>
</biblStruct>

<biblStruct >
	<analytic>
		<title level="a" type="main">Challenges in Building an Arabic-English GHMT System with SMT Components</title>
		<author>
			<persName xmlns="http://www.tei-c.org/ns/1.0"><forename type="first">Nizar</forename><surname>Habash</surname></persName>
		</author>
		<author>
			<persName xmlns="http://www.tei-c.org/ns/1.0"><forename type="first">Bonnie</forename><surname>Dorr</surname></persName>
		</author>
		<author>
			<persName xmlns="http://www.tei-c.org/ns/1.0"><forename type="first">Christof</forename><surname>Monz</surname></persName>
		</author>
	</analytic>
	<monogr>
		<title level="m">Proceedings of the 11th Annual Conference of the European Association for Machine Translation (EAMT-2006)</title>
		<meeting>the 11th Annual Conference of the European Association for Machine Translation (EAMT-2006)</meeting>
		<imprint>
			<date type="published" when="2006" />
			<biblScope unit="page" from="56" to="65" />
		</imprint>
	</monogr>
</biblStruct>

<biblStruct >
	<analytic>
		<title level="a" type="main">Multiengine Machine Translation Guided by Explicit Word Matching</title>
		<author>
			<persName xmlns="http://www.tei-c.org/ns/1.0"><forename type="first">Shyamsundar</forename><surname>Jayaraman</surname></persName>
		</author>
		<author>
			<persName xmlns="http://www.tei-c.org/ns/1.0"><forename type="first">Alon</forename><surname>Lavie</surname></persName>
		</author>
	</analytic>
	<monogr>
		<title level="m">Proceedings of the 10th Annual Conference of the European Association for Machine Translation (EAMT-2005)</title>
		<meeting>the 10th Annual Conference of the European Association for Machine Translation (EAMT-2005)</meeting>
		<imprint>
			<date type="published" when="2005" />
			<biblScope unit="page" from="143" to="152" />
		</imprint>
	</monogr>
</biblStruct>

<biblStruct >
	<analytic>
		<title level="a" type="main">Pharaoh: A Beam Search Decoder For Phrase-Based Statistical Machine Translation Models</title>
		<author>
			<persName xmlns="http://www.tei-c.org/ns/1.0"><forename type="first">Philipp</forename><surname>Koehn</surname></persName>
		</author>
	</analytic>
	<monogr>
		<title level="m">Proceedings of the 6th Conference of the Association for Machine Translation in the Americas (AMTA-2004)</title>
		<meeting>the 6th Conference of the Association for Machine Translation in the Americas (AMTA-2004)</meeting>
		<imprint>
			<date type="published" when="2004" />
			<biblScope unit="page" from="115" to="124" />
		</imprint>
	</monogr>
</biblStruct>

<biblStruct >
	<analytic>
		<title level="a" type="main">Manual and Automatic Evaluation of Machine Translation between European Languages</title>
		<author>
			<persName xmlns="http://www.tei-c.org/ns/1.0"><forename type="first">Philipp</forename><surname>Koehn</surname></persName>
		</author>
		<author>
			<persName xmlns="http://www.tei-c.org/ns/1.0"><forename type="first">Christof</forename><surname>Monz</surname></persName>
		</author>
	</analytic>
	<monogr>
		<title level="m">Proceedings of the Human Language Technology conference / North American Chapter of the Association for Computational Linguistics (HLT/NAACL-2006) Workshop on Statistical Machine Translation</title>
		<meeting>the Human Language Technology conference / North American Chapter of the Association for Computational Linguistics (HLT/NAACL-2006) Workshop on Statistical Machine Translation</meeting>
		<imprint>
			<date type="published" when="2006" />
			<biblScope unit="page" from="102" to="121" />
		</imprint>
	</monogr>
</biblStruct>

<biblStruct >
	<analytic>
		<title level="a" type="main">Statistical Phrase-Based Translation</title>
		<author>
			<persName xmlns="http://www.tei-c.org/ns/1.0"><forename type="first">Philipp</forename><surname>Koehn</surname></persName>
		</author>
		<author>
			<persName xmlns="http://www.tei-c.org/ns/1.0"><forename type="first">Franz</forename><forename type="middle">Josef</forename><surname>Och</surname></persName>
		</author>
		<author>
			<persName xmlns="http://www.tei-c.org/ns/1.0"><forename type="first">Daniel</forename><surname>Marcu</surname></persName>
		</author>
	</analytic>
	<monogr>
		<title level="m">Proceedings of the Human Language Technology conference / North American Chapter of the Association for Computational Linguistics (HLT/NAACL-2003)</title>
		<meeting>the Human Language Technology conference / North American Chapter of the Association for Computational Linguistics (HLT/NAACL-2003)</meeting>
		<imprint>
			<date type="published" when="2003" />
			<biblScope unit="page" from="127" to="133" />
		</imprint>
	</monogr>
</biblStruct>

<biblStruct >
	<analytic>
		<title level="a" type="main">Towards a Unified Approach to Memory-and Statistical-based Machine Translation</title>
		<author>
			<persName xmlns="http://www.tei-c.org/ns/1.0"><forename type="first">Daniel</forename><surname>Marcu</surname></persName>
		</author>
	</analytic>
	<monogr>
		<title level="m">Proceedings of the Association for Computational Linguistics / European Chapter of the Association for Computational Linguistics (ACL/EACL-2001)</title>
		<meeting>the Association for Computational Linguistics / European Chapter of the Association for Computational Linguistics (ACL/EACL-2001)</meeting>
		<imprint>
			<date type="published" when="2001" />
			<biblScope unit="page" from="378" to="385" />
		</imprint>
	</monogr>
</biblStruct>

<biblStruct >
	<analytic>
		<title level="a" type="main">Computing Consensus Translation from Multiple Machine Translation Systems Using Enhanced Hypotheses Alignment</title>
		<author>
			<persName xmlns="http://www.tei-c.org/ns/1.0"><forename type="first">Evgeny</forename><surname>Matusov</surname></persName>
		</author>
		<author>
			<persName xmlns="http://www.tei-c.org/ns/1.0"><forename type="first">Nicola</forename><surname>Ueffing</surname></persName>
		</author>
		<author>
			<persName xmlns="http://www.tei-c.org/ns/1.0"><forename type="first">Hermann</forename><surname>Ney</surname></persName>
		</author>
	</analytic>
	<monogr>
		<title level="m">Proceedings of the 11th Conference of the European Chapter of the Association for Computational Linguistics (EACL-2006)</title>
		<meeting>the 11th Conference of the European Chapter of the Association for Computational Linguistics (EACL-2006)</meeting>
		<imprint>
			<date type="published" when="2006" />
			<biblScope unit="page" from="33" to="40" />
		</imprint>
	</monogr>
</biblStruct>

<biblStruct >
	<analytic>
		<title level="a" type="main">Multi-engine Machine Translation by Recursive Sentence Decomposition</title>
		<author>
			<persName xmlns="http://www.tei-c.org/ns/1.0"><forename type="first">Bart</forename><surname>Mellebeek</surname></persName>
		</author>
		<author>
			<persName xmlns="http://www.tei-c.org/ns/1.0"><forename type="first">Karolina</forename><surname>Owczarzak</surname></persName>
		</author>
		<author>
			<persName xmlns="http://www.tei-c.org/ns/1.0"><forename type="first">Josef</forename><surname>Van Genabith</surname></persName>
		</author>
		<author>
			<persName xmlns="http://www.tei-c.org/ns/1.0"><forename type="first">Andy</forename><surname>Way</surname></persName>
		</author>
	</analytic>
	<monogr>
		<title level="m">Proceedings of the 7th Conference of the Association for Machine Translation in the Americas (AMTA-2006)</title>
		<meeting>the 7th Conference of the Association for Machine Translation in the Americas (AMTA-2006)</meeting>
		<imprint>
			<date type="published" when="2006" />
			<biblScope unit="page" from="110" to="118" />
		</imprint>
	</monogr>
</biblStruct>

<biblStruct >
	<analytic>
		<title level="a" type="main">Dependency treelet translation: the convergence of statistical and example-based machine-translation?</title>
		<author>
			<persName xmlns="http://www.tei-c.org/ns/1.0"><forename type="first">Arul</forename><surname>Menezes</surname></persName>
		</author>
		<author>
			<persName xmlns="http://www.tei-c.org/ns/1.0"><forename type="first">Chris</forename><surname>Quirk</surname></persName>
		</author>
	</analytic>
	<monogr>
		<title level="m">Proceedings of the 10th Machine Translation Summit Workshop on Example-Based Machine Translation</title>
		<meeting>the 10th Machine Translation Summit Workshop on Example-Based Machine Translation</meeting>
		<imprint>
			<date type="published" when="2005" />
			<biblScope unit="page" from="99" to="108" />
		</imprint>
	</monogr>
</biblStruct>

<biblStruct >
	<analytic>
		<title level="a" type="main">Multi-Engine machine translation with voted language model</title>
		<author>
			<persName xmlns="http://www.tei-c.org/ns/1.0"><forename type="first">Tadashi</forename><surname>Nomoto</surname></persName>
		</author>
	</analytic>
	<monogr>
		<title level="m">Proceedings of the 42nd Annual Meeting of the Association for Computational Linguistics (ACL-2004)</title>
		<meeting>the 42nd Annual Meeting of the Association for Computational Linguistics (ACL-2004)</meeting>
		<imprint>
			<date type="published" when="2004" />
			<biblScope unit="page" from="494" to="501" />
		</imprint>
	</monogr>
</biblStruct>

<biblStruct >
	<analytic>
		<title level="a" type="main">Minimum Error Rate Training in Statistical Machine Translation</title>
		<author>
			<persName xmlns="http://www.tei-c.org/ns/1.0"><forename type="first">Franz Josef</forename><surname>Och</surname></persName>
		</author>
	</analytic>
	<monogr>
		<title level="m">Proceedings of the 41st Annual Meeting of the Association for Computational Linguistics (ACL-2003)</title>
		<meeting>the 41st Annual Meeting of the Association for Computational Linguistics (ACL-2003)</meeting>
		<imprint>
			<date type="published" when="2003" />
			<biblScope unit="page" from="160" to="167" />
		</imprint>
	</monogr>
</biblStruct>

<biblStruct >
	<analytic>
		<title level="a" type="main">The Alignment Template Approach To Statistical Machine Translation</title>
		<author>
			<persName xmlns="http://www.tei-c.org/ns/1.0"><forename type="first">Josef</forename><surname>Franz</surname></persName>
		</author>
		<author>
			<persName xmlns="http://www.tei-c.org/ns/1.0"><forename type="first">Hermann</forename><surname>Och</surname></persName>
		</author>
		<author>
			<persName xmlns="http://www.tei-c.org/ns/1.0"><surname>Ney</surname></persName>
		</author>
	</analytic>
	<monogr>
		<title level="j">Computational Linguistics</title>
		<imprint>
			<biblScope unit="volume">30</biblScope>
			<biblScope unit="issue">4</biblScope>
			<biblScope unit="page" from="417" to="449" />
			<date type="published" when="2004" />
		</imprint>
	</monogr>
</biblStruct>

<biblStruct >
	<analytic>
		<title level="a" type="main">BLEU: a Method for Automatic Evaluation of Machine Translation</title>
		<author>
			<persName xmlns="http://www.tei-c.org/ns/1.0"><forename type="first">Kishore</forename><surname>Papineni</surname></persName>
		</author>
		<author>
			<persName xmlns="http://www.tei-c.org/ns/1.0"><forename type="first">Salim</forename><surname>Roukos</surname></persName>
		</author>
		<author>
			<persName xmlns="http://www.tei-c.org/ns/1.0"><forename type="first">Todd</forename><surname>Ward</surname></persName>
		</author>
		<author>
			<persName xmlns="http://www.tei-c.org/ns/1.0"><forename type="first">Weijing</forename><surname>Zhu</surname></persName>
		</author>
	</analytic>
	<monogr>
		<title level="m">Proceedings of the 40th Annual Meeting of the Association for Computational Linguistics (ACL-2002)</title>
		<meeting>the 40th Annual Meeting of the Association for Computational Linguistics (ACL-2002)</meeting>
		<imprint>
			<date type="published" when="2002" />
			<biblScope unit="page" from="311" to="318" />
		</imprint>
	</monogr>
</biblStruct>

<biblStruct >
	<analytic>
		<title level="a" type="main">Combining Linguistic and Statistical Methods for BiDirectional English Chinese Translation in the Flight Domain</title>
		<author>
			<persName xmlns="http://www.tei-c.org/ns/1.0"><forename type="first">Stephanie</forename><surname>Seneff</surname></persName>
		</author>
		<author>
			<persName xmlns="http://www.tei-c.org/ns/1.0"><forename type="first">Chao</forename><surname>Wang</surname></persName>
		</author>
		<author>
			<persName xmlns="http://www.tei-c.org/ns/1.0"><forename type="first">John</forename><surname>Lee</surname></persName>
		</author>
	</analytic>
	<monogr>
		<title level="m">Proceedings of the 7th Conference of the Association for Machine Translation in the Americas (AMTA-2006)</title>
		<meeting>the 7th Conference of the Association for Machine Translation in the Americas (AMTA-2006)</meeting>
		<imprint>
			<date type="published" when="2006" />
			<biblScope unit="page" from="213" to="222" />
		</imprint>
	</monogr>
</biblStruct>

<biblStruct >
	<analytic>
		<title level="a" type="main">SRILM-An Extensible Language Modeling Toolkit</title>
		<author>
			<persName xmlns="http://www.tei-c.org/ns/1.0"><forename type="first">Andreas</forename><surname>Stolcke</surname></persName>
		</author>
	</analytic>
	<monogr>
		<title level="m">Proceedings of the 5th International Conference on Spoken Language Processing (ICSLP-2002)</title>
		<meeting>the 5th International Conference on Spoken Language Processing (ICSLP-2002)</meeting>
		<imprint>
			<date type="published" when="2002" />
			<biblScope unit="page" from="901" to="904" />
		</imprint>
	</monogr>
</biblStruct>

<biblStruct >
	<analytic>
		<title level="a" type="main">Using Monolingual SourceLanguage Data to Improve MT Performance</title>
		<author>
			<persName xmlns="http://www.tei-c.org/ns/1.0"><forename type="first">Nicola</forename><surname>Ueffing</surname></persName>
		</author>
	</analytic>
	<monogr>
		<title level="m">Proceedings of the International Workshop on Spoken Language Translation (IWSLT-2006)</title>
		<meeting>the International Workshop on Spoken Language Translation (IWSLT-2006)</meeting>
		<imprint>
			<date type="published" when="2006" />
			<biblScope unit="page" from="174" to="181" />
		</imprint>
	</monogr>
</biblStruct>

<biblStruct >
	<analytic>
		<title level="a" type="main">MetisII: Machine Translation for Low-Resource Languages</title>
		<author>
			<persName xmlns="http://www.tei-c.org/ns/1.0"><forename type="first">Vincent</forename><surname>Vandeghinste</surname></persName>
		</author>
		<author>
			<persName xmlns="http://www.tei-c.org/ns/1.0"><forename type="first">Ineka</forename><surname>Schuurman</surname></persName>
		</author>
		<author>
			<persName xmlns="http://www.tei-c.org/ns/1.0"><forename type="first">Michael</forename><surname>Carl</surname></persName>
		</author>
		<author>
			<persName xmlns="http://www.tei-c.org/ns/1.0"><forename type="first">Stella</forename><surname>Markantonatou</surname></persName>
		</author>
		<author>
			<persName xmlns="http://www.tei-c.org/ns/1.0"><forename type="first">Toni</forename><surname>Badia</surname></persName>
		</author>
	</analytic>
	<monogr>
		<title level="m">Proceedings of the 5th International Conference on Language Resources and Evaluation (LREC-2006)</title>
		<meeting>the 5th International Conference on Language Resources and Evaluation (LREC-2006)</meeting>
		<imprint>
			<date type="published" when="2006" />
			<biblScope unit="page" from="1284" to="1289" />
		</imprint>
	</monogr>
</biblStruct>

<biblStruct >
	<analytic>
		<title level="a" type="main">Construction of a Hierarchical Translation Memory</title>
		<author>
			<persName xmlns="http://www.tei-c.org/ns/1.0"><forename type="first">Stephan</forename><surname>Vogel</surname></persName>
		</author>
		<author>
			<persName xmlns="http://www.tei-c.org/ns/1.0"><forename type="first">Hermann</forename><surname>Ney</surname></persName>
		</author>
	</analytic>
	<monogr>
		<title level="m">Proceedings of the 18th International Conference on Computational Linguistics (COLING-2000)</title>
		<meeting>the 18th International Conference on Computational Linguistics (COLING-2000)</meeting>
		<imprint>
			<date type="published" when="2000" />
			<biblScope unit="page" from="1131" to="1135" />
		</imprint>
	</monogr>
</biblStruct>

<biblStruct >
	<analytic>
		<title level="a" type="main">Comparing Example-Based and Statistical Machine Translation</title>
		<author>
			<persName xmlns="http://www.tei-c.org/ns/1.0"><forename type="first">Andy</forename><surname>Way</surname></persName>
		</author>
		<author>
			<persName xmlns="http://www.tei-c.org/ns/1.0"><forename type="first">Nano</forename><surname>Gough</surname></persName>
		</author>
	</analytic>
	<monogr>
		<title level="j">Natural Language Engineering</title>
		<imprint>
			<biblScope unit="volume">11</biblScope>
			<biblScope unit="issue">3</biblScope>
			<biblScope unit="page" from="295" to="309" />
			<date type="published" when="2005" />
		</imprint>
	</monogr>
</biblStruct>

<biblStruct >
	<analytic>
		<title level="a" type="main">Stochastic Inversion Transduction Grammars and Bilingual Parsing of Parallel Corpora</title>
		<author>
			<persName xmlns="http://www.tei-c.org/ns/1.0"><forename type="first">Dekai</forename><surname>Wu</surname></persName>
		</author>
	</analytic>
	<monogr>
		<title level="j">Computational Linguistics</title>
		<imprint>
			<biblScope unit="volume">23</biblScope>
			<biblScope unit="issue">3</biblScope>
			<biblScope unit="page" from="377" to="403" />
			<date type="published" when="1997" />
		</imprint>
	</monogr>
</biblStruct>

<biblStruct >
	<analytic>
		<title level="a" type="main">A Syntax Based Statistical Translation Model</title>
		<author>
			<persName xmlns="http://www.tei-c.org/ns/1.0"><forename type="first">Kenji</forename><surname>Yamada</surname></persName>
		</author>
		<author>
			<persName xmlns="http://www.tei-c.org/ns/1.0"><forename type="first">Kevin</forename><surname>Knight</surname></persName>
		</author>
	</analytic>
	<monogr>
		<title level="m">Proceedings of the Association for Computational Linguistics / European Chapter of the Association for Computational Linguistics (ACL/EACL-2001)</title>
		<meeting>the Association for Computational Linguistics / European Chapter of the Association for Computational Linguistics (ACL/EACL-2001)</meeting>
		<imprint>
			<date type="published" when="2001" />
			<biblScope unit="page" from="523" to="530" />
		</imprint>
	</monogr>
</biblStruct>

<biblStruct >
	<analytic>
		<title level="a" type="main">DEMOCRAT: Deciding between Multiple Outputs Created by Automatic Translation</title>
		<author>
			<persName xmlns="http://www.tei-c.org/ns/1.0"><forename type="first">Harold</forename><surname>Menno Van Zaanen</surname></persName>
		</author>
		<author>
			<persName xmlns="http://www.tei-c.org/ns/1.0"><surname>Somers</surname></persName>
		</author>
	</analytic>
	<monogr>
		<title level="m">Proceedings of the 10th Machine Translation Summit</title>
		<meeting>the 10th Machine Translation Summit</meeting>
		<imprint>
			<date type="published" when="2005" />
			<biblScope unit="page" from="173" to="180" />
		</imprint>
	</monogr>
</biblStruct>

			</listBibl>
		</back>
	</text>
</TEI>
