<?xml version="1.0" ?>
<TEI xmlns="http://www.tei-c.org/ns/1.0" xmlns:xlink="http://www.w3.org/1999/xlink" 
 xmlns:mml="http://www.w3.org/1998/Math/MathML">
	<teiHeader>
		<fileDesc xml:id="f_954"/>
	</teiHeader>
	<text>
		<front/>
		<body/>
		<back>
			<listBibl>
<biblStruct >
	<analytic>
		<title level="a" type="main">Extracting structured data from web pages</title>
		<author>
			<persName xmlns="http://www.tei-c.org/ns/1.0"><forename type="first">A</forename><surname>Arasu</surname></persName>
		</author>
		<author>
			<persName xmlns="http://www.tei-c.org/ns/1.0"><forename type="first">H</forename><surname>Garcia-Molina</surname></persName>
		</author>
	</analytic>
	<monogr>
		<title level="m">Proc. of SIMOD2003</title>
		<meeting>of SIMOD2003</meeting>
		<imprint>
			<date type="published" when="2003" />
		</imprint>
	</monogr>
</biblStruct>

<biblStruct >
	<analytic>
		<title level="a" type="main">Text segmentation using exponential models</title>
		<author>
			<persName xmlns="http://www.tei-c.org/ns/1.0"><forename type="first">D</forename><surname>Beeferman</surname></persName>
		</author>
		<author>
			<persName xmlns="http://www.tei-c.org/ns/1.0"><forename type="first">A</forename><surname>Berger</surname></persName>
		</author>
		<author>
			<persName xmlns="http://www.tei-c.org/ns/1.0"><forename type="first">J</forename><surname>Lafferty</surname></persName>
		</author>
	</analytic>
	<monogr>
		<title level="m">Proc. of EMNLP-1997</title>
		<meeting>of EMNLP-1997</meeting>
		<imprint>
			<date type="published" when="1997" />
		</imprint>
	</monogr>
</biblStruct>

<biblStruct >
	<analytic>
		<title level="a" type="main">Discriminative word alignment with conditional random fields</title>
		<author>
			<persName xmlns="http://www.tei-c.org/ns/1.0"><forename type="first">P</forename><surname>Blunsom</surname></persName>
		</author>
		<author>
			<persName xmlns="http://www.tei-c.org/ns/1.0"><forename type="first">T</forename><surname>Cohn</surname></persName>
		</author>
	</analytic>
	<monogr>
		<title level="m">Proc. of ACL</title>
		<meeting>of ACL</meeting>
		<imprint>
			<date type="published" when="2006" />
		</imprint>
	</monogr>
</biblStruct>

<biblStruct >
	<analytic>
		<title level="a" type="main">Minimum information about a microarray experiment (MIAME)-toward standards for microarray data</title>
		<author>
			<persName xmlns="http://www.tei-c.org/ns/1.0"><forename type="first">A</forename><surname>Brazma</surname></persName>
		</author>
	</analytic>
	<monogr>
		<title level="j">Nat Genet</title>
		<imprint>
			<biblScope unit="volume">29</biblScope>
			<biblScope unit="issue">4</biblScope>
			<biblScope unit="page" from="365" to="71" />
			<date type="published" when="2001" />
		</imprint>
	</monogr>
</biblStruct>

<biblStruct >
	<analytic>
		<title level="a" type="main">Tools for knowledge acquisition within the NeuroScholar system and their application to anatomical tract-tracing data</title>
		<author>
			<persName xmlns="http://www.tei-c.org/ns/1.0"><forename type="first">G</forename><forename type="middle">A</forename><surname>Burns</surname></persName>
		</author>
		<author>
			<persName xmlns="http://www.tei-c.org/ns/1.0"><forename type="first">W.-C</forename><surname>Cheng</surname></persName>
		</author>
	</analytic>
	<monogr>
		<title level="j">In Journal of Biomedical Discovery and Collaboration</title>
		<imprint>
			<date type="published" when="2006" />
		</imprint>
	</monogr>
</biblStruct>

<biblStruct >
	<analytic>
		<title level="a" type="main">Intelligent Approaches to Mining the Primary Research Literature: Techniques, Systems, and Examples. Book Chapter</title>
		<author>
			<persName xmlns="http://www.tei-c.org/ns/1.0"><forename type="first">G</forename><surname>Burns</surname></persName>
		</author>
		<author>
			<persName xmlns="http://www.tei-c.org/ns/1.0"><forename type="first">D</forename><surname>Feng</surname></persName>
		</author>
		<author>
			<persName xmlns="http://www.tei-c.org/ns/1.0"><forename type="first">E</forename><forename type="middle">H</forename><surname>Hovy</surname></persName>
		</author>
	</analytic>
	<monogr>
		<title level="m">Computational Intelligence in Bioinformatics</title>
		<meeting><address><addrLine>Germany</addrLine></address></meeting>
		<imprint>
			<publisher>Springer-Verlag</publisher>
			<date type="published" when="2007" />
		</imprint>
	</monogr>
</biblStruct>

<biblStruct >
	<analytic>
		<title level="a" type="main">Advances in domain independent linear text segmentation</title>
		<author>
			<persName xmlns="http://www.tei-c.org/ns/1.0"><forename type="first">F</forename><forename type="middle">Y Y</forename><surname>Choi</surname></persName>
		</author>
	</analytic>
	<monogr>
		<title level="m">Proc. of NAACL-2000</title>
		<meeting>of NAACL-2000</meeting>
		<imprint>
			<date type="published" when="2000" />
		</imprint>
	</monogr>
</biblStruct>

<biblStruct >
	<analytic>
		<title level="a" type="main">Creating knowledge repositories from biomedical reports the MEDSYNDIKATE text mining system</title>
		<author>
			<persName xmlns="http://www.tei-c.org/ns/1.0"><forename type="first">U</forename><surname>Hahn</surname></persName>
		</author>
		<author>
			<persName xmlns="http://www.tei-c.org/ns/1.0"><forename type="first">M</forename><surname>Romacher</surname></persName>
		</author>
		<author>
			<persName xmlns="http://www.tei-c.org/ns/1.0"><forename type="first">S</forename><surname>Schulz</surname></persName>
		</author>
	</analytic>
	<monogr>
		<title level="m">Proc. of PSB-2002</title>
		<meeting>of PSB-2002</meeting>
		<imprint>
			<date type="published" when="2002" />
		</imprint>
	</monogr>
</biblStruct>

<biblStruct >
	<analytic>
		<title level="a" type="main">Multi-paragraph segmentation of expository text</title>
		<author>
			<persName xmlns="http://www.tei-c.org/ns/1.0"><forename type="first">M</forename><surname>Hearst</surname></persName>
		</author>
	</analytic>
	<monogr>
		<title level="m">Proc. of ACL</title>
		<meeting>of ACL</meeting>
		<imprint>
			<date type="published" when="1994" />
		</imprint>
	</monogr>
</biblStruct>

<biblStruct >
	<analytic>
		<title level="a" type="main">Semi-supervised conditional random fields for improved sequence segmentation and labeling</title>
		<author>
			<persName xmlns="http://www.tei-c.org/ns/1.0"><forename type="first">F</forename><surname>Jiao</surname></persName>
		</author>
		<author>
			<persName xmlns="http://www.tei-c.org/ns/1.0"><forename type="first">S</forename><surname>Wang</surname></persName>
		</author>
		<author>
			<persName xmlns="http://www.tei-c.org/ns/1.0"><forename type="first">C</forename><surname>Lee</surname></persName>
		</author>
		<author>
			<persName xmlns="http://www.tei-c.org/ns/1.0"><forename type="first">R</forename><surname>Greiner</surname></persName>
		</author>
		<author>
			<persName xmlns="http://www.tei-c.org/ns/1.0"><forename type="first">D</forename><surname>Schuurmans</surname></persName>
		</author>
	</analytic>
	<monogr>
		<title level="m">Proc. of ACL</title>
		<meeting>of ACL</meeting>
		<imprint>
			<date type="published" when="2006" />
		</imprint>
	</monogr>
</biblStruct>

<biblStruct >
	<analytic>
		<title level="a" type="main">A. Interactive information extraction with constrained conditional random fields</title>
		<author>
			<persName xmlns="http://www.tei-c.org/ns/1.0"><forename type="first">T</forename><surname>Kristjannson</surname></persName>
		</author>
		<author>
			<persName xmlns="http://www.tei-c.org/ns/1.0"><forename type="first">A</forename><surname>Culotta</surname></persName>
		</author>
		<author>
			<persName xmlns="http://www.tei-c.org/ns/1.0"><forename type="first">P</forename><surname>Viola</surname></persName>
		</author>
		<author>
			<persName xmlns="http://www.tei-c.org/ns/1.0"><forename type="first">Mccallum</forename></persName>
		</author>
	</analytic>
	<monogr>
		<title level="m">Proc. of AAAI</title>
		<meeting>of AAAI</meeting>
		<imprint>
			<date type="published" when="2004" />
		</imprint>
	</monogr>
</biblStruct>

<biblStruct >
	<analytic>
		<title level="a" type="main">Conditional Random Fields: probabilistic models for segmenting and labeling Sequence Data</title>
		<author>
			<persName xmlns="http://www.tei-c.org/ns/1.0"><forename type="first">J</forename><surname>Lafferty</surname></persName>
		</author>
		<author>
			<persName xmlns="http://www.tei-c.org/ns/1.0"><forename type="first">A</forename><surname>Mccallum</surname></persName>
		</author>
		<author>
			<persName xmlns="http://www.tei-c.org/ns/1.0"><forename type="first">F</forename><surname>Pereira</surname></persName>
		</author>
	</analytic>
	<monogr>
		<title level="m">Proc. of ICML</title>
		<meeting>of ICML</meeting>
		<imprint>
			<date type="published" when="2001" />
		</imprint>
	</monogr>
</biblStruct>

<biblStruct >
	<analytic>
		<title level="a" type="main">Dependency-based evaluation of MINIPAR</title>
		<author>
			<persName xmlns="http://www.tei-c.org/ns/1.0"><forename type="first">D</forename><surname>Lin</surname></persName>
		</author>
	</analytic>
	<monogr>
		<title level="m">Proc. of Workshop on the Evaluation of Parsing Systems</title>
		<meeting>of Workshop on the Evaluation of Parsing Systems</meeting>
		<imprint>
			<date type="published" when="1998" />
		</imprint>
	</monogr>
</biblStruct>

<biblStruct >
	<analytic>
		<title level="a" type="main">Mining data records in web pages</title>
		<author>
			<persName xmlns="http://www.tei-c.org/ns/1.0"><forename type="first">B</forename><surname>Liu</surname></persName>
		</author>
		<author>
			<persName xmlns="http://www.tei-c.org/ns/1.0"><forename type="first">R</forename><surname>Grossman</surname></persName>
		</author>
		<author>
			<persName xmlns="http://www.tei-c.org/ns/1.0"><forename type="first">Y</forename><surname>Zhai</surname></persName>
		</author>
	</analytic>
	<monogr>
		<title level="m">Proc. of SIGKDD-2003</title>
		<meeting>of SIGKDD-2003</meeting>
		<imprint>
			<date type="published" when="2003" />
		</imprint>
	</monogr>
</biblStruct>

<biblStruct >
	<analytic>
		<title level="a" type="main">Minimum cut model for spoken lecture segmentation</title>
		<author>
			<persName xmlns="http://www.tei-c.org/ns/1.0"><forename type="first">I</forename><surname>Malioutov</surname></persName>
		</author>
		<author>
			<persName xmlns="http://www.tei-c.org/ns/1.0"><forename type="first">R</forename><surname>Barzilay</surname></persName>
		</author>
	</analytic>
	<monogr>
		<title level="m">Proc. of ACL</title>
		<meeting>of ACL</meeting>
		<imprint>
			<date type="published" when="2006" />
		</imprint>
	</monogr>
</biblStruct>

<biblStruct >
	<monogr>
				<author>
			<persName xmlns="http://www.tei-c.org/ns/1.0"><forename type="first">A</forename><forename type="middle">K</forename><surname>Mccallum</surname></persName>
		</author>
		<ptr target="http://mallet.cs.umass.edu" />
		<title level="m">MALLET: A Machine Learning for Language Toolkit</title>
		<imprint>
			<date type="published" when="2002" />
		</imprint>
	</monogr>
</biblStruct>

<biblStruct >
	<analytic>
		<title level="a" type="main">Hierarchical wrapper induction for semistructured information sources</title>
		<author>
			<persName xmlns="http://www.tei-c.org/ns/1.0"><forename type="first">I</forename><surname>Muslea</surname></persName>
		</author>
		<author>
			<persName xmlns="http://www.tei-c.org/ns/1.0"><forename type="first">S</forename><surname>Minton</surname></persName>
		</author>
		<author>
			<persName xmlns="http://www.tei-c.org/ns/1.0"><forename type="first">C</forename><forename type="middle">A</forename><surname>Knoblock</surname></persName>
		</author>
	</analytic>
	<monogr>
		<title level="j">Autonomous Agents and MultiAgent Systems</title>
		<imprint>
			<biblScope unit="volume">4</biblScope>
			<biblScope unit="page" from="93" to="114" />
			<date type="published" when="2001" />
		</imprint>
	</monogr>
</biblStruct>

<biblStruct >
	<analytic>
		<title level="a" type="main">Improving the scalability of semi-markov conditional random fields for named entity recognition</title>
		<author>
			<persName xmlns="http://www.tei-c.org/ns/1.0"><forename type="first">D</forename><surname>Okanohara</surname></persName>
		</author>
		<author>
			<persName xmlns="http://www.tei-c.org/ns/1.0"><forename type="first">Y</forename><surname>Miyao</surname></persName>
		</author>
		<author>
			<persName xmlns="http://www.tei-c.org/ns/1.0"><forename type="first">Y</forename><surname>Tsuruoka</surname></persName>
		</author>
		<author>
			<persName xmlns="http://www.tei-c.org/ns/1.0"><forename type="first">J</forename><surname>Tsujii</surname></persName>
		</author>
	</analytic>
	<monogr>
		<title level="m">Proc. of ACL</title>
		<meeting>of ACL</meeting>
		<imprint>
			<date type="published" when="2006" />
		</imprint>
	</monogr>
</biblStruct>

<biblStruct >
	<analytic>
		<title level="a" type="main">Accurate information extraction from research papers using conditional random fields</title>
		<author>
			<persName xmlns="http://www.tei-c.org/ns/1.0"><forename type="first">F</forename><surname>Peng</surname></persName>
		</author>
		<author>
			<persName xmlns="http://www.tei-c.org/ns/1.0"><forename type="first">A</forename><surname>Mccallum</surname></persName>
		</author>
	</analytic>
	<monogr>
		<title level="m">Proc. of HLT-NAACL</title>
		<meeting>of HLT-NAACL</meeting>
		<imprint>
			<date type="published" when="2004" />
		</imprint>
	</monogr>
</biblStruct>

<biblStruct >
	<analytic>
		<title level="a" type="main">A Critique and Improvement of an Evaluation Metric for Text Segmentation</title>
		<author>
			<persName xmlns="http://www.tei-c.org/ns/1.0"><forename type="first">L</forename><surname>Pevzner</surname></persName>
		</author>
		<author>
			<persName xmlns="http://www.tei-c.org/ns/1.0"><forename type="first">M</forename><surname>Hearst</surname></persName>
		</author>
	</analytic>
	<monogr>
		<title level="j">Computational Linguistics</title>
		<imprint>
			<date type="published" when="2002" />
		</imprint>
	</monogr>
</biblStruct>

<biblStruct >
	<analytic>
		<title level="a" type="main">Table Extraction Using Conditional Random Fields</title>
		<author>
			<persName xmlns="http://www.tei-c.org/ns/1.0"><forename type="first">D</forename><surname>Pinto</surname></persName>
		</author>
		<author>
			<persName xmlns="http://www.tei-c.org/ns/1.0"><forename type="first">A</forename><surname>Mccallum</surname></persName>
		</author>
		<author>
			<persName xmlns="http://www.tei-c.org/ns/1.0"><forename type="first">X</forename><surname>Wei</surname></persName>
		</author>
		<author>
			<persName xmlns="http://www.tei-c.org/ns/1.0"><forename type="first">W</forename><forename type="middle">B</forename><surname>Croft</surname></persName>
		</author>
	</analytic>
	<monogr>
		<title level="m">Proc. of SIGIR-2003</title>
		<meeting>of SIGIR-2003</meeting>
		<imprint>
			<date type="published" when="2003" />
		</imprint>
	</monogr>
</biblStruct>

<biblStruct >
	<analytic>
		<title level="a" type="main">Advanced database methodology for the Collation of Connectivity data on the Macaque brain (CoCoMac)</title>
		<author>
			<persName xmlns="http://www.tei-c.org/ns/1.0"><forename type="first">K</forename><forename type="middle">E</forename><surname>Stephan</surname></persName>
		</author>
	</analytic>
	<monogr>
		<title level="j">Philos Trans R Soc Lond B Biol Sci</title>
		<imprint>
			<biblScope unit="page">356</biblScope>
			<date type="published" when="1412" />
		</imprint>
	</monogr>
</biblStruct>

<biblStruct >
	<monogr>
				<author>
			<persName xmlns="http://www.tei-c.org/ns/1.0"><forename type="first">L</forename><forename type="middle">W</forename><surname>Swanson</surname></persName>
		</author>
		<title level="m">Brain Maps: Structure of the Rat Brain</title>
		<imprint>
			<publisher>Elsevier Academic Press</publisher>
			<date type="published" when="2004" />
		</imprint>
	</monogr>
	<note>3rd edition</note>
</biblStruct>

<biblStruct >
	<analytic>
		<title level="a" type="main">Learning field compatibilities to extract database records from unstructured text</title>
		<author>
			<persName xmlns="http://www.tei-c.org/ns/1.0"><forename type="first">M</forename><surname>Wick</surname></persName>
		</author>
		<author>
			<persName xmlns="http://www.tei-c.org/ns/1.0"><forename type="first">A</forename><surname>Culotta</surname></persName>
		</author>
		<author>
			<persName xmlns="http://www.tei-c.org/ns/1.0"><forename type="first">A</forename><surname>Mccallum</surname></persName>
		</author>
	</analytic>
	<monogr>
		<title level="m">Proc. of EMNLP</title>
		<meeting>of EMNLP</meeting>
		<imprint>
			<date type="published" when="2006" />
		</imprint>
	</monogr>
</biblStruct>

<biblStruct >
	<analytic>
		<title level="a" type="main">A comparative study on feature selection in text categorization</title>
		<author>
			<persName xmlns="http://www.tei-c.org/ns/1.0"><forename type="first">Y</forename><surname>Yang</surname></persName>
		</author>
		<author>
			<persName xmlns="http://www.tei-c.org/ns/1.0"><forename type="first">J</forename><surname>Pedersen</surname></persName>
		</author>
	</analytic>
	<monogr>
		<title level="m">Proc. of ICML-1997</title>
		<meeting>of ICML-1997</meeting>
		<imprint>
			<date type="published" when="1997" />
			<biblScope unit="page" from="412" to="420" />
		</imprint>
	</monogr>
</biblStruct>

<biblStruct >
	<analytic>
		<title level="a" type="main">Simultaneous record detection and attribute labeling in web data extraction</title>
		<author>
			<persName xmlns="http://www.tei-c.org/ns/1.0"><forename type="first">J</forename><surname>Zhu</surname></persName>
		</author>
		<author>
			<persName xmlns="http://www.tei-c.org/ns/1.0"><forename type="first">Z</forename><surname>Nie</surname></persName>
		</author>
		<author>
			<persName xmlns="http://www.tei-c.org/ns/1.0"><forename type="first">J</forename><surname>Wen</surname></persName>
		</author>
		<author>
			<persName xmlns="http://www.tei-c.org/ns/1.0"><forename type="first">B</forename><surname>Zhang</surname></persName>
		</author>
		<author>
			<persName xmlns="http://www.tei-c.org/ns/1.0"><forename type="first">Ma</forename></persName>
		</author>
		<author>
			<persName xmlns="http://www.tei-c.org/ns/1.0"><forename type="first">W</forename></persName>
		</author>
	</analytic>
	<monogr>
		<title level="m">Proc. of KDD</title>
		<meeting>of KDD</meeting>
		<imprint>
			<date type="published" when="2006" />
		</imprint>
	</monogr>
</biblStruct>

			</listBibl>
		</back>
	</text>
</TEI>
