<?xml version="1.0" ?>
<TEI xmlns="http://www.tei-c.org/ns/1.0" xmlns:xlink="http://www.w3.org/1999/xlink" 
 xmlns:mml="http://www.w3.org/1998/Math/MathML">
	<teiHeader>
		<fileDesc xml:id="f_681"/>
	</teiHeader>
	<text>
		<front/>
		<body/>
		<back>
			<listBibl>
<biblStruct >
	<monogr>
		<title level="m" type="main">Text Compression</title>
		<author>
			<persName xmlns="http://www.tei-c.org/ns/1.0"><forename type="first">T</forename><forename type="middle">C</forename><surname>Bell</surname></persName>
		</author>
		<author>
			<persName xmlns="http://www.tei-c.org/ns/1.0"><forename type="first">J</forename><forename type="middle">G</forename><surname>Cleary</surname></persName>
		</author>
		<author>
			<persName xmlns="http://www.tei-c.org/ns/1.0"><forename type="first">I</forename><forename type="middle">H</forename><surname>Witten</surname></persName>
		</author>
		<imprint>
			<date type="published" when="1990" />
			<publisher>Prentice Hall</publisher>
			<pubPlace>Englewood Cliffs, NJ</pubPlace>
		</imprint>
	</monogr>
</biblStruct>

<biblStruct >
	<monogr>
				<author>
			<persName xmlns="http://www.tei-c.org/ns/1.0"><forename type="first">B</forename><surname>Bloom</surname></persName>
		</author>
		<title level="m">Space/time tradeoffs in hash coding with allowable errors. CACM</title>
		<imprint>
			<date type="published" when="1970" />
			<biblScope unit="volume">13</biblScope>
			<biblScope unit="page" from="422" to="426" />
		</imprint>
	</monogr>
</biblStruct>

<biblStruct >
	<analytic>
		<title level="a" type="main">Network applications of Bloom filters: A survey</title>
		<author>
			<persName xmlns="http://www.tei-c.org/ns/1.0"><forename type="first">A</forename><surname>Broder</surname></persName>
		</author>
		<author>
			<persName xmlns="http://www.tei-c.org/ns/1.0"><forename type="first">M</forename><surname>Mitzenmacher</surname></persName>
		</author>
	</analytic>
	<monogr>
		<title level="j">Internet Mathematics</title>
		<imprint>
			<biblScope unit="volume">1</biblScope>
			<biblScope unit="issue">4</biblScope>
			<biblScope unit="page" from="485" to="509" />
			<date type="published" when="2005" />
		</imprint>
	</monogr>
</biblStruct>

<biblStruct >
	<analytic>
		<title level="a" type="main">A hierarchical phrase-based model for statistical machine translation</title>
		<author>
			<persName xmlns="http://www.tei-c.org/ns/1.0"><forename type="first">David</forename><surname>Chiang</surname></persName>
		</author>
	</analytic>
	<monogr>
		<title level="m">Proceedings of the 43rd Annual Meeting of the Association for Computational Linguistics (ACL&apos;05)</title>
		<meeting>the 43rd Annual Meeting of the Association for Computational Linguistics (ACL&apos;05)<address><addrLine>Ann Arbor, Michigan</addrLine></address></meeting>
		<imprint>
			<publisher>Association for Computational Linguistics</publisher>
			<date type="published" when="2005-06" />
			<biblScope unit="page" from="263" to="270" />
		</imprint>
	</monogr>
</biblStruct>

<biblStruct >
	<analytic>
		<title level="a" type="main">Language model size reduction by pruning and clustering</title>
		<author>
			<persName xmlns="http://www.tei-c.org/ns/1.0"><forename type="first">J</forename><surname>Goodman</surname></persName>
		</author>
		<author>
			<persName xmlns="http://www.tei-c.org/ns/1.0"><forename type="first">J</forename><surname>Gao</surname></persName>
		</author>
	</analytic>
	<monogr>
		<title level="m">ICSLP&apos;00</title>
		<meeting><address><addrLine>Beijing, China</addrLine></address></meeting>
		<imprint>
			<date type="published" when="2000" />
		</imprint>
	</monogr>
</biblStruct>

<biblStruct >
	<analytic>
		<title level="a" type="main">Factored translation models</title>
		<author>
			<persName xmlns="http://www.tei-c.org/ns/1.0"><forename type="first">Philipp</forename><surname>Koehn</surname></persName>
		</author>
		<author>
			<persName xmlns="http://www.tei-c.org/ns/1.0"><forename type="first">Hieu</forename><surname>Hoang</surname></persName>
		</author>
	</analytic>
	<monogr>
		<title level="m">Proc. of the 2007 Conference on Empirical Methods in Natural Language Processing</title>
		<meeting>of the 2007 Conference on Empirical Methods in Natural Language essing</meeting>
		<imprint>
			<publisher>EMNLP/Co-NLL)</publisher>
			<date type="published" when="2007" />
		</imprint>
	</monogr>
</biblStruct>

<biblStruct >
	<monogr>
		<title level="m" type="main">Europarl: A multilingual corpus for evaluation of machine translation, draft</title>
		<author>
			<persName xmlns="http://www.tei-c.org/ns/1.0"><forename type="first">P</forename><surname>Koehn</surname></persName>
		</author>
		<ptr target="http://people.csail.mit.edu/koehn/publications/europarl.ps" />
		<imprint>
			<date type="published" when="2003" />
		</imprint>
	</monogr>
</biblStruct>

<biblStruct >
	<analytic>
		<title level="a" type="main">BLEU: a method for automatic evaluation of machine translation</title>
		<author>
			<persName xmlns="http://www.tei-c.org/ns/1.0"><forename type="first">K</forename><surname>Papineni</surname></persName>
		</author>
		<author>
			<persName xmlns="http://www.tei-c.org/ns/1.0"><forename type="first">S</forename><surname>Roukos</surname></persName>
		</author>
		<author>
			<persName xmlns="http://www.tei-c.org/ns/1.0"><forename type="first">T</forename><surname>Ward</surname></persName>
		</author>
		<author>
			<persName xmlns="http://www.tei-c.org/ns/1.0"><forename type="first">W</forename><forename type="middle">J</forename><surname>Zhu</surname></persName>
		</author>
	</analytic>
	<monogr>
		<title level="m">ACL-2002: 40th Annual meeting of the Association for Computational Linguistics</title>
		<imprint>
			<date type="published" when="2002" />
		</imprint>
	</monogr>
</biblStruct>

<biblStruct >
	<analytic>
		<title level="a" type="main">Entropy-based pruning of back-off language models</title>
		<author>
			<persName xmlns="http://www.tei-c.org/ns/1.0"><forename type="first">Andreas</forename><surname>Stolcke</surname></persName>
		</author>
	</analytic>
	<monogr>
		<title level="m">Proc. DARPA Broadcast News Transcription and Understanding Workshop</title>
		<meeting>DARPA Broadcast News Transcription and Understanding Workshop</meeting>
		<imprint>
			<date type="published" when="1998" />
			<biblScope unit="page" from="270" to="274" />
		</imprint>
	</monogr>
</biblStruct>

<biblStruct >
	<analytic>
		<title level="a" type="main">SRILM-an extensible language modeling toolkit</title>
		<author>
			<persName xmlns="http://www.tei-c.org/ns/1.0"><forename type="first">A</forename><surname>Stolcke</surname></persName>
		</author>
	</analytic>
	<monogr>
		<title level="m">Proc. Intl. Conf. on Spoken Language Processing</title>
		<meeting>Intl. Conf. on Spoken Language essing</meeting>
		<imprint>
			<date type="published" when="2002" />
		</imprint>
	</monogr>
</biblStruct>

<biblStruct >
	<analytic>
		<title level="a" type="main">Randomised language modelling for statistical machine translation</title>
		<author>
			<persName xmlns="http://www.tei-c.org/ns/1.0"><forename type="first">D</forename><surname>Talbot</surname></persName>
		</author>
		<author>
			<persName xmlns="http://www.tei-c.org/ns/1.0"><forename type="first">M</forename><surname>Osborne</surname></persName>
		</author>
	</analytic>
	<monogr>
		<title level="m">45th Annual Meeting of the Association of Computational Linguists</title>
		<imprint>
			<date type="published" when="2007" />
		</imprint>
	</monogr>
	<note>To appear</note>
</biblStruct>

<biblStruct >
	<monogr>
		<title level="m" type="main">Quantization-based language model compression (tr-2001-41)</title>
		<author>
			<persName xmlns="http://www.tei-c.org/ns/1.0"><forename type="first">E</forename><surname>Whitaker</surname></persName>
		</author>
		<author>
			<persName xmlns="http://www.tei-c.org/ns/1.0"><forename type="first">B</forename><surname>Raj</surname></persName>
		</author>
		<imprint>
			<date type="published" when="2001" />
		</imprint>
		<respStmt>
			<orgName>Mitsubishi Electronic Research Laboratories</orgName>
		</respStmt>
	</monogr>
<note type="report_type">Technical report</note>
</biblStruct>

			</listBibl>
		</back>
	</text>
</TEI>
