<?xml version="1.0" ?>
<TEI xmlns="http://www.tei-c.org/ns/1.0" xmlns:xlink="http://www.w3.org/1999/xlink" 
 xmlns:mml="http://www.w3.org/1998/Math/MathML">
	<teiHeader>
		<fileDesc xml:id="f_294"/>
	</teiHeader>
	<text>
		<front/>
		<body/>
		<back>
			<listBibl>
<biblStruct >
	<analytic>
		<title level="a" type="main">&gt; &lt;h4&gt;&lt;a href=&quot;#&quot;&gt; Content: buick, chevrolet, chrysler, dodge, ford, gmc, isuzu, jeep, lincoln, mazda, mercury, nissan, pontiac, scion</title>
		<author>
			<persName xmlns="http://www.tei-c.org/ns/1.0"><forename type="first">,</forename></persName>
		</author>
		<ptr target="http://www.worldstyling.com/Wrapper:&apos;&gt;" />
	</analytic>
	<monogr>
		<title level="m">Parts&lt;/A&gt; &lt;br&gt; Content</title>
		<imprint/>
	</monogr>
	<note>URL: http://www.allautoreviews.com/ Wrapper: &lt;/a&gt;&lt;br&gt; &lt;a href=&quot;auto reviews. /tags/ Content: avalon, cars, carscom, driving, ford, maxima, nissan, performance, speed, toyota URL</note>
</biblStruct>

<biblStruct >
	<monogr>
				<author>
			<persName xmlns="http://www.tei-c.org/ns/1.0"><forename type="first">:</forename><surname>Accessories&amp;lt;/Option&amp;gt;&amp;lt;option Value=&amp;apos; Content</surname></persName>
		</author>
		<author>
			<persName xmlns="http://www.tei-c.org/ns/1.0"><surname>Seeds</surname></persName>
		</author>
		<ptr target="http://en.wikipedia.org/wiki/UnitedStatesSenateelections" />
		<title level="m">kentucky / steve beshear, north dakota / john hoeven URL</title>
		<imprint>
			<date type="published" when="2010" />
		</imprint>
	</monogr>
	<note>Governor of</note>
</biblStruct>

<biblStruct >
	<monogr>
		<title level="m" type="main">Content: alabama / bob riley, alaska / sarah palin, arizona / janet napolitano, arkansas / mike huckabee, california / arnold schwarzenegger, colorado / bill ritter, connecticut / mary jodi rell, delaware / ruth ann minner, florida / charlie crist, georgia / sonny perdue</title>
		<author>
			<persName xmlns="http://www.tei-c.org/ns/1.0"><surname>Wrapper</surname></persName>
		</author>
		<ptr target="http://ballotbox.governing.com/2008/07/index" />
		<imprint>
			<pubPlace>hawaii / linda lingle</pubPlace>
		</imprint>
	</monogr>
	<note>title=&quot;Governor of [.1.. html Wrapper: , [.1.]&apos;s [.2.. idaho / butch otter, illinois / rod blagojevich. .</note>
</biblStruct>

<biblStruct >
	<monogr>
		<title level="m" type="main">Seeds: cia / central intelligence agency, usps / united states postal service</title>
		<ptr target="http://www.[" />
		<imprint/>
	</monogr>
	<note>.1.].gov&quot; class=&quot;Links2nd&quot;&gt;[</note>
</biblStruct>

<biblStruct >
	<monogr>
		<title/>
		<author>
			<persName xmlns="http://www.tei-c.org/ns/1.0"><forename type="first">&amp;lt;</forename><surname>/A&amp;gt;&amp;lt;span Class=&amp;quot;links2nd</surname></persName>
		</author>
		<author>
			<persName xmlns="http://www.tei-c.org/ns/1.0"><forename type="first">&amp;quot;&amp;gt;</forename><surname>Url</surname></persName>
		</author>
		<ptr target="http://www.usembassy.at/en/us/gov.htmWrapper" />
		<imprint/>
	</monogr>
	<note>target=&quot; blank&quot;&gt;[.2.</note>
</biblStruct>

<biblStruct >
	<monogr>
		<title level="m" type="main">Content: achp / advisory council on historic preservation, arc / appalachian regional commission, cftc / commodity futures trading commission, cia / central intelligence agency, cms / centers for medicare and medicaid services, exim bank / export import bank of the united states</title>
		<imprint/>
	</monogr>
</biblStruct>

<biblStruct >
	<monogr>
		<title level="m" type="main">])&lt;/option&gt;&lt;option value=&quot;index</title>
		<author>
			<persName xmlns="http://www.tei-c.org/ns/1.0"><surname>Seeds: Mazda / Japan</surname></persName>
		</author>
		<ptr target="http://www.jrfilters.com/suspensions/index.php?famille=1&amp;lng=en" />
		<imprint/>
	</monogr>
	<note>&amp;page=filtres&amp;lng=en&quot;&gt;[.1.]&amp;nbsp;&amp;nbsp;&amp;nbsp;([.2.</note>
</biblStruct>

<biblStruct >
	<monogr>
				<ptr target="http://www.allcarcentral.com/Wrapper:file" />
		<title level="m">&lt;/option&gt;&lt;option value=&quot;index.php?famille=1&amp;rubrique1 URL</title>
		<imprint/>
	</monogr>
	<note>Wrapper: &quot;&gt;&lt;strong&gt;. smallfont&quot;&gt;Country of origin:[.2.. html&quot;&gt;[.1.</note>
</biblStruct>

<biblStruct >
	<monogr>
		<title/>
		<author>
			<persName xmlns="http://www.tei-c.org/ns/1.0"><forename type="first">&amp;lt;</forename><surname>England</surname></persName>
		</author>
		<imprint>
			<pubPlace>germany, balwin / usa, bandini / italy, bentley / england, bmw / germany, brabham / england, bricklin / usa, bristol / england</pubPlace>
		</imprint>
	</monogr>
</biblStruct>

<biblStruct >
	<analytic>
		<title level="a" type="main">Examples of (type 1) wrappers constructed and instances (contents) extracted. References Eugene Agichtein and Luis Gravano</title>
	</analytic>
	<monogr>
		<title level="m">Proceedings of the 5th ACM International Conference on Digital Libraries</title>
		<meeting>the 5th ACM International Conference on Digital Libraries</meeting>
		<imprint>
			<date type="published" when="2000" />
			<biblScope unit="volume">7</biblScope>
			<biblScope unit="page" from="85" to="94" />
		</imprint>
	</monogr>
	<note>Snowball: Extracting relations from large plain-text collections</note>
</biblStruct>

<biblStruct >
	<analytic>
		<title level="a" type="main">Extracting patterns and relations from the world wide web</title>
		<author>
			<persName xmlns="http://www.tei-c.org/ns/1.0"><surname>Sergey Brin</surname></persName>
		</author>
	</analytic>
	<monogr>
		<title level="m">WebDB Workshop at 6th International Conference on Extending Database Technology</title>
		<imprint>
			<date type="published" when="1998" />
			<biblScope unit="volume">98</biblScope>
			<biblScope unit="page" from="172" to="183" />
		</imprint>
	</monogr>
</biblStruct>

<biblStruct >
	<monogr>
		<title level="m" type="main">Webtables: exploring the power of tables on the web</title>
		<author>
			<persName xmlns="http://www.tei-c.org/ns/1.0"><forename type="first">J</forename><surname>Michael</surname></persName>
		</author>
		<author>
			<persName xmlns="http://www.tei-c.org/ns/1.0"><forename type="first">Alon</forename><forename type="middle">Y</forename><surname>Cafarella</surname></persName>
		</author>
		<author>
			<persName xmlns="http://www.tei-c.org/ns/1.0"><forename type="first">Daisy</forename><forename type="middle">Z</forename><surname>Halevy</surname></persName>
		</author>
		<author>
			<persName xmlns="http://www.tei-c.org/ns/1.0"><forename type="first">Eugene</forename><forename type="middle">W</forename><surname>Wang</surname></persName>
		</author>
		<author>
			<persName xmlns="http://www.tei-c.org/ns/1.0"><forename type="first">Yang</forename><surname>Zhang</surname></persName>
		</author>
		<imprint>
			<date type="published" when="2008" />
			<biblScope unit="volume">PVLDB</biblScope>
			<biblScope unit="page" from="538" to="549" />
		</imprint>
	</monogr>
</biblStruct>

<biblStruct >
	<analytic>
		<title level="a" type="main">Coupling semi-supervised learning of categories and relations</title>
		<author>
			<persName xmlns="http://www.tei-c.org/ns/1.0"><forename type="first">A</forename><surname>Carlson</surname></persName>
		</author>
		<author>
			<persName xmlns="http://www.tei-c.org/ns/1.0"><forename type="first">J</forename><surname>Betteridge</surname></persName>
		</author>
		<author>
			<persName xmlns="http://www.tei-c.org/ns/1.0"><forename type="first">E</forename><forename type="middle">R</forename><surname>Hruschka Junior</surname></persName>
		</author>
		<author>
			<persName xmlns="http://www.tei-c.org/ns/1.0"><forename type="first">T</forename><forename type="middle">M</forename><surname>Mitchell</surname></persName>
		</author>
	</analytic>
	<monogr>
		<title level="m">NAACL HLT Workshop on Semi-supervised Learning for Natural Language Processing</title>
		<imprint>
			<publisher>Association for Computational Linguistics</publisher>
			<date type="published" when="2009" />
			<biblScope unit="page" from="1" to="9" />
		</imprint>
	</monogr>
</biblStruct>

<biblStruct >
	<analytic>
		<title level="a" type="main">Unsupervised named-entity extraction from the web: An experimental study</title>
		<author>
			<persName xmlns="http://www.tei-c.org/ns/1.0"><forename type="first">Oren</forename><surname>Etzioni</surname></persName>
		</author>
		<author>
			<persName xmlns="http://www.tei-c.org/ns/1.0"><forename type="first">Michael</forename><forename type="middle">J</forename><surname>Cafarella</surname></persName>
		</author>
		<author>
			<persName xmlns="http://www.tei-c.org/ns/1.0"><forename type="first">Doug</forename><surname>Downey</surname></persName>
		</author>
		<author>
			<persName xmlns="http://www.tei-c.org/ns/1.0"><forename type="first">Ana-Maria</forename><surname>Popescu</surname></persName>
		</author>
		<author>
			<persName xmlns="http://www.tei-c.org/ns/1.0"><forename type="first">Tal</forename><surname>Shaked</surname></persName>
		</author>
		<author>
			<persName xmlns="http://www.tei-c.org/ns/1.0"><forename type="first">Stephen</forename><surname>Soderland</surname></persName>
		</author>
		<author>
			<persName xmlns="http://www.tei-c.org/ns/1.0"><forename type="first">Daniel</forename><forename type="middle">S</forename><surname>Weld</surname></persName>
		</author>
		<author>
			<persName xmlns="http://www.tei-c.org/ns/1.0"><forename type="first">Alexander</forename><surname>Yates</surname></persName>
		</author>
	</analytic>
	<monogr>
		<title level="j">Artif. Intell</title>
		<imprint>
			<biblScope unit="volume">165</biblScope>
			<biblScope unit="issue">1</biblScope>
			<biblScope unit="page" from="91" to="134" />
			<date type="published" when="2005" />
		</imprint>
	</monogr>
</biblStruct>

<biblStruct >
	<analytic>
		<title level="a" type="main">Wrapper induction for information extraction</title>
		<author>
			<persName xmlns="http://www.tei-c.org/ns/1.0"><forename type="first">N</forename><surname>Kushmerick</surname></persName>
		</author>
		<author>
			<persName xmlns="http://www.tei-c.org/ns/1.0"><forename type="first">D</forename><surname>Weld</surname></persName>
		</author>
		<author>
			<persName xmlns="http://www.tei-c.org/ns/1.0"><forename type="first">B</forename><surname>Doorenbos</surname></persName>
		</author>
	</analytic>
	<monogr>
		<title level="m">Proc. Int. Joint Conf. Artificial Intelligence</title>
		<meeting>Int. Joint Conf. Artificial Intelligence</meeting>
		<imprint>
			<date type="published" when="1997" />
		</imprint>
	</monogr>
</biblStruct>

<biblStruct >
	<analytic>
		<title level="a" type="main">Unsupervised named-entity recognition: Generating gazetteers and resolving ambiguity</title>
		<author>
			<persName xmlns="http://www.tei-c.org/ns/1.0"><forename type="first">David</forename><surname>Nadeau</surname></persName>
		</author>
		<author>
			<persName xmlns="http://www.tei-c.org/ns/1.0"><forename type="first">Peter</forename><forename type="middle">D</forename><surname>Turney</surname></persName>
		</author>
		<author>
			<persName xmlns="http://www.tei-c.org/ns/1.0"><forename type="first">Stan</forename><surname>Matwin</surname></persName>
		</author>
	</analytic>
	<monogr>
		<title level="m">Canadian Conference on AI</title>
		<editor>Luc Lamontagne and Mario Marchand</editor>
		<imprint>
			<date type="published" when="2006" />
			<biblScope unit="volume">4013</biblScope>
			<biblScope unit="page" from="266" to="277" />
		</imprint>
	</monogr>
</biblStruct>

<biblStruct >
	<analytic>
		<title level="a" type="main">Espresso: leveraging generic patterns for automatically harvesting semantic relations</title>
		<author>
			<persName xmlns="http://www.tei-c.org/ns/1.0"><forename type="first">Patrick</forename><surname>Pantel</surname></persName>
		</author>
		<author>
			<persName xmlns="http://www.tei-c.org/ns/1.0"><forename type="first">Marco</forename><surname>Pennacchiotti</surname></persName>
		</author>
	</analytic>
	<monogr>
		<title level="m">ACL-44: Proceedings of the 21st International Conference on Computational Linguistics and the 44th annual meeting of the Association for Computational Linguistics</title>
		<meeting><address><addrLine>Morristown, NJ, USA. As</addrLine></address></meeting>
		<imprint>
			<date type="published" when="2006" />
			<biblScope unit="page" from="113" to="120" />
		</imprint>
	</monogr>
	<note>sociation for Computational Linguistics</note>
</biblStruct>

<biblStruct >
	<analytic>
		<title level="a" type="main">Semantic taxonomy induction from heterogenous evidence</title>
		<author>
			<persName xmlns="http://www.tei-c.org/ns/1.0"><forename type="first">Rion</forename><surname>Snow</surname></persName>
		</author>
		<author>
			<persName xmlns="http://www.tei-c.org/ns/1.0"><forename type="first">Daniel</forename><surname>Jurafsky</surname></persName>
		</author>
		<author>
			<persName xmlns="http://www.tei-c.org/ns/1.0"><forename type="first">Andrew</forename><forename type="middle">Y</forename><surname>Ng</surname></persName>
		</author>
	</analytic>
	<monogr>
		<title level="m">ACL &apos;06: Proceedings of the 21st International Conference on Computational Linguistics and the 44th annual meeting of the ACL</title>
		<meeting><address><addrLine>Morristown, NJ, USA</addrLine></address></meeting>
		<imprint>
			<date type="published" when="2006" />
			<biblScope unit="page" from="801" to="808" />
		</imprint>
	</monogr>
	<note>Association for Computational Linguistics</note>
</biblStruct>

<biblStruct >
	<analytic>
		<title level="a" type="main">A context pattern induction method for named entity extraction</title>
		<author>
			<persName xmlns="http://www.tei-c.org/ns/1.0"><forename type="first">Partha</forename><forename type="middle">P</forename><surname>Talukdar</surname></persName>
		</author>
		<author>
			<persName xmlns="http://www.tei-c.org/ns/1.0"><forename type="first">Thorsten</forename><surname>Brants</surname></persName>
		</author>
		<author>
			<persName xmlns="http://www.tei-c.org/ns/1.0"><forename type="first">Mark</forename><surname>Liberman</surname></persName>
		</author>
		<author>
			<persName xmlns="http://www.tei-c.org/ns/1.0"><forename type="first">Fernando</forename><surname>Pereira</surname></persName>
		</author>
	</analytic>
	<monogr>
		<title level="m">Tenth Conference on Computational Natural Language Learning (CoNLL-X)</title>
		<imprint>
			<date type="published" when="2006" />
		</imprint>
	</monogr>
</biblStruct>

<biblStruct >
	<analytic>
		<title level="a" type="main">Fast random walk with restart and its applications</title>
		<author>
			<persName xmlns="http://www.tei-c.org/ns/1.0"><forename type="first">Hanghang</forename><surname>Tong</surname></persName>
		</author>
		<author>
			<persName xmlns="http://www.tei-c.org/ns/1.0"><forename type="first">Christos</forename><surname>Faloutsos</surname></persName>
		</author>
		<author>
			<persName xmlns="http://www.tei-c.org/ns/1.0"><forename type="first">Jia-Yu</forename><surname>Pan</surname></persName>
		</author>
	</analytic>
	<monogr>
		<title level="m">ICDM</title>
		<imprint>
			<publisher>IEEE Computer Society</publisher>
			<date type="published" when="2006" />
			<biblScope unit="page" from="613" to="622" />
		</imprint>
	</monogr>
</biblStruct>

<biblStruct >
	<analytic>
		<title level="a" type="main">Language-independent set expansion of named entities using the web</title>
		<author>
			<persName xmlns="http://www.tei-c.org/ns/1.0"><forename type="first">C</forename><surname>Richard</surname></persName>
		</author>
		<author>
			<persName xmlns="http://www.tei-c.org/ns/1.0"><forename type="first">William</forename><forename type="middle">W</forename><surname>Wang</surname></persName>
		</author>
		<author>
			<persName xmlns="http://www.tei-c.org/ns/1.0"><surname>Cohen</surname></persName>
		</author>
	</analytic>
	<monogr>
		<title level="m">ICDM</title>
		<imprint>
			<publisher>IEEE Computer Society</publisher>
			<date type="published" when="2007" />
			<biblScope unit="page" from="342" to="350" />
		</imprint>
	</monogr>
</biblStruct>

<biblStruct >
	<analytic>
		<title level="a" type="main">Iterative set expansion of named entities using the web</title>
		<author>
			<persName xmlns="http://www.tei-c.org/ns/1.0"><forename type="first">C</forename><surname>Richard</surname></persName>
		</author>
		<author>
			<persName xmlns="http://www.tei-c.org/ns/1.0"><forename type="first">William</forename><forename type="middle">W</forename><surname>Wang</surname></persName>
		</author>
		<author>
			<persName xmlns="http://www.tei-c.org/ns/1.0"><surname>Cohen</surname></persName>
		</author>
	</analytic>
	<monogr>
		<title level="m">ICDM</title>
		<imprint>
			<publisher>IEEE Computer Society</publisher>
			<date type="published" when="2008" />
			<biblScope unit="page" from="1091" to="1096" />
		</imprint>
	</monogr>
</biblStruct>

			</listBibl>
		</back>
	</text>
</TEI>
