<?xml version="1.0" ?>
<TEI xmlns="http://www.tei-c.org/ns/1.0" xmlns:xlink="http://www.w3.org/1999/xlink" 
 xmlns:mml="http://www.w3.org/1998/Math/MathML">
	<teiHeader>
		<fileDesc xml:id="f_331"/>
	</teiHeader>
	<text>
		<front/>
		<body/>
		<back>
			<listBibl>
<biblStruct >
	<monogr>
				<author>
			<persName xmlns="http://www.tei-c.org/ns/1.0"><forename type="first">J</forename><surname>Aissen</surname></persName>
		</author>
		<title level="m">Differential Object Marking: Iconicity vs. Economy. Natural Language and Linguistic Theory</title>
		<imprint>
			<date type="published" when="2003" />
			<biblScope unit="page">21</biblScope>
		</imprint>
	</monogr>
</biblStruct>

<biblStruct >
	<analytic>
		<title level="a" type="main">Design of a Multi-lingual, Parallelprocessing Statistical Parsing Engine</title>
		<author>
			<persName xmlns="http://www.tei-c.org/ns/1.0"><forename type="first">D</forename><forename type="middle">M</forename><surname>Bikel</surname></persName>
		</author>
	</analytic>
	<monogr>
		<title level="m">Proceedings of HLT</title>
		<meeting>HLT</meeting>
		<imprint>
			<date type="published" when="2002" />
		</imprint>
	</monogr>
</biblStruct>

<biblStruct >
	<monogr>
		<title level="m" type="main">Lexical-Functional Syntax. Blackwell Textbooks in Linguistics</title>
		<author>
			<persName xmlns="http://www.tei-c.org/ns/1.0"><forename type="first">J</forename><surname>Bresnan</surname></persName>
		</author>
		<imprint>
			<date type="published" when="2001" />
			<publisher>Blackwell</publisher>
		</imprint>
	</monogr>
</biblStruct>

<biblStruct >
	<analytic>
		<title level="a" type="main">Tree-Bank Grammars</title>
		<author>
			<persName xmlns="http://www.tei-c.org/ns/1.0"><forename type="first">E</forename><surname>Charniak</surname></persName>
		</author>
	</analytic>
	<monogr>
		<title level="m">AAAI/IAAI</title>
		<imprint>
			<date type="published" when="1996" />
			<biblScope unit="volume">2</biblScope>
		</imprint>
	</monogr>
</biblStruct>

<biblStruct >
	<analytic>
		<title level="a" type="main">Statistical Parsing with a ContextFree Grammar and Word Statistics</title>
		<author>
			<persName xmlns="http://www.tei-c.org/ns/1.0"><forename type="first">E</forename><surname>Charniak</surname></persName>
		</author>
	</analytic>
	<monogr>
		<title level="m">AAAI/IAAI</title>
		<imprint>
			<date type="published" when="1997" />
		</imprint>
	</monogr>
</biblStruct>

<biblStruct >
	<analytic>
		<title level="a" type="main">A Statistical Parser of Czech</title>
		<author>
			<persName xmlns="http://www.tei-c.org/ns/1.0"><forename type="first">M</forename><surname>Collins</surname></persName>
		</author>
		<author>
			<persName xmlns="http://www.tei-c.org/ns/1.0"><forename type="first">J</forename><surname>Hajič</surname></persName>
		</author>
		<author>
			<persName xmlns="http://www.tei-c.org/ns/1.0"><forename type="first">E</forename><surname>Brill</surname></persName>
		</author>
		<author>
			<persName xmlns="http://www.tei-c.org/ns/1.0"><forename type="first">L</forename><surname>Ramshaw</surname></persName>
		</author>
		<author>
			<persName xmlns="http://www.tei-c.org/ns/1.0"><forename type="first">C</forename><surname>Tillmann</surname></persName>
		</author>
	</analytic>
	<monogr>
		<title level="m">Proceedings ACL</title>
		<meeting>ACL</meeting>
		<imprint>
			<date type="published" when="1999" />
		</imprint>
	</monogr>
</biblStruct>

<biblStruct >
	<monogr>
		<title level="m" type="main">Head-Driven Statistical Models for Natural Language Parsing</title>
		<author>
			<persName xmlns="http://www.tei-c.org/ns/1.0"><forename type="first">M</forename><surname>Collins</surname></persName>
		</author>
		<imprint>
			<date type="published" when="1999" />
		</imprint>
		<respStmt>
			<orgName>University of Pennsylvania</orgName>
		</respStmt>
	</monogr>
<note type="report_type">Ph.D. thesis</note>
</biblStruct>

<biblStruct >
	<monogr>
		<title level="m" type="main">Head-Driven Statistical Models for Natural Language Parsing</title>
		<author>
			<persName xmlns="http://www.tei-c.org/ns/1.0"><forename type="first">M</forename><surname>Collins</surname></persName>
		</author>
		<imprint>
			<date type="published" when="2003" />
		</imprint>
	</monogr>
	<note>Computational Linguistics</note>
</biblStruct>

<biblStruct >
	<monogr>
		<title level="m" type="main">Statistical Parsing for German: Modeling syntactic properties and annotation differences</title>
		<author>
			<persName xmlns="http://www.tei-c.org/ns/1.0"><forename type="first">A</forename><surname>Dubey</surname></persName>
		</author>
		<imprint>
			<date type="published" when="2004" />
			<pubPlace>Germany</pubPlace>
		</imprint>
		<respStmt>
			<orgName>Saarland University</orgName>
		</respStmt>
	</monogr>
<note type="report_type">Ph.D. thesis</note>
</biblStruct>

<biblStruct >
	<analytic>
		<title level="a" type="main">A Single Framework for Joint Morphological Segmentation and Syntactic Parsing</title>
		<author>
			<persName xmlns="http://www.tei-c.org/ns/1.0"><forename type="first">Y</forename><surname>Goldberg</surname></persName>
		</author>
		<author>
			<persName xmlns="http://www.tei-c.org/ns/1.0"><forename type="first">R</forename><surname>Tsarfaty</surname></persName>
		</author>
	</analytic>
	<monogr>
		<title level="m">Proceedings of ACL</title>
		<meeting>ACL</meeting>
		<imprint>
			<date type="published" when="2008" />
		</imprint>
	</monogr>
</biblStruct>

<biblStruct >
	<monogr>
		<title level="m" type="main">A Quantitative Approach to the Morphological Typology of Language</title>
		<author>
			<persName xmlns="http://www.tei-c.org/ns/1.0"><forename type="first">J</forename><forename type="middle">H</forename><surname>Greenberg</surname></persName>
		</author>
		<editor>R. F. Spencer</editor>
		<imprint>
			<date type="published" when="1954" />
			<publisher>University of Minessota Press</publisher>
		</imprint>
	</monogr>
	<note>Method and Perspective in Anthropology</note>
</biblStruct>

<biblStruct >
	<analytic>
		<title level="a" type="main">Some Universals of Grammar with Particular Reference to the Order of Meaningful Elements</title>
		<author>
			<persName xmlns="http://www.tei-c.org/ns/1.0"><forename type="first">J</forename><forename type="middle">H</forename><surname>Greenberg</surname></persName>
		</author>
	</analytic>
	<monogr>
		<title level="m">Universals of Language</title>
		<editor>Joseph H. Greenberg</editor>
		<imprint>
			<publisher>MIT Press</publisher>
			<date type="published" when="1963" />
		</imprint>
	</monogr>
</biblStruct>

<biblStruct >
	<analytic>
		<title level="a" type="main">Automatic Annotation of MorphoSyntactic Dependencies in a Modern Hebrew Treebank</title>
		<author>
			<persName xmlns="http://www.tei-c.org/ns/1.0"><forename type="first">N</forename><surname>Guthmann</surname></persName>
		</author>
		<author>
			<persName xmlns="http://www.tei-c.org/ns/1.0"><forename type="first">Y</forename><surname>Krymolowski</surname></persName>
		</author>
		<author>
			<persName xmlns="http://www.tei-c.org/ns/1.0"><forename type="first">A</forename><surname>Milea</surname></persName>
		</author>
		<author>
			<persName xmlns="http://www.tei-c.org/ns/1.0"><forename type="first">Y</forename><surname>Winter</surname></persName>
		</author>
	</analytic>
	<monogr>
		<title level="m">Proceedings of TLT</title>
		<meeting>TLT</meeting>
		<imprint>
			<date type="published" when="2009" />
		</imprint>
	</monogr>
</biblStruct>

<biblStruct >
	<analytic>
		<title level="a" type="main">Warlpiri and the Grammar of NonConfigurational Languages</title>
		<author>
			<persName xmlns="http://www.tei-c.org/ns/1.0"><forename type="first">K</forename><forename type="middle">L</forename><surname>Hale</surname></persName>
		</author>
	</analytic>
	<monogr>
		<title level="j">Natural Language and Linguistic Theory</title>
		<imprint>
			<biblScope unit="issue">1</biblScope>
			<biblScope unit="page">1</biblScope>
			<date type="published" when="1983" />
		</imprint>
	</monogr>
</biblStruct>

<biblStruct >
	<analytic>
		<title/>
		<author>
			<persName xmlns="http://www.tei-c.org/ns/1.0"><forename type="first">M</forename><surname>Johnson</surname></persName>
		</author>
	</analytic>
	<monogr>
		<title level="j">PCFG Models of Linguistic Tree Representations. Computational Linguistics</title>
		<imprint>
			<biblScope unit="issue">4</biblScope>
			<biblScope unit="page">24</biblScope>
			<date type="published" when="1998" />
		</imprint>
	</monogr>
</biblStruct>

<biblStruct >
	<analytic>
		<title level="a" type="main">Accurate Unlexicalized Parsing</title>
		<author>
			<persName xmlns="http://www.tei-c.org/ns/1.0"><forename type="first">D</forename><surname>Klein</surname></persName>
		</author>
		<author>
			<persName xmlns="http://www.tei-c.org/ns/1.0"><forename type="first">C</forename><surname>Manning</surname></persName>
		</author>
	</analytic>
	<monogr>
		<title level="m">Proceedings of ACL</title>
		<meeting>ACL</meeting>
		<imprint>
			<date type="published" when="2003" />
		</imprint>
	</monogr>
</biblStruct>

<biblStruct >
	<analytic>
		<title level="a" type="main">The PaGe Shared task on Parsing German</title>
		<author>
			<persName xmlns="http://www.tei-c.org/ns/1.0"><forename type="first">S</forename><surname>Kubler</surname></persName>
		</author>
	</analytic>
	<monogr>
		<title level="m">ACL Workshop on Parsing German</title>
		<imprint>
			<date type="published" when="2008" />
		</imprint>
	</monogr>
</biblStruct>

<biblStruct >
	<analytic>
		<title level="a" type="main">The Penn Arabic Treebank: Building a LargeScale Annotated Arabic Corpus</title>
		<author>
			<persName xmlns="http://www.tei-c.org/ns/1.0"><forename type="first">M</forename><surname>Maamouri</surname></persName>
		</author>
		<author>
			<persName xmlns="http://www.tei-c.org/ns/1.0"><forename type="first">A</forename><surname>Bies</surname></persName>
		</author>
		<author>
			<persName xmlns="http://www.tei-c.org/ns/1.0"><forename type="first">T</forename><surname>Buckwalter</surname></persName>
		</author>
		<author>
			<persName xmlns="http://www.tei-c.org/ns/1.0"><forename type="first">W</forename><surname>Mekki</surname></persName>
		</author>
	</analytic>
	<monogr>
		<title level="m">Proceedings of NEMLAR</title>
		<meeting>NEMLAR</meeting>
		<imprint>
			<date type="published" when="2004" />
		</imprint>
	</monogr>
</biblStruct>

<biblStruct >
	<analytic>
		<title level="a" type="main">Enhanced Annotation and Parsing of the Arabic treebank</title>
		<author>
			<persName xmlns="http://www.tei-c.org/ns/1.0"><forename type="first">M</forename><surname>Maamouri</surname></persName>
		</author>
		<author>
			<persName xmlns="http://www.tei-c.org/ns/1.0"><forename type="first">A</forename><surname>Bies</surname></persName>
		</author>
		<author>
			<persName xmlns="http://www.tei-c.org/ns/1.0"><forename type="first">S</forename><surname>Kulick</surname></persName>
		</author>
	</analytic>
	<monogr>
		<title level="m">Proceedings of INFOS</title>
		<meeting>INFOS</meeting>
		<imprint>
			<date type="published" when="2008" />
		</imprint>
	</monogr>
</biblStruct>

<biblStruct >
	<analytic>
		<title level="a" type="main">Statistical Decision-Tree Models for Parsing</title>
		<author>
			<persName xmlns="http://www.tei-c.org/ns/1.0"><forename type="first">D</forename><forename type="middle">M</forename><surname>Magerman</surname></persName>
		</author>
	</analytic>
	<monogr>
		<title level="m">Proceedings of ACL</title>
		<meeting>ACL</meeting>
		<imprint>
			<date type="published" when="1995" />
		</imprint>
	</monogr>
</biblStruct>

<biblStruct >
	<monogr>
		<title level="m" type="main">Building a Large Annotated Corpus of English: The Penn Treebank</title>
		<author>
			<persName xmlns="http://www.tei-c.org/ns/1.0"><forename type="first">M</forename><surname>Marcus</surname></persName>
		</author>
		<author>
			<persName xmlns="http://www.tei-c.org/ns/1.0"><forename type="first">B</forename><surname>Santorini</surname></persName>
		</author>
		<author>
			<persName xmlns="http://www.tei-c.org/ns/1.0"><forename type="first">M</forename><forename type="middle">A</forename><surname>Marcinkiewicz</surname></persName>
		</author>
		<imprint>
			<date type="published" when="1993" />
		</imprint>
	</monogr>
	<note>Computational Linguistics</note>
</biblStruct>

<biblStruct >
	<analytic>
		<title/>
		<author>
			<persName xmlns="http://www.tei-c.org/ns/1.0"><forename type="first">P</forename><forename type="middle">H</forename><surname>Matthews</surname></persName>
		</author>
	</analytic>
	<monogr>
		<title level="j">Morphology. Cambridge</title>
		<imprint>
			<date type="published" when="1993" />
		</imprint>
	</monogr>
</biblStruct>

<biblStruct >
	<analytic>
		<title level="a" type="main">When is self-training effective for parsing?</title>
		<author>
			<persName xmlns="http://www.tei-c.org/ns/1.0"><forename type="first">D</forename><surname>Mcclosky</surname></persName>
		</author>
		<author>
			<persName xmlns="http://www.tei-c.org/ns/1.0"><forename type="first">E</forename><surname>Charniak</surname></persName>
		</author>
		<author>
			<persName xmlns="http://www.tei-c.org/ns/1.0"><forename type="first">M</forename><surname>Johnson</surname></persName>
		</author>
	</analytic>
	<monogr>
		<title level="m">Proceedings of CoLing</title>
		<meeting>CoLing</meeting>
		<imprint>
			<date type="published" when="2008" />
		</imprint>
	</monogr>
</biblStruct>

<biblStruct >
	<monogr>
		<title level="m" type="main">Verb-Initial Constructions in Modern Hebrew</title>
		<author>
			<persName xmlns="http://www.tei-c.org/ns/1.0"><forename type="first">N</forename><surname>Melnik</surname></persName>
		</author>
		<imprint>
			<date type="published" when="2002" />
			<pubPlace>Berkeley, California</pubPlace>
		</imprint>
	</monogr>
<note type="report_type">Ph.D. thesis</note>
</biblStruct>

<biblStruct >
	<analytic>
		<title level="a" type="main">The Shared Task on Dependency Parsing</title>
		<author>
			<persName xmlns="http://www.tei-c.org/ns/1.0"><forename type="first">Joakim</forename><surname>Nivre</surname></persName>
		</author>
		<author>
			<persName xmlns="http://www.tei-c.org/ns/1.0"><forename type="first">Johan</forename><surname>Hall</surname></persName>
		</author>
		<author>
			<persName xmlns="http://www.tei-c.org/ns/1.0"><forename type="first">Sandra</forename><surname>Kübler</surname></persName>
		</author>
		<author>
			<persName xmlns="http://www.tei-c.org/ns/1.0"><forename type="first">Ryan</forename><surname>Mcdonald</surname></persName>
		</author>
		<author>
			<persName xmlns="http://www.tei-c.org/ns/1.0"><forename type="first">Jens</forename><surname>Nilsson</surname></persName>
		</author>
		<author>
			<persName xmlns="http://www.tei-c.org/ns/1.0"><forename type="first">Sebastian</forename><surname>Riedel</surname></persName>
		</author>
		<author>
			<persName xmlns="http://www.tei-c.org/ns/1.0"><forename type="first">Deniz</forename><surname>Yuret</surname></persName>
		</author>
	</analytic>
	<monogr>
		<title level="m">Proceedings of the CoNLL Shared Task</title>
		<meeting>the CoNLL Shared Task</meeting>
		<imprint>
			<date type="published" when="2007" />
		</imprint>
	</monogr>
</biblStruct>

<biblStruct >
	<analytic>
		<title level="a" type="main">Syntactic Representation, Syntactic Levels, and the Notion of a Subject</title>
		<author>
			<persName xmlns="http://www.tei-c.org/ns/1.0"><forename type="first">D</forename><forename type="middle">M</forename><surname>Perlmutter</surname></persName>
		</author>
	</analytic>
	<monogr>
		<title level="m">The Nature of Syntactic Representation</title>
		<editor>Pauline Jacobson and Geoffrey Pullum</editor>
		<imprint>
			<publisher>Springer</publisher>
			<date type="published" when="1982" />
		</imprint>
	</monogr>
</biblStruct>

<biblStruct >
	<analytic>
		<title level="a" type="main">Learning Accurate, Compact, and Interpretable Tree Annotation</title>
		<author>
			<persName xmlns="http://www.tei-c.org/ns/1.0"><forename type="first">S</forename><surname>Petrov</surname></persName>
		</author>
		<author>
			<persName xmlns="http://www.tei-c.org/ns/1.0"><forename type="first">L</forename><surname>Barrett</surname></persName>
		</author>
		<author>
			<persName xmlns="http://www.tei-c.org/ns/1.0"><forename type="first">R</forename><surname>Thibaux</surname></persName>
		</author>
		<author>
			<persName xmlns="http://www.tei-c.org/ns/1.0"><forename type="first">D</forename><surname>Klein</surname></persName>
		</author>
	</analytic>
	<monogr>
		<title level="m">Proceedings of ACL</title>
		<meeting>ACL</meeting>
		<imprint>
			<date type="published" when="2006" />
		</imprint>
	</monogr>
</biblStruct>

<biblStruct >
	<analytic>
		<title level="a" type="main">Parsing Three German Treebanks: Lexicalized and Unlexicalized Baselines</title>
		<author>
			<persName xmlns="http://www.tei-c.org/ns/1.0"><forename type="first">A</forename><surname>Rafferty</surname></persName>
		</author>
		<author>
			<persName xmlns="http://www.tei-c.org/ns/1.0"><forename type="first">C</forename><forename type="middle">D</forename><surname>Manning</surname></persName>
		</author>
	</analytic>
	<monogr>
		<title level="m">ACL WorkShop on Parsing German</title>
		<imprint>
			<date type="published" when="2008" />
		</imprint>
	</monogr>
</biblStruct>

<biblStruct >
	<analytic>
		<title level="a" type="main">Language Theory and Language Technology; Competence and Performance</title>
		<author>
			<persName xmlns="http://www.tei-c.org/ns/1.0"><forename type="first">R</forename><surname>Scha</surname></persName>
		</author>
	</analytic>
	<monogr>
		<title level="m">Computertoepassingen in de Neerlandistiek</title>
		<editor>Q. A. M. de Kort and G. L. J. Leerdam</editor>
		<meeting><address><addrLine>Almere</addrLine></address></meeting>
		<imprint>
			<publisher>LVVN</publisher>
			<date type="published" when="1990" />
		</imprint>
	</monogr>
</biblStruct>

<biblStruct >
	<analytic>
		<title level="a" type="main">Efficient Parsing of Highly Ambiguous Context-Free Grammars with Bit vectors</title>
		<author>
			<persName xmlns="http://www.tei-c.org/ns/1.0"><forename type="first">H</forename><surname>Schmid</surname></persName>
		</author>
	</analytic>
	<monogr>
		<title level="m">Proceedings of COLING</title>
		<meeting>COLING</meeting>
		<imprint>
			<date type="published" when="2004" />
		</imprint>
	</monogr>
</biblStruct>

<biblStruct >
	<monogr>
		<title level="m" type="main">Clause Structure and Word Order in Hebrew and Arabic</title>
		<author>
			<persName xmlns="http://www.tei-c.org/ns/1.0"><forename type="first">U</forename><surname>Shlonsky</surname></persName>
		</author>
		<imprint>
			<date type="published" when="1997" />
			<publisher>Oxford University Press</publisher>
		</imprint>
	</monogr>
</biblStruct>

<biblStruct >
	<analytic>
		<title level="a" type="main">Building a Tree-Bank for Modern Hebrew Text</title>
		<author>
			<persName xmlns="http://www.tei-c.org/ns/1.0"><forename type="first">K</forename><surname>Sima&amp;apos;an</surname></persName>
		</author>
		<author>
			<persName xmlns="http://www.tei-c.org/ns/1.0"><forename type="first">A</forename><surname>Itai</surname></persName>
		</author>
		<author>
			<persName xmlns="http://www.tei-c.org/ns/1.0"><forename type="first">Y</forename><surname>Winter</surname></persName>
		</author>
		<author>
			<persName xmlns="http://www.tei-c.org/ns/1.0"><forename type="first">A</forename><surname>Altman</surname></persName>
		</author>
		<author>
			<persName xmlns="http://www.tei-c.org/ns/1.0"><forename type="first">N</forename><surname>Nativ</surname></persName>
		</author>
	</analytic>
	<monogr>
		<title level="m">Traitement Automatique des Langues</title>
		<imprint>
			<date type="published" when="2001" />
		</imprint>
	</monogr>
</biblStruct>

<biblStruct >
	<monogr>
		<title level="m" type="main">Linguistic Typology: Morphology and Syntax</title>
		<author>
			<persName xmlns="http://www.tei-c.org/ns/1.0"><forename type="first">J</forename><forename type="middle">J</forename><surname>Song</surname></persName>
		</author>
		<imprint>
			<date type="published" when="2001" />
			<publisher>Pearson Education Limited</publisher>
		</imprint>
	</monogr>
</biblStruct>

<biblStruct >
	<analytic>
		<title level="a" type="main">RelationalRealizational Parsing</title>
		<author>
			<persName xmlns="http://www.tei-c.org/ns/1.0"><forename type="first">R</forename><surname>Tsarfaty</surname></persName>
		</author>
		<author>
			<persName xmlns="http://www.tei-c.org/ns/1.0"><forename type="first">K</forename><surname>Sima</surname></persName>
		</author>
	</analytic>
	<monogr>
		<title level="m">Proceedings of CoLing</title>
		<meeting>CoLing</meeting>
		<imprint>
			<date type="published" when="2008" />
		</imprint>
	</monogr>
</biblStruct>

<biblStruct >
	<analytic>
		<title level="a" type="main">Integrated Morphological and Syntactic Disambiguation for Modern Hebrew</title>
		<author>
			<persName xmlns="http://www.tei-c.org/ns/1.0"><forename type="first">R</forename><surname>Tsarfaty</surname></persName>
		</author>
	</analytic>
	<monogr>
		<title level="m">Proceeding of ACL-SRW</title>
		<meeting>eeding of ACL-SRW</meeting>
		<imprint>
			<date type="published" when="2006" />
		</imprint>
	</monogr>
</biblStruct>

			</listBibl>
		</back>
	</text>
</TEI>
