<?xml version="1.0" ?>
<TEI xmlns="http://www.tei-c.org/ns/1.0" xmlns:xlink="http://www.w3.org/1999/xlink" 
 xmlns:mml="http://www.w3.org/1998/Math/MathML">
	<teiHeader>
		<fileDesc xml:id="f_462"/>
	</teiHeader>
	<text>
		<front/>
		<body/>
		<back>
			<listBibl>
<biblStruct >
	<analytic>
		<title level="a" type="main">Latent dirichlet allocation</title>
		<author>
			<persName xmlns="http://www.tei-c.org/ns/1.0"><forename type="first">David</forename><forename type="middle">M</forename><surname>Blei</surname></persName>
		</author>
		<author>
			<persName xmlns="http://www.tei-c.org/ns/1.0"><forename type="first">Andrew</forename><forename type="middle">Y</forename><surname>Ng</surname></persName>
		</author>
		<author>
			<persName xmlns="http://www.tei-c.org/ns/1.0"><forename type="first">Michael</forename><forename type="middle">I</forename><surname>Jordan</surname></persName>
		</author>
	</analytic>
	<monogr>
		<title level="j">Journal of Machine Learning Research</title>
		<imprint>
			<biblScope unit="volume">3</biblScope>
			<biblScope unit="page" from="993" to="1022" />
			<date type="published" when="2003-01" />
		</imprint>
	</monogr>
</biblStruct>

<biblStruct >
	<analytic>
		<title level="a" type="main">Retrieval evaluation with incomplete information</title>
		<author>
			<persName xmlns="http://www.tei-c.org/ns/1.0"><forename type="first">C</forename><surname>Buckley</surname></persName>
		</author>
		<author>
			<persName xmlns="http://www.tei-c.org/ns/1.0"><forename type="first">E</forename><forename type="middle">M</forename><surname>Voorhees</surname></persName>
		</author>
	</analytic>
	<monogr>
		<title level="m">Proceedings of SIGIR</title>
		<meeting>SIGIR</meeting>
		<imprint>
			<date type="published" when="2004" />
			<biblScope unit="page" from="25" to="32" />
		</imprint>
	</monogr>
</biblStruct>

<biblStruct >
	<analytic>
		<title level="a" type="main">Learning to probabilistically identify authoritative documents</title>
		<author>
			<persName xmlns="http://www.tei-c.org/ns/1.0"><forename type="first">David</forename><surname>Cohn</surname></persName>
		</author>
		<author>
			<persName xmlns="http://www.tei-c.org/ns/1.0"><forename type="first">Huan</forename><surname>Chang</surname></persName>
		</author>
	</analytic>
	<monogr>
		<title level="m">Proceedings of ICML</title>
		<meeting>ICML</meeting>
		<imprint>
			<date type="published" when="2000" />
			<biblScope unit="page" from="167" to="174" />
		</imprint>
	</monogr>
</biblStruct>

<biblStruct >
	<analytic>
		<title level="a" type="main">Extracting key terms from noisy and multi-theme documents</title>
		<author>
			<persName xmlns="http://www.tei-c.org/ns/1.0"><forename type="first">M</forename><surname>Grineva</surname></persName>
		</author>
		<author>
			<persName xmlns="http://www.tei-c.org/ns/1.0"><forename type="first">M</forename><surname>Grinev</surname></persName>
		</author>
		<author>
			<persName xmlns="http://www.tei-c.org/ns/1.0"><forename type="first">D</forename><surname>Lizorkin</surname></persName>
		</author>
	</analytic>
	<monogr>
		<title level="m">Proceedings of WWW</title>
		<meeting>WWW</meeting>
		<imprint>
			<date type="published" when="2009" />
			<biblScope unit="page" from="661" to="670" />
		</imprint>
	</monogr>
</biblStruct>

<biblStruct >
	<analytic>
		<title level="a" type="main">Topic-sensitive pagerank</title>
		<author>
			<persName xmlns="http://www.tei-c.org/ns/1.0"><forename type="first">H</forename><surname>Taher</surname></persName>
		</author>
		<author>
			<persName xmlns="http://www.tei-c.org/ns/1.0"><surname>Haveliwala</surname></persName>
		</author>
	</analytic>
	<monogr>
		<title level="m">Proceedings of WWW</title>
		<meeting>WWW</meeting>
		<imprint>
			<date type="published" when="2002" />
			<biblScope unit="page" from="517" to="526" />
		</imprint>
	</monogr>
</biblStruct>

<biblStruct >
	<monogr>
		<title level="m" type="main">Parameter estimation for text analysis</title>
		<author>
			<persName xmlns="http://www.tei-c.org/ns/1.0"><forename type="first">G</forename><surname>Heinrich</surname></persName>
		</author>
		<ptr target="http://www.arbylon.net/publications/text-est" />
		<imprint>
			<date type="published" when="2005" />
		</imprint>
	</monogr>
</biblStruct>

<biblStruct >
	<analytic>
		<title level="a" type="main">Probabilistic latent semantic indexing</title>
		<author>
			<persName xmlns="http://www.tei-c.org/ns/1.0"><forename type="first">Thomas</forename><surname>Hofmann</surname></persName>
		</author>
	</analytic>
	<monogr>
		<title level="m">Proceedings of SIGIR</title>
		<meeting>SIGIR</meeting>
		<imprint>
			<date type="published" when="1999" />
			<biblScope unit="page" from="50" to="57" />
		</imprint>
	</monogr>
</biblStruct>

<biblStruct >
	<analytic>
		<title level="a" type="main">Improved automatic keyword extraction given more linguistic knowledge</title>
		<author>
			<persName xmlns="http://www.tei-c.org/ns/1.0"><forename type="first">Anette</forename><surname>Hulth</surname></persName>
		</author>
	</analytic>
	<monogr>
		<title level="m">Proceedings of EMNLP</title>
		<meeting>EMNLP</meeting>
		<imprint>
			<date type="published" when="2003" />
			<biblScope unit="page" from="216" to="223" />
		</imprint>
	</monogr>
</biblStruct>

<biblStruct >
	<analytic>
		<title level="a" type="main">Authoritative sources in a hyperlinked environment</title>
		<author>
			<persName xmlns="http://www.tei-c.org/ns/1.0"><forename type="first">J</forename><forename type="middle">M</forename><surname>Kleinberg</surname></persName>
		</author>
	</analytic>
	<monogr>
		<title level="j">Journal of the ACM</title>
		<imprint>
			<biblScope unit="volume">46</biblScope>
			<biblScope unit="issue">5</biblScope>
			<biblScope unit="page" from="604" to="632" />
			<date type="published" when="1999" />
		</imprint>
	</monogr>
</biblStruct>

<biblStruct >
	<monogr>
		<title level="m" type="main">An introduction to latent semantic analysis. Discourse Processes</title>
		<author>
			<persName xmlns="http://www.tei-c.org/ns/1.0"><forename type="first">T</forename><forename type="middle">K</forename><surname>Landauer</surname></persName>
		</author>
		<author>
			<persName xmlns="http://www.tei-c.org/ns/1.0"><forename type="first">P</forename><forename type="middle">W</forename><surname>Foltz</surname></persName>
		</author>
		<author>
			<persName xmlns="http://www.tei-c.org/ns/1.0"><forename type="first">D</forename><surname>Laham</surname></persName>
		</author>
		<imprint>
			<date type="published" when="1998" />
			<biblScope unit="volume">25</biblScope>
			<biblScope unit="page" from="259" to="284" />
		</imprint>
	</monogr>
</biblStruct>

<biblStruct >
	<analytic>
		<title level="a" type="main">Graph-based keyword extraction for single-document summarization</title>
		<author>
			<persName xmlns="http://www.tei-c.org/ns/1.0"><forename type="first">Marina</forename><surname>Litvak</surname></persName>
		</author>
		<author>
			<persName xmlns="http://www.tei-c.org/ns/1.0"><forename type="first">Mark</forename><surname>Last</surname></persName>
		</author>
	</analytic>
	<monogr>
		<title level="m">Proceedings of the workshop Multi-source Multilingual Information Extraction and Summarization</title>
		<meeting>the workshop Multi-source Multilingual Information Extraction and Summarization</meeting>
		<imprint>
			<date type="published" when="2008" />
			<biblScope unit="page" from="17" to="24" />
		</imprint>
	</monogr>
</biblStruct>

<biblStruct >
	<analytic>
		<title level="a" type="main">Clustering to find exemplar terms for keyphrase extraction</title>
		<author>
			<persName xmlns="http://www.tei-c.org/ns/1.0"><forename type="first">Zhiyuan</forename><surname>Liu</surname></persName>
		</author>
		<author>
			<persName xmlns="http://www.tei-c.org/ns/1.0"><forename type="first">Peng</forename><surname>Li</surname></persName>
		</author>
	</analytic>
	<monogr>
		<title level="m">Proceedings of EMNLP</title>
		<meeting>EMNLP</meeting>
		<imprint>
			<date type="published" when="2009" />
			<biblScope unit="page" from="257" to="266" />
		</imprint>
	</monogr>
	<note>Yabin Zheng, and Maosong Sun</note>
</biblStruct>

<biblStruct >
	<monogr>
		<title level="m" type="main">Foundations of statistical natural language processing</title>
		<author>
			<persName xmlns="http://www.tei-c.org/ns/1.0"><forename type="first">C</forename><forename type="middle">D</forename><surname>Manning</surname></persName>
		</author>
		<author>
			<persName xmlns="http://www.tei-c.org/ns/1.0"><forename type="first">H</forename><surname>Schutze</surname></persName>
		</author>
		<imprint>
			<date type="published" when="2000" />
			<publisher>MIT Press</publisher>
		</imprint>
	</monogr>
</biblStruct>

<biblStruct >
	<analytic>
		<title level="a" type="main">Textrank: Bringing order into texts</title>
		<author>
			<persName xmlns="http://www.tei-c.org/ns/1.0"><forename type="first">Rada</forename><surname>Mihalcea</surname></persName>
		</author>
		<author>
			<persName xmlns="http://www.tei-c.org/ns/1.0"><forename type="first">Paul</forename><surname>Tarau</surname></persName>
		</author>
	</analytic>
	<monogr>
		<title level="m">Proceedings of EMNLP</title>
		<meeting>EMNLP</meeting>
		<imprint>
			<date type="published" when="2004" />
			<biblScope unit="page" from="404" to="411" />
		</imprint>
	</monogr>
</biblStruct>

<biblStruct >
	<analytic>
		<title level="a" type="main">WordNet: An on-line lexical database</title>
		<author>
			<persName xmlns="http://www.tei-c.org/ns/1.0"><forename type="first">George</forename><forename type="middle">A</forename><surname>Miller</surname></persName>
		</author>
		<author>
			<persName xmlns="http://www.tei-c.org/ns/1.0"><forename type="first">Richard</forename><surname>Beckwith</surname></persName>
		</author>
		<author>
			<persName xmlns="http://www.tei-c.org/ns/1.0"><forename type="first">Christiane</forename><surname>Fellbaum</surname></persName>
		</author>
		<author>
			<persName xmlns="http://www.tei-c.org/ns/1.0"><forename type="first">Derek</forename><surname>Gross</surname></persName>
		</author>
		<author>
			<persName xmlns="http://www.tei-c.org/ns/1.0"><forename type="first">Katherine</forename><surname>Miller</surname></persName>
		</author>
	</analytic>
	<monogr>
		<title level="j">International Journal of Lexicography</title>
		<imprint>
			<biblScope unit="volume">3</biblScope>
			<biblScope unit="page" from="235" to="244" />
			<date type="published" when="1990" />
		</imprint>
	</monogr>
</biblStruct>

<biblStruct >
	<analytic>
		<title level="a" type="main">Keyphrase extraction in scientific publications</title>
		<author>
			<persName xmlns="http://www.tei-c.org/ns/1.0"><forename type="first">Thuy</forename><surname>Nguyen</surname></persName>
		</author>
		<author>
			<persName xmlns="http://www.tei-c.org/ns/1.0"><forename type="first">Min-Yen</forename><surname>Kan</surname></persName>
		</author>
	</analytic>
	<monogr>
		<title level="m">Proceedings of the 10th International Conference on Asian Digital Libraries</title>
		<meeting>the 10th International Conference on Asian Digital Libraries</meeting>
		<imprint>
			<date type="published" when="2007" />
			<biblScope unit="page" from="317" to="326" />
		</imprint>
	</monogr>
</biblStruct>

<biblStruct >
	<analytic>
		<title level="a" type="main">Topical link analysis for web search</title>
		<author>
			<persName xmlns="http://www.tei-c.org/ns/1.0"><forename type="first">Lan</forename><surname>Nie</surname></persName>
		</author>
		<author>
			<persName xmlns="http://www.tei-c.org/ns/1.0"><forename type="first">Brian</forename><forename type="middle">D</forename><surname>Davison</surname></persName>
		</author>
		<author>
			<persName xmlns="http://www.tei-c.org/ns/1.0"><forename type="first">Xiaoguang</forename><surname>Qi</surname></persName>
		</author>
	</analytic>
	<monogr>
		<title level="m">Proceedings of SIGIR</title>
		<meeting>SIGIR</meeting>
		<imprint>
			<date type="published" when="2006" />
			<biblScope unit="page" from="91" to="98" />
		</imprint>
	</monogr>
</biblStruct>

<biblStruct >
	<analytic>
		<title level="a" type="main">Introduction to duc-2001: An intrinsic evaluation of generic news text summarization systems</title>
		<author>
			<persName xmlns="http://www.tei-c.org/ns/1.0"><forename type="first">P</forename><surname>Over</surname></persName>
		</author>
		<author>
			<persName xmlns="http://www.tei-c.org/ns/1.0"><forename type="first">W</forename><surname>Liggett</surname></persName>
		</author>
		<author>
			<persName xmlns="http://www.tei-c.org/ns/1.0"><forename type="first">H</forename><surname>Gilbert</surname></persName>
		</author>
		<author>
			<persName xmlns="http://www.tei-c.org/ns/1.0"><forename type="first">A</forename><surname>Sakharov</surname></persName>
		</author>
		<author>
			<persName xmlns="http://www.tei-c.org/ns/1.0"><forename type="first">M</forename><surname>Thatcher</surname></persName>
		</author>
	</analytic>
	<monogr>
		<title level="m">Proceedings of DUC2001</title>
		<meeting>DUC2001</meeting>
		<imprint>
			<date type="published" when="2001" />
		</imprint>
	</monogr>
</biblStruct>

<biblStruct >
	<monogr>
		<title level="m" type="main">The pagerank citation ranking: Bringing order to the web</title>
		<author>
			<persName xmlns="http://www.tei-c.org/ns/1.0"><forename type="first">L</forename><surname>Page</surname></persName>
		</author>
		<author>
			<persName xmlns="http://www.tei-c.org/ns/1.0"><forename type="first">S</forename><surname>Brin</surname></persName>
		</author>
		<author>
			<persName xmlns="http://www.tei-c.org/ns/1.0"><forename type="first">R</forename><surname>Motwani</surname></persName>
		</author>
		<author>
			<persName xmlns="http://www.tei-c.org/ns/1.0"><forename type="first">T</forename><surname>Winograd</surname></persName>
		</author>
		<imprint>
			<date type="published" when="1998" />
		</imprint>
		<respStmt>
			<orgName>Stanford Digital Library Technologies Project</orgName>
		</respStmt>
	</monogr>
<note type="report_type">Technical report</note>
</biblStruct>

<biblStruct >
	<monogr>
		<title level="m" type="main">Learning to extract keyphrases from text. National Research Council Canada, Institute for Information Technology</title>
		<author>
			<persName xmlns="http://www.tei-c.org/ns/1.0"><forename type="first">D</forename><surname>Peter</surname></persName>
		</author>
		<author>
			<persName xmlns="http://www.tei-c.org/ns/1.0"><surname>Turney</surname></persName>
		</author>
		<idno>ERB-1057</idno>
		<imprint>
			<date type="published" when="1999" />
		</imprint>
	</monogr>
<note type="report_type">Technical Report</note>
</biblStruct>

<biblStruct >
	<analytic>
		<title level="a" type="main">Learning algorithms for keyphrase extraction</title>
		<author>
			<persName xmlns="http://www.tei-c.org/ns/1.0"><forename type="first">D</forename><surname>Peter</surname></persName>
		</author>
		<author>
			<persName xmlns="http://www.tei-c.org/ns/1.0"><surname>Turney</surname></persName>
		</author>
	</analytic>
	<monogr>
		<title level="j">Information Retrieval</title>
		<imprint>
			<biblScope unit="volume">2</biblScope>
			<biblScope unit="issue">4</biblScope>
			<biblScope unit="page" from="303" to="336" />
			<date type="published" when="2000" />
		</imprint>
	</monogr>
</biblStruct>

<biblStruct >
	<analytic>
		<title level="a" type="main">The trec-8 question answering track report</title>
		<author>
			<persName xmlns="http://www.tei-c.org/ns/1.0"><forename type="first">M</forename><surname>Voorhees</surname></persName>
		</author>
	</analytic>
	<monogr>
		<title level="m">Proceedings of TREC</title>
		<meeting>TREC</meeting>
		<imprint>
			<date type="published" when="2000" />
			<biblScope unit="page" from="77" to="82" />
		</imprint>
	</monogr>
</biblStruct>

<biblStruct >
	<analytic>
		<title level="a" type="main">Collabrank: Towards a collaborative approach to single-document keyphrase extraction</title>
		<author>
			<persName xmlns="http://www.tei-c.org/ns/1.0"><forename type="first">Xiaojun</forename><surname>Wan</surname></persName>
		</author>
		<author>
			<persName xmlns="http://www.tei-c.org/ns/1.0"><forename type="first">Jianguo</forename><surname>Xiao</surname></persName>
		</author>
	</analytic>
	<monogr>
		<title level="m">Proceedings of COLING</title>
		<meeting>COLING</meeting>
		<imprint>
			<date type="published" when="2008" />
			<biblScope unit="page" from="969" to="976" />
		</imprint>
	</monogr>
</biblStruct>

<biblStruct >
	<analytic>
		<title level="a" type="main">Single document keyphrase extraction using neighborhood knowledge</title>
		<author>
			<persName xmlns="http://www.tei-c.org/ns/1.0"><forename type="first">Xiaojun</forename><surname>Wan</surname></persName>
		</author>
		<author>
			<persName xmlns="http://www.tei-c.org/ns/1.0"><forename type="first">Jianguo</forename><surname>Xiao</surname></persName>
		</author>
	</analytic>
	<monogr>
		<title level="m">Proceedings of AAAI</title>
		<meeting>AAAI</meeting>
		<imprint>
			<date type="published" when="2008" />
			<biblScope unit="page" from="855" to="860" />
		</imprint>
	</monogr>
</biblStruct>

			</listBibl>
		</back>
	</text>
</TEI>
