<?xml version="1.0" ?>
<TEI xmlns="http://www.tei-c.org/ns/1.0" xmlns:xlink="http://www.w3.org/1999/xlink" 
 xmlns:mml="http://www.w3.org/1998/Math/MathML">
	<teiHeader>
		<fileDesc xml:id="f_724"/>
	</teiHeader>
	<text>
		<front/>
		<body/>
		<back>
			<listBibl>
<biblStruct >
	<analytic>
		<title level="a" type="main">An Unsupervised Morpheme-Based HMM for Hebrew Morphological Disambiguation</title>
		<author>
			<persName xmlns="http://www.tei-c.org/ns/1.0"><forename type="first">Meni</forename><surname>Adler</surname></persName>
		</author>
		<author>
			<persName xmlns="http://www.tei-c.org/ns/1.0"><forename type="first">Michael</forename><surname>Elhadad</surname></persName>
		</author>
	</analytic>
	<monogr>
		<title level="m">Proceedings of the 21st International Conference on Computational Linguistics and the 44th annual meeting of the Association for Computational Linguistics</title>
		<meeting>the 21st International Conference on Computational Linguistics and the 44th annual meeting of the Association for Computational Linguistics</meeting>
		<imprint>
			<date type="published" when="2006" />
		</imprint>
	</monogr>
</biblStruct>

<biblStruct >
	<analytic>
		<title level="a" type="main">Arabic/English Word Translation Disambiguation using Parallel Corpora and Matching Schemes</title>
		<author>
			<persName xmlns="http://www.tei-c.org/ns/1.0"><forename type="first">Farag</forename><surname>Ahmed</surname></persName>
		</author>
		<author>
			<persName xmlns="http://www.tei-c.org/ns/1.0"><forename type="first">Andreas</forename><surname>Nürnberger</surname></persName>
		</author>
	</analytic>
	<monogr>
		<title level="m">Proceedings of EAMT&apos;08</title>
		<meeting>EAMT&apos;08<address><addrLine>Hamburg, Germany</addrLine></address></meeting>
		<imprint>
			<date type="published" when="2008" />
		</imprint>
	</monogr>
</biblStruct>

<biblStruct >
	<monogr>
		<title level="m" type="main">Buckwalter Arabic Morphological Analyzer version 2.0</title>
		<author>
			<persName xmlns="http://www.tei-c.org/ns/1.0"><forename type="first">Tim</forename><surname>Buckwalter</surname></persName>
		</author>
		<imprint>
			<date type="published" when="2004" />
		</imprint>
	</monogr>
</biblStruct>

<biblStruct >
	<analytic>
		<title level="a" type="main">Discriminative Training Methods for Hidden Markov Models: Theory and Experiments with Perceptron Algorithms</title>
		<author>
			<persName xmlns="http://www.tei-c.org/ns/1.0"><forename type="first">Michael</forename><surname>Collins</surname></persName>
		</author>
	</analytic>
	<monogr>
		<title level="m">Proceedings of EMNLP&apos;02</title>
		<meeting>EMNLP&apos;02</meeting>
		<imprint>
			<date type="published" when="2002" />
		</imprint>
	</monogr>
</biblStruct>

<biblStruct >
	<analytic>
		<title level="a" type="main">Shai ShalevShwartz, and Yoram Singer</title>
		<author>
			<persName xmlns="http://www.tei-c.org/ns/1.0"><forename type="first">Koby</forename><surname>Crammer</surname></persName>
		</author>
		<author>
			<persName xmlns="http://www.tei-c.org/ns/1.0"><forename type="first">Ofer</forename><surname>Dekel</surname></persName>
		</author>
		<author>
			<persName xmlns="http://www.tei-c.org/ns/1.0"><forename type="first">Joseph</forename><surname>Keshet</surname></persName>
		</author>
	</analytic>
	<monogr>
		<title level="j">Journal of Machine Learning Research</title>
		<imprint>
			<biblScope unit="volume">7</biblScope>
			<biblScope unit="page" from="551" to="585" />
			<date type="published" when="2006" />
		</imprint>
	</monogr>
	<note>Online PassiveAggressive Algorithms</note>
</biblStruct>

<biblStruct >
	<analytic>
		<title level="a" type="main">Automatic Tagging of Arabic text: From Raw Text to Base Phrase Chunks</title>
		<author>
			<persName xmlns="http://www.tei-c.org/ns/1.0"><forename type="first">Mona</forename><surname>Diab</surname></persName>
		</author>
		<author>
			<persName xmlns="http://www.tei-c.org/ns/1.0"><forename type="first">Kadri</forename><surname>Hacioglu</surname></persName>
		</author>
		<author>
			<persName xmlns="http://www.tei-c.org/ns/1.0"><forename type="first">Daniel</forename><surname>Jurafsky</surname></persName>
		</author>
	</analytic>
	<monogr>
		<title level="m">Proceedings of the 5th Meeting of the North American Chapter of the Association for Computational Linguistics/Human Language Technologies Conference (HLT-NAACL&apos;04)</title>
		<meeting>the 5th Meeting of the North American Chapter of the Association for Computational Linguistics/Human Language Technologies Conference (HLT-NAACL&apos;04)</meeting>
		<imprint>
			<date type="published" when="2004" />
		</imprint>
	</monogr>
</biblStruct>

<biblStruct >
	<analytic>
		<title level="a" type="main">Unsupervised Concept Discovery in Hebrew Using Simple Unsupervised Word Prefix Segmentation for Hebrew and Arabic</title>
		<author>
			<persName xmlns="http://www.tei-c.org/ns/1.0"><forename type="first">Elad</forename><surname>Dinur</surname></persName>
		</author>
		<author>
			<persName xmlns="http://www.tei-c.org/ns/1.0"><forename type="first">Dmitry</forename><surname>Davidov</surname></persName>
		</author>
		<author>
			<persName xmlns="http://www.tei-c.org/ns/1.0"><forename type="first">Ari</forename><surname>Rappoport</surname></persName>
		</author>
	</analytic>
	<monogr>
		<title level="m">Proceedings of the EACL 2009 Workshop on Computational Approaches to Semitic Languages</title>
		<meeting>the EACL 2009 Workshop on Computational Approaches to Semitic Languages</meeting>
		<imprint>
			<date type="published" when="2009" />
		</imprint>
	</monogr>
</biblStruct>

<biblStruct >
	<analytic>
		<title level="a" type="main">Edlin: An Easy to Read Linear Learning Framework</title>
		<author>
			<persName xmlns="http://www.tei-c.org/ns/1.0"><forename type="first">Kuzman</forename><surname>Ganchev</surname></persName>
		</author>
		<author>
			<persName xmlns="http://www.tei-c.org/ns/1.0"><forename type="first">Georgi</forename><surname>Georgiev</surname></persName>
		</author>
	</analytic>
	<monogr>
		<title level="m">Proceedings of RANLP&apos;09</title>
		<meeting>RANLP&apos;09</meeting>
		<imprint>
			<date type="published" when="2009" />
		</imprint>
	</monogr>
</biblStruct>

<biblStruct >
	<analytic>
		<title level="a" type="main">EM Can Find Pretty Good HMM POS-Taggers (When Given a Good Start)*</title>
		<author>
			<persName xmlns="http://www.tei-c.org/ns/1.0"><forename type="first">Yoav</forename><surname>Goldberg</surname></persName>
		</author>
		<author>
			<persName xmlns="http://www.tei-c.org/ns/1.0"><forename type="first">Meni</forename><surname>Adler</surname></persName>
		</author>
		<author>
			<persName xmlns="http://www.tei-c.org/ns/1.0"><forename type="first">Michael</forename><surname>Elhadad</surname></persName>
		</author>
	</analytic>
	<monogr>
		<title level="m">Proceedings of ACL&apos;08</title>
		<meeting>ACL&apos;08</meeting>
		<imprint>
			<date type="published" when="2008" />
		</imprint>
	</monogr>
</biblStruct>

<biblStruct >
	<analytic>
		<title level="a" type="main">Arabic Tokenization, Part-of-Speech Tagging and Morphological Disambiguation in One Fell Swoop</title>
		<author>
			<persName xmlns="http://www.tei-c.org/ns/1.0"><forename type="first">Nizar</forename><surname>Habash</surname></persName>
		</author>
		<author>
			<persName xmlns="http://www.tei-c.org/ns/1.0"><forename type="first">Owen</forename><surname>Rambow</surname></persName>
		</author>
	</analytic>
	<monogr>
		<title level="m">Proceedings of ACL&apos;05</title>
		<meeting>ACL&apos;05<address><addrLine>Ann Arbor, MI, USA</addrLine></address></meeting>
		<imprint>
			<date type="published" when="2005" />
		</imprint>
	</monogr>
</biblStruct>

<biblStruct >
	<analytic>
		<title level="a" type="main">Morphological Tagging: Data vs. Dictionaries</title>
	</analytic>
	<monogr>
		<title level="m">Proceedings of the 1st Meeting of the North American Chapter of the Association for Computational Linguistics (NAACL&apos;00)</title>
		<meeting>the 1st Meeting of the North American Chapter of the Association for Computational Linguistics (NAACL&apos;00)</meeting>
		<imprint>
			<date type="published" when="2000" />
		</imprint>
	</monogr>
</biblStruct>

<biblStruct >
	<analytic>
		<title level="a" type="main">Word Sense Disambiguation for All Words using TreeStructured Conditional Random Fields</title>
		<author>
			<persName xmlns="http://www.tei-c.org/ns/1.0"><forename type="first">Jun</forename><surname>Hatori</surname></persName>
		</author>
		<author>
			<persName xmlns="http://www.tei-c.org/ns/1.0"><forename type="first">Yusuke</forename><surname>Miyao</surname></persName>
		</author>
		<author>
			<persName xmlns="http://www.tei-c.org/ns/1.0"><forename type="first">Jun&amp;apos;ichi</forename><surname>Tsujii</surname></persName>
		</author>
	</analytic>
	<monogr>
		<title level="m">Proceedings of COLing&apos;08</title>
		<meeting>COLing&apos;08</meeting>
		<imprint>
			<date type="published" when="2008" />
		</imprint>
	</monogr>
</biblStruct>

<biblStruct >
	<analytic>
		<title level="a" type="main">Estimation with Quadratic Loss</title>
		<author>
			<persName xmlns="http://www.tei-c.org/ns/1.0"><forename type="first">W</forename><surname>James</surname></persName>
		</author>
		<author>
			<persName xmlns="http://www.tei-c.org/ns/1.0"><forename type="first">Charles</forename><surname>Stein</surname></persName>
		</author>
	</analytic>
	<monogr>
		<title level="m">Proceedings of the Fourth Berkeley Symposium on Mathematical Statistics and Probability</title>
		<meeting>the Fourth Berkeley Symposium on Mathematical Statistics and Probability</meeting>
		<imprint>
			<date type="published" when="1961" />
			<biblScope unit="volume">1</biblScope>
		</imprint>
	</monogr>
</biblStruct>

<biblStruct >
	<analytic>
		<title level="a" type="main">On Hungarian morphology (Linguistica</title>
		<author>
			<persName xmlns="http://www.tei-c.org/ns/1.0"><forename type="first">András</forename><surname>Kornai</surname></persName>
		</author>
	</analytic>
	<monogr>
		<title level="m">Series A: Studia et Dissertationes 14). Linguistics Institute of Hungarian Academy of Sciences</title>
		<meeting><address><addrLine>Budapest</addrLine></address></meeting>
		<imprint>
			<date type="published" when="1994" />
		</imprint>
	</monogr>
</biblStruct>

<biblStruct >
	<analytic>
		<title level="a" type="main">Simultaneous Tokenization and Partof-Speech Tagging for Arabic without a Morphological Analyzer</title>
		<author>
			<persName xmlns="http://www.tei-c.org/ns/1.0"><forename type="first">Seth</forename><surname>Kulick</surname></persName>
		</author>
	</analytic>
	<monogr>
		<title level="m">Proceedings of ACL&apos;10</title>
		<meeting>ACL&apos;10</meeting>
		<imprint>
			<date type="published" when="2010" />
		</imprint>
	</monogr>
</biblStruct>

<biblStruct >
	<analytic>
		<title level="a" type="main">Conditional Random Fields: Probabilistic Models for Segmenting and Labeling Sequence Data</title>
		<author>
			<persName xmlns="http://www.tei-c.org/ns/1.0"><forename type="first">John</forename><forename type="middle">D</forename><surname>Lafferty</surname></persName>
		</author>
		<author>
			<persName xmlns="http://www.tei-c.org/ns/1.0"><forename type="first">Andrew</forename><surname>Mccallum</surname></persName>
		</author>
		<author>
			<persName xmlns="http://www.tei-c.org/ns/1.0"><forename type="first">Fernando</forename><forename type="middle">C N</forename><surname>Pereira</surname></persName>
		</author>
	</analytic>
	<monogr>
		<title level="m">Proceedings of ICML&apos;01</title>
		<meeting>ICML&apos;01</meeting>
		<imprint>
			<date type="published" when="2001" />
			<biblScope unit="page" from="282" to="289" />
		</imprint>
	</monogr>
</biblStruct>

<biblStruct >
	<analytic>
		<title level="a" type="main">The Penn Arabic Treebank: Building a Large Scale Annotated Arabic Corpus</title>
		<author>
			<persName xmlns="http://www.tei-c.org/ns/1.0"><forename type="first">Mohamed</forename><surname>Maamouri</surname></persName>
		</author>
		<author>
			<persName xmlns="http://www.tei-c.org/ns/1.0"><forename type="first">Ann</forename><surname>Bies</surname></persName>
		</author>
		<author>
			<persName xmlns="http://www.tei-c.org/ns/1.0"><forename type="first">Tim</forename><surname>Buckwalter</surname></persName>
		</author>
	</analytic>
	<monogr>
		<title level="m">Proceedings of NEMLAR Conference on Arabic Language Resources and Tools</title>
		<meeting>NEMLAR Conference on Arabic Language Resources and Tools</meeting>
		<imprint>
			<date type="published" when="2004" />
		</imprint>
	</monogr>
</biblStruct>

<biblStruct >
	<analytic>
		<title level="a" type="main">Sondos Krouna, and Seth Kulick</title>
		<author>
			<persName xmlns="http://www.tei-c.org/ns/1.0"><forename type="first">Mohamed</forename><surname>Maamouri</surname></persName>
		</author>
		<author>
			<persName xmlns="http://www.tei-c.org/ns/1.0"><forename type="first">David</forename><surname>Graff</surname></persName>
		</author>
		<author>
			<persName xmlns="http://www.tei-c.org/ns/1.0"><forename type="first">Basma</forename><surname>Bouziri</surname></persName>
		</author>
	</analytic>
	<monogr>
		<title level="j">LDC Standard Arabic Morphological Analyzer</title>
		<imprint>
			<date type="published" when="2009" />
		</imprint>
	</monogr>
	<note>SAMA) v. 3.0</note>
</biblStruct>

<biblStruct >
	<monogr>
		<title level="m" type="main">MALLET: A Machine Learning for Language Toolkit</title>
		<author>
			<persName xmlns="http://www.tei-c.org/ns/1.0"><forename type="first">Andrew</forename><surname>Mccallum</surname></persName>
		</author>
		<ptr target="http://mallet.cs.umass.edu" />
		<imprint>
			<date type="published" when="2001" />
		</imprint>
	</monogr>
</biblStruct>

<biblStruct >
	<analytic>
		<title level="a" type="main">Arabic Part of Speech Tagging</title>
		<author>
			<persName xmlns="http://www.tei-c.org/ns/1.0"><forename type="first">Emad</forename><surname>Mohamed</surname></persName>
		</author>
		<author>
			<persName xmlns="http://www.tei-c.org/ns/1.0"><forename type="first">Sandra</forename><surname>Kübler</surname></persName>
		</author>
	</analytic>
	<monogr>
		<title level="m">Proceedings of LREC&apos;10</title>
		<meeting>LREC&apos;10</meeting>
		<imprint>
			<date type="published" when="2010" />
		</imprint>
	</monogr>
</biblStruct>

<biblStruct >
	<analytic>
		<title level="a" type="main">Arabic Morphological Tagging, Diacritization, and Lemmatization Using Lexeme Models and Feature Ranking</title>
		<author>
			<persName xmlns="http://www.tei-c.org/ns/1.0"><forename type="first">Ryan</forename><surname>Roth</surname></persName>
		</author>
		<author>
			<persName xmlns="http://www.tei-c.org/ns/1.0"><forename type="first">Owen</forename><surname>Rambow</surname></persName>
		</author>
		<author>
			<persName xmlns="http://www.tei-c.org/ns/1.0"><forename type="first">Nizar</forename><surname>Habash</surname></persName>
		</author>
		<author>
			<persName xmlns="http://www.tei-c.org/ns/1.0"><forename type="first">Mona</forename><surname>Diab</surname></persName>
		</author>
		<author>
			<persName xmlns="http://www.tei-c.org/ns/1.0"><forename type="first">Cynthia</forename><surname>Rudin</surname></persName>
		</author>
	</analytic>
	<monogr>
		<title level="m">Proceedings of ACL&apos;08</title>
		<meeting>ACL&apos;08<address><addrLine>Columbus, Ohio, USA</addrLine></address></meeting>
		<imprint>
			<date type="published" when="2008" />
		</imprint>
	</monogr>
</biblStruct>

<biblStruct >
	<analytic>
		<title level="a" type="main">Context-Based Morphological Disambiguation with Random Fields*</title>
		<author>
			<persName xmlns="http://www.tei-c.org/ns/1.0"><forename type="first">Noah</forename><forename type="middle">A</forename><surname>Smith</surname></persName>
		</author>
		<author>
			<persName xmlns="http://www.tei-c.org/ns/1.0"><forename type="first">David</forename><forename type="middle">A</forename><surname>Smith</surname></persName>
		</author>
		<author>
			<persName xmlns="http://www.tei-c.org/ns/1.0"><forename type="first">Roy</forename><forename type="middle">W</forename><surname>Tromble</surname></persName>
		</author>
	</analytic>
	<monogr>
		<title level="m">Proceedings of Human Language Technology Conference and Conference on Empirical Methods in Natural Language Processing (HLT/EMNLP)</title>
		<meeting>Human Language Technology Conference and Conference on Empirical Methods in Natural Language Processing (HLT/EMNLP)</meeting>
		<imprint>
			<date type="published" when="2005" />
		</imprint>
	</monogr>
</biblStruct>

<biblStruct >
	<analytic>
		<title level="a" type="main">A Global Model for Joint Lemmatization and Part-of-Speech Prediction</title>
		<author>
			<persName xmlns="http://www.tei-c.org/ns/1.0"><forename type="first">Kristina</forename><surname>Toutanova</surname></persName>
		</author>
		<author>
			<persName xmlns="http://www.tei-c.org/ns/1.0"><forename type="first">Colin</forename><surname>Cherry</surname></persName>
		</author>
	</analytic>
	<monogr>
		<title level="m">Proceedings of the Joint Conference of the 47th Annual Meeting of the ACL and the 4th International Joint Conference on Natural Language Processing</title>
		<meeting>the Joint Conference of the 47th Annual Meeting of the ACL and the 4th International Joint Conference on Natural Language Processing</meeting>
		<imprint>
			<date type="published" when="2009" />
			<biblScope unit="page" from="486" to="494" />
		</imprint>
	</monogr>
</biblStruct>

			</listBibl>
		</back>
	</text>
</TEI>
