<?xml version="1.0" ?>
<TEI xmlns="http://www.tei-c.org/ns/1.0" xmlns:xlink="http://www.w3.org/1999/xlink" 
 xmlns:mml="http://www.w3.org/1998/Math/MathML">
	<teiHeader>
		<fileDesc xml:id="f_987"/>
	</teiHeader>
	<text>
		<front/>
		<body/>
		<back>
			<listBibl>
<biblStruct >
	<analytic>
		<title level="a" type="main">Hidden Markov Support Vector Machines</title>
		<author>
			<persName xmlns="http://www.tei-c.org/ns/1.0"><forename type="first">Yasemin</forename><surname>Altun</surname></persName>
		</author>
	</analytic>
	<monogr>
		<title level="m">Proceedings of the Twentieth Iternational Conference on Machine Learning (ICML2003)</title>
		<meeting>the Twentieth Iternational Conference on Machine Learning (ICML2003)<address><addrLine>Washington DC</addrLine></address></meeting>
		<imprint>
			<date type="published" when="2003" />
		</imprint>
	</monogr>
</biblStruct>

<biblStruct >
	<analytic>
		<title level="a" type="main">Chinese Word Segmentation and Named Entity Recognition: A Pragmatic Approach</title>
		<author>
			<persName xmlns="http://www.tei-c.org/ns/1.0"><forename type="first">Jianfeng</forename><surname>Gao</surname></persName>
		</author>
	</analytic>
	<monogr>
		<title level="j">Computational Linguis-tics</title>
		<imprint>
			<biblScope unit="volume">31</biblScope>
			<biblScope unit="issue">4</biblScope>
			<biblScope unit="page" from="531" to="574" />
			<date type="published" when="2005" />
		</imprint>
	</monogr>
</biblStruct>

<biblStruct >
	<analytic>
		<title level="a" type="main">Chinese word segmentation: a decade review</title>
		<author>
			<persName xmlns="http://www.tei-c.org/ns/1.0"><forename type="first">Changning</forename><surname>Huang</surname></persName>
		</author>
	</analytic>
	<monogr>
		<title level="j">Journal of Chinese Information Processing</title>
		<imprint>
			<biblScope unit="volume">21</biblScope>
			<biblScope unit="issue">3</biblScope>
			<biblScope unit="page" from="8" to="19" />
			<date type="published" when="2007" />
		</imprint>
	</monogr>
	<note>in Chinese</note>
</biblStruct>

<biblStruct >
	<analytic>
		<title level="a" type="main">written Chinese text segmentation system-cdws</title>
		<author>
			<persName xmlns="http://www.tei-c.org/ns/1.0"><forename type="first">Nanyuan</forename><surname>Liang</surname></persName>
		</author>
	</analytic>
	<monogr>
		<title level="j">Journal of Chinese Information Processing</title>
		<imprint>
			<biblScope unit="volume">2</biblScope>
			<biblScope unit="issue">2</biblScope>
			<biblScope unit="page" from="44" to="52" />
			<date type="published" when="1987" />
		</imprint>
	</monogr>
	<note>in Chinese</note>
</biblStruct>

<biblStruct >
	<analytic>
		<title level="a" type="main">A Maximum Entropy Approach to Chinese Word Segmentation</title>
		<author>
			<persName xmlns="http://www.tei-c.org/ns/1.0"><forename type="first">Jin</forename><surname>Low</surname></persName>
		</author>
		<author>
			<persName xmlns="http://www.tei-c.org/ns/1.0"><surname>Kiat</surname></persName>
		</author>
	</analytic>
	<monogr>
		<title level="m">Proceedings of the Fourth SIGHAN Workshop on Chinese Language Processing</title>
		<meeting>the Fourth SIGHAN Workshop on Chinese Language Processing<address><addrLine>Jeju Island</addrLine></address></meeting>
		<imprint>
			<publisher>Ko-rea</publisher>
			<date type="published" when="2005" />
			<biblScope unit="page" from="161" to="164" />
		</imprint>
	</monogr>
</biblStruct>

<biblStruct >
	<analytic>
		<title level="a" type="main">Chinese word segmentation without using dictionary based on unsupervised learning strategy</title>
		<author>
			<persName xmlns="http://www.tei-c.org/ns/1.0"><forename type="first">Maosong</forename><surname>Sun</surname></persName>
		</author>
	</analytic>
	<monogr>
		<title level="j">Chinese Journal of Computers</title>
		<imprint>
			<biblScope unit="volume">27</biblScope>
			<biblScope unit="issue">6</biblScope>
			<biblScope unit="page" from="736" to="742" />
			<date type="published" when="2004" />
		</imprint>
	</monogr>
	<note>in Chinese</note>
</biblStruct>

<biblStruct >
	<analytic>
		<title level="a" type="main">A conditional random field word segmenter for SIGHAN</title>
		<author>
			<persName xmlns="http://www.tei-c.org/ns/1.0"><forename type="first">Huihsin</forename><surname>Tseng</surname></persName>
		</author>
	</analytic>
	<monogr>
		<title level="m">Proceedings of the fourth SIGHAN workshop on Chinese language processing</title>
		<meeting>the fourth SIGHAN workshop on Chinese language processing<address><addrLine>Jeju Island, Korea</addrLine></address></meeting>
		<imprint>
			<date type="published" when="2005" />
			<biblScope unit="page" from="168" to="171" />
		</imprint>
	</monogr>
</biblStruct>

<biblStruct >
	<analytic>
		<title level="a" type="main">Large Margin Methods for Structured and Interdependent Output Variables</title>
		<author>
			<persName xmlns="http://www.tei-c.org/ns/1.0"><forename type="first">Ioannis</forename><surname>Tsochantaridis</surname></persName>
		</author>
	</analytic>
	<monogr>
		<title level="j">Journal of Machine Learning Research</title>
		<imprint>
			<biblScope unit="issue">6</biblScope>
			<biblScope unit="page" from="1453" to="1484" />
			<date type="published" when="2005" />
			<publisher>JMLR</publisher>
		</imprint>
	</monogr>
</biblStruct>

<biblStruct >
	<monogr>
				<author>
			<persName xmlns="http://www.tei-c.org/ns/1.0"><forename type="first">Nianwen</forename><surname>Xue</surname></persName>
		</author>
		<title level="m">Chinese Word Segmentation as Character Tagging, Computational Linguistics and Chinese Language Processing</title>
		<imprint>
			<date type="published" when="2003" />
			<biblScope unit="volume">8</biblScope>
			<biblScope unit="page" from="29" to="48" />
		</imprint>
	</monogr>
</biblStruct>

<biblStruct >
	<analytic>
		<title level="a" type="main">Effective tag set selection in Chinese word segmentation via conditional random field modeling</title>
		<author>
			<persName xmlns="http://www.tei-c.org/ns/1.0"><forename type="first">Hai</forename><surname>Zhao</surname></persName>
		</author>
	</analytic>
	<monogr>
		<title level="m">Proceedings of the 20th Pacific Asia Conference on language, Information and Computation (PACLIC-20)</title>
		<meeting>the 20th Pacific Asia Conference on language, Information and Computation (PACLIC-20)<address><addrLine>Wuhan, China</addrLine></address></meeting>
		<imprint>
			<date type="published" when="2006" />
			<biblScope unit="page" from="87" to="94" />
		</imprint>
	</monogr>
</biblStruct>

			</listBibl>
		</back>
	</text>
</TEI>
