<?xml version="1.0" ?>
<TEI xmlns="http://www.tei-c.org/ns/1.0" xmlns:xlink="http://www.w3.org/1999/xlink" 
 xmlns:mml="http://www.w3.org/1998/Math/MathML">
	<teiHeader>
		<fileDesc xml:id="f_527"/>
	</teiHeader>
	<text>
		<front/>
		<body/>
		<back>
			<listBibl>
<biblStruct >
	<analytic>
		<title level="a" type="main">The second pascal recognising textual entailment challenge</title>
		<author>
			<persName xmlns="http://www.tei-c.org/ns/1.0"><forename type="first">Roy</forename><surname>Bar-Haim</surname></persName>
		</author>
		<author>
			<persName xmlns="http://www.tei-c.org/ns/1.0"><forename type="first">Ido</forename><surname>Dagan</surname></persName>
		</author>
		<author>
			<persName xmlns="http://www.tei-c.org/ns/1.0"><forename type="first">Bill</forename><surname>Dolan</surname></persName>
		</author>
		<author>
			<persName xmlns="http://www.tei-c.org/ns/1.0"><forename type="first">Lisa</forename><surname>Ferro</surname></persName>
		</author>
		<author>
			<persName xmlns="http://www.tei-c.org/ns/1.0"><forename type="first">Danilo</forename><surname>Giampiccolo</surname></persName>
		</author>
		<author>
			<persName xmlns="http://www.tei-c.org/ns/1.0"><forename type="first">Bernardo</forename><surname>Magnini</surname></persName>
		</author>
		<author>
			<persName xmlns="http://www.tei-c.org/ns/1.0"><forename type="first">Idan</forename><surname>Szpektor</surname></persName>
		</author>
	</analytic>
	<monogr>
		<title level="m">Proceedings of the Second PASCAL Challenges Workshop on Recognising Textual Entailment</title>
		<meeting>the Second PASCAL Challenges Workshop on Recognising Textual Entailment<address><addrLine>Venice, Italy</addrLine></address></meeting>
		<imprint>
			<date type="published" when="2006" />
		</imprint>
	</monogr>
</biblStruct>

<biblStruct >
	<analytic>
		<title level="a" type="main">The fifth pascal recognizing textual entailment challenge</title>
		<author>
			<persName xmlns="http://www.tei-c.org/ns/1.0"><forename type="first">Luisa</forename><surname>Bentivogli</surname></persName>
		</author>
		<author>
			<persName xmlns="http://www.tei-c.org/ns/1.0"><forename type="first">Ido</forename><surname>Dagan</surname></persName>
		</author>
		<author>
			<persName xmlns="http://www.tei-c.org/ns/1.0"><forename type="first">Hoa</forename><forename type="middle">Trang</forename><surname>Dang</surname></persName>
		</author>
		<author>
			<persName xmlns="http://www.tei-c.org/ns/1.0"><forename type="first">Danilo</forename><surname>Giampiccolo</surname></persName>
		</author>
		<author>
			<persName xmlns="http://www.tei-c.org/ns/1.0"><forename type="first">Bernardo</forename><surname>Magnini</surname></persName>
		</author>
	</analytic>
	<monogr>
		<title level="m">Proceedings of the Second Text Analysis Conference</title>
		<meeting>the Second Text Analysis Conference</meeting>
		<imprint>
			<publisher>TAC</publisher>
			<date type="published" when="2009" />
		</imprint>
	</monogr>
</biblStruct>

<biblStruct >
	<analytic>
		<title level="a" type="main">Recognising textual entailment with logical inference</title>
		<author>
			<persName xmlns="http://www.tei-c.org/ns/1.0"><forename type="first">Johan</forename><surname>Bos</surname></persName>
		</author>
		<author>
			<persName xmlns="http://www.tei-c.org/ns/1.0"><forename type="first">Katja</forename><surname>Markert</surname></persName>
		</author>
	</analytic>
	<monogr>
		<title level="m">Proceedings of HLT-EMNLP</title>
		<meeting>HLT-EMNLP</meeting>
		<imprint>
			<date type="published" when="2005" />
			<biblScope unit="page" from="628" to="635" />
		</imprint>
	</monogr>
</biblStruct>

<biblStruct >
	<analytic>
		<title level="a" type="main">The pascal recognising textual entailment challenge</title>
		<author>
			<persName xmlns="http://www.tei-c.org/ns/1.0"><forename type="first">Oren</forename><surname>Ido Dagan</surname></persName>
		</author>
		<author>
			<persName xmlns="http://www.tei-c.org/ns/1.0"><forename type="first">Bernardo</forename><surname>Glickman</surname></persName>
		</author>
		<author>
			<persName xmlns="http://www.tei-c.org/ns/1.0"><surname>Magnini</surname></persName>
		</author>
	</analytic>
	<monogr>
		<title level="m">PASCAL Challenges Workshop on Recognising Textual Entailment</title>
		<imprint>
			<date type="published" when="2005" />
		</imprint>
	</monogr>
</biblStruct>

<biblStruct >
	<analytic>
		<title level="a" type="main">An inference model for semantic entailment in natural language</title>
		<author>
			<persName xmlns="http://www.tei-c.org/ns/1.0"><forename type="first">Rodrigo</forename><surname>De Salvo</surname></persName>
		</author>
		<author>
			<persName xmlns="http://www.tei-c.org/ns/1.0"><forename type="first">Roxana</forename><surname>Braz</surname></persName>
		</author>
		<author>
			<persName xmlns="http://www.tei-c.org/ns/1.0"><surname>Girju</surname></persName>
		</author>
	</analytic>
	<monogr>
		<title level="m">Proceedings of AAAI</title>
		<meeting>AAAI</meeting>
		<imprint>
			<date type="published" when="2005" />
		</imprint>
	</monogr>
	<note>Vasin Punyakanok, Dan Roth, and Mark Sammons</note>
</biblStruct>

<biblStruct >
	<analytic>
		<title level="a" type="main">Identifying agreement and disagreement in conversational speech: Use of bayesian networks to model pragmatic dependencies</title>
		<author>
			<persName xmlns="http://www.tei-c.org/ns/1.0"><forename type="first">Michel</forename><surname>Galley</surname></persName>
		</author>
		<author>
			<persName xmlns="http://www.tei-c.org/ns/1.0"><forename type="first">Kathleen</forename><surname>Mckeown</surname></persName>
		</author>
		<author>
			<persName xmlns="http://www.tei-c.org/ns/1.0"><forename type="first">Julia</forename><surname>Hirschberg</surname></persName>
		</author>
		<author>
			<persName xmlns="http://www.tei-c.org/ns/1.0"><forename type="first">Elizabeth</forename><surname>Shriberg</surname></persName>
		</author>
	</analytic>
	<monogr>
		<title level="m">Proceedings of ACL</title>
		<meeting>ACL</meeting>
		<imprint>
			<date type="published" when="2004" />
			<biblScope unit="page" from="669" to="676" />
		</imprint>
	</monogr>
</biblStruct>

<biblStruct >
	<analytic>
		<title level="a" type="main">Modeling latent biographic attributes in conversational genres</title>
		<author>
			<persName xmlns="http://www.tei-c.org/ns/1.0"><forename type="first">Nikesh</forename><surname>Garera</surname></persName>
		</author>
		<author>
			<persName xmlns="http://www.tei-c.org/ns/1.0"><forename type="first">David</forename><surname>Yarowsky</surname></persName>
		</author>
	</analytic>
	<monogr>
		<title level="m">Proceedings of the Joint Conference of the 47th Annual Meeting of the ACL and the 4th International Joint Conference on Natural Language Processing of the AFNLP</title>
		<meeting>the Joint Conference of the 47th Annual Meeting of the ACL and the 4th International Joint Conference on Natural Language Processing of the AFNLP<address><addrLine>Suntec, Singapore</addrLine></address></meeting>
		<imprint>
			<publisher>August</publisher>
			<date type="published" when="2009" />
			<biblScope unit="page" from="710" to="718" />
		</imprint>
	</monogr>
</biblStruct>

<biblStruct >
	<analytic>
		<title level="a" type="main">The third pascal recognizing textual entailment challenge</title>
		<author>
			<persName xmlns="http://www.tei-c.org/ns/1.0"><forename type="first">Danilo</forename><surname>Giampiccolo</surname></persName>
		</author>
		<author>
			<persName xmlns="http://www.tei-c.org/ns/1.0"><forename type="first">Bernardo</forename><surname>Magnini</surname></persName>
		</author>
		<author>
			<persName xmlns="http://www.tei-c.org/ns/1.0"><forename type="first">Ido</forename><surname>Dagan</surname></persName>
		</author>
		<author>
			<persName xmlns="http://www.tei-c.org/ns/1.0"><forename type="first">Bill</forename><surname>Dolan</surname></persName>
		</author>
	</analytic>
	<monogr>
		<title level="m">Proceedings of the ACLPASCAL Workshop on Textual Entailment and Paraphrasing</title>
		<meeting>the ACLPASCAL Workshop on Textual Entailment and Paraphrasing</meeting>
		<imprint>
			<date type="published" when="2007" />
			<biblScope unit="page" from="1" to="9" />
		</imprint>
	</monogr>
</biblStruct>

<biblStruct >
	<analytic>
		<title level="a" type="main">The fourth pascal recognizing textual entailment challenge</title>
		<author>
			<persName xmlns="http://www.tei-c.org/ns/1.0"><forename type="first">Danilo</forename><surname>Giampiccolo</surname></persName>
		</author>
		<author>
			<persName xmlns="http://www.tei-c.org/ns/1.0"><forename type="first">Hoa</forename><forename type="middle">Trang</forename><surname>Dang</surname></persName>
		</author>
		<author>
			<persName xmlns="http://www.tei-c.org/ns/1.0"><forename type="first">Bernardog</forename><surname>Magnini</surname></persName>
		</author>
		<author>
			<persName xmlns="http://www.tei-c.org/ns/1.0"><forename type="first">Ido</forename><surname>Dagan</surname></persName>
		</author>
		<author>
			<persName xmlns="http://www.tei-c.org/ns/1.0"><forename type="first">Elena</forename><surname>Cabrio</surname></persName>
		</author>
		<author>
			<persName xmlns="http://www.tei-c.org/ns/1.0"><forename type="first">Bill</forename><surname>Dolan</surname></persName>
		</author>
	</analytic>
	<monogr>
		<title level="m">Proceedings of the First Text Analysis Conference</title>
		<meeting>the First Text Analysis Conference</meeting>
		<imprint>
			<publisher>TAC</publisher>
			<date type="published" when="2008" />
		</imprint>
	</monogr>
</biblStruct>

<biblStruct >
	<monogr>
		<title level="m" type="main">Switchboard-1 Release 2. Linguistic Data Consortium</title>
		<author>
			<persName xmlns="http://www.tei-c.org/ns/1.0"><forename type="first">John</forename><forename type="middle">J</forename><surname>Godfrey</surname></persName>
		</author>
		<author>
			<persName xmlns="http://www.tei-c.org/ns/1.0"><forename type="first">Edward</forename><surname>Holliman</surname></persName>
		</author>
		<imprint>
			<date type="published" when="1997" />
			<pubPlace>Philadelphia</pubPlace>
		</imprint>
	</monogr>
</biblStruct>

<biblStruct >
	<analytic>
		<title level="a" type="main">Robust textual inference via graph matching</title>
		<author>
			<persName xmlns="http://www.tei-c.org/ns/1.0"><forename type="first">Aria</forename><surname>Haghighi</surname></persName>
		</author>
		<author>
			<persName xmlns="http://www.tei-c.org/ns/1.0"><forename type="first">Andrew</forename><surname>Ng</surname></persName>
		</author>
		<author>
			<persName xmlns="http://www.tei-c.org/ns/1.0"><forename type="first">Christopher</forename><surname>Manning</surname></persName>
		</author>
	</analytic>
	<monogr>
		<title level="m">Proceedings of HLT-EMNLP</title>
		<meeting>HLT-EMNLP</meeting>
		<imprint>
			<date type="published" when="2005" />
			<biblScope unit="page" from="387" to="394" />
		</imprint>
	</monogr>
</biblStruct>

<biblStruct >
	<analytic>
		<title level="a" type="main">Extracting social networks and biographical facts from conversational speech transcripts</title>
		<author>
			<persName xmlns="http://www.tei-c.org/ns/1.0"><forename type="first">Hongyan</forename><surname>Jing</surname></persName>
		</author>
		<author>
			<persName xmlns="http://www.tei-c.org/ns/1.0"><forename type="first">Nanda</forename><surname>Kambhatla</surname></persName>
		</author>
		<author>
			<persName xmlns="http://www.tei-c.org/ns/1.0"><forename type="first">Salim</forename><surname>Roukos</surname></persName>
		</author>
	</analytic>
	<monogr>
		<title level="m">Proceedings of ACL</title>
		<meeting>ACL</meeting>
		<imprint>
			<date type="published" when="2007" />
			<biblScope unit="page" from="1040" to="1047" />
		</imprint>
	</monogr>
</biblStruct>

<biblStruct >
	<analytic>
		<title level="a" type="main">Accurate unlexicalized parsing</title>
		<author>
			<persName xmlns="http://www.tei-c.org/ns/1.0"><forename type="first">Dan</forename><surname>Klein</surname></persName>
		</author>
		<author>
			<persName xmlns="http://www.tei-c.org/ns/1.0"><forename type="first">D</forename><surname>Christopher</surname></persName>
		</author>
		<author>
			<persName xmlns="http://www.tei-c.org/ns/1.0"><surname>Manning</surname></persName>
		</author>
	</analytic>
	<monogr>
		<title level="m">ACL &apos;03: Proceedings of the 41st Annual Meeting on Association for Computational Linguistics</title>
		<meeting><address><addrLine>Morristown, NJ, USA</addrLine></address></meeting>
		<imprint>
			<date type="published" when="2003" />
			<biblScope unit="page" from="423" to="430" />
		</imprint>
	</monogr>
</biblStruct>

<biblStruct >
	<analytic>
		<title level="a" type="main">An information-theoretic definition of similarity</title>
		<author>
			<persName xmlns="http://www.tei-c.org/ns/1.0"><forename type="first">Dekang</forename><surname>Lin</surname></persName>
		</author>
	</analytic>
	<monogr>
		<title level="m">Proceedings of International Conference on Machine Learning</title>
		<meeting>International Conference on Machine Learning</meeting>
		<imprint>
			<date type="published" when="1998" />
			<biblScope unit="page" from="296" to="304" />
		</imprint>
	</monogr>
</biblStruct>

<biblStruct >
	<analytic>
		<title level="a" type="main">Learning to recognize features of valid textual entailments</title>
		<author>
			<persName xmlns="http://www.tei-c.org/ns/1.0"><forename type="first">Bill</forename><surname>Maccartney</surname></persName>
		</author>
		<author>
			<persName xmlns="http://www.tei-c.org/ns/1.0"><forename type="first">Trond</forename><surname>Grenager</surname></persName>
		</author>
		<author>
			<persName xmlns="http://www.tei-c.org/ns/1.0"><forename type="first">Marie-Catherine</forename><surname>De Marneffe</surname></persName>
		</author>
		<author>
			<persName xmlns="http://www.tei-c.org/ns/1.0"><forename type="first">Daniel</forename><surname>Cer</surname></persName>
		</author>
		<author>
			<persName xmlns="http://www.tei-c.org/ns/1.0"><forename type="first">Christopher</forename><forename type="middle">D</forename><surname>Manning</surname></persName>
		</author>
	</analytic>
	<monogr>
		<title level="m">Proceedings of HLT-NAACL</title>
		<meeting>HLT-NAACL</meeting>
		<imprint>
			<date type="published" when="2006" />
			<biblScope unit="page" from="41" to="48" />
		</imprint>
	</monogr>
</biblStruct>

<biblStruct >
	<analytic>
		<title level="a" type="main">Summarizing spoken and written conversations</title>
		<author>
			<persName xmlns="http://www.tei-c.org/ns/1.0"><forename type="first">Gabriel</forename><surname>Murray</surname></persName>
		</author>
		<author>
			<persName xmlns="http://www.tei-c.org/ns/1.0"><forename type="first">Giuseppe</forename><surname>Carenini</surname></persName>
		</author>
	</analytic>
	<monogr>
		<title level="m">Proceedings of the 2008 Conference on Empirical Methods in Natural Language Processing</title>
		<meeting>the 2008 Conference on Empirical Methods in Natural Language Processing<address><addrLine>Hawaii</addrLine></address></meeting>
		<imprint>
			<date type="published" when="2008-10" />
			<biblScope unit="page" from="773" to="782" />
		</imprint>
	</monogr>
</biblStruct>

<biblStruct >
	<analytic>
		<title level="a" type="main">Towards robust semantic role labeling</title>
		<author>
			<persName xmlns="http://www.tei-c.org/ns/1.0"><forename type="first">S</forename><surname>Sameer</surname></persName>
		</author>
		<author>
			<persName xmlns="http://www.tei-c.org/ns/1.0"><forename type="first">Wayne</forename><surname>Pradhan</surname></persName>
		</author>
		<author>
			<persName xmlns="http://www.tei-c.org/ns/1.0"><forename type="first">James</forename><forename type="middle">H</forename><surname>Ward</surname></persName>
		</author>
		<author>
			<persName xmlns="http://www.tei-c.org/ns/1.0"><surname>Martin</surname></persName>
		</author>
	</analytic>
	<monogr>
		<title level="j">Computational Linguistics</title>
		<imprint>
			<biblScope unit="volume">34</biblScope>
			<biblScope unit="issue">2</biblScope>
			<biblScope unit="page" from="289" to="310" />
			<date type="published" when="2008" />
		</imprint>
	</monogr>
</biblStruct>

<biblStruct >
	<analytic>
		<title level="a" type="main">Robust textual inference via learning and abductive reasoning</title>
		<author>
			<persName xmlns="http://www.tei-c.org/ns/1.0"><forename type="first">Rajat</forename><surname>Raina</surname></persName>
		</author>
		<author>
			<persName xmlns="http://www.tei-c.org/ns/1.0"><forename type="first">Andrew</forename><forename type="middle">Y</forename><surname>Ng</surname></persName>
		</author>
		<author>
			<persName xmlns="http://www.tei-c.org/ns/1.0"><forename type="first">Christopher</forename><forename type="middle">D</forename><surname>Manning</surname></persName>
		</author>
	</analytic>
	<monogr>
		<title level="m">Proceedings of AAAI</title>
		<meeting>AAAI</meeting>
		<imprint>
			<date type="published" when="2005" />
			<biblScope unit="page" from="1099" to="1105" />
		</imprint>
	</monogr>
</biblStruct>

<biblStruct >
	<analytic>
		<title level="a" type="main">Unsupervised modeling of twitter conversations</title>
		<author>
			<persName xmlns="http://www.tei-c.org/ns/1.0"><forename type="first">Alan</forename><surname>Ritter</surname></persName>
		</author>
		<author>
			<persName xmlns="http://www.tei-c.org/ns/1.0"><forename type="first">Colin</forename><surname>Cherry</surname></persName>
		</author>
		<author>
			<persName xmlns="http://www.tei-c.org/ns/1.0"><forename type="first">Bill</forename><surname>Dolan</surname></persName>
		</author>
	</analytic>
	<monogr>
		<title level="m">Human Language Technologies: The 2010 Annual Conference of the North American Chapter of the Association for Computational Linguistics</title>
		<meeting><address><addrLine>California</addrLine></address></meeting>
		<imprint>
			<date type="published" when="2010-06" />
			<biblScope unit="page" from="172" to="180" />
		</imprint>
	</monogr>
</biblStruct>

<biblStruct >
	<analytic>
		<title level="a" type="main">Detecting arguing and sentiment in meetings</title>
		<author>
			<persName xmlns="http://www.tei-c.org/ns/1.0"><forename type="first">Swapna</forename><surname>Somasundaran</surname></persName>
		</author>
		<author>
			<persName xmlns="http://www.tei-c.org/ns/1.0"><forename type="first">Josef</forename><surname>Ruppenhofer</surname></persName>
		</author>
		<author>
			<persName xmlns="http://www.tei-c.org/ns/1.0"><forename type="first">Janyce</forename><surname>Wiebe</surname></persName>
		</author>
	</analytic>
	<monogr>
		<title level="m">Proceedings of the 8th SIGdial Workshop on Discourse and Dialogue, Antwerp, September. Swapna Somasundaran, Janyce Wiebe, and Josef Ruppenhofer</title>
		<meeting>the 8th SIGdial Workshop on Discourse and Dialogue, Antwerp, September. Swapna Somasundaran, Janyce Wiebe, and Josef Ruppenhofer<address><addrLine>Manchester, UK</addrLine></address></meeting>
		<imprint>
			<date type="published" when="2007" />
			<biblScope unit="page" from="801" to="808" />
		</imprint>
	</monogr>
	<note>Proceedings of the 22nd International Conference on Computational Linguistics</note>
</biblStruct>

<biblStruct >
	<analytic>
		<title level="a" type="main">Supervised and unsupervised methods in employing discourse relations for improving opinion polarity classification</title>
		<author>
			<persName xmlns="http://www.tei-c.org/ns/1.0"><forename type="first">Swapna</forename><surname>Somasundaran</surname></persName>
		</author>
		<author>
			<persName xmlns="http://www.tei-c.org/ns/1.0"><forename type="first">Galileo</forename><surname>Namata</surname></persName>
		</author>
		<author>
			<persName xmlns="http://www.tei-c.org/ns/1.0"><forename type="first">Janyce</forename><surname>Wiebe</surname></persName>
		</author>
		<author>
			<persName xmlns="http://www.tei-c.org/ns/1.0"><forename type="first">Lise</forename><surname>Getoor</surname></persName>
		</author>
	</analytic>
	<monogr>
		<title level="m">Proceedings of the 2009 Conference on Empirical Methods in Natural Language Processing</title>
		<meeting>the 2009 Conference on Empirical Methods in Natural Language Processing<address><addrLine>Singapore</addrLine></address></meeting>
		<imprint>
			<date type="published" when="2009-08" />
			<biblScope unit="page" from="170" to="179" />
		</imprint>
	</monogr>
</biblStruct>

<biblStruct >
	<analytic>
		<title level="a" type="main">A semantic approach to recognizing textual entailment</title>
		<author>
			<persName xmlns="http://www.tei-c.org/ns/1.0"><forename type="first">Marta</forename><surname>Tatu</surname></persName>
		</author>
		<author>
			<persName xmlns="http://www.tei-c.org/ns/1.0"><forename type="first">Dan</forename><surname>Moldovan</surname></persName>
		</author>
	</analytic>
	<monogr>
		<title level="m">Proceedings of HLT-EMNLP</title>
		<meeting>HLT-EMNLP</meeting>
		<imprint>
			<date type="published" when="2005" />
			<biblScope unit="page" from="371" to="378" />
		</imprint>
	</monogr>
</biblStruct>

<biblStruct >
	<analytic>
		<title level="a" type="main">Automatic learning of textual entailments with cross-pair similarities</title>
		<author>
			<persName xmlns="http://www.tei-c.org/ns/1.0"><forename type="first">Fabio</forename><forename type="middle">Massimo</forename><surname>Zanzotto</surname></persName>
		</author>
		<author>
			<persName xmlns="http://www.tei-c.org/ns/1.0"><forename type="first">Alessandro</forename><surname>Moschitti</surname></persName>
		</author>
	</analytic>
	<monogr>
		<title level="m">ACL-44: Proceedings of the 21st International Conference on Computational Linguistics and the 44th annual meeting of the Association for Computational Linguistics</title>
		<meeting><address><addrLine>Morristown, NJ, USA</addrLine></address></meeting>
		<imprint>
			<date type="published" when="2006" />
			<biblScope unit="page" from="401" to="408" />
		</imprint>
	</monogr>
</biblStruct>

<biblStruct >
	<analytic>
		<title level="a" type="main">What do we know about conversation participants: Experiments on conversation entailment</title>
		<author>
			<persName xmlns="http://www.tei-c.org/ns/1.0"><forename type="first">Chen</forename><surname>Zhang</surname></persName>
		</author>
		<author>
			<persName xmlns="http://www.tei-c.org/ns/1.0"><forename type="first">Joyce</forename><surname>Chai</surname></persName>
		</author>
	</analytic>
	<monogr>
		<title level="m">Proceedings of the SIGDIAL 2009 Conference</title>
		<meeting>the SIGDIAL 2009 Conference</meeting>
		<imprint>
			<date type="published" when="2009" />
			<biblScope unit="page" from="206" to="215" />
		</imprint>
	</monogr>
</biblStruct>

			</listBibl>
		</back>
	</text>
</TEI>
