<?xml version="1.0" ?>
<TEI xmlns="http://www.tei-c.org/ns/1.0" xmlns:xlink="http://www.w3.org/1999/xlink" 
 xmlns:mml="http://www.w3.org/1998/Math/MathML">
	<teiHeader>
		<fileDesc xml:id="f_860"/>
	</teiHeader>
	<text>
		<front/>
		<body/>
		<back>
			<listBibl>
<biblStruct >
	<analytic>
		<title level="a" type="main">Domain adaptation with structural correspondence learning</title>
		<author>
			<persName xmlns="http://www.tei-c.org/ns/1.0"><forename type="first">J</forename><surname>Blitzer</surname></persName>
		</author>
		<author>
			<persName xmlns="http://www.tei-c.org/ns/1.0"><forename type="first">R</forename><surname>Mcdonald</surname></persName>
		</author>
		<author>
			<persName xmlns="http://www.tei-c.org/ns/1.0"><forename type="first">F</forename><surname>Pereira</surname></persName>
		</author>
	</analytic>
	<monogr>
		<title level="m">EMNLP &apos;06</title>
		<imprint>
			<date type="published" when="2006" />
		</imprint>
	</monogr>
</biblStruct>

<biblStruct >
	<analytic>
		<title level="a" type="main">Combining labeled and unlabeled data with co-training</title>
		<author>
			<persName xmlns="http://www.tei-c.org/ns/1.0"><forename type="first">A</forename><surname>Blum</surname></persName>
		</author>
		<author>
			<persName xmlns="http://www.tei-c.org/ns/1.0"><forename type="first">T</forename><surname>Mitchell</surname></persName>
		</author>
	</analytic>
	<monogr>
		<title level="m">COLT &apos;98</title>
		<imprint>
			<date type="published" when="1998" />
		</imprint>
	</monogr>
</biblStruct>

<biblStruct >
	<analytic>
		<title level="a" type="main">TnT-a statistical part-of-speech tagger</title>
		<author>
			<persName xmlns="http://www.tei-c.org/ns/1.0"><forename type="first">T</forename><surname>Brants</surname></persName>
		</author>
	</analytic>
	<monogr>
		<title level="m">ANLP &apos;00</title>
		<imprint>
			<date type="published" when="2000" />
		</imprint>
	</monogr>
</biblStruct>

<biblStruct >
	<analytic>
		<title level="a" type="main">Class-based n-gram models of natural language</title>
		<author>
			<persName xmlns="http://www.tei-c.org/ns/1.0"><forename type="first">P</forename><surname>Brown</surname></persName>
		</author>
		<author>
			<persName xmlns="http://www.tei-c.org/ns/1.0"><forename type="first">V</forename><surname>Della Pietra</surname></persName>
		</author>
		<author>
			<persName xmlns="http://www.tei-c.org/ns/1.0"><forename type="first">P</forename><surname>Desouza</surname></persName>
		</author>
		<author>
			<persName xmlns="http://www.tei-c.org/ns/1.0"><forename type="first">J</forename><surname>Lai</surname></persName>
		</author>
		<author>
			<persName xmlns="http://www.tei-c.org/ns/1.0"><forename type="first">R</forename><surname>Mercer</surname></persName>
		</author>
	</analytic>
	<monogr>
		<title level="j">Computational Linguistics</title>
		<imprint>
			<date type="published" when="1992" />
		</imprint>
	</monogr>
</biblStruct>

<biblStruct >
	<analytic>
		<title level="a" type="main">TAG, dynamic programming, and the perceptron for efficient, feature-rich parsing</title>
		<author>
			<persName xmlns="http://www.tei-c.org/ns/1.0"><forename type="first">X</forename><surname>Carreras</surname></persName>
		</author>
		<author>
			<persName xmlns="http://www.tei-c.org/ns/1.0"><forename type="first">M</forename><surname>Collins</surname></persName>
		</author>
		<author>
			<persName xmlns="http://www.tei-c.org/ns/1.0"><forename type="first">T</forename><surname>Koo</surname></persName>
		</author>
	</analytic>
	<monogr>
		<title level="m">CoNLL &apos;08</title>
		<imprint>
			<date type="published" when="2008" />
		</imprint>
	</monogr>
</biblStruct>

<biblStruct >
	<analytic>
		<title level="a" type="main">Coarse-to-Fine NBest Parsing and MaxEnt Discriminative Reranking</title>
		<author>
			<persName xmlns="http://www.tei-c.org/ns/1.0"><forename type="first">E</forename><surname>Charniak</surname></persName>
		</author>
		<author>
			<persName xmlns="http://www.tei-c.org/ns/1.0"><forename type="first">M</forename><surname>Johnson</surname></persName>
		</author>
	</analytic>
	<monogr>
		<title level="m">ACL&apos;05</title>
		<imprint>
			<date type="published" when="2005" />
		</imprint>
	</monogr>
</biblStruct>

<biblStruct >
	<analytic>
		<title level="a" type="main">Statistical parsing with a context-free grammar and word statistics</title>
		<author>
			<persName xmlns="http://www.tei-c.org/ns/1.0"><forename type="first">E</forename><surname>Charniak</surname></persName>
		</author>
	</analytic>
	<monogr>
		<title level="m">AI &apos;97</title>
		<imprint>
			<date type="published" when="1997" />
		</imprint>
	</monogr>
</biblStruct>

<biblStruct >
	<analytic>
		<title level="a" type="main">A maximum-entropy-inspired parser</title>
		<author>
			<persName xmlns="http://www.tei-c.org/ns/1.0"><forename type="first">E</forename><surname>Charniak</surname></persName>
		</author>
	</analytic>
	<monogr>
		<title level="m">NAACL &apos;00</title>
		<imprint>
			<date type="published" when="2000" />
		</imprint>
	</monogr>
</biblStruct>

<biblStruct >
	<analytic>
		<title level="a" type="main">Bootstrapping pos-taggers using unlabelled data</title>
		<author>
			<persName xmlns="http://www.tei-c.org/ns/1.0"><forename type="first">S</forename><surname>Clark</surname></persName>
		</author>
		<author>
			<persName xmlns="http://www.tei-c.org/ns/1.0"><forename type="first">J</forename><surname>Curran</surname></persName>
		</author>
		<author>
			<persName xmlns="http://www.tei-c.org/ns/1.0"><forename type="first">M</forename><surname>Osborne</surname></persName>
		</author>
	</analytic>
	<monogr>
		<title level="m">CoNLL &apos;03</title>
		<imprint>
			<date type="published" when="2003" />
		</imprint>
	</monogr>
</biblStruct>

<biblStruct >
	<analytic>
		<title level="a" type="main">Generating typed dependency parses from phrase structure parses</title>
		<author>
			<persName xmlns="http://www.tei-c.org/ns/1.0"><forename type="first">M.-C</forename><surname>De Marneffe</surname></persName>
		</author>
		<author>
			<persName xmlns="http://www.tei-c.org/ns/1.0"><forename type="first">B</forename><surname>Maccartney</surname></persName>
		</author>
		<author>
			<persName xmlns="http://www.tei-c.org/ns/1.0"><forename type="first">C</forename><surname>Manning</surname></persName>
		</author>
	</analytic>
	<monogr>
		<title level="m">LREC &apos;06</title>
		<imprint>
			<date type="published" when="2006" />
		</imprint>
	</monogr>
</biblStruct>

<biblStruct >
	<analytic>
		<title level="a" type="main">Three new probabilistic models for dependency parsing: An exploration</title>
		<author>
			<persName xmlns="http://www.tei-c.org/ns/1.0"><forename type="first">J</forename><surname>Eisner</surname></persName>
		</author>
	</analytic>
	<monogr>
		<title level="m">COLING &apos;96</title>
		<imprint>
			<date type="published" when="1996" />
		</imprint>
	</monogr>
</biblStruct>

<biblStruct >
	<analytic>
		<title level="a" type="main">cba to check the spelling&quot;: Investigating parser performance on discussion forum posts</title>
		<author>
			<persName xmlns="http://www.tei-c.org/ns/1.0"><forename type="first">J</forename><surname>Foster</surname></persName>
		</author>
	</analytic>
	<monogr>
		<title level="m">NAACL &apos;10</title>
		<imprint>
			<date type="published" when="2010" />
		</imprint>
	</monogr>
</biblStruct>

<biblStruct >
	<analytic>
		<title level="a" type="main">Corpus variation and parser performance</title>
		<author>
			<persName xmlns="http://www.tei-c.org/ns/1.0"><forename type="first">D</forename><surname>Gildea</surname></persName>
		</author>
	</analytic>
	<monogr>
		<title level="m">EMNLP &apos;01</title>
		<imprint>
			<date type="published" when="2001" />
		</imprint>
	</monogr>
</biblStruct>

<biblStruct >
	<analytic>
		<title level="a" type="main">Self-training PCFG grammars with latent annotations across languages</title>
		<author>
			<persName xmlns="http://www.tei-c.org/ns/1.0"><forename type="first">Z</forename><surname>Huang</surname></persName>
		</author>
		<author>
			<persName xmlns="http://www.tei-c.org/ns/1.0"><forename type="first">M</forename><surname>Harper</surname></persName>
		</author>
	</analytic>
	<monogr>
		<title level="m">EMNLP &apos;09</title>
		<imprint>
			<date type="published" when="2009" />
		</imprint>
	</monogr>
</biblStruct>

<biblStruct >
	<analytic>
		<title level="a" type="main">Questionbank: creating a corpus of parse-annotated questions</title>
		<author>
			<persName xmlns="http://www.tei-c.org/ns/1.0"><forename type="first">J</forename><surname>Judge</surname></persName>
		</author>
		<author>
			<persName xmlns="http://www.tei-c.org/ns/1.0"><forename type="first">A</forename><surname>Cahill</surname></persName>
		</author>
		<author>
			<persName xmlns="http://www.tei-c.org/ns/1.0"><forename type="first">J</forename><forename type="middle">V</forename><surname>Genabith</surname></persName>
		</author>
	</analytic>
	<monogr>
		<title level="m">ACL &apos;06</title>
		<imprint>
			<date type="published" when="2006" />
		</imprint>
	</monogr>
</biblStruct>

<biblStruct >
	<analytic>
		<title level="a" type="main">Efficient third-order dependency parsers</title>
		<author>
			<persName xmlns="http://www.tei-c.org/ns/1.0"><forename type="first">T</forename><surname>Koo</surname></persName>
		</author>
		<author>
			<persName xmlns="http://www.tei-c.org/ns/1.0"><forename type="first">M</forename><surname>Collins</surname></persName>
		</author>
	</analytic>
	<monogr>
		<title level="m">ACL &apos;10</title>
		<imprint>
			<date type="published" when="2010" />
		</imprint>
	</monogr>
</biblStruct>

<biblStruct >
	<analytic>
		<title level="a" type="main">Simple semisupervised dependency parsing</title>
		<author>
			<persName xmlns="http://www.tei-c.org/ns/1.0"><forename type="first">T</forename><surname>Koo</surname></persName>
		</author>
		<author>
			<persName xmlns="http://www.tei-c.org/ns/1.0"><forename type="first">X</forename><surname>Carreras</surname></persName>
		</author>
		<author>
			<persName xmlns="http://www.tei-c.org/ns/1.0"><forename type="first">M</forename><surname>Collins</surname></persName>
		</author>
	</analytic>
	<monogr>
		<title level="m">ACL &apos;08</title>
		<imprint>
			<date type="published" when="2008" />
		</imprint>
	</monogr>
</biblStruct>

<biblStruct >
	<analytic>
		<title level="a" type="main">Building a large annotated corpus of English: The Penn Treebank</title>
		<author>
			<persName xmlns="http://www.tei-c.org/ns/1.0"><forename type="first">M</forename><surname>Marcus</surname></persName>
		</author>
		<author>
			<persName xmlns="http://www.tei-c.org/ns/1.0"><forename type="first">B</forename><surname>Santorini</surname></persName>
		</author>
		<author>
			<persName xmlns="http://www.tei-c.org/ns/1.0"><forename type="first">M</forename><surname>Marcinkiewicz</surname></persName>
		</author>
	</analytic>
	<monogr>
		<title level="m">Computational Linguistics</title>
		<imprint>
			<date type="published" when="1993" />
		</imprint>
	</monogr>
</biblStruct>

<biblStruct >
	<analytic>
		<title level="a" type="main">Concise integer linear programming formulations for dependency parsing</title>
		<author>
			<persName xmlns="http://www.tei-c.org/ns/1.0"><forename type="first">A</forename><forename type="middle">F T</forename><surname>Martins</surname></persName>
		</author>
		<author>
			<persName xmlns="http://www.tei-c.org/ns/1.0"><forename type="first">N</forename><forename type="middle">A</forename><surname>Smith</surname></persName>
		</author>
		<author>
			<persName xmlns="http://www.tei-c.org/ns/1.0"><forename type="first">E</forename><forename type="middle">P</forename><surname>Xing</surname></persName>
		</author>
	</analytic>
	<monogr>
		<title level="m">ACL &apos;09</title>
		<imprint>
			<date type="published" when="2009" />
		</imprint>
	</monogr>
</biblStruct>

<biblStruct >
	<analytic>
		<title level="a" type="main">Effective self-training for parsing</title>
		<author>
			<persName xmlns="http://www.tei-c.org/ns/1.0"><forename type="first">D</forename><surname>Mcclosky</surname></persName>
		</author>
		<author>
			<persName xmlns="http://www.tei-c.org/ns/1.0"><forename type="first">E</forename><surname>Charniak</surname></persName>
		</author>
		<author>
			<persName xmlns="http://www.tei-c.org/ns/1.0"><forename type="first">M</forename><surname>Johnson</surname></persName>
		</author>
	</analytic>
	<monogr>
		<title level="m">NAACL &apos;06</title>
		<imprint>
			<date type="published" when="2006" />
		</imprint>
	</monogr>
</biblStruct>

<biblStruct >
	<analytic>
		<title level="a" type="main">Reranking and self-training for parser adaptation</title>
		<author>
			<persName xmlns="http://www.tei-c.org/ns/1.0"><forename type="first">D</forename><surname>Mcclosky</surname></persName>
		</author>
		<author>
			<persName xmlns="http://www.tei-c.org/ns/1.0"><forename type="first">E</forename><surname>Charniak</surname></persName>
		</author>
		<author>
			<persName xmlns="http://www.tei-c.org/ns/1.0"><forename type="first">M</forename><surname>Johnson</surname></persName>
		</author>
	</analytic>
	<monogr>
		<title level="m">ACL &apos;06</title>
		<imprint>
			<date type="published" when="2006" />
		</imprint>
	</monogr>
</biblStruct>

<biblStruct >
	<analytic>
		<title level="a" type="main">Characterizing the errors of data-driven dependency parsing models</title>
		<author>
			<persName xmlns="http://www.tei-c.org/ns/1.0"><forename type="first">R</forename><surname>Mcdonald</surname></persName>
		</author>
		<author>
			<persName xmlns="http://www.tei-c.org/ns/1.0"><forename type="first">J</forename><surname>Nivre</surname></persName>
		</author>
	</analytic>
	<monogr>
		<title level="m">EMNLP &apos;07</title>
		<imprint>
			<date type="published" when="2007" />
		</imprint>
	</monogr>
</biblStruct>

<biblStruct >
	<analytic>
		<title level="a" type="main">Online large-margin training of dependency parsers</title>
		<author>
			<persName xmlns="http://www.tei-c.org/ns/1.0"><forename type="first">R</forename><surname>Mcdonald</surname></persName>
		</author>
		<author>
			<persName xmlns="http://www.tei-c.org/ns/1.0"><forename type="first">K</forename><surname>Crammer</surname></persName>
		</author>
		<author>
			<persName xmlns="http://www.tei-c.org/ns/1.0"><forename type="first">F</forename><surname>Pereira</surname></persName>
		</author>
	</analytic>
	<monogr>
		<title level="m">ACL &apos;05</title>
		<imprint>
			<date type="published" when="2005" />
		</imprint>
	</monogr>
</biblStruct>

<biblStruct >
	<analytic>
		<title level="a" type="main">Multilingual dependency analysis with a two-stage discriminative parser</title>
		<author>
			<persName xmlns="http://www.tei-c.org/ns/1.0"><forename type="first">R</forename><surname>Mcdonald</surname></persName>
		</author>
		<author>
			<persName xmlns="http://www.tei-c.org/ns/1.0"><forename type="first">K</forename><surname>Lerman</surname></persName>
		</author>
		<author>
			<persName xmlns="http://www.tei-c.org/ns/1.0"><forename type="first">F</forename><surname>Pereira</surname></persName>
		</author>
	</analytic>
	<monogr>
		<title level="m">CoNLL &apos;06</title>
		<imprint>
			<date type="published" when="2006" />
		</imprint>
	</monogr>
</biblStruct>

<biblStruct >
	<analytic>
		<title level="a" type="main">Maltparser: A language-independent system for data-driven dependency parsing</title>
		<author>
			<persName xmlns="http://www.tei-c.org/ns/1.0"><forename type="first">J</forename><surname>Nivre</surname></persName>
		</author>
		<author>
			<persName xmlns="http://www.tei-c.org/ns/1.0"><forename type="first">J</forename><surname>Hall</surname></persName>
		</author>
		<author>
			<persName xmlns="http://www.tei-c.org/ns/1.0"><forename type="first">J</forename><surname>Nilsson</surname></persName>
		</author>
		<author>
			<persName xmlns="http://www.tei-c.org/ns/1.0"><forename type="first">A</forename><surname>Chanev</surname></persName>
		</author>
		<author>
			<persName xmlns="http://www.tei-c.org/ns/1.0"><forename type="first">G</forename><surname>Eryigit</surname></persName>
		</author>
		<author>
			<persName xmlns="http://www.tei-c.org/ns/1.0"><forename type="first">S</forename><surname>Kbler</surname></persName>
		</author>
		<author>
			<persName xmlns="http://www.tei-c.org/ns/1.0"><forename type="first">S</forename><surname>Marinov</surname></persName>
		</author>
		<author>
			<persName xmlns="http://www.tei-c.org/ns/1.0"><forename type="first">E</forename><surname>Marsi</surname></persName>
		</author>
	</analytic>
	<monogr>
		<title level="j">Natural Language Engineering</title>
		<imprint>
			<biblScope unit="volume">13</biblScope>
			<biblScope unit="issue">2</biblScope>
			<date type="published" when="2007" />
		</imprint>
	</monogr>
</biblStruct>

<biblStruct >
	<analytic>
		<title level="a" type="main">Algorithms for deterministic incremental dependency parsing</title>
		<author>
			<persName xmlns="http://www.tei-c.org/ns/1.0"><forename type="first">J</forename><surname>Nivre</surname></persName>
		</author>
	</analytic>
	<monogr>
		<title level="j">Computational Linguistics</title>
		<imprint>
			<biblScope unit="issue">4</biblScope>
			<biblScope unit="page">34</biblScope>
			<date type="published" when="2008" />
		</imprint>
	</monogr>
</biblStruct>

<biblStruct >
	<analytic>
		<title level="a" type="main">Learning accurate, compact, and interpretable tree annotation</title>
		<author>
			<persName xmlns="http://www.tei-c.org/ns/1.0"><forename type="first">S</forename><surname>Petrov</surname></persName>
		</author>
		<author>
			<persName xmlns="http://www.tei-c.org/ns/1.0"><forename type="first">L</forename><surname>Barrett</surname></persName>
		</author>
		<author>
			<persName xmlns="http://www.tei-c.org/ns/1.0"><forename type="first">R</forename><surname>Thibaux</surname></persName>
		</author>
		<author>
			<persName xmlns="http://www.tei-c.org/ns/1.0"><forename type="first">D</forename><surname>Klein</surname></persName>
		</author>
	</analytic>
	<monogr>
		<title level="m">ACL &apos;06</title>
		<imprint>
			<date type="published" when="2006" />
		</imprint>
	</monogr>
</biblStruct>

<biblStruct >
	<analytic>
		<title level="a" type="main">Products of random latent variable grammars</title>
		<author>
			<persName xmlns="http://www.tei-c.org/ns/1.0"><forename type="first">S</forename><surname>Petrov</surname></persName>
		</author>
	</analytic>
	<monogr>
		<title level="m">NAACL &apos;10</title>
		<imprint>
			<date type="published" when="2010" />
		</imprint>
	</monogr>
</biblStruct>

<biblStruct >
	<analytic>
		<title level="a" type="main">Incremental integer linear programming for non-projective dependency parsing</title>
		<author>
			<persName xmlns="http://www.tei-c.org/ns/1.0"><forename type="first">S</forename><surname>Riedel</surname></persName>
		</author>
		<author>
			<persName xmlns="http://www.tei-c.org/ns/1.0"><forename type="first">J</forename><surname>Clarke</surname></persName>
		</author>
	</analytic>
	<monogr>
		<title level="m">EMNLP &apos;06</title>
		<imprint>
			<date type="published" when="2006" />
		</imprint>
	</monogr>
</biblStruct>

<biblStruct >
	<analytic>
		<title level="a" type="main">Parser combination by reparsing</title>
		<author>
			<persName xmlns="http://www.tei-c.org/ns/1.0"><forename type="first">K</forename><surname>Sagae</surname></persName>
		</author>
		<author>
			<persName xmlns="http://www.tei-c.org/ns/1.0"><forename type="first">A</forename><surname>Lavie</surname></persName>
		</author>
	</analytic>
	<monogr>
		<title level="m">NAACL &apos;06</title>
		<imprint>
			<date type="published" when="2006" />
		</imprint>
	</monogr>
</biblStruct>

<biblStruct >
	<monogr>
		<title level="m" type="main">Dependency parsing and domain adaptation with lr models and parser ensembles</title>
		<author>
			<persName xmlns="http://www.tei-c.org/ns/1.0"><forename type="first">K</forename><surname>Sagae</surname></persName>
		</author>
		<author>
			<persName xmlns="http://www.tei-c.org/ns/1.0"><forename type="first">J</forename><surname>Tsujii</surname></persName>
		</author>
		<imprint>
			<date type="published" when="2007" />
			<biblScope unit="page">7</biblScope>
		</imprint>
	</monogr>
</biblStruct>

<biblStruct >
	<analytic>
		<title level="a" type="main">Bootstrapping statistical parsers from small datasets</title>
		<author>
			<persName xmlns="http://www.tei-c.org/ns/1.0"><forename type="first">M</forename><surname>Steedman</surname></persName>
		</author>
		<author>
			<persName xmlns="http://www.tei-c.org/ns/1.0"><forename type="first">M</forename><surname>Osborne</surname></persName>
		</author>
		<author>
			<persName xmlns="http://www.tei-c.org/ns/1.0"><forename type="first">A</forename><surname>Sarkar</surname></persName>
		</author>
		<author>
			<persName xmlns="http://www.tei-c.org/ns/1.0"><forename type="first">S</forename><surname>Clark</surname></persName>
		</author>
		<author>
			<persName xmlns="http://www.tei-c.org/ns/1.0"><forename type="first">R</forename><surname>Hwa</surname></persName>
		</author>
		<author>
			<persName xmlns="http://www.tei-c.org/ns/1.0"><forename type="first">J</forename><surname>Hockenmaier</surname></persName>
		</author>
		<author>
			<persName xmlns="http://www.tei-c.org/ns/1.0"><forename type="first">P</forename><surname>Ruhlen</surname></persName>
		</author>
		<author>
			<persName xmlns="http://www.tei-c.org/ns/1.0"><forename type="first">S</forename><surname>Baker</surname></persName>
		</author>
		<author>
			<persName xmlns="http://www.tei-c.org/ns/1.0"><forename type="first">J</forename><surname>Crim</surname></persName>
		</author>
	</analytic>
	<monogr>
		<title level="m">EACL &apos;03</title>
		<imprint>
			<date type="published" when="2003" />
		</imprint>
	</monogr>
</biblStruct>

<biblStruct >
	<analytic>
		<title level="a" type="main">An empirical study of semi-supervised structured conditional models for dependency parsing</title>
		<author>
			<persName xmlns="http://www.tei-c.org/ns/1.0"><forename type="first">J</forename><surname>Suzuki</surname></persName>
		</author>
		<author>
			<persName xmlns="http://www.tei-c.org/ns/1.0"><forename type="first">H</forename><surname>Isozaki</surname></persName>
		</author>
		<author>
			<persName xmlns="http://www.tei-c.org/ns/1.0"><forename type="first">X</forename><surname>Carreras</surname></persName>
		</author>
		<author>
			<persName xmlns="http://www.tei-c.org/ns/1.0"><forename type="first">M</forename><surname>Collins</surname></persName>
		</author>
	</analytic>
	<monogr>
		<title level="m">EMNLP &apos;09</title>
		<imprint>
			<date type="published" when="2009" />
		</imprint>
	</monogr>
</biblStruct>

<biblStruct >
	<analytic>
		<title level="a" type="main">Statistical dependency analysis with support vector machines</title>
		<author>
			<persName xmlns="http://www.tei-c.org/ns/1.0"><forename type="first">H</forename><surname>Yamada</surname></persName>
		</author>
		<author>
			<persName xmlns="http://www.tei-c.org/ns/1.0"><forename type="first">Y</forename><surname>Matsumoto</surname></persName>
		</author>
	</analytic>
	<monogr>
		<title level="m">IWPT &apos;03</title>
		<imprint>
			<date type="published" when="2003" />
		</imprint>
	</monogr>
</biblStruct>

			</listBibl>
		</back>
	</text>
</TEI>
