<?xml version="1.0" ?>
<TEI xmlns="http://www.tei-c.org/ns/1.0" xmlns:xlink="http://www.w3.org/1999/xlink" 
 xmlns:mml="http://www.w3.org/1998/Math/MathML">
	<teiHeader>
		<fileDesc xml:id="f_314"/>
	</teiHeader>
	<text>
		<front/>
		<body/>
		<back>
			<listBibl>
<biblStruct >
	<analytic>
		<title level="a" type="main">Arabic named entity recognition using optimized feature sets</title>
		<author>
			<persName xmlns="http://www.tei-c.org/ns/1.0"><forename type="first">Yassine</forename><surname>Benajiba</surname></persName>
		</author>
		<author>
			<persName xmlns="http://www.tei-c.org/ns/1.0"><forename type="first">Mona</forename><surname>Diab</surname></persName>
		</author>
		<author>
			<persName xmlns="http://www.tei-c.org/ns/1.0"><forename type="first">Paolo</forename><surname>Rosso</surname></persName>
		</author>
	</analytic>
	<monogr>
		<title level="m">Proc. of EMNLP&apos;08</title>
		<meeting>of EMNLP&apos;08</meeting>
		<imprint>
			<date type="published" when="2008" />
			<biblScope unit="page" from="284" to="293" />
		</imprint>
	</monogr>
</biblStruct>

<biblStruct >
	<analytic>
		<title level="a" type="main">A survey of smoothing techniques for ME models</title>
		<author>
			<persName xmlns="http://www.tei-c.org/ns/1.0"><forename type="first">Stanley</forename><surname>Chen</surname></persName>
		</author>
		<author>
			<persName xmlns="http://www.tei-c.org/ns/1.0"><forename type="first">Ronald</forename><surname>Rosenfeld</surname></persName>
		</author>
	</analytic>
	<monogr>
		<title level="j">IEEE Transaction on Speech and Audio Processing</title>
		<imprint>
			<date type="published" when="2000" />
		</imprint>
	</monogr>
</biblStruct>

<biblStruct >
	<analytic>
		<title level="a" type="main">Automatic tagging of arabic text: from raw text to base phrase chunks</title>
		<author>
			<persName xmlns="http://www.tei-c.org/ns/1.0"><forename type="first">Mona</forename><surname>Diab</surname></persName>
		</author>
		<author>
			<persName xmlns="http://www.tei-c.org/ns/1.0"><forename type="first">Kadri</forename><surname>Hacioglu</surname></persName>
		</author>
		<author>
			<persName xmlns="http://www.tei-c.org/ns/1.0"><forename type="first">Dan</forename><surname>Jurafsky</surname></persName>
		</author>
	</analytic>
	<monogr>
		<title level="m">Proc. of HLT/NAACL&apos;04</title>
		<meeting>of HLT/NAACL&apos;04</meeting>
		<imprint>
			<date type="published" when="2004" />
		</imprint>
	</monogr>
</biblStruct>

<biblStruct >
	<analytic>
		<title level="a" type="main">Sequential conditional generalized iterative scaling</title>
		<author>
			<persName xmlns="http://www.tei-c.org/ns/1.0"><forename type="first">Joshua</forename><surname>Goodman</surname></persName>
		</author>
	</analytic>
	<monogr>
		<title level="m">Proceedings of ACL&apos;02</title>
		<meeting>ACL&apos;02</meeting>
		<imprint>
			<date type="published" when="2002" />
		</imprint>
	</monogr>
</biblStruct>

<biblStruct >
	<analytic>
		<title level="a" type="main">Breaking the resource bottleneck for multilingual parsing</title>
		<author>
			<persName xmlns="http://www.tei-c.org/ns/1.0"><forename type="first">Rebecca</forename><surname>Hwa</surname></persName>
		</author>
		<author>
			<persName xmlns="http://www.tei-c.org/ns/1.0"><forename type="first">Philip</forename><surname>Resnik</surname></persName>
		</author>
		<author>
			<persName xmlns="http://www.tei-c.org/ns/1.0"><forename type="first">Amy</forename><surname>Weinberg</surname></persName>
		</author>
	</analytic>
	<monogr>
		<title level="m">Proceedings of LREC</title>
		<meeting>LREC</meeting>
		<imprint>
			<date type="published" when="2002" />
		</imprint>
	</monogr>
</biblStruct>

<biblStruct >
	<analytic>
		<title level="a" type="main">Sense discrimination with parallel corpora</title>
		<author>
			<persName xmlns="http://www.tei-c.org/ns/1.0"><forename type="first">Nancy</forename><surname>Ide</surname></persName>
		</author>
		<author>
			<persName xmlns="http://www.tei-c.org/ns/1.0"><forename type="first">Tomaz</forename><surname>Erjavec</surname></persName>
		</author>
		<author>
			<persName xmlns="http://www.tei-c.org/ns/1.0"><forename type="first">Dan</forename><surname>Tufis</surname></persName>
		</author>
	</analytic>
	<monogr>
		<title level="m">Proceedings of the SIGLEX/SENSEVAL Workshop on Word Sense Disambiguation</title>
		<meeting>the SIGLEX/SENSEVAL Workshop on Word Sense Disambiguation</meeting>
		<imprint>
			<date type="published" when="2002" />
			<biblScope unit="page" from="54" to="60" />
		</imprint>
	</monogr>
</biblStruct>

<biblStruct >
	<analytic>
		<title level="a" type="main">A maximum entropy word aligner for arabic-english machine translation</title>
		<author>
			<persName xmlns="http://www.tei-c.org/ns/1.0"><forename type="first">Abe</forename><surname>Ittycheriah</surname></persName>
		</author>
		<author>
			<persName xmlns="http://www.tei-c.org/ns/1.0"><forename type="first">Salim</forename><surname>Roukos</surname></persName>
		</author>
	</analytic>
	<monogr>
		<title level="m">Proceedings of HLT/EMNLP&apos;05</title>
		<meeting>HLT/EMNLP&apos;05</meeting>
		<imprint>
			<date type="published" when="2005" />
			<biblScope unit="page" from="89" to="96" />
		</imprint>
	</monogr>
</biblStruct>

<biblStruct >
	<analytic>
		<title level="a" type="main">Weakly supervised named entity transliteration and discovery from multilingual comparable corpora</title>
		<author>
			<persName xmlns="http://www.tei-c.org/ns/1.0"><forename type="first">Alexandre</forename><surname>Klementiev</surname></persName>
		</author>
		<author>
			<persName xmlns="http://www.tei-c.org/ns/1.0"><forename type="first">Dan</forename><surname>Roth</surname></persName>
		</author>
	</analytic>
	<monogr>
		<title level="m">Proceedings of ACL&apos;06</title>
		<meeting>ACL&apos;06<address><addrLine>Sydney, Australia</addrLine></address></meeting>
		<imprint>
			<publisher>Association for Computational Linguistics</publisher>
			<date type="published" when="2006" />
			<biblScope unit="page" from="817" to="824" />
		</imprint>
	</monogr>
</biblStruct>

<biblStruct >
	<analytic>
		<title level="a" type="main">Language model based Arabic word segmentation</title>
		<author>
			<persName xmlns="http://www.tei-c.org/ns/1.0"><forename type="first">Young-Suk</forename><surname>Lee</surname></persName>
		</author>
		<author>
			<persName xmlns="http://www.tei-c.org/ns/1.0"><forename type="first">Kishore</forename><surname>Papineni</surname></persName>
		</author>
		<author>
			<persName xmlns="http://www.tei-c.org/ns/1.0"><forename type="first">Salim</forename><surname>Roukos</surname></persName>
		</author>
		<author>
			<persName xmlns="http://www.tei-c.org/ns/1.0"><forename type="first">Ossama</forename><surname>Emam</surname></persName>
		</author>
		<author>
			<persName xmlns="http://www.tei-c.org/ns/1.0"><forename type="first">Hany</forename><surname>Hassan</surname></persName>
		</author>
	</analytic>
	<monogr>
		<title level="m">Proc. of the ACL&apos;03</title>
		<meeting>of the ACL&apos;03</meeting>
		<imprint>
			<date type="published" when="2003" />
			<biblScope unit="page" from="399" to="406" />
		</imprint>
	</monogr>
</biblStruct>

<biblStruct >
	<analytic>
		<title level="a" type="main">Exploiting parallel texts for word sense disambiguation: An empirical study</title>
		<author>
			<persName xmlns="http://www.tei-c.org/ns/1.0"><forename type="first">Bin</forename><surname>Hwee Tou Ng</surname></persName>
		</author>
		<author>
			<persName xmlns="http://www.tei-c.org/ns/1.0"><forename type="first">Yee Seng</forename><surname>Wang</surname></persName>
		</author>
		<author>
			<persName xmlns="http://www.tei-c.org/ns/1.0"><surname>Chan</surname></persName>
		</author>
	</analytic>
	<monogr>
		<title level="m">Proceedings of ACL&apos;03</title>
		<meeting>ACL&apos;03</meeting>
		<imprint>
			<date type="published" when="2003" />
			<biblScope unit="page" from="455" to="462" />
		</imprint>
	</monogr>
</biblStruct>

<biblStruct >
	<monogr>
		<title level="m" type="main">Computer-Intensive Methods for Testing Hypotheses</title>
		<author>
			<persName xmlns="http://www.tei-c.org/ns/1.0"><forename type="first">Eric</forename><forename type="middle">W</forename><surname>Noreen</surname></persName>
		</author>
		<imprint>
			<date type="published" when="1989" />
			<publisher>John Wiley Sons</publisher>
		</imprint>
	</monogr>
</biblStruct>

<biblStruct >
	<analytic>
		<title level="a" type="main">Text chunking using transformation-based learning</title>
		<author>
			<persName xmlns="http://www.tei-c.org/ns/1.0"><forename type="first">Lance</forename><surname>Ramshaw</surname></persName>
		</author>
		<author>
			<persName xmlns="http://www.tei-c.org/ns/1.0"><forename type="first">Mitchell</forename><surname>Marcus</surname></persName>
		</author>
	</analytic>
	<monogr>
		<title level="m">Natural Language Processing Using Very Large Corpora</title>
		<editor>S. Armstrong, K.W. Church, P. Isabelle, S. Manzi, E. Tzoukermann, and D. Yarowsky</editor>
		<imprint>
			<publisher>Kluwer</publisher>
			<date type="published" when="1999" />
			<biblScope unit="page" from="157" to="176" />
		</imprint>
	</monogr>
</biblStruct>

<biblStruct >
	<analytic>
		<title level="a" type="main">Unsupervised learning of arabic stemming using a parallel corpus</title>
		<author>
			<persName xmlns="http://www.tei-c.org/ns/1.0"><forename type="first">Monica</forename><surname>Rogati</surname></persName>
		</author>
		<author>
			<persName xmlns="http://www.tei-c.org/ns/1.0"><forename type="first">Scott</forename><surname>Mccarley</surname></persName>
		</author>
		<author>
			<persName xmlns="http://www.tei-c.org/ns/1.0"><forename type="first">Yiming</forename><surname>Yang</surname></persName>
		</author>
	</analytic>
	<monogr>
		<title level="m">Proceedings of ACL&apos;03</title>
		<meeting>ACL&apos;03</meeting>
		<imprint>
			<date type="published" when="2003" />
			<biblScope unit="page" from="391" to="398" />
		</imprint>
	</monogr>
</biblStruct>

<biblStruct >
	<analytic>
		<title level="a" type="main">Introduction to the conll2002 shared task: Language-independent named entity recognition</title>
		<author>
			<persName xmlns="http://www.tei-c.org/ns/1.0"><forename type="middle">F</forename><surname>Eric</surname></persName>
		</author>
		<author>
			<persName xmlns="http://www.tei-c.org/ns/1.0"><surname>Tjong Kim</surname></persName>
		</author>
		<author>
			<persName xmlns="http://www.tei-c.org/ns/1.0"><surname>Sang</surname></persName>
		</author>
	</analytic>
	<monogr>
		<title level="m">Proceedings of CoNLL-2002</title>
		<meeting>CoNLL-2002<address><addrLine>Taipei, Taiwan</addrLine></address></meeting>
		<imprint>
			<date type="published" when="2002" />
			<biblScope unit="page" from="155" to="158" />
		</imprint>
	</monogr>
</biblStruct>

<biblStruct >
	<analytic>
		<title level="a" type="main">Inducing multilingual text analysis tools via robust projection across aligned corpora</title>
		<author>
			<persName xmlns="http://www.tei-c.org/ns/1.0"><forename type="first">David</forename><surname>Yarowsky</surname></persName>
		</author>
		<author>
			<persName xmlns="http://www.tei-c.org/ns/1.0"><forename type="first">Grace</forename><surname>Ngai</surname></persName>
		</author>
		<author>
			<persName xmlns="http://www.tei-c.org/ns/1.0"><forename type="first">Richard</forename><surname>Wicentowski</surname></persName>
		</author>
	</analytic>
	<monogr>
		<title level="m">Proceedings of HLT&apos;01</title>
		<meeting>HLT&apos;01</meeting>
		<imprint>
			<date type="published" when="2001" />
			<biblScope unit="page" from="1" to="8" />
		</imprint>
	</monogr>
</biblStruct>

<biblStruct >
	<analytic>
		<title level="a" type="main">Mention detection crossing the language barrier</title>
		<author>
			<persName xmlns="http://www.tei-c.org/ns/1.0"><forename type="first">Imed</forename><surname>Zitouni</surname></persName>
		</author>
		<author>
			<persName xmlns="http://www.tei-c.org/ns/1.0"><forename type="first">Radu</forename><surname>Florian</surname></persName>
		</author>
	</analytic>
	<monogr>
		<title level="m">Proc. of the Conference on Empirical Methods in Natural Language Processing (EMNLP)</title>
		<meeting>of the Conference on Empirical Methods in Natural Language essing (EMNLP)<address><addrLine>Honolulu, Hawaii</addrLine></address></meeting>
		<imprint>
			<date type="published" when="2008-10" />
		</imprint>
	</monogr>
</biblStruct>

<biblStruct >
	<analytic>
		<title level="a" type="main">Cross-language information propagation for arabic mention detection</title>
		<author>
			<persName xmlns="http://www.tei-c.org/ns/1.0"><forename type="first">Imed</forename><surname>Zitouni</surname></persName>
		</author>
		<author>
			<persName xmlns="http://www.tei-c.org/ns/1.0"><forename type="first">Radu</forename><surname>Florian</surname></persName>
		</author>
	</analytic>
	<monogr>
		<title level="j">ACM Transactions on Asian Language Information Processing (TALIP)</title>
		<imprint>
			<biblScope unit="volume">8</biblScope>
			<biblScope unit="issue">4</biblScope>
			<biblScope unit="page" from="1" to="21" />
			<date type="published" when="2009" />
		</imprint>
	</monogr>
</biblStruct>

<biblStruct >
	<analytic>
		<title level="a" type="main">The impact of morphological stemming on arabic mention detection and coreference resolution</title>
		<author>
			<persName xmlns="http://www.tei-c.org/ns/1.0"><forename type="first">Imed</forename><surname>Zitouni</surname></persName>
		</author>
		<author>
			<persName xmlns="http://www.tei-c.org/ns/1.0"><forename type="first">Jeff</forename><surname>Sorensen</surname></persName>
		</author>
		<author>
			<persName xmlns="http://www.tei-c.org/ns/1.0"><forename type="first">Xiaoqiang</forename><surname>Luo</surname></persName>
		</author>
		<author>
			<persName xmlns="http://www.tei-c.org/ns/1.0"><forename type="first">Radu</forename><surname>Florian</surname></persName>
		</author>
	</analytic>
	<monogr>
		<title level="m">Proc. of the ACL Workshop on Computational Approaches to Semitic Languages</title>
		<meeting>of the ACL Workshop on Computational Approaches to Semitic Languages</meeting>
		<imprint>
			<date type="published" when="2005" />
			<biblScope unit="page" from="63" to="70" />
		</imprint>
	</monogr>
</biblStruct>

			</listBibl>
		</back>
	</text>
</TEI>
