<?xml version="1.0" ?>
<TEI xmlns="http://www.tei-c.org/ns/1.0" xmlns:xlink="http://www.w3.org/1999/xlink" 
 xmlns:mml="http://www.w3.org/1998/Math/MathML">
	<teiHeader>
		<fileDesc xml:id="f_457"/>
	</teiHeader>
	<text>
		<front/>
		<body/>
		<back>
			<listBibl>
<biblStruct >
	<monogr>
		<title level="m" type="main">Using bigrams in text categorization</title>
		<author>
			<persName xmlns="http://www.tei-c.org/ns/1.0"><forename type="first">R</forename><surname>Bekkerman</surname></persName>
		</author>
		<author>
			<persName xmlns="http://www.tei-c.org/ns/1.0"><forename type="first">J</forename><surname>Allan</surname></persName>
		</author>
		<idno>IR-408</idno>
		<imprint>
			<date type="published" when="2004" />
			<pubPlace>UMass Amherst</pubPlace>
		</imprint>
		<respStmt>
			<orgName>Center of Intelligent Information Retrieval</orgName>
		</respStmt>
	</monogr>
<note type="report_type">Technical Report</note>
</biblStruct>

<biblStruct >
	<analytic>
		<title level="a" type="main">Variational inference for adaptor grammars</title>
		<author>
			<persName xmlns="http://www.tei-c.org/ns/1.0"><forename type="first">S</forename><forename type="middle">B</forename><surname>Cohen</surname></persName>
		</author>
		<author>
			<persName xmlns="http://www.tei-c.org/ns/1.0"><forename type="first">D</forename><forename type="middle">M</forename><surname>Blei</surname></persName>
		</author>
		<author>
			<persName xmlns="http://www.tei-c.org/ns/1.0"><forename type="first">N</forename><forename type="middle">A</forename><surname>Smith</surname></persName>
		</author>
	</analytic>
	<monogr>
		<title level="m">Conference of the North American Chapter</title>
		<imprint>
			<publisher>Association for Computational Linguistics</publisher>
			<date type="published" when="2010" />
		</imprint>
	</monogr>
</biblStruct>

<biblStruct >
	<analytic>
		<title level="a" type="main">Framing: Toward Clarification of a Fractured Paradigm</title>
		<author>
			<persName xmlns="http://www.tei-c.org/ns/1.0"><forename type="first">R</forename><forename type="middle">M</forename><surname>Entman</surname></persName>
		</author>
	</analytic>
	<monogr>
		<title level="j">The Journal of Communication</title>
		<imprint>
			<biblScope unit="volume">43</biblScope>
			<biblScope unit="issue">4</biblScope>
			<biblScope unit="page" from="51" to="58" />
			<date type="published" when="1993" />
		</imprint>
	</monogr>
</biblStruct>

<biblStruct >
	<analytic>
		<title level="a" type="main">More than words: Syntactic packaging and implicit sentiment</title>
		<author>
			<persName xmlns="http://www.tei-c.org/ns/1.0"><forename type="first">Stephan</forename><surname>Greene</surname></persName>
		</author>
		<author>
			<persName xmlns="http://www.tei-c.org/ns/1.0"><forename type="first">Philip</forename><surname>Resnik</surname></persName>
		</author>
	</analytic>
	<monogr>
		<title level="m">Conference of the North American Chapter of the Association for Computational Linguistics</title>
		<imprint>
			<date type="published" when="2009" />
			<biblScope unit="page" from="503" to="511" />
		</imprint>
	</monogr>
</biblStruct>

<biblStruct >
	<analytic>
		<title level="a" type="main">Unsupervised coreference resolution in a nonparametric bayesian model</title>
		<author>
			<persName xmlns="http://www.tei-c.org/ns/1.0"><forename type="first">Aria</forename><surname>Haghighi</surname></persName>
		</author>
		<author>
			<persName xmlns="http://www.tei-c.org/ns/1.0"><forename type="first">Dan</forename><surname>Klein</surname></persName>
		</author>
	</analytic>
	<monogr>
		<title level="m">Proceedings of the 45th Annual Meeting of the Association of Computational Linguistics</title>
		<meeting>the 45th Annual Meeting of the Association of Computational Linguistics<address><addrLine>Prague, Czech Republic</addrLine></address></meeting>
		<imprint>
			<date type="published" when="2007-06" />
			<biblScope unit="page" from="848" to="855" />
		</imprint>
	</monogr>
</biblStruct>

<biblStruct >
	<analytic>
		<title level="a" type="main">Improving nonparameteric bayesian inference: experiments on unsupervised word segmentation with adaptor grammars</title>
		<author>
			<persName xmlns="http://www.tei-c.org/ns/1.0"><forename type="first">Mark</forename><surname>Johnson</surname></persName>
		</author>
		<author>
			<persName xmlns="http://www.tei-c.org/ns/1.0"><forename type="first">Sharon</forename><surname>Goldwater</surname></persName>
		</author>
	</analytic>
	<monogr>
		<title level="m">Conference of the North American Chapter of the Association for Computational Linguistics</title>
		<meeting><address><addrLine>Boulder, Colorado</addrLine></address></meeting>
		<imprint>
			<date type="published" when="2009-06" />
			<biblScope unit="page" from="317" to="325" />
		</imprint>
	</monogr>
</biblStruct>

<biblStruct >
	<analytic>
		<title level="a" type="main">Adaptor grammars: A framework for specifying compositional nonparametric Bayesian models</title>
		<author>
			<persName xmlns="http://www.tei-c.org/ns/1.0"><forename type="first">Mark</forename><surname>Johnson</surname></persName>
		</author>
		<author>
			<persName xmlns="http://www.tei-c.org/ns/1.0"><forename type="first">Thomas</forename><forename type="middle">L</forename><surname>Griffiths</surname></persName>
		</author>
		<author>
			<persName xmlns="http://www.tei-c.org/ns/1.0"><forename type="first">Sharon</forename><surname>Goldwater</surname></persName>
		</author>
	</analytic>
	<monogr>
		<title level="m">Proceedings of Advances in Neural Information Processing Systems</title>
		<meeting>Advances in Neural Information Processing Systems</meeting>
		<imprint>
			<date type="published" when="2006" />
		</imprint>
	</monogr>
</biblStruct>

<biblStruct >
	<analytic>
		<title level="a" type="main">Using adaptor grammars to identify synergies in the unsupervised acquisition of linguistic structure</title>
		<author>
			<persName xmlns="http://www.tei-c.org/ns/1.0"><forename type="first">Mark</forename><surname>Johnson</surname></persName>
		</author>
	</analytic>
	<monogr>
		<title level="m">Proceedings of ACL-08: HLT</title>
		<meeting>ACL-08: HLT<address><addrLine>Columbus, Ohio</addrLine></address></meeting>
		<imprint>
			<date type="published" when="2008-06" />
			<biblScope unit="page" from="398" to="406" />
		</imprint>
	</monogr>
</biblStruct>

<biblStruct >
	<analytic>
		<title level="a" type="main">PCFGs, topic models, adaptor grammars and learning topical collocations and the structure of proper names</title>
		<author>
			<persName xmlns="http://www.tei-c.org/ns/1.0"><forename type="first">Mark</forename><surname>Johnson</surname></persName>
		</author>
	</analytic>
	<monogr>
		<title level="m">Proceedings of the Association for Computational Linguistics</title>
		<meeting>the Association for Computational Linguistics<address><addrLine>Uppsala, Sweden</addrLine></address></meeting>
		<imprint>
			<date type="published" when="2010-07" />
			<biblScope unit="page" from="1148" to="1157" />
		</imprint>
	</monogr>
</biblStruct>

<biblStruct >
	<analytic>
		<title level="a" type="main">Extracting policy positions from political texts using words as data</title>
		<author>
			<persName xmlns="http://www.tei-c.org/ns/1.0"><forename type="first">Michael</forename><surname>Laver</surname></persName>
		</author>
		<author>
			<persName xmlns="http://www.tei-c.org/ns/1.0"><forename type="first">Kenneth</forename><surname>Benoit</surname></persName>
		</author>
		<author>
			<persName xmlns="http://www.tei-c.org/ns/1.0"><forename type="first">John</forename><surname>Garry</surname></persName>
		</author>
	</analytic>
	<monogr>
		<title level="j">American Political Science Review</title>
		<imprint>
			<biblScope unit="page" from="311" to="331" />
			<date type="published" when="2003" />
		</imprint>
	</monogr>
</biblStruct>

<biblStruct >
	<analytic>
		<title level="a" type="main">Naive (bayes) at forty: The independence assumption in information retrieval</title>
		<author>
			<persName xmlns="http://www.tei-c.org/ns/1.0"><forename type="first">D</forename><surname>David</surname></persName>
		</author>
		<author>
			<persName xmlns="http://www.tei-c.org/ns/1.0"><surname>Lewis</surname></persName>
		</author>
	</analytic>
	<monogr>
		<title level="m">Proceedings of ECML-98, 10th European Conference on Machine Learning, number 1398</title>
		<editor>Claire Nédellec and Céline Rouveirol</editor>
		<meeting>ECML-98, 10th European Conference on Machine Learning, number 1398<address><addrLine>Chemnitz, DE; Heidelberg, DE</addrLine></address></meeting>
		<imprint>
			<publisher>Springer Verlag</publisher>
			<date type="published" when="1998" />
			<biblScope unit="page" from="4" to="15" />
		</imprint>
	</monogr>
</biblStruct>

<biblStruct >
	<analytic>
		<title level="a" type="main">The infinite PCFG using hierarchical Dirichlet processes</title>
		<author>
			<persName xmlns="http://www.tei-c.org/ns/1.0"><forename type="first">Percy</forename><surname>Liang</surname></persName>
		</author>
		<author>
			<persName xmlns="http://www.tei-c.org/ns/1.0"><forename type="first">Slav</forename><surname>Petrov</surname></persName>
		</author>
		<author>
			<persName xmlns="http://www.tei-c.org/ns/1.0"><forename type="first">Michael</forename><surname>Jordan</surname></persName>
		</author>
		<author>
			<persName xmlns="http://www.tei-c.org/ns/1.0"><forename type="first">Dan</forename><surname>Klein</surname></persName>
		</author>
	</analytic>
	<monogr>
		<title level="m">Proceedings of Emperical Methods in Natural Language Processing</title>
		<meeting>Emperical Methods in Natural Language Processing</meeting>
		<imprint>
			<date type="published" when="2007" />
			<biblScope unit="page" from="688" to="697" />
		</imprint>
	</monogr>
</biblStruct>

<biblStruct >
	<analytic>
		<title level="a" type="main">Which side are you on? Identifying perspectives at the document and sentence levels</title>
		<author>
			<persName xmlns="http://www.tei-c.org/ns/1.0"><forename type="first">Wei-Hao</forename><surname>Lin</surname></persName>
		</author>
		<author>
			<persName xmlns="http://www.tei-c.org/ns/1.0"><forename type="first">Theresa</forename><surname>Wilson</surname></persName>
		</author>
		<author>
			<persName xmlns="http://www.tei-c.org/ns/1.0"><forename type="first">Janyce</forename><surname>Wiebe</surname></persName>
		</author>
		<author>
			<persName xmlns="http://www.tei-c.org/ns/1.0"><forename type="first">Alexander</forename><surname>Hauptmann</surname></persName>
		</author>
	</analytic>
	<monogr>
		<title level="m">Proceedings of the Conference on Natural Language Learning (CoNLL)</title>
		<meeting>the Conference on Natural Language Learning (CoNLL)</meeting>
		<imprint>
			<date type="published" when="2006" />
		</imprint>
	</monogr>
</biblStruct>

<biblStruct >
	<analytic>
		<title level="a" type="main">Naive bayes models for probability estimation</title>
		<author>
			<persName xmlns="http://www.tei-c.org/ns/1.0"><forename type="first">Daniel</forename><surname>Lowd</surname></persName>
		</author>
		<author>
			<persName xmlns="http://www.tei-c.org/ns/1.0"><forename type="first">Pedro</forename><surname>Domingos</surname></persName>
		</author>
	</analytic>
	<monogr>
		<title level="m">ICML &apos;05: Proceedings of the 22nd international conference on Machine learning</title>
		<meeting><address><addrLine>New York, NY, USA</addrLine></address></meeting>
		<imprint>
			<publisher>ACM</publisher>
			<date type="published" when="2005" />
			<biblScope unit="page" from="529" to="536" />
		</imprint>
	</monogr>
</biblStruct>

<biblStruct >
	<analytic>
		<title level="a" type="main">Fightin&apos; Words: Lexical Feature Selection and Evaluation for Identifying the Content of Political Conflict</title>
		<author>
			<persName xmlns="http://www.tei-c.org/ns/1.0"><forename type="first">Burt</forename><forename type="middle">L</forename><surname>Monroe</surname></persName>
		</author>
		<author>
			<persName xmlns="http://www.tei-c.org/ns/1.0"><forename type="first">Michael</forename><forename type="middle">P</forename><surname>Colaresi</surname></persName>
		</author>
		<author>
			<persName xmlns="http://www.tei-c.org/ns/1.0"><forename type="first">Kevin</forename><forename type="middle">M</forename><surname>Quinn</surname></persName>
		</author>
	</analytic>
	<monogr>
		<title level="j">Political Analysis</title>
		<imprint>
			<biblScope unit="volume">16</biblScope>
			<biblScope unit="page" from="372" to="403" />
			<date type="published" when="2008" />
		</imprint>
	</monogr>
</biblStruct>

<biblStruct >
	<analytic>
		<title level="a" type="main">A preliminary investigation into sentiment analysis of informal political discourse</title>
		<author>
			<persName xmlns="http://www.tei-c.org/ns/1.0"><forename type="first">Tony</forename><surname>Mullen</surname></persName>
		</author>
		<author>
			<persName xmlns="http://www.tei-c.org/ns/1.0"><forename type="first">Robert</forename><surname>Malouf</surname></persName>
		</author>
	</analytic>
	<monogr>
		<title level="m">AAAI Symposium on Computational Approaches to Analysing Weblogs (AAAI-CAAW)</title>
		<imprint>
			<date type="published" when="2006" />
			<biblScope unit="page" from="159" to="162" />
		</imprint>
	</monogr>
</biblStruct>

<biblStruct >
	<analytic>
		<title level="a" type="main">Bayesian nonparametric models</title>
		<author>
			<persName xmlns="http://www.tei-c.org/ns/1.0"><forename type="first">P</forename><surname>Orbanz</surname></persName>
		</author>
		<author>
			<persName xmlns="http://www.tei-c.org/ns/1.0"><forename type="first">Y</forename><forename type="middle">W</forename><surname>Teh</surname></persName>
		</author>
	</analytic>
	<monogr>
		<title level="m">Encyclopedia of Machine Learning</title>
		<imprint>
			<publisher>Springer</publisher>
			<date type="published" when="2010" />
		</imprint>
	</monogr>
</biblStruct>

<biblStruct >
	<analytic>
		<title level="a" type="main">The two-parameter PoissonDirichlet distribution derived from a stable subordinator</title>
		<author>
			<persName xmlns="http://www.tei-c.org/ns/1.0"><forename type="first">J</forename><surname>Pitman</surname></persName>
		</author>
		<author>
			<persName xmlns="http://www.tei-c.org/ns/1.0"><forename type="first">M</forename><surname>Yor</surname></persName>
		</author>
	</analytic>
	<monogr>
		<title level="j">Annals of Probability</title>
		<imprint>
			<biblScope unit="volume">25</biblScope>
			<biblScope unit="issue">2</biblScope>
			<biblScope unit="page" from="855" to="900" />
			<date type="published" when="1997" />
		</imprint>
	</monogr>
</biblStruct>

<biblStruct >
	<analytic>
		<title level="a" type="main">Second order features for maximising text classification performance</title>
		<author>
			<persName xmlns="http://www.tei-c.org/ns/1.0"><forename type="first">Bhavani</forename><surname>Raskutti</surname></persName>
		</author>
		<author>
			<persName xmlns="http://www.tei-c.org/ns/1.0"><forename type="first">Herman</forename><forename type="middle">L</forename><surname>Ferrá</surname></persName>
		</author>
		<author>
			<persName xmlns="http://www.tei-c.org/ns/1.0"><forename type="first">Adam</forename><surname>Kowalczyk</surname></persName>
		</author>
	</analytic>
	<monogr>
		<title level="m">EMCL &apos;01: Proceedings of the 12th European Conference on Machine Learning</title>
		<meeting><address><addrLine>London, UK</addrLine></address></meeting>
		<imprint>
			<publisher>Springer-Verlag</publisher>
			<date type="published" when="2001" />
			<biblScope unit="page" from="419" to="430" />
		</imprint>
	</monogr>
</biblStruct>

<biblStruct >
	<analytic>
		<title level="a" type="main">Yuan-Fang Wang, and Chan-Do Lee. 2002. The use of bigrams to enhance text categorization</title>
		<author>
			<persName xmlns="http://www.tei-c.org/ns/1.0"><forename type="first">Philip</forename><surname>Resnik</surname></persName>
		</author>
		<author>
			<persName xmlns="http://www.tei-c.org/ns/1.0"><forename type="first">Eric</forename><surname>Hardisty</surname></persName>
		</author>
		<ptr target="http://www.lib.umd.edu/drum/handle/1903/10058.Chade-MengTan" />
	</analytic>
	<monogr>
		<title level="j">Inf. Process. Manage</title>
		<imprint>
			<biblScope unit="volume">38</biblScope>
			<biblScope unit="issue">4</biblScope>
			<biblScope unit="page" from="529" to="546" />
			<date type="published" when="2010" />
		</imprint>
		<respStmt>
			<orgName>University of Maryland</orgName>
		</respStmt>
	</monogr>
<note type="report_type">Technical Report UMIACS-TR-2010-04</note>
	<note>Gibbs sampling for the uninitiated</note>
</biblStruct>

<biblStruct >
	<analytic>
		<title level="a" type="main">Hierarchical Dirichlet processes</title>
		<author>
			<persName xmlns="http://www.tei-c.org/ns/1.0"><forename type="first">Yee Whye</forename><surname>Teh</surname></persName>
		</author>
		<author>
			<persName xmlns="http://www.tei-c.org/ns/1.0"><forename type="first">Michael</forename><forename type="middle">I</forename><surname>Jordan</surname></persName>
		</author>
		<author>
			<persName xmlns="http://www.tei-c.org/ns/1.0"><forename type="first">Matthew</forename><forename type="middle">J</forename><surname>Beal</surname></persName>
		</author>
		<author>
			<persName xmlns="http://www.tei-c.org/ns/1.0"><forename type="first">David</forename><forename type="middle">M</forename><surname>Blei</surname></persName>
		</author>
	</analytic>
	<monogr>
		<title level="j">Journal of the American Statistical Association</title>
		<imprint>
			<biblScope unit="volume">101</biblScope>
			<biblScope unit="issue">476</biblScope>
			<biblScope unit="page" from="1566" to="1581" />
			<date type="published" when="2006" />
		</imprint>
	</monogr>
</biblStruct>

<biblStruct >
	<analytic>
		<title level="a" type="main">Classifying party affiliation from political speech</title>
		<author>
			<persName xmlns="http://www.tei-c.org/ns/1.0"><forename type="first">B</forename><surname>Yu</surname></persName>
		</author>
		<author>
			<persName xmlns="http://www.tei-c.org/ns/1.0"><forename type="first">S</forename><surname>Kaufmann</surname></persName>
		</author>
		<author>
			<persName xmlns="http://www.tei-c.org/ns/1.0"><forename type="first">D</forename><surname>Diermeier</surname></persName>
		</author>
	</analytic>
	<monogr>
		<title level="j">Journal of Information Technology and Politics</title>
		<imprint>
			<biblScope unit="volume">5</biblScope>
			<biblScope unit="issue">1</biblScope>
			<biblScope unit="page" from="33" to="48" />
			<date type="published" when="2008" />
		</imprint>
	</monogr>
</biblStruct>

			</listBibl>
		</back>
	</text>
</TEI>
