<?xml version="1.0" ?>
<TEI xmlns="http://www.tei-c.org/ns/1.0" xmlns:xlink="http://www.w3.org/1999/xlink" 
 xmlns:mml="http://www.w3.org/1998/Math/MathML">
	<teiHeader>
		<fileDesc xml:id="f_468"/>
	</teiHeader>
	<text>
		<front/>
		<body/>
		<back>
			<listBibl>
<biblStruct >
	<analytic>
		<title level="a" type="main">Combining symbolic and distributional models of meaning</title>
		<author>
			<persName xmlns="http://www.tei-c.org/ns/1.0"><forename type="first">S</forename><surname>Clark</surname></persName>
		</author>
		<author>
			<persName xmlns="http://www.tei-c.org/ns/1.0"><forename type="first">S</forename><surname>Pulman</surname></persName>
		</author>
	</analytic>
	<monogr>
		<title level="m">Proceedings of the First Symposium on Quantum Interaction</title>
		<meeting>the First Symposium on Quantum Interaction</meeting>
		<imprint>
			<date type="published" when="2007" />
			<biblScope unit="page" from="52" to="55" />
		</imprint>
	</monogr>
</biblStruct>

<biblStruct >
	<monogr>
		<title level="m" type="main">An Introduction to the Bootstrap</title>
		<author>
			<persName xmlns="http://www.tei-c.org/ns/1.0"><forename type="first">B</forename><surname>Efron</surname></persName>
		</author>
		<author>
			<persName xmlns="http://www.tei-c.org/ns/1.0"><forename type="first">R</forename><surname>Tibshirani</surname></persName>
		</author>
		<imprint>
			<date type="published" when="1994" />
			<publisher>Chapman and Hall</publisher>
			<pubPlace>Boca Raton, FL</pubPlace>
		</imprint>
	</monogr>
</biblStruct>

<biblStruct >
	<analytic>
		<title level="a" type="main">A structured vector space model for word meaning in context</title>
		<author>
			<persName xmlns="http://www.tei-c.org/ns/1.0"><forename type="first">K</forename><surname>Erk</surname></persName>
		</author>
		<author>
			<persName xmlns="http://www.tei-c.org/ns/1.0"><forename type="first">S</forename><surname>Padó</surname></persName>
		</author>
	</analytic>
	<monogr>
		<title level="m">Proceedings of EMNLP</title>
		<meeting>EMNLP</meeting>
		<imprint>
			<date type="published" when="2008" />
			<biblScope unit="page" from="897" to="906" />
		</imprint>
	</monogr>
</biblStruct>

<biblStruct >
	<analytic>
		<title level="a" type="main">Paraphrase assessment in structured vector space: Exploring parameters and datasets</title>
		<author>
			<persName xmlns="http://www.tei-c.org/ns/1.0"><forename type="first">K</forename><surname>Erk</surname></persName>
		</author>
		<author>
			<persName xmlns="http://www.tei-c.org/ns/1.0"><forename type="first">S</forename><surname>Padó</surname></persName>
		</author>
	</analytic>
	<monogr>
		<title level="m">Proceedings of the EACL GEMS Workshop</title>
		<meeting>the EACL GEMS Workshop</meeting>
		<imprint>
			<date type="published" when="2009" />
			<biblScope unit="page" from="57" to="65" />
		</imprint>
	</monogr>
</biblStruct>

<biblStruct >
	<monogr>
				<author>
			<persName xmlns="http://www.tei-c.org/ns/1.0"><forename type="first">S</forename><surname>Evert</surname></persName>
		</author>
		<title level="m">The Statistics of Word Cooccurrences. Dissertation</title>
		<imprint>
			<date type="published" when="2005" />
		</imprint>
		<respStmt>
			<orgName>Stuttgart University</orgName>
		</respStmt>
	</monogr>
</biblStruct>

<biblStruct >
	<analytic>
		<title level="a" type="main">The measurement of textual coherence with Latent Semantic Analysis</title>
		<author>
			<persName xmlns="http://www.tei-c.org/ns/1.0"><forename type="first">P</forename><surname>Foltz</surname></persName>
		</author>
		<author>
			<persName xmlns="http://www.tei-c.org/ns/1.0"><forename type="first">W</forename><surname>Kintsch</surname></persName>
		</author>
		<author>
			<persName xmlns="http://www.tei-c.org/ns/1.0"><forename type="first">Th</forename><surname>Landauer</surname></persName>
		</author>
	</analytic>
	<monogr>
		<title level="m">Discourse Processes</title>
		<imprint>
			<date type="published" when="1998" />
			<biblScope unit="volume">25</biblScope>
			<biblScope unit="page" from="285" to="307" />
		</imprint>
	</monogr>
</biblStruct>

<biblStruct >
	<analytic>
		<title level="a" type="main">Zeitschrift fuer Philosophie un philosophische Kritik, 100. E. Guevara. 2010. A regression model of adjective-noun compositionality in distributional semantics</title>
		<author>
			<persName xmlns="http://www.tei-c.org/ns/1.0"><forename type="first">G</forename><surname>Frege</surname></persName>
		</author>
	</analytic>
	<monogr>
		<title level="m">Proceedings of the ACL GEMS Workshop</title>
		<meeting>the ACL GEMS Workshop</meeting>
		<imprint>
			<biblScope unit="page" from="33" to="37" />
		</imprint>
	</monogr>
	<note>1892. ¨ Uber sinn und bedeutung</note>
</biblStruct>

<biblStruct >
	<monogr>
				<author>
			<persName xmlns="http://www.tei-c.org/ns/1.0"><forename type="first">T</forename><surname>Hastie</surname></persName>
		</author>
		<author>
			<persName xmlns="http://www.tei-c.org/ns/1.0"><forename type="first">R</forename><surname>Tibshirani</surname></persName>
		</author>
		<author>
			<persName xmlns="http://www.tei-c.org/ns/1.0"><forename type="first">J</forename><surname>Friedman</surname></persName>
		</author>
		<title level="m">The Elements of Statistical Learning</title>
		<meeting><address><addrLine>New York</addrLine></address></meeting>
		<imprint>
			<publisher>Springer</publisher>
			<date type="published" when="2009" />
		</imprint>
	</monogr>
	<note>2nd ed</note>
</biblStruct>

<biblStruct >
	<analytic>
		<title level="a" type="main">Representing word meaning and order information in a composite holographic lexicon</title>
		<author>
			<persName xmlns="http://www.tei-c.org/ns/1.0"><forename type="first">M</forename><surname>Jones</surname></persName>
		</author>
		<author>
			<persName xmlns="http://www.tei-c.org/ns/1.0"><forename type="first">D</forename><surname>Mewhort</surname></persName>
		</author>
	</analytic>
	<monogr>
		<title level="j">Psychological Review</title>
		<imprint>
			<biblScope unit="volume">114</biblScope>
			<biblScope unit="page" from="1" to="37" />
			<date type="published" when="2007" />
		</imprint>
	</monogr>
</biblStruct>

<biblStruct >
	<analytic>
		<title level="a" type="main">Two theories about adjectives</title>
		<author>
			<persName xmlns="http://www.tei-c.org/ns/1.0"><forename type="first">H</forename><surname>Kamp</surname></persName>
		</author>
	</analytic>
	<monogr>
		<title level="m">Formal Semantics of Natural Language</title>
		<editor>E. Keenan</editor>
		<imprint>
			<publisher>Cambridge University Press</publisher>
			<date type="published" when="1975" />
			<biblScope unit="page" from="123" to="155" />
		</imprint>
	</monogr>
</biblStruct>

<biblStruct >
	<monogr>
		<title level="m" type="main">CLUTO: A clustering toolkit</title>
		<author>
			<persName xmlns="http://www.tei-c.org/ns/1.0"><forename type="first">G</forename><surname>Karypis</surname></persName>
		</author>
		<idno>02-017</idno>
		<imprint>
			<date type="published" when="2003" />
		</imprint>
		<respStmt>
			<orgName>University of Minnesota Department of Computer Science</orgName>
		</respStmt>
	</monogr>
<note type="report_type">Technical Report</note>
</biblStruct>

<biblStruct >
	<analytic>
		<title/>
		<author>
			<persName xmlns="http://www.tei-c.org/ns/1.0"><forename type="first">W</forename><surname>Kintsch</surname></persName>
		</author>
	</analytic>
	<monogr>
		<title level="j">Predication. Cognitive Science</title>
		<imprint>
			<biblScope unit="volume">25</biblScope>
			<biblScope unit="issue">2</biblScope>
			<biblScope unit="page" from="173" to="202" />
			<date type="published" when="2001" />
		</imprint>
	</monogr>
</biblStruct>

<biblStruct >
	<analytic>
		<title level="a" type="main">A solution to Plato&apos;s problem: The Latent Semantic Analysis theory of acquisition, induction, and representation of knowledge</title>
		<author>
			<persName xmlns="http://www.tei-c.org/ns/1.0"><surname>Th</surname></persName>
		</author>
		<author>
			<persName xmlns="http://www.tei-c.org/ns/1.0"><forename type="first">S</forename><surname>Landauer</surname></persName>
		</author>
		<author>
			<persName xmlns="http://www.tei-c.org/ns/1.0"><surname>Dumais</surname></persName>
		</author>
	</analytic>
	<monogr>
		<title level="j">Psychological Review</title>
		<imprint>
			<biblScope unit="volume">104</biblScope>
			<biblScope unit="issue">2</biblScope>
			<biblScope unit="page" from="211" to="240" />
			<date type="published" when="1997" />
		</imprint>
	</monogr>
</biblStruct>

<biblStruct >
	<analytic>
		<title level="a" type="main">The pls package: Principal component and partial least squares regression in R</title>
		<author>
			<persName xmlns="http://www.tei-c.org/ns/1.0"><forename type="first">B</forename><surname>Mevik</surname></persName>
		</author>
		<author>
			<persName xmlns="http://www.tei-c.org/ns/1.0"><forename type="first">R</forename><surname>Wehrens</surname></persName>
		</author>
	</analytic>
	<monogr>
		<title level="j">Journal of Statistical Software</title>
		<imprint>
			<biblScope unit="volume">18</biblScope>
			<biblScope unit="issue">2</biblScope>
			<date type="published" when="2007" />
		</imprint>
	</monogr>
</biblStruct>

<biblStruct >
	<analytic>
		<title level="a" type="main">Vector-based models of semantic composition</title>
		<author>
			<persName xmlns="http://www.tei-c.org/ns/1.0"><forename type="first">J</forename><surname>Mitchell</surname></persName>
		</author>
		<author>
			<persName xmlns="http://www.tei-c.org/ns/1.0"><forename type="first">M</forename><surname>Lapata</surname></persName>
		</author>
	</analytic>
	<monogr>
		<title level="m">Proceedings of ACL</title>
		<meeting>ACL</meeting>
		<imprint>
			<date type="published" when="2008" />
			<biblScope unit="page" from="236" to="244" />
		</imprint>
	</monogr>
</biblStruct>

<biblStruct >
	<analytic>
		<title level="a" type="main">Language models based on semantic composition</title>
		<author>
			<persName xmlns="http://www.tei-c.org/ns/1.0"><forename type="first">J</forename><surname>Mitchell</surname></persName>
		</author>
		<author>
			<persName xmlns="http://www.tei-c.org/ns/1.0"><forename type="first">M</forename><surname>Lapata</surname></persName>
		</author>
	</analytic>
	<monogr>
		<title level="m">Proceedings of EMNLP</title>
		<meeting>EMNLP</meeting>
		<imprint>
			<date type="published" when="2009" />
			<biblScope unit="page" from="430" to="439" />
		</imprint>
	</monogr>
</biblStruct>

<biblStruct >
	<analytic>
		<title level="a" type="main">English as a formal language</title>
		<author>
			<persName xmlns="http://www.tei-c.org/ns/1.0"><forename type="first">R</forename><surname>Montague</surname></persName>
		</author>
	</analytic>
	<monogr>
		<title level="m">Linguaggi nella Società e nella Tecnica</title>
		<editor>B. Visentini</editor>
		<meeting><address><addrLine>Milan</addrLine></address></meeting>
		<imprint>
			<publisher>Edizioni di Comunità</publisher>
			<date type="published" when="1970" />
			<biblScope unit="page" from="189" to="224" />
		</imprint>
	</monogr>
	<note>Reprinted in Thomason</note>
</biblStruct>

<biblStruct >
	<analytic>
		<title level="a" type="main">Universal grammar</title>
		<author>
			<persName xmlns="http://www.tei-c.org/ns/1.0"><forename type="first">R</forename><surname>Montague</surname></persName>
		</author>
	</analytic>
	<monogr>
		<title level="j">Theoria</title>
		<imprint>
			<biblScope unit="volume">36</biblScope>
			<biblScope unit="page" from="373" to="398" />
			<date type="published" when="1970" />
		</imprint>
	</monogr>
	<note>Reprinted in Thomason</note>
</biblStruct>

<biblStruct >
	<analytic>
		<title level="a" type="main">The proper treatment of quantification in English</title>
		<author>
			<persName xmlns="http://www.tei-c.org/ns/1.0"><forename type="first">R</forename><surname>Montague</surname></persName>
		</author>
	</analytic>
	<monogr>
		<title level="m">Approaches to Natural Language</title>
		<editor>K.J.J. Hintikka</editor>
		<imprint>
			<date type="published" when="1973" />
			<biblScope unit="page" from="221" to="242" />
		</imprint>
	</monogr>
<note type="report_type">Reidel, Dordrecht</note>
	<note>Reprinted in Thomason</note>
</biblStruct>

<biblStruct >
	<analytic>
				<author>
			<persName xmlns="http://www.tei-c.org/ns/1.0"><forename type="first">B</forename><surname>Partee</surname></persName>
		</author>
	</analytic>
	<monogr>
		<title level="m">Compositionality in Formal Semantics: Selected Papers by</title>
		<meeting><address><addrLine>Barbara H. Partee. Blackwell, Oxford</addrLine></address></meeting>
		<imprint>
			<date type="published" when="2004" />
		</imprint>
	</monogr>
</biblStruct>

<biblStruct >
	<analytic>
		<title level="a" type="main">Word sense discovery based on sense descriptor dissimilarity</title>
		<author>
			<persName xmlns="http://www.tei-c.org/ns/1.0"><forename type="first">R</forename><surname>Rapp</surname></persName>
		</author>
	</analytic>
	<monogr>
		<title level="m">Proceedings of the MT Summit</title>
		<meeting>the MT Summit</meeting>
		<imprint>
			<date type="published" when="2003" />
			<biblScope unit="page" from="315" to="322" />
		</imprint>
	</monogr>
</biblStruct>

<biblStruct >
	<analytic>
		<title level="a" type="main">Contextual correlates of synonymy</title>
		<author>
			<persName xmlns="http://www.tei-c.org/ns/1.0"><forename type="first">H</forename><surname>Rubenstein</surname></persName>
		</author>
		<author>
			<persName xmlns="http://www.tei-c.org/ns/1.0"><forename type="first">J</forename><surname>Goodenough</surname></persName>
		</author>
	</analytic>
	<monogr>
		<title level="j">Communications of the ACM</title>
		<imprint>
			<biblScope unit="volume">8</biblScope>
			<biblScope unit="issue">10</biblScope>
			<biblScope unit="page" from="627" to="633" />
			<date type="published" when="1965" />
		</imprint>
	</monogr>
</biblStruct>

<biblStruct >
	<analytic>
		<title level="a" type="main">Compositional matrix-space models of language</title>
		<author>
			<persName xmlns="http://www.tei-c.org/ns/1.0"><forename type="first">S</forename><surname>Rudolph</surname></persName>
		</author>
		<author>
			<persName xmlns="http://www.tei-c.org/ns/1.0"><forename type="first">E</forename><surname>Giesbrecht</surname></persName>
		</author>
	</analytic>
	<monogr>
		<title level="m">Proceedings of ACL</title>
		<meeting>ACL</meeting>
		<imprint>
			<date type="published" when="2010" />
		</imprint>
	</monogr>
</biblStruct>

<biblStruct >
	<analytic>
		<title level="a" type="main">Permutations as a means to encode order in word space</title>
		<author>
			<persName xmlns="http://www.tei-c.org/ns/1.0"><forename type="first">M</forename><surname>Sahlgren</surname></persName>
		</author>
		<author>
			<persName xmlns="http://www.tei-c.org/ns/1.0"><forename type="first">A</forename><surname>Holst</surname></persName>
		</author>
		<author>
			<persName xmlns="http://www.tei-c.org/ns/1.0"><forename type="first">P</forename><surname>Kanerva</surname></persName>
		</author>
	</analytic>
	<monogr>
		<title level="m">Proceedings of CogSci</title>
		<meeting>CogSci</meeting>
		<imprint>
			<date type="published" when="2008" />
			<biblScope unit="page" from="1300" to="1305" />
		</imprint>
	</monogr>
</biblStruct>

<biblStruct >
	<monogr>
				<author>
			<persName xmlns="http://www.tei-c.org/ns/1.0"><forename type="first">M</forename><surname>Sahlgren</surname></persName>
		</author>
		<title level="m">The Word-Space Model. Dissertation</title>
		<meeting><address><addrLine>Stockholm University</addrLine></address></meeting>
		<imprint>
			<date type="published" when="2006" />
		</imprint>
	</monogr>
</biblStruct>

<biblStruct >
	<analytic>
		<title level="a" type="main">Improvements in part-of-speech tagging with an application to German</title>
		<author>
			<persName xmlns="http://www.tei-c.org/ns/1.0"><forename type="first">H</forename><surname>Schmid</surname></persName>
		</author>
	</analytic>
	<monogr>
		<title level="m">Proceedings of the EACL-SIGDAT Workshop</title>
		<meeting>the EACL-SIGDAT Workshop</meeting>
		<imprint>
			<date type="published" when="1995" />
		</imprint>
	</monogr>
</biblStruct>

<biblStruct >
	<analytic>
		<title level="a" type="main">Ambiguity Resolution in Natural Language Learning</title>
		<author>
			<persName xmlns="http://www.tei-c.org/ns/1.0"><forename type="first">H</forename><surname>Schütze</surname></persName>
		</author>
	</analytic>
	<monogr>
		<title level="j">CSLI</title>
		<imprint>
			<date type="published" when="1997" />
		</imprint>
	</monogr>
</biblStruct>

<biblStruct >
	<monogr>
		<title level="m" type="main">Capturing the Adjective</title>
		<author>
			<persName xmlns="http://www.tei-c.org/ns/1.0"><forename type="first">M</forename><surname>Siegel</surname></persName>
		</author>
		<imprint>
			<date type="published" when="1976" />
		</imprint>
		<respStmt>
			<orgName>University of Massachusetts at Amherst</orgName>
		</respStmt>
	</monogr>
<note type="report_type">Ph.D. thesis</note>
</biblStruct>

<biblStruct >
	<analytic>
		<title level="a" type="main">Tensor product variable binding and the representation of symbolic structures in connectionist networks</title>
		<author>
			<persName xmlns="http://www.tei-c.org/ns/1.0"><forename type="first">P</forename><surname>Smolensky</surname></persName>
		</author>
	</analytic>
	<monogr>
		<title level="j">Artificial Intelligence</title>
		<imprint>
			<biblScope unit="volume">46</biblScope>
			<biblScope unit="page" from="159" to="216" />
			<date type="published" when="1990" />
		</imprint>
	</monogr>
</biblStruct>

<biblStruct >
	<monogr>
		<title level="m" type="main">Formal Philosophy: Selected Papers of Richard Montague</title>
		<editor>R. H. Thomason</editor>
		<imprint>
			<date type="published" when="1974" />
			<publisher>Yale University Press</publisher>
			<pubPlace>New York</pubPlace>
		</imprint>
	</monogr>
</biblStruct>

<biblStruct >
	<analytic>
		<title level="a" type="main">From frequency to meaning: Vector space models of semantics</title>
		<author>
			<persName xmlns="http://www.tei-c.org/ns/1.0"><forename type="first">P</forename><surname>Turney</surname></persName>
		</author>
		<author>
			<persName xmlns="http://www.tei-c.org/ns/1.0"><forename type="first">P</forename><surname>Pantel</surname></persName>
		</author>
	</analytic>
	<monogr>
		<title level="j">Journal of Artificial Intelligence Research</title>
		<imprint>
			<biblScope unit="volume">37</biblScope>
			<biblScope unit="page" from="141" to="188" />
			<date type="published" when="2010" />
		</imprint>
	</monogr>
</biblStruct>

<biblStruct >
	<analytic>
		<title level="a" type="main">Semantic vector products: Some initial investigations</title>
		<author>
			<persName xmlns="http://www.tei-c.org/ns/1.0"><forename type="first">D</forename><surname>Widdows</surname></persName>
		</author>
	</analytic>
	<monogr>
		<title level="m">Proceedings of the Second Symposium on Quantum Interaction</title>
		<meeting>the Second Symposium on Quantum Interaction<address><addrLine>Oxford</addrLine></address></meeting>
		<imprint>
			<date type="published" when="2008" />
		</imprint>
	</monogr>
</biblStruct>

<biblStruct >
	<monogr>
		<title level="m" type="main">Criterion functions for document clustering: Experiments and analysis</title>
		<author>
			<persName xmlns="http://www.tei-c.org/ns/1.0"><forename type="first">Y</forename><surname>Zhao</surname></persName>
		</author>
		<author>
			<persName xmlns="http://www.tei-c.org/ns/1.0"><forename type="first">G</forename><surname>Karypis</surname></persName>
		</author>
		<idno>01-40</idno>
		<imprint>
			<date type="published" when="2003" />
		</imprint>
		<respStmt>
			<orgName>University of Minnesota Department of Computer Science</orgName>
		</respStmt>
	</monogr>
<note type="report_type">Technical Report</note>
</biblStruct>

			</listBibl>
		</back>
	</text>
</TEI>
