<?xml version="1.0" ?>
<TEI xmlns="http://www.tei-c.org/ns/1.0" xmlns:xlink="http://www.w3.org/1999/xlink" 
 xmlns:mml="http://www.w3.org/1998/Math/MathML">
	<teiHeader>
		<fileDesc xml:id="f_443"/>
	</teiHeader>
	<text>
		<front/>
		<body/>
		<back>
			<listBibl>
<biblStruct >
	<monogr>
		<title level="m" type="main">The Theory of Parsing, Translation, and Compiling</title>
		<author>
			<persName xmlns="http://www.tei-c.org/ns/1.0"><forename type="first">Alfred</forename><forename type="middle">V</forename><surname>Aho</surname></persName>
		</author>
		<author>
			<persName xmlns="http://www.tei-c.org/ns/1.0"><forename type="first">Jeffrey</forename><forename type="middle">D</forename><surname>Ullman</surname></persName>
		</author>
		<imprint>
			<date type="published" when="1972" />
			<publisher>Prentice Hall</publisher>
		</imprint>
	</monogr>
</biblStruct>

<biblStruct >
	<analytic>
		<title level="a" type="main">The paraphrase search assistant: terminological feedback for iterative information seeking</title>
		<author>
			<persName xmlns="http://www.tei-c.org/ns/1.0"><forename type="first">G</forename><surname>Peter</surname></persName>
		</author>
		<author>
			<persName xmlns="http://www.tei-c.org/ns/1.0"><forename type="first">Suresh</forename><surname>Anick</surname></persName>
		</author>
		<author>
			<persName xmlns="http://www.tei-c.org/ns/1.0"><surname>Tipirneni</surname></persName>
		</author>
	</analytic>
	<monogr>
		<title level="m">Proceedings of SIGIR</title>
		<meeting>SIGIR</meeting>
		<imprint>
			<date type="published" when="1999" />
		</imprint>
	</monogr>
</biblStruct>

<biblStruct >
	<analytic>
		<title level="a" type="main">Paraphrasing with bilingual parallel corpora</title>
		<author>
			<persName xmlns="http://www.tei-c.org/ns/1.0"><forename type="first">Colin</forename><surname>Bannard</surname></persName>
		</author>
		<author>
			<persName xmlns="http://www.tei-c.org/ns/1.0"><forename type="first">Chris</forename><surname>Callison-Burch</surname></persName>
		</author>
	</analytic>
	<monogr>
		<title level="m">Proceedings of ACL</title>
		<meeting>ACL</meeting>
		<imprint>
			<date type="published" when="2005" />
		</imprint>
	</monogr>
</biblStruct>

<biblStruct >
	<analytic>
		<title level="a" type="main">Sentence alignment for monolingual comparable corpora</title>
		<author>
			<persName xmlns="http://www.tei-c.org/ns/1.0"><forename type="first">Regina</forename><surname>Barzilay</surname></persName>
		</author>
		<author>
			<persName xmlns="http://www.tei-c.org/ns/1.0"><forename type="first">Noemie</forename><surname>Elhadad</surname></persName>
		</author>
	</analytic>
	<monogr>
		<title level="m">Proceedings of EMNLP</title>
		<meeting>EMNLP</meeting>
		<imprint>
			<date type="published" when="2003" />
		</imprint>
	</monogr>
</biblStruct>

<biblStruct >
	<analytic>
		<title level="a" type="main">Learning to paraphrase: An unsupervised approach using multiplesequence alignment</title>
		<author>
			<persName xmlns="http://www.tei-c.org/ns/1.0"><forename type="first">Regina</forename><surname>Barzilay</surname></persName>
		</author>
		<author>
			<persName xmlns="http://www.tei-c.org/ns/1.0"><forename type="first">Lillian</forename><surname>Lee</surname></persName>
		</author>
	</analytic>
	<monogr>
		<title level="m">Proceedings of HLT/NAACL</title>
		<meeting>HLT/NAACL</meeting>
		<imprint>
			<date type="published" when="2003" />
		</imprint>
	</monogr>
</biblStruct>

<biblStruct >
	<analytic>
		<title level="a" type="main">Extracting paraphrases from a parallel corpus</title>
		<author>
			<persName xmlns="http://www.tei-c.org/ns/1.0"><forename type="first">Regina</forename><surname>Barzilay</surname></persName>
		</author>
		<author>
			<persName xmlns="http://www.tei-c.org/ns/1.0"><forename type="first">Kathleen</forename><surname>Mckeown</surname></persName>
		</author>
	</analytic>
	<monogr>
		<title level="m">Proceedings of ACL</title>
		<meeting>ACL</meeting>
		<imprint>
			<date type="published" when="2001" />
		</imprint>
	</monogr>
</biblStruct>

<biblStruct >
	<analytic>
		<title level="a" type="main">Information fusion in the context of multi-document summarization</title>
		<author>
			<persName xmlns="http://www.tei-c.org/ns/1.0"><forename type="first">Regina</forename><surname>Barzilay</surname></persName>
		</author>
		<author>
			<persName xmlns="http://www.tei-c.org/ns/1.0"><forename type="first">Kathleen</forename><forename type="middle">R</forename><surname>Mckeown</surname></persName>
		</author>
		<author>
			<persName xmlns="http://www.tei-c.org/ns/1.0"><forename type="first">Michael</forename><surname>Elhadad</surname></persName>
		</author>
	</analytic>
	<monogr>
		<title level="m">Proceedings of ACL</title>
		<meeting>ACL</meeting>
		<imprint>
			<date type="published" when="1999" />
		</imprint>
	</monogr>
</biblStruct>

<biblStruct >
	<monogr>
		<title level="m" type="main">Information Fusion for Mutlidocument Summarization: Paraphrasing and Generation</title>
		<author>
			<persName xmlns="http://www.tei-c.org/ns/1.0"><forename type="first">Regina</forename><surname>Barzilay</surname></persName>
		</author>
		<imprint>
			<date type="published" when="2003" />
			<pubPlace>New York</pubPlace>
		</imprint>
		<respStmt>
			<orgName>Columbia University</orgName>
		</respStmt>
	</monogr>
<note type="report_type">Ph.D. thesis</note>
</biblStruct>

<biblStruct >
	<analytic>
		<title level="a" type="main">Large scale acquisition of paraphrases for learning surface patterns</title>
		<author>
			<persName xmlns="http://www.tei-c.org/ns/1.0"><forename type="first">Rahul</forename><surname>Bhagat</surname></persName>
		</author>
		<author>
			<persName xmlns="http://www.tei-c.org/ns/1.0"><forename type="first">Deepak</forename><surname>Ravichandran</surname></persName>
		</author>
	</analytic>
	<monogr>
		<title level="m">Proceedings of ACL/HLT</title>
		<meeting>ACL/HLT</meeting>
		<imprint>
			<date type="published" when="2008" />
		</imprint>
	</monogr>
</biblStruct>

<biblStruct >
	<monogr>
		<title/>
		<author>
			<persName xmlns="http://www.tei-c.org/ns/1.0"><forename type="first">Peter</forename><surname>Brown</surname></persName>
		</author>
		<author>
			<persName xmlns="http://www.tei-c.org/ns/1.0"><forename type="first">John</forename><surname>Cocke</surname></persName>
		</author>
		<author>
			<persName xmlns="http://www.tei-c.org/ns/1.0"><forename type="first">Stephen</forename><forename type="middle">Della</forename><surname>Pietra</surname></persName>
		</author>
		<author>
			<persName xmlns="http://www.tei-c.org/ns/1.0"><forename type="first">Vincent</forename><forename type="middle">Della</forename><surname>Pietra</surname></persName>
		</author>
		<author>
			<persName xmlns="http://www.tei-c.org/ns/1.0"><forename type="first">Frederick</forename><surname>Jelinek</surname></persName>
		</author>
		<author>
			<persName xmlns="http://www.tei-c.org/ns/1.0"><forename type="first">Robert</forename><surname>Mercer</surname></persName>
		</author>
		<imprint/>
	</monogr>
</biblStruct>

<biblStruct >
	<analytic>
		<title level="a" type="main">The mathematics of machine translation: Parameter estimation</title>
		<author>
			<persName xmlns="http://www.tei-c.org/ns/1.0"><forename type="first">Paul</forename><surname>Poossin</surname></persName>
		</author>
	</analytic>
	<monogr>
		<title level="j">Computational Linguistics</title>
		<editor>June. Peter Brown, Stephen Della Pietra, Vincent Della Pietra, and Robert Mercer</editor>
		<imprint>
			<biblScope unit="volume">16</biblScope>
			<biblScope unit="issue">2</biblScope>
			<biblScope unit="page" from="263" to="311" />
			<date type="published" when="1990" />
		</imprint>
	</monogr>
	<note>Computational Linguistics</note>
</biblStruct>

<biblStruct >
	<analytic>
		<title level="a" type="main">Syntactic constraints on paraphrases extracted from parallel corpora</title>
		<author>
			<persName xmlns="http://www.tei-c.org/ns/1.0"><forename type="first">Chris</forename><surname>Callison-Burch</surname></persName>
		</author>
	</analytic>
	<monogr>
		<title level="m">Proceedings of EMNLP</title>
		<meeting>EMNLP</meeting>
		<imprint>
			<date type="published" when="2008" />
		</imprint>
	</monogr>
</biblStruct>

<biblStruct >
	<analytic>
		<title level="a" type="main">A hierarchical phrase-based model for statistical machine translation</title>
		<author>
			<persName xmlns="http://www.tei-c.org/ns/1.0"><forename type="first">David</forename><surname>Chiang</surname></persName>
		</author>
	</analytic>
	<monogr>
		<title level="m">Proceedings of ACL</title>
		<meeting>ACL</meeting>
		<imprint>
			<date type="published" when="2005" />
		</imprint>
	</monogr>
</biblStruct>

<biblStruct >
	<analytic>
		<title level="a" type="main">Hierarchical phrase-based translation</title>
		<author>
			<persName xmlns="http://www.tei-c.org/ns/1.0"><forename type="first">David</forename><surname>Chiang</surname></persName>
		</author>
	</analytic>
	<monogr>
		<title level="j">Computational Linguistics</title>
		<imprint>
			<biblScope unit="volume">33</biblScope>
			<biblScope unit="issue">2</biblScope>
			<biblScope unit="page" from="201" to="228" />
			<date type="published" when="2007" />
		</imprint>
	</monogr>
</biblStruct>

<biblStruct >
	<analytic>
		<title level="a" type="main">Global inference for sentence compression: An integer linear programming approach</title>
		<author>
			<persName xmlns="http://www.tei-c.org/ns/1.0"><forename type="first">James</forename><surname>Clarke</surname></persName>
		</author>
		<author>
			<persName xmlns="http://www.tei-c.org/ns/1.0"><forename type="first">Mirella</forename><surname>Lapata</surname></persName>
		</author>
	</analytic>
	<monogr>
		<title level="j">Journal of Artificial Intelligence Research</title>
		<imprint>
			<biblScope unit="volume">31</biblScope>
			<biblScope unit="page" from="273" to="381" />
			<date type="published" when="2008" />
		</imprint>
	</monogr>
</biblStruct>

<biblStruct >
	<analytic>
		<title level="a" type="main">Large margin synchronous generation and its application to sentence compression</title>
		<author>
			<persName xmlns="http://www.tei-c.org/ns/1.0"><forename type="first">Trevor</forename><surname>Cohn</surname></persName>
		</author>
		<author>
			<persName xmlns="http://www.tei-c.org/ns/1.0"><forename type="first">Mirella</forename><surname>Lapata</surname></persName>
		</author>
	</analytic>
	<monogr>
		<title level="m">Proceedings of EMNLP-CoLing</title>
		<meeting>EMNLP-CoLing</meeting>
		<imprint>
			<date type="published" when="2007" />
		</imprint>
	</monogr>
</biblStruct>

<biblStruct >
	<analytic>
		<title level="a" type="main">Sentence compression beyond word deletion</title>
		<author>
			<persName xmlns="http://www.tei-c.org/ns/1.0"><forename type="first">Trevor</forename><surname>Cohn</surname></persName>
		</author>
		<author>
			<persName xmlns="http://www.tei-c.org/ns/1.0"><forename type="first">Mirella</forename><surname>Lapata</surname></persName>
		</author>
	</analytic>
	<monogr>
		<title level="m">Proceedings of the COLING</title>
		<meeting>the COLING</meeting>
		<imprint>
			<date type="published" when="2008" />
		</imprint>
	</monogr>
</biblStruct>

<biblStruct >
	<analytic>
		<title level="a" type="main">Sentence compression as tree transduction</title>
		<author>
			<persName xmlns="http://www.tei-c.org/ns/1.0"><forename type="first">Trevor</forename><surname>Cohn</surname></persName>
		</author>
		<author>
			<persName xmlns="http://www.tei-c.org/ns/1.0"><forename type="first">Mirella</forename><surname>Lapata</surname></persName>
		</author>
	</analytic>
	<monogr>
		<title level="j">Journal of Artificial Intelligence Research (JAIR)</title>
		<imprint>
			<biblScope unit="volume">34</biblScope>
			<biblScope unit="page" from="637" to="674" />
			<date type="published" when="2009" />
		</imprint>
	</monogr>
</biblStruct>

<biblStruct >
	<monogr>
		<title level="m" type="main">Paraphrase generation and information retrieval from stored text. Mechanical Translation and Computational Linguistics</title>
		<author>
			<persName xmlns="http://www.tei-c.org/ns/1.0"><forename type="first">W</forename><surname>Peter</surname></persName>
		</author>
		<author>
			<persName xmlns="http://www.tei-c.org/ns/1.0"><surname>Culicover</surname></persName>
		</author>
		<imprint>
			<date type="published" when="1968" />
			<biblScope unit="volume">11</biblScope>
			<biblScope unit="page" from="78" to="88" />
		</imprint>
	</monogr>
</biblStruct>

<biblStruct >
	<analytic>
		<title level="a" type="main">Unsupervised construction of large paraphrase corpora: Exploiting massively parallel news sources</title>
		<author>
			<persName xmlns="http://www.tei-c.org/ns/1.0"><forename type="first">Bill</forename><surname>Dolan</surname></persName>
		</author>
		<author>
			<persName xmlns="http://www.tei-c.org/ns/1.0"><forename type="first">Chris</forename><surname>Quirk</surname></persName>
		</author>
		<author>
			<persName xmlns="http://www.tei-c.org/ns/1.0"><forename type="first">Chris</forename><surname>Brockett</surname></persName>
		</author>
	</analytic>
	<monogr>
		<title level="m">Proceedings of the COLING</title>
		<meeting>the COLING</meeting>
		<imprint>
			<date type="published" when="2004" />
		</imprint>
	</monogr>
</biblStruct>

<biblStruct >
	<analytic>
		<title level="a" type="main">Representing paraphrases using synchronous tree adjoining grammars</title>
		<author>
			<persName xmlns="http://www.tei-c.org/ns/1.0"><forename type="first">Mark</forename><surname>Dras</surname></persName>
		</author>
	</analytic>
	<monogr>
		<title level="m">Proceedings of ACL</title>
		<meeting>ACL</meeting>
		<imprint>
			<date type="published" when="1997" />
		</imprint>
	</monogr>
</biblStruct>

<biblStruct >
	<monogr>
		<title level="m" type="main">Tree Adjoining Grammar and the Reluctant Paraphrasing of Text</title>
		<author>
			<persName xmlns="http://www.tei-c.org/ns/1.0"><forename type="first">Mark</forename><surname>Dras</surname></persName>
		</author>
		<imprint>
			<date type="published" when="1999" />
			<pubPlace>Australia</pubPlace>
		</imprint>
		<respStmt>
			<orgName>Macquarie University</orgName>
		</respStmt>
	</monogr>
<note type="report_type">Ph.D. thesis</note>
</biblStruct>

<biblStruct >
	<analytic>
		<title level="a" type="main">cdec: A decoder, alignment, and learning framework for finitestate and context-free translation models</title>
		<author>
			<persName xmlns="http://www.tei-c.org/ns/1.0"><forename type="first">Chris</forename><surname>Dyer</surname></persName>
		</author>
		<author>
			<persName xmlns="http://www.tei-c.org/ns/1.0"><forename type="first">Adam</forename><surname>Lopez</surname></persName>
		</author>
		<author>
			<persName xmlns="http://www.tei-c.org/ns/1.0"><forename type="first">Juri</forename><surname>Ganitkevitch</surname></persName>
		</author>
		<author>
			<persName xmlns="http://www.tei-c.org/ns/1.0"><forename type="first">Jonathan</forename><surname>Weese</surname></persName>
		</author>
		<author>
			<persName xmlns="http://www.tei-c.org/ns/1.0"><forename type="first">Ferhan</forename><surname>Ture</surname></persName>
		</author>
		<author>
			<persName xmlns="http://www.tei-c.org/ns/1.0"><forename type="first">Phil</forename><surname>Blunsom</surname></persName>
		</author>
		<author>
			<persName xmlns="http://www.tei-c.org/ns/1.0"><forename type="first">Hendra</forename><surname>Setiawan</surname></persName>
		</author>
		<author>
			<persName xmlns="http://www.tei-c.org/ns/1.0"><forename type="first">Vladimir</forename><surname>Eidelman</surname></persName>
		</author>
		<author>
			<persName xmlns="http://www.tei-c.org/ns/1.0"><forename type="first">Philip</forename><surname>Resnik</surname></persName>
		</author>
	</analytic>
	<monogr>
		<title level="m">Proceedings of ACL</title>
		<meeting>ACL</meeting>
		<imprint>
			<date type="published" when="2010" />
		</imprint>
	</monogr>
</biblStruct>

<biblStruct >
	<analytic>
		<title level="a" type="main">A program for aligning sentences in bilingual corpora</title>
		<author>
			<persName xmlns="http://www.tei-c.org/ns/1.0"><forename type="first">William</forename><surname>Gale</surname></persName>
		</author>
		<author>
			<persName xmlns="http://www.tei-c.org/ns/1.0"><forename type="first">Kenneth</forename><surname>Church</surname></persName>
		</author>
	</analytic>
	<monogr>
		<title level="j">Compuatational Linguistics</title>
		<imprint>
			<biblScope unit="volume">19</biblScope>
			<biblScope unit="issue">1</biblScope>
			<biblScope unit="page" from="75" to="90" />
			<date type="published" when="1993" />
		</imprint>
	</monogr>
</biblStruct>

<biblStruct >
	<analytic>
		<title level="a" type="main">What&apos;s in a translation rule</title>
		<author>
			<persName xmlns="http://www.tei-c.org/ns/1.0"><forename type="first">Michel</forename><surname>Galley</surname></persName>
		</author>
		<author>
			<persName xmlns="http://www.tei-c.org/ns/1.0"><forename type="first">Mark</forename><surname>Hopkins</surname></persName>
		</author>
		<author>
			<persName xmlns="http://www.tei-c.org/ns/1.0"><forename type="first">Kevin</forename><surname>Knight</surname></persName>
		</author>
		<author>
			<persName xmlns="http://www.tei-c.org/ns/1.0"><forename type="first">Daniel</forename><surname>Marcu</surname></persName>
		</author>
	</analytic>
	<monogr>
		<title level="m">Proceedings of HLT/NAACL</title>
		<meeting>HLT/NAACL</meeting>
		<imprint>
			<date type="published" when="2004" />
		</imprint>
	</monogr>
</biblStruct>

<biblStruct >
	<analytic>
		<title level="a" type="main">Automatic analysis of rhythmic poetry with applications to generation and translation</title>
		<author>
			<persName xmlns="http://www.tei-c.org/ns/1.0"><forename type="first">Erica</forename><surname>Greene</surname></persName>
		</author>
		<author>
			<persName xmlns="http://www.tei-c.org/ns/1.0"><forename type="first">Tugba</forename><surname>Bodrumlu</surname></persName>
		</author>
		<author>
			<persName xmlns="http://www.tei-c.org/ns/1.0"><forename type="first">Kevin</forename><surname>Knight</surname></persName>
		</author>
	</analytic>
	<monogr>
		<title level="m">Proceedings of EMNLP</title>
		<meeting>EMNLP</meeting>
		<imprint>
			<date type="published" when="2010" />
		</imprint>
	</monogr>
</biblStruct>

<biblStruct >
	<analytic>
		<title level="a" type="main">Forest rescoring: Faster decoding with integrated language models</title>
		<author>
			<persName xmlns="http://www.tei-c.org/ns/1.0"><forename type="first">Liang</forename><surname>Huang</surname></persName>
		</author>
		<author>
			<persName xmlns="http://www.tei-c.org/ns/1.0"><forename type="first">David</forename><surname>Chiang</surname></persName>
		</author>
	</analytic>
	<monogr>
		<title level="m">Proceedings of ACL</title>
		<meeting>ACL</meeting>
		<imprint>
			<date type="published" when="2007" />
		</imprint>
	</monogr>
</biblStruct>

<biblStruct >
	<analytic>
		<title level="a" type="main">Paraphrasing for automatic evaluation</title>
		<author>
			<persName xmlns="http://www.tei-c.org/ns/1.0"><forename type="first">David</forename><surname>Kauchak</surname></persName>
		</author>
		<author>
			<persName xmlns="http://www.tei-c.org/ns/1.0"><forename type="first">Regina</forename><surname>Barzilay</surname></persName>
		</author>
	</analytic>
	<monogr>
		<title level="m">Proceedings of EMNLP</title>
		<meeting>EMNLP</meeting>
		<imprint>
			<date type="published" when="2006" />
		</imprint>
	</monogr>
</biblStruct>

<biblStruct >
	<analytic>
		<title level="a" type="main">Summarization beyond sentence extraction: A probabilistic approach to sentence compression</title>
		<author>
			<persName xmlns="http://www.tei-c.org/ns/1.0"><forename type="first">Kevin</forename><surname>Knight</surname></persName>
		</author>
		<author>
			<persName xmlns="http://www.tei-c.org/ns/1.0"><forename type="first">Daniel</forename><surname>Marcu</surname></persName>
		</author>
	</analytic>
	<monogr>
		<title level="j">Artificial Intelligence</title>
		<imprint>
			<biblScope unit="volume">139</biblScope>
			<biblScope unit="page" from="91" to="107" />
			<date type="published" when="2002" />
		</imprint>
	</monogr>
</biblStruct>

<biblStruct >
	<analytic>
		<title level="a" type="main">Statistical phrase-based translation</title>
		<author>
			<persName xmlns="http://www.tei-c.org/ns/1.0"><forename type="first">Philipp</forename><surname>Koehn</surname></persName>
		</author>
		<author>
			<persName xmlns="http://www.tei-c.org/ns/1.0"><forename type="first">Franz</forename><forename type="middle">Josef</forename><surname>Och</surname></persName>
		</author>
		<author>
			<persName xmlns="http://www.tei-c.org/ns/1.0"><forename type="first">Daniel</forename><surname>Marcu</surname></persName>
		</author>
	</analytic>
	<monogr>
		<title level="m">Proceedings of HLT/NAACL</title>
		<meeting>HLT/NAACL</meeting>
		<imprint>
			<date type="published" when="2003" />
		</imprint>
	</monogr>
</biblStruct>

<biblStruct >
	<analytic>
		<title level="a" type="main">Generation of single-sentence paraphrases from predicate/argument structure using lexico-grammatical resources</title>
		<author>
			<persName xmlns="http://www.tei-c.org/ns/1.0"><forename type="first">Raymond</forename><surname>Kozlowski</surname></persName>
		</author>
		<author>
			<persName xmlns="http://www.tei-c.org/ns/1.0"><forename type="first">Kathleen</forename><surname>Mccoy</surname></persName>
		</author>
		<author>
			<persName xmlns="http://www.tei-c.org/ns/1.0"><forename type="first">K</forename><surname>Vijayshanker</surname></persName>
		</author>
	</analytic>
	<monogr>
		<title level="m">Workshop On Paraphrasing</title>
		<imprint>
			<date type="published" when="2003" />
		</imprint>
	</monogr>
</biblStruct>

<biblStruct >
	<analytic>
		<title level="a" type="main">The practical value of n-grams in generation</title>
		<author>
			<persName xmlns="http://www.tei-c.org/ns/1.0"><forename type="first">Irene</forename><surname>Langkilde</surname></persName>
		</author>
		<author>
			<persName xmlns="http://www.tei-c.org/ns/1.0"><forename type="first">Kevin</forename><surname>Knight</surname></persName>
		</author>
	</analytic>
	<monogr>
		<title level="m">Workshop On Natural Language Generation</title>
		<meeting><address><addrLine>Ontario, Canada</addrLine></address></meeting>
		<imprint>
			<date type="published" when="1998" />
		</imprint>
	</monogr>
</biblStruct>

<biblStruct >
	<analytic>
		<title level="a" type="main">Joshua: An open source toolkit for parsing-based machine translation</title>
		<author>
			<persName xmlns="http://www.tei-c.org/ns/1.0"><forename type="first">Zhifei</forename><surname>Li</surname></persName>
		</author>
		<author>
			<persName xmlns="http://www.tei-c.org/ns/1.0"><forename type="first">Chris</forename><surname>Callison-Burch</surname></persName>
		</author>
		<author>
			<persName xmlns="http://www.tei-c.org/ns/1.0"><forename type="first">Chris</forename><surname>Dyer</surname></persName>
		</author>
		<author>
			<persName xmlns="http://www.tei-c.org/ns/1.0"><forename type="first">Juri</forename><surname>Ganitkevitch</surname></persName>
		</author>
		<author>
			<persName xmlns="http://www.tei-c.org/ns/1.0"><forename type="first">Sanjeev</forename><surname>Khudanpur</surname></persName>
		</author>
		<author>
			<persName xmlns="http://www.tei-c.org/ns/1.0"><forename type="first">Lane</forename><surname>Schwartz</surname></persName>
		</author>
		<author>
			<persName xmlns="http://www.tei-c.org/ns/1.0"><forename type="first">Wren</forename><surname>Thornton</surname></persName>
		</author>
		<author>
			<persName xmlns="http://www.tei-c.org/ns/1.0"><forename type="first">Jonathan</forename><surname>Weese</surname></persName>
		</author>
		<author>
			<persName xmlns="http://www.tei-c.org/ns/1.0"><forename type="first">Omar</forename><surname>Zaidan</surname></persName>
		</author>
	</analytic>
	<monogr>
		<title level="m">Proceedings of WMT09</title>
		<meeting>WMT09</meeting>
		<imprint>
			<date type="published" when="2009" />
		</imprint>
	</monogr>
</biblStruct>

<biblStruct >
	<analytic>
		<title level="a" type="main">Joshua 2.0: A toolkit for parsing-based machine translation with syntax, semirings, discriminative training and other goodies</title>
		<author>
			<persName xmlns="http://www.tei-c.org/ns/1.0"><forename type="first">Zhifei</forename><surname>Li</surname></persName>
		</author>
		<author>
			<persName xmlns="http://www.tei-c.org/ns/1.0"><forename type="first">Chris</forename><surname>Callison-Burch</surname></persName>
		</author>
		<author>
			<persName xmlns="http://www.tei-c.org/ns/1.0"><forename type="first">Chris</forename><surname>Dyer</surname></persName>
		</author>
		<author>
			<persName xmlns="http://www.tei-c.org/ns/1.0"><forename type="first">Juri</forename><surname>Ganitkevitch</surname></persName>
		</author>
		<author>
			<persName xmlns="http://www.tei-c.org/ns/1.0"><forename type="first">Ann</forename><surname>Irvine</surname></persName>
		</author>
		<author>
			<persName xmlns="http://www.tei-c.org/ns/1.0"><forename type="first">Sanjeev</forename><surname>Khudanpur</surname></persName>
		</author>
		<author>
			<persName xmlns="http://www.tei-c.org/ns/1.0"><forename type="first">Lane</forename><surname>Schwartz</surname></persName>
		</author>
		<author>
			<persName xmlns="http://www.tei-c.org/ns/1.0"><forename type="first">Wren</forename><surname>Thornton</surname></persName>
		</author>
		<author>
			<persName xmlns="http://www.tei-c.org/ns/1.0"><forename type="first">Ziyuan</forename><surname>Wang</surname></persName>
		</author>
		<author>
			<persName xmlns="http://www.tei-c.org/ns/1.0"><forename type="first">Jonathan</forename><surname>Weese</surname></persName>
		</author>
		<author>
			<persName xmlns="http://www.tei-c.org/ns/1.0"><forename type="first">Omar</forename><surname>Zaidan</surname></persName>
		</author>
	</analytic>
	<monogr>
		<title level="m">Proceedings of WMT10</title>
		<meeting>WMT10</meeting>
		<imprint>
			<date type="published" when="2010" />
		</imprint>
	</monogr>
</biblStruct>

<biblStruct >
	<analytic>
		<title level="a" type="main">Discovery of inference rules from text</title>
		<author>
			<persName xmlns="http://www.tei-c.org/ns/1.0"><forename type="first">Dekang</forename><surname>Lin</surname></persName>
		</author>
		<author>
			<persName xmlns="http://www.tei-c.org/ns/1.0"><forename type="first">Patrick</forename><surname>Pantel</surname></persName>
		</author>
	</analytic>
	<monogr>
		<title level="j">Natural Language Engineering</title>
		<imprint>
			<biblScope unit="volume">7</biblScope>
			<biblScope unit="issue">3</biblScope>
			<biblScope unit="page" from="343" to="360" />
			<date type="published" when="2001" />
		</imprint>
	</monogr>
</biblStruct>

<biblStruct >
	<analytic>
		<title level="a" type="main">Generating phrasal and sentential paraphrases: A survey of data-driven methods</title>
		<author>
			<persName xmlns="http://www.tei-c.org/ns/1.0"><forename type="first">Yang</forename><surname>Liu</surname></persName>
		</author>
		<author>
			<persName xmlns="http://www.tei-c.org/ns/1.0"><forename type="first">Qun</forename><surname>Liu</surname></persName>
		</author>
		<author>
			<persName xmlns="http://www.tei-c.org/ns/1.0"><forename type="first">Shouxun</forename><surname>Lin</surname></persName>
		</author>
	</analytic>
	<monogr>
		<title level="m">Proceedings of the ACL/Coling. Nitin Madnani and</title>
		<meeting>the ACL/Coling. Nitin Madnani and<address><addrLine>Bonnie Dorr</addrLine></address></meeting>
		<imprint>
			<date type="published" when="2006" />
			<biblScope unit="volume">36</biblScope>
			<biblScope unit="page" from="341" to="388" />
		</imprint>
	</monogr>
	<note>Treeto-string alignment templates for statistical machine translation</note>
</biblStruct>

<biblStruct >
	<analytic>
		<title level="a" type="main">Using paraphrases for parameter tuning in statistical machine translation</title>
		<author>
			<persName xmlns="http://www.tei-c.org/ns/1.0"><forename type="first">Nitin</forename><surname>Madnani</surname></persName>
		</author>
		<author>
			<persName xmlns="http://www.tei-c.org/ns/1.0"><forename type="first">Philip</forename><surname>Necip Fazil Ayan</surname></persName>
		</author>
		<author>
			<persName xmlns="http://www.tei-c.org/ns/1.0"><forename type="first">Bonnie</forename><surname>Resnik</surname></persName>
		</author>
		<author>
			<persName xmlns="http://www.tei-c.org/ns/1.0"><surname>Dorr</surname></persName>
		</author>
	</analytic>
	<monogr>
		<title level="m">Proceedings of WMT07</title>
		<meeting>WMT07</meeting>
		<imprint>
			<date type="published" when="2007" />
		</imprint>
	</monogr>
</biblStruct>

<biblStruct >
	<analytic>
		<title level="a" type="main">Discriminative sentence compression with soft syntactic evidence</title>
		<author>
			<persName xmlns="http://www.tei-c.org/ns/1.0"><forename type="first">Ryan</forename><surname>Mcdonald</surname></persName>
		</author>
	</analytic>
	<monogr>
		<title level="m">Proceedings of EACL</title>
		<meeting>EACL</meeting>
		<imprint>
			<date type="published" when="2006" />
		</imprint>
	</monogr>
</biblStruct>

<biblStruct >
	<analytic>
		<title level="a" type="main">Paraphrasing using given and new information in a question-answer system</title>
		<author>
			<persName xmlns="http://www.tei-c.org/ns/1.0"><forename type="first">R</forename><surname>Kathleen</surname></persName>
		</author>
		<author>
			<persName xmlns="http://www.tei-c.org/ns/1.0"><surname>Mckeown</surname></persName>
		</author>
	</analytic>
	<monogr>
		<title level="m">Proceedings of ACL</title>
		<meeting>ACL</meeting>
		<imprint>
			<date type="published" when="1979" />
		</imprint>
	</monogr>
</biblStruct>

<biblStruct >
	<analytic>
		<title level="a" type="main">Statistical machine translation by parsing</title>
		<author>
			<persName xmlns="http://www.tei-c.org/ns/1.0"><forename type="first">Dan</forename><surname>Melamed</surname></persName>
		</author>
	</analytic>
	<monogr>
		<title level="m">Proceedings of ACL</title>
		<meeting>ACL</meeting>
		<imprint>
			<date type="published" when="2004" />
		</imprint>
	</monogr>
</biblStruct>

<biblStruct >
	<analytic>
		<title level="a" type="main">Strategies for effective paraphrasing</title>
		<author>
			<persName xmlns="http://www.tei-c.org/ns/1.0"><forename type="first">Marie</forename><forename type="middle">W</forename><surname>Meteer</surname></persName>
		</author>
		<author>
			<persName xmlns="http://www.tei-c.org/ns/1.0"><forename type="first">Varda</forename><surname>Shaked</surname></persName>
		</author>
	</analytic>
	<monogr>
		<title level="m">Proceedings of COLING</title>
		<meeting>COLING</meeting>
		<imprint>
			<date type="published" when="1988" />
		</imprint>
	</monogr>
</biblStruct>

<biblStruct >
	<analytic>
		<title level="a" type="main">On a semantic model for multilingual paraphrasing</title>
		<author>
			<persName xmlns="http://www.tei-c.org/ns/1.0"><forename type="first">Kazunori</forename><surname>Muraki</surname></persName>
		</author>
	</analytic>
	<monogr>
		<title level="m">Proceedings of COLING</title>
		<meeting>COLING</meeting>
		<imprint>
			<date type="published" when="1982" />
		</imprint>
	</monogr>
</biblStruct>

<biblStruct >
	<analytic>
		<title level="a" type="main">Evaluating sentence compression: Pitfalls and suggested remedies</title>
		<author>
			<persName xmlns="http://www.tei-c.org/ns/1.0"><forename type="first">Courtney</forename><surname>Napoles</surname></persName>
		</author>
		<author>
			<persName xmlns="http://www.tei-c.org/ns/1.0"><forename type="first">Chris</forename><surname>Callison-Burch</surname></persName>
		</author>
		<author>
			<persName xmlns="http://www.tei-c.org/ns/1.0"><forename type="first">Benjamin</forename><surname>Van Durme</surname></persName>
		</author>
	</analytic>
	<monogr>
		<title level="m">Workshop on Monolingual Text-To-Text Generation</title>
		<imprint>
			<date type="published" when="2011" />
		</imprint>
	</monogr>
</biblStruct>

<biblStruct >
	<analytic>
		<title level="a" type="main">Minimum error rate training for statistical machine translation</title>
		<author>
			<persName xmlns="http://www.tei-c.org/ns/1.0"><forename type="first">Franz Josef</forename><surname>Och</surname></persName>
		</author>
	</analytic>
	<monogr>
		<title level="m">Proceedings of ACL</title>
		<meeting>ACL</meeting>
		<imprint>
			<date type="published" when="2003" />
		</imprint>
	</monogr>
</biblStruct>

<biblStruct >
	<analytic>
		<title level="a" type="main">Minimum error rate training in statistical machine translation</title>
		<author>
			<persName xmlns="http://www.tei-c.org/ns/1.0"><forename type="first">Franz Josef</forename><surname>Och</surname></persName>
		</author>
	</analytic>
	<monogr>
		<title level="m">Proceedings of ACL</title>
		<meeting>ACL</meeting>
		<imprint>
			<date type="published" when="2003" />
		</imprint>
	</monogr>
</biblStruct>

<biblStruct >
	<analytic>
		<title level="a" type="main">Contextual bitext-derived paraphrases in automatic MT evaluation</title>
		<author>
			<persName xmlns="http://www.tei-c.org/ns/1.0"><forename type="first">Karolina</forename><surname>Owczarzak</surname></persName>
		</author>
		<author>
			<persName xmlns="http://www.tei-c.org/ns/1.0"><forename type="first">Declan</forename><surname>Groves</surname></persName>
		</author>
		<author>
			<persName xmlns="http://www.tei-c.org/ns/1.0"><forename type="first">Josef</forename><surname>Van Genabith</surname></persName>
		</author>
		<author>
			<persName xmlns="http://www.tei-c.org/ns/1.0"><forename type="first">Andy</forename><surname>Way</surname></persName>
		</author>
	</analytic>
	<monogr>
		<title level="m">Proceedings of WMT06</title>
		<meeting>WMT06</meeting>
		<imprint>
			<date type="published" when="2006" />
		</imprint>
	</monogr>
</biblStruct>

<biblStruct >
	<analytic>
		<title level="a" type="main">Syntax-based alignment of multiple translations: Extracting paraphrases and generating new sentences</title>
		<author>
			<persName xmlns="http://www.tei-c.org/ns/1.0"><forename type="first">Bo</forename><surname>Pang</surname></persName>
		</author>
		<author>
			<persName xmlns="http://www.tei-c.org/ns/1.0"><forename type="first">Kevin</forename><surname>Knight</surname></persName>
		</author>
		<author>
			<persName xmlns="http://www.tei-c.org/ns/1.0"><forename type="first">Daniel</forename><surname>Marcu</surname></persName>
		</author>
	</analytic>
	<monogr>
		<title level="m">Proceedings of HLT/NAACL</title>
		<meeting>HLT/NAACL</meeting>
		<imprint>
			<date type="published" when="2003" />
		</imprint>
	</monogr>
</biblStruct>

<biblStruct >
	<analytic>
		<title level="a" type="main">Bleu: a method for automatic evaluation of machine translation</title>
		<author>
			<persName xmlns="http://www.tei-c.org/ns/1.0"><forename type="first">Kishore</forename><surname>Papineni</surname></persName>
		</author>
		<author>
			<persName xmlns="http://www.tei-c.org/ns/1.0"><forename type="first">Salim</forename><surname>Roukos</surname></persName>
		</author>
		<author>
			<persName xmlns="http://www.tei-c.org/ns/1.0"><forename type="first">Todd</forename><surname>Ward</surname></persName>
		</author>
		<author>
			<persName xmlns="http://www.tei-c.org/ns/1.0"><forename type="first">Weijing</forename><surname>Zhu</surname></persName>
		</author>
	</analytic>
	<monogr>
		<title level="m">Proceedings of ACL</title>
		<meeting>ACL</meeting>
		<imprint>
			<date type="published" when="2002" />
		</imprint>
	</monogr>
</biblStruct>

<biblStruct >
	<analytic>
		<title level="a" type="main">Monolingual machine translation for paraphrase generation</title>
		<author>
			<persName xmlns="http://www.tei-c.org/ns/1.0"><forename type="first">Chris</forename><surname>Quirk</surname></persName>
		</author>
		<author>
			<persName xmlns="http://www.tei-c.org/ns/1.0"><forename type="first">Chris</forename><surname>Brockett</surname></persName>
		</author>
		<author>
			<persName xmlns="http://www.tei-c.org/ns/1.0"><forename type="first">William</forename><surname>Dolan</surname></persName>
		</author>
	</analytic>
	<monogr>
		<title level="m">Proceedings of EMNLP</title>
		<meeting>EMNLP</meeting>
		<imprint>
			<date type="published" when="2004" />
		</imprint>
	</monogr>
</biblStruct>

<biblStruct >
	<analytic>
		<title level="a" type="main">Dependency treelet translation: Syntactically informed phrasal smt</title>
		<author>
			<persName xmlns="http://www.tei-c.org/ns/1.0"><forename type="first">Chris</forename><surname>Quirk</surname></persName>
		</author>
		<author>
			<persName xmlns="http://www.tei-c.org/ns/1.0"><forename type="first">Arul</forename><surname>Menezes</surname></persName>
		</author>
		<author>
			<persName xmlns="http://www.tei-c.org/ns/1.0"><forename type="first">Colin</forename><surname>Cherry</surname></persName>
		</author>
	</analytic>
	<monogr>
		<title level="m">Proceedings of ACL</title>
		<meeting>ACL</meeting>
		<imprint>
			<date type="published" when="2005" />
		</imprint>
	</monogr>
</biblStruct>

<biblStruct >
	<analytic>
		<title level="a" type="main">Learning sufrace text patterns for a question answering system</title>
		<author>
			<persName xmlns="http://www.tei-c.org/ns/1.0"><forename type="first">Deepak</forename><surname>Ravichandran</surname></persName>
		</author>
		<author>
			<persName xmlns="http://www.tei-c.org/ns/1.0"><forename type="first">Eduard</forename><surname>Hovy</surname></persName>
		</author>
	</analytic>
	<monogr>
		<title level="m">Proceedings of ACL</title>
		<meeting>ACL</meeting>
		<imprint>
			<date type="published" when="2002" />
		</imprint>
	</monogr>
</biblStruct>

<biblStruct >
	<analytic>
		<title level="a" type="main">Statistical machine translation for query expansion in answer retrieval</title>
		<author>
			<persName xmlns="http://www.tei-c.org/ns/1.0"><forename type="first">Stefan</forename><surname>Riezler</surname></persName>
		</author>
		<author>
			<persName xmlns="http://www.tei-c.org/ns/1.0"><forename type="first">Alexander</forename><surname>Vasserman</surname></persName>
		</author>
	</analytic>
	<monogr>
		<title level="m">Proceedings of ACL</title>
		<meeting>ACL</meeting>
		<imprint>
			<date type="published" when="2007" />
		</imprint>
	</monogr>
	<note>Ioannis Tsochantaridis, Vibhu Mittal, and Yi Liu</note>
</biblStruct>

<biblStruct >
	<analytic>
		<title level="a" type="main">Generation of paraphrases from ambiguous logical forms</title>
		<author>
			<persName xmlns="http://www.tei-c.org/ns/1.0"><forename type="first">Hadar</forename><surname>Shemtov</surname></persName>
		</author>
	</analytic>
	<monogr>
		<title level="m">Proceedings of COLING</title>
		<meeting>COLING</meeting>
		<imprint>
			<date type="published" when="1996" />
		</imprint>
	</monogr>
</biblStruct>

<biblStruct >
	<analytic>
		<title level="a" type="main">Generation and synchronous tree-adjoining grammars</title>
		<author>
			<persName xmlns="http://www.tei-c.org/ns/1.0"><forename type="first">Stuart</forename><surname>Shieber</surname></persName>
		</author>
		<author>
			<persName xmlns="http://www.tei-c.org/ns/1.0"><forename type="first">Yves</forename><surname>Schabes</surname></persName>
		</author>
	</analytic>
	<monogr>
		<title level="m">Workshop On Natural Language Generation</title>
		<imprint>
			<date type="published" when="1990" />
		</imprint>
	</monogr>
</biblStruct>

<biblStruct >
	<analytic>
		<title level="a" type="main">Ter-plus: paraphrase, semantic, and alignment enhancements to translation edit rate</title>
		<author>
			<persName xmlns="http://www.tei-c.org/ns/1.0"><forename type="first">Matthew</forename><surname>Snover</surname></persName>
		</author>
		<author>
			<persName xmlns="http://www.tei-c.org/ns/1.0"><forename type="first">Nitin</forename><surname>Madnani</surname></persName>
		</author>
		<author>
			<persName xmlns="http://www.tei-c.org/ns/1.0"><forename type="first">Bonnie</forename><surname>Dorr</surname></persName>
		</author>
		<author>
			<persName xmlns="http://www.tei-c.org/ns/1.0"><forename type="first">Richard</forename><surname>Schwartz</surname></persName>
		</author>
	</analytic>
	<monogr>
		<title level="j">Machine Translation</title>
		<imprint>
			<biblScope unit="volume">23</biblScope>
			<biblScope unit="issue">2-3</biblScope>
			<biblScope unit="page" from="117" to="127" />
			<date type="published" when="2010" />
		</imprint>
	</monogr>
</biblStruct>

<biblStruct >
	<analytic>
		<title level="a" type="main">Combinatory categorial grammar</title>
		<author>
			<persName xmlns="http://www.tei-c.org/ns/1.0"><forename type="first">Mark</forename><surname>Steedman</surname></persName>
		</author>
		<author>
			<persName xmlns="http://www.tei-c.org/ns/1.0"><forename type="first">Jason</forename><surname>Baldridge</surname></persName>
		</author>
	</analytic>
	<monogr>
		<title level="m">Non-Transformational Syntax: Formal and Explicit Models of Grammar</title>
		<imprint>
			<publisher>Wiley-Blackwell</publisher>
			<date type="published" when="2011" />
		</imprint>
	</monogr>
</biblStruct>

<biblStruct >
	<analytic>
		<title level="a" type="main">SRILM-an extensible language modeling toolkit</title>
		<author>
			<persName xmlns="http://www.tei-c.org/ns/1.0"><forename type="first">Andreas</forename><surname>Stolcke</surname></persName>
		</author>
	</analytic>
	<monogr>
		<title level="m">Proceeding of the International Conference on Spoken Language Processing</title>
		<meeting>eeding of the International Conference on Spoken Language essing</meeting>
		<imprint>
			<date type="published" when="2002" />
		</imprint>
	</monogr>
</biblStruct>

<biblStruct >
	<analytic>
		<title level="a" type="main">Scaling web-based acquisition of entailment relations</title>
		<author>
			<persName xmlns="http://www.tei-c.org/ns/1.0"><forename type="first">Idan</forename><surname>Szpektor</surname></persName>
		</author>
		<author>
			<persName xmlns="http://www.tei-c.org/ns/1.0"><forename type="first">Hristo</forename><surname>Tanev</surname></persName>
		</author>
		<author>
			<persName xmlns="http://www.tei-c.org/ns/1.0"><forename type="first">Ido</forename><surname>Dagan</surname></persName>
		</author>
		<author>
			<persName xmlns="http://www.tei-c.org/ns/1.0"><forename type="first">Bonaventura</forename><surname>Coppola</surname></persName>
		</author>
	</analytic>
	<monogr>
		<title level="m">Proceedings of EMNLP, Proceedings of EMNLP</title>
		<meeting>EMNLP, EMNLP</meeting>
		<imprint>
			<date type="published" when="2004" />
		</imprint>
	</monogr>
</biblStruct>

<biblStruct >
	<analytic>
		<title level="a" type="main">Grammar based statistical MT on Hadoop: An end-to-end toolkit for large scale PSCFG based MT</title>
		<author>
			<persName xmlns="http://www.tei-c.org/ns/1.0"><forename type="first">Ashish</forename><surname>Venugopal</surname></persName>
		</author>
		<author>
			<persName xmlns="http://www.tei-c.org/ns/1.0"><forename type="first">Andreas</forename><surname>Zollmann</surname></persName>
		</author>
	</analytic>
	<monogr>
		<title level="j">Prague Bulletin of Mathematical Linguistics</title>
		<imprint>
			<biblScope unit="page">91</biblScope>
			<date type="published" when="2009" />
		</imprint>
	</monogr>
</biblStruct>

<biblStruct >
	<analytic>
		<title level="a" type="main">Stochastic inversion transduction grammars and bilingual parsing of parallel corpora</title>
		<author>
			<persName xmlns="http://www.tei-c.org/ns/1.0"><forename type="first">Dekai</forename><surname>Wu</surname></persName>
		</author>
	</analytic>
	<monogr>
		<title level="j">Computational Linguistics</title>
		<imprint>
			<biblScope unit="issue">3</biblScope>
			<biblScope unit="page">23</biblScope>
			<date type="published" when="1997" />
		</imprint>
	</monogr>
</biblStruct>

<biblStruct >
	<analytic>
		<title level="a" type="main">A syntax-based statistical translation model</title>
		<author>
			<persName xmlns="http://www.tei-c.org/ns/1.0"><forename type="first">Kenji</forename><surname>Yamada</surname></persName>
		</author>
		<author>
			<persName xmlns="http://www.tei-c.org/ns/1.0"><forename type="first">Kevin</forename><surname>Knight</surname></persName>
		</author>
	</analytic>
	<monogr>
		<title level="m">Proceedings of ACL</title>
		<meeting>ACL</meeting>
		<imprint>
			<date type="published" when="2001" />
		</imprint>
	</monogr>
</biblStruct>

<biblStruct >
	<analytic>
		<title level="a" type="main">Machine translation by interaction between paraphraser and transfer</title>
		<author>
			<persName xmlns="http://www.tei-c.org/ns/1.0"><forename type="first">Kazuhide</forename><surname>Yamamoto</surname></persName>
		</author>
	</analytic>
	<monogr>
		<title level="m">Proceedings of COLING</title>
		<meeting>COLING</meeting>
		<imprint>
			<date type="published" when="2002" />
		</imprint>
	</monogr>
</biblStruct>

<biblStruct >
	<analytic>
		<title level="a" type="main">Z-MERT: A fully configurable open source tool for minimum error rate training of machine translation systems</title>
		<author>
			<persName xmlns="http://www.tei-c.org/ns/1.0"><forename type="first">Omar</forename><forename type="middle">F</forename><surname>Zaidan</surname></persName>
		</author>
	</analytic>
	<monogr>
		<title level="j">The Prague Bulletin of Mathematical Linguistics</title>
		<imprint>
			<biblScope unit="volume">91</biblScope>
			<biblScope unit="page" from="79" to="88" />
			<date type="published" when="2009" />
		</imprint>
	</monogr>
</biblStruct>

<biblStruct >
	<analytic>
		<title level="a" type="main">Combining multiple resources to improve SMT-based paraphrasing model</title>
		<author>
			<persName xmlns="http://www.tei-c.org/ns/1.0"><forename type="first">Shiqi</forename><surname>Zhao</surname></persName>
		</author>
		<author>
			<persName xmlns="http://www.tei-c.org/ns/1.0"><forename type="first">Cheng</forename><surname>Niu</surname></persName>
		</author>
		<author>
			<persName xmlns="http://www.tei-c.org/ns/1.0"><forename type="first">Ming</forename><surname>Zhou</surname></persName>
		</author>
		<author>
			<persName xmlns="http://www.tei-c.org/ns/1.0"><forename type="first">Ting</forename><surname>Liu</surname></persName>
		</author>
		<author>
			<persName xmlns="http://www.tei-c.org/ns/1.0"><forename type="first">Sheng</forename><surname>Li</surname></persName>
		</author>
	</analytic>
	<monogr>
		<title level="m">Proceedings of ACL/HLT</title>
		<meeting>ACL/HLT</meeting>
		<imprint>
			<date type="published" when="2008" />
		</imprint>
	</monogr>
</biblStruct>

<biblStruct >
	<analytic>
		<title level="a" type="main">Pivot approach for extracting paraphrase patterns from bilingual corpora</title>
		<author>
			<persName xmlns="http://www.tei-c.org/ns/1.0"><forename type="first">Shiqi</forename><surname>Zhao</surname></persName>
		</author>
		<author>
			<persName xmlns="http://www.tei-c.org/ns/1.0"><forename type="first">Haifeng</forename><surname>Wang</surname></persName>
		</author>
		<author>
			<persName xmlns="http://www.tei-c.org/ns/1.0"><forename type="first">Ting</forename><surname>Liu</surname></persName>
		</author>
		<author>
			<persName xmlns="http://www.tei-c.org/ns/1.0"><forename type="first">Sheng</forename><surname>Li</surname></persName>
		</author>
	</analytic>
	<monogr>
		<title level="m">Proceedings of ACL/HLT</title>
		<meeting>ACL/HLT</meeting>
		<imprint>
			<date type="published" when="2008" />
		</imprint>
	</monogr>
</biblStruct>

<biblStruct >
	<analytic>
		<title level="a" type="main">Application-driven statistical paraphrase generation</title>
		<author>
			<persName xmlns="http://www.tei-c.org/ns/1.0"><forename type="first">Shiqi</forename><surname>Zhao</surname></persName>
		</author>
		<author>
			<persName xmlns="http://www.tei-c.org/ns/1.0"><forename type="first">Xiang</forename><surname>Lan</surname></persName>
		</author>
		<author>
			<persName xmlns="http://www.tei-c.org/ns/1.0"><forename type="first">Ting</forename><surname>Liu</surname></persName>
		</author>
		<author>
			<persName xmlns="http://www.tei-c.org/ns/1.0"><forename type="first">Sheng</forename><surname>Li</surname></persName>
		</author>
	</analytic>
	<monogr>
		<title level="m">Proceedings of ACL</title>
		<meeting>ACL</meeting>
		<imprint>
			<date type="published" when="2009" />
		</imprint>
	</monogr>
</biblStruct>

<biblStruct >
	<analytic>
		<title level="a" type="main">Paraeval: Using paraphrases to evaluate summaries automatically</title>
		<author>
			<persName xmlns="http://www.tei-c.org/ns/1.0"><forename type="first">Liang</forename><surname>Zhou</surname></persName>
		</author>
		<author>
			<persName xmlns="http://www.tei-c.org/ns/1.0"><forename type="first">Chin-Yew</forename><surname>Lin</surname></persName>
		</author>
		<author>
			<persName xmlns="http://www.tei-c.org/ns/1.0"><forename type="first">Dragos</forename><forename type="middle">Stefan</forename><surname>Munteanu</surname></persName>
		</author>
		<author>
			<persName xmlns="http://www.tei-c.org/ns/1.0"><forename type="first">Eduard</forename><surname>Hovy</surname></persName>
		</author>
	</analytic>
	<monogr>
		<title level="m">Proceedings of HLT/NAACL</title>
		<meeting>HLT/NAACL</meeting>
		<imprint>
			<date type="published" when="2006" />
		</imprint>
	</monogr>
</biblStruct>

<biblStruct >
	<analytic>
		<title level="a" type="main">Syntax augmented machine translation via chart parsing</title>
		<author>
			<persName xmlns="http://www.tei-c.org/ns/1.0"><forename type="first">Andreas</forename><surname>Zollmann</surname></persName>
		</author>
		<author>
			<persName xmlns="http://www.tei-c.org/ns/1.0"><forename type="first">Ashish</forename><surname>Venugopal</surname></persName>
		</author>
	</analytic>
	<monogr>
		<title level="m">Proceedings of WMT06</title>
		<meeting>WMT06</meeting>
		<imprint>
			<date type="published" when="2006" />
		</imprint>
	</monogr>
</biblStruct>

			</listBibl>
		</back>
	</text>
</TEI>
