<?xml version="1.0" ?>
<TEI xmlns="http://www.tei-c.org/ns/1.0" xmlns:xlink="http://www.w3.org/1999/xlink" 
 xmlns:mml="http://www.w3.org/1998/Math/MathML">
	<teiHeader>
		<fileDesc xml:id="f_249"/>
	</teiHeader>
	<text>
		<front/>
		<body/>
		<back>
			<listBibl>
<biblStruct >
	<analytic>
		<title level="a" type="main">A clustering approach for the nearly unsupervised recognition of nonliteral language</title>
		<author>
			<persName xmlns="http://www.tei-c.org/ns/1.0"><forename type="first">Julia</forename><surname>Birke</surname></persName>
		</author>
		<author>
			<persName xmlns="http://www.tei-c.org/ns/1.0"><forename type="first">Anoop</forename><surname>Sarkar</surname></persName>
		</author>
	</analytic>
	<monogr>
		<title level="m">Proceedings of the 11th Conference of the European Chapter of the Association for Computational Linguistics (EACL 2006)</title>
		<meeting>the 11th Conference of the European Chapter of the Association for Computational Linguistics (EACL 2006)</meeting>
		<imprint>
			<date type="published" when="2006" />
			<biblScope unit="page" from="329" to="336" />
		</imprint>
	</monogr>
</biblStruct>

<biblStruct >
	<analytic>
		<title level="a" type="main">Active learning for the identification of nonliteral language</title>
		<author>
			<persName xmlns="http://www.tei-c.org/ns/1.0"><forename type="first">Julia</forename><surname>Birke</surname></persName>
		</author>
		<author>
			<persName xmlns="http://www.tei-c.org/ns/1.0"><forename type="first">Anoop</forename><surname>Sarkar</surname></persName>
		</author>
	</analytic>
	<monogr>
		<title level="m">Proceedings of the Workshop on Computational Approaches to Figurative Language at HLT/NAACL-07</title>
		<meeting>the Workshop on Computational Approaches to Figurative Language at HLT/NAACL-07</meeting>
		<imprint>
			<date type="published" when="2007" />
			<biblScope unit="page" from="21" to="28" />
		</imprint>
	</monogr>
</biblStruct>

<biblStruct >
	<analytic>
		<title level="a" type="main">Efficiency vs. effectiveness in terabyte-scale information retrieval</title>
		<author>
			<persName xmlns="http://www.tei-c.org/ns/1.0"><forename type="first">Stefan</forename><surname>Büttcher</surname></persName>
		</author>
		<author>
			<persName xmlns="http://www.tei-c.org/ns/1.0"><forename type="first">Charles</forename><surname>Clarke</surname></persName>
		</author>
	</analytic>
	<monogr>
		<title level="m">Proceedings of the 14th Text REtrieval Conference (TREC 2005)</title>
		<meeting>the 14th Text REtrieval Conference (TREC 2005)<address><addrLine>Gaithersburg, MD</addrLine></address></meeting>
		<imprint>
			<date type="published" when="2005" />
		</imprint>
	</monogr>
</biblStruct>

<biblStruct >
	<analytic>
		<title level="a" type="main">Experiments with LSA scoring: Optimal rank and basis</title>
		<author>
			<persName xmlns="http://www.tei-c.org/ns/1.0"><forename type="first">John</forename><surname>Caron</surname></persName>
		</author>
	</analytic>
	<monogr>
		<title level="m">Proceedings of the SIAM Computational Information Retrieval Workshop</title>
		<meeting>the SIAM Computational Information Retrieval Workshop<address><addrLine>Raleigh, NC</addrLine></address></meeting>
		<imprint>
			<date type="published" when="2001" />
			<biblScope unit="page" from="157" to="169" />
		</imprint>
	</monogr>
</biblStruct>

<biblStruct >
	<analytic>
		<title level="a" type="main">Economically organized hierarchies in WordNet and the Oxford English Dictionary</title>
		<author>
			<persName xmlns="http://www.tei-c.org/ns/1.0"><forename type="first">Mark</forename><surname>Changizi</surname></persName>
		</author>
	</analytic>
	<monogr>
		<title level="j">Cognitive Systems Research</title>
		<imprint>
			<biblScope unit="volume">9</biblScope>
			<biblScope unit="issue">3</biblScope>
			<biblScope unit="page" from="214" to="228" />
			<date type="published" when="2008" />
		</imprint>
	</monogr>
</biblStruct>

<biblStruct >
	<analytic>
		<title level="a" type="main">Word association norms, mutual information, and lexicography</title>
		<author>
			<persName xmlns="http://www.tei-c.org/ns/1.0"><forename type="first">Kenneth</forename><surname>Church</surname></persName>
		</author>
		<author>
			<persName xmlns="http://www.tei-c.org/ns/1.0"><forename type="first">Patrick</forename><surname>Hanks</surname></persName>
		</author>
	</analytic>
	<monogr>
		<title level="m">Proceedings of the 27th Annual Conference of the Association of Computational Linguistics</title>
		<meeting>the 27th Annual Conference of the Association of Computational Linguistics<address><addrLine>Vancouver, British Columbia</addrLine></address></meeting>
		<imprint>
			<date type="published" when="1989" />
			<biblScope unit="page" from="76" to="83" />
		</imprint>
	</monogr>
</biblStruct>

<biblStruct >
	<analytic>
		<title level="a" type="main">The MRC psycholinguistic database</title>
		<author>
			<persName xmlns="http://www.tei-c.org/ns/1.0"><forename type="first">Max</forename><surname>Coltheart</surname></persName>
		</author>
	</analytic>
	<monogr>
		<title level="j">Quarterly Journal of Experimental Psychology</title>
		<imprint>
			<biblScope unit="volume">33</biblScope>
			<biblScope unit="issue">4</biblScope>
			<biblScope unit="page" from="497" to="505" />
			<date type="published" when="1981" />
		</imprint>
	</monogr>
</biblStruct>

<biblStruct >
	<analytic>
		<title level="a" type="main">Metaphorical &quot;networks&quot; and verbal communication: A semiotic perspective on human discourse</title>
		<author>
			<persName xmlns="http://www.tei-c.org/ns/1.0"><forename type="first">Marcel</forename><surname>Danesi</surname></persName>
		</author>
	</analytic>
	<monogr>
		<title level="j">Sign Systems Studies</title>
		<imprint>
			<biblScope unit="volume">31</biblScope>
			<biblScope unit="page" from="341" to="363" />
			<date type="published" when="2003" />
		</imprint>
	</monogr>
</biblStruct>

<biblStruct >
	<analytic>
		<title level="a" type="main">The 385+ million word Corpus of Contemporary American English (1990-2008+): Design, architecture, and linguistic insights</title>
		<author>
			<persName xmlns="http://www.tei-c.org/ns/1.0"><forename type="first">Mark</forename><surname>Davies</surname></persName>
		</author>
	</analytic>
	<monogr>
		<title level="j">International Journal of Corpus Linguistics</title>
		<imprint>
			<biblScope unit="volume">14</biblScope>
			<biblScope unit="issue">2</biblScope>
			<biblScope unit="page" from="159" to="190" />
			<date type="published" when="2009" />
		</imprint>
	</monogr>
</biblStruct>

<biblStruct >
	<analytic>
		<title level="a" type="main">Text analysis for automatic image annotation</title>
		<author>
			<persName xmlns="http://www.tei-c.org/ns/1.0"><forename type="first">Koen</forename><surname>Deschacht</surname></persName>
		</author>
		<author>
			<persName xmlns="http://www.tei-c.org/ns/1.0"><forename type="first">Marie-Francine</forename><surname>Moens</surname></persName>
		</author>
	</analytic>
	<monogr>
		<title level="m">Proceedings of the 45th Annual Meeting of the Association of Computational Linguistics</title>
		<meeting>the 45th Annual Meeting of the Association of Computational Linguistics</meeting>
		<imprint>
			<date type="published" when="2007" />
			<biblScope unit="page" from="1000" to="1007" />
		</imprint>
	</monogr>
</biblStruct>

<biblStruct >
	<analytic>
		<title level="a" type="main">Metaphor as an emergent property of machine-readable dictionaries</title>
		<author>
			<persName xmlns="http://www.tei-c.org/ns/1.0"><forename type="first">William</forename><forename type="middle">B</forename><surname>Dolan</surname></persName>
		</author>
	</analytic>
	<monogr>
		<title level="m">Proceedings of the AAAI 1995 Spring Symposium Series: Representation and Acquisition of Lexical Knowledge: Polysemy, Ambiguity and Generativity</title>
		<meeting>the AAAI 1995 Spring Symposium Series: Representation and Acquisition of Lexical Knowledge: Polysemy, Ambiguity and Generativity</meeting>
		<imprint>
			<date type="published" when="1995" />
			<biblScope unit="page" from="27" to="32" />
		</imprint>
	</monogr>
</biblStruct>

<biblStruct >
	<analytic>
		<title level="a" type="main">Metaphor is like analogy</title>
		<author>
			<persName xmlns="http://www.tei-c.org/ns/1.0"><forename type="first">Dedre</forename><surname>Gentner</surname></persName>
		</author>
		<author>
			<persName xmlns="http://www.tei-c.org/ns/1.0"><forename type="first">Brian</forename><forename type="middle">F</forename><surname>Bowdle</surname></persName>
		</author>
		<author>
			<persName xmlns="http://www.tei-c.org/ns/1.0"><forename type="first">Phillip</forename><surname>Wolff</surname></persName>
		</author>
		<author>
			<persName xmlns="http://www.tei-c.org/ns/1.0"><forename type="first">Consuelo</forename><surname>Boronat</surname></persName>
		</author>
	</analytic>
	<monogr>
		<title level="m">The analogical mind: Perspectives from Cognitive Science</title>
		<editor>D. Gentner, K. J. Holyoak, and B. N. Kokinov</editor>
		<meeting><address><addrLine>Cambridge, MA</addrLine></address></meeting>
		<imprint>
			<publisher>MIT Press</publisher>
			<date type="published" when="2001" />
			<biblScope unit="page" from="199" to="253" />
		</imprint>
	</monogr>
</biblStruct>

<biblStruct >
	<analytic>
		<title level="a" type="main">Compilation of an idiom example database for supervised idiom identification</title>
		<author>
			<persName xmlns="http://www.tei-c.org/ns/1.0"><forename type="first">Chikara</forename><surname>Hashimoto</surname></persName>
		</author>
		<author>
			<persName xmlns="http://www.tei-c.org/ns/1.0"><forename type="first">Daisuke</forename><surname>Kawahara</surname></persName>
		</author>
	</analytic>
	<monogr>
		<title level="j">Language Resources and Evaluation</title>
		<imprint>
			<biblScope unit="volume">43</biblScope>
			<biblScope unit="issue">4</biblScope>
			<biblScope unit="page" from="355" to="384" />
			<date type="published" when="2009" />
		</imprint>
	</monogr>
</biblStruct>

<biblStruct >
	<monogr>
		<title level="m" type="main">Metaphors We Live By</title>
		<author>
			<persName xmlns="http://www.tei-c.org/ns/1.0"><forename type="first">George</forename><surname>Lakoff</surname></persName>
		</author>
		<author>
			<persName xmlns="http://www.tei-c.org/ns/1.0"><forename type="first">Mark</forename><surname>Johnson</surname></persName>
		</author>
		<imprint>
			<date type="published" when="1980" />
			<publisher>University Of Chicago Press</publisher>
			<pubPlace>Chicago, IL</pubPlace>
		</imprint>
	</monogr>
</biblStruct>

<biblStruct >
	<analytic>
		<title level="a" type="main">A solution to Plato&apos;s problem: The latent semantic analysis theory of the acquisition, induction, and representation of knowledge</title>
		<author>
			<persName xmlns="http://www.tei-c.org/ns/1.0"><forename type="first">K</forename><surname>Thomas</surname></persName>
		</author>
		<author>
			<persName xmlns="http://www.tei-c.org/ns/1.0"><forename type="first">Susan</forename><forename type="middle">T</forename><surname>Landauer</surname></persName>
		</author>
		<author>
			<persName xmlns="http://www.tei-c.org/ns/1.0"><surname>Dumais</surname></persName>
		</author>
	</analytic>
	<monogr>
		<title level="j">Psychological Review</title>
		<imprint>
			<biblScope unit="volume">104</biblScope>
			<biblScope unit="issue">2</biblScope>
			<biblScope unit="page" from="211" to="240" />
			<date type="published" when="1997" />
		</imprint>
	</monogr>
</biblStruct>

<biblStruct >
	<analytic>
		<title level="a" type="main">Ridge estimators in logistic regression</title>
		<author>
			<persName xmlns="http://www.tei-c.org/ns/1.0"><forename type="first">J</forename><forename type="middle">C</forename><surname>Saskia Le Cessie</surname></persName>
		</author>
		<author>
			<persName xmlns="http://www.tei-c.org/ns/1.0"><surname>Van Houwelingen</surname></persName>
		</author>
	</analytic>
	<monogr>
		<title level="j">Applied Statistics</title>
		<imprint>
			<biblScope unit="volume">41</biblScope>
			<biblScope unit="issue">1</biblScope>
			<biblScope unit="page" from="191" to="201" />
			<date type="published" when="1992" />
		</imprint>
	</monogr>
</biblStruct>

<biblStruct >
	<monogr>
		<title level="m" type="main">Why are spy researchers building a &apos;Metaphor Program&apos;? The Atlantic</title>
		<author>
			<persName xmlns="http://www.tei-c.org/ns/1.0"><forename type="first">Alexis</forename><surname>Madrigal</surname></persName>
		</author>
		<imprint>
			<date type="published" when="2011-05-25" />
		</imprint>
	</monogr>
</biblStruct>

<biblStruct >
	<analytic>
		<title level="a" type="main">Computer understanding of conventional metaphoric language</title>
		<author>
			<persName xmlns="http://www.tei-c.org/ns/1.0"><forename type="first">James</forename><forename type="middle">H</forename><surname>Martin</surname></persName>
		</author>
	</analytic>
	<monogr>
		<title level="j">Cognitive Science</title>
		<imprint>
			<biblScope unit="volume">16</biblScope>
			<biblScope unit="issue">2</biblScope>
			<biblScope unit="page" from="233" to="270" />
			<date type="published" when="1992" />
		</imprint>
	</monogr>
</biblStruct>

<biblStruct >
	<analytic>
		<title level="a" type="main">CorMet: A computational, corpus-based conventional metaphor extraction system</title>
		<author>
			<persName xmlns="http://www.tei-c.org/ns/1.0"><forename type="first">Zachary</forename><surname>Mason</surname></persName>
		</author>
	</analytic>
	<monogr>
		<title level="j">Computational Linguistics</title>
		<imprint>
			<biblScope unit="volume">30</biblScope>
			<biblScope unit="issue">1</biblScope>
			<biblScope unit="page" from="23" to="44" />
			<date type="published" when="2004" />
		</imprint>
	</monogr>
</biblStruct>

<biblStruct >
	<analytic>
		<title level="a" type="main">Applied morphological processing of English</title>
		<author>
			<persName xmlns="http://www.tei-c.org/ns/1.0"><forename type="first">Guido</forename><surname>Minnen</surname></persName>
		</author>
		<author>
			<persName xmlns="http://www.tei-c.org/ns/1.0"><forename type="first">John</forename><surname>Carroll</surname></persName>
		</author>
		<author>
			<persName xmlns="http://www.tei-c.org/ns/1.0"><forename type="first">Darren</forename><surname>Pearce</surname></persName>
		</author>
	</analytic>
	<monogr>
		<title level="j">Natural Language Engineering</title>
		<imprint>
			<biblScope unit="volume">7</biblScope>
			<biblScope unit="issue">3</biblScope>
			<biblScope unit="page" from="207" to="223" />
			<date type="published" when="2001" />
		</imprint>
	</monogr>
</biblStruct>

<biblStruct >
	<analytic>
		<title level="a" type="main">Word sense disambiguation: A survey</title>
		<author>
			<persName xmlns="http://www.tei-c.org/ns/1.0"><forename type="first">Roberto</forename><surname>Navigli</surname></persName>
		</author>
	</analytic>
	<monogr>
		<title level="j">ACM Computing Surveys</title>
		<imprint>
			<biblScope unit="volume">41</biblScope>
			<biblScope unit="issue">2</biblScope>
			<biblScope unit="page" from="1" to="69" />
			<date type="published" when="2009" />
		</imprint>
	</monogr>
</biblStruct>

<biblStruct >
	<analytic>
		<title level="a" type="main">Metaphor-based meaning excavation</title>
		<author>
			<persName xmlns="http://www.tei-c.org/ns/1.0"><forename type="first">Yair</forename><surname>Neuman</surname></persName>
		</author>
		<author>
			<persName xmlns="http://www.tei-c.org/ns/1.0"><forename type="first">Ophir</forename><surname>Nave</surname></persName>
		</author>
	</analytic>
	<monogr>
		<title level="j">Information Sciences</title>
		<imprint>
			<biblScope unit="volume">179</biblScope>
			<biblScope unit="page" from="2719" to="2728" />
			<date type="published" when="2009" />
		</imprint>
	</monogr>
</biblStruct>

<biblStruct >
	<analytic>
		<title level="a" type="main">Syntactic features and word similarity for supervised metonymy resolution</title>
		<author>
			<persName xmlns="http://www.tei-c.org/ns/1.0"><forename type="first">Malvina</forename><surname>Nissim</surname></persName>
		</author>
		<author>
			<persName xmlns="http://www.tei-c.org/ns/1.0"><forename type="first">Katja</forename><surname>Markert</surname></persName>
		</author>
	</analytic>
	<monogr>
		<title level="m">Proceedings of the 41st Annual Meeting of the Association for Computational Linguistics (ACL-03)</title>
		<meeting>the 41st Annual Meeting of the Association for Computational Linguistics (ACL-03)<address><addrLine>Sapporo, Japan</addrLine></address></meeting>
		<imprint>
			<date type="published" when="2003" />
			<biblScope unit="page" from="56" to="63" />
		</imprint>
	</monogr>
</biblStruct>

<biblStruct >
	<analytic>
		<title level="a" type="main">Word sense discovery based on sense descriptor dissimilarity</title>
		<author>
			<persName xmlns="http://www.tei-c.org/ns/1.0"><forename type="first">Reinhard</forename><surname>Rapp</surname></persName>
		</author>
	</analytic>
	<monogr>
		<title level="m">Proceedings of the Ninth Machine Translation Summit</title>
		<meeting>the Ninth Machine Translation Summit</meeting>
		<imprint>
			<date type="published" when="2003" />
			<biblScope unit="page" from="315" to="322" />
		</imprint>
	</monogr>
</biblStruct>

<biblStruct >
	<analytic>
		<title level="a" type="main">A vector space model for automatic indexing</title>
		<author>
			<persName xmlns="http://www.tei-c.org/ns/1.0"><forename type="first">Gerard</forename><surname>Salton</surname></persName>
		</author>
		<author>
			<persName xmlns="http://www.tei-c.org/ns/1.0"><forename type="first">Anita</forename><surname>Wong</surname></persName>
		</author>
		<author>
			<persName xmlns="http://www.tei-c.org/ns/1.0"><forename type="first">Chung-Shu</forename><surname>Yang</surname></persName>
		</author>
	</analytic>
	<monogr>
		<title level="j">Communications of the ACM</title>
		<imprint>
			<biblScope unit="volume">18</biblScope>
			<biblScope unit="issue">11</biblScope>
			<biblScope unit="page" from="613" to="620" />
			<date type="published" when="1975" />
		</imprint>
	</monogr>
</biblStruct>

<biblStruct >
	<analytic>
		<title level="a" type="main">Measuring praise and criticism: Inference of semantic orientation from association</title>
		<author>
			<persName xmlns="http://www.tei-c.org/ns/1.0"><forename type="first">D</forename><surname>Peter</surname></persName>
		</author>
		<author>
			<persName xmlns="http://www.tei-c.org/ns/1.0"><forename type="first">Michael</forename><forename type="middle">L</forename><surname>Turney</surname></persName>
		</author>
		<author>
			<persName xmlns="http://www.tei-c.org/ns/1.0"><surname>Littman</surname></persName>
		</author>
	</analytic>
	<monogr>
		<title level="j">ACM Transactions on Information Systems</title>
		<imprint>
			<biblScope unit="volume">21</biblScope>
			<biblScope unit="issue">4</biblScope>
			<biblScope unit="page" from="315" to="346" />
			<date type="published" when="2003" />
		</imprint>
	</monogr>
</biblStruct>

<biblStruct >
	<analytic>
		<title level="a" type="main">From frequency to meaning: Vector space models of semantics</title>
		<author>
			<persName xmlns="http://www.tei-c.org/ns/1.0"><forename type="first">D</forename><surname>Peter</surname></persName>
		</author>
		<author>
			<persName xmlns="http://www.tei-c.org/ns/1.0"><forename type="first">Patrick</forename><surname>Turney</surname></persName>
		</author>
		<author>
			<persName xmlns="http://www.tei-c.org/ns/1.0"><surname>Pantel</surname></persName>
		</author>
	</analytic>
	<monogr>
		<title level="j">Journal of Artificial Intelligence Research</title>
		<imprint>
			<biblScope unit="volume">37</biblScope>
			<biblScope unit="page" from="141" to="188" />
			<date type="published" when="2010" />
		</imprint>
	</monogr>
</biblStruct>

<biblStruct >
	<monogr>
				<author>
			<persName xmlns="http://www.tei-c.org/ns/1.0"><forename type="first">H</forename><surname>Ian</surname></persName>
		</author>
		<author>
			<persName xmlns="http://www.tei-c.org/ns/1.0"><forename type="first">Eibe</forename><surname>Witten</surname></persName>
		</author>
		<author>
			<persName xmlns="http://www.tei-c.org/ns/1.0"><surname>Frank</surname></persName>
		</author>
		<title level="m">Data Mining: Practical Machine Learning Tools and Techniques with Java Implementations</title>
		<meeting><address><addrLine>San Francisco</addrLine></address></meeting>
		<imprint>
			<publisher>Morgan Kaufmann</publisher>
			<date type="published" when="2005" />
		</imprint>
	</monogr>
</biblStruct>

<biblStruct >
	<analytic>
		<title level="a" type="main">Query difficulty prediction for contextual image retrieval</title>
		<author>
			<persName xmlns="http://www.tei-c.org/ns/1.0"><forename type="first">Xing</forename><surname>Xing</surname></persName>
		</author>
		<author>
			<persName xmlns="http://www.tei-c.org/ns/1.0"><forename type="first">Yi</forename><surname>Zhang</surname></persName>
		</author>
		<author>
			<persName xmlns="http://www.tei-c.org/ns/1.0"><forename type="first">Mei</forename><surname>Han</surname></persName>
		</author>
	</analytic>
	<monogr>
		<title level="m">Advances in Information Retrieval</title>
		<imprint>
			<publisher>Springer</publisher>
			<date type="published" when="2010" />
			<biblScope unit="volume">5993</biblScope>
			<biblScope unit="page" from="581" to="585" />
		</imprint>
	</monogr>
</biblStruct>

			</listBibl>
		</back>
	</text>
</TEI>
