<?xml version="1.0" ?>
<TEI xmlns="http://www.tei-c.org/ns/1.0" xmlns:xlink="http://www.w3.org/1999/xlink" 
 xmlns:mml="http://www.w3.org/1998/Math/MathML">
	<teiHeader>
		<fileDesc xml:id="f_65"/>
	</teiHeader>
	<text>
		<front/>
		<body/>
		<back>
			<listBibl>
<biblStruct >
	<analytic>
		<title level="a" type="main">Syntax directed translations and the pushdown assembler</title>
		<author>
			<persName xmlns="http://www.tei-c.org/ns/1.0"><forename type="first">A</forename><forename type="middle">V</forename><surname>Aho</surname></persName>
		</author>
		<author>
			<persName xmlns="http://www.tei-c.org/ns/1.0"><forename type="first">J</forename><forename type="middle">D</forename><surname>Ullman</surname></persName>
		</author>
	</analytic>
	<monogr>
		<title level="j">Journal of Computer and System Sciences</title>
		<imprint>
			<biblScope unit="volume">3</biblScope>
			<biblScope unit="issue">1</biblScope>
			<biblScope unit="page" from="37" to="56" />
			<date type="published" when="1969" />
		</imprint>
	</monogr>
</biblStruct>

<biblStruct >
	<analytic>
		<title level="a" type="main">A simple domain-independent probabilistic approach to generation</title>
		<author>
			<persName xmlns="http://www.tei-c.org/ns/1.0"><forename type="first">G</forename><surname>Angeli</surname></persName>
		</author>
		<author>
			<persName xmlns="http://www.tei-c.org/ns/1.0"><forename type="first">P</forename><surname>Liang</surname></persName>
		</author>
		<author>
			<persName xmlns="http://www.tei-c.org/ns/1.0"><forename type="first">D</forename><surname>Klein</surname></persName>
		</author>
	</analytic>
	<monogr>
		<title level="m">Proc. EMNLP</title>
		<meeting>EMNLP</meeting>
		<imprint>
			<date type="published" when="2010" />
			<biblScope unit="page" from="502" to="512" />
		</imprint>
	</monogr>
</biblStruct>

<biblStruct >
	<analytic>
		<title level="a" type="main">Trainable grammars for speech recognition</title>
		<author>
			<persName xmlns="http://www.tei-c.org/ns/1.0"><forename type="first">J</forename><forename type="middle">K</forename><surname>Baker</surname></persName>
		</author>
	</analytic>
	<monogr>
		<title level="j">The Journal of the Acoustical Society of America</title>
		<imprint>
			<biblScope unit="volume">65</biblScope>
			<biblScope unit="page">132</biblScope>
			<date type="published" when="1979" />
		</imprint>
	</monogr>
</biblStruct>

<biblStruct >
	<analytic>
		<title level="a" type="main">The Lambda Calculus, Its Syntax and Semantics (Studies in Logic and the</title>
		<author>
			<persName xmlns="http://www.tei-c.org/ns/1.0"><forename type="first">H</forename><forename type="middle">P</forename><surname>Barendregt</surname></persName>
		</author>
	</analytic>
	<monogr>
		<title level="j">Foundations of Mathematics</title>
		<imprint>
			<biblScope unit="volume">103</biblScope>
			<date type="published" when="1985" />
		</imprint>
	</monogr>
	<note>Revised Edition</note>
</biblStruct>

<biblStruct >
	<analytic>
		<title level="a" type="main">The mathematics of statistical machine translation: Parameter estimation</title>
		<author>
			<persName xmlns="http://www.tei-c.org/ns/1.0"><forename type="first">P</forename><forename type="middle">F</forename><surname>Brown</surname></persName>
		</author>
		<author>
			<persName xmlns="http://www.tei-c.org/ns/1.0"><forename type="first">V</forename><forename type="middle">J</forename><surname>Della Pietra</surname></persName>
		</author>
		<author>
			<persName xmlns="http://www.tei-c.org/ns/1.0"><forename type="first">S</forename><forename type="middle">A</forename><surname>Della Pietra</surname></persName>
		</author>
		<author>
			<persName xmlns="http://www.tei-c.org/ns/1.0"><forename type="first">R</forename><forename type="middle">L</forename><surname>Mercer</surname></persName>
		</author>
	</analytic>
	<monogr>
		<title level="j">Computational Linguistics</title>
		<imprint>
			<biblScope unit="volume">19</biblScope>
			<biblScope unit="page" from="263" to="311" />
			<date type="published" when="1993" />
		</imprint>
	</monogr>
</biblStruct>

<biblStruct >
	<analytic>
		<title level="a" type="main">An empirical study of smoothing techniques for language modeling</title>
		<author>
			<persName xmlns="http://www.tei-c.org/ns/1.0"><forename type="first">S</forename><forename type="middle">F</forename><surname>Chen</surname></persName>
		</author>
		<author>
			<persName xmlns="http://www.tei-c.org/ns/1.0"><forename type="first">J</forename><surname>Goodman</surname></persName>
		</author>
	</analytic>
	<monogr>
		<title level="m">Proc. ACL</title>
		<meeting>ACL</meeting>
		<imprint>
			<date type="published" when="1996" />
			<biblScope unit="page" from="310" to="318" />
		</imprint>
	</monogr>
</biblStruct>

<biblStruct >
	<analytic>
		<title level="a" type="main">Learning to sportscast: a test of grounded language acquisition</title>
		<author>
			<persName xmlns="http://www.tei-c.org/ns/1.0"><forename type="first">D</forename><forename type="middle">L</forename><surname>Chen</surname></persName>
		</author>
		<author>
			<persName xmlns="http://www.tei-c.org/ns/1.0"><forename type="first">R</forename><forename type="middle">J</forename><surname>Mooney</surname></persName>
		</author>
	</analytic>
	<monogr>
		<title level="m">Proc. ICML</title>
		<meeting>ICML</meeting>
		<imprint>
			<date type="published" when="2008" />
			<biblScope unit="page" from="128" to="135" />
		</imprint>
	</monogr>
</biblStruct>

<biblStruct >
	<analytic>
		<title level="a" type="main">A hierarchical phrase-based model for statistical machine translation</title>
		<author>
			<persName xmlns="http://www.tei-c.org/ns/1.0"><forename type="first">D</forename><surname>Chiang</surname></persName>
		</author>
	</analytic>
	<monogr>
		<title level="m">Proc. ACL</title>
		<meeting>ACL</meeting>
		<imprint>
			<date type="published" when="2005" />
			<biblScope unit="page" from="263" to="270" />
		</imprint>
	</monogr>
</biblStruct>

<biblStruct >
	<analytic>
		<title level="a" type="main">Hierarchical phrase-based translation</title>
		<author>
			<persName xmlns="http://www.tei-c.org/ns/1.0"><forename type="first">D</forename><surname>Chiang</surname></persName>
		</author>
	</analytic>
	<monogr>
		<title level="j">Computational Linguistics</title>
		<imprint>
			<biblScope unit="volume">33</biblScope>
			<biblScope unit="page" from="201" to="228" />
			<date type="published" when="2007" />
		</imprint>
	</monogr>
</biblStruct>

<biblStruct >
	<analytic>
		<title level="a" type="main">Automatic evaluation of machine translation quality using n-gram co-occurrence statistics</title>
		<author>
			<persName xmlns="http://www.tei-c.org/ns/1.0"><forename type="first">G</forename><surname>Doddington</surname></persName>
		</author>
	</analytic>
	<monogr>
		<title level="m">Proc. HLT</title>
		<meeting>HLT</meeting>
		<imprint>
			<date type="published" when="2002" />
			<biblScope unit="page" from="138" to="145" />
		</imprint>
	</monogr>
</biblStruct>

<biblStruct >
	<analytic>
		<title level="a" type="main">Accurate non-hierarchical phrase-based translation</title>
		<author>
			<persName xmlns="http://www.tei-c.org/ns/1.0"><forename type="first">M</forename><surname>Galley</surname></persName>
		</author>
		<author>
			<persName xmlns="http://www.tei-c.org/ns/1.0"><forename type="first">C</forename><forename type="middle">D</forename><surname>Manning</surname></persName>
		</author>
	</analytic>
	<monogr>
		<title level="m">Proc. HLT/NAACL</title>
		<meeting>HLT/NAACL</meeting>
		<imprint>
			<date type="published" when="2010" />
			<biblScope unit="page" from="966" to="974" />
		</imprint>
	</monogr>
</biblStruct>

<biblStruct >
	<analytic>
		<title level="a" type="main">Learning a compositional semantic parser using an existing syntactic parser</title>
		<author>
			<persName xmlns="http://www.tei-c.org/ns/1.0"><forename type="first">R</forename><surname>Ge</surname></persName>
		</author>
		<author>
			<persName xmlns="http://www.tei-c.org/ns/1.0"><forename type="first">R</forename><forename type="middle">J</forename><surname>Mooney</surname></persName>
		</author>
	</analytic>
	<monogr>
		<title level="m">Proc. ACL/IJCNLP</title>
		<meeting>ACL/IJCNLP</meeting>
		<imprint>
			<date type="published" when="2009" />
			<biblScope unit="page" from="611" to="619" />
		</imprint>
	</monogr>
</biblStruct>

<biblStruct >
	<analytic>
		<title level="a" type="main">The undecidability of unification in third order logic</title>
		<author>
			<persName xmlns="http://www.tei-c.org/ns/1.0"><forename type="first">G</forename><forename type="middle">P</forename><surname>Huet</surname></persName>
		</author>
	</analytic>
	<monogr>
		<title level="j">Information and Control</title>
		<imprint>
			<biblScope unit="volume">22</biblScope>
			<biblScope unit="issue">3</biblScope>
			<biblScope unit="page" from="257" to="267" />
			<date type="published" when="1973" />
		</imprint>
	</monogr>
</biblStruct>

<biblStruct >
	<analytic>
		<title level="a" type="main">A unification algorithm for typed λcalculus</title>
		<author>
			<persName xmlns="http://www.tei-c.org/ns/1.0"><forename type="first">G</forename><forename type="middle">P</forename><surname>Huet</surname></persName>
		</author>
	</analytic>
	<monogr>
		<title level="j">Theoretical Computer Science</title>
		<imprint>
			<biblScope unit="volume">1</biblScope>
			<biblScope unit="issue">1</biblScope>
			<biblScope unit="page" from="27" to="57" />
			<date type="published" when="1975" />
		</imprint>
	</monogr>
</biblStruct>

<biblStruct >
	<analytic>
		<title level="a" type="main">Using string-kernels for learning semantic parsers</title>
		<author>
			<persName xmlns="http://www.tei-c.org/ns/1.0"><forename type="first">R</forename><forename type="middle">J</forename><surname>Kate</surname></persName>
		</author>
		<author>
			<persName xmlns="http://www.tei-c.org/ns/1.0"><forename type="first">R</forename><forename type="middle">J</forename><surname>Mooney</surname></persName>
		</author>
	</analytic>
	<monogr>
		<title level="m">Proc. COLING/ACL</title>
		<meeting>COLING/ACL</meeting>
		<imprint>
			<date type="published" when="2006" />
			<biblScope unit="page" from="913" to="920" />
		</imprint>
	</monogr>
</biblStruct>

<biblStruct >
	<analytic>
		<title level="a" type="main">Statistical phrase-based translation</title>
		<author>
			<persName xmlns="http://www.tei-c.org/ns/1.0"><forename type="first">P</forename><surname>Koehn</surname></persName>
		</author>
		<author>
			<persName xmlns="http://www.tei-c.org/ns/1.0"><forename type="first">F</forename><forename type="middle">J</forename><surname>Och</surname></persName>
		</author>
		<author>
			<persName xmlns="http://www.tei-c.org/ns/1.0"><forename type="first">D</forename><surname>Marcu</surname></persName>
		</author>
	</analytic>
	<monogr>
		<title level="m">Proc. NAACL/HLT</title>
		<meeting>NAACL/HLT</meeting>
		<imprint>
			<date type="published" when="2003" />
			<biblScope unit="page" from="48" to="54" />
		</imprint>
	</monogr>
</biblStruct>

<biblStruct >
	<analytic>
		<title level="a" type="main">Moses: open source toolkit for statistical machine translation</title>
		<author>
			<persName xmlns="http://www.tei-c.org/ns/1.0"><forename type="first">P</forename><surname>Koehn</surname></persName>
		</author>
		<author>
			<persName xmlns="http://www.tei-c.org/ns/1.0"><forename type="first">H</forename><surname>Hoang</surname></persName>
		</author>
		<author>
			<persName xmlns="http://www.tei-c.org/ns/1.0"><forename type="first">A</forename><surname>Birch</surname></persName>
		</author>
		<author>
			<persName xmlns="http://www.tei-c.org/ns/1.0"><forename type="first">C</forename><surname>Callison-Burch</surname></persName>
		</author>
		<author>
			<persName xmlns="http://www.tei-c.org/ns/1.0"><forename type="first">M</forename><surname>Federico</surname></persName>
		</author>
		<author>
			<persName xmlns="http://www.tei-c.org/ns/1.0"><forename type="first">N</forename><surname>Bertoldi</surname></persName>
		</author>
		<author>
			<persName xmlns="http://www.tei-c.org/ns/1.0"><forename type="first">B</forename><surname>Cowan</surname></persName>
		</author>
		<author>
			<persName xmlns="http://www.tei-c.org/ns/1.0"><forename type="first">W</forename><surname>Shen</surname></persName>
		</author>
		<author>
			<persName xmlns="http://www.tei-c.org/ns/1.0"><forename type="first">C</forename><surname>Moran</surname></persName>
		</author>
		<author>
			<persName xmlns="http://www.tei-c.org/ns/1.0"><forename type="first">R</forename><surname>Zens</surname></persName>
		</author>
		<author>
			<persName xmlns="http://www.tei-c.org/ns/1.0"><forename type="first">C</forename><surname>Dyer</surname></persName>
		</author>
		<author>
			<persName xmlns="http://www.tei-c.org/ns/1.0"><forename type="first">O</forename><surname>Bojar</surname></persName>
		</author>
		<author>
			<persName xmlns="http://www.tei-c.org/ns/1.0"><forename type="first">A</forename><surname>Constantin</surname></persName>
		</author>
		<author>
			<persName xmlns="http://www.tei-c.org/ns/1.0"><forename type="first">E</forename><surname>Herbst</surname></persName>
		</author>
	</analytic>
	<monogr>
		<title level="m">Proc. ACL (Demonstration Sessions)</title>
		<meeting>ACL (Demonstration Sessions)</meeting>
		<imprint>
			<date type="published" when="2007" />
			<biblScope unit="page" from="177" to="180" />
		</imprint>
	</monogr>
</biblStruct>

<biblStruct >
	<analytic>
		<title level="a" type="main">Statistical significance tests for machine translation evaluation</title>
		<author>
			<persName xmlns="http://www.tei-c.org/ns/1.0"><forename type="first">P</forename><surname>Koehn</surname></persName>
		</author>
	</analytic>
	<monogr>
		<title level="m">Proc. EMNLP</title>
		<meeting>EMNLP</meeting>
		<imprint>
			<date type="published" when="2004" />
			<biblScope unit="page" from="388" to="395" />
		</imprint>
	</monogr>
</biblStruct>

<biblStruct >
	<analytic>
		<title level="a" type="main">Guiding a reinforcement learner with natural language advice: Initial results in RoboCup soccer</title>
		<author>
			<persName xmlns="http://www.tei-c.org/ns/1.0"><forename type="first">G</forename><surname>Kuhlmann</surname></persName>
		</author>
		<author>
			<persName xmlns="http://www.tei-c.org/ns/1.0"><forename type="first">P</forename><surname>Stone</surname></persName>
		</author>
		<author>
			<persName xmlns="http://www.tei-c.org/ns/1.0"><forename type="first">R</forename><surname>Mooney</surname></persName>
		</author>
		<author>
			<persName xmlns="http://www.tei-c.org/ns/1.0"><forename type="first">J</forename><surname>Shavlik</surname></persName>
		</author>
	</analytic>
	<monogr>
		<title level="m">Proc. AAAI Workshop on Supervisory Control of Learning and Adaptive Systems</title>
		<meeting>AAAI Workshop on Supervisory Control of Learning and Adaptive Systems</meeting>
		<imprint>
			<date type="published" when="2004" />
		</imprint>
	</monogr>
</biblStruct>

<biblStruct >
	<analytic>
		<title level="a" type="main">Inducing probabilistic CCG grammars from logical form with higher-order unification</title>
		<author>
			<persName xmlns="http://www.tei-c.org/ns/1.0"><forename type="first">T</forename><surname>Kwiatkowski</surname></persName>
		</author>
		<author>
			<persName xmlns="http://www.tei-c.org/ns/1.0"><forename type="first">L</forename><surname>Zettlemoyer</surname></persName>
		</author>
		<author>
			<persName xmlns="http://www.tei-c.org/ns/1.0"><forename type="first">S</forename><surname>Goldwater</surname></persName>
		</author>
		<author>
			<persName xmlns="http://www.tei-c.org/ns/1.0"><forename type="first">M</forename><surname>Steedman</surname></persName>
		</author>
	</analytic>
	<monogr>
		<title level="m">Proc. EMNLP</title>
		<meeting>EMNLP</meeting>
		<imprint>
			<date type="published" when="2010" />
			<biblScope unit="page" from="1223" to="1233" />
		</imprint>
	</monogr>
</biblStruct>

<biblStruct >
	<analytic>
		<title level="a" type="main">Conditional random fields: Probabilistic models for segmenting and labeling sequence data</title>
		<author>
			<persName xmlns="http://www.tei-c.org/ns/1.0"><forename type="first">J</forename><forename type="middle">D</forename><surname>Lafferty</surname></persName>
		</author>
		<author>
			<persName xmlns="http://www.tei-c.org/ns/1.0"><forename type="first">A</forename><surname>Mccallum</surname></persName>
		</author>
		<author>
			<persName xmlns="http://www.tei-c.org/ns/1.0"><forename type="first">F</forename><forename type="middle">C N</forename><surname>Pereira</surname></persName>
		</author>
	</analytic>
	<monogr>
		<title level="m">Proc. ICML</title>
		<meeting>ICML</meeting>
		<imprint>
			<date type="published" when="2001" />
			<biblScope unit="page" from="282" to="289" />
		</imprint>
	</monogr>
</biblStruct>

<biblStruct >
	<analytic>
		<title level="a" type="main">Forest-based statistical sentence generation</title>
		<author>
			<persName xmlns="http://www.tei-c.org/ns/1.0"><forename type="first">I</forename><surname>Langkilde</surname></persName>
		</author>
	</analytic>
	<monogr>
		<title level="m">Proc. NAACL</title>
		<meeting>NAACL</meeting>
		<imprint>
			<date type="published" when="2000" />
			<biblScope unit="page" from="170" to="177" />
		</imprint>
	</monogr>
</biblStruct>

<biblStruct >
	<analytic>
		<title level="a" type="main">Joshua: an open source toolkit for parsing-based machine translation</title>
		<author>
			<persName xmlns="http://www.tei-c.org/ns/1.0"><forename type="first">Z</forename><surname>Li</surname></persName>
		</author>
		<author>
			<persName xmlns="http://www.tei-c.org/ns/1.0"><forename type="first">C</forename><surname>Callison-Burch</surname></persName>
		</author>
		<author>
			<persName xmlns="http://www.tei-c.org/ns/1.0"><forename type="first">C</forename><surname>Dyer</surname></persName>
		</author>
		<author>
			<persName xmlns="http://www.tei-c.org/ns/1.0"><forename type="first">J</forename><surname>Ganitkevitch</surname></persName>
		</author>
		<author>
			<persName xmlns="http://www.tei-c.org/ns/1.0"><forename type="first">S</forename><surname>Khudanpur</surname></persName>
		</author>
		<author>
			<persName xmlns="http://www.tei-c.org/ns/1.0"><forename type="first">L</forename><surname>Schwartz</surname></persName>
		</author>
		<author>
			<persName xmlns="http://www.tei-c.org/ns/1.0"><forename type="first">W</forename><forename type="middle">N G</forename><surname>Thornton</surname></persName>
		</author>
		<author>
			<persName xmlns="http://www.tei-c.org/ns/1.0"><forename type="first">J</forename><surname>Weese</surname></persName>
		</author>
		<author>
			<persName xmlns="http://www.tei-c.org/ns/1.0"><forename type="first">O</forename><forename type="middle">F</forename><surname>Zaidan</surname></persName>
		</author>
	</analytic>
	<monogr>
		<title level="m">Proc. WMT</title>
		<meeting>WMT</meeting>
		<imprint>
			<date type="published" when="2009" />
			<biblScope unit="page" from="135" to="139" />
		</imprint>
	</monogr>
</biblStruct>

<biblStruct >
	<analytic>
		<title level="a" type="main">Alignment by agreement</title>
		<author>
			<persName xmlns="http://www.tei-c.org/ns/1.0"><forename type="first">P</forename><surname>Liang</surname></persName>
		</author>
		<author>
			<persName xmlns="http://www.tei-c.org/ns/1.0"><forename type="first">B</forename><surname>Taskar</surname></persName>
		</author>
		<author>
			<persName xmlns="http://www.tei-c.org/ns/1.0"><forename type="first">D</forename><surname>Klein</surname></persName>
		</author>
	</analytic>
	<monogr>
		<title level="m">Proc. HLT/NAACL</title>
		<meeting>HLT/NAACL</meeting>
		<imprint>
			<date type="published" when="2006" />
			<biblScope unit="page" from="104" to="111" />
		</imprint>
	</monogr>
</biblStruct>

<biblStruct >
	<analytic>
		<title level="a" type="main">A generative model for parsing natural language to meaning representations</title>
		<author>
			<persName xmlns="http://www.tei-c.org/ns/1.0"><forename type="first">W</forename><surname>Lu</surname></persName>
		</author>
		<author>
			<persName xmlns="http://www.tei-c.org/ns/1.0"><forename type="first">H</forename><forename type="middle">T</forename><surname>Ng</surname></persName>
		</author>
		<author>
			<persName xmlns="http://www.tei-c.org/ns/1.0"><forename type="first">W</forename><forename type="middle">S</forename><surname>Lee</surname></persName>
		</author>
		<author>
			<persName xmlns="http://www.tei-c.org/ns/1.0"><forename type="first">L</forename><surname>Zettlemoyer</surname></persName>
		</author>
	</analytic>
	<monogr>
		<title level="m">Proc. EMNLP</title>
		<meeting>EMNLP</meeting>
		<imprint>
			<date type="published" when="2008" />
			<biblScope unit="page" from="783" to="792" />
		</imprint>
	</monogr>
</biblStruct>

<biblStruct >
	<analytic>
		<title level="a" type="main">Natural language generation with tree conditional random fields</title>
		<author>
			<persName xmlns="http://www.tei-c.org/ns/1.0"><forename type="first">W</forename><surname>Lu</surname></persName>
		</author>
		<author>
			<persName xmlns="http://www.tei-c.org/ns/1.0"><forename type="first">H</forename><forename type="middle">T</forename><surname>Ng</surname></persName>
		</author>
		<author>
			<persName xmlns="http://www.tei-c.org/ns/1.0"><forename type="first">W</forename><forename type="middle">S</forename><surname>Lee</surname></persName>
		</author>
	</analytic>
	<monogr>
		<title level="m">Proc. EMNLP</title>
		<meeting>EMNLP</meeting>
		<imprint>
			<date type="published" when="2009" />
			<biblScope unit="page" from="400" to="409" />
		</imprint>
	</monogr>
</biblStruct>

<biblStruct >
	<analytic>
		<title level="a" type="main">The alignment template approach to statistical machine translation</title>
		<author>
			<persName xmlns="http://www.tei-c.org/ns/1.0"><forename type="first">F</forename><forename type="middle">J</forename><surname>Och</surname></persName>
		</author>
		<author>
			<persName xmlns="http://www.tei-c.org/ns/1.0"><forename type="first">H</forename><surname>Ney</surname></persName>
		</author>
	</analytic>
	<monogr>
		<title level="j">Computational Linguistics</title>
		<imprint>
			<biblScope unit="volume">30</biblScope>
			<biblScope unit="issue">4</biblScope>
			<biblScope unit="page" from="417" to="449" />
			<date type="published" when="2004" />
		</imprint>
	</monogr>
</biblStruct>

<biblStruct >
	<analytic>
		<title level="a" type="main">Minimum error rate training in statistical machine translation</title>
		<author>
			<persName xmlns="http://www.tei-c.org/ns/1.0"><forename type="first">F</forename><forename type="middle">J</forename><surname>Och</surname></persName>
		</author>
	</analytic>
	<monogr>
		<title level="m">Proc. ACL</title>
		<meeting>ACL</meeting>
		<imprint>
			<date type="published" when="2003" />
			<biblScope unit="page" from="160" to="167" />
		</imprint>
	</monogr>
</biblStruct>

<biblStruct >
	<analytic>
		<title level="a" type="main">BLEU: a method for automatic evaluation of machine translation</title>
		<author>
			<persName xmlns="http://www.tei-c.org/ns/1.0"><forename type="first">K</forename><surname>Papineni</surname></persName>
		</author>
		<author>
			<persName xmlns="http://www.tei-c.org/ns/1.0"><forename type="first">S</forename><surname>Roukos</surname></persName>
		</author>
		<author>
			<persName xmlns="http://www.tei-c.org/ns/1.0"><forename type="first">T</forename><surname>Ward</surname></persName>
		</author>
		<author>
			<persName xmlns="http://www.tei-c.org/ns/1.0"><forename type="first">W</forename><forename type="middle">J</forename><surname>Zhu</surname></persName>
		</author>
	</analytic>
	<monogr>
		<title level="m">Proc. ACL</title>
		<meeting>ACL</meeting>
		<imprint>
			<date type="published" when="2002" />
			<biblScope unit="page" from="311" to="318" />
		</imprint>
	</monogr>
</biblStruct>

<biblStruct >
	<analytic>
		<title level="a" type="main">Generation of paraphrases from ambiguous logical forms</title>
		<author>
			<persName xmlns="http://www.tei-c.org/ns/1.0"><forename type="first">H</forename><surname>Shemtov</surname></persName>
		</author>
	</analytic>
	<monogr>
		<title level="m">Proc. COLING</title>
		<meeting>COLING</meeting>
		<imprint>
			<date type="published" when="1996" />
			<biblScope unit="page" from="919" to="924" />
		</imprint>
	</monogr>
</biblStruct>

<biblStruct >
	<analytic>
		<title level="a" type="main">Semantic-head-driven generation</title>
		<author>
			<persName xmlns="http://www.tei-c.org/ns/1.0"><forename type="first">S</forename><forename type="middle">M</forename><surname>Shieber</surname></persName>
		</author>
		<author>
			<persName xmlns="http://www.tei-c.org/ns/1.0"><forename type="first">G</forename><surname>Van Noord</surname></persName>
		</author>
		<author>
			<persName xmlns="http://www.tei-c.org/ns/1.0"><forename type="first">F</forename><forename type="middle">C N</forename><surname>Pereira</surname></persName>
		</author>
		<author>
			<persName xmlns="http://www.tei-c.org/ns/1.0"><forename type="first">R</forename><forename type="middle">C</forename><surname>Moore</surname></persName>
		</author>
	</analytic>
	<monogr>
		<title level="j">Computational Linguistics</title>
		<imprint>
			<biblScope unit="volume">16</biblScope>
			<biblScope unit="issue">1</biblScope>
			<biblScope unit="page" from="30" to="42" />
			<date type="published" when="1990" />
		</imprint>
	</monogr>
</biblStruct>

<biblStruct >
	<analytic>
		<title level="a" type="main">A study of translation edit rate with targeted human annotation</title>
		<author>
			<persName xmlns="http://www.tei-c.org/ns/1.0"><forename type="first">M</forename><surname>Snover</surname></persName>
		</author>
		<author>
			<persName xmlns="http://www.tei-c.org/ns/1.0"><forename type="first">B</forename><surname>Dorr</surname></persName>
		</author>
		<author>
			<persName xmlns="http://www.tei-c.org/ns/1.0"><forename type="first">R</forename><surname>Schwartz</surname></persName>
		</author>
		<author>
			<persName xmlns="http://www.tei-c.org/ns/1.0"><forename type="first">L</forename><surname>Micciulla</surname></persName>
		</author>
		<author>
			<persName xmlns="http://www.tei-c.org/ns/1.0"><forename type="first">J</forename><surname>Makhoul</surname></persName>
		</author>
	</analytic>
	<monogr>
		<title level="m">Proc. AMTA</title>
		<meeting>AMTA</meeting>
		<imprint>
			<date type="published" when="2006" />
			<biblScope unit="page" from="223" to="231" />
		</imprint>
	</monogr>
</biblStruct>

<biblStruct >
	<analytic>
		<title level="a" type="main">SRILM-an extensible language modeling toolkit</title>
		<author>
			<persName xmlns="http://www.tei-c.org/ns/1.0"><forename type="first">A</forename><surname>Stolcke</surname></persName>
		</author>
	</analytic>
	<monogr>
		<title level="m">Proc. ICSLP</title>
		<meeting>ICSLP</meeting>
		<imprint>
			<date type="published" when="2002" />
			<biblScope unit="page" from="901" to="904" />
		</imprint>
	</monogr>
</biblStruct>

<biblStruct >
	<analytic>
		<title level="a" type="main">HMM-based word alignment in statistical translation</title>
		<author>
			<persName xmlns="http://www.tei-c.org/ns/1.0"><forename type="first">S</forename><surname>Vogel</surname></persName>
		</author>
		<author>
			<persName xmlns="http://www.tei-c.org/ns/1.0"><forename type="first">H</forename><surname>Ney</surname></persName>
		</author>
		<author>
			<persName xmlns="http://www.tei-c.org/ns/1.0"><forename type="first">C</forename><surname>Tillmann</surname></persName>
		</author>
	</analytic>
	<monogr>
		<title level="m">Proc. COLING</title>
		<meeting>COLING</meeting>
		<imprint>
			<date type="published" when="1996" />
			<biblScope unit="page" from="836" to="841" />
		</imprint>
	</monogr>
</biblStruct>

<biblStruct >
	<analytic>
		<title level="a" type="main">On computational sentence generation from logical form</title>
		<author>
			<persName xmlns="http://www.tei-c.org/ns/1.0"><forename type="first">J</forename><surname>Wang</surname></persName>
		</author>
	</analytic>
	<monogr>
		<title level="m">Proc. COLING</title>
		<meeting>COLING</meeting>
		<imprint>
			<date type="published" when="1980" />
			<biblScope unit="page" from="405" to="411" />
		</imprint>
	</monogr>
</biblStruct>

<biblStruct >
	<analytic>
		<title level="a" type="main">Learning for semantic parsing with statistical machine translation</title>
		<author>
			<persName xmlns="http://www.tei-c.org/ns/1.0"><forename type="first">Y</forename><forename type="middle">W</forename><surname>Wong</surname></persName>
		</author>
		<author>
			<persName xmlns="http://www.tei-c.org/ns/1.0"><forename type="first">R</forename><forename type="middle">J</forename><surname>Mooney</surname></persName>
		</author>
	</analytic>
	<monogr>
		<title level="m">Proc. HLT/NAACL</title>
		<meeting>HLT/NAACL</meeting>
		<imprint>
			<date type="published" when="2006" />
			<biblScope unit="page" from="439" to="446" />
		</imprint>
	</monogr>
</biblStruct>

<biblStruct >
	<analytic>
		<title level="a" type="main">Generation by inverting a semantic parser that uses statistical machine translation</title>
		<author>
			<persName xmlns="http://www.tei-c.org/ns/1.0"><forename type="first">Y</forename><forename type="middle">W</forename><surname>Wong</surname></persName>
		</author>
		<author>
			<persName xmlns="http://www.tei-c.org/ns/1.0"><forename type="first">R</forename><forename type="middle">J</forename><surname>Mooney</surname></persName>
		</author>
	</analytic>
	<monogr>
		<title level="m">Proc. NAACL/HLT</title>
		<meeting>NAACL/HLT</meeting>
		<imprint>
			<date type="published" when="2007" />
			<biblScope unit="page" from="172" to="179" />
		</imprint>
	</monogr>
</biblStruct>

<biblStruct >
	<analytic>
		<title level="a" type="main">Learning synchronous grammars for semantic parsing with lambda calculus</title>
		<author>
			<persName xmlns="http://www.tei-c.org/ns/1.0"><forename type="first">Y</forename><forename type="middle">W</forename><surname>Wong</surname></persName>
		</author>
		<author>
			<persName xmlns="http://www.tei-c.org/ns/1.0"><forename type="first">R</forename><forename type="middle">J</forename><surname>Mooney</surname></persName>
		</author>
	</analytic>
	<monogr>
		<title level="m">Proc. ACL</title>
		<meeting>ACL</meeting>
		<imprint>
			<date type="published" when="2007" />
			<biblScope unit="page" from="960" to="967" />
		</imprint>
	</monogr>
</biblStruct>

<biblStruct >
	<analytic>
		<title level="a" type="main">Z-MERT: A fully configurable open source tool for minimum error rate training of machine translation systems</title>
		<author>
			<persName xmlns="http://www.tei-c.org/ns/1.0"><forename type="first">O</forename><forename type="middle">F</forename><surname>Zaidan</surname></persName>
		</author>
	</analytic>
	<monogr>
		<title level="j">The Prague Bulletin of Mathematical Linguistics</title>
		<imprint>
			<biblScope unit="volume">91</biblScope>
			<biblScope unit="page" from="79" to="88" />
			<date type="published" when="2009" />
		</imprint>
	</monogr>
</biblStruct>

<biblStruct >
	<analytic>
		<title level="a" type="main">Learning to map sentences to logical form: Structured classification with probabilistic categorial grammars</title>
		<author>
			<persName xmlns="http://www.tei-c.org/ns/1.0"><forename type="first">L</forename><surname>Zettlemoyer</surname></persName>
		</author>
		<author>
			<persName xmlns="http://www.tei-c.org/ns/1.0"><forename type="first">M</forename><surname>Collins</surname></persName>
		</author>
	</analytic>
	<monogr>
		<title level="m">Proc. UAI</title>
		<meeting>UAI</meeting>
		<imprint>
			<date type="published" when="2005" />
			<biblScope unit="page" from="658" to="666" />
		</imprint>
	</monogr>
</biblStruct>

<biblStruct >
	<analytic>
		<title level="a" type="main">Online learning of relaxed CCG grammars for parsing to logical form</title>
		<author>
			<persName xmlns="http://www.tei-c.org/ns/1.0"><forename type="first">L</forename><surname>Zettlemoyer</surname></persName>
		</author>
		<author>
			<persName xmlns="http://www.tei-c.org/ns/1.0"><forename type="first">M</forename><surname>Collins</surname></persName>
		</author>
	</analytic>
	<monogr>
		<title level="m">Proc. EMNLP-CoNLL</title>
		<meeting>EMNLP-CoNLL</meeting>
		<imprint>
			<date type="published" when="2007" />
			<biblScope unit="page" from="678" to="687" />
		</imprint>
	</monogr>
</biblStruct>

<biblStruct >
	<analytic>
		<title level="a" type="main">Learning contextdependent mappings from sentences to logical form</title>
		<author>
			<persName xmlns="http://www.tei-c.org/ns/1.0"><forename type="first">L</forename><surname>Zettlemoyer</surname></persName>
		</author>
		<author>
			<persName xmlns="http://www.tei-c.org/ns/1.0"><forename type="first">M</forename><surname>Collins</surname></persName>
		</author>
	</analytic>
	<monogr>
		<title level="m">Proc. ACL/IJCNLP</title>
		<meeting>ACL/IJCNLP</meeting>
		<imprint>
			<date type="published" when="2009" />
			<biblScope unit="page" from="976" to="984" />
		</imprint>
	</monogr>
</biblStruct>

			</listBibl>
		</back>
	</text>
</TEI>
