<?xml version="1.0" ?>
<TEI xmlns="http://www.tei-c.org/ns/1.0" xmlns:xlink="http://www.w3.org/1999/xlink" 
 xmlns:mml="http://www.w3.org/1998/Math/MathML">
	<teiHeader>
		<fileDesc xml:id="f_877"/>
	</teiHeader>
	<text>
		<front/>
		<body/>
		<back>
			<listBibl>
<biblStruct >
	<monogr>
		<title level="m" type="main">Child Language Acquisition: Contrasting Theoretical Approaches, chapter 6</title>
		<author>
			<persName xmlns="http://www.tei-c.org/ns/1.0"><forename type="first">B</forename><surname>Ambridge</surname></persName>
		</author>
		<author>
			<persName xmlns="http://www.tei-c.org/ns/1.0"><forename type="first">E</forename><forename type="middle">V M</forename><surname>Lieven</surname></persName>
		</author>
		<imprint>
			<date type="published" when="2011" />
			<publisher>Cambridge University Press</publisher>
			<biblScope unit="volume">1</biblScope>
		</imprint>
	</monogr>
</biblStruct>

<biblStruct >
	<analytic>
		<title level="a" type="main">2007. k-means++: The advantages of careful seeding</title>
		<author>
			<persName xmlns="http://www.tei-c.org/ns/1.0"><forename type="first">D</forename><surname>Arthur</surname></persName>
		</author>
		<author>
			<persName xmlns="http://www.tei-c.org/ns/1.0"><forename type="first">S</forename><surname>Vassilvitskii</surname></persName>
		</author>
	</analytic>
	<monogr>
		<title level="m">Proceedings of the eighteenth annual ACM-SIAM symposium on Discrete algorithms</title>
		<meeting>the eighteenth annual ACM-SIAM symposium on Discrete algorithms</meeting>
		<imprint>
			<biblScope unit="page" from="1027" to="1035" />
		</imprint>
	</monogr>
</biblStruct>

<biblStruct >
	<analytic>
		<title level="a" type="main">Phylogenetic grammar induction</title>
		<author>
			<persName xmlns="http://www.tei-c.org/ns/1.0"><forename type="first">Taylor</forename><surname>Berg</surname></persName>
		</author>
		<author>
			<persName xmlns="http://www.tei-c.org/ns/1.0"><forename type="first">-</forename><surname>Kirkpatrick</surname></persName>
		</author>
		<author>
			<persName xmlns="http://www.tei-c.org/ns/1.0"><forename type="first">Dan</forename><surname>Klein</surname></persName>
		</author>
	</analytic>
	<monogr>
		<title level="m">Proceedings of the 48th</title>
		<meeting>the 48th</meeting>
		<imprint>
			<date type="published" when="2010" />
		</imprint>
	</monogr>
</biblStruct>

<biblStruct >
	<monogr>
				<title level="m">Annual Meeting of the Association for Computational Linguistics</title>
		<meeting><address><addrLine>Uppsala, Sweden</addrLine></address></meeting>
		<imprint>
			<publisher>Association for Computational Linguistics</publisher>
			<biblScope unit="page" from="1288" to="1297" />
		</imprint>
	</monogr>
</biblStruct>

<biblStruct >
	<analytic>
		<title level="a" type="main">Painless unsupervised learning with features</title>
		<author>
			<persName xmlns="http://www.tei-c.org/ns/1.0"><forename type="first">Taylor</forename><surname>Berg-Kirkpatrick</surname></persName>
		</author>
		<author>
			<persName xmlns="http://www.tei-c.org/ns/1.0"><forename type="first">Alexandre</forename><surname>Bouchard-Côté</surname></persName>
		</author>
		<author>
			<persName xmlns="http://www.tei-c.org/ns/1.0"><forename type="first">John</forename><surname>Denero</surname></persName>
		</author>
		<author>
			<persName xmlns="http://www.tei-c.org/ns/1.0"><forename type="first">Dan</forename><surname>Klein</surname></persName>
		</author>
	</analytic>
	<monogr>
		<title level="m">Human Language Technologies: The 2010 Annual Conference of the North American Chapter of the Association for Computational Linguistics</title>
		<meeting><address><addrLine>Los Angeles, California</addrLine></address></meeting>
		<imprint>
			<date type="published" when="2010-06" />
			<biblScope unit="page" from="582" to="590" />
		</imprint>
	</monogr>
	<note>Association for Computational Linguistics</note>
</biblStruct>

<biblStruct >
	<analytic>
		<title level="a" type="main">Unsupervised part-of-speech tagging employing efficient graph clustering</title>
		<author>
			<persName xmlns="http://www.tei-c.org/ns/1.0"><forename type="first">C</forename><surname>Biemann</surname></persName>
		</author>
	</analytic>
	<monogr>
		<title level="m">Proceedings of the 21st International Conference on computational Linguistics and 44th Annual Meeting of the Association for Computational Linguistics: Student Research Workshop</title>
		<meeting>the 21st International Conference on computational Linguistics and 44th Annual Meeting of the Association for Computational Linguistics: Student Research Workshop</meeting>
		<imprint>
			<publisher>Association for Computational Linguistics</publisher>
			<date type="published" when="2006" />
			<biblScope unit="page" from="7" to="12" />
		</imprint>
	</monogr>
</biblStruct>

<biblStruct >
	<analytic>
		<title level="a" type="main">A hierarchical pitman-yor process hmm for unsupervised part of speech induction</title>
		<author>
			<persName xmlns="http://www.tei-c.org/ns/1.0"><forename type="first">Phil</forename><surname>Blunsom</surname></persName>
		</author>
		<author>
			<persName xmlns="http://www.tei-c.org/ns/1.0"><forename type="first">Trevor</forename><surname>Cohn</surname></persName>
		</author>
	</analytic>
	<monogr>
		<title level="m">Proceedings of the 49th Annual Meeting of the Association for Computational Linguistics: Human Language Technologies</title>
		<meeting>the 49th Annual Meeting of the Association for Computational Linguistics: Human Language Technologies<address><addrLine>Portland, Oregon, USA</addrLine></address></meeting>
		<imprint>
			<date type="published" when="2011-06" />
			<biblScope unit="page" from="865" to="874" />
		</imprint>
	</monogr>
	<note>Association for Computational Linguistics</note>
</biblStruct>

<biblStruct >
	<analytic>
		<title level="a" type="main">Classbased n-gram models of natural language</title>
		<author>
			<persName xmlns="http://www.tei-c.org/ns/1.0"><forename type="first">F</forename><surname>Peter</surname></persName>
		</author>
		<author>
			<persName xmlns="http://www.tei-c.org/ns/1.0"><forename type="first">Peter</forename><forename type="middle">V</forename><surname>Brown</surname></persName>
		</author>
		<author>
			<persName xmlns="http://www.tei-c.org/ns/1.0"><forename type="first">Robert</forename><forename type="middle">L</forename><surname>Desouza</surname></persName>
		</author>
		<author>
			<persName xmlns="http://www.tei-c.org/ns/1.0"><forename type="first">Vincent</forename><forename type="middle">J</forename><surname>Mercer</surname></persName>
		</author>
		<author>
			<persName xmlns="http://www.tei-c.org/ns/1.0"><forename type="first">Jenifer</forename><forename type="middle">C</forename><surname>Della Pietra</surname></persName>
		</author>
		<author>
			<persName xmlns="http://www.tei-c.org/ns/1.0"><surname>Lai</surname></persName>
		</author>
	</analytic>
	<monogr>
		<title level="j">Comput. Linguist</title>
		<imprint>
			<biblScope unit="volume">18</biblScope>
			<biblScope unit="page" from="467" to="479" />
			<date type="published" when="1992-12" />
		</imprint>
	</monogr>
</biblStruct>

<biblStruct >
	<monogr>
		<title level="m" type="main">Semiotics: the basics. The Basics Series</title>
		<author>
			<persName xmlns="http://www.tei-c.org/ns/1.0"><forename type="first">D</forename><surname>Chandler</surname></persName>
		</author>
		<imprint>
			<date type="published" when="2007" />
		</imprint>
	</monogr>
	<note>Routledge</note>
</biblStruct>

<biblStruct >
	<analytic>
		<title level="a" type="main">Two decades of unsupervised pos induction: how far have we come?</title>
		<author>
			<persName xmlns="http://www.tei-c.org/ns/1.0"><forename type="first">Christos</forename><surname>Christodoulopoulos</surname></persName>
		</author>
		<author>
			<persName xmlns="http://www.tei-c.org/ns/1.0"><forename type="first">Sharon</forename><surname>Goldwater</surname></persName>
		</author>
		<author>
			<persName xmlns="http://www.tei-c.org/ns/1.0"><forename type="first">Mark</forename><surname>Steedman</surname></persName>
		</author>
	</analytic>
	<monogr>
		<title level="m">Proceedings of the 2010 Conference on Empirical Methods in Natural Language Processing, EMNLP &apos;10</title>
		<meeting>the 2010 Conference on Empirical Methods in Natural Language Processing, EMNLP &apos;10<address><addrLine>Stroudsburg, PA, USA</addrLine></address></meeting>
		<imprint>
			<date type="published" when="2010" />
			<biblScope unit="page" from="575" to="584" />
		</imprint>
	</monogr>
	<note>Association for Computational Linguistics</note>
</biblStruct>

<biblStruct >
	<analytic>
		<title level="a" type="main">A bayesian mixture model for pos induction using multiple features</title>
		<author>
			<persName xmlns="http://www.tei-c.org/ns/1.0"><forename type="first">Christos</forename><surname>Christodoulopoulos</surname></persName>
		</author>
		<author>
			<persName xmlns="http://www.tei-c.org/ns/1.0"><forename type="first">Sharon</forename><surname>Goldwater</surname></persName>
		</author>
		<author>
			<persName xmlns="http://www.tei-c.org/ns/1.0"><forename type="first">Mark</forename><surname>Steedman</surname></persName>
		</author>
	</analytic>
	<monogr>
		<title level="m">Proceedings of the 2011 Conference on Empirical Methods in Natural Language Processing</title>
		<meeting>the 2011 Conference on Empirical Methods in Natural Language Processing<address><addrLine>Edinburgh, Scotland, UK.</addrLine></address></meeting>
		<imprint>
			<date type="published" when="2011-07" />
			<biblScope unit="page" from="638" to="647" />
		</imprint>
	</monogr>
	<note>Association for Computational Linguistics</note>
</biblStruct>

<biblStruct >
	<analytic>
		<title level="a" type="main">A stochastic parts program and noun phrase parser for unrestricted text</title>
		<author>
			<persName xmlns="http://www.tei-c.org/ns/1.0"><forename type="first">Kenneth</forename><forename type="middle">Ward</forename><surname>Church</surname></persName>
		</author>
	</analytic>
	<monogr>
		<title level="m">Proceedings of the second conference on Applied natural language processing, ANLC &apos;88</title>
		<meeting>the second conference on Applied natural language processing, ANLC &apos;88<address><addrLine>Stroudsburg, PA, USA</addrLine></address></meeting>
		<imprint>
			<publisher>Association for Computational Linguistics</publisher>
			<date type="published" when="1988" />
			<biblScope unit="page" from="136" to="143" />
		</imprint>
	</monogr>
</biblStruct>

<biblStruct >
	<analytic>
		<title level="a" type="main">Combining distributional and morphological information for part of speech induction</title>
		<author>
			<persName xmlns="http://www.tei-c.org/ns/1.0"><forename type="first">Alexander</forename><surname>Clark</surname></persName>
		</author>
	</analytic>
	<monogr>
		<title level="m">Proceedings of the tenth conference on European chapter of the Association for Computational Linguistics</title>
		<meeting>the tenth conference on European chapter of the Association for Computational Linguistics<address><addrLine>Stroudsburg, PA, USA</addrLine></address></meeting>
		<imprint>
			<publisher>Association for Computational Linguistics</publisher>
			<date type="published" when="2003" />
			<biblScope unit="volume">1</biblScope>
			<biblScope unit="page" from="59" to="66" />
		</imprint>
	</monogr>
	<note>EACL &apos;03</note>
</biblStruct>

<biblStruct >
	<analytic>
		<title level="a" type="main">Inducing the morphological lexicon of a natural language from unannotated text</title>
		<author>
			<persName xmlns="http://www.tei-c.org/ns/1.0"><forename type="first">Mathias</forename><surname>Creutz</surname></persName>
		</author>
		<author>
			<persName xmlns="http://www.tei-c.org/ns/1.0"><forename type="first">Krista</forename><surname>Lagus</surname></persName>
		</author>
	</analytic>
	<monogr>
		<title level="m">Proceedings of AKRR&apos;05, International and Interdisciplinary Conference on Adaptive Knowledge Representation and Reasoning</title>
		<meeting>AKRR&apos;05, International and Interdisciplinary Conference on Adaptive Knowledge Representation and Reasoning<address><addrLine>Espoo, Finland</addrLine></address></meeting>
		<imprint>
			<date type="published" when="2005-06" />
			<biblScope unit="page" from="106" to="113" />
		</imprint>
	</monogr>
</biblStruct>

<biblStruct >
	<monogr>
		<title level="m" type="main">On the resolution of ambiguities in the extraction of syntactic categories through chunking. Cognitive Systems Research</title>
		<author>
			<persName xmlns="http://www.tei-c.org/ns/1.0"><forename type="first">D</forename><surname>Freudenthal</surname></persName>
		</author>
		<author>
			<persName xmlns="http://www.tei-c.org/ns/1.0"><forename type="first">J</forename><forename type="middle">M</forename><surname>Pine</surname></persName>
		</author>
		<author>
			<persName xmlns="http://www.tei-c.org/ns/1.0"><forename type="first">F</forename><surname>Gobet</surname></persName>
		</author>
		<imprint>
			<date type="published" when="2005" />
			<biblScope unit="volume">6</biblScope>
			<biblScope unit="page" from="17" to="25" />
		</imprint>
	</monogr>
</biblStruct>

<biblStruct >
	<analytic>
		<title level="a" type="main">Posterior regularization for structured latent variable models</title>
		<author>
			<persName xmlns="http://www.tei-c.org/ns/1.0"><forename type="first">Kuzman</forename><surname>Ganchev</surname></persName>
		</author>
		<author>
			<persName xmlns="http://www.tei-c.org/ns/1.0"><forename type="first">João</forename><surname>Graça</surname></persName>
		</author>
		<author>
			<persName xmlns="http://www.tei-c.org/ns/1.0"><forename type="first">Jennifer</forename><surname>Gillenwater</surname></persName>
		</author>
		<author>
			<persName xmlns="http://www.tei-c.org/ns/1.0"><forename type="first">Ben</forename><surname>Taskar</surname></persName>
		</author>
	</analytic>
	<monogr>
		<title level="j">J. Mach. Learn. Res</title>
		<imprint>
			<biblScope unit="volume">99</biblScope>
			<biblScope unit="page" from="2001" to="2049" />
			<date type="published" when="2010-08" />
		</imprint>
	</monogr>
</biblStruct>

<biblStruct >
	<analytic>
		<title level="a" type="main">A comparison of bayesian estimators for unsupervised hidden markov model pos taggers</title>
		<author>
			<persName xmlns="http://www.tei-c.org/ns/1.0"><forename type="first">Jianfeng</forename><surname>Gao</surname></persName>
		</author>
		<author>
			<persName xmlns="http://www.tei-c.org/ns/1.0"><forename type="first">Mark</forename><surname>Johnson</surname></persName>
		</author>
	</analytic>
	<monogr>
		<title level="m">Proceedings of the Conference on Empirical Methods in Natural Language Processing, EMNLP &apos;08</title>
		<meeting>the Conference on Empirical Methods in Natural Language Processing, EMNLP &apos;08<address><addrLine>Stroudsburg, PA, USA</addrLine></address></meeting>
		<imprint>
			<publisher>Association for Computational Linguistics</publisher>
			<date type="published" when="2008" />
			<biblScope unit="page" from="344" to="352" />
		</imprint>
	</monogr>
</biblStruct>

<biblStruct >
	<analytic>
		<title level="a" type="main">Euclidean embedding of cooccurrence data</title>
		<author>
			<persName xmlns="http://www.tei-c.org/ns/1.0"><forename type="first">Gal</forename><surname>Amir Globerson</surname></persName>
		</author>
		<author>
			<persName xmlns="http://www.tei-c.org/ns/1.0"><forename type="first">Fernando</forename><surname>Chechik</surname></persName>
		</author>
		<author>
			<persName xmlns="http://www.tei-c.org/ns/1.0"><forename type="first">Naftali</forename><surname>Pereira</surname></persName>
		</author>
		<author>
			<persName xmlns="http://www.tei-c.org/ns/1.0"><surname>Tishby</surname></persName>
		</author>
	</analytic>
	<monogr>
		<title level="j">J. Mach. Learn. Res</title>
		<imprint>
			<biblScope unit="volume">8</biblScope>
			<biblScope unit="page" from="2265" to="2295" />
			<date type="published" when="2007-12" />
		</imprint>
	</monogr>
</biblStruct>

<biblStruct >
	<analytic>
		<title level="a" type="main">A fully bayesian approach to unsupervised part-of-speech tagging</title>
		<author>
			<persName xmlns="http://www.tei-c.org/ns/1.0"><forename type="first">Sharon</forename><surname>Goldwater</surname></persName>
		</author>
		<author>
			<persName xmlns="http://www.tei-c.org/ns/1.0"><forename type="first">Tom</forename><surname>Griffiths</surname></persName>
		</author>
	</analytic>
	<monogr>
		<title level="m">Proceedings of the 45th Annual Meeting of the Association of Computational Linguistics</title>
		<meeting>the 45th Annual Meeting of the Association of Computational Linguistics<address><addrLine>Prague, Czech Republic</addrLine></address></meeting>
		<imprint>
			<publisher>Association for Computational Linguistics</publisher>
			<date type="published" when="2007-06" />
			<biblScope unit="page" from="744" to="751" />
		</imprint>
	</monogr>
</biblStruct>

<biblStruct >
	<monogr>
		<title level="m" type="main">Csriii text. Linguistic Data Consortium</title>
		<author>
			<persName xmlns="http://www.tei-c.org/ns/1.0"><forename type="first">David</forename><surname>Graff</surname></persName>
		</author>
		<author>
			<persName xmlns="http://www.tei-c.org/ns/1.0"><forename type="first">Roni</forename><surname>Rosenfeld</surname></persName>
		</author>
		<author>
			<persName xmlns="http://www.tei-c.org/ns/1.0"><forename type="first">Doug</forename><surname>Paul</surname></persName>
		</author>
		<imprint>
			<date type="published" when="1995" />
			<pubPlace>Philadelphia</pubPlace>
		</imprint>
	</monogr>
</biblStruct>

<biblStruct >
	<analytic>
		<title level="a" type="main">Prototype-driven learning for sequence models</title>
		<author>
			<persName xmlns="http://www.tei-c.org/ns/1.0"><forename type="first">Aria</forename><surname>Haghighi</surname></persName>
		</author>
		<author>
			<persName xmlns="http://www.tei-c.org/ns/1.0"><forename type="first">Dan</forename><surname>Klein</surname></persName>
		</author>
	</analytic>
	<monogr>
		<title level="m">Proceedings of the main conference on Human Language Technology Conference of the North American Chapter of the Association of Computational Linguistics, HLT-NAACL &apos;06</title>
		<meeting>the main conference on Human Language Technology Conference of the North American Chapter of the Association of Computational Linguistics, HLT-NAACL &apos;06<address><addrLine>Stroudsburg, PA, USA</addrLine></address></meeting>
		<imprint>
			<date type="published" when="2006" />
			<biblScope unit="page" from="320" to="327" />
		</imprint>
	</monogr>
	<note>Association for Computational Linguistics</note>
</biblStruct>

<biblStruct >
	<analytic>
		<title level="a" type="main">Why doesn&apos;t EM find good HMM POS-taggers?</title>
		<author>
			<persName xmlns="http://www.tei-c.org/ns/1.0"><forename type="first">Mark</forename><surname>Johnson</surname></persName>
		</author>
	</analytic>
	<monogr>
		<title level="m">Proceedings of the 2007 Joint Conference on Empirical Methods in Natural Language Processing and Computational Natural Language Learning (EMNLP-CoNLL)</title>
		<meeting>the 2007 Joint Conference on Empirical Methods in Natural Language Processing and Computational Natural Language Learning (EMNLP-CoNLL)<address><addrLine>Prague, Czech Republic</addrLine></address></meeting>
		<imprint>
			<date type="published" when="2007-06" />
			<biblScope unit="page" from="296" to="305" />
		</imprint>
	</monogr>
	<note>Association for Computational Linguistics</note>
</biblStruct>

<biblStruct >
	<analytic>
		<title level="a" type="main">Latent-descriptor clustering for unsupervised pos induction</title>
		<author>
			<persName xmlns="http://www.tei-c.org/ns/1.0"><forename type="first">Michael</forename><surname>Lamar</surname></persName>
		</author>
		<author>
			<persName xmlns="http://www.tei-c.org/ns/1.0"><forename type="first">Yariv</forename><surname>Maron</surname></persName>
		</author>
		<author>
			<persName xmlns="http://www.tei-c.org/ns/1.0"><forename type="first">Elie</forename><surname>Bienenstock</surname></persName>
		</author>
	</analytic>
	<monogr>
		<title level="m">Proceedings of the 2010 Conference on Empirical Methods in Natural Language Processing, EMNLP &apos;10</title>
		<meeting>the 2010 Conference on Empirical Methods in Natural Language Processing, EMNLP &apos;10<address><addrLine>Stroudsburg, PA, USA</addrLine></address></meeting>
		<imprint>
			<publisher>Association for Computational Linguistics</publisher>
			<date type="published" when="2010" />
			<biblScope unit="page" from="799" to="809" />
		</imprint>
	</monogr>
</biblStruct>

<biblStruct >
	<analytic>
		<title level="a" type="main">Svd and clustering for unsupervised pos tagging</title>
		<author>
			<persName xmlns="http://www.tei-c.org/ns/1.0"><forename type="first">Michael</forename><surname>Lamar</surname></persName>
		</author>
		<author>
			<persName xmlns="http://www.tei-c.org/ns/1.0"><forename type="first">Yariv</forename><surname>Maron</surname></persName>
		</author>
		<author>
			<persName xmlns="http://www.tei-c.org/ns/1.0"><forename type="first">Mark</forename><surname>Johnson</surname></persName>
		</author>
		<author>
			<persName xmlns="http://www.tei-c.org/ns/1.0"><forename type="first">Elie</forename><surname>Bienenstock</surname></persName>
		</author>
	</analytic>
	<monogr>
		<title level="m">Proceedings of the ACL 2010</title>
		<meeting>the ACL 2010</meeting>
		<imprint>
			<date type="published" when="2010" />
		</imprint>
	</monogr>
</biblStruct>

<biblStruct >
	<analytic>
		<title level="a" type="main">Association for Computational Linguistics</title>
	</analytic>
	<monogr>
		<title level="m">Conference Short Papers</title>
		<meeting><address><addrLine>Uppsala, Sweden</addrLine></address></meeting>
		<imprint>
			<biblScope unit="page" from="215" to="219" />
		</imprint>
	</monogr>
</biblStruct>

<biblStruct >
	<analytic>
		<title level="a" type="main">Simple type-level unsupervised pos tagging</title>
		<author>
			<persName xmlns="http://www.tei-c.org/ns/1.0"><forename type="first">Aria</forename><surname>Yoong Keok Lee</surname></persName>
		</author>
		<author>
			<persName xmlns="http://www.tei-c.org/ns/1.0"><forename type="first">Regina</forename><surname>Haghighi</surname></persName>
		</author>
		<author>
			<persName xmlns="http://www.tei-c.org/ns/1.0"><surname>Barzilay</surname></persName>
		</author>
	</analytic>
	<monogr>
		<title level="m">Proceedings of the 2010 Conference on Empirical Methods in Natural Language Processing, EMNLP &apos;10</title>
		<meeting>the 2010 Conference on Empirical Methods in Natural Language Processing, EMNLP &apos;10<address><addrLine>Stroudsburg, PA, USA</addrLine></address></meeting>
		<imprint>
			<publisher>Association for Computational Linguistics</publisher>
			<date type="published" when="2010" />
			<biblScope unit="page" from="853" to="861" />
		</imprint>
	</monogr>
</biblStruct>

<biblStruct >
	<monogr>
				<author>
			<persName xmlns="http://www.tei-c.org/ns/1.0"><forename type="first">Mitchell</forename><forename type="middle">P</forename><surname>Marcus</surname></persName>
		</author>
		<author>
			<persName xmlns="http://www.tei-c.org/ns/1.0"><forename type="first">Beatrice</forename><surname>Santorini</surname></persName>
		</author>
		<author>
			<persName xmlns="http://www.tei-c.org/ns/1.0"><forename type="first">Mary</forename><forename type="middle">Ann</forename><surname>Marcinkiewicz</surname></persName>
		</author>
		<author>
			<persName xmlns="http://www.tei-c.org/ns/1.0"><forename type="first">Ann</forename><surname>Taylor</surname></persName>
		</author>
		<title level="m">Treebank-3. Linguistic Data Consortium</title>
		<meeting><address><addrLine>Philadelphia</addrLine></address></meeting>
		<imprint>
			<date type="published" when="1999" />
		</imprint>
	</monogr>
</biblStruct>

<biblStruct >
	<analytic>
		<title level="a" type="main">Sphere embedding: An application to part-ofspeech induction</title>
		<author>
			<persName xmlns="http://www.tei-c.org/ns/1.0"><forename type="first">Yariv</forename><surname>Maron</surname></persName>
		</author>
		<author>
			<persName xmlns="http://www.tei-c.org/ns/1.0"><forename type="first">Michael</forename><surname>Lamar</surname></persName>
		</author>
		<author>
			<persName xmlns="http://www.tei-c.org/ns/1.0"><forename type="first">Elie</forename><surname>Bienenstock</surname></persName>
		</author>
	</analytic>
	<monogr>
		<title level="m">Advances in Neural Information Processing Systems 23</title>
		<editor>J. Lafferty, C. K. I. Williams, J. Shawe-Taylor, R.S. Zemel, and A. Culotta</editor>
		<imprint>
			<date type="published" when="2010" />
			<biblScope unit="page" from="1567" to="1575" />
		</imprint>
	</monogr>
</biblStruct>

<biblStruct >
	<analytic>
		<title level="a" type="main">Tagging english text with a probabilistic model</title>
		<author>
			<persName xmlns="http://www.tei-c.org/ns/1.0"><forename type="first">Bernard</forename><surname>Merialdo</surname></persName>
		</author>
	</analytic>
	<monogr>
		<title level="j">Comput. Linguist</title>
		<imprint>
			<biblScope unit="volume">20</biblScope>
			<biblScope unit="page" from="155" to="171" />
			<date type="published" when="1994-06" />
		</imprint>
	</monogr>
</biblStruct>

<biblStruct >
	<analytic>
		<title level="a" type="main">Frequent frames as a cue for grammatical categories in child directed speech</title>
		<author>
			<persName xmlns="http://www.tei-c.org/ns/1.0"><forename type="first">H</forename><surname>Mintz</surname></persName>
		</author>
	</analytic>
	<monogr>
		<title level="j">Cognition</title>
		<imprint>
			<biblScope unit="volume">90</biblScope>
			<biblScope unit="issue">1</biblScope>
			<biblScope unit="page" from="91" to="117" />
			<date type="published" when="2003" />
		</imprint>
	</monogr>
</biblStruct>

<biblStruct >
	<analytic>
		<title level="a" type="main">Distributional information: A powerful cue for acquiring syntactic categories</title>
		<author>
			<persName xmlns="http://www.tei-c.org/ns/1.0"><forename type="first">M</forename><surname>Redington</surname></persName>
		</author>
		<author>
			<persName xmlns="http://www.tei-c.org/ns/1.0"><forename type="first">N</forename><surname>Crater</surname></persName>
		</author>
		<author>
			<persName xmlns="http://www.tei-c.org/ns/1.0"><forename type="first">S</forename><surname>Finch</surname></persName>
		</author>
	</analytic>
	<monogr>
		<title level="j">Cognitive Science</title>
		<imprint>
			<biblScope unit="volume">22</biblScope>
			<biblScope unit="issue">4</biblScope>
			<biblScope unit="page" from="425" to="469" />
			<date type="published" when="1998" />
		</imprint>
	</monogr>
</biblStruct>

<biblStruct >
	<analytic>
		<title level="a" type="main">V-measure: A conditional entropy-based external cluster evaluation measure</title>
		<author>
			<persName xmlns="http://www.tei-c.org/ns/1.0"><forename type="first">A</forename><surname>Rosenberg</surname></persName>
		</author>
		<author>
			<persName xmlns="http://www.tei-c.org/ns/1.0"><forename type="first">J</forename><surname>Hirschberg</surname></persName>
		</author>
	</analytic>
	<monogr>
		<title level="m">Proceedings of the 2007 Joint Conference on Empirical Methods in Natural Language Processing and Computational Natural Language Learning</title>
		<meeting>the 2007 Joint Conference on Empirical Methods in Natural Language Processing and Computational Natural Language Learning</meeting>
		<imprint>
			<date type="published" when="2007" />
			<biblScope unit="page" from="410" to="420" />
		</imprint>
	</monogr>
</biblStruct>

<biblStruct >
	<monogr>
		<title level="m" type="main">The Word-Space Model: Using distributional analysis to represent syntagmatic and paradigmatic relations between words in highdimensional vector spaces</title>
		<author>
			<persName xmlns="http://www.tei-c.org/ns/1.0"><forename type="first">Magnus</forename><surname>Sahlgren</surname></persName>
		</author>
		<imprint>
			<date type="published" when="2006" />
		</imprint>
		<respStmt>
			<orgName>Stockholm University</orgName>
		</respStmt>
	</monogr>
	<note>Ph.D. thesis</note>
</biblStruct>

<biblStruct >
	<analytic>
		<title level="a" type="main">Distributional part-of-speech tagging</title>
		<author>
			<persName xmlns="http://www.tei-c.org/ns/1.0"><forename type="first">Hinrich</forename><surname>Schütze</surname></persName>
		</author>
	</analytic>
	<monogr>
		<title level="m">Proceedings of the seventh conference</title>
		<meeting>the seventh conference</meeting>
		<imprint>
			<date type="published" when="1995" />
		</imprint>
	</monogr>
</biblStruct>

			</listBibl>
		</back>
	</text>
</TEI>
