<?xml version="1.0" ?>
<TEI xmlns="http://www.tei-c.org/ns/1.0" xmlns:xlink="http://www.w3.org/1999/xlink" 
 xmlns:mml="http://www.w3.org/1998/Math/MathML">
	<teiHeader>
		<fileDesc xml:id="f_847"/>
	</teiHeader>
	<text>
		<front/>
		<body/>
		<back>
			<listBibl>
<biblStruct >
	<analytic>
		<title level="a" type="main">A study on similarity and relatedness using distributional and wordnet-based approaches</title>
		<author>
			<persName xmlns="http://www.tei-c.org/ns/1.0"><forename type="first">Eneko</forename><surname>Agirre</surname></persName>
		</author>
		<author>
			<persName xmlns="http://www.tei-c.org/ns/1.0"><forename type="first">Enrique</forename><surname>Alfonseca</surname></persName>
		</author>
		<author>
			<persName xmlns="http://www.tei-c.org/ns/1.0"><forename type="first">Keith</forename><surname>Hall</surname></persName>
		</author>
		<author>
			<persName xmlns="http://www.tei-c.org/ns/1.0"><forename type="first">Jana</forename><surname>Kravalova</surname></persName>
		</author>
	</analytic>
	<monogr>
		<title level="m">Proceedings of HLT-NAACL</title>
		<meeting>HLT-NAACL</meeting>
		<imprint>
			<date type="published" when="2009" />
			<biblScope unit="page" from="19" to="27" />
		</imprint>
	</monogr>
	<note>Marius Pas¸caPas¸ca, and Aitor Soroa</note>
</biblStruct>

<biblStruct >
	<monogr>
				<author>
			<persName xmlns="http://www.tei-c.org/ns/1.0"><forename type="first">Ricardo</forename><surname>Baeza</surname></persName>
		</author>
		<author>
			<persName xmlns="http://www.tei-c.org/ns/1.0"><forename type="first">-Yates</forename></persName>
		</author>
		<author>
			<persName xmlns="http://www.tei-c.org/ns/1.0"><forename type="first">Berthier</forename><surname>Ribiero-Neto</surname></persName>
		</author>
		<title level="m">Modern Information Retrieval</title>
		<imprint>
			<publisher>Addison-Wesley</publisher>
			<date type="published" when="1999" />
		</imprint>
	</monogr>
</biblStruct>

<biblStruct >
	<analytic>
		<title level="a" type="main">Exploiting latent semantic information in statistical language modeling</title>
		<author>
			<persName xmlns="http://www.tei-c.org/ns/1.0"><forename type="first">J</forename><surname>Bellegarda</surname></persName>
		</author>
	</analytic>
	<monogr>
		<title level="j">Proceedings of the IEEE</title>
		<imprint>
			<biblScope unit="volume">88</biblScope>
			<biblScope unit="issue">8</biblScope>
			<date type="published" when="2000" />
		</imprint>
	</monogr>
</biblStruct>

<biblStruct >
	<monogr>
		<title level="m" type="main">Web 1T 5-gram Version 1. Linguistic Data Consortium</title>
		<author>
			<persName xmlns="http://www.tei-c.org/ns/1.0"><forename type="first">Thorsten</forename><surname>Brants</surname></persName>
		</author>
		<author>
			<persName xmlns="http://www.tei-c.org/ns/1.0"><forename type="first">Alex</forename><surname>Franz</surname></persName>
		</author>
		<imprint>
			<date type="published" when="2006" />
		</imprint>
	</monogr>
</biblStruct>

<biblStruct >
	<analytic>
		<title level="a" type="main">Towards better integration of semantic predictors in statistical language modeling</title>
		<author>
			<persName xmlns="http://www.tei-c.org/ns/1.0"><forename type="first">N</forename><surname>Coccaro</surname></persName>
		</author>
		<author>
			<persName xmlns="http://www.tei-c.org/ns/1.0"><forename type="first">D</forename><surname>Jurafsky</surname></persName>
		</author>
	</analytic>
	<monogr>
		<title level="m">Proceedings, International Conference on Spoken Language Processing</title>
		<meeting>International Conference on Spoken Language Processing</meeting>
		<imprint>
			<date type="published" when="1998" />
		</imprint>
	</monogr>
	<note>ICSLP-98</note>
</biblStruct>

<biblStruct >
	<monogr>
		<title level="m" type="main">Lexical Semantics</title>
		<author>
			<persName xmlns="http://www.tei-c.org/ns/1.0"><forename type="first">D</forename><forename type="middle">A</forename><surname>Cruse</surname></persName>
		</author>
		<imprint>
			<date type="published" when="1986" />
			<publisher>Cambridge University Press</publisher>
		</imprint>
	</monogr>
</biblStruct>

<biblStruct >
	<analytic>
		<title level="a" type="main">Improvements in automatic thesaurus extraction</title>
		<author>
			<persName xmlns="http://www.tei-c.org/ns/1.0"><forename type="first">James</forename><forename type="middle">R</forename><surname>Curran</surname></persName>
		</author>
		<author>
			<persName xmlns="http://www.tei-c.org/ns/1.0"><forename type="first">Marc</forename><surname>Moens</surname></persName>
		</author>
	</analytic>
	<monogr>
		<title level="m">Proceedings of the ACL-02 workshop on Unsupervised lexical acquisition</title>
		<meeting>the ACL-02 workshop on Unsupervised lexical acquisition</meeting>
		<imprint>
			<date type="published" when="2002" />
			<biblScope unit="volume">9</biblScope>
			<biblScope unit="page" from="59" to="66" />
		</imprint>
		<respStmt>
			<orgName>Association for Computational Linguistics</orgName>
		</respStmt>
	</monogr>
</biblStruct>

<biblStruct >
	<analytic>
		<title level="a" type="main">Using wordnet similarity and antonymy relations to aid document retrieval</title>
		<author>
			<persName xmlns="http://www.tei-c.org/ns/1.0"><forename type="first">Simone</forename><surname>Thomas De</surname></persName>
		</author>
		<author>
			<persName xmlns="http://www.tei-c.org/ns/1.0"><forename type="first">Dimitar</forename><surname>Kazakov</surname></persName>
		</author>
	</analytic>
	<monogr>
		<title level="m">Recent Advances in Natural Language Processing</title>
		<imprint>
			<date type="published" when="2005" />
		</imprint>
	</monogr>
	<note>RANLP</note>
</biblStruct>

<biblStruct >
	<analytic>
		<title level="a" type="main">Indexing by latent semantic analysis</title>
		<author>
			<persName xmlns="http://www.tei-c.org/ns/1.0"><forename type="first">S</forename><surname>Deerwester</surname></persName>
		</author>
		<author>
			<persName xmlns="http://www.tei-c.org/ns/1.0"><forename type="first">S</forename><forename type="middle">T</forename><surname>Dumais</surname></persName>
		</author>
		<author>
			<persName xmlns="http://www.tei-c.org/ns/1.0"><forename type="first">G</forename><forename type="middle">W</forename><surname>Furnas</surname></persName>
		</author>
		<author>
			<persName xmlns="http://www.tei-c.org/ns/1.0"><forename type="first">T</forename><forename type="middle">K</forename><surname>Landauer</surname></persName>
		</author>
		<author>
			<persName xmlns="http://www.tei-c.org/ns/1.0"><forename type="first">R</forename><surname>Harshman</surname></persName>
		</author>
	</analytic>
	<monogr>
		<title level="j">Journal of the American Society for Information Science</title>
		<imprint>
			<biblScope unit="issue">96</biblScope>
			<biblScope unit="page">41</biblScope>
			<date type="published" when="1990" />
		</imprint>
	</monogr>
</biblStruct>

<biblStruct >
	<analytic>
		<title level="a" type="main">Computing semantic relatedness using wikipedia-based explicit semantic analysis</title>
		<author>
			<persName xmlns="http://www.tei-c.org/ns/1.0"><forename type="first">E</forename><surname>Gabrilovich</surname></persName>
		</author>
		<author>
			<persName xmlns="http://www.tei-c.org/ns/1.0"><forename type="first">S</forename><surname>Markovitch</surname></persName>
		</author>
	</analytic>
	<monogr>
		<title level="m">AAAI Conference on Artificial Intelligence (AAAI)</title>
		<imprint>
			<date type="published" when="2007" />
		</imprint>
	</monogr>
</biblStruct>

<biblStruct >
	<analytic>
		<title level="a" type="main">Negation, contrast and contradiction in text processing</title>
		<author>
			<persName xmlns="http://www.tei-c.org/ns/1.0"><forename type="first">Sanda</forename><surname>Harabagiu</surname></persName>
		</author>
		<author>
			<persName xmlns="http://www.tei-c.org/ns/1.0"><forename type="first">Andrew</forename><surname>Hickl</surname></persName>
		</author>
		<author>
			<persName xmlns="http://www.tei-c.org/ns/1.0"><forename type="first">Finley</forename><surname>Lacatusu</surname></persName>
		</author>
	</analytic>
	<monogr>
		<title level="m">AAAI Conference on Artificial Intelligence (AAAI)</title>
		<imprint>
			<date type="published" when="2006" />
		</imprint>
	</monogr>
</biblStruct>

<biblStruct >
	<monogr>
				<author>
			<persName xmlns="http://www.tei-c.org/ns/1.0"><forename type="first">Zelig</forename><surname>Harris</surname></persName>
		</author>
		<title level="m">Distributional structure. Word</title>
		<imprint>
			<date type="published" when="1954" />
			<biblScope unit="volume">10</biblScope>
			<biblScope unit="page" from="146" to="162" />
		</imprint>
	</monogr>
</biblStruct>

<biblStruct >
	<analytic>
		<title level="a" type="main">Rogets thesaurus and semantic similarity</title>
		<author>
			<persName xmlns="http://www.tei-c.org/ns/1.0"><forename type="first">Mario</forename><surname>Jarmasz</surname></persName>
		</author>
		<author>
			<persName xmlns="http://www.tei-c.org/ns/1.0"><forename type="first">Stan</forename><surname>Szpakowicz</surname></persName>
		</author>
	</analytic>
	<monogr>
		<title level="m">Proceedings of the International Conference on Recent Advances in Natural Language Processing</title>
		<meeting>the International Conference on Recent Advances in Natural Language Processing</meeting>
		<imprint>
			<date type="published" when="2003" />
		</imprint>
	</monogr>
	<note>RANLP-2003</note>
</biblStruct>

<biblStruct >
	<analytic>
		<title level="a" type="main">A solution to plato&apos;s problem: The latent semantic analysis theory of the acquisition, induction, and representation of knowledge</title>
		<author>
			<persName xmlns="http://www.tei-c.org/ns/1.0"><forename type="first">Thomas</forename><surname>Landauer</surname></persName>
		</author>
		<author>
			<persName xmlns="http://www.tei-c.org/ns/1.0"><forename type="first">Susan</forename><surname>Dumais</surname></persName>
		</author>
	</analytic>
	<monogr>
		<title level="j">Psychological Review</title>
		<imprint>
			<biblScope unit="volume">104</biblScope>
			<biblScope unit="issue">2</biblScope>
			<biblScope unit="page" from="211" to="240" />
			<date type="published" when="1997" />
		</imprint>
	</monogr>
</biblStruct>

<biblStruct >
	<analytic>
		<title level="a" type="main">Learning humanlike knowledge by singular value decomposition: A progress report</title>
		<author>
			<persName xmlns="http://www.tei-c.org/ns/1.0"><forename type="first">T</forename><forename type="middle">K</forename><surname>Landauer</surname></persName>
		</author>
		<author>
			<persName xmlns="http://www.tei-c.org/ns/1.0"><forename type="first">D</forename><surname>Laham</surname></persName>
		</author>
	</analytic>
	<monogr>
		<title level="m">Neural Information Processing Systems (NIPS)</title>
		<imprint>
			<date type="published" when="1998" />
		</imprint>
	</monogr>
</biblStruct>

<biblStruct >
	<analytic>
		<title level="a" type="main">An introduction to latent semantic analysis</title>
		<author>
			<persName xmlns="http://www.tei-c.org/ns/1.0"><forename type="first">Thomas</forename><forename type="middle">K</forename><surname>Landauer</surname></persName>
		</author>
		<author>
			<persName xmlns="http://www.tei-c.org/ns/1.0"><forename type="first">Peter</forename><forename type="middle">W</forename><surname>Foltz</surname></persName>
		</author>
		<author>
			<persName xmlns="http://www.tei-c.org/ns/1.0"><forename type="first">Darrell</forename><surname>Laham</surname></persName>
		</author>
	</analytic>
	<monogr>
		<title level="m">Discourse Processes</title>
		<imprint>
			<date type="published" when="1998" />
			<biblScope unit="volume">25</biblScope>
			<biblScope unit="page" from="259" to="284" />
		</imprint>
	</monogr>
</biblStruct>

<biblStruct >
	<analytic>
		<title level="a" type="main">On the computational basis of learning and cognition: Arguments from lsa</title>
		<author>
			<persName xmlns="http://www.tei-c.org/ns/1.0"><forename type="first">T</forename><forename type="middle">K</forename><surname>Landauer</surname></persName>
		</author>
	</analytic>
	<monogr>
		<title level="j">Psychology of Learning and Motivation</title>
		<imprint>
			<biblScope unit="volume">41</biblScope>
			<biblScope unit="page" from="43" to="84" />
			<date type="published" when="2002" />
		</imprint>
	</monogr>
</biblStruct>

<biblStruct >
	<analytic>
		<title level="a" type="main">Identifying synonyms among distributionally similar words</title>
		<author>
			<persName xmlns="http://www.tei-c.org/ns/1.0"><forename type="first">Dekang</forename><surname>Lin</surname></persName>
		</author>
		<author>
			<persName xmlns="http://www.tei-c.org/ns/1.0"><forename type="first">Shaojun</forename><surname>Zhao</surname></persName>
		</author>
		<author>
			<persName xmlns="http://www.tei-c.org/ns/1.0"><forename type="first">Lijuan</forename><surname>Qin</surname></persName>
		</author>
		<author>
			<persName xmlns="http://www.tei-c.org/ns/1.0"><forename type="first">Ming</forename><surname>Zhou</surname></persName>
		</author>
	</analytic>
	<monogr>
		<title level="m">International Joint Conference on Artificial Intelligence (IJCAI)</title>
		<imprint>
			<date type="published" when="2003" />
		</imprint>
	</monogr>
</biblStruct>

<biblStruct >
	<analytic>
		<title level="a" type="main">Automatic retrieval and clustering of similar words</title>
		<author>
			<persName xmlns="http://www.tei-c.org/ns/1.0"><forename type="first">Dekang</forename><surname>Lin</surname></persName>
		</author>
	</analytic>
	<monogr>
		<title level="m">Proceedings of the 36th Annual Meeting of the Association for Computational Linguistics and 17th International Conference on Computational Linguistics</title>
		<meeting>the 36th Annual Meeting of the Association for Computational Linguistics and 17th International Conference on Computational Linguistics<address><addrLine>Stroudsburg, PA, USA</addrLine></address></meeting>
		<imprint>
			<date type="published" when="1998" />
			<biblScope unit="volume">2</biblScope>
			<biblScope unit="page" from="768" to="774" />
		</imprint>
	</monogr>
	<note>ACL &apos;98. Association for Computational Linguistics</note>
</biblStruct>

<biblStruct >
	<analytic>
		<title level="a" type="main">An effective lowcost measure of semantic relatedness obtained from wikipedia links</title>
		<author>
			<persName xmlns="http://www.tei-c.org/ns/1.0"><forename type="first">David</forename><surname>Milne</surname></persName>
		</author>
		<author>
			<persName xmlns="http://www.tei-c.org/ns/1.0"><forename type="first">Ian</forename><forename type="middle">H</forename><surname>Witten</surname></persName>
		</author>
	</analytic>
	<monogr>
		<title level="m">Proceedings of the AAAI 2008 Workshop on Wikipedia and Artificial Intelligence</title>
		<meeting>the AAAI 2008 Workshop on Wikipedia and Artificial Intelligence</meeting>
		<imprint>
			<date type="published" when="2008" />
		</imprint>
	</monogr>
</biblStruct>

<biblStruct >
	<analytic>
		<title level="a" type="main">Applied morphological processing of english</title>
		<author>
			<persName xmlns="http://www.tei-c.org/ns/1.0"><forename type="first">G</forename><surname>Minnen</surname></persName>
		</author>
		<author>
			<persName xmlns="http://www.tei-c.org/ns/1.0"><forename type="first">J</forename><surname>Carroll</surname></persName>
		</author>
		<author>
			<persName xmlns="http://www.tei-c.org/ns/1.0"><forename type="first">D</forename><surname>Pearce</surname></persName>
		</author>
	</analytic>
	<monogr>
		<title level="j">Natural Language Engineering</title>
		<imprint>
			<biblScope unit="volume">7</biblScope>
			<biblScope unit="issue">3</biblScope>
			<biblScope unit="page" from="207" to="223" />
			<date type="published" when="2001" />
		</imprint>
	</monogr>
</biblStruct>

<biblStruct >
	<analytic>
		<title level="a" type="main">Computing word pair antonymy</title>
		<author>
			<persName xmlns="http://www.tei-c.org/ns/1.0"><forename type="first">Saif</forename><surname>Mohammed</surname></persName>
		</author>
		<author>
			<persName xmlns="http://www.tei-c.org/ns/1.0"><forename type="first">Bonnie</forename><surname>Dorr</surname></persName>
		</author>
		<author>
			<persName xmlns="http://www.tei-c.org/ns/1.0"><forename type="first">Graeme</forename><surname>Hirst</surname></persName>
		</author>
	</analytic>
	<monogr>
		<title level="m">Empirical Methods in Natural Language Processing (EMNLP)</title>
		<imprint>
			<date type="published" when="2008" />
		</imprint>
	</monogr>
</biblStruct>

<biblStruct >
	<monogr>
		<title level="m" type="main">Measuring degrees of semantic opposition</title>
		<author>
			<persName xmlns="http://www.tei-c.org/ns/1.0"><forename type="first">M</forename><surname>Saif</surname></persName>
		</author>
		<author>
			<persName xmlns="http://www.tei-c.org/ns/1.0"><forename type="first">Bonnie</forename><forename type="middle">J</forename><surname>Mohammed</surname></persName>
		</author>
		<author>
			<persName xmlns="http://www.tei-c.org/ns/1.0"><forename type="first">Graeme</forename><surname>Dorr</surname></persName>
		</author>
		<author>
			<persName xmlns="http://www.tei-c.org/ns/1.0"><forename type="first">Peter</forename><forename type="middle">D</forename><surname>Hirst</surname></persName>
		</author>
		<author>
			<persName xmlns="http://www.tei-c.org/ns/1.0"><surname>Turney</surname></persName>
		</author>
		<imprint>
			<date type="published" when="2011" />
			<pubPlace>National Research Council Canada</pubPlace>
		</imprint>
	</monogr>
<note type="report_type">Technical report</note>
</biblStruct>

<biblStruct >
	<analytic>
		<title level="a" type="main">The conceptual basis of antonymy and synonymy in adjectives</title>
		<author>
			<persName xmlns="http://www.tei-c.org/ns/1.0"><forename type="first">L</forename><surname>Gregory</surname></persName>
		</author>
		<author>
			<persName xmlns="http://www.tei-c.org/ns/1.0"><forename type="first">Jane</forename><forename type="middle">M</forename><surname>Murphy</surname></persName>
		</author>
		<author>
			<persName xmlns="http://www.tei-c.org/ns/1.0"><surname>Andrew</surname></persName>
		</author>
	</analytic>
	<monogr>
		<title level="j">Journal of Memory and Language</title>
		<imprint>
			<biblScope unit="volume">32</biblScope>
			<biblScope unit="issue">3</biblScope>
			<biblScope unit="page" from="1" to="19" />
			<date type="published" when="1993" />
		</imprint>
	</monogr>
</biblStruct>

<biblStruct >
	<monogr>
		<title level="m" type="main">Numerical Optimization</title>
		<author>
			<persName xmlns="http://www.tei-c.org/ns/1.0"><forename type="first">Jorge</forename><surname>Nocedal</surname></persName>
		</author>
		<author>
			<persName xmlns="http://www.tei-c.org/ns/1.0"><forename type="first">Stephen</forename><surname>Wright</surname></persName>
		</author>
		<imprint>
			<date type="published" when="2006" />
			<publisher>Springer</publisher>
		</imprint>
	</monogr>
	<note>2nd edition</note>
</biblStruct>

<biblStruct >
	<analytic>
		<title level="a" type="main">Translingual document representations from discriminative projections</title>
		<author>
			<persName xmlns="http://www.tei-c.org/ns/1.0"><forename type="first">John</forename><surname>Platt</surname></persName>
		</author>
		<author>
			<persName xmlns="http://www.tei-c.org/ns/1.0"><forename type="first">Kristina</forename><surname>Toutanova</surname></persName>
		</author>
		<author>
			<persName xmlns="http://www.tei-c.org/ns/1.0"><forename type="first">Wen-Tau</forename><surname>Yih</surname></persName>
		</author>
	</analytic>
	<monogr>
		<title level="m">Proceedings of EMNLP</title>
		<meeting>EMNLP</meeting>
		<imprint>
			<date type="published" when="2010" />
			<biblScope unit="page" from="251" to="261" />
		</imprint>
	</monogr>
</biblStruct>

<biblStruct >
	<analytic>
		<title level="a" type="main">Unsupervised semantic parsing</title>
		<author>
			<persName xmlns="http://www.tei-c.org/ns/1.0"><forename type="first">Hoifung</forename><surname>Poon</surname></persName>
		</author>
		<author>
			<persName xmlns="http://www.tei-c.org/ns/1.0"><forename type="first">Pedro</forename><surname>Domingos</surname></persName>
		</author>
	</analytic>
	<monogr>
		<title level="m">Empirical Methods in Natural Language Processing (EMNLP)</title>
		<imprint>
			<date type="published" when="2009" />
		</imprint>
	</monogr>
</biblStruct>

<biblStruct >
	<monogr>
		<title level="m" type="main">An algorithm for suffix stripping</title>
		<author>
			<persName xmlns="http://www.tei-c.org/ns/1.0"><forename type="first">Martin</forename><forename type="middle">F</forename><surname>Porter</surname></persName>
		</author>
		<imprint>
			<date type="published" when="1980" />
			<publisher>Program</publisher>
			<biblScope unit="volume">14</biblScope>
			<biblScope unit="page" from="130" to="137" />
		</imprint>
	</monogr>
</biblStruct>

<biblStruct >
	<analytic>
		<title level="a" type="main">Multiprototype vector-space models of word meaning</title>
		<author>
			<persName xmlns="http://www.tei-c.org/ns/1.0"><forename type="first">Joseph</forename><surname>Reisinger</surname></persName>
		</author>
		<author>
			<persName xmlns="http://www.tei-c.org/ns/1.0"><forename type="first">J</forename><surname>Raymond</surname></persName>
		</author>
		<author>
			<persName xmlns="http://www.tei-c.org/ns/1.0"><surname>Mooney</surname></persName>
		</author>
	</analytic>
	<monogr>
		<title level="m">Proceedings of HLT-NAACL</title>
		<meeting>HLT-NAACL</meeting>
		<imprint>
			<date type="published" when="2010" />
			<biblScope unit="page" from="109" to="117" />
		</imprint>
	</monogr>
</biblStruct>

<biblStruct >
	<monogr>
		<title level="m" type="main">Introduction to Modern Information Retrieval</title>
		<author>
			<persName xmlns="http://www.tei-c.org/ns/1.0"><forename type="first">Gerard</forename><surname>Salton</surname></persName>
		</author>
		<author>
			<persName xmlns="http://www.tei-c.org/ns/1.0"><forename type="first">Michael</forename><forename type="middle">J</forename><surname>Mcgill</surname></persName>
		</author>
		<imprint>
			<date type="published" when="1983" />
			<publisher>McGraw Hill</publisher>
		</imprint>
	</monogr>
</biblStruct>

<biblStruct >
	<analytic>
		<title level="a" type="main">A Vector Space Model for Automatic Indexing</title>
		<author>
			<persName xmlns="http://www.tei-c.org/ns/1.0"><forename type="first">G</forename><surname>Salton</surname></persName>
		</author>
		<author>
			<persName xmlns="http://www.tei-c.org/ns/1.0"><forename type="first">A</forename><surname>Wong</surname></persName>
		</author>
		<author>
			<persName xmlns="http://www.tei-c.org/ns/1.0"><forename type="first">C</forename><forename type="middle">S</forename><surname>Yang</surname></persName>
		</author>
	</analytic>
	<monogr>
		<title level="j">Communications of the ACM</title>
		<imprint>
			<biblScope unit="volume">18</biblScope>
			<biblScope unit="issue">11</biblScope>
			<date type="published" when="1975" />
		</imprint>
	</monogr>
</biblStruct>

<biblStruct >
	<analytic>
		<title level="a" type="main">Antonymy and conceptual vectors</title>
		<author>
			<persName xmlns="http://www.tei-c.org/ns/1.0"><forename type="first">D</forename><surname>Schwab</surname></persName>
		</author>
		<author>
			<persName xmlns="http://www.tei-c.org/ns/1.0"><forename type="first">M</forename><surname>Lafourcade</surname></persName>
		</author>
		<author>
			<persName xmlns="http://www.tei-c.org/ns/1.0"><forename type="first">V</forename><surname>Prince</surname></persName>
		</author>
	</analytic>
	<monogr>
		<title level="m">International Conference on Computational Linguistics (COLING)</title>
		<imprint>
			<date type="published" when="2002" />
		</imprint>
	</monogr>
</biblStruct>

<biblStruct >
	<analytic>
		<title level="a" type="main">Corpus-based learning of analogies and semantic relations</title>
		<author>
			<persName xmlns="http://www.tei-c.org/ns/1.0"><forename type="first">Peter</forename><surname>Turney</surname></persName>
		</author>
		<author>
			<persName xmlns="http://www.tei-c.org/ns/1.0"><forename type="first">Michael</forename><surname>Littman</surname></persName>
		</author>
	</analytic>
	<monogr>
		<title level="m">Machine Learning</title>
		<imprint>
			<date type="published" when="2005" />
			<biblScope unit="volume">60</biblScope>
			<biblScope unit="page" from="251" to="278" />
		</imprint>
	</monogr>
</biblStruct>

<biblStruct >
	<analytic>
		<title level="a" type="main">From frequency to meaning: Vector space models of semantics</title>
		<author>
			<persName xmlns="http://www.tei-c.org/ns/1.0"><forename type="first">D</forename><surname>Peter</surname></persName>
		</author>
		<author>
			<persName xmlns="http://www.tei-c.org/ns/1.0"><forename type="first">Patrick</forename><surname>Turney</surname></persName>
		</author>
		<author>
			<persName xmlns="http://www.tei-c.org/ns/1.0"><surname>Pantel</surname></persName>
		</author>
	</analytic>
	<monogr>
		<title level="j">Journal of Artificial Intelligence Research</title>
		<imprint>
			<biblScope unit="issue">37</biblScope>
			<date type="published" when="2010" />
		</imprint>
	</monogr>
</biblStruct>

<biblStruct >
	<analytic>
		<title level="a" type="main">Combining independent modules to solve multiple-choice synonym and analogy problems</title>
		<author>
			<persName xmlns="http://www.tei-c.org/ns/1.0"><forename type="first">D</forename><surname>Peter</surname></persName>
		</author>
		<author>
			<persName xmlns="http://www.tei-c.org/ns/1.0"><forename type="first">Michael</forename><forename type="middle">L</forename><surname>Turney</surname></persName>
		</author>
		<author>
			<persName xmlns="http://www.tei-c.org/ns/1.0"><forename type="first">Jeffrey</forename><surname>Littman</surname></persName>
		</author>
		<author>
			<persName xmlns="http://www.tei-c.org/ns/1.0"><forename type="first">Victor</forename><surname>Bigham</surname></persName>
		</author>
		<author>
			<persName xmlns="http://www.tei-c.org/ns/1.0"><surname>Shnayder</surname></persName>
		</author>
	</analytic>
	<monogr>
		<title level="m">Recent Advances in Natural Language Processing</title>
		<imprint>
			<date type="published" when="2003" />
		</imprint>
	</monogr>
	<note>RANLP</note>
</biblStruct>

<biblStruct >
	<analytic>
		<title level="a" type="main">Mining the web for synonyms: Pmi-ir versus lsa on toefl</title>
		<author>
			<persName xmlns="http://www.tei-c.org/ns/1.0"><forename type="first">D</forename><surname>Peter</surname></persName>
		</author>
		<author>
			<persName xmlns="http://www.tei-c.org/ns/1.0"><surname>Turney</surname></persName>
		</author>
	</analytic>
	<monogr>
		<title level="m">European Conference on Machine Learning (ECML)</title>
		<imprint>
			<date type="published" when="2001" />
		</imprint>
	</monogr>
</biblStruct>

<biblStruct >
	<analytic>
		<title level="a" type="main">Similarity of semantic relations</title>
		<author>
			<persName xmlns="http://www.tei-c.org/ns/1.0"><forename type="first">P</forename><forename type="middle">D</forename><surname>Turney</surname></persName>
		</author>
	</analytic>
	<monogr>
		<title level="j">Computational Linguistics</title>
		<imprint>
			<biblScope unit="volume">32</biblScope>
			<biblScope unit="issue">3</biblScope>
			<biblScope unit="page" from="379" to="416" />
			<date type="published" when="2006" />
		</imprint>
	</monogr>
</biblStruct>

<biblStruct >
	<analytic>
		<title level="a" type="main">A uniform approach to analogies, synonyms, antonyms, and associations</title>
		<author>
			<persName xmlns="http://www.tei-c.org/ns/1.0"><forename type="first">Peter</forename><surname>Turney</surname></persName>
		</author>
	</analytic>
	<monogr>
		<title level="m">International Conference on Computational Linguistics (COLING)</title>
		<imprint>
			<date type="published" when="2008" />
		</imprint>
	</monogr>
</biblStruct>

<biblStruct >
	<analytic>
		<title level="a" type="main">Syntactic contexts for finding semantically similar words</title>
		<author>
			<persName xmlns="http://www.tei-c.org/ns/1.0"><forename type="first">Gosse</forename><surname>Lonneke Van Der Plas</surname></persName>
		</author>
		<author>
			<persName xmlns="http://www.tei-c.org/ns/1.0"><surname>Bouma</surname></persName>
		</author>
	</analytic>
	<monogr>
		<title level="m">Proceedings of the Meeting of Computational Linguistics in the</title>
		<meeting>the Meeting of Computational Linguistics in the<address><addrLine>Netherlands</addrLine></address></meeting>
		<imprint>
			<publisher>CLIN</publisher>
			<date type="published" when="2004" />
		</imprint>
	</monogr>
</biblStruct>

<biblStruct >
	<analytic>
		<title level="a" type="main">Finding synonyms using automatic word alignment and measures of distributional similarity</title>
		<author>
			<persName xmlns="http://www.tei-c.org/ns/1.0"><forename type="first">Jörg</forename><surname>Lonneke Van Der Plas</surname></persName>
		</author>
		<author>
			<persName xmlns="http://www.tei-c.org/ns/1.0"><surname>Tiedemann</surname></persName>
		</author>
	</analytic>
	<monogr>
		<title level="m">Proceedings of the COLING/ACL on Main conference poster sessions, COLING-ACL &apos;06</title>
		<meeting>the COLING/ACL on Main conference poster sessions, COLING-ACL &apos;06</meeting>
		<imprint>
			<date type="published" when="2006" />
			<biblScope unit="page" from="866" to="873" />
		</imprint>
	</monogr>
	<note>Association for Computational Linguistics</note>
</biblStruct>

<biblStruct >
	<analytic>
		<title level="a" type="main">Document clustering based on non-negative matrix factorization</title>
		<author>
			<persName xmlns="http://www.tei-c.org/ns/1.0"><forename type="first">Wei</forename><surname>Xu</surname></persName>
		</author>
		<author>
			<persName xmlns="http://www.tei-c.org/ns/1.0"><forename type="first">Xin</forename><surname>Liu</surname></persName>
		</author>
		<author>
			<persName xmlns="http://www.tei-c.org/ns/1.0"><forename type="first">Yihong</forename><surname>Gong</surname></persName>
		</author>
	</analytic>
	<monogr>
		<title level="m">Proceedings of the 26th annual international ACM SIGIR conference on Research and development in informaion retrieval</title>
		<meeting>the 26th annual international ACM SIGIR conference on Research and development in informaion retrieval<address><addrLine>New York, NY, USA</addrLine></address></meeting>
		<imprint>
			<publisher>ACM</publisher>
			<date type="published" when="2003" />
			<biblScope unit="page" from="267" to="273" />
		</imprint>
	</monogr>
</biblStruct>

<biblStruct >
	<analytic>
		<title level="a" type="main">Learning discriminative projections for text similarity measures</title>
		<author>
			<persName xmlns="http://www.tei-c.org/ns/1.0"><forename type="first">Kristina</forename><surname>Wen-Tau Yih</surname></persName>
		</author>
		<author>
			<persName xmlns="http://www.tei-c.org/ns/1.0"><forename type="first">John</forename><forename type="middle">C</forename><surname>Toutanova</surname></persName>
		</author>
		<author>
			<persName xmlns="http://www.tei-c.org/ns/1.0"><forename type="first">Christopher</forename><surname>Platt</surname></persName>
		</author>
		<author>
			<persName xmlns="http://www.tei-c.org/ns/1.0"><surname>Meek</surname></persName>
		</author>
	</analytic>
	<monogr>
		<title level="m">Proceedings of the Fifteen Conference on Computational Natural Language Learning (CoNLL)</title>
		<meeting>the Fifteen Conference on Computational Natural Language Learning (CoNLL)<address><addrLine>Portland, Oregon, USA</addrLine></address></meeting>
		<imprint>
			<date type="published" when="2011" />
			<biblScope unit="page" from="247" to="256" />
		</imprint>
	</monogr>
</biblStruct>

			</listBibl>
		</back>
	</text>
</TEI>
