<?xml version="1.0" ?>
<TEI xmlns="http://www.tei-c.org/ns/1.0" xmlns:xlink="http://www.w3.org/1999/xlink" 
 xmlns:mml="http://www.w3.org/1998/Math/MathML">
	<teiHeader>
		<fileDesc xml:id="f_148"/>
	</teiHeader>
	<text>
		<front/>
		<body/>
		<back>
			<listBibl>
<biblStruct >
	<analytic>
		<title level="a" type="main">Why Label when you can Search? Alternatives to Active Learning for Applying Human Resources to Build Classification Models Under Extreme Class Imbalance</title>
		<author>
			<persName xmlns="http://www.tei-c.org/ns/1.0"><forename type="first">J</forename><surname>Attenberg</surname></persName>
		</author>
		<author>
			<persName xmlns="http://www.tei-c.org/ns/1.0"><forename type="first">F</forename><surname>Provost</surname></persName>
		</author>
	</analytic>
	<monogr>
		<title level="m">Proceeding of KDD-10</title>
		<meeting>eeding of KDD-10</meeting>
		<imprint>
			<date type="published" when="2010" />
			<biblScope unit="page" from="423" to="432" />
		</imprint>
	</monogr>
</biblStruct>

<biblStruct >
	<analytic>
		<title level="a" type="main">Biographies, Bollywood, Boom-boxes and Blenders: Domain Adaptation for Sentiment Classification</title>
		<author>
			<persName xmlns="http://www.tei-c.org/ns/1.0"><forename type="first">J</forename><surname>Blitzer</surname></persName>
		</author>
		<author>
			<persName xmlns="http://www.tei-c.org/ns/1.0"><forename type="first">M</forename><surname>Dredze</surname></persName>
		</author>
		<author>
			<persName xmlns="http://www.tei-c.org/ns/1.0"><forename type="first">F</forename><surname>Pereira</surname></persName>
		</author>
	</analytic>
	<monogr>
		<title level="m">Proceedings of ACL-07</title>
		<meeting>ACL-07</meeting>
		<imprint>
			<date type="published" when="2007" />
			<biblScope unit="page" from="440" to="447" />
		</imprint>
	</monogr>
</biblStruct>

<biblStruct >
	<analytic>
		<title level="a" type="main">Comparative Experiments on Sentiment Classification for Online Product Reviews</title>
		<author>
			<persName xmlns="http://www.tei-c.org/ns/1.0"><forename type="first">H</forename><surname>Cui</surname></persName>
		</author>
		<author>
			<persName xmlns="http://www.tei-c.org/ns/1.0"><forename type="first">V</forename><surname>Mittal</surname></persName>
		</author>
		<author>
			<persName xmlns="http://www.tei-c.org/ns/1.0"><forename type="first">M</forename><surname>Datar</surname></persName>
		</author>
	</analytic>
	<monogr>
		<title level="m">Proceedings of AAAI-06</title>
		<meeting>AAAI-06</meeting>
		<imprint>
			<date type="published" when="2006" />
			<biblScope unit="page" from="1265" to="1270" />
		</imprint>
	</monogr>
</biblStruct>

<biblStruct >
	<analytic>
		<title level="a" type="main">An Active Learning based Classification Strategy for the Minority Class Problem: Application to Histopathology Annotation</title>
		<author>
			<persName xmlns="http://www.tei-c.org/ns/1.0"><forename type="first">Doyle</forename><forename type="middle">S</forename></persName>
		</author>
		<author>
			<persName xmlns="http://www.tei-c.org/ns/1.0"><forename type="first">J</forename><surname>Monaco</surname></persName>
		</author>
		<author>
			<persName xmlns="http://www.tei-c.org/ns/1.0"><forename type="first">M</forename><surname>Feldman</surname></persName>
		</author>
		<author>
			<persName xmlns="http://www.tei-c.org/ns/1.0"><forename type="first">J</forename><surname>Tomaszewski</surname></persName>
		</author>
		<author>
			<persName xmlns="http://www.tei-c.org/ns/1.0"><forename type="first">A</forename><surname>Madabhushi</surname></persName>
		</author>
	</analytic>
	<monogr>
		<title level="j">BMC Bioinformatics</title>
		<imprint>
			<biblScope unit="volume">12</biblScope>
			<biblScope unit="page" from="1471" to="2105" />
			<date type="published" when="2011" />
		</imprint>
	</monogr>
</biblStruct>

<biblStruct >
	<monogr>
		<title level="m" type="main">Learning on the Border</title>
		<author>
			<persName xmlns="http://www.tei-c.org/ns/1.0"><forename type="first">S</forename><surname>Ertekin</surname></persName>
		</author>
		<author>
			<persName xmlns="http://www.tei-c.org/ns/1.0"><forename type="first">J</forename><surname>Huang</surname></persName>
		</author>
		<author>
			<persName xmlns="http://www.tei-c.org/ns/1.0"><forename type="first">L</forename><surname>Bottou</surname></persName>
		</author>
		<author>
			<persName xmlns="http://www.tei-c.org/ns/1.0"><forename type="first">C</forename><surname>Giles</surname></persName>
		</author>
		<imprint>
			<date type="published" when="2007" />
			<publisher>Active Learning</publisher>
		</imprint>
	</monogr>
</biblStruct>

<biblStruct >
	<analytic>
		<title level="a" type="main">Imbalanced Data Classification</title>
	</analytic>
	<monogr>
		<title level="m">Proceedings of CIKM-07</title>
		<meeting>CIKM-07</meeting>
		<imprint>
			<biblScope unit="page" from="127" to="136" />
		</imprint>
	</monogr>
</biblStruct>

<biblStruct >
	<analytic>
		<title level="a" type="main">Active Learning in Class Imbalanced Problem</title>
		<author>
			<persName xmlns="http://www.tei-c.org/ns/1.0"><forename type="first">S</forename><surname>Ertekin</surname></persName>
		</author>
		<author>
			<persName xmlns="http://www.tei-c.org/ns/1.0"><forename type="first">J</forename><surname>Huang</surname></persName>
		</author>
		<author>
			<persName xmlns="http://www.tei-c.org/ns/1.0"><forename type="first">L</forename><surname>Bottou</surname></persName>
		</author>
		<author>
			<persName xmlns="http://www.tei-c.org/ns/1.0"><forename type="first">C</forename><surname>Giles</surname></persName>
		</author>
	</analytic>
	<monogr>
		<title level="m">Proceedings of SIGIR-07</title>
		<meeting>SIGIR-07</meeting>
		<imprint>
			<date type="published" when="2007" />
			<biblScope unit="page" from="823" to="824" />
		</imprint>
	</monogr>
</biblStruct>

<biblStruct >
	<analytic>
		<title level="a" type="main">Selective Sampling using the Query by Committee algorithm</title>
		<author>
			<persName xmlns="http://www.tei-c.org/ns/1.0"><forename type="first">Y</forename><surname>Freund</surname></persName>
		</author>
		<author>
			<persName xmlns="http://www.tei-c.org/ns/1.0"><forename type="first">H</forename><surname>Seung</surname></persName>
		</author>
		<author>
			<persName xmlns="http://www.tei-c.org/ns/1.0"><forename type="first">E</forename><surname>Shamir</surname></persName>
		</author>
		<author>
			<persName xmlns="http://www.tei-c.org/ns/1.0"><forename type="first">N</forename><surname>Tishby</surname></persName>
		</author>
	</analytic>
	<monogr>
		<title level="m">Machine Learning</title>
		<imprint>
			<date type="published" when="1997" />
			<biblScope unit="volume">28</biblScope>
			<biblScope unit="page" from="133" to="168" />
		</imprint>
	</monogr>
</biblStruct>

<biblStruct >
	<analytic>
		<title level="a" type="main">Automatically Extracting Polarity-Bearing Topics for CrossDomain Sentiment Classification</title>
		<author>
			<persName xmlns="http://www.tei-c.org/ns/1.0"><forename type="first">Y</forename><surname>He</surname></persName>
		</author>
		<author>
			<persName xmlns="http://www.tei-c.org/ns/1.0"><forename type="first">C</forename><surname>Lin</surname></persName>
		</author>
		<author>
			<persName xmlns="http://www.tei-c.org/ns/1.0"><forename type="first">H</forename><surname>Alani</surname></persName>
		</author>
	</analytic>
	<monogr>
		<title level="m">Proceeding of ACL-11</title>
		<meeting>eeding of ACL-11</meeting>
		<imprint>
			<date type="published" when="2011" />
			<biblScope unit="page" from="123" to="131" />
		</imprint>
	</monogr>
</biblStruct>

<biblStruct >
	<analytic>
		<title level="a" type="main">Training Text Classifiers by Uncertainty Sampling</title>
		<author>
			<persName xmlns="http://www.tei-c.org/ns/1.0"><forename type="first">D</forename><surname>Lewis</surname></persName>
		</author>
		<author>
			<persName xmlns="http://www.tei-c.org/ns/1.0"><forename type="first">W</forename><surname>Gale</surname></persName>
		</author>
	</analytic>
	<monogr>
		<title level="m">Proceedings of SIGIR94</title>
		<meeting>SIGIR94</meeting>
		<imprint>
			<date type="published" when="1994" />
			<biblScope unit="page" from="3" to="12" />
		</imprint>
	</monogr>
</biblStruct>

<biblStruct >
	<analytic>
		<title level="a" type="main">Answering Opinion Questions with Random Walks on Graphs</title>
		<author>
			<persName xmlns="http://www.tei-c.org/ns/1.0"><forename type="first">F</forename><surname>Li</surname></persName>
		</author>
		<author>
			<persName xmlns="http://www.tei-c.org/ns/1.0"><forename type="first">Y</forename><surname>Tang</surname></persName>
		</author>
		<author>
			<persName xmlns="http://www.tei-c.org/ns/1.0"><forename type="first">M</forename><surname>Huang</surname></persName>
		</author>
		<author>
			<persName xmlns="http://www.tei-c.org/ns/1.0"><forename type="first">X</forename><surname>Zhu</surname></persName>
		</author>
	</analytic>
	<monogr>
		<title level="m">Proceedings of ACL-IJCNLP-09</title>
		<meeting>ACL-IJCNLP-09</meeting>
		<imprint>
			<date type="published" when="2009" />
			<biblScope unit="page" from="737" to="745" />
		</imprint>
	</monogr>
</biblStruct>

<biblStruct >
	<analytic>
		<title level="a" type="main">Multi-domain Sentiment Classification</title>
		<author>
			<persName xmlns="http://www.tei-c.org/ns/1.0"><forename type="first">S</forename><surname>Li</surname></persName>
		</author>
		<author>
			<persName xmlns="http://www.tei-c.org/ns/1.0"><forename type="first">C</forename><surname>Zong</surname></persName>
		</author>
	</analytic>
	<monogr>
		<title level="m">Proceedings of ACL-08</title>
		<meeting>ACL-08</meeting>
		<imprint>
			<date type="published" when="2008" />
			<biblScope unit="page" from="257" to="260" />
		</imprint>
	</monogr>
	<note>short paper</note>
</biblStruct>

<biblStruct >
	<analytic>
		<title level="a" type="main">Employing Personal/Impersonal Views in Supervised and Semisupervised Sentiment Classification</title>
		<author>
			<persName xmlns="http://www.tei-c.org/ns/1.0"><forename type="first">Li</forename><forename type="middle">S</forename></persName>
		</author>
		<author>
			<persName xmlns="http://www.tei-c.org/ns/1.0"><forename type="first">C</forename><surname>Huang</surname></persName>
		</author>
		<author>
			<persName xmlns="http://www.tei-c.org/ns/1.0"><forename type="first">G</forename><surname>Zhou</surname></persName>
		</author>
		<author>
			<persName xmlns="http://www.tei-c.org/ns/1.0"><forename type="first">S</forename><surname>Lee</surname></persName>
		</author>
	</analytic>
	<monogr>
		<title level="m">Proceedings of ACL-10</title>
		<meeting>ACL-10</meeting>
		<imprint>
			<date type="published" when="2010" />
			<biblScope unit="page" from="414" to="423" />
		</imprint>
	</monogr>
</biblStruct>

<biblStruct >
	<analytic>
		<title level="a" type="main">Semisupervised Learning for Imbalanced Sentiment Classification</title>
		<author>
			<persName xmlns="http://www.tei-c.org/ns/1.0"><forename type="first">Li</forename><forename type="middle">S</forename></persName>
		</author>
		<author>
			<persName xmlns="http://www.tei-c.org/ns/1.0"><forename type="first">Z</forename><surname>Wang</surname></persName>
		</author>
		<author>
			<persName xmlns="http://www.tei-c.org/ns/1.0"><forename type="first">G</forename><surname>Zhou</surname></persName>
		</author>
		<author>
			<persName xmlns="http://www.tei-c.org/ns/1.0"><forename type="first">S</forename><surname>Lee</surname></persName>
		</author>
	</analytic>
	<monogr>
		<title level="m">Proceeding of IJCAI-11</title>
		<meeting>eeding of IJCAI-11</meeting>
		<imprint>
			<date type="published" when="2011" />
			<biblScope unit="page" from="826" to="1831" />
		</imprint>
	</monogr>
</biblStruct>

<biblStruct >
	<analytic>
		<title level="a" type="main">Imbalanced Sentiment Classification</title>
		<author>
			<persName xmlns="http://www.tei-c.org/ns/1.0"><forename type="first">Li</forename><forename type="middle">S</forename></persName>
		</author>
		<author>
			<persName xmlns="http://www.tei-c.org/ns/1.0"><forename type="first">G</forename><surname>Zhou</surname></persName>
		</author>
		<author>
			<persName xmlns="http://www.tei-c.org/ns/1.0"><forename type="first">Z</forename><surname>Wang</surname></persName>
		</author>
		<author>
			<persName xmlns="http://www.tei-c.org/ns/1.0"><forename type="first">S</forename><surname>Lee</surname></persName>
		</author>
		<author>
			<persName xmlns="http://www.tei-c.org/ns/1.0"><forename type="first">R</forename><surname>Wang</surname></persName>
		</author>
	</analytic>
	<monogr>
		<title level="m">Proceedings of CIKM-11</title>
		<meeting>CIKM-11</meeting>
		<imprint>
			<date type="published" when="2011" />
			<biblScope unit="page" from="2469" to="2472" />
		</imprint>
	</monogr>
	<note>poster paper</note>
</biblStruct>

<biblStruct >
	<analytic>
		<title level="a" type="main">Towards Building a Competitive Opinion Summarization System</title>
		<author>
			<persName xmlns="http://www.tei-c.org/ns/1.0"><forename type="first">E</forename><surname>Lloret</surname></persName>
		</author>
		<author>
			<persName xmlns="http://www.tei-c.org/ns/1.0"><forename type="first">A</forename><surname>Balahur</surname></persName>
		</author>
		<author>
			<persName xmlns="http://www.tei-c.org/ns/1.0"><forename type="first">M</forename><surname>Palomar</surname></persName>
		</author>
		<author>
			<persName xmlns="http://www.tei-c.org/ns/1.0"><forename type="first">A</forename><surname>Montoyo</surname></persName>
		</author>
	</analytic>
	<monogr>
		<title level="m">Proceedings of NAACL09 Student Research Workshop and Doctoral Consortium</title>
		<meeting>NAACL09 Student Research Workshop and Doctoral Consortium</meeting>
		<imprint>
			<date type="published" when="2009" />
			<biblScope unit="page" from="72" to="77" />
		</imprint>
	</monogr>
</biblStruct>

<biblStruct >
	<analytic>
		<title level="a" type="main">Addressing the Curse of Imbalanced Training Sets: One-Sided Selection</title>
		<author>
			<persName xmlns="http://www.tei-c.org/ns/1.0"><forename type="first">M</forename><surname>Kubat</surname></persName>
		</author>
		<author>
			<persName xmlns="http://www.tei-c.org/ns/1.0"><forename type="first">S</forename><surname>Matwin</surname></persName>
		</author>
	</analytic>
	<monogr>
		<title level="m">Proceedings of ICML-97</title>
		<meeting>ICML-97</meeting>
		<imprint>
			<date type="published" when="1997" />
			<biblScope unit="page" from="179" to="186" />
		</imprint>
	</monogr>
</biblStruct>

<biblStruct >
	<analytic>
		<title level="a" type="main">Active Learning with Multiple Views</title>
		<author>
			<persName xmlns="http://www.tei-c.org/ns/1.0"><forename type="first">I</forename><surname>Muslea</surname></persName>
		</author>
		<author>
			<persName xmlns="http://www.tei-c.org/ns/1.0"><forename type="first">S</forename><surname>Minton</surname></persName>
		</author>
		<author>
			<persName xmlns="http://www.tei-c.org/ns/1.0"><forename type="first">C</forename><surname>Knoblock</surname></persName>
		</author>
	</analytic>
	<monogr>
		<title level="j">Journal of Artificial Intelligence Research</title>
		<imprint>
			<biblScope unit="volume">27</biblScope>
			<biblScope unit="page" from="203" to="233" />
			<date type="published" when="2006" />
		</imprint>
	</monogr>
</biblStruct>

<biblStruct >
	<analytic>
		<title level="a" type="main">Opinion Mining and Sentiment Analysis: Foundations and Trends</title>
		<author>
			<persName xmlns="http://www.tei-c.org/ns/1.0"><forename type="first">B</forename><surname>Pang</surname></persName>
		</author>
		<author>
			<persName xmlns="http://www.tei-c.org/ns/1.0"><forename type="first">L</forename><surname>Lee</surname></persName>
		</author>
	</analytic>
	<monogr>
		<title level="j">Information Retrieval</title>
		<imprint>
			<biblScope unit="volume">2</biblScope>
			<biblScope unit="issue">12</biblScope>
			<biblScope unit="page" from="1" to="135" />
			<date type="published" when="2008" />
		</imprint>
	</monogr>
</biblStruct>

<biblStruct >
	<analytic>
		<title level="a" type="main">Thumbs up? Sentiment Classification using Machine Learning Techniques</title>
		<author>
			<persName xmlns="http://www.tei-c.org/ns/1.0"><forename type="first">B</forename><surname>Pang</surname></persName>
		</author>
		<author>
			<persName xmlns="http://www.tei-c.org/ns/1.0"><forename type="first">L</forename><surname>Lee</surname></persName>
		</author>
		<author>
			<persName xmlns="http://www.tei-c.org/ns/1.0"><forename type="first">S</forename><surname>Vaithyanathan</surname></persName>
		</author>
	</analytic>
	<monogr>
		<title level="m">Proceedings of EMNLP-02</title>
		<meeting>EMNLP-02</meeting>
		<imprint>
			<date type="published" when="2002" />
			<biblScope unit="page" from="79" to="86" />
		</imprint>
	</monogr>
</biblStruct>

<biblStruct >
	<monogr>
		<title level="m" type="main">Active Learning Literature Survey</title>
		<author>
			<persName xmlns="http://www.tei-c.org/ns/1.0"><forename type="first">B</forename><surname>Settles</surname></persName>
		</author>
		<idno>1648</idno>
		<imprint>
			<date type="published" when="2009" />
			<pubPlace>Madison</pubPlace>
		</imprint>
		<respStmt>
			<orgName>University of Wisconsin</orgName>
		</respStmt>
	</monogr>
<note type="report_type">Computer Sciences Technical Report</note>
</biblStruct>

<biblStruct >
	<analytic>
		<title level="a" type="main">Thumbs up or Thumbs down? Semantic Orientation Applied to Unsupervised Classification of reviews</title>
		<author>
			<persName xmlns="http://www.tei-c.org/ns/1.0"><forename type="first">P</forename><surname>Turney</surname></persName>
		</author>
	</analytic>
	<monogr>
		<title level="m">Proceedings of ACL-02</title>
		<meeting>ACL-02</meeting>
		<imprint>
			<date type="published" when="2002" />
			<biblScope unit="page" from="417" to="424" />
		</imprint>
	</monogr>
</biblStruct>

<biblStruct >
	<analytic>
		<title level="a" type="main">Co-Training for Cross-Lingual Sentiment Classification</title>
		<author>
			<persName xmlns="http://www.tei-c.org/ns/1.0"><forename type="first">X</forename><surname>Wan</surname></persName>
		</author>
	</analytic>
	<monogr>
		<title level="m">Proceedings of ACL-IJCNLP-09</title>
		<meeting>ACL-IJCNLP-09</meeting>
		<imprint>
			<date type="published" when="2009" />
			<biblScope unit="page" from="235" to="243" />
		</imprint>
	</monogr>
</biblStruct>

<biblStruct >
	<analytic>
		<title level="a" type="main">Ensemble-based Active Learning for Class Imbalance Problem</title>
		<author>
			<persName xmlns="http://www.tei-c.org/ns/1.0"><forename type="first">Y</forename><surname>Yang</surname></persName>
		</author>
		<author>
			<persName xmlns="http://www.tei-c.org/ns/1.0"><forename type="first">G</forename><surname>Ma</surname></persName>
		</author>
	</analytic>
	<monogr>
		<title level="j">J. Biomedical Science and Engineering</title>
		<imprint>
			<biblScope unit="volume">3</biblScope>
			<biblScope unit="page" from="1021" to="1028" />
			<date type="published" when="2010" />
		</imprint>
	</monogr>
</biblStruct>

<biblStruct >
	<analytic>
		<title level="a" type="main">A Generation Model to Unify Topic Relevance and Lexicon-based Sentiment for Opinion Retrieval</title>
		<author>
			<persName xmlns="http://www.tei-c.org/ns/1.0"><forename type="first">M</forename><surname>Zhang</surname></persName>
		</author>
		<author>
			<persName xmlns="http://www.tei-c.org/ns/1.0"><forename type="first">X</forename><surname>Ye</surname></persName>
		</author>
	</analytic>
	<monogr>
		<title level="m">Proceedings of SIGIR-08</title>
		<meeting>SIGIR-08</meeting>
		<imprint>
			<date type="published" when="2008" />
			<biblScope unit="page" from="411" to="418" />
		</imprint>
	</monogr>
</biblStruct>

<biblStruct >
	<analytic>
		<title level="a" type="main">Active Learning for Word Sense Disambiguation with Methods for Addressing the Class Imbalance Problem</title>
		<author>
			<persName xmlns="http://www.tei-c.org/ns/1.0"><forename type="first">J</forename><surname>Zhu</surname></persName>
		</author>
		<author>
			<persName xmlns="http://www.tei-c.org/ns/1.0"><forename type="first">E</forename><surname>Hovy</surname></persName>
		</author>
	</analytic>
	<monogr>
		<title level="m">Proceedings of ACL-07</title>
		<meeting>ACL-07</meeting>
		<imprint>
			<date type="published" when="2007" />
			<biblScope unit="page" from="783" to="793" />
		</imprint>
	</monogr>
</biblStruct>

			</listBibl>
		</back>
	</text>
</TEI>
