<?xml version="1.0" ?>
<TEI xmlns="http://www.tei-c.org/ns/1.0" xmlns:xlink="http://www.w3.org/1999/xlink" 
 xmlns:mml="http://www.w3.org/1998/Math/MathML">
	<teiHeader>
		<fileDesc xml:id="f_319"/>
	</teiHeader>
	<text>
		<front/>
		<body/>
		<back>
			<listBibl>
<biblStruct >
	<analytic>
		<title level="a" type="main">Web-scale Features for Full-scale Parsing</title>
		<author>
			<persName xmlns="http://www.tei-c.org/ns/1.0"><forename type="first">Mohit</forename><surname>Bansal</surname></persName>
		</author>
		<author>
			<persName xmlns="http://www.tei-c.org/ns/1.0"><forename type="first">Dan</forename><surname>Klein</surname></persName>
		</author>
	</analytic>
	<monogr>
		<title level="m">Proceedings of ACL</title>
		<meeting>ACL<address><addrLine>Portland, Oregon, USA</addrLine></address></meeting>
		<imprint>
			<date type="published" when="2011" />
			<biblScope unit="page" from="693" to="702" />
		</imprint>
	</monogr>
</biblStruct>

<biblStruct >
	<analytic>
		<title level="a" type="main">Phylogenetic Grammar Induction</title>
		<author>
			<persName xmlns="http://www.tei-c.org/ns/1.0"><forename type="first">Taylor</forename><surname>Berg</surname></persName>
		</author>
		<author>
			<persName xmlns="http://www.tei-c.org/ns/1.0"><forename type="first">-</forename><surname>Kirkpatrick</surname></persName>
		</author>
		<author>
			<persName xmlns="http://www.tei-c.org/ns/1.0"><forename type="first">Dan</forename><surname>Klein</surname></persName>
		</author>
	</analytic>
	<monogr>
		<title level="m">Proceedings of ACL</title>
		<meeting>ACL<address><addrLine>Uppsala, Sweden</addrLine></address></meeting>
		<imprint>
			<date type="published" when="2010" />
			<biblScope unit="page" from="1288" to="1297" />
		</imprint>
	</monogr>
</biblStruct>

<biblStruct >
	<analytic>
		<title level="a" type="main">CoNLL-X Shared Task on Multilingual Dependency Parsing</title>
		<author>
			<persName xmlns="http://www.tei-c.org/ns/1.0"><forename type="first">Sabine</forename><surname>Buchholz</surname></persName>
		</author>
		<author>
			<persName xmlns="http://www.tei-c.org/ns/1.0"><forename type="first">Erwin</forename><surname>Marsi</surname></persName>
		</author>
	</analytic>
	<monogr>
		<title level="m">Proceedings of CoNLL</title>
		<meeting>CoNLL</meeting>
		<imprint>
			<date type="published" when="2006" />
			<biblScope unit="page" from="149" to="164" />
		</imprint>
	</monogr>
</biblStruct>

<biblStruct >
	<monogr>
		<title level="m" type="main">Shared Logistic Normal Distributions for Soft Parameter Tying in</title>
		<author>
			<persName xmlns="http://www.tei-c.org/ns/1.0"><forename type="first">B</forename><surname>Shay</surname></persName>
		</author>
		<author>
			<persName xmlns="http://www.tei-c.org/ns/1.0"><forename type="first">Noah</forename><forename type="middle">A</forename><surname>Cohen</surname></persName>
		</author>
		<author>
			<persName xmlns="http://www.tei-c.org/ns/1.0"><surname>Smith</surname></persName>
		</author>
		<imprint>
			<date type="published" when="2009" />
		</imprint>
	</monogr>
</biblStruct>

<biblStruct >
	<analytic>
		<title level="a" type="main">Unsupervised Grammar Induction</title>
	</analytic>
	<monogr>
		<title level="m">Proceedings of NAACL</title>
		<meeting>NAACL<address><addrLine>Boulder, Colorado</addrLine></address></meeting>
		<imprint>
			<biblScope unit="page" from="74" to="82" />
		</imprint>
	</monogr>
</biblStruct>

<biblStruct >
	<analytic>
		<title level="a" type="main">Unsupervised Structure Prediction with Non-Parallel Multilingual Guidance</title>
		<author>
			<persName xmlns="http://www.tei-c.org/ns/1.0"><forename type="first">B</forename><surname>Shay</surname></persName>
		</author>
		<author>
			<persName xmlns="http://www.tei-c.org/ns/1.0"><forename type="first">Dipanjan</forename><surname>Cohen</surname></persName>
		</author>
		<author>
			<persName xmlns="http://www.tei-c.org/ns/1.0"><forename type="first">Noah</forename><forename type="middle">A</forename><surname>Das</surname></persName>
		</author>
		<author>
			<persName xmlns="http://www.tei-c.org/ns/1.0"><surname>Smith</surname></persName>
		</author>
	</analytic>
	<monogr>
		<title level="m">Proceedings of EMNLP</title>
		<meeting>EMNLP<address><addrLine>Edinburgh, UK</addrLine></address></meeting>
		<imprint>
			<date type="published" when="2011" />
			<biblScope unit="page" from="50" to="61" />
		</imprint>
	</monogr>
</biblStruct>

<biblStruct >
	<monogr>
		<title level="m" type="main">Head-Driven Statistical Models for Natural Language Parsing</title>
		<author>
			<persName xmlns="http://www.tei-c.org/ns/1.0"><forename type="first">Michael</forename><surname>Collins</surname></persName>
		</author>
		<imprint>
			<date type="published" when="1999" />
		</imprint>
		<respStmt>
			<orgName>University of Pennsylvania</orgName>
		</respStmt>
	</monogr>
<note type="report_type">Ph.D. thesis</note>
</biblStruct>

<biblStruct >
	<analytic>
		<title level="a" type="main">Ultraconservative Online Algorithms for Multiclass Problems</title>
		<author>
			<persName xmlns="http://www.tei-c.org/ns/1.0"><forename type="first">Koby</forename><surname>Crammer</surname></persName>
		</author>
		<author>
			<persName xmlns="http://www.tei-c.org/ns/1.0"><forename type="first">Yoram</forename><surname>Singer</surname></persName>
		</author>
	</analytic>
	<monogr>
		<title level="j">Journal of Machine Learning Research</title>
		<imprint>
			<biblScope unit="volume">3</biblScope>
			<date type="published" when="2001" />
		</imprint>
	</monogr>
</biblStruct>

<biblStruct >
	<analytic>
		<title level="a" type="main">Unsupervised Partof-Speech Tagging with Bilingual Graph-Based Projections</title>
		<author>
			<persName xmlns="http://www.tei-c.org/ns/1.0"><forename type="first">Dipanjan</forename><surname>Das</surname></persName>
		</author>
		<author>
			<persName xmlns="http://www.tei-c.org/ns/1.0"><forename type="first">Slav</forename><surname>Petrov</surname></persName>
		</author>
	</analytic>
	<monogr>
		<title level="m">Proceedings of ACL</title>
		<meeting>ACL<address><addrLine>Oregon, USA</addrLine></address></meeting>
		<imprint>
			<date type="published" when="2011" />
			<biblScope unit="page" from="600" to="609" />
		</imprint>
	</monogr>
	<note>Portland</note>
</biblStruct>

<biblStruct >
	<analytic>
		<title level="a" type="main">Dependency Grammar Induction via Bitext Projection Constraints</title>
		<author>
			<persName xmlns="http://www.tei-c.org/ns/1.0"><forename type="first">Kuzman</forename><surname>Ganchev</surname></persName>
		</author>
		<author>
			<persName xmlns="http://www.tei-c.org/ns/1.0"><forename type="first">Jennifer</forename><surname>Gillenwater</surname></persName>
		</author>
		<author>
			<persName xmlns="http://www.tei-c.org/ns/1.0"><forename type="first">Ben</forename><surname>Taskar</surname></persName>
		</author>
	</analytic>
	<monogr>
		<title level="m">Proceedings of ACL</title>
		<meeting>ACL<address><addrLine>Suntec, Singapore</addrLine></address></meeting>
		<imprint>
			<date type="published" when="2009" />
			<biblScope unit="page" from="369" to="377" />
		</imprint>
	</monogr>
</biblStruct>

<biblStruct >
	<monogr>
		<title level="m" type="main">English Gigaword Third Edition. Linguistic Data Consortium, Catalog Number</title>
		<author>
			<persName xmlns="http://www.tei-c.org/ns/1.0"><forename type="first">David</forename><surname>Graff</surname></persName>
		</author>
		<author>
			<persName xmlns="http://www.tei-c.org/ns/1.0"><forename type="first">Junbo</forename><surname>Kong</surname></persName>
		</author>
		<author>
			<persName xmlns="http://www.tei-c.org/ns/1.0"><forename type="first">Ke</forename><surname>Chen</surname></persName>
		</author>
		<author>
			<persName xmlns="http://www.tei-c.org/ns/1.0"><forename type="first">Kazuaki</forename><surname>Maeda</surname></persName>
		</author>
		<imprint>
			<date type="published" when="2007" />
			<biblScope unit="page" from="2007" to="2014" />
		</imprint>
	</monogr>
</biblStruct>

<biblStruct >
	<analytic>
		<title level="a" type="main">Prototype-driven Grammar Induction</title>
		<author>
			<persName xmlns="http://www.tei-c.org/ns/1.0"><forename type="first">Aria</forename><surname>Haghighi</surname></persName>
		</author>
		<author>
			<persName xmlns="http://www.tei-c.org/ns/1.0"><forename type="first">Dan</forename><surname>Klein</surname></persName>
		</author>
	</analytic>
	<monogr>
		<title level="m">Proceedings of CoLING-ACL</title>
		<meeting>CoLING-ACL<address><addrLine>Sydney, Australia</addrLine></address></meeting>
		<imprint>
			<date type="published" when="2006" />
			<biblScope unit="page" from="881" to="888" />
		</imprint>
	</monogr>
</biblStruct>

<biblStruct >
	<analytic>
		<title level="a" type="main">Bootstrapping Parsers via Syntactic Projection Across Parallel Texts</title>
		<author>
			<persName xmlns="http://www.tei-c.org/ns/1.0"><forename type="first">Rebecca</forename><surname>Hwa</surname></persName>
		</author>
		<author>
			<persName xmlns="http://www.tei-c.org/ns/1.0"><forename type="first">Philip</forename><surname>Resnik</surname></persName>
		</author>
		<author>
			<persName xmlns="http://www.tei-c.org/ns/1.0"><forename type="first">Amy</forename><surname>Weinberg</surname></persName>
		</author>
		<author>
			<persName xmlns="http://www.tei-c.org/ns/1.0"><forename type="first">Clara</forename><surname>Cabezas</surname></persName>
		</author>
		<author>
			<persName xmlns="http://www.tei-c.org/ns/1.0"><forename type="first">Okan</forename><surname>Kolak</surname></persName>
		</author>
	</analytic>
	<monogr>
		<title level="j">Natural Language Engineering</title>
		<imprint>
			<biblScope unit="volume">11</biblScope>
			<biblScope unit="page" from="311" to="325" />
			<date type="published" when="2005" />
		</imprint>
	</monogr>
	<note>September</note>
</biblStruct>

<biblStruct >
	<analytic>
		<title level="a" type="main">CorpusBased Induction of Syntactic Structure: Models of Dependency and Constituency</title>
		<author>
			<persName xmlns="http://www.tei-c.org/ns/1.0"><forename type="first">Dan</forename><surname>Klein</surname></persName>
		</author>
		<author>
			<persName xmlns="http://www.tei-c.org/ns/1.0"><forename type="first">Christopher</forename><forename type="middle">D</forename><surname>Manning</surname></persName>
		</author>
	</analytic>
	<monogr>
		<title level="m">Proceedings of ACL</title>
		<meeting>ACL</meeting>
		<imprint>
			<date type="published" when="2004" />
			<biblScope unit="page" from="479" to="486" />
		</imprint>
	</monogr>
</biblStruct>

<biblStruct >
	<analytic>
		<title level="a" type="main">Europarl: A Parallel Corpus for Statistical Machine Translation</title>
		<author>
			<persName xmlns="http://www.tei-c.org/ns/1.0"><forename type="first">Philipp</forename><surname>Koehn</surname></persName>
		</author>
	</analytic>
	<monogr>
		<title level="m">MT Summit X</title>
		<meeting><address><addrLine>Phuket, Thailand. AAMT</addrLine></address></meeting>
		<imprint>
			<date type="published" when="2005" />
			<biblScope unit="page" from="79" to="86" />
		</imprint>
	</monogr>
</biblStruct>

<biblStruct >
	<analytic>
		<title level="a" type="main">Simple Semi-Supervised Dependency Parsing</title>
		<author>
			<persName xmlns="http://www.tei-c.org/ns/1.0"><forename type="first">Terry</forename><surname>Koo</surname></persName>
		</author>
		<author>
			<persName xmlns="http://www.tei-c.org/ns/1.0"><forename type="first">Xavier</forename><surname>Carreras</surname></persName>
		</author>
		<author>
			<persName xmlns="http://www.tei-c.org/ns/1.0"><forename type="first">Michael</forename><surname>Collins</surname></persName>
		</author>
	</analytic>
	<monogr>
		<title level="m">Proceedings of ACL</title>
		<meeting>ACL</meeting>
		<imprint>
			<date type="published" when="2008" />
		</imprint>
	</monogr>
</biblStruct>

<biblStruct >
	<analytic>
		<title level="a" type="main">Alignment by Agreement</title>
		<author>
			<persName xmlns="http://www.tei-c.org/ns/1.0"><forename type="first">Percy</forename><surname>Liang</surname></persName>
		</author>
		<author>
			<persName xmlns="http://www.tei-c.org/ns/1.0"><forename type="first">Ben</forename><surname>Taskar</surname></persName>
		</author>
		<author>
			<persName xmlns="http://www.tei-c.org/ns/1.0"><forename type="first">Dan</forename><surname>Klein</surname></persName>
		</author>
	</analytic>
	<monogr>
		<title level="m">Proceedings of NAACL</title>
		<meeting>NAACL<address><addrLine>New York, New York</addrLine></address></meeting>
		<imprint>
			<date type="published" when="2006" />
		</imprint>
	</monogr>
</biblStruct>

<biblStruct >
	<analytic>
		<title level="a" type="main">Building a Large Annotated Corpus of English: the Penn Treebank</title>
		<author>
			<persName xmlns="http://www.tei-c.org/ns/1.0"><forename type="first">Mitchell</forename><forename type="middle">P</forename><surname>Marcus</surname></persName>
		</author>
		<author>
			<persName xmlns="http://www.tei-c.org/ns/1.0"><forename type="first">Mary</forename><forename type="middle">Ann</forename><surname>Marcinkiewicz</surname></persName>
		</author>
		<author>
			<persName xmlns="http://www.tei-c.org/ns/1.0"><forename type="first">Beatrice</forename><surname>Santorini</surname></persName>
		</author>
	</analytic>
	<monogr>
		<title level="j">Computational Linguistics</title>
		<imprint>
			<biblScope unit="volume">19</biblScope>
			<biblScope unit="page" from="313" to="330" />
			<date type="published" when="1993-06" />
		</imprint>
	</monogr>
</biblStruct>

<biblStruct >
	<analytic>
		<title level="a" type="main">Online Large-Margin Training of Dependency Parsers</title>
		<author>
			<persName xmlns="http://www.tei-c.org/ns/1.0"><forename type="first">Ryan</forename><surname>Mcdonald</surname></persName>
		</author>
		<author>
			<persName xmlns="http://www.tei-c.org/ns/1.0"><forename type="first">Koby</forename><surname>Crammer</surname></persName>
		</author>
		<author>
			<persName xmlns="http://www.tei-c.org/ns/1.0"><forename type="first">Fernando</forename><surname>Pereira</surname></persName>
		</author>
	</analytic>
	<monogr>
		<title level="m">Proceedings of ACL</title>
		<meeting>ACL<address><addrLine>Ann Arbor, Michigan</addrLine></address></meeting>
		<imprint>
			<date type="published" when="2005" />
			<biblScope unit="page" from="91" to="98" />
		</imprint>
	</monogr>
</biblStruct>

<biblStruct >
	<analytic>
		<title level="a" type="main">Multi-Source Transfer of Delexicalized Dependency Parsers</title>
		<author>
			<persName xmlns="http://www.tei-c.org/ns/1.0"><forename type="first">Ryan</forename><surname>Mcdonald</surname></persName>
		</author>
		<author>
			<persName xmlns="http://www.tei-c.org/ns/1.0"><forename type="first">Slav</forename><surname>Petrov</surname></persName>
		</author>
		<author>
			<persName xmlns="http://www.tei-c.org/ns/1.0"><forename type="first">Keith</forename><surname>Hall</surname></persName>
		</author>
	</analytic>
	<monogr>
		<title level="m">Proceedings of EMNLP</title>
		<meeting>EMNLP<address><addrLine>Edinburgh, Scotland, UK</addrLine></address></meeting>
		<imprint>
			<date type="published" when="2011" />
			<biblScope unit="page" from="62" to="72" />
		</imprint>
	</monogr>
</biblStruct>

<biblStruct >
	<analytic>
		<title level="a" type="main">Using Universal Linguistic Knowledge to Guide Grammar Induction</title>
		<author>
			<persName xmlns="http://www.tei-c.org/ns/1.0"><forename type="first">Tahira</forename><surname>Naseem</surname></persName>
		</author>
		<author>
			<persName xmlns="http://www.tei-c.org/ns/1.0"><forename type="first">Harr</forename><surname>Chen</surname></persName>
		</author>
		<author>
			<persName xmlns="http://www.tei-c.org/ns/1.0"><forename type="first">Regina</forename><surname>Barzilay</surname></persName>
		</author>
		<author>
			<persName xmlns="http://www.tei-c.org/ns/1.0"><forename type="first">Mark</forename><surname>Johnson</surname></persName>
		</author>
	</analytic>
	<monogr>
		<title level="m">Proceedings of EMNLP</title>
		<meeting>EMNLP<address><addrLine>Cambridge, Massachusetts</addrLine></address></meeting>
		<imprint>
			<date type="published" when="2010" />
			<biblScope unit="page" from="1234" to="1244" />
		</imprint>
	</monogr>
</biblStruct>

<biblStruct >
	<analytic>
		<title level="a" type="main">The CoNLL 2007 Shared Task on Dependency Parsing</title>
		<author>
			<persName xmlns="http://www.tei-c.org/ns/1.0"><forename type="first">Joakim</forename><surname>Nivre</surname></persName>
		</author>
		<author>
			<persName xmlns="http://www.tei-c.org/ns/1.0"><forename type="first">Johan</forename><surname>Hall</surname></persName>
		</author>
		<author>
			<persName xmlns="http://www.tei-c.org/ns/1.0"><forename type="first">Sandra</forename><surname>Kübler</surname></persName>
		</author>
		<author>
			<persName xmlns="http://www.tei-c.org/ns/1.0"><forename type="first">Ryan</forename><surname>Mcdonald</surname></persName>
		</author>
		<author>
			<persName xmlns="http://www.tei-c.org/ns/1.0"><forename type="first">Jens</forename><surname>Nilsson</surname></persName>
		</author>
		<author>
			<persName xmlns="http://www.tei-c.org/ns/1.0"><forename type="first">Sebastian</forename><surname>Riedel</surname></persName>
		</author>
		<author>
			<persName xmlns="http://www.tei-c.org/ns/1.0"><forename type="first">Deniz</forename><surname>Yuret</surname></persName>
		</author>
	</analytic>
	<monogr>
		<title level="m">Proceedings of EMNLP-CoNLL</title>
		<meeting>EMNLP-CoNLL<address><addrLine>Prague, Czech Republic</addrLine></address></meeting>
		<imprint>
			<date type="published" when="2007" />
			<biblScope unit="page" from="915" to="932" />
		</imprint>
	</monogr>
</biblStruct>

<biblStruct >
	<analytic>
		<title level="a" type="main">Algorithms for Deterministic Incremental Dependency Parsing</title>
		<author>
			<persName xmlns="http://www.tei-c.org/ns/1.0"><forename type="first">Joakim</forename><surname>Nivre</surname></persName>
		</author>
	</analytic>
	<monogr>
		<title level="j">Computational Linguistics</title>
		<imprint>
			<biblScope unit="volume">34</biblScope>
			<biblScope unit="page" from="513" to="553" />
			<date type="published" when="2008-12" />
		</imprint>
	</monogr>
</biblStruct>

<biblStruct >
	<analytic>
		<title level="a" type="main">Learning Accurate, Compact, and Interpretable Tree Annotation</title>
		<author>
			<persName xmlns="http://www.tei-c.org/ns/1.0"><forename type="first">Slav</forename><surname>Petrov</surname></persName>
		</author>
		<author>
			<persName xmlns="http://www.tei-c.org/ns/1.0"><forename type="first">Leon</forename><surname>Barrett</surname></persName>
		</author>
		<author>
			<persName xmlns="http://www.tei-c.org/ns/1.0"><forename type="first">Romain</forename><surname>Thibaux</surname></persName>
		</author>
		<author>
			<persName xmlns="http://www.tei-c.org/ns/1.0"><forename type="first">Dan</forename><surname>Klein</surname></persName>
		</author>
	</analytic>
	<monogr>
		<title level="m">Proceedings of ACL</title>
		<meeting>ACL<address><addrLine>Sydney, Australia</addrLine></address></meeting>
		<imprint>
			<date type="published" when="2006" />
			<biblScope unit="page" from="433" to="440" />
		</imprint>
	</monogr>
</biblStruct>

<biblStruct >
	<analytic>
		<title level="a" type="main">A Universal Part-of-Speech Tagset</title>
		<author>
			<persName xmlns="http://www.tei-c.org/ns/1.0"><forename type="first">Slav</forename><surname>Petrov</surname></persName>
		</author>
		<author>
			<persName xmlns="http://www.tei-c.org/ns/1.0"><forename type="first">Dipanjan</forename><surname>Das</surname></persName>
		</author>
		<author>
			<persName xmlns="http://www.tei-c.org/ns/1.0"><forename type="first">Ryan</forename><surname>Mcdonald</surname></persName>
		</author>
	</analytic>
	<monogr>
		<title level="m">ArXiv</title>
		<imprint>
			<date type="published" when="2011-04" />
		</imprint>
	</monogr>
</biblStruct>

<biblStruct >
	<analytic>
		<title level="a" type="main">Parser Adaptation and Projection with Quasi-Synchronous Grammar Features</title>
		<author>
			<persName xmlns="http://www.tei-c.org/ns/1.0"><forename type="first">A</forename><surname>David</surname></persName>
		</author>
		<author>
			<persName xmlns="http://www.tei-c.org/ns/1.0"><forename type="first">Jason</forename><surname>Smith</surname></persName>
		</author>
		<author>
			<persName xmlns="http://www.tei-c.org/ns/1.0"><surname>Eisner</surname></persName>
		</author>
	</analytic>
	<monogr>
		<title level="m">Proceedings of EMNLP</title>
		<meeting>EMNLP<address><addrLine>Suntec, Singapore</addrLine></address></meeting>
		<imprint>
			<date type="published" when="2009" />
			<biblScope unit="page" from="822" to="831" />
		</imprint>
	</monogr>
</biblStruct>

<biblStruct >
	<analytic>
		<title level="a" type="main">Cross-lingual Word Clusters for Direct Transfer of Linguistic Structure</title>
		<author>
			<persName xmlns="http://www.tei-c.org/ns/1.0"><forename type="first">Oscar</forename><surname>Täckström</surname></persName>
		</author>
		<author>
			<persName xmlns="http://www.tei-c.org/ns/1.0"><forename type="first">Ryan</forename><surname>Mcdonald</surname></persName>
		</author>
		<author>
			<persName xmlns="http://www.tei-c.org/ns/1.0"><forename type="first">Jakob</forename><surname>Uszkoreit</surname></persName>
		</author>
	</analytic>
	<monogr>
		<title level="m">Proceedings of NAACL</title>
		<meeting>NAACL<address><addrLine>Montreal, Canada</addrLine></address></meeting>
		<imprint>
			<date type="published" when="2012" />
		</imprint>
	</monogr>
</biblStruct>

<biblStruct >
	<monogr>
		<title level="m" type="main">Wikimedia Foundation</title>
		<ptr target="http://www.wiktionary.org/" />
		<imprint>
			<date type="published" when="2012" />
		</imprint>
	</monogr>
</biblStruct>

<biblStruct >
	<analytic>
		<title level="a" type="main">Exploiting Web-Derived Selectional Preference to Improve Statistical Dependency Parsing</title>
		<author>
			<persName xmlns="http://www.tei-c.org/ns/1.0"><forename type="first">Guangyou</forename><surname>Zhou</surname></persName>
		</author>
		<author>
			<persName xmlns="http://www.tei-c.org/ns/1.0"><forename type="first">Jun</forename><surname>Zhao</surname></persName>
		</author>
		<author>
			<persName xmlns="http://www.tei-c.org/ns/1.0"><forename type="first">Kang</forename><surname>Liu</surname></persName>
		</author>
		<author>
			<persName xmlns="http://www.tei-c.org/ns/1.0"><forename type="first">Li</forename><surname>Cai</surname></persName>
		</author>
	</analytic>
	<monogr>
		<title level="m">Proceedings of ACL</title>
		<meeting>ACL<address><addrLine>Portland, Oregon, USA</addrLine></address></meeting>
		<imprint>
			<date type="published" when="2011" />
			<biblScope unit="page" from="1556" to="1565" />
		</imprint>
	</monogr>
</biblStruct>

			</listBibl>
		</back>
	</text>
</TEI>
