<?xml version="1.0" ?>
<TEI xmlns="http://www.tei-c.org/ns/1.0" xmlns:xlink="http://www.w3.org/1999/xlink" 
 xmlns:mml="http://www.w3.org/1998/Math/MathML">
	<teiHeader>
		<fileDesc xml:id="f_69"/>
	</teiHeader>
	<text>
		<front/>
		<body/>
		<back>
			<listBibl>
<biblStruct >
	<analytic>
		<title level="a" type="main">Event extraction for systems biology by text mining the literature</title>
		<author>
			<persName xmlns="http://www.tei-c.org/ns/1.0"><forename type="first">S</forename><surname>Ananiadou</surname></persName>
		</author>
		<author>
			<persName xmlns="http://www.tei-c.org/ns/1.0"><forename type="first">S</forename><surname>Pyysalo</surname></persName>
		</author>
		<author>
			<persName xmlns="http://www.tei-c.org/ns/1.0"><forename type="first">J</forename><surname>Tsujii</surname></persName>
		</author>
	</analytic>
	<monogr>
		<title level="j">Trends in Biotechnology</title>
		<imprint>
			<biblScope unit="volume">28</biblScope>
			<biblScope unit="issue">7</biblScope>
			<biblScope unit="page" from="381" to="390" />
			<date type="published" when="2010" />
		</imprint>
	</monogr>
</biblStruct>

<biblStruct >
	<analytic>
		<title level="a" type="main">Catching the drift: Probabilistic content models, with applications to generation and summarization</title>
		<author>
			<persName xmlns="http://www.tei-c.org/ns/1.0"><forename type="first">Regina</forename><surname>Barzilay</surname></persName>
		</author>
		<author>
			<persName xmlns="http://www.tei-c.org/ns/1.0"><forename type="first">Lillian</forename><surname>Lee</surname></persName>
		</author>
	</analytic>
	<monogr>
		<title level="m">HLT-NAACL 2004: Proceedings of the Main Conference</title>
		<imprint>
			<date type="published" when="2004" />
			<biblScope unit="page" from="113" to="120" />
		</imprint>
	</monogr>
	<note>Best paper award</note>
</biblStruct>

<biblStruct >
	<monogr>
		<title level="m" type="main">Automatic condensation of electronic publications by sentence selection. Information Processing and Management</title>
		<author>
			<persName xmlns="http://www.tei-c.org/ns/1.0"><forename type="first">R</forename><surname>Brandow</surname></persName>
		</author>
		<author>
			<persName xmlns="http://www.tei-c.org/ns/1.0"><forename type="first">K</forename><surname>Mitze</surname></persName>
		</author>
		<author>
			<persName xmlns="http://www.tei-c.org/ns/1.0"><forename type="first">L</forename><surname>Rau</surname></persName>
		</author>
		<imprint>
			<date type="published" when="1995" />
			<biblScope unit="volume">31</biblScope>
			<biblScope unit="page" from="675" to="685" />
		</imprint>
	</monogr>
</biblStruct>

<biblStruct >
	<analytic>
		<title level="a" type="main">Content modeling using latent permutations</title>
		<author>
			<persName xmlns="http://www.tei-c.org/ns/1.0"><forename type="first">S</forename><forename type="middle">R K</forename><surname>Harr Chen</surname></persName>
		</author>
		<author>
			<persName xmlns="http://www.tei-c.org/ns/1.0"><forename type="first">Regina</forename><surname>Branavan</surname></persName>
		</author>
		<author>
			<persName xmlns="http://www.tei-c.org/ns/1.0"><forename type="first">David</forename><forename type="middle">R</forename><surname>Barzilay</surname></persName>
		</author>
		<author>
			<persName xmlns="http://www.tei-c.org/ns/1.0"><surname>Karger</surname></persName>
		</author>
	</analytic>
	<monogr>
		<title level="j">J. Artif. Int. Res</title>
		<imprint>
			<biblScope unit="volume">36</biblScope>
			<biblScope unit="page" from="129" to="163" />
			<date type="published" when="2009" />
		</imprint>
	</monogr>
	<note>September</note>
</biblStruct>

<biblStruct >
	<analytic>
		<title level="a" type="main">A survey of current work in biomedical text a survey of current work in biomedical text mining</title>
		<author>
			<persName xmlns="http://www.tei-c.org/ns/1.0"><forename type="first">A</forename><forename type="middle">M</forename><surname>Cohen</surname></persName>
		</author>
		<author>
			<persName xmlns="http://www.tei-c.org/ns/1.0"><forename type="first">W</forename><forename type="middle">R</forename><surname>Hersh</surname></persName>
		</author>
	</analytic>
	<monogr>
		<title level="j">Briefings in Bioinformatics</title>
		<imprint>
			<biblScope unit="volume">6</biblScope>
			<biblScope unit="page" from="57" to="71" />
			<date type="published" when="2005" />
		</imprint>
	</monogr>
</biblStruct>

<biblStruct >
	<analytic>
		<title level="a" type="main">Using argumentative zones for extractive summarization of scientific articles</title>
		<author>
			<persName xmlns="http://www.tei-c.org/ns/1.0"><forename type="first">Danish</forename><surname>Contractor</surname></persName>
		</author>
		<author>
			<persName xmlns="http://www.tei-c.org/ns/1.0"><forename type="first">Yufan</forename><surname>Guo</surname></persName>
		</author>
		<author>
			<persName xmlns="http://www.tei-c.org/ns/1.0"><forename type="first">Anna</forename><surname>Korhonen</surname></persName>
		</author>
	</analytic>
	<monogr>
		<title level="m">COLING</title>
		<imprint>
			<date type="published" when="2012" />
			<biblScope unit="page" from="663" to="678" />
		</imprint>
	</monogr>
</biblStruct>

<biblStruct >
	<analytic>
		<title level="a" type="main">Lexrank: Graph-based lexical centrality as salience in text summarization</title>
		<author>
			<persName xmlns="http://www.tei-c.org/ns/1.0"><forename type="first">Dragomir</forename><forename type="middle">R</forename><surname>Günesgünes¸günes¸erkan</surname></persName>
		</author>
		<author>
			<persName xmlns="http://www.tei-c.org/ns/1.0"><surname>Radev</surname></persName>
		</author>
	</analytic>
	<monogr>
		<title level="j">Journal of Artificial Intelligence Research</title>
		<imprint>
			<biblScope unit="volume">22</biblScope>
			<date type="published" when="2004" />
		</imprint>
	</monogr>
</biblStruct>

<biblStruct >
	<analytic>
		<title level="a" type="main">Yufan Guo, Anna Korhonen, and Thierry Poibeau. 2011. A weakly-supervised approach to argumentative zoning of scientific documents</title>
		<author>
			<persName xmlns="http://www.tei-c.org/ns/1.0"><forename type="first">R</forename><forename type="middle">A</forename><surname>Garcia-Hernandez</surname></persName>
		</author>
		<author>
			<persName xmlns="http://www.tei-c.org/ns/1.0"><forename type="first">Y</forename><surname>Ledeneva</surname></persName>
		</author>
		<author>
			<persName xmlns="http://www.tei-c.org/ns/1.0"><forename type="first">G</forename><forename type="middle">M</forename><surname>Mendoza</surname></persName>
		</author>
		<author>
			<persName xmlns="http://www.tei-c.org/ns/1.0"><forename type="first">A</forename><forename type="middle">H</forename><surname>Dominguez</surname></persName>
		</author>
		<author>
			<persName xmlns="http://www.tei-c.org/ns/1.0"><forename type="first">J</forename><surname>Chavez</surname></persName>
		</author>
		<author>
			<persName xmlns="http://www.tei-c.org/ns/1.0"><forename type="first">A</forename><surname>Gelbukh</surname></persName>
		</author>
		<author>
			<persName xmlns="http://www.tei-c.org/ns/1.0"><forename type="first">J</forename><forename type="middle">L T</forename><surname>Fabela</surname></persName>
		</author>
	</analytic>
	<monogr>
		<title level="m">Proceedings of the Conference on Empirical Methods in Natural Language Processing</title>
		<meeting>the Conference on Empirical Methods in Natural Language Processing</meeting>
		<imprint>
			<publisher>Association for Computational Linguistics</publisher>
			<date type="published" when="2009-11" />
			<biblScope unit="page" from="273" to="283" />
		</imprint>
	</monogr>
	<note>Eighth Mexican International Conference on</note>
</biblStruct>

<biblStruct >
	<analytic>
		<title level="a" type="main">Overview of bionlp&apos;09 shared task on event extraction</title>
		<author>
			<persName xmlns="http://www.tei-c.org/ns/1.0"><forename type="first">T</forename><surname>Kim</surname></persName>
		</author>
		<author>
			<persName xmlns="http://www.tei-c.org/ns/1.0"><forename type="first">J</forename><surname>Ohta</surname></persName>
		</author>
		<author>
			<persName xmlns="http://www.tei-c.org/ns/1.0"><forename type="first">S</forename><surname>Pyysalo</surname></persName>
		</author>
		<author>
			<persName xmlns="http://www.tei-c.org/ns/1.0"><forename type="first">Y</forename><surname>Kano</surname></persName>
		</author>
		<author>
			<persName xmlns="http://www.tei-c.org/ns/1.0"><forename type="first">J</forename><surname>Tsujii</surname></persName>
		</author>
	</analytic>
	<monogr>
		<title level="m">Proceedings of the Workshop on BioNLP: Shared Task</title>
		<meeting>the Workshop on BioNLP: Shared Task<address><addrLine>Boulder, Colorado</addrLine></address></meeting>
		<imprint>
			<date type="published" when="2009" />
			<biblScope unit="page" from="1" to="9" />
		</imprint>
	</monogr>
</biblStruct>

<biblStruct >
	<analytic>
		<title level="a" type="main">Overview of bionlp shared task</title>
		<author>
			<persName xmlns="http://www.tei-c.org/ns/1.0"><forename type="first">Jin-Dong</forename><surname>Kim</surname></persName>
		</author>
		<author>
			<persName xmlns="http://www.tei-c.org/ns/1.0"><forename type="first">Sampo</forename><surname>Pyysalo</surname></persName>
		</author>
		<author>
			<persName xmlns="http://www.tei-c.org/ns/1.0"><forename type="first">Tomoko</forename><surname>Ohta</surname></persName>
		</author>
		<author>
			<persName xmlns="http://www.tei-c.org/ns/1.0"><forename type="first">Robert</forename><surname>Bossy</surname></persName>
		</author>
		<author>
			<persName xmlns="http://www.tei-c.org/ns/1.0"><forename type="first">Ngan</forename><surname>Nguyen</surname></persName>
		</author>
		<author>
			<persName xmlns="http://www.tei-c.org/ns/1.0"><forename type="first">Jun&amp;apos;ichi</forename><surname>Tsujii</surname></persName>
		</author>
	</analytic>
	<monogr>
		<title level="m">Proceedings of BioNLP Shared Task 2011 Workshop</title>
		<meeting>BioNLP Shared Task 2011 Workshop<address><addrLine>Portland, Oregon, USA</addrLine></address></meeting>
		<imprint>
			<date type="published" when="2011-06" />
			<biblScope unit="page" from="1" to="6" />
		</imprint>
	</monogr>
	<note>Association for Computational Linguistics</note>
</biblStruct>

<biblStruct >
	<analytic>
		<title level="a" type="main">A trainable document summarizer</title>
		<author>
			<persName xmlns="http://www.tei-c.org/ns/1.0"><forename type="first">Julian</forename><surname>Kupiec</surname></persName>
		</author>
		<author>
			<persName xmlns="http://www.tei-c.org/ns/1.0"><forename type="first">Jan</forename><surname>Pedersen</surname></persName>
		</author>
		<author>
			<persName xmlns="http://www.tei-c.org/ns/1.0"><forename type="first">Francine</forename><surname>Chen</surname></persName>
		</author>
	</analytic>
	<monogr>
		<title level="m">Proceedings of the 18th annual international ACM SIGIR conference on Research and development in information retrieval, SIGIR &apos;95</title>
		<meeting>the 18th annual international ACM SIGIR conference on Research and development in information retrieval, SIGIR &apos;95<address><addrLine>New York, NY, USA</addrLine></address></meeting>
		<imprint>
			<publisher>ACM</publisher>
			<date type="published" when="1995" />
			<biblScope unit="page" from="68" to="73" />
		</imprint>
	</monogr>
</biblStruct>

<biblStruct >
	<monogr>
				<author>
			<persName xmlns="http://www.tei-c.org/ns/1.0"><forename type="first">M</forename><surname>Liakata</surname></persName>
		</author>
		<author>
			<persName xmlns="http://www.tei-c.org/ns/1.0"><forename type="first">L</forename><forename type="middle">N</forename><surname>Soldatova</surname></persName>
		</author>
		<title level="m">The ART Corpus</title>
		<imprint>
			<date type="published" when="2009" />
		</imprint>
		<respStmt>
			<orgName>Aberystwyth University</orgName>
		</respStmt>
	</monogr>
<note type="report_type">Technical report</note>
</biblStruct>

<biblStruct >
	<analytic>
		<title level="a" type="main">Corpora for the conceptualisation and zoning of scientific papers</title>
		<author>
			<persName xmlns="http://www.tei-c.org/ns/1.0"><forename type="first">M</forename><surname>Liakata</surname></persName>
		</author>
		<author>
			<persName xmlns="http://www.tei-c.org/ns/1.0"><forename type="first">S</forename><surname>Teufel</surname></persName>
		</author>
		<author>
			<persName xmlns="http://www.tei-c.org/ns/1.0"><forename type="first">A</forename><surname>Siddharthan</surname></persName>
		</author>
		<author>
			<persName xmlns="http://www.tei-c.org/ns/1.0"><forename type="first">C</forename><surname>Batchelor</surname></persName>
		</author>
	</analytic>
	<monogr>
		<title level="m">Proceedings of the 7th International Conference on Language Resources and Evaluation</title>
		<meeting>the 7th International Conference on Language Resources and Evaluation<address><addrLine>Valetta,Malta</addrLine></address></meeting>
		<imprint>
			<date type="published" when="2010" />
		</imprint>
	</monogr>
</biblStruct>

<biblStruct >
	<analytic>
		<title level="a" type="main">Automatic recognition of conceptualisation zones in scientific articles and two life science applications</title>
		<author>
			<persName xmlns="http://www.tei-c.org/ns/1.0"><forename type="first">M</forename><surname>Liakata</surname></persName>
		</author>
		<author>
			<persName xmlns="http://www.tei-c.org/ns/1.0"><forename type="first">S</forename><surname>Saha</surname></persName>
		</author>
		<author>
			<persName xmlns="http://www.tei-c.org/ns/1.0"><forename type="first">S</forename><surname>Dobnik</surname></persName>
		</author>
		<author>
			<persName xmlns="http://www.tei-c.org/ns/1.0"><forename type="first">C</forename><surname>Batchelor</surname></persName>
		</author>
		<author>
			<persName xmlns="http://www.tei-c.org/ns/1.0"><forename type="first">D</forename><surname>Rebholz-Schuhmann</surname></persName>
		</author>
	</analytic>
	<monogr>
		<title level="j">Bioinformatics</title>
		<imprint>
			<biblScope unit="volume">28</biblScope>
			<biblScope unit="page" from="991" to="1000" />
			<date type="published" when="2012" />
		</imprint>
	</monogr>
</biblStruct>

<biblStruct >
	<analytic>
		<title level="a" type="main">The discourse-level structure of empirical abstracts: an exploratory study</title>
		<author>
			<persName xmlns="http://www.tei-c.org/ns/1.0"><forename type="first">Elizabeth</forename><forename type="middle">Duross</forename><surname>Liddy</surname></persName>
		</author>
	</analytic>
	<monogr>
		<title level="j">Inf. Process. Manage</title>
		<imprint>
			<biblScope unit="volume">27</biblScope>
			<biblScope unit="page" from="55" to="81" />
			<date type="published" when="1991-02" />
		</imprint>
	</monogr>
</biblStruct>

<biblStruct >
	<analytic>
		<title level="a" type="main">A coherence model based on syntactic patterns</title>
		<author>
			<persName xmlns="http://www.tei-c.org/ns/1.0"><forename type="first">Annie</forename><surname>Louis</surname></persName>
		</author>
		<author>
			<persName xmlns="http://www.tei-c.org/ns/1.0"><forename type="first">Ani</forename><surname>Nenkova</surname></persName>
		</author>
	</analytic>
	<monogr>
		<title level="m">Proceedings of the 2012 Joint Conference on Empirical Methods in Natural Language Processing and Computational Natural Language Learning</title>
		<meeting>the 2012 Joint Conference on Empirical Methods in Natural Language Processing and Computational Natural Language Learning</meeting>
		<imprint>
			<publisher>Association for Computational Linguistics</publisher>
			<date type="published" when="2012" />
			<biblScope unit="page" from="1157" to="1168" />
		</imprint>
	</monogr>
</biblStruct>

<biblStruct >
	<analytic>
		<title level="a" type="main">Automatically assessing machine summary content without a gold standard</title>
		<author>
			<persName xmlns="http://www.tei-c.org/ns/1.0"><forename type="first">Annie</forename><surname>Louis</surname></persName>
		</author>
		<author>
			<persName xmlns="http://www.tei-c.org/ns/1.0"><forename type="first">Ani</forename><surname>Nenkova</surname></persName>
		</author>
	</analytic>
	<monogr>
		<title level="j">Computational Linguistics</title>
		<imprint>
			<biblScope unit="volume">39</biblScope>
			<biblScope unit="issue">2</biblScope>
			<biblScope unit="page" from="267" to="300" />
			<date type="published" when="2013" />
		</imprint>
	</monogr>
</biblStruct>

<biblStruct >
	<analytic>
		<title level="a" type="main">Rhetorical structure theory: Toward a functional theory of text organization</title>
		<author>
			<persName xmlns="http://www.tei-c.org/ns/1.0"><forename type="first">W</forename><forename type="middle">C</forename><surname>Mann</surname></persName>
		</author>
		<author>
			<persName xmlns="http://www.tei-c.org/ns/1.0"><forename type="first">S</forename><forename type="middle">A</forename><surname>Thompson</surname></persName>
		</author>
	</analytic>
	<monogr>
		<title level="j">Text</title>
		<imprint>
			<biblScope unit="volume">8</biblScope>
			<biblScope unit="issue">3</biblScope>
			<biblScope unit="page" from="243" to="281" />
			<date type="published" when="1998" />
		</imprint>
	</monogr>
</biblStruct>

<biblStruct >
	<analytic>
		<title level="a" type="main">Improving summarization through rhetorical parsing tuning</title>
		<author>
			<persName xmlns="http://www.tei-c.org/ns/1.0"><forename type="first">Daniel</forename><surname>Marcu</surname></persName>
		</author>
	</analytic>
	<monogr>
		<title level="m">Proceedings of The Sixth Workshop on Very Large Corpora</title>
		<meeting>The Sixth Workshop on Very Large Corpora<address><addrLine>Montreal,Canada</addrLine></address></meeting>
		<imprint>
			<date type="published" when="1998" />
			<biblScope unit="page" from="206" to="215" />
		</imprint>
	</monogr>
</biblStruct>

<biblStruct >
	<monogr>
		<title level="m" type="main">The rhetorical parsing, summarization, and generation of natural language texts</title>
		<author>
			<persName xmlns="http://www.tei-c.org/ns/1.0"><forename type="first">C</forename><surname>Daniel</surname></persName>
		</author>
		<author>
			<persName xmlns="http://www.tei-c.org/ns/1.0"><surname>Marcu</surname></persName>
		</author>
		<imprint>
			<date type="published" when="1998" />
			<pubPlace>Toronto, Ont., Canada, Canada. AAINQ35238</pubPlace>
		</imprint>
	</monogr>
<note type="report_type">Ph.D. thesis</note>
</biblStruct>

<biblStruct >
	<monogr>
		<title level="m" type="main">Text generation: using discourse strategies and focus constraints to generate natural language text</title>
		<author>
			<persName xmlns="http://www.tei-c.org/ns/1.0"><forename type="first">R</forename><surname>Kathleen</surname></persName>
		</author>
		<author>
			<persName xmlns="http://www.tei-c.org/ns/1.0"><surname>Mckeown</surname></persName>
		</author>
		<imprint>
			<date type="published" when="1985" />
			<publisher>Cambridge University Press</publisher>
			<pubPlace>New York, NY, USA</pubPlace>
		</imprint>
	</monogr>
</biblStruct>

<biblStruct >
	<analytic>
		<title level="a" type="main">TextRank: Bringing Order into Texts</title>
		<author>
			<persName xmlns="http://www.tei-c.org/ns/1.0"><forename type="first">Rada</forename><surname>Mihalcea</surname></persName>
		</author>
		<author>
			<persName xmlns="http://www.tei-c.org/ns/1.0"><forename type="first">Paul</forename><surname>Tarau</surname></persName>
		</author>
	</analytic>
	<monogr>
		<title level="m">Conference on Empirical Methods in Natural Language Processing</title>
		<meeting><address><addrLine>Barcelona, Spain</addrLine></address></meeting>
		<imprint>
			<date type="published" when="2004" />
		</imprint>
	</monogr>
</biblStruct>

<biblStruct >
	<analytic>
		<title level="a" type="main">Scientific paper summarization using citation summary networks</title>
		<author>
			<persName xmlns="http://www.tei-c.org/ns/1.0"><forename type="first">Vahed</forename><surname>Qazvinian</surname></persName>
		</author>
		<author>
			<persName xmlns="http://www.tei-c.org/ns/1.0"><forename type="first">Dragomir</forename><forename type="middle">R</forename><surname>Radev</surname></persName>
		</author>
	</analytic>
	<monogr>
		<title level="m">Proceedings of the 22nd International Conference on Computational Linguistics</title>
		<meeting>the 22nd International Conference on Computational Linguistics<address><addrLine>Morristown, NJ, USA</addrLine></address></meeting>
		<imprint>
			<publisher>Association for Computational Linguistics</publisher>
			<date type="published" when="2008" />
			<biblScope unit="volume">1</biblScope>
			<biblScope unit="page" from="689" to="696" />
		</imprint>
	</monogr>
	<note>COLING &apos;08</note>
</biblStruct>

<biblStruct >
	<analytic>
		<title level="a" type="main">Identifying non-explicit citing sentences for citation-based summarization</title>
		<author>
			<persName xmlns="http://www.tei-c.org/ns/1.0"><forename type="first">Vahed</forename><surname>Qazvinian</surname></persName>
		</author>
		<author>
			<persName xmlns="http://www.tei-c.org/ns/1.0"><surname>Dragomir R Radev</surname></persName>
		</author>
	</analytic>
	<monogr>
		<title level="m">Proceedings of the 48th annual meeting of the association for computational linguistics</title>
		<meeting>the 48th annual meeting of the association for computational linguistics</meeting>
		<imprint>
			<publisher>Association for Computational Linguistics</publisher>
			<date type="published" when="2010" />
			<biblScope unit="page" from="555" to="564" />
		</imprint>
	</monogr>
</biblStruct>

<biblStruct >
	<analytic>
		<title level="a" type="main">Citation summarization through keyphrase extraction</title>
		<author>
			<persName xmlns="http://www.tei-c.org/ns/1.0"><surname>Vahed Qazvinian</surname></persName>
		</author>
		<author>
			<persName xmlns="http://www.tei-c.org/ns/1.0"><forename type="first">Arzucan¨ozgür Arzucan¨</forename><surname>Dragomir R Radev</surname></persName>
		</author>
		<author>
			<persName xmlns="http://www.tei-c.org/ns/1.0"><surname>Arzucan¨ozgür</surname></persName>
		</author>
	</analytic>
	<monogr>
		<title level="m">Proceedings of the 23rd International Conference on Computational Linguistics</title>
		<meeting>the 23rd International Conference on Computational Linguistics</meeting>
		<imprint>
			<date type="published" when="2010" />
			<biblScope unit="page" from="895" to="903" />
		</imprint>
	</monogr>
	<note>Association for Computational Linguistics</note>
</biblStruct>

<biblStruct >
	<analytic>
		<title level="a" type="main">Incorporating content structure into text analysis applications</title>
		<author>
			<persName xmlns="http://www.tei-c.org/ns/1.0"><forename type="first">Christina</forename><surname>Sauper</surname></persName>
		</author>
		<author>
			<persName xmlns="http://www.tei-c.org/ns/1.0"><forename type="first">Aria</forename><surname>Haghighi</surname></persName>
		</author>
		<author>
			<persName xmlns="http://www.tei-c.org/ns/1.0"><forename type="first">Regina</forename><surname>Barzilay</surname></persName>
		</author>
	</analytic>
	<monogr>
		<title level="m">EMNLP&apos;10</title>
		<imprint>
			<date type="published" when="2010" />
			<biblScope unit="page" from="377" to="387" />
		</imprint>
	</monogr>
</biblStruct>

<biblStruct >
	<analytic>
		<title level="a" type="main">Summarizing scientific articles: experiments with relevance and rhetorical status</title>
		<author>
			<persName xmlns="http://www.tei-c.org/ns/1.0"><forename type="first">Simone</forename><surname>Teufel</surname></persName>
		</author>
		<author>
			<persName xmlns="http://www.tei-c.org/ns/1.0"><forename type="first">Marc</forename><surname>Moens</surname></persName>
		</author>
	</analytic>
	<monogr>
		<title level="j">Comput. Linguist</title>
		<imprint>
			<biblScope unit="volume">28</biblScope>
			<biblScope unit="page" from="409" to="445" />
			<date type="published" when="2002" />
			<publisher>December</publisher>
		</imprint>
	</monogr>
</biblStruct>

<biblStruct >
	<analytic>
		<title level="a" type="main">Towards discipline-independent argumentative zoning: Evidence from chemistry and computational linguistics</title>
		<author>
			<persName xmlns="http://www.tei-c.org/ns/1.0"><forename type="first">Simone</forename><surname>Teufel</surname></persName>
		</author>
		<author>
			<persName xmlns="http://www.tei-c.org/ns/1.0"><forename type="first">Advaith</forename><surname>Siddharthan</surname></persName>
		</author>
		<author>
			<persName xmlns="http://www.tei-c.org/ns/1.0"><forename type="first">Colin</forename><surname>Batchelor</surname></persName>
		</author>
	</analytic>
	<monogr>
		<title level="m">Proceedings of EMNLP-09</title>
		<meeting>EMNLP-09</meeting>
		<imprint>
			<date type="published" when="2009" />
		</imprint>
	</monogr>
	<note>Singapore</note>
</biblStruct>

<biblStruct >
	<analytic>
		<title level="a" type="main">Task-based evaluation of summary quality: Describing relationships between scientific papersworkshop &quot;automatic summarization</title>
		<author>
			<persName xmlns="http://www.tei-c.org/ns/1.0"><forename type="first">Simone</forename><surname>Teufel</surname></persName>
		</author>
	</analytic>
	<monogr>
		<title level="m">NAACL-01 Workshop &quot;Automatic Text Summarisation</title>
		<meeting><address><addrLine>Pittsburgh, PA</addrLine></address></meeting>
		<imprint>
			<date type="published" when="2001" />
		</imprint>
	</monogr>
</biblStruct>

<biblStruct >
	<monogr>
				<author>
			<persName xmlns="http://www.tei-c.org/ns/1.0"><forename type="first">Simone</forename><surname>Teufel</surname></persName>
		</author>
		<title level="m">The Structure of Scientific Articles: Applications to Citation Indexing and Summarization. CSLI Studies in Computational Linguistics. Center for the Study of Language and Information</title>
		<meeting><address><addrLine>Stanford, California</addrLine></address></meeting>
		<imprint>
			<date type="published" when="2010" />
		</imprint>
	</monogr>
</biblStruct>

<biblStruct >
	<analytic>
		<title level="a" type="main">Hypothesis and evidence extraction from fulltext scientific journal articles</title>
		<author>
			<persName xmlns="http://www.tei-c.org/ns/1.0"><forename type="first">Elizabeth</forename><surname>White</surname></persName>
		</author>
		<author>
			<persName xmlns="http://www.tei-c.org/ns/1.0"><forename type="first">K</forename><surname>Bretonnel Cohen</surname></persName>
		</author>
		<author>
			<persName xmlns="http://www.tei-c.org/ns/1.0"><forename type="first">Larry</forename><surname>Hunter</surname></persName>
		</author>
	</analytic>
	<monogr>
		<title level="m">Proceedings of BioNLP 2011 Workshop</title>
		<meeting>BioNLP 2011 Workshop<address><addrLine>Portland, Oregon, USA, June</addrLine></address></meeting>
		<imprint>
			<publisher>Association for Computational Linguistics</publisher>
			<date type="published" when="2011" />
			<biblScope unit="page" from="134" to="135" />
		</imprint>
	</monogr>
</biblStruct>

			</listBibl>
		</back>
	</text>
</TEI>
