<?xml version="1.0" ?>
<TEI xmlns="http://www.tei-c.org/ns/1.0" xmlns:xlink="http://www.w3.org/1999/xlink" 
 xmlns:mml="http://www.w3.org/1998/Math/MathML">
	<teiHeader>
		<fileDesc xml:id="f_558"/>
	</teiHeader>
	<text>
		<front/>
		<body/>
		<back>
			<listBibl>
<biblStruct >
	<analytic>
		<title level="a" type="main">Bootstrapping</title>
		<author>
			<persName xmlns="http://www.tei-c.org/ns/1.0"><forename type="first">Steven</forename><surname>Abney</surname></persName>
		</author>
	</analytic>
	<monogr>
		<title level="m">Proceedings of the 40th Annual Meeting on Association for Computational Linguistics</title>
		<meeting>the 40th Annual Meeting on Association for Computational Linguistics</meeting>
		<imprint>
			<date type="published" when="2002" />
			<biblScope unit="page" from="360" to="367" />
		</imprint>
	</monogr>
</biblStruct>

<biblStruct >
	<analytic>
		<title level="a" type="main">A hybrid markov/semi-markov conditional random field for sequence segmentation</title>
		<author>
			<persName xmlns="http://www.tei-c.org/ns/1.0"><forename type="first">Galen</forename><surname>Andrew</surname></persName>
		</author>
	</analytic>
	<monogr>
		<title level="m">Proceedings of the 2006 Conference on Empirical Methods in Natural Language Processing</title>
		<meeting>the 2006 Conference on Empirical Methods in Natural Language Processing</meeting>
		<imprint>
			<date type="published" when="2006" />
			<biblScope unit="page" from="465" to="472" />
		</imprint>
	</monogr>
</biblStruct>

<biblStruct >
	<analytic>
		<title level="a" type="main">Combining labeled and unlabeled data with co-training</title>
		<author>
			<persName xmlns="http://www.tei-c.org/ns/1.0"><forename type="first">Avrim</forename><surname>Blum</surname></persName>
		</author>
		<author>
			<persName xmlns="http://www.tei-c.org/ns/1.0"><forename type="first">Tom</forename><surname>Mitchell</surname></persName>
		</author>
	</analytic>
	<monogr>
		<title level="m">Proceedings of the eleventh annual conference on Computational learning theory</title>
		<meeting>the eleventh annual conference on Computational learning theory</meeting>
		<imprint>
			<date type="published" when="1998" />
			<biblScope unit="page" from="92" to="100" />
		</imprint>
	</monogr>
</biblStruct>

<biblStruct >
	<analytic>
		<title level="a" type="main">Unsupervised models for named entity classification</title>
		<author>
			<persName xmlns="http://www.tei-c.org/ns/1.0"><forename type="first">Michael</forename><surname>Collins</surname></persName>
		</author>
		<author>
			<persName xmlns="http://www.tei-c.org/ns/1.0"><forename type="first">Yoram</forename><surname>Singer</surname></persName>
		</author>
	</analytic>
	<monogr>
		<title level="m">Joint SIGDAT Conference on Empirical Methods in Natural Language Processing and Very Large Corpora</title>
		<imprint>
			<date type="published" when="1999" />
			<biblScope unit="page" from="100" to="110" />
		</imprint>
	</monogr>
</biblStruct>

<biblStruct >
	<analytic>
		<title level="a" type="main">Pac generalization bounds for cotraining</title>
		<author>
			<persName xmlns="http://www.tei-c.org/ns/1.0"><forename type="first">Sanjoy</forename><surname>Dasgupta</surname></persName>
		</author>
		<author>
			<persName xmlns="http://www.tei-c.org/ns/1.0"><forename type="first">Michael</forename><forename type="middle">L</forename><surname>Littman</surname></persName>
		</author>
		<author>
			<persName xmlns="http://www.tei-c.org/ns/1.0"><forename type="first">David</forename><surname>Mcallester</surname></persName>
		</author>
	</analytic>
	<monogr>
		<title level="m">Proceedings of Advances in Neural Information Processing Systems</title>
		<meeting>Advances in Neural Information Processing Systems</meeting>
		<imprint>
			<date type="published" when="2001" />
			<biblScope unit="page" from="375" to="382" />
		</imprint>
	</monogr>
</biblStruct>

<biblStruct >
	<analytic>
		<title level="a" type="main">Chinese word segmentation and named entity recognition: A pragmatic approach</title>
		<author>
			<persName xmlns="http://www.tei-c.org/ns/1.0"><forename type="first">Jianfeng</forename><surname>Gao</surname></persName>
		</author>
		<author>
			<persName xmlns="http://www.tei-c.org/ns/1.0"><forename type="first">Mu</forename><surname>Li</surname></persName>
		</author>
		<author>
			<persName xmlns="http://www.tei-c.org/ns/1.0"><forename type="first">Andi</forename><surname>Wu</surname></persName>
		</author>
		<author>
			<persName xmlns="http://www.tei-c.org/ns/1.0"><forename type="first">Chang-Ning</forename><surname>Huang</surname></persName>
		</author>
	</analytic>
	<monogr>
		<title level="j">Computationl Linguistics</title>
		<imprint>
			<biblScope unit="volume">31</biblScope>
			<biblScope unit="issue">4</biblScope>
			<biblScope unit="page">574</biblScope>
			<date type="published" when="2005" />
		</imprint>
	</monogr>
</biblStruct>

<biblStruct >
	<analytic>
		<title level="a" type="main">Co-training using prosodic and lexical information for sentence segmentation</title>
		<author>
			<persName xmlns="http://www.tei-c.org/ns/1.0"><forename type="first">Umit</forename><surname>Guz</surname></persName>
		</author>
		<author>
			<persName xmlns="http://www.tei-c.org/ns/1.0"><forename type="first">Sebastien</forename><surname>Cuendet</surname></persName>
		</author>
	</analytic>
	<monogr>
		<title level="m">proceedings of INTERSPEECH</title>
		<meeting>INTERSPEECH</meeting>
		<imprint>
			<date type="published" when="2007" />
			<biblScope unit="page" from="2597" to="2600" />
		</imprint>
	</monogr>
	<note>Dilek Hakkani-Tur, and Gokhan Tur</note>
</biblStruct>

<biblStruct >
	<analytic>
		<title level="a" type="main">Punctuation as implicit annotations for chinese word segmentation</title>
		<author>
			<persName xmlns="http://www.tei-c.org/ns/1.0"><forename type="first">Zhongguo</forename><surname>Li</surname></persName>
		</author>
		<author>
			<persName xmlns="http://www.tei-c.org/ns/1.0"><forename type="first">Maosong</forename><surname>Sun</surname></persName>
		</author>
	</analytic>
	<monogr>
		<title level="j">Comput. Linguist</title>
		<imprint>
			<biblScope unit="volume">35</biblScope>
			<biblScope unit="page" from="505" to="512" />
			<date type="published" when="2009-12" />
		</imprint>
	</monogr>
</biblStruct>

<biblStruct >
	<monogr>
		<title level="m" type="main">Semi-supervised learning for natural language</title>
		<author>
			<persName xmlns="http://www.tei-c.org/ns/1.0"><forename type="first">Percy</forename><surname>Liang</surname></persName>
		</author>
		<imprint>
			<date type="published" when="2005-05" />
		</imprint>
		<respStmt>
			<orgName>MASSACHUSETTS INSTITUTE OF TECHNOLOGY</orgName>
		</respStmt>
	</monogr>
	<note>Master&apos;s thesis</note>
</biblStruct>

<biblStruct >
	<analytic>
		<title level="a" type="main">Chinese and japanese word segmentation using word-level and character-level information</title>
		<author>
			<persName xmlns="http://www.tei-c.org/ns/1.0"><forename type="first">Tetsuji</forename><surname>Nakagawa</surname></persName>
		</author>
	</analytic>
	<monogr>
		<title level="m">Proceedings of the 20th international conference on Computational Linguistics</title>
		<meeting>the 20th international conference on Computational Linguistics</meeting>
		<imprint>
			<date type="published" when="2004" />
		</imprint>
	</monogr>
</biblStruct>

<biblStruct >
	<analytic>
		<title level="a" type="main">Analyzing the effectiveness and applicability of co-training</title>
		<author>
			<persName xmlns="http://www.tei-c.org/ns/1.0"><forename type="first">Kamal</forename><surname>Nigam</surname></persName>
		</author>
		<author>
			<persName xmlns="http://www.tei-c.org/ns/1.0"><forename type="first">Rayid</forename><surname>Ghani</surname></persName>
		</author>
	</analytic>
	<monogr>
		<title level="m">Proceedings of the ninth international conference on Information and knowledge management</title>
		<meeting>the ninth international conference on Information and knowledge management</meeting>
		<imprint>
			<date type="published" when="2000" />
			<biblScope unit="page" from="86" to="93" />
		</imprint>
	</monogr>
</biblStruct>

<biblStruct >
	<analytic>
		<title level="a" type="main">Chinese segmentation and new word detection using conditional random fields</title>
		<author>
			<persName xmlns="http://www.tei-c.org/ns/1.0"><forename type="first">Fuchun</forename><surname>Peng</surname></persName>
		</author>
		<author>
			<persName xmlns="http://www.tei-c.org/ns/1.0"><forename type="first">Fangfang</forename><surname>Feng</surname></persName>
		</author>
		<author>
			<persName xmlns="http://www.tei-c.org/ns/1.0"><forename type="first">Andrew</forename><surname>Mccallum</surname></persName>
		</author>
	</analytic>
	<monogr>
		<title level="m">Proceedings of the 20th international conference on Computational Linguistics</title>
		<meeting>the 20th international conference on Computational Linguistics</meeting>
		<imprint>
			<date type="published" when="2004" />
		</imprint>
	</monogr>
</biblStruct>

<biblStruct >
	<analytic>
		<title level="a" type="main">Limitations of co-training for natural language learning from large datasets</title>
		<author>
			<persName xmlns="http://www.tei-c.org/ns/1.0"><forename type="first">David</forename><surname>Pierce</surname></persName>
		</author>
		<author>
			<persName xmlns="http://www.tei-c.org/ns/1.0"><forename type="first">Claire</forename><surname>Cardie</surname></persName>
		</author>
	</analytic>
	<monogr>
		<title level="m">Proceedings of the 2001 Conference on</title>
		<meeting>the 2001 Conference on</meeting>
		<imprint>
			<date type="published" when="2001" />
		</imprint>
	</monogr>
</biblStruct>

<biblStruct >
	<monogr>
				<title level="m">Natural Language Processing</title>
		<imprint>
			<biblScope unit="page" from="1" to="9" />
		</imprint>
	</monogr>
</biblStruct>

<biblStruct >
	<analytic>
		<title level="a" type="main">Enhancing chinese word segmentation using unlabeled data</title>
		<author>
			<persName xmlns="http://www.tei-c.org/ns/1.0"><forename type="first">Weiwei</forename><surname>Sun</surname></persName>
		</author>
		<author>
			<persName xmlns="http://www.tei-c.org/ns/1.0"><forename type="first">Jia</forename><surname>Xu</surname></persName>
		</author>
	</analytic>
	<monogr>
		<title level="m">Proceedings of the 2011 Conference on Empirical Methods in Natural Language Processing</title>
		<meeting>the 2011 Conference on Empirical Methods in Natural Language Processing<address><addrLine>Edinburgh, Scotland, UK.</addrLine></address></meeting>
		<imprint>
			<date type="published" when="2011-07" />
			<biblScope unit="page" from="970" to="979" />
		</imprint>
	</monogr>
</biblStruct>

<biblStruct >
	<analytic>
		<title level="a" type="main">A discriminative latent variable chinese segmenter with hybrid word/character information</title>
		<author>
			<persName xmlns="http://www.tei-c.org/ns/1.0"><forename type="first">Xu</forename><surname>Sun</surname></persName>
		</author>
		<author>
			<persName xmlns="http://www.tei-c.org/ns/1.0"><forename type="first">Yaozhong</forename><surname>Zhang</surname></persName>
		</author>
		<author>
			<persName xmlns="http://www.tei-c.org/ns/1.0"><forename type="first">Takuya</forename><surname>Matsuzaki</surname></persName>
		</author>
		<author>
			<persName xmlns="http://www.tei-c.org/ns/1.0"><forename type="first">Yoshimasa</forename><surname>Tsuruoka</surname></persName>
		</author>
		<author>
			<persName xmlns="http://www.tei-c.org/ns/1.0"><forename type="first">Jun&amp;apos;ichi</forename><surname>Tsujii</surname></persName>
		</author>
	</analytic>
	<monogr>
		<title level="m">Proceedings of Human Language Technologies: The 2009 Annual Conference of the North American Chapter of the Association for Computational Linguistics</title>
		<meeting>Human Language Technologies: The 2009 Annual Conference of the North American Chapter of the Association for Computational Linguistics</meeting>
		<imprint>
			<date type="published" when="2009" />
			<biblScope unit="page" from="56" to="64" />
		</imprint>
	</monogr>
</biblStruct>

<biblStruct >
	<analytic>
		<title level="a" type="main">Word-based and character-based word segmentation models: comparison and combination</title>
		<author>
			<persName xmlns="http://www.tei-c.org/ns/1.0"><forename type="first">Weiwei</forename><surname>Sun</surname></persName>
		</author>
	</analytic>
	<monogr>
		<title level="m">Proceedings of the 23rd International Conference on Computational Linguistics: Posters</title>
		<meeting>the 23rd International Conference on Computational Linguistics: Posters</meeting>
		<imprint>
			<date type="published" when="2010" />
			<biblScope unit="page" from="1211" to="1219" />
		</imprint>
	</monogr>
</biblStruct>

<biblStruct >
	<analytic>
		<title level="a" type="main">Co-adaptation: Adaptive cotraining for semi-supervised learning</title>
		<author>
			<persName xmlns="http://www.tei-c.org/ns/1.0"><forename type="first">W</forename><forename type="middle">J</forename><surname>Teahan</surname></persName>
		</author>
		<author>
			<persName xmlns="http://www.tei-c.org/ns/1.0"><forename type="first">Rodger</forename><surname>Mcnab</surname></persName>
		</author>
		<author>
			<persName xmlns="http://www.tei-c.org/ns/1.0"><forename type="first">Yingying</forename><surname>Wen</surname></persName>
		</author>
		<author>
			<persName xmlns="http://www.tei-c.org/ns/1.0"><forename type="first">Ian</forename><forename type="middle">H</forename><surname>Witten</surname></persName>
		</author>
	</analytic>
	<monogr>
		<title level="m">proceedings of ICASSP</title>
		<meeting>ICASSP</meeting>
		<imprint>
			<date type="published" when="2000-09" />
			<biblScope unit="volume">26</biblScope>
			<biblScope unit="page" from="3721" to="3724" />
		</imprint>
	</monogr>
	<note>A compression-based algorithm for chinese word segmentation</note>
</biblStruct>

<biblStruct >
	<analytic>
		<title level="a" type="main">Semi-supervised learning for part-of-speech tagging of mandarin transcribed speech</title>
		<author>
			<persName xmlns="http://www.tei-c.org/ns/1.0"><forename type="first">Wen</forename><surname>Wang</surname></persName>
		</author>
		<author>
			<persName xmlns="http://www.tei-c.org/ns/1.0"><forename type="first">Zhongqiang</forename><surname>Huang</surname></persName>
		</author>
		<author>
			<persName xmlns="http://www.tei-c.org/ns/1.0"><forename type="first">Mary</forename><surname>Harper</surname></persName>
		</author>
	</analytic>
	<monogr>
		<title level="m">ICASSP</title>
		<imprint>
			<date type="published" when="2007" />
		</imprint>
	</monogr>
</biblStruct>

<biblStruct >
	<analytic>
		<title level="a" type="main">Chinese word segmentation as character tagging</title>
		<author>
			<persName xmlns="http://www.tei-c.org/ns/1.0"><forename type="first">Nianwen</forename><surname>Xue</surname></persName>
		</author>
	</analytic>
	<monogr>
		<title level="m">Computational Linguistics and Chinese Language Processing</title>
		<imprint>
			<date type="published" when="2003" />
			<biblScope unit="page" from="29" to="48" />
		</imprint>
	</monogr>
</biblStruct>

<biblStruct >
	<analytic>
		<title level="a" type="main">Chinese segmentation with a word-based perceptron algorithm</title>
		<author>
			<persName xmlns="http://www.tei-c.org/ns/1.0"><forename type="first">Yue</forename><surname>Zhang</surname></persName>
		</author>
		<author>
			<persName xmlns="http://www.tei-c.org/ns/1.0"><forename type="first">Stephen</forename><surname>Clark</surname></persName>
		</author>
	</analytic>
	<monogr>
		<title level="m">Proceedings of the 45th Annual Meeting of the Association of Computational Linguistics</title>
		<meeting>the 45th Annual Meeting of the Association of Computational Linguistics<address><addrLine>Prague, Czech Republic</addrLine></address></meeting>
		<imprint>
			<publisher>Association for Computational Linguistics</publisher>
			<date type="published" when="2007-06" />
			<biblScope unit="page" from="840" to="847" />
		</imprint>
	</monogr>
</biblStruct>

<biblStruct >
	<analytic>
		<title level="a" type="main">A unified character-based tagging framework for chinese word segmentation</title>
		<author>
			<persName xmlns="http://www.tei-c.org/ns/1.0"><forename type="first">Hai</forename><surname>Zhao</surname></persName>
		</author>
		<author>
			<persName xmlns="http://www.tei-c.org/ns/1.0"><forename type="first">Chang-Ning</forename><surname>Huang</surname></persName>
		</author>
		<author>
			<persName xmlns="http://www.tei-c.org/ns/1.0"><forename type="first">Mu</forename><surname>Li</surname></persName>
		</author>
		<author>
			<persName xmlns="http://www.tei-c.org/ns/1.0"><forename type="first">Bao-Liang</forename><surname>Lu</surname></persName>
		</author>
		<idno>5:1-5:32</idno>
	</analytic>
	<monogr>
		<title level="j">ACM Transactions on Asian Language Information Processing</title>
		<imprint>
			<biblScope unit="volume">9</biblScope>
			<biblScope unit="issue">2</biblScope>
			<date type="published" when="2010-06" />
		</imprint>
	</monogr>
</biblStruct>

			</listBibl>
		</back>
	</text>
</TEI>
