<?xml version="1.0" ?>
<TEI xmlns="http://www.tei-c.org/ns/1.0" xmlns:xlink="http://www.w3.org/1999/xlink" 
 xmlns:mml="http://www.w3.org/1998/Math/MathML">
	<teiHeader>
		<fileDesc xml:id="f_497"/>
	</teiHeader>
	<text>
		<front/>
		<body/>
		<back>
			<listBibl>
<biblStruct >
	<analytic>
		<title level="a" type="main">Nouns are Vectors, Adjectives are Matrices</title>
		<author>
			<persName xmlns="http://www.tei-c.org/ns/1.0"><forename type="first">M</forename><surname>Baroni</surname></persName>
		</author>
		<author>
			<persName xmlns="http://www.tei-c.org/ns/1.0"><forename type="first">R</forename><surname>Zamparelli</surname></persName>
		</author>
	</analytic>
	<monogr>
		<title level="m">Proceedings of Conference on Empirical Methods in Natural Language Processing (EMNLP)</title>
		<meeting>Conference on Empirical Methods in Natural Language Processing (EMNLP)</meeting>
		<imprint>
			<date type="published" when="2010" />
		</imprint>
	</monogr>
</biblStruct>

<biblStruct >
	<analytic>
		<title level="a" type="main">A comparison of vector-based representations for semantic composition</title>
		<author>
			<persName xmlns="http://www.tei-c.org/ns/1.0"><forename type="first">W</forename><surname>Blacoe</surname></persName>
		</author>
		<author>
			<persName xmlns="http://www.tei-c.org/ns/1.0"><forename type="first">M</forename><surname>Lapata</surname></persName>
		</author>
	</analytic>
	<monogr>
		<title level="m">Proceedings of the 2012 Joint Conference on Empirical Methods in Natural Language Processing and Computational Natural Language Learning</title>
		<meeting>the 2012 Joint Conference on Empirical Methods in Natural Language Processing and Computational Natural Language Learning<address><addrLine>Jeju Island, Korea</addrLine></address></meeting>
		<imprint>
			<date type="published" when="2012" />
			<biblScope unit="page" from="546" to="556" />
		</imprint>
	</monogr>
	<note>Association for Computational Linguistics</note>
</biblStruct>

<biblStruct >
	<monogr>
		<title level="m" type="main">Commutative Algebra: Chapters 1-7</title>
		<author>
			<persName xmlns="http://www.tei-c.org/ns/1.0"><forename type="first">N</forename><surname>Bourbaki</surname></persName>
		</author>
		<imprint>
			<date type="published" when="1989" />
			<publisher>Srpinger Verlag</publisher>
			<pubPlace>Berlin/New York</pubPlace>
		</imprint>
	</monogr>
</biblStruct>

<biblStruct >
	<analytic>
		<title level="a" type="main">A Dendrite Method for Cluster Analysis</title>
		<author>
			<persName xmlns="http://www.tei-c.org/ns/1.0"><forename type="first">T</forename><surname>Cali´nskicali´nski</surname></persName>
		</author>
		<author>
			<persName xmlns="http://www.tei-c.org/ns/1.0"><forename type="first">J</forename><surname>Harabasz</surname></persName>
		</author>
	</analytic>
	<monogr>
		<title level="j">Communications in Statistics-Theory and Methods</title>
		<imprint>
			<biblScope unit="volume">3</biblScope>
			<biblScope unit="issue">1</biblScope>
			<biblScope unit="page" from="1" to="27" />
			<date type="published" when="1974" />
		</imprint>
	</monogr>
</biblStruct>

<biblStruct >
	<monogr>
		<title/>
		<author>
			<persName xmlns="http://www.tei-c.org/ns/1.0"><forename type="first">B</forename><surname>Coecke</surname></persName>
		</author>
		<author>
			<persName xmlns="http://www.tei-c.org/ns/1.0"><forename type="first">M</forename><surname>Sadrzadeh</surname></persName>
		</author>
		<author>
			<persName xmlns="http://www.tei-c.org/ns/1.0"><forename type="first">Clark</forename></persName>
		</author>
		<author>
			<persName xmlns="http://www.tei-c.org/ns/1.0"><forename type="first">S</forename></persName>
		</author>
		<imprint>
			<date type="published" when="2010" />
		</imprint>
	</monogr>
</biblStruct>

<biblStruct >
	<monogr>
				<title level="m">Mathematical Foundations for Distributed Compositional Model of Meaning. Lambek Festschrift. Linguistic Analysis</title>
		<imprint>
			<biblScope unit="volume">36</biblScope>
			<biblScope unit="page" from="345" to="384" />
		</imprint>
	</monogr>
</biblStruct>

<biblStruct >
	<monogr>
		<title level="m" type="main">From Distributional to Semantic Similarity</title>
		<author>
			<persName xmlns="http://www.tei-c.org/ns/1.0"><forename type="first">J</forename><surname>Curran</surname></persName>
		</author>
		<imprint>
			<date type="published" when="2004" />
		</imprint>
		<respStmt>
			<orgName>School of Informatics, University of Edinburgh</orgName>
		</respStmt>
	</monogr>
<note type="report_type">PhD thesis</note>
</biblStruct>

<biblStruct >
	<analytic>
		<title level="a" type="main">Introducing and evaluating ukWaC, a very large web-derived corpus of English</title>
		<author>
			<persName xmlns="http://www.tei-c.org/ns/1.0"><forename type="first">A</forename><surname>Ferraresi</surname></persName>
		</author>
		<author>
			<persName xmlns="http://www.tei-c.org/ns/1.0"><forename type="first">E</forename><surname>Zanchetta</surname></persName>
		</author>
		<author>
			<persName xmlns="http://www.tei-c.org/ns/1.0"><forename type="first">M</forename><surname>Baroni</surname></persName>
		</author>
		<author>
			<persName xmlns="http://www.tei-c.org/ns/1.0"><forename type="first">S</forename><surname>Bernardini</surname></persName>
		</author>
	</analytic>
	<monogr>
		<title level="m">Proceedings of the 4th Web as Corpus Workshop (WAC-4) Can we beat Google</title>
		<meeting>the 4th Web as Corpus Workshop (WAC-4) Can we beat Google</meeting>
		<imprint>
			<date type="published" when="2008" />
			<biblScope unit="page" from="47" to="54" />
		</imprint>
	</monogr>
</biblStruct>

<biblStruct >
	<analytic>
		<title level="a" type="main">Multi-step regression learning for compositional distributional semantics</title>
		<author>
			<persName xmlns="http://www.tei-c.org/ns/1.0"><forename type="first">E</forename><surname>Grefenstette</surname></persName>
		</author>
		<author>
			<persName xmlns="http://www.tei-c.org/ns/1.0"><forename type="first">G</forename><surname>Dinu</surname></persName>
		</author>
		<author>
			<persName xmlns="http://www.tei-c.org/ns/1.0"><forename type="first">Y.-Z</forename><surname>Zhang</surname></persName>
		</author>
		<author>
			<persName xmlns="http://www.tei-c.org/ns/1.0"><forename type="first">M</forename><surname>Sadrzadeh</surname></persName>
		</author>
		<author>
			<persName xmlns="http://www.tei-c.org/ns/1.0"><forename type="first">M</forename><surname>Baroni</surname></persName>
		</author>
	</analytic>
	<monogr>
		<title level="m">Proceedings of the 10th International Conference on Computational Semantics</title>
		<meeting>the 10th International Conference on Computational Semantics</meeting>
		<imprint>
			<date type="published" when="2013" />
		</imprint>
	</monogr>
	<note>IWCS 2013</note>
</biblStruct>

<biblStruct >
	<analytic>
		<title level="a" type="main">Experimental Support for a Categorical Compositional Distributional Model of Meaning</title>
		<author>
			<persName xmlns="http://www.tei-c.org/ns/1.0"><forename type="first">E</forename><surname>Grefenstette</surname></persName>
		</author>
		<author>
			<persName xmlns="http://www.tei-c.org/ns/1.0"><forename type="first">M</forename><surname>Sadrzadeh</surname></persName>
		</author>
	</analytic>
	<monogr>
		<title level="m">Proceedings of Conference on Empirical Methods in Natural Language Processing</title>
		<meeting>Conference on Empirical Methods in Natural Language Processing</meeting>
		<imprint>
			<publisher>EMNLP</publisher>
			<date type="published" when="2011" />
		</imprint>
	</monogr>
</biblStruct>

<biblStruct >
	<analytic>
		<title level="a" type="main">Experimenting with Transitive Verbs in a DisCoCat</title>
		<author>
			<persName xmlns="http://www.tei-c.org/ns/1.0"><forename type="first">E</forename><surname>Grefenstette</surname></persName>
		</author>
		<author>
			<persName xmlns="http://www.tei-c.org/ns/1.0"><forename type="first">M</forename><surname>Sadrzadeh</surname></persName>
		</author>
	</analytic>
	<monogr>
		<title level="m">Proceedings of Workshop on Geometrical Models of Natural Language Semantics (GEMS)</title>
		<meeting>Workshop on Geometrical Models of Natural Language Semantics (GEMS)</meeting>
		<imprint>
			<date type="published" when="2011" />
		</imprint>
	</monogr>
</biblStruct>

<biblStruct >
	<monogr>
		<title level="m" type="main">Mathematical Structures of Language</title>
		<author>
			<persName xmlns="http://www.tei-c.org/ns/1.0"><forename type="first">Z</forename><surname>Harris</surname></persName>
		</author>
		<imprint>
			<date type="published" when="1968" />
			<publisher>Wiley</publisher>
		</imprint>
	</monogr>
</biblStruct>

<biblStruct >
	<analytic>
		<title level="a" type="main">Semantic similarity based on corpus statistics and lexical taxonomy</title>
		<author>
			<persName xmlns="http://www.tei-c.org/ns/1.0"><forename type="first">J</forename><surname>Jiang</surname></persName>
		</author>
		<author>
			<persName xmlns="http://www.tei-c.org/ns/1.0"><forename type="first">D</forename><surname>Conrath</surname></persName>
		</author>
	</analytic>
	<monogr>
		<title level="m">Proceedings on International Conference on Research in Computational Linguistics</title>
		<meeting>on International Conference on Research in Computational Linguistics<address><addrLine>Taiwan</addrLine></address></meeting>
		<imprint>
			<date type="published" when="1997" />
			<biblScope unit="page" from="19" to="33" />
		</imprint>
	</monogr>
</biblStruct>

<biblStruct >
	<analytic>
		<title level="a" type="main">A unified sentence space for categorical distributional-compositional semantics: Theory and experiments</title>
		<author>
			<persName xmlns="http://www.tei-c.org/ns/1.0"><forename type="first">D</forename><surname>Kartsaklis</surname></persName>
		</author>
		<author>
			<persName xmlns="http://www.tei-c.org/ns/1.0"><forename type="first">M</forename><surname>Sadrzadeh</surname></persName>
		</author>
		<author>
			<persName xmlns="http://www.tei-c.org/ns/1.0"><forename type="first">Pulman</forename></persName>
		</author>
		<author>
			<persName xmlns="http://www.tei-c.org/ns/1.0"><forename type="first">S</forename></persName>
		</author>
	</analytic>
	<monogr>
		<title level="m">Proceedings of 24th International Conference on Computational Linguistics (COLING 2012): Posters</title>
		<meeting>24th International Conference on Computational Linguistics (COLING 2012): Posters<address><addrLine>Mumbai, India</addrLine></address></meeting>
		<imprint>
			<date type="published" when="2012" />
			<biblScope unit="page" from="549" to="558" />
		</imprint>
	</monogr>
	<note>The COLING 2012 Organizing Committee</note>
</biblStruct>

<biblStruct >
	<analytic>
		<title level="a" type="main">Separating Disambiguation from Composition in Distributional Semantics</title>
		<author>
			<persName xmlns="http://www.tei-c.org/ns/1.0"><forename type="first">D</forename><surname>Kartsaklis</surname></persName>
		</author>
		<author>
			<persName xmlns="http://www.tei-c.org/ns/1.0"><forename type="first">M</forename><surname>Sadrzadeh</surname></persName>
		</author>
		<author>
			<persName xmlns="http://www.tei-c.org/ns/1.0"><forename type="first">Pulman</forename></persName>
		</author>
		<author>
			<persName xmlns="http://www.tei-c.org/ns/1.0"><forename type="first">S</forename></persName>
		</author>
	</analytic>
	<monogr>
		<title level="m">Proceedings of 17th Conference on Computational Natural Language Learning (CoNLL-2013)</title>
		<editor>Kintsch, W.</editor>
		<meeting>17th Conference on Computational Natural Language Learning (CoNLL-2013)<address><addrLine>Sofia, Bulgaria</addrLine></address></meeting>
		<imprint>
			<date type="published" when="2001" />
			<biblScope unit="volume">25</biblScope>
			<biblScope unit="page" from="173" to="202" />
		</imprint>
	</monogr>
</biblStruct>

<biblStruct >
	<analytic>
		<title level="a" type="main">A Solution to Plato&apos;s Problem: The Latent Semantic Analysis Theory of Acquision, Induction, and Representation of Knowledge</title>
		<author>
			<persName xmlns="http://www.tei-c.org/ns/1.0"><forename type="first">T</forename><surname>Landauer</surname></persName>
		</author>
		<author>
			<persName xmlns="http://www.tei-c.org/ns/1.0"><forename type="first">S</forename><surname>Dumais</surname></persName>
		</author>
	</analytic>
	<monogr>
		<title level="j">Psychological Review</title>
		<imprint>
			<date type="published" when="1997" />
		</imprint>
	</monogr>
</biblStruct>

<biblStruct >
	<analytic>
		<title level="a" type="main">Semeval-2010 task 14: Word sense induction &amp; disambiguation</title>
		<author>
			<persName xmlns="http://www.tei-c.org/ns/1.0"><forename type="first">S</forename><surname>Manandhar</surname></persName>
		</author>
		<author>
			<persName xmlns="http://www.tei-c.org/ns/1.0"><forename type="first">I</forename><surname>Klapaftis</surname></persName>
		</author>
		<author>
			<persName xmlns="http://www.tei-c.org/ns/1.0"><forename type="first">D</forename><surname>Dligach</surname></persName>
		</author>
		<author>
			<persName xmlns="http://www.tei-c.org/ns/1.0"><forename type="first">Pradhan</forename></persName>
		</author>
		<author>
			<persName xmlns="http://www.tei-c.org/ns/1.0"><forename type="first">S</forename></persName>
		</author>
	</analytic>
	<monogr>
		<title level="m">Proceedings of the 5th International Workshop on Semantic Evaluation</title>
		<meeting>the 5th International Workshop on Semantic Evaluation</meeting>
		<imprint>
			<publisher>Association for Computational Linguistics</publisher>
			<date type="published" when="2010" />
			<biblScope unit="page" from="63" to="68" />
		</imprint>
	</monogr>
</biblStruct>

<biblStruct >
	<monogr>
		<title level="m" type="main">Introduction to Information Retrieval</title>
		<author>
			<persName xmlns="http://www.tei-c.org/ns/1.0"><forename type="first">C</forename><surname>Manning</surname></persName>
		</author>
		<author>
			<persName xmlns="http://www.tei-c.org/ns/1.0"><forename type="first">P</forename><surname>Raghavan</surname></persName>
		</author>
		<author>
			<persName xmlns="http://www.tei-c.org/ns/1.0"><forename type="first">H</forename><surname>Schütze</surname></persName>
		</author>
		<imprint>
			<date type="published" when="2008" />
			<publisher>Cambridge University Press</publisher>
		</imprint>
	</monogr>
</biblStruct>

<biblStruct >
	<analytic>
		<title level="a" type="main">Vector-based Models of Semantic Composition</title>
		<author>
			<persName xmlns="http://www.tei-c.org/ns/1.0"><forename type="first">J</forename><surname>Mitchell</surname></persName>
		</author>
		<author>
			<persName xmlns="http://www.tei-c.org/ns/1.0"><forename type="first">M</forename><surname>Lapata</surname></persName>
		</author>
	</analytic>
	<monogr>
		<title level="m">Proceedings of the 46th Annual Meeting of the Association for Computational Linguistics</title>
		<meeting>the 46th Annual Meeting of the Association for Computational Linguistics</meeting>
		<imprint>
			<date type="published" when="2008" />
			<biblScope unit="page" from="236" to="244" />
		</imprint>
	</monogr>
</biblStruct>

<biblStruct >
	<analytic>
		<title level="a" type="main">Composition in distributional models of semantics</title>
		<author>
			<persName xmlns="http://www.tei-c.org/ns/1.0"><forename type="first">J</forename><surname>Mitchell</surname></persName>
		</author>
		<author>
			<persName xmlns="http://www.tei-c.org/ns/1.0"><forename type="first">M</forename><surname>Lapata</surname></persName>
		</author>
	</analytic>
	<monogr>
		<title level="j">Cognitive Science</title>
		<imprint>
			<biblScope unit="volume">34</biblScope>
			<biblScope unit="issue">8</biblScope>
			<biblScope unit="page" from="1388" to="1439" />
			<date type="published" when="2010" />
		</imprint>
	</monogr>
</biblStruct>

<biblStruct >
	<analytic>
		<title level="a" type="main">fastcluster: Fast Hierarchical Clustering Routines for R and Python</title>
		<author>
			<persName xmlns="http://www.tei-c.org/ns/1.0"><forename type="first">D</forename><surname>Müllner</surname></persName>
		</author>
	</analytic>
	<monogr>
		<title level="j">Journal of Statistical Software</title>
		<imprint>
			<biblScope unit="volume">9</biblScope>
			<biblScope unit="issue">53</biblScope>
			<biblScope unit="page" from="1" to="18" />
			<date type="published" when="2013" />
		</imprint>
	</monogr>
</biblStruct>

<biblStruct >
	<analytic>
		<title level="a" type="main">Processing ambiguous verbs: Evidence from eye movements</title>
		<author>
			<persName xmlns="http://www.tei-c.org/ns/1.0"><forename type="first">M</forename><surname>Pickering</surname></persName>
		</author>
		<author>
			<persName xmlns="http://www.tei-c.org/ns/1.0"><forename type="first">S</forename><surname>Frisson</surname></persName>
		</author>
	</analytic>
	<monogr>
		<title level="j">Journal of Experimental Psychology: Learning, Memory, and Cognition</title>
		<imprint>
			<biblScope unit="volume">27</biblScope>
			<biblScope unit="issue">2</biblScope>
			<biblScope unit="page">556</biblScope>
			<date type="published" when="2001" />
		</imprint>
	</monogr>
</biblStruct>

<biblStruct >
	<analytic>
		<title level="a" type="main">Combining Compositional and Distributional Models of Semantics</title>
		<author>
			<persName xmlns="http://www.tei-c.org/ns/1.0"><forename type="first">S</forename><surname>Pulman</surname></persName>
		</author>
	</analytic>
	<monogr>
		<title level="m">Quantum Physics and Linguistics: A Compositional, Diagrammatic Discourse</title>
		<editor>Heunen, C., Sadrzadeh, M., and Grefenstette, E.</editor>
		<imprint>
			<publisher>Oxford University Press</publisher>
			<date type="published" when="2013" />
		</imprint>
	</monogr>
</biblStruct>

<biblStruct >
	<analytic>
		<title level="a" type="main">Dynamic and static prototype vectors for semantic composition</title>
		<author>
			<persName xmlns="http://www.tei-c.org/ns/1.0"><forename type="first">S</forename><surname>Reddy</surname></persName>
		</author>
		<author>
			<persName xmlns="http://www.tei-c.org/ns/1.0"><forename type="first">I</forename><surname>Klapaftis</surname></persName>
		</author>
		<author>
			<persName xmlns="http://www.tei-c.org/ns/1.0"><forename type="first">D</forename><surname>Mccarthy</surname></persName>
		</author>
		<author>
			<persName xmlns="http://www.tei-c.org/ns/1.0"><forename type="first">S</forename><surname>Manandhar</surname></persName>
		</author>
	</analytic>
	<monogr>
		<title level="m">Proceedings of 5th International Joint Conference on Natural Language Processing</title>
		<meeting>5th International Joint Conference on Natural Language Processing</meeting>
		<imprint>
			<date type="published" when="2011" />
			<biblScope unit="page" from="705" to="713" />
		</imprint>
	</monogr>
</biblStruct>

<biblStruct >
	<analytic>
		<title level="a" type="main">Vmeasure: A conditional entropy-based external cluster evaluation measure</title>
		<author>
			<persName xmlns="http://www.tei-c.org/ns/1.0"><forename type="first">A</forename><surname>Rosenberg</surname></persName>
		</author>
		<author>
			<persName xmlns="http://www.tei-c.org/ns/1.0"><forename type="first">J</forename><surname>Hirschberg</surname></persName>
		</author>
	</analytic>
	<monogr>
		<title level="m">Proceedings of the 2007 Joint Conference on Empirical Methods in Natural Language Processing and Computational Natural Language Learning</title>
		<meeting>the 2007 Joint Conference on Empirical Methods in Natural Language Processing and Computational Natural Language Learning</meeting>
		<imprint>
			<date type="published" when="2007" />
			<biblScope unit="page" from="410" to="420" />
		</imprint>
	</monogr>
</biblStruct>

<biblStruct >
	<analytic>
		<title level="a" type="main">Automatic Word Sense Discrimination</title>
		<author>
			<persName xmlns="http://www.tei-c.org/ns/1.0"><forename type="first">H</forename><surname>Schütze</surname></persName>
		</author>
	</analytic>
	<monogr>
		<title level="j">Computational Linguistics</title>
		<imprint>
			<biblScope unit="volume">24</biblScope>
			<biblScope unit="page" from="97" to="123" />
			<date type="published" when="1998" />
		</imprint>
	</monogr>
</biblStruct>

			</listBibl>
		</back>
	</text>
</TEI>
