<?xml version="1.0" ?>
<TEI xmlns="http://www.tei-c.org/ns/1.0" xmlns:xlink="http://www.w3.org/1999/xlink" 
 xmlns:mml="http://www.w3.org/1998/Math/MathML">
	<teiHeader>
		<fileDesc xml:id="f_186"/>
	</teiHeader>
	<text>
		<front/>
		<body/>
		<back>
			<listBibl>
<biblStruct >
	<analytic>
		<title level="a" type="main">Automatic generation of Tamil lyrics for melodies</title>
		<author>
			<persName xmlns="http://www.tei-c.org/ns/1.0"><forename type="first">A</forename><surname>Ananth Ramakrishnan</surname></persName>
		</author>
		<author>
			<persName xmlns="http://www.tei-c.org/ns/1.0"><forename type="first">Lalitha Devi</forename><surname>Sankar Kuppan</surname></persName>
		</author>
		<author>
			<persName xmlns="http://www.tei-c.org/ns/1.0"><surname>Sobha</surname></persName>
		</author>
	</analytic>
	<monogr>
		<title level="m">Workshop on Computational Approaches to Linguistic Creativity (CALC-09)</title>
		<imprint/>
	</monogr>
</biblStruct>

<biblStruct >
	<analytic>
		<title level="a" type="main">Unsupervised rhyme scheme identification in hip hop lyrics using hidden Markov models</title>
		<author>
			<persName xmlns="http://www.tei-c.org/ns/1.0"><forename type="first">Karteek</forename><surname>Addanki</surname></persName>
		</author>
		<author>
			<persName xmlns="http://www.tei-c.org/ns/1.0"><forename type="first">Dekai</forename><surname>Wu</surname></persName>
		</author>
	</analytic>
	<monogr>
		<title level="m">1st International Conference on Statistical Language and Speech Processing</title>
		<imprint>
			<date type="published" when="2013" />
		</imprint>
	</monogr>
</biblStruct>

<biblStruct >
	<analytic>
		<title level="a" type="main">Markov constraints for generating lyrics with style</title>
		<author>
			<persName xmlns="http://www.tei-c.org/ns/1.0"><forename type="first">Gabriele</forename><surname>Barbieri</surname></persName>
		</author>
		<author>
			<persName xmlns="http://www.tei-c.org/ns/1.0"><forename type="first">François</forename><surname>Pachet</surname></persName>
		</author>
		<author>
			<persName xmlns="http://www.tei-c.org/ns/1.0"><forename type="first">Pierre</forename><surname>Roy</surname></persName>
		</author>
		<author>
			<persName xmlns="http://www.tei-c.org/ns/1.0"><forename type="first">Mirko Degli</forename><surname>Esposti</surname></persName>
		</author>
	</analytic>
	<monogr>
		<title level="m">20th European Conference on Artificial Intelligence</title>
		<imprint>
			<date type="published" when="2012" />
		</imprint>
	</monogr>
</biblStruct>

<biblStruct >
	<analytic>
		<title level="a" type="main">Hierarchical phrase-based translation</title>
		<author>
			<persName xmlns="http://www.tei-c.org/ns/1.0"><forename type="first">David</forename><surname>Chiang</surname></persName>
		</author>
	</analytic>
	<monogr>
		<title level="j">Computational Linguistics</title>
		<imprint>
			<biblScope unit="volume">33</biblScope>
			<biblScope unit="issue">2</biblScope>
			<date type="published" when="2007" />
		</imprint>
	</monogr>
</biblStruct>

<biblStruct >
	<monogr>
		<title level="m" type="main">Programming languages and their compilers: Preliminary notes</title>
		<author>
			<persName xmlns="http://www.tei-c.org/ns/1.0"><forename type="first">John</forename><surname>Cocke</surname></persName>
		</author>
		<imprint>
			<date type="published" when="1969" />
		</imprint>
		<respStmt>
			<orgName>Courant Institute of Mathematical Sciences, New York University</orgName>
		</respStmt>
	</monogr>
</biblStruct>

<biblStruct >
	<analytic>
		<title level="a" type="main">Baum&apos;s forward-backward algorithm revisited</title>
		<author>
			<persName xmlns="http://www.tei-c.org/ns/1.0"><forename type="first">P</forename><forename type="middle">A</forename><surname>Devijer</surname></persName>
		</author>
	</analytic>
	<monogr>
		<title level="j">Pattern Recognition Letters</title>
		<imprint>
			<biblScope unit="volume">3</biblScope>
			<biblScope unit="issue">6</biblScope>
			<date type="published" when="1985" />
		</imprint>
	</monogr>
</biblStruct>

<biblStruct >
	<analytic>
		<title level="a" type="main">Poetic statistical machine translation: rhyme and meter</title>
		<author>
			<persName xmlns="http://www.tei-c.org/ns/1.0"><forename type="first">D</forename><surname>Genzel</surname></persName>
		</author>
		<author>
			<persName xmlns="http://www.tei-c.org/ns/1.0"><forename type="first">J</forename><surname>Uszkoreit</surname></persName>
		</author>
		<author>
			<persName xmlns="http://www.tei-c.org/ns/1.0"><forename type="first">F</forename><surname>Och</surname></persName>
		</author>
	</analytic>
	<monogr>
		<title level="m">Conference on Empirical Methods in Natural Language Processing (EMNLP 2010). Association for Computational Linguistics</title>
		<imprint>
			<date type="published" when="2010" />
		</imprint>
	</monogr>
</biblStruct>

<biblStruct >
	<analytic>
		<title level="a" type="main">Automatic analysis of rhythmic poetry with applications to generation and translation</title>
		<author>
			<persName xmlns="http://www.tei-c.org/ns/1.0"><forename type="first">E</forename><surname>Greene</surname></persName>
		</author>
		<author>
			<persName xmlns="http://www.tei-c.org/ns/1.0"><forename type="first">T</forename><surname>Bodrumlu</surname></persName>
		</author>
		<author>
			<persName xmlns="http://www.tei-c.org/ns/1.0"><forename type="first">K</forename><surname>Knight</surname></persName>
		</author>
	</analytic>
	<monogr>
		<title level="m">Conference on Empirical Methods in Natural Language Processing (EMNLP 2010). Association for Computational Linguistics</title>
		<imprint>
			<date type="published" when="2010" />
		</imprint>
	</monogr>
</biblStruct>

<biblStruct >
	<analytic>
		<title level="a" type="main">Generating Chinese couplets using a statistical MT approach</title>
		<author>
			<persName xmlns="http://www.tei-c.org/ns/1.0"><forename type="first">Long</forename><surname>Jiang</surname></persName>
		</author>
		<author>
			<persName xmlns="http://www.tei-c.org/ns/1.0"><forename type="first">Ming</forename><surname>Zhou</surname></persName>
		</author>
	</analytic>
	<monogr>
		<title level="m">22nd International Conference on Computational Linguistics</title>
		<imprint>
			<date type="published" when="2008" />
		</imprint>
	</monogr>
</biblStruct>

<biblStruct >
	<analytic>
		<title level="a" type="main">Moses: Open source toolkit for statistical machine translation</title>
		<author>
			<persName xmlns="http://www.tei-c.org/ns/1.0"><forename type="first">Philipp</forename><surname>Koehn</surname></persName>
		</author>
		<author>
			<persName xmlns="http://www.tei-c.org/ns/1.0"><forename type="first">Hieu</forename><surname>Hoang</surname></persName>
		</author>
		<author>
			<persName xmlns="http://www.tei-c.org/ns/1.0"><forename type="first">Alexandra</forename><surname>Birch</surname></persName>
		</author>
		<author>
			<persName xmlns="http://www.tei-c.org/ns/1.0"><forename type="first">Chris</forename><surname>Callison-Burch</surname></persName>
		</author>
		<author>
			<persName xmlns="http://www.tei-c.org/ns/1.0"><forename type="first">Marcello</forename><surname>Federico</surname></persName>
		</author>
		<author>
			<persName xmlns="http://www.tei-c.org/ns/1.0"><forename type="first">Nicola</forename><surname>Bertoldi</surname></persName>
		</author>
		<author>
			<persName xmlns="http://www.tei-c.org/ns/1.0"><forename type="first">Brooke</forename><surname>Cowan</surname></persName>
		</author>
		<author>
			<persName xmlns="http://www.tei-c.org/ns/1.0"><forename type="first">Wade</forename><surname>Shen</surname></persName>
		</author>
		<author>
			<persName xmlns="http://www.tei-c.org/ns/1.0"><forename type="first">Christine</forename><surname>Moran</surname></persName>
		</author>
		<author>
			<persName xmlns="http://www.tei-c.org/ns/1.0"><forename type="first">Richard</forename><surname>Zens</surname></persName>
		</author>
		<author>
			<persName xmlns="http://www.tei-c.org/ns/1.0"><forename type="first">Chris</forename><surname>Dyer</surname></persName>
		</author>
		<author>
			<persName xmlns="http://www.tei-c.org/ns/1.0"><forename type="first">Ondrej</forename><surname>Bojar</surname></persName>
		</author>
		<author>
			<persName xmlns="http://www.tei-c.org/ns/1.0"><forename type="first">Alexandra</forename><surname>Constantin</surname></persName>
		</author>
		<author>
			<persName xmlns="http://www.tei-c.org/ns/1.0"><forename type="first">Evan</forename><surname>Herbst</surname></persName>
		</author>
	</analytic>
	<monogr>
		<title level="m">Interactive Poster and Demonstration Sessions of the 45th Annual Meeting of the Association for Computational Linguistics (ACL</title>
		<imprint>
			<date type="published" when="2007-06" />
		</imprint>
	</monogr>
</biblStruct>

<biblStruct >
	<monogr>
		<title level="m" type="main">Rap scholarship, rap meter, and the anthology of mondegreens</title>
		<author>
			<persName xmlns="http://www.tei-c.org/ns/1.0"><forename type="first">Mark</forename><surname>Liberman</surname></persName>
		</author>
		<ptr target="http://languagelog.ldc.upenn.edu/nll/?p=2824" />
		<imprint>
			<date type="published" when="2010-12" />
			<biblScope unit="page" from="2013" to="2019" />
		</imprint>
	</monogr>
</biblStruct>

<biblStruct >
	<analytic>
		<title level="a" type="main">Minimum error rate training in statistical machine translation</title>
		<author>
			<persName xmlns="http://www.tei-c.org/ns/1.0"><forename type="first">Franz Josef</forename><surname>Och</surname></persName>
		</author>
	</analytic>
	<monogr>
		<title level="m">41st Annual Meeting of the Association for Computational Linguistics (ACL2003)</title>
		<imprint>
			<date type="published" when="2003-07" />
		</imprint>
	</monogr>
</biblStruct>

<biblStruct >
	<analytic>
		<title level="a" type="main">BLEU: a method for automatic evaluation of machine translation</title>
		<author>
			<persName xmlns="http://www.tei-c.org/ns/1.0"><forename type="first">Kishore</forename><surname>Papineni</surname></persName>
		</author>
		<author>
			<persName xmlns="http://www.tei-c.org/ns/1.0"><forename type="first">Salim</forename><surname>Roukos</surname></persName>
		</author>
		<author>
			<persName xmlns="http://www.tei-c.org/ns/1.0"><forename type="first">Todd</forename><surname>Ward</surname></persName>
		</author>
		<author>
			<persName xmlns="http://www.tei-c.org/ns/1.0"><forename type="first">Wei-Jing</forename><surname>Zhu</surname></persName>
		</author>
	</analytic>
	<monogr>
		<title level="m">40th Annual Meeting of the Association for Computational Linguistics (ACL02)</title>
		<imprint>
			<date type="published" when="2002-07" />
		</imprint>
	</monogr>
</biblStruct>

<biblStruct >
	<analytic>
		<title level="a" type="main">Unsupervised discovery of rhyme schemes</title>
		<author>
			<persName xmlns="http://www.tei-c.org/ns/1.0"><forename type="first">S</forename><surname>Reddy</surname></persName>
		</author>
		<author>
			<persName xmlns="http://www.tei-c.org/ns/1.0"><forename type="first">K</forename><surname>Knight</surname></persName>
		</author>
	</analytic>
	<monogr>
		<title level="m">49th Annual Meeting of the Association for Computational Linguistics: Human Language Technologies (ACL HLT 2011)</title>
		<imprint>
			<publisher>Association for Computational Linguistics</publisher>
			<date type="published" when="2011" />
			<biblScope unit="volume">2</biblScope>
		</imprint>
	</monogr>
</biblStruct>

<biblStruct >
	<analytic>
		<title level="a" type="main">A universal prior for integers and estimation by minimum description length</title>
		<author>
			<persName xmlns="http://www.tei-c.org/ns/1.0"><forename type="first">Jorma</forename><surname>Rissanen</surname></persName>
		</author>
	</analytic>
	<monogr>
		<title level="j">The Annals of Statistics</title>
		<imprint>
			<biblScope unit="volume">11</biblScope>
			<biblScope unit="issue">2</biblScope>
			<date type="published" when="1983-06" />
		</imprint>
	</monogr>
</biblStruct>

<biblStruct >
	<analytic>
		<title level="a" type="main">From finite-state to inversion transductions: Toward unsupervised bilingual grammar induction</title>
		<author>
			<persName xmlns="http://www.tei-c.org/ns/1.0"><forename type="first">Markus</forename><surname>Saers</surname></persName>
		</author>
		<author>
			<persName xmlns="http://www.tei-c.org/ns/1.0"><forename type="first">Karteek</forename><surname>Addanki</surname></persName>
		</author>
		<author>
			<persName xmlns="http://www.tei-c.org/ns/1.0"><forename type="first">Dekai</forename><surname>Wu</surname></persName>
		</author>
	</analytic>
	<monogr>
		<title level="m">24th International Conference on Computational Linguistics</title>
		<imprint>
			<date type="published" when="2012-12" />
		</imprint>
	</monogr>
</biblStruct>

<biblStruct >
	<analytic>
		<title level="a" type="main">Combining top-down and bottom-up search for unsupervised induction of transduction grammars</title>
		<author>
			<persName xmlns="http://www.tei-c.org/ns/1.0"><forename type="first">Markus</forename><surname>Saers</surname></persName>
		</author>
		<author>
			<persName xmlns="http://www.tei-c.org/ns/1.0"><forename type="first">Karteek</forename><surname>Addanki</surname></persName>
		</author>
		<author>
			<persName xmlns="http://www.tei-c.org/ns/1.0"><forename type="first">Dekai</forename><surname>Wu</surname></persName>
		</author>
	</analytic>
	<monogr>
		<title level="m">Seventh Workshop on Syntax, Semantics and Structure in Statistical Translation</title>
		<imprint>
			<date type="published" when="2013-06" />
		</imprint>
	</monogr>
</biblStruct>

<biblStruct >
	<analytic>
		<title level="a" type="main">Reestimation of reified rules in semiring parsing and biparsing</title>
		<author>
			<persName xmlns="http://www.tei-c.org/ns/1.0"><forename type="first">Markus</forename><surname>Saers</surname></persName>
		</author>
		<author>
			<persName xmlns="http://www.tei-c.org/ns/1.0"><forename type="first">Dekai</forename><surname>Wu</surname></persName>
		</author>
	</analytic>
	<monogr>
		<title level="m">Fifth Workshop on Syntax, Semantics and Structure in Statistical Translation (SSST-5)</title>
		<imprint>
			<publisher>Association for Computational Linguistics</publisher>
			<date type="published" when="2011-06" />
		</imprint>
	</monogr>
</biblStruct>

<biblStruct >
	<monogr>
		<title level="m" type="main">A new method for discovering the grammars of phrase structure languages</title>
		<author>
			<persName xmlns="http://www.tei-c.org/ns/1.0"><forename type="first">J</forename><surname>Ray</surname></persName>
		</author>
		<author>
			<persName xmlns="http://www.tei-c.org/ns/1.0"><surname>Solomonoff</surname></persName>
		</author>
		<imprint>
			<date type="published" when="1959" />
		</imprint>
	</monogr>
	<note>International Federation for Information Processing Congress (IFIP)</note>
</biblStruct>

<biblStruct >
	<analytic>
		<title level="a" type="main">Applications of graph theory to an English rhyming corpus</title>
		<author>
			<persName xmlns="http://www.tei-c.org/ns/1.0"><forename type="first">M</forename><surname>Sonderegger</surname></persName>
		</author>
	</analytic>
	<monogr>
		<title level="j">Computer Speech &amp; Language</title>
		<imprint>
			<biblScope unit="volume">25</biblScope>
			<biblScope unit="issue">3</biblScope>
			<date type="published" when="2011" />
		</imprint>
	</monogr>
</biblStruct>

<biblStruct >
	<analytic>
		<title level="a" type="main">SRILM-an extensible language modeling toolkit</title>
		<author>
			<persName xmlns="http://www.tei-c.org/ns/1.0"><forename type="first">Andreas</forename><surname>Stolcke</surname></persName>
		</author>
		<idno>ICSLP2002 -INTER- SPEECH 2002</idno>
	</analytic>
	<monogr>
		<title level="m">7th International Conference on Spoken Language Processing</title>
		<imprint>
			<date type="published" when="2002-09" />
		</imprint>
	</monogr>
</biblStruct>

<biblStruct >
	<analytic>
		<title level="a" type="main">A polynomial-time algorithm for statistical machine translation</title>
		<author>
			<persName xmlns="http://www.tei-c.org/ns/1.0"><forename type="first">Dekai</forename><surname>Wu</surname></persName>
		</author>
	</analytic>
	<monogr>
		<title level="m">34th Annual Meeting of the Association for Computational Linguistics (ACL96)</title>
		<imprint/>
	</monogr>
</biblStruct>

<biblStruct >
	<analytic>
		<title level="a" type="main">Stochastic inversion transduction grammars and bilingual parsing of parallel corpora</title>
		<author>
			<persName xmlns="http://www.tei-c.org/ns/1.0"><forename type="first">Dekai</forename><surname>Wu</surname></persName>
		</author>
	</analytic>
	<monogr>
		<title level="j">Computational Linguistics</title>
		<imprint>
			<biblScope unit="volume">23</biblScope>
			<biblScope unit="issue">3</biblScope>
			<date type="published" when="1997" />
		</imprint>
	</monogr>
</biblStruct>

<biblStruct >
	<analytic>
		<title level="a" type="main">Evaluating Predictive Uncertainty, Visual Object Classification and Recognizing Textual Entailment</title>
		<author>
			<persName xmlns="http://www.tei-c.org/ns/1.0"><forename type="first">Dekai</forename><surname>Wu</surname></persName>
		</author>
	</analytic>
	<monogr>
		<title level="m">First PASCAL Machine Learning Challenges Workshop (MLCW 2005)</title>
		<editor>Ido Dagan, Bernardo Magnini, and Florence d&apos;Alché Buc</editor>
		<imprint>
			<publisher>Springer</publisher>
			<date type="published" when="2006" />
			<biblScope unit="volume">3944</biblScope>
		</imprint>
	</monogr>
	<note>Joaquin QuiñoneroCandela</note>
</biblStruct>

<biblStruct >
	<analytic>
		<title level="a" type="main">FREESTYLE: A challenge-response system for hip hop lyrics via unsupervised induction of stochastic transduction grammars</title>
		<author>
			<persName xmlns="http://www.tei-c.org/ns/1.0"><forename type="first">Dekai</forename><surname>Wu</surname></persName>
		</author>
		<author>
			<persName xmlns="http://www.tei-c.org/ns/1.0"><forename type="first">Karteek</forename><surname>Addanki</surname></persName>
		</author>
		<author>
			<persName xmlns="http://www.tei-c.org/ns/1.0"><forename type="first">Markus</forename><surname>Saers</surname></persName>
		</author>
	</analytic>
	<monogr>
		<title level="m">14th Annual Conference of the International Speech Communication Association</title>
		<imprint>
			<date type="published" when="2013" />
		</imprint>
	</monogr>
	<note>Interspeech</note>
</biblStruct>

<biblStruct >
	<analytic>
		<title level="a" type="main">Modeling hip hop challenge-response lyrics as machine translation</title>
		<author>
			<persName xmlns="http://www.tei-c.org/ns/1.0"><forename type="first">Dekai</forename><surname>Wu</surname></persName>
		</author>
		<author>
			<persName xmlns="http://www.tei-c.org/ns/1.0"><forename type="first">Karteek</forename><surname>Addanki</surname></persName>
		</author>
		<author>
			<persName xmlns="http://www.tei-c.org/ns/1.0"><forename type="first">Markus</forename><surname>Saers</surname></persName>
		</author>
	</analytic>
	<monogr>
		<title level="m">14th Machine Translation Summit (MT Summit XIV)</title>
		<imprint>
			<date type="published" when="2013" />
		</imprint>
	</monogr>
</biblStruct>

<biblStruct >
	<analytic>
		<title level="a" type="main">Inversion transduction grammar constraints for mining parallel sentences from quasi-comparable corpora</title>
		<author>
			<persName xmlns="http://www.tei-c.org/ns/1.0"><forename type="first">Dekai</forename><surname>Wu</surname></persName>
		</author>
		<author>
			<persName xmlns="http://www.tei-c.org/ns/1.0"><forename type="first">Pascale</forename><surname>Fung</surname></persName>
		</author>
	</analytic>
	<monogr>
		<title level="m">Second International Joint Conference on Natural Language Processing</title>
		<imprint>
			<publisher>Springer</publisher>
			<date type="published" when="2005" />
		</imprint>
	</monogr>
	<note>IJCNLP</note>
</biblStruct>

<biblStruct >
	<analytic>
		<title level="a" type="main">A comparative study on reordering constraints in statistical machine translation</title>
		<author>
			<persName xmlns="http://www.tei-c.org/ns/1.0"><forename type="first">Richard</forename><surname>Zens</surname></persName>
		</author>
		<author>
			<persName xmlns="http://www.tei-c.org/ns/1.0"><forename type="first">Hermann</forename><surname>Ney</surname></persName>
		</author>
	</analytic>
	<monogr>
		<title level="m">41st Annual Meeting of the Association for Computational Linguistics (ACL-2003)</title>
		<imprint>
			<publisher>Association for Computational Linguistics</publisher>
			<date type="published" when="2003" />
		</imprint>
	</monogr>
</biblStruct>

			</listBibl>
		</back>
	</text>
</TEI>
