<?xml version="1.0" ?>
<TEI xmlns="http://www.tei-c.org/ns/1.0" xmlns:xlink="http://www.w3.org/1999/xlink" 
 xmlns:mml="http://www.w3.org/1998/Math/MathML">
	<teiHeader>
		<fileDesc xml:id="f_1191"/>
	</teiHeader>
	<text>
		<front/>
		<body/>
		<back>
			<listBibl>
<biblStruct >
	<analytic>
		<title level="a" type="main">POS-Tag Based Poetry Generation with WordNet</title>
		<author>
			<persName xmlns="http://www.tei-c.org/ns/1.0"><forename type="first">Manex</forename><surname>Agirrezabal</surname></persName>
		</author>
		<author>
			<persName xmlns="http://www.tei-c.org/ns/1.0"><forename type="first">Bertol</forename><surname>Arrieta</surname></persName>
		</author>
	</analytic>
	<monogr>
		<title level="m">Proceedings of the 14th European Workshop on Natural Language Generation</title>
		<meeting>the 14th European Workshop on Natural Language Generation<address><addrLine>Sofia, Bulgaria</addrLine></address></meeting>
		<imprint>
			<date type="published" when="2013" />
			<biblScope unit="page" from="162" to="166" />
		</imprint>
	</monogr>
	<note>Aitzol Astigarraga, and Mans Hulden</note>
</biblStruct>

<biblStruct >
	<analytic>
		<title level="a" type="main">Joint Language and Translation Modeling with Recurrent Neural Networks</title>
		<author>
			<persName xmlns="http://www.tei-c.org/ns/1.0"><forename type="first">Michael</forename><surname>Auli</surname></persName>
		</author>
		<author>
			<persName xmlns="http://www.tei-c.org/ns/1.0"><forename type="first">Michel</forename><surname>Galley</surname></persName>
		</author>
		<author>
			<persName xmlns="http://www.tei-c.org/ns/1.0"><forename type="first">Chris</forename><surname>Quirk</surname></persName>
		</author>
		<author>
			<persName xmlns="http://www.tei-c.org/ns/1.0"><forename type="first">Geoffrey</forename><surname>Zweig</surname></persName>
		</author>
	</analytic>
	<monogr>
		<title level="m">Proceedings of the 2013 Conference on Empirical Methods in Natural Language Processing</title>
		<meeting>the 2013 Conference on Empirical Methods in Natural Language Processing<address><addrLine>Seattle, Washington, USA</addrLine></address></meeting>
		<imprint>
			<date type="published" when="2013" />
			<biblScope unit="page" from="1044" to="1054" />
		</imprint>
	</monogr>
</biblStruct>

<biblStruct >
	<analytic>
		<title level="a" type="main">Findings of the 2012 Workshop on Statistical Machine Translation</title>
		<author>
			<persName xmlns="http://www.tei-c.org/ns/1.0"><forename type="first">Chris</forename><surname>Callison-Burch</surname></persName>
		</author>
		<author>
			<persName xmlns="http://www.tei-c.org/ns/1.0"><forename type="first">Philipp</forename><surname>Koehn</surname></persName>
		</author>
		<author>
			<persName xmlns="http://www.tei-c.org/ns/1.0"><forename type="first">Christof</forename><surname>Monz</surname></persName>
		</author>
		<author>
			<persName xmlns="http://www.tei-c.org/ns/1.0"><forename type="first">Matt</forename><surname>Post</surname></persName>
		</author>
		<author>
			<persName xmlns="http://www.tei-c.org/ns/1.0"><forename type="first">Radu</forename><surname>Soricut</surname></persName>
		</author>
		<author>
			<persName xmlns="http://www.tei-c.org/ns/1.0"><forename type="first">Lucia</forename><surname>Specia</surname></persName>
		</author>
	</analytic>
	<monogr>
		<title level="m">Proceedings of the 7th Workshop on Statistical Machine Translation</title>
		<meeting>the 7th Workshop on Statistical Machine Translation<address><addrLine>Montréal, Canada</addrLine></address></meeting>
		<imprint>
			<date type="published" when="2012" />
			<biblScope unit="page" from="10" to="51" />
		</imprint>
	</monogr>
</biblStruct>

<biblStruct >
	<analytic>
		<title level="a" type="main">Full-FACE Poetry Generation</title>
		<author>
			<persName xmlns="http://www.tei-c.org/ns/1.0"><forename type="first">Simon</forename><surname>Colton</surname></persName>
		</author>
		<author>
			<persName xmlns="http://www.tei-c.org/ns/1.0"><forename type="first">Jacob</forename><surname>Goodwin</surname></persName>
		</author>
		<author>
			<persName xmlns="http://www.tei-c.org/ns/1.0"><forename type="first">Tony</forename><surname>Veale</surname></persName>
		</author>
	</analytic>
	<monogr>
		<title level="m">Proceedings of the International Conference on Computational Creativity</title>
		<meeting>the International Conference on Computational Creativity<address><addrLine>Dublin, Ireland</addrLine></address></meeting>
		<imprint>
			<date type="published" when="2012" />
			<biblScope unit="page" from="95" to="102" />
		</imprint>
	</monogr>
</biblStruct>

<biblStruct >
	<monogr>
		<title level="m" type="main">WordNet: An Electronic Database</title>
		<editor>Christiane Fellbaum</editor>
		<imprint>
			<date type="published" when="1998" />
			<publisher>MIT Press</publisher>
			<pubPlace>Cambridge, MA</pubPlace>
		</imprint>
	</monogr>
</biblStruct>

<biblStruct >
	<analytic>
		<title level="a" type="main">Automatic Analysis of Rhythmic Poetry with Applications to Generation and Translation</title>
		<author>
			<persName xmlns="http://www.tei-c.org/ns/1.0"><forename type="first">Erica</forename><surname>Greene</surname></persName>
		</author>
		<author>
			<persName xmlns="http://www.tei-c.org/ns/1.0"><forename type="first">Tugba</forename><surname>Bodrumlu</surname></persName>
		</author>
		<author>
			<persName xmlns="http://www.tei-c.org/ns/1.0"><forename type="first">Kevin</forename><surname>Knight</surname></persName>
		</author>
	</analytic>
	<monogr>
		<title level="m">Proceedings of the 2010 Conference on Empirical Methods in Natural Language Processing</title>
		<meeting>the 2010 Conference on Empirical Methods in Natural Language Processing<address><addrLine>Cambridge, MA</addrLine></address></meeting>
		<imprint>
			<date type="published" when="2010" />
			<biblScope unit="page" from="524" to="533" />
		</imprint>
	</monogr>
</biblStruct>

<biblStruct >
	<analytic>
		<title level="a" type="main">Generating Chinese Classical Poems with Statistical Machine Translation Models</title>
		<author>
			<persName xmlns="http://www.tei-c.org/ns/1.0"><forename type="first">Jing</forename><surname>He</surname></persName>
		</author>
		<author>
			<persName xmlns="http://www.tei-c.org/ns/1.0"><forename type="first">Ming</forename><surname>Zhou</surname></persName>
		</author>
		<author>
			<persName xmlns="http://www.tei-c.org/ns/1.0"><forename type="first">Long</forename><surname>Jiang</surname></persName>
		</author>
	</analytic>
	<monogr>
		<title level="m">Proceedings of the 26th AAAI Conference on Artificial Intelligence</title>
		<meeting>the 26th AAAI Conference on Artificial Intelligence<address><addrLine>Toronto, Canada</addrLine></address></meeting>
		<imprint>
			<date type="published" when="2012" />
			<biblScope unit="page" from="1650" to="1656" />
		</imprint>
	</monogr>
</biblStruct>

<biblStruct >
	<analytic>
		<title level="a" type="main">KenLM: Faster and Smaller Language Model Queries</title>
		<author>
			<persName xmlns="http://www.tei-c.org/ns/1.0"><forename type="first">Kenneth</forename><surname>Heafield</surname></persName>
		</author>
	</analytic>
	<monogr>
		<title level="m">Proceedings of the EMNLP 2011 Sixth Workshop on Statistical Machine Translation</title>
		<meeting>the EMNLP 2011 Sixth Workshop on Statistical Machine Translation<address><addrLine>Edinburgh, Scotland; United Kingdom</addrLine></address></meeting>
		<imprint>
			<date type="published" when="2011-07" />
			<biblScope unit="page" from="187" to="197" />
		</imprint>
	</monogr>
</biblStruct>

<biblStruct >
	<analytic>
		<title level="a" type="main">Generating Chinese Couplets using a Statistical MT Approach</title>
		<author>
			<persName xmlns="http://www.tei-c.org/ns/1.0"><forename type="first">Long</forename><surname>Jiang</surname></persName>
		</author>
		<author>
			<persName xmlns="http://www.tei-c.org/ns/1.0"><forename type="first">Ming</forename><surname>Zhou</surname></persName>
		</author>
	</analytic>
	<monogr>
		<title level="m">Proceedings of the 22nd International Conference on Computational Linguistics</title>
		<meeting>the 22nd International Conference on Computational Linguistics<address><addrLine>Manchester, UK</addrLine></address></meeting>
		<imprint>
			<date type="published" when="2008-08" />
			<biblScope unit="page" from="377" to="384" />
		</imprint>
	</monogr>
</biblStruct>

<biblStruct >
	<analytic>
		<title level="a" type="main">Recurrent Continuous Translation Models</title>
		<author>
			<persName xmlns="http://www.tei-c.org/ns/1.0"><forename type="first">Nal</forename><surname>Kalchbrenner</surname></persName>
		</author>
		<author>
			<persName xmlns="http://www.tei-c.org/ns/1.0"><forename type="first">Phil</forename><surname>Blunsom</surname></persName>
		</author>
	</analytic>
	<monogr>
		<title level="m">Proceedings of the 2013 Conference on Empirical Methods in Natural Language Processing</title>
		<meeting>the 2013 Conference on Empirical Methods in Natural Language Processing<address><addrLine>Seattle, Washington</addrLine></address></meeting>
		<imprint>
			<date type="published" when="2013" />
			<biblScope unit="page" from="1700" to="1709" />
		</imprint>
	</monogr>
</biblStruct>

<biblStruct >
	<analytic>
		<title level="a" type="main">Statistical Phrase-based Translation</title>
		<author>
			<persName xmlns="http://www.tei-c.org/ns/1.0"><forename type="first">Philipp</forename><surname>Koehn</surname></persName>
		</author>
		<author>
			<persName xmlns="http://www.tei-c.org/ns/1.0"><forename type="first">Franz</forename><forename type="middle">Josef</forename><surname>Och</surname></persName>
		</author>
		<author>
			<persName xmlns="http://www.tei-c.org/ns/1.0"><forename type="first">Daniel</forename><surname>Marcu</surname></persName>
		</author>
	</analytic>
	<monogr>
		<title level="m">Proceedings of the 2003 Conference of the North American Chapter of the Association for Computational Linguistics on Human Language Technology</title>
		<meeting>the 2003 Conference of the North American Chapter of the Association for Computational Linguistics on Human Language Technology<address><addrLine>Edmonton, Canada</addrLine></address></meeting>
		<imprint>
			<date type="published" when="2003" />
			<biblScope unit="volume">1</biblScope>
			<biblScope unit="page" from="48" to="54" />
		</imprint>
	</monogr>
</biblStruct>

<biblStruct >
	<analytic>
		<title level="a" type="main">Using Genetic Algorithms to Create Meaningful Poetic Text</title>
		<author>
			<persName xmlns="http://www.tei-c.org/ns/1.0"><forename type="first">Ruli</forename><surname>Manurung</surname></persName>
		</author>
		<author>
			<persName xmlns="http://www.tei-c.org/ns/1.0"><forename type="first">Graeme</forename><surname>Ritchie</surname></persName>
		</author>
		<author>
			<persName xmlns="http://www.tei-c.org/ns/1.0"><forename type="first">Henry</forename><surname>Thompson</surname></persName>
		</author>
	</analytic>
	<monogr>
		<title level="j">Journal of Experimental Theoretical Artificial Intelligence</title>
		<imprint>
			<biblScope unit="volume">24</biblScope>
			<biblScope unit="issue">1</biblScope>
			<biblScope unit="page" from="43" to="64" />
			<date type="published" when="2012" />
		</imprint>
	</monogr>
</biblStruct>

<biblStruct >
	<monogr>
		<title level="m" type="main">An Evolutionary Algorithm Approach to Poetry Generation</title>
		<author>
			<persName xmlns="http://www.tei-c.org/ns/1.0"><forename type="first">Ruli</forename><surname>Manurung</surname></persName>
		</author>
		<imprint>
			<date type="published" when="2003" />
		</imprint>
		<respStmt>
			<orgName>University of Edinburgh</orgName>
		</respStmt>
	</monogr>
<note type="report_type">Ph.D. thesis</note>
</biblStruct>

<biblStruct >
	<analytic>
		<title level="a" type="main">Context Dependent Recurrent Neural Network Language Model</title>
		<author>
			<persName xmlns="http://www.tei-c.org/ns/1.0"><forename type="first">Tomas</forename><surname>Mikolov</surname></persName>
		</author>
		<author>
			<persName xmlns="http://www.tei-c.org/ns/1.0"><forename type="first">Geoffrey</forename><surname>Zweig</surname></persName>
		</author>
	</analytic>
	<monogr>
		<title level="m">Proceedings of 2012 IEEE Workshop on Spoken Language Technology</title>
		<meeting>2012 IEEE Workshop on Spoken Language Technology<address><addrLine>Miami, Florida</addrLine></address></meeting>
		<imprint>
			<date type="published" when="2012" />
			<biblScope unit="page" from="234" to="239" />
		</imprint>
	</monogr>
</biblStruct>

<biblStruct >
	<analytic>
		<title level="a" type="main">Recurrent Neural Network based Language Model</title>
		<author>
			<persName xmlns="http://www.tei-c.org/ns/1.0"><forename type="first">Tomas</forename><surname>Mikolov</surname></persName>
		</author>
		<author>
			<persName xmlns="http://www.tei-c.org/ns/1.0"><forename type="first">Martin</forename><surname>Karafiát</surname></persName>
		</author>
		<author>
			<persName xmlns="http://www.tei-c.org/ns/1.0"><forename type="first">Lukas</forename><surname>Burget</surname></persName>
		</author>
	</analytic>
	<monogr>
		<title level="m">Proceedings of INTERSPEECH</title>
		<meeting>INTERSPEECH<address><addrLine>Makuhari, Japan</addrLine></address></meeting>
		<imprint>
			<date type="published" when="2010-01" />
			<biblScope unit="page" from="1045" to="1048" />
		</imprint>
	</monogr>
	<note>Cernock`Cernock`y, and Sanjeev Khudanpur</note>
</biblStruct>

<biblStruct >
	<analytic>
		<title level="a" type="main">Strategies for Training Large Scale Neural Network Language Models</title>
		<author>
			<persName xmlns="http://www.tei-c.org/ns/1.0"><forename type="first">Tomas</forename><surname>Mikolov</surname></persName>
		</author>
		<author>
			<persName xmlns="http://www.tei-c.org/ns/1.0"><forename type="first">Anoop</forename><surname>Deoras</surname></persName>
		</author>
		<author>
			<persName xmlns="http://www.tei-c.org/ns/1.0"><forename type="first">Daniel</forename><surname>Povey</surname></persName>
		</author>
		<author>
			<persName xmlns="http://www.tei-c.org/ns/1.0"><forename type="first">Lukas</forename><surname>Burget</surname></persName>
		</author>
	</analytic>
	<monogr>
		<title level="m">Proceedings of ASRU 2011</title>
		<meeting>ASRU 2011<address><addrLine>Hilton Waikoloa Village, Big Island, Hawaii, US</addrLine></address></meeting>
		<imprint>
			<date type="published" when="2011" />
			<biblScope unit="page" from="196" to="201" />
		</imprint>
	</monogr>
</biblStruct>

<biblStruct >
	<analytic>
		<title level="a" type="main">Extensions of Recurrent Neural Network Language Model</title>
		<author>
			<persName xmlns="http://www.tei-c.org/ns/1.0"><forename type="first">Tomas</forename><surname>Mikolov</surname></persName>
		</author>
		<author>
			<persName xmlns="http://www.tei-c.org/ns/1.0"><forename type="first">Stefan</forename><surname>Kombrink</surname></persName>
		</author>
		<author>
			<persName xmlns="http://www.tei-c.org/ns/1.0"><forename type="first">Lukas</forename><surname>Burget</surname></persName>
		</author>
		<author>
			<persName xmlns="http://www.tei-c.org/ns/1.0"><forename type="first">J</forename><forename type="middle">H</forename><surname>Cernocky</surname></persName>
		</author>
		<author>
			<persName xmlns="http://www.tei-c.org/ns/1.0"><forename type="first">Sanjeev</forename><surname>Khudanpur</surname></persName>
		</author>
	</analytic>
	<monogr>
		<title level="m">Proceedings of the 2011 IEEE International Conference on Acoustics, Speech and Signal Processing</title>
		<meeting>the 2011 IEEE International Conference on Acoustics, Speech and Signal Processing<address><addrLine>Prague, Czech Republic</addrLine></address></meeting>
		<imprint>
			<date type="published" when="2011" />
			<biblScope unit="page" from="5528" to="5531" />
		</imprint>
	</monogr>
</biblStruct>

<biblStruct >
	<analytic>
		<title level="a" type="main">Distributed Representations of Words and Phrases and their Compositionality</title>
		<author>
			<persName xmlns="http://www.tei-c.org/ns/1.0"><forename type="first">Tomas</forename><surname>Mikolov</surname></persName>
		</author>
		<author>
			<persName xmlns="http://www.tei-c.org/ns/1.0"><forename type="first">Ilya</forename><surname>Sutskever</surname></persName>
		</author>
		<author>
			<persName xmlns="http://www.tei-c.org/ns/1.0"><forename type="first">Kai</forename><surname>Chen</surname></persName>
		</author>
		<author>
			<persName xmlns="http://www.tei-c.org/ns/1.0"><forename type="first">Greg</forename><forename type="middle">S</forename><surname>Corrado</surname></persName>
		</author>
		<author>
			<persName xmlns="http://www.tei-c.org/ns/1.0"><forename type="first">Jeff</forename><surname>Dean</surname></persName>
		</author>
	</analytic>
	<monogr>
		<title level="m">Advances in Neural Information Processing Systems</title>
		<meeting><address><addrLine>Lake Tahoe, Nevada, United States</addrLine></address></meeting>
		<imprint>
			<date type="published" when="2013" />
			<biblScope unit="page" from="3111" to="3119" />
		</imprint>
	</monogr>
</biblStruct>

<biblStruct >
	<analytic>
		<title level="a" type="main">Composition in Distributional Models of Semantics</title>
		<author>
			<persName xmlns="http://www.tei-c.org/ns/1.0"><forename type="first">Jeff</forename><surname>Mitchell</surname></persName>
		</author>
		<author>
			<persName xmlns="http://www.tei-c.org/ns/1.0"><forename type="first">Mirella</forename><surname>Lapata</surname></persName>
		</author>
	</analytic>
	<monogr>
		<title level="j">Cognitive Science</title>
		<imprint>
			<biblScope unit="volume">34</biblScope>
			<biblScope unit="issue">8</biblScope>
			<biblScope unit="page" from="1388" to="1439" />
			<date type="published" when="2010" />
		</imprint>
	</monogr>
</biblStruct>

<biblStruct >
	<analytic>
		<title level="a" type="main">Gaiku: Generating Haiku with Word Associations Norms</title>
		<author>
			<persName xmlns="http://www.tei-c.org/ns/1.0"><forename type="first">Yael</forename><surname>Netzer</surname></persName>
		</author>
		<author>
			<persName xmlns="http://www.tei-c.org/ns/1.0"><forename type="first">David</forename><surname>Gabay</surname></persName>
		</author>
		<author>
			<persName xmlns="http://www.tei-c.org/ns/1.0"><forename type="first">Yoav</forename><surname>Goldberg</surname></persName>
		</author>
		<author>
			<persName xmlns="http://www.tei-c.org/ns/1.0"><forename type="first">Michael</forename><surname>Elhadad</surname></persName>
		</author>
	</analytic>
	<monogr>
		<title level="m">Proceedings of the Workshop on Computational Approaches to Linguistic Creativity</title>
		<meeting>the Workshop on Computational Approaches to Linguistic Creativity<address><addrLine>Boulder, Colorado</addrLine></address></meeting>
		<imprint>
			<date type="published" when="2009" />
			<biblScope unit="page" from="32" to="39" />
		</imprint>
	</monogr>
</biblStruct>

<biblStruct >
	<analytic>
		<title level="a" type="main">Minimum Error Rate Training in Statistical Machine Translation</title>
		<author>
			<persName xmlns="http://www.tei-c.org/ns/1.0"><forename type="first">Franz Josef</forename><surname>Och</surname></persName>
		</author>
	</analytic>
	<monogr>
		<title level="m">Proceedings of the 41st Annual Meeting on Association for Computational Linguistics</title>
		<meeting>the 41st Annual Meeting on Association for Computational Linguistics<address><addrLine>Japan</addrLine></address></meeting>
		<imprint>
			<date type="published" when="2003" />
			<biblScope unit="page" from="160" to="167" />
		</imprint>
	</monogr>
	<note>Sapporo</note>
</biblStruct>

<biblStruct >
	<analytic>
		<title level="a" type="main">PoeTryMe: a Versatile Platform for Poetry Generation</title>
		<author>
			<persName xmlns="http://www.tei-c.org/ns/1.0"><forename type="first">Hugo Gonçalo</forename><surname>Oliveira</surname></persName>
		</author>
	</analytic>
	<monogr>
		<title level="j">Computational Creativity, Concept Invention, and General Intelligence</title>
		<imprint>
			<biblScope unit="volume">1</biblScope>
			<biblScope unit="page">21</biblScope>
			<date type="published" when="2012" />
		</imprint>
	</monogr>
</biblStruct>

<biblStruct >
	<monogr>
		<title level="m" type="main">Learning Representations by Backpropagating Errors</title>
		<author>
			<persName xmlns="http://www.tei-c.org/ns/1.0"><forename type="first">David</forename><surname>Rumelhart</surname></persName>
		</author>
		<author>
			<persName xmlns="http://www.tei-c.org/ns/1.0"><forename type="first">Geoffrey</forename><surname>Hinton</surname></persName>
		</author>
		<author>
			<persName xmlns="http://www.tei-c.org/ns/1.0"><forename type="first">Ronald</forename><surname>Williams</surname></persName>
		</author>
		<imprint>
			<date type="published" when="1988" />
			<publisher>MIT Press</publisher>
			<pubPlace>Cambridge, MA, USA</pubPlace>
		</imprint>
	</monogr>
</biblStruct>

<biblStruct >
	<analytic>
		<title level="a" type="main">Semantic Compositionality through Recursive Matrix-Vector Spaces</title>
		<author>
			<persName xmlns="http://www.tei-c.org/ns/1.0"><forename type="first">Richard</forename><surname>Socher</surname></persName>
		</author>
		<author>
			<persName xmlns="http://www.tei-c.org/ns/1.0"><forename type="first">Brody</forename><surname>Huval</surname></persName>
		</author>
		<author>
			<persName xmlns="http://www.tei-c.org/ns/1.0"><forename type="first">Christopher</forename><forename type="middle">D</forename><surname>Manning</surname></persName>
		</author>
		<author>
			<persName xmlns="http://www.tei-c.org/ns/1.0"><forename type="first">Andrew</forename><forename type="middle">Y</forename><surname>Ng</surname></persName>
		</author>
	</analytic>
	<monogr>
		<title level="m">Proceedings of the 2012 Joint Conference on Empirical Methods in Natural Language Processing and Computational Natural Language Learning</title>
		<meeting>the 2012 Joint Conference on Empirical Methods in Natural Language Processing and Computational Natural Language Learning<address><addrLine>Jeju Island, Korea</addrLine></address></meeting>
		<imprint>
			<date type="published" when="2012" />
			<biblScope unit="page" from="1201" to="1211" />
		</imprint>
	</monogr>
</biblStruct>

<biblStruct >
	<analytic>
		<title level="a" type="main">Hitch Haiku: An Interactive Supporting System for Composing Haiku Poem How I Learned to Love the Bomb: Defcon and the Ethics of Computer Games</title>
		<author>
			<persName xmlns="http://www.tei-c.org/ns/1.0"><forename type="first">Naoko</forename><surname>Tosa</surname></persName>
		</author>
		<author>
			<persName xmlns="http://www.tei-c.org/ns/1.0"><forename type="first">Hideto</forename><surname>Obara</surname></persName>
		</author>
		<author>
			<persName xmlns="http://www.tei-c.org/ns/1.0"><forename type="first">Michihiko</forename><surname>Minoh</surname></persName>
		</author>
	</analytic>
	<monogr>
		<title level="m">Proceedings of the 7th International Conference on Entertainment Computing</title>
		<meeting>the 7th International Conference on Entertainment Computing<address><addrLine>Pittsburgh, PA</addrLine></address></meeting>
		<imprint>
			<date type="published" when="2008" />
			<biblScope unit="page" from="209" to="216" />
		</imprint>
	</monogr>
</biblStruct>

<biblStruct >
	<monogr>
		<title level="m" type="main">A Summary of Rhyming Constraints of Chinese Poems</title>
		<author>
			<persName xmlns="http://www.tei-c.org/ns/1.0"><forename type="first">Li</forename><surname>Wang</surname></persName>
		</author>
		<editor>Shi Ci Ge Lv Gai Yao</editor>
		<imprint>
			<date type="published" when="2002" />
			<publisher>Beijing Press</publisher>
		</imprint>
	</monogr>
</biblStruct>

<biblStruct >
	<analytic>
		<title level="a" type="main">New Hitch Haiku: An Interactive Renku Poem Composition Supporting Tool Applied for Sightseeing Navigation System</title>
		<author>
			<persName xmlns="http://www.tei-c.org/ns/1.0"><forename type="first">Xiaofeng</forename><surname>Wu</surname></persName>
		</author>
		<author>
			<persName xmlns="http://www.tei-c.org/ns/1.0"><forename type="first">Naoko</forename><surname>Tosa</surname></persName>
		</author>
		<author>
			<persName xmlns="http://www.tei-c.org/ns/1.0"><forename type="first">Ryohei</forename><surname>Nakatsu</surname></persName>
		</author>
	</analytic>
	<monogr>
		<title level="m">Proceedings of the 8th International Conference on Entertainment Computing</title>
		<meeting>the 8th International Conference on Entertainment Computing<address><addrLine>Paris, France</addrLine></address></meeting>
		<imprint>
			<date type="published" when="2009" />
			<biblScope unit="page" from="191" to="196" />
		</imprint>
	</monogr>
</biblStruct>

<biblStruct >
	<analytic>
		<title level="a" type="main">2013. I, Poet: Automatic Chinese Poetry Composition Through a Generative Summarization Framework Under Constrained Optimization</title>
		<author>
			<persName xmlns="http://www.tei-c.org/ns/1.0"><forename type="first">Rui</forename><surname>Yan</surname></persName>
		</author>
		<author>
			<persName xmlns="http://www.tei-c.org/ns/1.0"><forename type="first">Han</forename><surname>Jiang</surname></persName>
		</author>
		<author>
			<persName xmlns="http://www.tei-c.org/ns/1.0"><forename type="first">Mirella</forename><surname>Lapata</surname></persName>
		</author>
		<author>
			<persName xmlns="http://www.tei-c.org/ns/1.0"><forename type="first">Xueqiang</forename><surname>Shou-De Lin</surname></persName>
		</author>
		<author>
			<persName xmlns="http://www.tei-c.org/ns/1.0"><forename type="first">Xiaoming</forename><surname>Lv</surname></persName>
		</author>
		<author>
			<persName xmlns="http://www.tei-c.org/ns/1.0"><surname>Li</surname></persName>
		</author>
	</analytic>
	<monogr>
		<title level="m">Proceedings of the 23rd International Joint Conference on Artificial Intelligence</title>
		<meeting>the 23rd International Joint Conference on Artificial Intelligence<address><addrLine>Beijing, China</addrLine></address></meeting>
		<imprint>
			<biblScope unit="page" from="2197" to="2203" />
		</imprint>
	</monogr>
</biblStruct>

<biblStruct >
	<analytic>
		<title level="a" type="main">Genetic Algorithm and its Implementation of Automatic Generation of Chinese SongCi</title>
		<author>
			<persName xmlns="http://www.tei-c.org/ns/1.0"><forename type="first">Cheng-Le</forename><surname>Zhou</surname></persName>
		</author>
		<author>
			<persName xmlns="http://www.tei-c.org/ns/1.0"><forename type="first">Wei</forename><surname>You</surname></persName>
		</author>
		<author>
			<persName xmlns="http://www.tei-c.org/ns/1.0"><forename type="first">Xiaojun</forename><surname>Ding</surname></persName>
		</author>
	</analytic>
	<monogr>
		<title level="j">Journal of Software</title>
		<imprint>
			<biblScope unit="page" from="427" to="437" />
			<date type="published" when="2010" />
		</imprint>
	</monogr>
</biblStruct>

<biblStruct >
	<analytic>
		<title level="a" type="main">Speed Regularization and Optimality in Word Classing</title>
		<author>
			<persName xmlns="http://www.tei-c.org/ns/1.0"><forename type="first">Geoffrey</forename><surname>Zweig</surname></persName>
		</author>
		<author>
			<persName xmlns="http://www.tei-c.org/ns/1.0"><forename type="first">Konstantin</forename><surname>Makarychev</surname></persName>
		</author>
	</analytic>
	<monogr>
		<title level="m">Proceedings of the 2014 IEEE International Conference on Acoustics, Speech, and Signal Processing</title>
		<meeting>the 2014 IEEE International Conference on Acoustics, Speech, and Signal Processing<address><addrLine>Florence, Italy</addrLine></address></meeting>
		<imprint>
			<date type="published" when="2013" />
			<biblScope unit="page" from="8237" to="8241" />
		</imprint>
	</monogr>
</biblStruct>

			</listBibl>
		</back>
	</text>
</TEI>
