<?xml version="1.0" ?>
<TEI xmlns="http://www.tei-c.org/ns/1.0" xmlns:xlink="http://www.w3.org/1999/xlink" 
 xmlns:mml="http://www.w3.org/1998/Math/MathML">
	<teiHeader>
		<fileDesc xml:id="f_548"/>
	</teiHeader>
	<text>
		<front/>
		<body/>
		<back>
			<listBibl>
<biblStruct >
	<analytic>
		<title level="a" type="main">How can you say such things?!?: Recognizing Disagreement in Informal Political Argument</title>
		<author>
			<persName xmlns="http://www.tei-c.org/ns/1.0"><forename type="first">Rob</forename><surname>Abbott</surname></persName>
		</author>
		<author>
			<persName xmlns="http://www.tei-c.org/ns/1.0"><forename type="first">Marilyn</forename><surname>Walker</surname></persName>
		</author>
		<author>
			<persName xmlns="http://www.tei-c.org/ns/1.0"><forename type="first">Pranav</forename><surname>Anand</surname></persName>
		</author>
		<author>
			<persName xmlns="http://www.tei-c.org/ns/1.0"><forename type="first">Jean</forename><forename type="middle">E</forename><surname>Fox Tree</surname></persName>
		</author>
		<author>
			<persName xmlns="http://www.tei-c.org/ns/1.0"><forename type="first">Robeson</forename><surname>Bowmani</surname></persName>
		</author>
		<author>
			<persName xmlns="http://www.tei-c.org/ns/1.0"><forename type="first">Joseph</forename><surname>King</surname></persName>
		</author>
	</analytic>
	<monogr>
		<title level="m">Proceedings of LSM</title>
		<meeting>LSM</meeting>
		<imprint>
			<date type="published" when="2011" />
			<biblScope unit="page" from="2" to="11" />
		</imprint>
	</monogr>
</biblStruct>

<biblStruct >
	<analytic>
		<title level="a" type="main">Subgroup detection in ideological discussions</title>
		<author>
			<persName xmlns="http://www.tei-c.org/ns/1.0"><forename type="first">Amjad</forename><surname>Abu-Jbara</surname></persName>
		</author>
		<author>
			<persName xmlns="http://www.tei-c.org/ns/1.0"><forename type="first">Mona</forename><surname>Diab</surname></persName>
		</author>
		<author>
			<persName xmlns="http://www.tei-c.org/ns/1.0"><forename type="first">Pradeep</forename><surname>Dasigi</surname></persName>
		</author>
		<author>
			<persName xmlns="http://www.tei-c.org/ns/1.0"><forename type="first">Dragomir</forename><surname>Radev</surname></persName>
		</author>
	</analytic>
	<monogr>
		<title level="m">Proceedings of ACL</title>
		<meeting>ACL</meeting>
		<imprint>
			<date type="published" when="2012" />
			<biblScope unit="page" from="399" to="409" />
		</imprint>
	</monogr>
</biblStruct>

<biblStruct >
	<analytic>
		<title level="a" type="main">Mining newsgroups using networks arising from social behavior</title>
		<author>
			<persName xmlns="http://www.tei-c.org/ns/1.0"><forename type="first">Rakesh</forename><surname>Agrawal</surname></persName>
		</author>
		<author>
			<persName xmlns="http://www.tei-c.org/ns/1.0"><forename type="first">Ramakrishnan</forename><surname>Sridhar Rajagopalan</surname></persName>
		</author>
		<author>
			<persName xmlns="http://www.tei-c.org/ns/1.0"><forename type="first">Yirong</forename><surname>Srikant</surname></persName>
		</author>
		<author>
			<persName xmlns="http://www.tei-c.org/ns/1.0"><surname>Xu</surname></persName>
		</author>
	</analytic>
	<monogr>
		<title level="m">Proceedings of WWW</title>
		<meeting>WWW</meeting>
		<imprint>
			<date type="published" when="2003" />
			<biblScope unit="page" from="529" to="535" />
		</imprint>
	</monogr>
</biblStruct>

<biblStruct >
	<analytic>
		<title level="a" type="main">Harmony and Dissonance: Organizing the People&apos;s Voices on Political Controversies</title>
		<author>
			<persName xmlns="http://www.tei-c.org/ns/1.0"><forename type="first">Rawia</forename><surname>Awadallah</surname></persName>
		</author>
		<author>
			<persName xmlns="http://www.tei-c.org/ns/1.0"><forename type="first">Maya</forename><surname>Ramanath</surname></persName>
		</author>
		<author>
			<persName xmlns="http://www.tei-c.org/ns/1.0"><forename type="first">Gerhard</forename><surname>Weikum</surname></persName>
		</author>
	</analytic>
	<monogr>
		<title level="m">Proceedings of WSDM</title>
		<meeting>WSDM</meeting>
		<imprint>
			<date type="published" when="2012" />
			<biblScope unit="page" from="523" to="532" />
		</imprint>
	</monogr>
</biblStruct>

<biblStruct >
	<analytic>
		<title level="a" type="main">Using non-lexical features for identifying factual and opinionative threads in online forums</title>
		<author>
			<persName xmlns="http://www.tei-c.org/ns/1.0"><forename type="first">Prakhar</forename><surname>Biyani</surname></persName>
		</author>
		<author>
			<persName xmlns="http://www.tei-c.org/ns/1.0"><forename type="first">Sumit</forename><surname>Bhatia</surname></persName>
		</author>
		<author>
			<persName xmlns="http://www.tei-c.org/ns/1.0"><forename type="first">Cornelia</forename><surname>Caragea</surname></persName>
		</author>
		<author>
			<persName xmlns="http://www.tei-c.org/ns/1.0"><forename type="first">Prasenjit</forename><surname>Mitra</surname></persName>
		</author>
	</analytic>
	<monogr>
		<title level="m">Knowledge-Based Systems</title>
		<imprint>
			<date type="published" when="2014" />
		</imprint>
	</monogr>
	<note>in press</note>
</biblStruct>

<biblStruct >
	<monogr>
		<title level="m" type="main">Politeness: Some universals in language usage</title>
		<author>
			<persName xmlns="http://www.tei-c.org/ns/1.0"><forename type="first">Penelope</forename><surname>Brown</surname></persName>
		</author>
		<author>
			<persName xmlns="http://www.tei-c.org/ns/1.0"><forename type="first">Stephen</forename><surname>Levinson</surname></persName>
		</author>
		<imprint>
			<date type="published" when="1987" />
			<publisher>Cambridge University Press</publisher>
		</imprint>
	</monogr>
</biblStruct>

<biblStruct >
	<analytic>
		<title level="a" type="main">Extractive vs. NLG-based Abstractive Summarization of Evaluative Text: The Effect of Corpus Controversiality</title>
		<author>
			<persName xmlns="http://www.tei-c.org/ns/1.0"><forename type="first">Giuseppe</forename><surname>Carenini</surname></persName>
		</author>
		<author>
			<persName xmlns="http://www.tei-c.org/ns/1.0"><forename type="first">Jackie</forename><surname>Cheung</surname></persName>
		</author>
	</analytic>
	<monogr>
		<title level="m">Proceedings of INLG</title>
		<meeting>INLG</meeting>
		<imprint>
			<date type="published" when="2008" />
			<biblScope unit="page" from="33" to="41" />
		</imprint>
	</monogr>
</biblStruct>

<biblStruct >
	<analytic>
		<title level="a" type="main">Summarizing Email Conversations with Clue Words</title>
		<author>
			<persName xmlns="http://www.tei-c.org/ns/1.0"><forename type="first">Giuseppe</forename><surname>Carenini</surname></persName>
		</author>
		<author>
			<persName xmlns="http://www.tei-c.org/ns/1.0"><forename type="first">Raymond</forename><surname>Ng</surname></persName>
		</author>
		<author>
			<persName xmlns="http://www.tei-c.org/ns/1.0"><forename type="first">Xiaodong</forename><surname>Zhou</surname></persName>
		</author>
	</analytic>
	<monogr>
		<title level="m">Proceedings of WWW</title>
		<meeting>WWW</meeting>
		<imprint>
			<date type="published" when="2007" />
			<biblScope unit="page" from="91" to="100" />
		</imprint>
	</monogr>
</biblStruct>

<biblStruct >
	<analytic>
		<title level="a" type="main">Identifying controversial issues and their subtopics in news articles</title>
		<author>
			<persName xmlns="http://www.tei-c.org/ns/1.0"><forename type="first">Yoonjung</forename><surname>Choi</surname></persName>
		</author>
		<author>
			<persName xmlns="http://www.tei-c.org/ns/1.0"><forename type="first">Yuchul</forename><surname>Jung</surname></persName>
		</author>
		<author>
			<persName xmlns="http://www.tei-c.org/ns/1.0"><forename type="first">Sung-Hyon</forename><surname>Myaeng</surname></persName>
		</author>
	</analytic>
	<monogr>
		<title level="m">Proceedings of PAISI</title>
		<meeting>PAISI</meeting>
		<imprint>
			<date type="published" when="2010" />
			<biblScope unit="page" from="140" to="153" />
		</imprint>
	</monogr>
</biblStruct>

<biblStruct >
	<analytic>
		<title level="a" type="main">Recognizing Arguing Subjectivity and Argument Tags</title>
		<author>
			<persName xmlns="http://www.tei-c.org/ns/1.0"><forename type="first">Alexander</forename><surname>Conrad</surname></persName>
		</author>
		<author>
			<persName xmlns="http://www.tei-c.org/ns/1.0"><forename type="first">Janyce</forename><surname>Wiebe</surname></persName>
		</author>
		<author>
			<persName xmlns="http://www.tei-c.org/ns/1.0"><forename type="first">Rebecca</forename><surname>Hwa</surname></persName>
		</author>
	</analytic>
	<monogr>
		<title level="m">ACL Workshop on ExtraPropositional Aspects of Meaning</title>
		<imprint>
			<date type="published" when="2012" />
			<biblScope unit="page" from="80" to="88" />
		</imprint>
	</monogr>
</biblStruct>

<biblStruct >
	<analytic>
		<title level="a" type="main">Discourse markers across speakers and settings</title>
		<author>
			<persName xmlns="http://www.tei-c.org/ns/1.0"><forename type="first">Jean</forename><forename type="middle">E</forename><surname>Fox Tree</surname></persName>
		</author>
	</analytic>
	<monogr>
		<title level="j">Language and Linguistics Compass</title>
		<imprint>
			<biblScope unit="volume">3</biblScope>
			<biblScope unit="issue">1</biblScope>
			<biblScope unit="page" from="1" to="113" />
			<date type="published" when="2010" />
		</imprint>
	</monogr>
</biblStruct>

<biblStruct >
	<analytic>
		<title level="a" type="main">Identifying agreement and disagreement in conversational speech: Use of bayesian networks to model pragmatic dependencies</title>
		<author>
			<persName xmlns="http://www.tei-c.org/ns/1.0"><forename type="first">Michel</forename><surname>Galley</surname></persName>
		</author>
		<author>
			<persName xmlns="http://www.tei-c.org/ns/1.0"><forename type="first">Kathleen</forename><surname>Mckeown</surname></persName>
		</author>
		<author>
			<persName xmlns="http://www.tei-c.org/ns/1.0"><forename type="first">Julia</forename><surname>Hirschberg</surname></persName>
		</author>
		<author>
			<persName xmlns="http://www.tei-c.org/ns/1.0"><forename type="first">Elizabeth</forename><surname>Shriberg</surname></persName>
		</author>
	</analytic>
	<monogr>
		<title level="m">Proceedings of ACL</title>
		<meeting>ACL</meeting>
		<imprint>
			<date type="published" when="2004" />
			<biblScope unit="page">669</biblScope>
		</imprint>
	</monogr>
</biblStruct>

<biblStruct >
	<analytic>
		<title level="a" type="main">Agreement Detection in Multiparty Conversation</title>
		<author>
			<persName xmlns="http://www.tei-c.org/ns/1.0"><forename type="first">Sebastian</forename><surname>Germesin</surname></persName>
		</author>
		<author>
			<persName xmlns="http://www.tei-c.org/ns/1.0"><forename type="first">Theresa</forename><surname>Wilson</surname></persName>
		</author>
	</analytic>
	<monogr>
		<title level="m">Proceedings of International Conference on Multimodal Interfaces</title>
		<meeting>International Conference on Multimodal Interfaces</meeting>
		<imprint>
			<date type="published" when="2009" />
			<biblScope unit="page" from="7" to="14" />
		</imprint>
	</monogr>
</biblStruct>

<biblStruct >
	<analytic>
		<title level="a" type="main">Statistical Analysis of the Social Network and Discussion Threads in Slashdot</title>
		<author>
			<persName xmlns="http://www.tei-c.org/ns/1.0"><forename type="first">Vicenc</forename><surname>Gomez</surname></persName>
		</author>
		<author>
			<persName xmlns="http://www.tei-c.org/ns/1.0"><forename type="first">Andreas</forename><surname>Kaltenbrunner</surname></persName>
		</author>
		<author>
			<persName xmlns="http://www.tei-c.org/ns/1.0"><forename type="first">Vicente</forename><surname>Lopez</surname></persName>
		</author>
	</analytic>
	<monogr>
		<title level="m">Proceedings of WWW</title>
		<meeting>WWW</meeting>
		<imprint>
			<date type="published" when="2008" />
			<biblScope unit="page" from="645" to="654" />
		</imprint>
	</monogr>
</biblStruct>

<biblStruct >
	<analytic>
		<title level="a" type="main">What&apos;s with the attitude?: identifying sentences with attitude in online discussions</title>
		<author>
			<persName xmlns="http://www.tei-c.org/ns/1.0"><forename type="first">Ahmed</forename><surname>Hassan</surname></persName>
		</author>
		<author>
			<persName xmlns="http://www.tei-c.org/ns/1.0"><forename type="first">Vahed</forename><surname>Qazvinian</surname></persName>
		</author>
		<author>
			<persName xmlns="http://www.tei-c.org/ns/1.0"><forename type="first">Dragomir</forename><surname>Radev</surname></persName>
		</author>
	</analytic>
	<monogr>
		<title level="m">Proceedings of EMNLP</title>
		<meeting>EMNLP</meeting>
		<imprint>
			<date type="published" when="2010" />
			<biblScope unit="page" from="1245" to="1255" />
		</imprint>
	</monogr>
</biblStruct>

<biblStruct >
	<analytic>
		<title level="a" type="main">HILDA: A Discourse Parser Using Support Vector Machine Classification</title>
		<author>
			<persName xmlns="http://www.tei-c.org/ns/1.0"><forename type="first">Hugo</forename><surname>Hernault</surname></persName>
		</author>
		<author>
			<persName xmlns="http://www.tei-c.org/ns/1.0"><forename type="first">Helmut</forename><surname>Prendinger</surname></persName>
		</author>
		<author>
			<persName xmlns="http://www.tei-c.org/ns/1.0"><forename type="first">David</forename><forename type="middle">A</forename><surname>Duverle</surname></persName>
		</author>
		<author>
			<persName xmlns="http://www.tei-c.org/ns/1.0"><forename type="first">Mitsuru</forename><surname>Ishizuka</surname></persName>
		</author>
	</analytic>
	<monogr>
		<title level="j">Dialogue and Discourse</title>
		<imprint>
			<biblScope unit="volume">1</biblScope>
			<biblScope unit="issue">3</biblScope>
			<biblScope unit="page" from="1" to="33" />
			<date type="published" when="2010" />
		</imprint>
	</monogr>
</biblStruct>

<biblStruct >
	<monogr>
		<title level="m" type="main">A natural history of negation</title>
		<author>
			<persName xmlns="http://www.tei-c.org/ns/1.0"><forename type="first">Laurence</forename><forename type="middle">R</forename><surname>Horn</surname></persName>
		</author>
		<imprint>
			<date type="published" when="1989" />
			<publisher>Chicago University Press</publisher>
		</imprint>
	</monogr>
</biblStruct>

<biblStruct >
	<analytic>
		<title level="a" type="main">Unsupervised modeling of dialog acts in asynchronous conversations</title>
		<author>
			<persName xmlns="http://www.tei-c.org/ns/1.0"><forename type="first">Shafiq</forename><surname>Joty</surname></persName>
		</author>
		<author>
			<persName xmlns="http://www.tei-c.org/ns/1.0"><forename type="first">Giuseppe</forename><surname>Carenini</surname></persName>
		</author>
		<author>
			<persName xmlns="http://www.tei-c.org/ns/1.0"><forename type="first">Chin-Yew</forename><surname>Lin</surname></persName>
		</author>
	</analytic>
	<monogr>
		<title level="m">Proceedings of IJCAI</title>
		<meeting>IJCAI</meeting>
		<imprint>
			<date type="published" when="2011" />
			<biblScope unit="page" from="1807" to="1813" />
		</imprint>
	</monogr>
</biblStruct>

<biblStruct >
	<analytic>
		<title level="a" type="main">Combining Intra-and Multisentential Rhetorical Parsing for Document-level Discourse Analysis</title>
		<author>
			<persName xmlns="http://www.tei-c.org/ns/1.0"><forename type="first">Shafiq</forename><surname>Joty</surname></persName>
		</author>
		<author>
			<persName xmlns="http://www.tei-c.org/ns/1.0"><forename type="first">Giuseppe</forename><surname>Carenini</surname></persName>
		</author>
		<author>
			<persName xmlns="http://www.tei-c.org/ns/1.0"><forename type="first">Raymond</forename><surname>Ng</surname></persName>
		</author>
		<author>
			<persName xmlns="http://www.tei-c.org/ns/1.0"><forename type="first">Yashar</forename><surname>Mehdad</surname></persName>
		</author>
	</analytic>
	<monogr>
		<title level="m">Proceedings of ACL</title>
		<meeting>ACL</meeting>
		<imprint>
			<date type="published" when="2013" />
		</imprint>
	</monogr>
</biblStruct>

<biblStruct >
	<analytic>
		<title level="a" type="main">Topic Segmentation and Labeling in Asynchronous Conversations</title>
		<author>
			<persName xmlns="http://www.tei-c.org/ns/1.0"><forename type="first">Shafiq</forename><surname>Joty</surname></persName>
		</author>
		<author>
			<persName xmlns="http://www.tei-c.org/ns/1.0"><forename type="first">Giuseppe</forename><surname>Carenini</surname></persName>
		</author>
		<author>
			<persName xmlns="http://www.tei-c.org/ns/1.0"><forename type="first">Raymond</forename><surname>Ng</surname></persName>
		</author>
	</analytic>
	<monogr>
		<title level="j">Journal of AI Research</title>
		<imprint>
			<biblScope unit="volume">47</biblScope>
			<biblScope unit="page" from="521" to="573" />
			<date type="published" when="2013" />
		</imprint>
	</monogr>
</biblStruct>

<biblStruct >
	<analytic>
		<title level="a" type="main">Topical Positioning: A New Method for Predicting Opinion Changes in Conversation</title>
		<author>
			<persName xmlns="http://www.tei-c.org/ns/1.0"><forename type="first">Ching-Sheng</forename><surname>Lin</surname></persName>
		</author>
		<author>
			<persName xmlns="http://www.tei-c.org/ns/1.0"><forename type="first">Samira</forename><surname>Shaikh</surname></persName>
		</author>
		<author>
			<persName xmlns="http://www.tei-c.org/ns/1.0"><forename type="first">Jennifer</forename><surname>Stromergalley</surname></persName>
		</author>
		<author>
			<persName xmlns="http://www.tei-c.org/ns/1.0"><forename type="first">Jennifer</forename><surname>Crowley</surname></persName>
		</author>
		<author>
			<persName xmlns="http://www.tei-c.org/ns/1.0"><forename type="first">Tomek</forename><surname>Strzalkowski</surname></persName>
		</author>
		<author>
			<persName xmlns="http://www.tei-c.org/ns/1.0"><forename type="first">Veena</forename><surname>Ravishankar</surname></persName>
		</author>
	</analytic>
	<monogr>
		<title level="m">Proceedings of LASM</title>
		<meeting>LASM</meeting>
		<imprint>
			<date type="published" when="2013" />
			<biblScope unit="page" from="41" to="48" />
		</imprint>
	</monogr>
</biblStruct>

<biblStruct >
	<analytic>
		<title level="a" type="main">Rhetorical structure theory: Toward a functional theory of text organization</title>
		<author>
			<persName xmlns="http://www.tei-c.org/ns/1.0"><forename type="first">C</forename><surname>William</surname></persName>
		</author>
		<author>
			<persName xmlns="http://www.tei-c.org/ns/1.0"><forename type="first">Sandra</forename><forename type="middle">A</forename><surname>Mann</surname></persName>
		</author>
		<author>
			<persName xmlns="http://www.tei-c.org/ns/1.0"><surname>Thompson</surname></persName>
		</author>
	</analytic>
	<monogr>
		<title level="j">Text</title>
		<imprint>
			<biblScope unit="volume">8</biblScope>
			<biblScope unit="issue">3</biblScope>
			<biblScope unit="page" from="243" to="281" />
			<date type="published" when="1988" />
		</imprint>
	</monogr>
</biblStruct>

<biblStruct >
	<analytic>
		<title level="a" type="main">Leave a reply: An analysis of weblog comments</title>
		<author>
			<persName xmlns="http://www.tei-c.org/ns/1.0"><forename type="first">Gilad</forename><surname>Mishne</surname></persName>
		</author>
		<author>
			<persName xmlns="http://www.tei-c.org/ns/1.0"><forename type="first">Natalie</forename><surname>Glance</surname></persName>
		</author>
	</analytic>
	<monogr>
		<title level="m">Proceedings of WWW</title>
		<meeting>WWW</meeting>
		<imprint>
			<date type="published" when="2006" />
		</imprint>
	</monogr>
</biblStruct>

<biblStruct >
	<analytic>
		<title level="a" type="main">Topic Independent Identification of Agreement and Disagreement in Social Media Dialogue</title>
		<author>
			<persName xmlns="http://www.tei-c.org/ns/1.0"><forename type="first">Amita</forename><surname>Misra</surname></persName>
		</author>
		<author>
			<persName xmlns="http://www.tei-c.org/ns/1.0"><forename type="first">Marilyn</forename><surname>Walker</surname></persName>
		</author>
	</analytic>
	<monogr>
		<title level="m">Proceedings of SIGDIAL</title>
		<meeting>SIGDIAL</meeting>
		<imprint>
			<date type="published" when="2013" />
			<biblScope unit="page" from="41" to="50" />
		</imprint>
	</monogr>
</biblStruct>

<biblStruct >
	<analytic>
		<title level="a" type="main">Modeling review comments</title>
		<author>
			<persName xmlns="http://www.tei-c.org/ns/1.0"><forename type="first">Arjun</forename><surname>Mukherjee</surname></persName>
		</author>
		<author>
			<persName xmlns="http://www.tei-c.org/ns/1.0"><forename type="first">Bing</forename><surname>Liu</surname></persName>
		</author>
	</analytic>
	<monogr>
		<title level="m">Proceedings of ACL</title>
		<meeting>ACL</meeting>
		<imprint>
			<date type="published" when="2012" />
			<biblScope unit="page" from="320" to="329" />
		</imprint>
	</monogr>
</biblStruct>

<biblStruct >
	<analytic>
		<title level="a" type="main">Support or Oppose? Classifying Positions in Online Debates from Reply Activities and Opinion Expressions</title>
		<author>
			<persName xmlns="http://www.tei-c.org/ns/1.0"><forename type="first">Akiko</forename><surname>Murakami</surname></persName>
		</author>
		<author>
			<persName xmlns="http://www.tei-c.org/ns/1.0"><forename type="first">Rudy</forename><surname>Raymond</surname></persName>
		</author>
	</analytic>
	<monogr>
		<title level="m">Proceedings of the International Conference on Computational Linguistics</title>
		<meeting>the International Conference on Computational Linguistics</meeting>
		<imprint>
			<date type="published" when="2010" />
			<biblScope unit="page" from="869" to="875" />
		</imprint>
	</monogr>
</biblStruct>

<biblStruct >
	<analytic>
		<title level="a" type="main">Modeling topic control to detect influence in conversations using nonparametric topic models</title>
		<author>
			<persName xmlns="http://www.tei-c.org/ns/1.0"><forename type="first">Jordan</forename><surname>Viet-An Nguyen</surname></persName>
		</author>
		<author>
			<persName xmlns="http://www.tei-c.org/ns/1.0"><forename type="first">Philip</forename><surname>Boyd-Graber</surname></persName>
		</author>
		<author>
			<persName xmlns="http://www.tei-c.org/ns/1.0"><forename type="first">Deborah</forename><surname>Resnik</surname></persName>
		</author>
		<author>
			<persName xmlns="http://www.tei-c.org/ns/1.0"><forename type="first">Jennifer</forename><surname>Cai</surname></persName>
		</author>
		<author>
			<persName xmlns="http://www.tei-c.org/ns/1.0"><forename type="first">Yuanxin</forename><surname>Midberry</surname></persName>
		</author>
		<author>
			<persName xmlns="http://www.tei-c.org/ns/1.0"><surname>Wang</surname></persName>
		</author>
	</analytic>
	<monogr>
		<title level="j">Machine Learning</title>
		<imprint>
			<biblScope unit="volume">95</biblScope>
			<biblScope unit="page" from="381" to="421" />
			<date type="published" when="2014" />
		</imprint>
	</monogr>
</biblStruct>

<biblStruct >
	<analytic>
		<title level="a" type="main">Extracting Product Features and Opinions from Reviews</title>
		<author>
			<persName xmlns="http://www.tei-c.org/ns/1.0"><forename type="first">Ana-Maria</forename><surname>Popescu</surname></persName>
		</author>
		<author>
			<persName xmlns="http://www.tei-c.org/ns/1.0"><forename type="first">Oren</forename><surname>Etzioni</surname></persName>
		</author>
	</analytic>
	<monogr>
		<title level="m">Proceedings of HLT/EMNLP</title>
		<meeting>HLT/EMNLP</meeting>
		<imprint>
			<date type="published" when="2005" />
			<biblScope unit="page" from="339" to="346" />
		</imprint>
	</monogr>
</biblStruct>

<biblStruct >
	<analytic>
		<title level="a" type="main">Detecting controversial events from twitter</title>
		<author>
			<persName xmlns="http://www.tei-c.org/ns/1.0"><forename type="first">Ana-Maria</forename><surname>Popescu</surname></persName>
		</author>
		<author>
			<persName xmlns="http://www.tei-c.org/ns/1.0"><forename type="first">Marco</forename><surname>Pennacchiotti</surname></persName>
		</author>
	</analytic>
	<monogr>
		<title level="m">Proceedings of CIKM</title>
		<meeting>CIKM</meeting>
		<imprint>
			<date type="published" when="2010" />
			<biblScope unit="page" from="1873" to="1876" />
		</imprint>
	</monogr>
</biblStruct>

<biblStruct >
	<analytic>
		<title level="a" type="main">Multimodal subjectivity analysis of multiparty conversation</title>
		<author>
			<persName xmlns="http://www.tei-c.org/ns/1.0"><forename type="first">Stephan</forename><surname>Raaijmakers</surname></persName>
		</author>
		<author>
			<persName xmlns="http://www.tei-c.org/ns/1.0"><forename type="first">Khiet</forename><surname>Truong</surname></persName>
		</author>
		<author>
			<persName xmlns="http://www.tei-c.org/ns/1.0"><forename type="first">Theresa</forename><surname>Wilson</surname></persName>
		</author>
	</analytic>
	<monogr>
		<title level="m">Proceedings of EMNLP</title>
		<meeting>EMNLP</meeting>
		<imprint>
			<date type="published" when="2008" />
			<biblScope unit="page" from="466" to="474" />
		</imprint>
	</monogr>
</biblStruct>

<biblStruct >
	<analytic>
		<title level="a" type="main">Linguistic Models for Analyzing and Detecting Biased Language</title>
		<author>
			<persName xmlns="http://www.tei-c.org/ns/1.0"><forename type="first">Marta</forename><surname>Recasens</surname></persName>
		</author>
		<author>
			<persName xmlns="http://www.tei-c.org/ns/1.0"><forename type="first">Cristian</forename><surname>Danescu-Niculescu-Mizil</surname></persName>
		</author>
		<author>
			<persName xmlns="http://www.tei-c.org/ns/1.0"><forename type="first">Dan</forename><surname>Jurafsky</surname></persName>
		</author>
	</analytic>
	<monogr>
		<title level="m">Proceedings of ACL</title>
		<meeting>ACL</meeting>
		<imprint>
			<date type="published" when="2013" />
			<biblScope unit="page">16501659</biblScope>
		</imprint>
	</monogr>
</biblStruct>

<biblStruct >
	<analytic>
		<title level="a" type="main">Detecting Arguing and Sentiment in Meetings</title>
		<author>
			<persName xmlns="http://www.tei-c.org/ns/1.0"><forename type="first">Swapna</forename><surname>Somasundaran</surname></persName>
		</author>
		<author>
			<persName xmlns="http://www.tei-c.org/ns/1.0"><forename type="first">Josef</forename><surname>Ruppenhofer</surname></persName>
		</author>
		<author>
			<persName xmlns="http://www.tei-c.org/ns/1.0"><forename type="first">Janyce</forename><surname>Wiebe</surname></persName>
		</author>
	</analytic>
	<monogr>
		<title level="m">Proceedings of SIGDIAL Workshop on Discourse and Dialogue</title>
		<meeting>SIGDIAL Workshop on Discourse and Dialogue</meeting>
		<imprint>
			<date type="published" when="2007" />
		</imprint>
	</monogr>
</biblStruct>

<biblStruct >
	<analytic>
		<title level="a" type="main">Recognizing stances in online debates</title>
		<author>
			<persName xmlns="http://www.tei-c.org/ns/1.0"><forename type="first">Swapna</forename><surname>Somasundaran</surname></persName>
		</author>
		<author>
			<persName xmlns="http://www.tei-c.org/ns/1.0"><forename type="first">Janyce</forename><surname>Wiebe</surname></persName>
		</author>
	</analytic>
	<monogr>
		<title level="m">Proceedings of ACL</title>
		<meeting>ACL</meeting>
		<imprint>
			<date type="published" when="2009" />
			<biblScope unit="page" from="226" to="234" />
		</imprint>
	</monogr>
</biblStruct>

<biblStruct >
	<analytic>
		<title level="a" type="main">Recognizing stances in ideological on-line debates</title>
		<author>
			<persName xmlns="http://www.tei-c.org/ns/1.0"><forename type="first">Swapna</forename><surname>Somasundaran</surname></persName>
		</author>
		<author>
			<persName xmlns="http://www.tei-c.org/ns/1.0"><forename type="first">Janyce</forename><surname>Wiebe</surname></persName>
		</author>
	</analytic>
	<monogr>
		<title level="m">Proceedings of NAACL, Workshop on Computational Approaches to Analysis and Generation of Emotion in Text</title>
		<meeting>NAACL, Workshop on Computational Approaches to Analysis and Generation of Emotion in Text</meeting>
		<imprint>
			<date type="published" when="2010" />
			<biblScope unit="page">116124</biblScope>
		</imprint>
	</monogr>
</biblStruct>

<biblStruct >
	<monogr>
		<title level="m" type="main">Annotating Argumentation Acts in Spoken Dialog</title>
		<author>
			<persName xmlns="http://www.tei-c.org/ns/1.0"><forename type="first">Amanda</forename><surname>Stent</surname></persName>
		</author>
		<author>
			<persName xmlns="http://www.tei-c.org/ns/1.0"><forename type="first">James</forename><surname>Allen</surname></persName>
		</author>
		<imprint>
			<date type="published" when="2000" />
		</imprint>
	</monogr>
<note type="report_type">Technical Report</note>
</biblStruct>

<biblStruct >
	<analytic>
		<title level="a" type="main">Lexicon-based methods for sentiment analysis</title>
		<author>
			<persName xmlns="http://www.tei-c.org/ns/1.0"><forename type="first">Maite</forename><surname>Taboada</surname></persName>
		</author>
		<author>
			<persName xmlns="http://www.tei-c.org/ns/1.0"><forename type="first">Julian</forename><surname>Brooke</surname></persName>
		</author>
		<author>
			<persName xmlns="http://www.tei-c.org/ns/1.0"><forename type="first">Milan</forename><surname>Tofiloski</surname></persName>
		</author>
		<author>
			<persName xmlns="http://www.tei-c.org/ns/1.0"><forename type="first">Kimberly</forename><surname>Voll</surname></persName>
		</author>
		<author>
			<persName xmlns="http://www.tei-c.org/ns/1.0"><forename type="first">Manfred</forename><surname>Stede</surname></persName>
		</author>
	</analytic>
	<monogr>
		<title level="j">Journal of Computational Linguistics</title>
		<imprint>
			<biblScope unit="volume">37</biblScope>
			<biblScope unit="issue">2</biblScope>
			<biblScope unit="page" from="267" to="307" />
			<date type="published" when="2011" />
		</imprint>
	</monogr>
</biblStruct>

<biblStruct >
	<analytic>
		<title level="a" type="main">Get out the vote: Determining support or opposition from Congressional floor-debate transcripts</title>
		<author>
			<persName xmlns="http://www.tei-c.org/ns/1.0"><forename type="first">Matt</forename><surname>Thomas</surname></persName>
		</author>
		<author>
			<persName xmlns="http://www.tei-c.org/ns/1.0"><forename type="first">Bo</forename><surname>Pang</surname></persName>
		</author>
		<author>
			<persName xmlns="http://www.tei-c.org/ns/1.0"><forename type="first">Lillian</forename><surname>Lee</surname></persName>
		</author>
	</analytic>
	<monogr>
		<title level="m">Proceedings of EMNLP</title>
		<meeting>EMNLP</meeting>
		<imprint>
			<date type="published" when="2006" />
			<biblScope unit="page" from="327" to="335" />
		</imprint>
	</monogr>
</biblStruct>

<biblStruct >
	<analytic>
		<title level="a" type="main">Detection of agreement and disagreement in broadcast conversations</title>
		<author>
			<persName xmlns="http://www.tei-c.org/ns/1.0"><forename type="first">Wen</forename><surname>Wang</surname></persName>
		</author>
		<author>
			<persName xmlns="http://www.tei-c.org/ns/1.0"><forename type="first">Sibel</forename><surname>Yaman</surname></persName>
		</author>
		<author>
			<persName xmlns="http://www.tei-c.org/ns/1.0"><forename type="first">Kristen</forename><surname>Precoda</surname></persName>
		</author>
		<author>
			<persName xmlns="http://www.tei-c.org/ns/1.0"><forename type="first">Colleen</forename><surname>Richey</surname></persName>
		</author>
		<author>
			<persName xmlns="http://www.tei-c.org/ns/1.0"><forename type="first">Geoffrey</forename><surname>Raymond</surname></persName>
		</author>
	</analytic>
	<monogr>
		<title level="m">Proceedings of ACL</title>
		<meeting>ACL</meeting>
		<imprint>
			<date type="published" when="2011" />
			<biblScope unit="page" from="374" to="378" />
		</imprint>
	</monogr>
</biblStruct>

<biblStruct >
	<analytic>
		<title level="a" type="main">Sentenceinitial discourse connectives, discourse structure and semantics</title>
		<author>
			<persName xmlns="http://www.tei-c.org/ns/1.0"><forename type="first">Bonnie</forename><surname>Webber</surname></persName>
		</author>
		<author>
			<persName xmlns="http://www.tei-c.org/ns/1.0"><forename type="first">Rashmi</forename><surname>Prasad</surname></persName>
		</author>
	</analytic>
	<monogr>
		<title level="m">Proceedings of the Workshop on Formal and Experimental Approaches to Discourse Particles and Modal Adverbs</title>
		<meeting>the Workshop on Formal and Experimental Approaches to Discourse Particles and Modal Adverbs</meeting>
		<imprint>
			<date type="published" when="2008" />
		</imprint>
	</monogr>
</biblStruct>

<biblStruct >
	<analytic>
		<title level="a" type="main">Unifying local and global agreement and disagreement classification in online debates</title>
		<author>
			<persName xmlns="http://www.tei-c.org/ns/1.0"><forename type="first">Jie</forename><surname>Yin</surname></persName>
		</author>
		<author>
			<persName xmlns="http://www.tei-c.org/ns/1.0"><forename type="first">Paul</forename><surname>Thomas</surname></persName>
		</author>
		<author>
			<persName xmlns="http://www.tei-c.org/ns/1.0"><forename type="first">Nalin</forename><surname>Narang</surname></persName>
		</author>
		<author>
			<persName xmlns="http://www.tei-c.org/ns/1.0"><forename type="first">Cecile</forename><surname>Paris</surname></persName>
		</author>
	</analytic>
	<monogr>
		<title level="m">Proceedings of Computational Approaches to Subjectivity and Sentiment Analysis</title>
		<meeting>Computational Approaches to Subjectivity and Sentiment Analysis</meeting>
		<imprint>
			<date type="published" when="2012" />
			<biblScope unit="page" from="61" to="69" />
		</imprint>
	</monogr>
</biblStruct>

			</listBibl>
		</back>
	</text>
</TEI>
