<?xml version="1.0" ?>
<TEI xmlns="http://www.tei-c.org/ns/1.0" xmlns:xlink="http://www.w3.org/1999/xlink" 
 xmlns:mml="http://www.w3.org/1998/Math/MathML">
	<teiHeader>
		<fileDesc xml:id="f_740"/>
	</teiHeader>
	<text>
		<front/>
		<body/>
		<back>
			<listBibl>
<biblStruct >
	<monogr>
		<title level="m" type="main">Modern information retrieval: the concepts and technology behind search</title>
		<author>
			<persName xmlns="http://www.tei-c.org/ns/1.0"><forename type="first">Ricardo</forename><surname>Baeza</surname></persName>
		</author>
		<author>
			<persName xmlns="http://www.tei-c.org/ns/1.0"><forename type="first">-Yates</forename></persName>
		</author>
		<author>
			<persName xmlns="http://www.tei-c.org/ns/1.0"><forename type="first">Berthier</forename><surname>Ribeiro-Neto</surname></persName>
		</author>
		<imprint>
			<date type="published" when="2011" />
			<publisher>ACM Press</publisher>
		</imprint>
	</monogr>
</biblStruct>

<biblStruct >
	<analytic>
		<title level="a" type="main">Latent dirichlet allocation</title>
		<author>
			<persName xmlns="http://www.tei-c.org/ns/1.0"><forename type="first">David</forename><forename type="middle">M</forename><surname>Blei</surname></persName>
		</author>
		<author>
			<persName xmlns="http://www.tei-c.org/ns/1.0"><forename type="first">Andrew</forename><forename type="middle">Y</forename><surname>Ng</surname></persName>
		</author>
		<author>
			<persName xmlns="http://www.tei-c.org/ns/1.0"><forename type="first">Michael</forename><forename type="middle">I</forename><surname>Jordan</surname></persName>
		</author>
	</analytic>
	<monogr>
		<title level="j">Journal of Machine Learning Research</title>
		<imprint>
			<biblScope unit="page" from="993" to="1022" />
			<date type="published" when="2003" />
		</imprint>
	</monogr>
</biblStruct>

<biblStruct >
	<analytic>
		<title level="a" type="main">Topic models</title>
		<author>
			<persName xmlns="http://www.tei-c.org/ns/1.0"><forename type="first">M</forename><surname>David</surname></persName>
		</author>
		<author>
			<persName xmlns="http://www.tei-c.org/ns/1.0"><forename type="first">John</forename><surname>Blei</surname></persName>
		</author>
		<author>
			<persName xmlns="http://www.tei-c.org/ns/1.0"><surname>Lafferty</surname></persName>
		</author>
	</analytic>
	<monogr>
		<title level="m">Text Mining: Theory and Applications</title>
		<editor>A. Srivastava and M. Sahami,</editor>
		<imprint>
			<publisher>Taylor and Francis</publisher>
			<date type="published" when="2009" />
		</imprint>
	</monogr>
</biblStruct>

<biblStruct >
	<analytic>
		<title level="a" type="main">The use of MMR, diversitybased reranking for reordering documents and producing summaries</title>
		<author>
			<persName xmlns="http://www.tei-c.org/ns/1.0"><forename type="first">Jaime</forename><surname>Carbonell</surname></persName>
		</author>
		<author>
			<persName xmlns="http://www.tei-c.org/ns/1.0"><forename type="first">Jade</forename><surname>Goldstein</surname></persName>
		</author>
	</analytic>
	<monogr>
		<title level="m">Proc. SIGIR</title>
		<meeting>SIGIR</meeting>
		<imprint>
			<date type="published" when="1998" />
			<biblScope unit="page" from="335" to="336" />
		</imprint>
	</monogr>
</biblStruct>

<biblStruct >
	<analytic>
		<title level="a" type="main">A survey of automatic query expansion in information retrieval</title>
		<author>
			<persName xmlns="http://www.tei-c.org/ns/1.0"><forename type="first">Claudio</forename><surname>Carpineto</surname></persName>
		</author>
		<author>
			<persName xmlns="http://www.tei-c.org/ns/1.0"><forename type="first">Giovanni</forename><surname>Romano</surname></persName>
		</author>
	</analytic>
	<monogr>
		<title level="j">ACM Computing Surveys</title>
		<imprint>
			<biblScope unit="volume">44</biblScope>
			<biblScope unit="page" from="1" to="56" />
			<date type="published" when="2012" />
		</imprint>
	</monogr>
</biblStruct>

<biblStruct >
	<analytic>
		<title level="a" type="main">A theoretical analysis of pseudo-relevance feedback models</title>
		<author>
			<persName xmlns="http://www.tei-c.org/ns/1.0"><forename type="first">Stephane</forename><surname>Clinchant</surname></persName>
		</author>
		<author>
			<persName xmlns="http://www.tei-c.org/ns/1.0"><forename type="first">Eric</forename><surname>Gaussier</surname></persName>
		</author>
	</analytic>
	<monogr>
		<title level="m">Proc. ICTIR</title>
		<meeting>ICTIR</meeting>
		<imprint>
			<date type="published" when="2013" />
		</imprint>
	</monogr>
</biblStruct>

<biblStruct >
	<analytic>
		<title level="a" type="main">Selecting good expansion terms for pseudo-relevance feedback</title>
		<author>
			<persName xmlns="http://www.tei-c.org/ns/1.0"><forename type="first">Guihong</forename><surname>Cao</surname></persName>
		</author>
		<author>
			<persName xmlns="http://www.tei-c.org/ns/1.0"><forename type="first">Jian-Yun</forename><surname>Nie</surname></persName>
		</author>
		<author>
			<persName xmlns="http://www.tei-c.org/ns/1.0"><forename type="first">Jianfeng</forename><surname>Gao</surname></persName>
		</author>
		<author>
			<persName xmlns="http://www.tei-c.org/ns/1.0"><forename type="first">Stephen</forename><surname>Robertson</surname></persName>
		</author>
	</analytic>
	<monogr>
		<title level="m">Proc. SIGIR</title>
		<meeting>SIGIR</meeting>
		<imprint>
			<date type="published" when="2008" />
			<biblScope unit="page" from="243" to="250" />
		</imprint>
	</monogr>
</biblStruct>

<biblStruct >
	<monogr>
		<title level="m" type="main">Extractive speech summarization using evaluation metricrelated training criteria. Information Processing &amp; Management</title>
		<author>
			<persName xmlns="http://www.tei-c.org/ns/1.0"><forename type="first">Shih-Hsiang</forename><surname>Berlin Chen</surname></persName>
		</author>
		<author>
			<persName xmlns="http://www.tei-c.org/ns/1.0"><forename type="first">Yu-Mei</forename><surname>Lin</surname></persName>
		</author>
		<author>
			<persName xmlns="http://www.tei-c.org/ns/1.0"><forename type="first">Jia-Wen</forename><surname>Chang</surname></persName>
		</author>
		<author>
			<persName xmlns="http://www.tei-c.org/ns/1.0"><surname>Liu</surname></persName>
		</author>
		<imprint>
			<date type="published" when="2013" />
			<biblScope unit="volume">49</biblScope>
			<biblScope unit="page">1</biblScope>
		</imprint>
	</monogr>
</biblStruct>

<biblStruct >
	<analytic>
		<title level="a" type="main">Maximum likelihood from incomplete data via the EM algorithm</title>
		<author>
			<persName xmlns="http://www.tei-c.org/ns/1.0"><forename type="first">Arthur</forename><forename type="middle">P</forename><surname>Dempster</surname></persName>
		</author>
		<author>
			<persName xmlns="http://www.tei-c.org/ns/1.0"><forename type="first">Nan</forename><forename type="middle">M</forename><surname>Laird</surname></persName>
		</author>
		<author>
			<persName xmlns="http://www.tei-c.org/ns/1.0"><forename type="first">Donald</forename><forename type="middle">B</forename><surname>Rubin</surname></persName>
		</author>
	</analytic>
	<monogr>
		<title level="j">Journal of Royal Statistical Society B</title>
		<imprint>
			<biblScope unit="volume">39</biblScope>
			<biblScope unit="issue">1</biblScope>
			<biblScope unit="page" from="1" to="38" />
			<date type="published" when="1977" />
		</imprint>
	</monogr>
</biblStruct>

<biblStruct >
	<analytic>
		<title level="a" type="main">A unified optimization framework for robust pseudo-relevance feedback algorithms</title>
		<author>
			<persName xmlns="http://www.tei-c.org/ns/1.0"><forename type="first">Joshua</forename><forename type="middle">V</forename><surname>Dillon</surname></persName>
		</author>
		<author>
			<persName xmlns="http://www.tei-c.org/ns/1.0"><forename type="first">Kevyn</forename><surname>Collins-Thompson</surname></persName>
		</author>
	</analytic>
	<monogr>
		<title level="m">Proc. CIKM</title>
		<meeting>CIKM</meeting>
		<imprint>
			<date type="published" when="2010" />
			<biblScope unit="page" from="1069" to="1078" />
		</imprint>
	</monogr>
</biblStruct>

<biblStruct >
	<analytic>
		<title level="a" type="main">Fundamental technologies in modern speech recognition</title>
		<author>
			<persName xmlns="http://www.tei-c.org/ns/1.0"><forename type="first">Sadaoki</forename><surname>Furui</surname></persName>
		</author>
		<author>
			<persName xmlns="http://www.tei-c.org/ns/1.0"><forename type="first">Li</forename><surname>Deng</surname></persName>
		</author>
		<author>
			<persName xmlns="http://www.tei-c.org/ns/1.0"><forename type="first">Mark</forename><surname>Gales</surname></persName>
		</author>
		<author>
			<persName xmlns="http://www.tei-c.org/ns/1.0"><forename type="first">Hermann</forename><surname>Ney</surname></persName>
		</author>
		<author>
			<persName xmlns="http://www.tei-c.org/ns/1.0"><forename type="first">Keiichi</forename><surname>Tokuda</surname></persName>
		</author>
	</analytic>
	<monogr>
		<title level="j">IEEE Signal Processing Magazine</title>
		<imprint>
			<biblScope unit="volume">29</biblScope>
			<biblScope unit="issue">6</biblScope>
			<biblScope unit="page" from="16" to="17" />
			<date type="published" when="2012" />
		</imprint>
	</monogr>
</biblStruct>

<biblStruct >
	<analytic>
		<title level="a" type="main">Generic text summarization using relevance measure and latent semantic analysis</title>
		<author>
			<persName xmlns="http://www.tei-c.org/ns/1.0"><forename type="first">Yihong</forename><surname>Gong</surname></persName>
		</author>
		<author>
			<persName xmlns="http://www.tei-c.org/ns/1.0"><forename type="first">Xin</forename><surname>Liu</surname></persName>
		</author>
	</analytic>
	<monogr>
		<title level="m">Proc. SIGIR</title>
		<meeting>SIGIR</meeting>
		<imprint>
			<date type="published" when="2001" />
			<biblScope unit="page" from="19" to="25" />
		</imprint>
	</monogr>
</biblStruct>

<biblStruct >
	<analytic>
		<title level="a" type="main">Parsimonious language models for information retrieval</title>
		<author>
			<persName xmlns="http://www.tei-c.org/ns/1.0"><forename type="first">Djoerd</forename><surname>Hiemstra</surname></persName>
		</author>
		<author>
			<persName xmlns="http://www.tei-c.org/ns/1.0"><forename type="first">Stephen</forename><surname>Robertson</surname></persName>
		</author>
		<author>
			<persName xmlns="http://www.tei-c.org/ns/1.0"><forename type="first">Hugo</forename><surname>Zaragoza</surname></persName>
		</author>
	</analytic>
	<monogr>
		<title level="m">Proc. SIGIR</title>
		<meeting>SIGIR</meeting>
		<imprint>
			<date type="published" when="2004" />
			<biblScope unit="page" from="178" to="185" />
		</imprint>
	</monogr>
</biblStruct>

<biblStruct >
	<analytic>
		<title level="a" type="main">Probabilistic latent semantic indexing</title>
		<author>
			<persName xmlns="http://www.tei-c.org/ns/1.0"><forename type="first">Thomas</forename><surname>Hofmann</surname></persName>
		</author>
	</analytic>
	<monogr>
		<title level="m">Proc. SIGIR</title>
		<meeting>SIGIR</meeting>
		<imprint>
			<date type="published" when="1999" />
			<biblScope unit="page" from="50" to="57" />
		</imprint>
	</monogr>
</biblStruct>

<biblStruct >
	<analytic>
		<title level="a" type="main">Unsupervised learning by probabilistic latent semantic analysis</title>
		<author>
			<persName xmlns="http://www.tei-c.org/ns/1.0"><forename type="first">Thomas</forename><surname>Hofmann</surname></persName>
		</author>
	</analytic>
	<monogr>
		<title level="m">Machine Learning</title>
		<imprint>
			<date type="published" when="2001" />
			<biblScope unit="volume">42</biblScope>
			<biblScope unit="page" from="177" to="196" />
		</imprint>
	</monogr>
</biblStruct>

<biblStruct >
	<monogr>
		<title level="m" type="main">Spoken language processing: a guide to theory, algorithm, and system development</title>
		<author>
			<persName xmlns="http://www.tei-c.org/ns/1.0"><forename type="first">Xuedong</forename><surname>Huang</surname></persName>
		</author>
		<author>
			<persName xmlns="http://www.tei-c.org/ns/1.0"><forename type="first">Alex</forename><surname>Acero</surname></persName>
		</author>
		<author>
			<persName xmlns="http://www.tei-c.org/ns/1.0"><forename type="first">Hsiao-Wuen</forename><surname>Hon</surname></persName>
		</author>
		<imprint>
			<date type="published" when="2001" />
			<publisher>Prentice Hall PTR</publisher>
			<pubPlace>Upper Saddle River, NJ, USA</pubPlace>
		</imprint>
	</monogr>
</biblStruct>

<biblStruct >
	<analytic>
		<title level="a" type="main">A dynamic language model for speech recognition</title>
		<author>
			<persName xmlns="http://www.tei-c.org/ns/1.0"><forename type="first">Frederick</forename><surname>Jelinek</surname></persName>
		</author>
		<author>
			<persName xmlns="http://www.tei-c.org/ns/1.0"><forename type="first">Bernard</forename><surname>Merialdo</surname></persName>
		</author>
		<author>
			<persName xmlns="http://www.tei-c.org/ns/1.0"><forename type="first">Salim</forename><surname>Roukos</surname></persName>
		</author>
		<author>
			<persName xmlns="http://www.tei-c.org/ns/1.0"><forename type="first">M</forename><surname>Strauss</surname></persName>
		</author>
	</analytic>
	<monogr>
		<title level="m">Proc. the DARPA workshop on speech and natural language</title>
		<meeting>the DARPA workshop on speech and natural language</meeting>
		<imprint>
			<date type="published" when="1991" />
			<biblScope unit="page" from="293" to="295" />
		</imprint>
	</monogr>
</biblStruct>

<biblStruct >
	<monogr>
		<title level="m" type="main">Statistical methods for speech recognition</title>
		<author>
			<persName xmlns="http://www.tei-c.org/ns/1.0"><forename type="first">Frederick</forename><surname>Jelinek</surname></persName>
		</author>
		<imprint>
			<date type="published" when="1999" />
			<publisher>MIT Press</publisher>
		</imprint>
	</monogr>
</biblStruct>

<biblStruct >
	<monogr>
		<title level="m" type="main">Speech and language processing</title>
		<author>
			<persName xmlns="http://www.tei-c.org/ns/1.0"><forename type="first">Daniel</forename><surname>Jurafsky</surname></persName>
		</author>
		<author>
			<persName xmlns="http://www.tei-c.org/ns/1.0"><forename type="first">James</forename><forename type="middle">H</forename><surname>Martin</surname></persName>
		</author>
		<imprint>
			<date type="published" when="2008" />
			<publisher>Prentice Hall PTR</publisher>
			<pubPlace>Upper Saddle River, NJ, USA</pubPlace>
		</imprint>
	</monogr>
</biblStruct>

<biblStruct >
	<analytic>
		<title level="a" type="main">A cache-based natural language model for speech recognition</title>
		<author>
			<persName xmlns="http://www.tei-c.org/ns/1.0"><forename type="first">Roland</forename><surname>Kuhn</surname></persName>
		</author>
		<author>
			<persName xmlns="http://www.tei-c.org/ns/1.0"><forename type="first">Renato</forename><forename type="middle">D</forename><surname>Mori</surname></persName>
		</author>
	</analytic>
	<monogr>
		<title level="j">IEEE Transactions on Pattern Analysis and Machine Intelligence</title>
		<imprint>
			<biblScope unit="volume">12</biblScope>
			<biblScope unit="issue">6</biblScope>
			<biblScope unit="page" from="570" to="583" />
			<date type="published" when="1990" />
		</imprint>
	</monogr>
</biblStruct>

<biblStruct >
	<analytic>
		<title level="a" type="main">On information and sufficiency</title>
		<author>
			<persName xmlns="http://www.tei-c.org/ns/1.0"><forename type="first">Solomon</forename><surname>Kullback</surname></persName>
		</author>
		<author>
			<persName xmlns="http://www.tei-c.org/ns/1.0"><forename type="first">Richard</forename><forename type="middle">A</forename><surname>Leibler</surname></persName>
		</author>
	</analytic>
	<monogr>
		<title level="j">The Annals of Mathematical Statistics</title>
		<imprint>
			<biblScope unit="volume">22</biblScope>
			<biblScope unit="issue">1</biblScope>
			<biblScope unit="page" from="79" to="86" />
			<date type="published" when="1951" />
		</imprint>
	</monogr>
</biblStruct>

<biblStruct >
	<monogr>
		<title level="m" type="main">ROUGE: Recall-oriented Understudy for Gisting Evaluation</title>
		<author>
			<persName xmlns="http://www.tei-c.org/ns/1.0"><forename type="first">Chin-Yew</forename><surname>Lin</surname></persName>
		</author>
		<ptr target="http://haydn.isi.edu/ROUGE/" />
		<imprint>
			<date type="published" when="2003" />
		</imprint>
	</monogr>
</biblStruct>

<biblStruct >
	<analytic>
		<title level="a" type="main">Unsupervised language model adaptation incorporating named entity information</title>
		<author>
			<persName xmlns="http://www.tei-c.org/ns/1.0"><forename type="first">Feifan</forename><surname>Liu</surname></persName>
		</author>
		<author>
			<persName xmlns="http://www.tei-c.org/ns/1.0"><forename type="first">Yang</forename><surname>Liu</surname></persName>
		</author>
	</analytic>
	<monogr>
		<title level="m">Proc. ACL</title>
		<meeting>ACL</meeting>
		<imprint>
			<date type="published" when="2007" />
			<biblScope unit="page" from="672" to="769" />
		</imprint>
	</monogr>
</biblStruct>

<biblStruct >
	<analytic>
		<title level="a" type="main">Speech summarization</title>
		<author>
			<persName xmlns="http://www.tei-c.org/ns/1.0"><forename type="first">Yang</forename><surname>Liu</surname></persName>
		</author>
		<author>
			<persName xmlns="http://www.tei-c.org/ns/1.0"><forename type="first">Dilek</forename><surname>Hakkani-Tur</surname></persName>
		</author>
	</analytic>
	<monogr>
		<title level="m">Spoken Language Understanding: Systems for Extracting Semantic Information from Speech</title>
		<editor>G. Tur and R. D. Mori</editor>
		<meeting><address><addrLine>New York</addrLine></address></meeting>
		<imprint>
			<publisher>Wiley</publisher>
			<date type="published" when="2011" />
		</imprint>
	</monogr>
</biblStruct>

<biblStruct >
	<analytic>
		<title level="a" type="main">Document language models, query models, and risk minimization for information retrieval</title>
		<author>
			<persName xmlns="http://www.tei-c.org/ns/1.0"><forename type="first">John</forename><surname>Lafferty</surname></persName>
		</author>
		<author>
			<persName xmlns="http://www.tei-c.org/ns/1.0"><forename type="first">Chengxiang</forename><surname>Zhai</surname></persName>
		</author>
	</analytic>
	<monogr>
		<title level="m">Proc. SIGIR</title>
		<meeting>SIGIR</meeting>
		<imprint>
			<date type="published" when="2001" />
			<biblScope unit="page" from="111" to="119" />
		</imprint>
	</monogr>
</biblStruct>

<biblStruct >
	<analytic>
		<title level="a" type="main">Relevance-based language models</title>
		<author>
			<persName xmlns="http://www.tei-c.org/ns/1.0"><forename type="first">Victor</forename><surname>Lavrenko</surname></persName>
		</author>
		<author>
			<persName xmlns="http://www.tei-c.org/ns/1.0"><forename type="first">W. Bruce</forename><surname>Croft</surname></persName>
		</author>
	</analytic>
	<monogr>
		<title level="m">Proc. SIGIR</title>
		<meeting>SIGIR</meeting>
		<imprint>
			<date type="published" when="2001" />
			<biblScope unit="page" from="120" to="127" />
		</imprint>
	</monogr>
</biblStruct>

<biblStruct >
	<monogr>
		<title level="m" type="main">A Generative Theory of Relevance</title>
		<author>
			<persName xmlns="http://www.tei-c.org/ns/1.0"><forename type="first">Victor</forename><surname>Lavrenko</surname></persName>
		</author>
		<imprint>
			<date type="published" when="2004" />
			<pubPlace>Amherst</pubPlace>
		</imprint>
		<respStmt>
			<orgName>University of Massachusetts</orgName>
		</respStmt>
	</monogr>
<note type="report_type">PhD thesis</note>
</biblStruct>

<biblStruct >
	<analytic>
		<title level="a" type="main">Improving supervised learning for meeting summarization using sampling and regression</title>
		<author>
			<persName xmlns="http://www.tei-c.org/ns/1.0"><forename type="first">Shasha</forename><surname>Xie</surname></persName>
		</author>
		<author>
			<persName xmlns="http://www.tei-c.org/ns/1.0"><forename type="first">Yang</forename><surname>Liu</surname></persName>
		</author>
	</analytic>
	<monogr>
		<title level="j">Computer Speech &amp; Language</title>
		<imprint>
			<biblScope unit="volume">24</biblScope>
			<biblScope unit="issue">3</biblScope>
			<biblScope unit="page" from="495" to="514" />
			<date type="published" when="2010" />
		</imprint>
	</monogr>
</biblStruct>

<biblStruct >
	<analytic>
		<title level="a" type="main">A comparative study of methods for estimating query language models with pseudo feedback</title>
		<author>
			<persName xmlns="http://www.tei-c.org/ns/1.0"><forename type="first">Yuanhua</forename><surname>Lv</surname></persName>
		</author>
		<author>
			<persName xmlns="http://www.tei-c.org/ns/1.0"><forename type="first">Chengxiang</forename><surname>Zhai</surname></persName>
		</author>
	</analytic>
	<monogr>
		<title level="m">Proc. CIKM</title>
		<meeting>CIKM</meeting>
		<imprint>
			<date type="published" when="2009" />
			<biblScope unit="page" from="1895" to="1898" />
		</imprint>
	</monogr>
</biblStruct>

<biblStruct >
	<analytic>
		<title level="a" type="main">Positional relevance model for pseudo-relevance feedback</title>
		<author>
			<persName xmlns="http://www.tei-c.org/ns/1.0"><forename type="first">Yuanhua</forename><surname>Lv</surname></persName>
		</author>
		<author>
			<persName xmlns="http://www.tei-c.org/ns/1.0"><forename type="first">Chengxiang</forename><surname>Zhai</surname></persName>
		</author>
	</analytic>
	<monogr>
		<title level="m">Proc. SIGIR</title>
		<meeting>SIGIR</meeting>
		<imprint>
			<date type="published" when="2010" />
			<biblScope unit="page" from="579" to="586" />
		</imprint>
	</monogr>
</biblStruct>

<biblStruct >
	<analytic>
		<title level="a" type="main">A cluster-based resampling method for pseudo-relevance feedback</title>
		<author>
			<persName xmlns="http://www.tei-c.org/ns/1.0"><forename type="first">Kyung</forename><surname>Soon Lee</surname></persName>
		</author>
		<author>
			<persName xmlns="http://www.tei-c.org/ns/1.0"><forename type="first">W</forename><forename type="middle">Bruce</forename><surname>Croft</surname></persName>
		</author>
		<author>
			<persName xmlns="http://www.tei-c.org/ns/1.0"><forename type="first">James</forename><surname>Allan</surname></persName>
		</author>
	</analytic>
	<monogr>
		<title level="m">Proc. SIGIR</title>
		<meeting>SIGIR</meeting>
		<imprint>
			<date type="published" when="2008" />
			<biblScope unit="page" from="235" to="242" />
		</imprint>
	</monogr>
</biblStruct>

<biblStruct >
	<analytic>
		<title level="a" type="main">A deterministic resampling method using overlapping document clusters for pseudorelevance feedback</title>
		<author>
			<persName xmlns="http://www.tei-c.org/ns/1.0"><forename type="first">Kyung</forename><surname>Soon Lee</surname></persName>
		</author>
		<author>
			<persName xmlns="http://www.tei-c.org/ns/1.0"><forename type="first">W. Bruce</forename><surname>Croft</surname></persName>
		</author>
	</analytic>
	<monogr>
		<title level="j">Inf. Process. Manage</title>
		<imprint>
			<biblScope unit="volume">49</biblScope>
			<biblScope unit="issue">4</biblScope>
			<biblScope unit="page" from="792" to="806" />
			<date type="published" when="2013" />
		</imprint>
	</monogr>
</biblStruct>

<biblStruct >
	<monogr>
		<title level="m" type="main">Advances in automatic text summarization</title>
		<editor>Inderjeet Mani and Mark T. Maybury</editor>
		<imprint>
			<date type="published" when="1999" />
			<publisher>MIT Press</publisher>
			<pubPlace>Cambridge, MA</pubPlace>
		</imprint>
	</monogr>
</biblStruct>

<biblStruct >
	<monogr>
		<title level="m" type="main">Automatic summarization. Foundations and Trends in Information Retrieval</title>
		<author>
			<persName xmlns="http://www.tei-c.org/ns/1.0"><forename type="first">Ani</forename><surname>Nenkova</surname></persName>
		</author>
		<author>
			<persName xmlns="http://www.tei-c.org/ns/1.0"><forename type="first">Kathleen</forename><surname>Mckeown</surname></persName>
		</author>
		<imprint>
			<date type="published" when="2011" />
			<biblScope unit="volume">5</biblScope>
			<biblScope unit="page" from="103" to="233" />
		</imprint>
	</monogr>
</biblStruct>

<biblStruct >
	<monogr>
		<title level="m" type="main">A word graph algorithm for large vocabulary continuous speech recognition. Computer Speech and Language</title>
		<author>
			<persName xmlns="http://www.tei-c.org/ns/1.0"><forename type="first">Stefan</forename><surname>Ortmanns</surname></persName>
		</author>
		<author>
			<persName xmlns="http://www.tei-c.org/ns/1.0"><forename type="first">Hermann</forename><surname>Ney</surname></persName>
		</author>
		<author>
			<persName xmlns="http://www.tei-c.org/ns/1.0"><forename type="first">Xavier</forename><surname>Aubert</surname></persName>
		</author>
		<imprint>
			<date type="published" when="1997" />
			<biblScope unit="page" from="43" to="72" />
		</imprint>
	</monogr>
</biblStruct>

<biblStruct >
	<analytic>
		<title level="a" type="main">A language modeling approach to information retrieval</title>
		<author>
			<persName xmlns="http://www.tei-c.org/ns/1.0"><forename type="first">M</forename><surname>Jay</surname></persName>
		</author>
		<author>
			<persName xmlns="http://www.tei-c.org/ns/1.0"><forename type="first">W</forename><forename type="middle">Bruce</forename><surname>Ponte</surname></persName>
		</author>
		<author>
			<persName xmlns="http://www.tei-c.org/ns/1.0"><surname>Croft</surname></persName>
		</author>
	</analytic>
	<monogr>
		<title level="m">Proc. SIGIR</title>
		<meeting>SIGIR</meeting>
		<imprint>
			<date type="published" when="1998" />
			<biblScope unit="page" from="275" to="281" />
		</imprint>
	</monogr>
</biblStruct>

<biblStruct >
	<analytic>
		<title level="a" type="main">On term selection for query expansion</title>
		<author>
			<persName xmlns="http://www.tei-c.org/ns/1.0"><forename type="first">Stephen</forename><forename type="middle">E</forename><surname>Robertson</surname></persName>
		</author>
	</analytic>
	<monogr>
		<title level="j">Journal of Documentation</title>
		<imprint>
			<biblScope unit="volume">46</biblScope>
			<biblScope unit="issue">4</biblScope>
			<biblScope unit="page" from="359" to="364" />
			<date type="published" when="1990" />
		</imprint>
	</monogr>
</biblStruct>

<biblStruct >
	<analytic>
		<title level="a" type="main">SRILM-An extensible language modeling toolkit</title>
		<author>
			<persName xmlns="http://www.tei-c.org/ns/1.0"><forename type="first">Andreas</forename><surname>Stolcke</surname></persName>
		</author>
	</analytic>
	<monogr>
		<title level="m">Proc. INTERSPEECH</title>
		<meeting>INTERSPEECH</meeting>
		<imprint>
			<date type="published" when="2005" />
			<biblScope unit="page" from="901" to="904" />
		</imprint>
	</monogr>
</biblStruct>

<biblStruct >
	<analytic>
		<title level="a" type="main">Regularized estimation of mixture models for robust pseudo-relevance feedback</title>
		<author>
			<persName xmlns="http://www.tei-c.org/ns/1.0"><forename type="first">Tao</forename><surname>Tao</surname></persName>
		</author>
		<author>
			<persName xmlns="http://www.tei-c.org/ns/1.0"><forename type="first">Chengxiang</forename><surname>Zhai</surname></persName>
		</author>
	</analytic>
	<monogr>
		<title level="m">Proc. SIGIR</title>
		<meeting>SIGIR</meeting>
		<imprint>
			<date type="published" when="2006" />
			<biblScope unit="page" from="162" to="169" />
		</imprint>
	</monogr>
</biblStruct>

<biblStruct >
	<analytic>
		<title level="a" type="main">Dynamic language model adaptation using variational Bayes inference</title>
		<author>
			<persName xmlns="http://www.tei-c.org/ns/1.0"><forename type="first">Yik-Cheung</forename><surname>Tam</surname></persName>
		</author>
		<author>
			<persName xmlns="http://www.tei-c.org/ns/1.0"><forename type="first">Tanja</forename><surname>Schultz</surname></persName>
		</author>
	</analytic>
	<monogr>
		<title level="m">Proc. INTERSPEECH</title>
		<meeting>INTERSPEECH</meeting>
		<imprint>
			<date type="published" when="2005" />
			<biblScope unit="page" from="5" to="8" />
		</imprint>
	</monogr>
</biblStruct>

<biblStruct >
	<analytic>
		<title level="a" type="main">A study of methods for negative relevance feedback</title>
		<author>
			<persName xmlns="http://www.tei-c.org/ns/1.0"><forename type="first">Xuanhui</forename><surname>Wang</surname></persName>
		</author>
		<author>
			<persName xmlns="http://www.tei-c.org/ns/1.0"><forename type="first">Hui</forename><surname>Fang</surname></persName>
		</author>
		<author>
			<persName xmlns="http://www.tei-c.org/ns/1.0"><forename type="first">Chengxiang</forename><surname>Zhai</surname></persName>
		</author>
	</analytic>
	<monogr>
		<title level="m">Proc. SIGIR</title>
		<meeting>SIGIR</meeting>
		<imprint>
			<date type="published" when="2008" />
			<biblScope unit="page" from="219" to="226" />
		</imprint>
	</monogr>
</biblStruct>

<biblStruct >
	<analytic>
		<title level="a" type="main">MATBN: A Mandarin Chinese broadcast news corpus</title>
		<author>
			<persName xmlns="http://www.tei-c.org/ns/1.0"><forename type="first">Hsin-Min</forename><surname>Wang</surname></persName>
		</author>
		<author>
			<persName xmlns="http://www.tei-c.org/ns/1.0"><forename type="first">Berlin</forename><surname>Chen</surname></persName>
		</author>
		<author>
			<persName xmlns="http://www.tei-c.org/ns/1.0"><forename type="first">Jen-Wei</forename><surname>Kuo</surname></persName>
		</author>
		<author>
			<persName xmlns="http://www.tei-c.org/ns/1.0"><forename type="first">Shih-Sian</forename><surname>Cheng</surname></persName>
		</author>
	</analytic>
	<monogr>
		<title level="j">International Journal of Computational Linguistics &amp; Chinese Language Processing</title>
		<imprint>
			<biblScope unit="volume">10</biblScope>
			<biblScope unit="issue">2</biblScope>
			<biblScope unit="page" from="219" to="236" />
			<date type="published" when="2005" />
		</imprint>
	</monogr>
</biblStruct>

<biblStruct >
	<analytic>
		<title level="a" type="main">A comparative study of utilizing topic models for information retrieval</title>
		<author>
			<persName xmlns="http://www.tei-c.org/ns/1.0"><forename type="first">Xing</forename><surname>Yi</surname></persName>
		</author>
		<author>
			<persName xmlns="http://www.tei-c.org/ns/1.0"><forename type="first">James</forename><surname>Allan</surname></persName>
		</author>
	</analytic>
	<monogr>
		<title level="m">Proc. ECIR</title>
		<meeting>ECIR</meeting>
		<imprint>
			<date type="published" when="2009" />
			<biblScope unit="page" from="29" to="41" />
		</imprint>
	</monogr>
</biblStruct>

<biblStruct >
	<analytic>
		<title level="a" type="main">Valtcho Valtchev, and Phil Woodland</title>
		<author>
			<persName xmlns="http://www.tei-c.org/ns/1.0"><forename type="first">Steve</forename><surname>Young</surname></persName>
		</author>
		<author>
			<persName xmlns="http://www.tei-c.org/ns/1.0"><forename type="first">Dan</forename><surname>Kershaw</surname></persName>
		</author>
		<author>
			<persName xmlns="http://www.tei-c.org/ns/1.0"><forename type="first">Julian</forename><surname>Odell</surname></persName>
		</author>
		<author>
			<persName xmlns="http://www.tei-c.org/ns/1.0"><forename type="first">Dave</forename><surname>Ollason</surname></persName>
		</author>
	</analytic>
	<monogr>
		<title level="m">The HTK book version 3.4</title>
		<imprint>
			<publisher>Cambridge University Press</publisher>
			<date type="published" when="2006" />
		</imprint>
	</monogr>
</biblStruct>

<biblStruct >
	<analytic>
		<title level="a" type="main">A study of smoothing methods for language models applied to ad hoc information retrieval</title>
		<author>
			<persName xmlns="http://www.tei-c.org/ns/1.0"><forename type="first">Chengxiang</forename><surname>Zhai</surname></persName>
		</author>
		<author>
			<persName xmlns="http://www.tei-c.org/ns/1.0"><forename type="first">John</forename><surname>Lafferty</surname></persName>
		</author>
	</analytic>
	<monogr>
		<title level="m">Proc. SIGIR</title>
		<meeting>SIGIR</meeting>
		<imprint>
			<date type="published" when="2001" />
			<biblScope unit="page" from="334" to="342" />
		</imprint>
	</monogr>
</biblStruct>

<biblStruct >
	<analytic>
		<title level="a" type="main">Model-based feedback in the language modeling approach to information retrieval</title>
		<author>
			<persName xmlns="http://www.tei-c.org/ns/1.0"><forename type="first">Chengxiang</forename><surname>Zhai</surname></persName>
		</author>
		<author>
			<persName xmlns="http://www.tei-c.org/ns/1.0"><forename type="first">John</forename><surname>Lafferty</surname></persName>
		</author>
	</analytic>
	<monogr>
		<title level="m">Proc. CIKM</title>
		<meeting>CIKM</meeting>
		<imprint>
			<date type="published" when="2001" />
			<biblScope unit="page" from="403" to="410" />
		</imprint>
	</monogr>
</biblStruct>

<biblStruct >
	<monogr>
		<title level="m" type="main">Statistical language models for information retrieval: a critical review. Foundations and Trends in Information Retrieval</title>
		<author>
			<persName xmlns="http://www.tei-c.org/ns/1.0"><forename type="first">Chengxiang</forename><surname>Zhai</surname></persName>
		</author>
		<imprint>
			<date type="published" when="2008" />
			<biblScope unit="volume">2</biblScope>
			<biblScope unit="page" from="137" to="213" />
		</imprint>
	</monogr>
</biblStruct>

<biblStruct >
	<analytic>
		<title level="a" type="main">Novelty and redundancy detection in adaptive filtering</title>
		<author>
			<persName xmlns="http://www.tei-c.org/ns/1.0"><forename type="first">Yi</forename><surname>Zhang</surname></persName>
		</author>
		<author>
			<persName xmlns="http://www.tei-c.org/ns/1.0"><forename type="first">Jamie</forename><surname>Callan</surname></persName>
		</author>
		<author>
			<persName xmlns="http://www.tei-c.org/ns/1.0"><forename type="first">Thomas</forename><surname>Minka</surname></persName>
		</author>
	</analytic>
	<monogr>
		<title level="m">Proc. SIGIR</title>
		<meeting>SIGIR</meeting>
		<imprint>
			<date type="published" when="2002" />
			<biblScope unit="page" from="81" to="88" />
		</imprint>
	</monogr>
</biblStruct>

			</listBibl>
		</back>
	</text>
</TEI>
