<?xml version="1.0" ?>
<TEI xmlns="http://www.tei-c.org/ns/1.0" xmlns:xlink="http://www.w3.org/1999/xlink" 
 xmlns:mml="http://www.w3.org/1998/Math/MathML">
	<teiHeader>
		<fileDesc xml:id="f_554"/>
	</teiHeader>
	<text>
		<front/>
		<body/>
		<back>
			<listBibl>
<biblStruct >
	<analytic>
		<title level="a" type="main">Temporal analysis of semantic graphs using ASALSAN</title>
		<author>
			<persName xmlns="http://www.tei-c.org/ns/1.0"><forename type="first">W</forename><surname>Brett</surname></persName>
		</author>
		<author>
			<persName xmlns="http://www.tei-c.org/ns/1.0"><surname>Bader</surname></persName>
		</author>
		<author>
			<persName xmlns="http://www.tei-c.org/ns/1.0"><forename type="first">Tamara</forename><forename type="middle">G</forename><surname>Richard A Harshman</surname></persName>
		</author>
		<author>
			<persName xmlns="http://www.tei-c.org/ns/1.0"><surname>Kolda</surname></persName>
		</author>
	</analytic>
	<monogr>
		<title level="m">ICDM</title>
		<imprint>
			<publisher>IEEE</publisher>
			<date type="published" when="2007" />
			<biblScope unit="page" from="33" to="42" />
		</imprint>
	</monogr>
</biblStruct>

<biblStruct >
	<monogr>
		<title level="m" type="main">Matlab tensor toolbox version 2.5. Available online</title>
		<author>
			<persName xmlns="http://www.tei-c.org/ns/1.0"><forename type="first">Brett</forename><forename type="middle">W</forename><surname>Bader</surname></persName>
		</author>
		<author>
			<persName xmlns="http://www.tei-c.org/ns/1.0"><forename type="first">Tamara</forename><forename type="middle">G</forename><surname>Kolda</surname></persName>
		</author>
		<imprint>
			<date type="published" when="2012-01" />
		</imprint>
	</monogr>
</biblStruct>

<biblStruct >
	<analytic>
		<title level="a" type="main">Theano: a CPU and GPU math expression compiler</title>
		<author>
			<persName xmlns="http://www.tei-c.org/ns/1.0"><forename type="first">James</forename><surname>Bergstra</surname></persName>
		</author>
		<author>
			<persName xmlns="http://www.tei-c.org/ns/1.0"><forename type="first">Olivier</forename><surname>Breuleux</surname></persName>
		</author>
		<author>
			<persName xmlns="http://www.tei-c.org/ns/1.0"><forename type="first">Frédéric</forename><surname>Bastien</surname></persName>
		</author>
		<author>
			<persName xmlns="http://www.tei-c.org/ns/1.0"><forename type="first">Pascal</forename><surname>Lamblin</surname></persName>
		</author>
		<author>
			<persName xmlns="http://www.tei-c.org/ns/1.0"><forename type="first">Razvan</forename><surname>Pascanu</surname></persName>
		</author>
		<author>
			<persName xmlns="http://www.tei-c.org/ns/1.0"><forename type="first">Guillaume</forename><surname>Desjardins</surname></persName>
		</author>
		<author>
			<persName xmlns="http://www.tei-c.org/ns/1.0"><forename type="first">Joseph</forename><surname>Turian</surname></persName>
		</author>
		<author>
			<persName xmlns="http://www.tei-c.org/ns/1.0"><forename type="first">David</forename><surname>Warde-Farley</surname></persName>
		</author>
		<author>
			<persName xmlns="http://www.tei-c.org/ns/1.0"><forename type="first">Yoshua</forename><surname>Bengio</surname></persName>
		</author>
	</analytic>
	<monogr>
		<title level="m">Proceedings of the Python for Scientific Computing Conference (SciPy)</title>
		<meeting>the Python for Scientific Computing Conference (SciPy)</meeting>
		<imprint>
			<publisher>Oral Presentation</publisher>
			<date type="published" when="2010-06" />
		</imprint>
	</monogr>
</biblStruct>

<biblStruct >
	<analytic>
		<title level="a" type="main">Inside YOGO2s: a transparent information extraction architecture</title>
		<author>
			<persName xmlns="http://www.tei-c.org/ns/1.0"><forename type="first">Joanna</forename><surname>Biega</surname></persName>
		</author>
		<author>
			<persName xmlns="http://www.tei-c.org/ns/1.0"><forename type="first">Erdal</forename><surname>Kuzey</surname></persName>
		</author>
		<author>
			<persName xmlns="http://www.tei-c.org/ns/1.0"><forename type="first">Fabian M</forename><surname>Suchanek</surname></persName>
		</author>
	</analytic>
	<monogr>
		<title level="m">WWW</title>
		<imprint>
			<date type="published" when="2013" />
			<biblScope unit="page" from="325" to="328" />
		</imprint>
	</monogr>
</biblStruct>

<biblStruct >
	<analytic>
		<title level="a" type="main">Translating Embeddings for Modeling Multi-relational Data</title>
		<author>
			<persName xmlns="http://www.tei-c.org/ns/1.0"><forename type="first">A</forename><surname>Bordes</surname></persName>
		</author>
		<author>
			<persName xmlns="http://www.tei-c.org/ns/1.0"><forename type="first">N</forename><surname>Usunier</surname></persName>
		</author>
		<author>
			<persName xmlns="http://www.tei-c.org/ns/1.0"><forename type="first">A</forename><surname>Garcia-Duran</surname></persName>
		</author>
		<author>
			<persName xmlns="http://www.tei-c.org/ns/1.0"><forename type="first">J</forename><surname>Weston</surname></persName>
		</author>
		<author>
			<persName xmlns="http://www.tei-c.org/ns/1.0"><forename type="first">O</forename><surname>Yakhnenko</surname></persName>
		</author>
	</analytic>
	<monogr>
		<title level="m">Advances in Neural Information Processing Systems 26</title>
		<imprint>
			<date type="published" when="2013" />
		</imprint>
	</monogr>
</biblStruct>

<biblStruct >
	<analytic>
		<title level="a" type="main">A semantic matching energy function for learning with multi-relational data</title>
		<author>
			<persName xmlns="http://www.tei-c.org/ns/1.0"><forename type="first">Antoine</forename><surname>Bordes</surname></persName>
		</author>
		<author>
			<persName xmlns="http://www.tei-c.org/ns/1.0"><forename type="first">Xavier</forename><surname>Glorot</surname></persName>
		</author>
		<author>
			<persName xmlns="http://www.tei-c.org/ns/1.0"><forename type="first">Jason</forename><surname>Weston</surname></persName>
		</author>
		<author>
			<persName xmlns="http://www.tei-c.org/ns/1.0"><forename type="first">Yoshua</forename><surname>Bengio</surname></persName>
		</author>
	</analytic>
	<monogr>
		<title level="m">Machine Learning</title>
		<imprint>
			<date type="published" when="2013" />
			<biblScope unit="page" from="1" to="27" />
		</imprint>
	</monogr>
</biblStruct>

<biblStruct >
	<analytic>
		<title level="a" type="main">Learning to extract relations from the web using minimal supervision</title>
		<author>
			<persName xmlns="http://www.tei-c.org/ns/1.0"><forename type="first">Razvan</forename><surname>Bunescu</surname></persName>
		</author>
		<author>
			<persName xmlns="http://www.tei-c.org/ns/1.0"><forename type="first">Raymond</forename><surname>Mooney</surname></persName>
		</author>
	</analytic>
	<monogr>
		<title level="m">Proceedings of the 45th Annual Meeting of the Association of Computational Linguistics</title>
		<meeting>the 45th Annual Meeting of the Association of Computational Linguistics<address><addrLine>Prague, Czech Republic</addrLine></address></meeting>
		<imprint>
			<publisher>Association for Computational Linguistics</publisher>
			<date type="published" when="2007-06" />
			<biblScope unit="page" from="576" to="583" />
		</imprint>
	</monogr>
</biblStruct>

<biblStruct >
	<monogr>
		<title/>
		<author>
			<persName xmlns="http://www.tei-c.org/ns/1.0"><forename type="first">Andrew</forename><surname>Carlson</surname></persName>
		</author>
		<author>
			<persName xmlns="http://www.tei-c.org/ns/1.0"><forename type="first">Justin</forename><surname>Betteridge</surname></persName>
		</author>
		<author>
			<persName xmlns="http://www.tei-c.org/ns/1.0"><forename type="first">Bryan</forename><surname>Kisiel</surname></persName>
		</author>
		<author>
			<persName xmlns="http://www.tei-c.org/ns/1.0"><forename type="first">Burr</forename><surname>Settles</surname></persName>
		</author>
		<author>
			<persName xmlns="http://www.tei-c.org/ns/1.0"><forename type="first">Estevam</forename><forename type="middle">R</forename><surname>Hruschka</surname><genName>Jr</genName></persName>
		</author>
		<author>
			<persName xmlns="http://www.tei-c.org/ns/1.0"><forename type="first">Tom</forename><forename type="middle">M</forename></persName>
		</author>
		<imprint/>
	</monogr>
</biblStruct>

<biblStruct >
	<analytic>
		<title level="a" type="main">Toward an architecture for neverending language learning</title>
		<author>
			<persName xmlns="http://www.tei-c.org/ns/1.0"><surname>Mitchell</surname></persName>
		</author>
	</analytic>
	<monogr>
		<title level="m">AAAI</title>
		<imprint>
			<date type="published" when="2010" />
		</imprint>
	</monogr>
</biblStruct>

<biblStruct >
	<analytic>
		<title level="a" type="main">Multi-relational latent semantic analysis</title>
		<author>
			<persName xmlns="http://www.tei-c.org/ns/1.0"><forename type="first">Kai-Wei</forename><surname>Chang</surname></persName>
		</author>
		<author>
			<persName xmlns="http://www.tei-c.org/ns/1.0"><forename type="first">Wen-Tau</forename><surname>Yih</surname></persName>
		</author>
		<author>
			<persName xmlns="http://www.tei-c.org/ns/1.0"><forename type="first">Christopher</forename><surname>Meek</surname></persName>
		</author>
	</analytic>
	<monogr>
		<title level="m">Proceedings of the 2013 Conference on Empirical Methods in Natural Language Processing</title>
		<meeting>the 2013 Conference on Empirical Methods in Natural Language Processing<address><addrLine>Seattle, Washington, USA</addrLine></address></meeting>
		<imprint>
			<publisher>Association for Computational Linguistics</publisher>
			<date type="published" when="2013-10" />
			<biblScope unit="page" from="1602" to="1612" />
		</imprint>
	</monogr>
</biblStruct>

<biblStruct >
	<analytic>
		<title level="a" type="main">A multilinear singular value decomposition</title>
		<author>
			<persName xmlns="http://www.tei-c.org/ns/1.0"><forename type="first">Bart</forename><forename type="middle">De</forename><surname>Lieven De Lathauwer</surname></persName>
		</author>
		<author>
			<persName xmlns="http://www.tei-c.org/ns/1.0"><forename type="first">Joos</forename><surname>Moor</surname></persName>
		</author>
		<author>
			<persName xmlns="http://www.tei-c.org/ns/1.0"><surname>Vandewalle</surname></persName>
		</author>
	</analytic>
	<monogr>
		<title level="j">SIAM journal on Matrix Analysis and Applications</title>
		<imprint>
			<biblScope unit="volume">21</biblScope>
			<biblScope unit="issue">4</biblScope>
			<biblScope unit="page" from="1253" to="1278" />
			<date type="published" when="2000" />
		</imprint>
	</monogr>
</biblStruct>

<biblStruct >
	<analytic>
		<title level="a" type="main">Triplerank: Ranking semantic web data by tensor decomposition</title>
		<author>
			<persName xmlns="http://www.tei-c.org/ns/1.0"><forename type="first">Thomas</forename><surname>Franz</surname></persName>
		</author>
		<author>
			<persName xmlns="http://www.tei-c.org/ns/1.0"><forename type="first">Antje</forename><surname>Schultz</surname></persName>
		</author>
		<author>
			<persName xmlns="http://www.tei-c.org/ns/1.0"><forename type="first">Sergej</forename><surname>Sizov</surname></persName>
		</author>
		<author>
			<persName xmlns="http://www.tei-c.org/ns/1.0"><forename type="first">Steffen</forename><surname>Staab</surname></persName>
		</author>
	</analytic>
	<monogr>
		<title level="m">The Semantic WebISWC 2009</title>
		<imprint>
			<publisher>Springer</publisher>
			<date type="published" when="2009" />
			<biblScope unit="page" from="213" to="228" />
		</imprint>
	</monogr>
</biblStruct>

<biblStruct >
	<analytic>
		<title level="a" type="main">Gigatensor: scaling tensor analysis up by 100 times-algorithms and discoveries</title>
		<author>
			<persName xmlns="http://www.tei-c.org/ns/1.0"><forename type="first">U</forename><surname>Kang</surname></persName>
		</author>
		<author>
			<persName xmlns="http://www.tei-c.org/ns/1.0"><forename type="first">Evangelos</forename><surname>Papalexakis</surname></persName>
		</author>
	</analytic>
	<monogr>
		<title level="m">KDD</title>
		<imprint>
			<publisher>ACM</publisher>
			<date type="published" when="2012" />
			<biblScope unit="page" from="316" to="324" />
		</imprint>
	</monogr>
	<note>Abhay Harpale, and Christos Faloutsos</note>
</biblStruct>

<biblStruct >
	<analytic>
		<title level="a" type="main">Towards a standardized notation and terminology in multiway analysis</title>
		<author>
			<persName xmlns="http://www.tei-c.org/ns/1.0"><forename type="first">A</forename><forename type="middle">L</forename><surname>Henk</surname></persName>
		</author>
		<author>
			<persName xmlns="http://www.tei-c.org/ns/1.0"><surname>Kiers</surname></persName>
		</author>
	</analytic>
	<monogr>
		<title level="j">Journal of chemometrics</title>
		<imprint>
			<biblScope unit="volume">14</biblScope>
			<biblScope unit="issue">3</biblScope>
			<biblScope unit="page" from="105" to="122" />
			<date type="published" when="2000" />
		</imprint>
	</monogr>
</biblStruct>

<biblStruct >
	<analytic>
		<title level="a" type="main">Tensor decompositions and applications</title>
		<author>
			<persName xmlns="http://www.tei-c.org/ns/1.0"><forename type="first">Tamara</forename><forename type="middle">G</forename><surname>Kolda</surname></persName>
		</author>
		<author>
			<persName xmlns="http://www.tei-c.org/ns/1.0"><forename type="first">Brett</forename><forename type="middle">W</forename><surname>Bader</surname></persName>
		</author>
	</analytic>
	<monogr>
		<title level="j">SIAM Review</title>
		<imprint>
			<biblScope unit="volume">51</biblScope>
			<biblScope unit="issue">3</biblScope>
			<biblScope unit="page" from="455" to="500" />
			<date type="published" when="2009-09" />
		</imprint>
	</monogr>
</biblStruct>

<biblStruct >
	<monogr>
		<title level="m" type="main">Three-way arrays: rank and uniqueness of trilinear decompositions, with application to arithmetic complexity and statistics. Linear algebra and its applications</title>
		<author>
			<persName xmlns="http://www.tei-c.org/ns/1.0"><surname>Joseph</surname></persName>
		</author>
		<imprint>
			<date type="published" when="1977" />
			<biblScope unit="volume">18</biblScope>
			<biblScope unit="page" from="95" to="138" />
		</imprint>
	</monogr>
</biblStruct>

<biblStruct >
	<monogr>
		<title level="m" type="main">Matrix analysis for scientists and engineers</title>
		<author>
			<persName xmlns="http://www.tei-c.org/ns/1.0"><forename type="first">Alan</forename><forename type="middle">J</forename><surname>Laub</surname></persName>
		</author>
		<imprint>
			<date type="published" when="2005" />
			<publisher>SIAM</publisher>
			<biblScope unit="volume">13</biblScope>
			<biblScope unit="page" from="139" to="150" />
		</imprint>
	</monogr>
</biblStruct>

<biblStruct >
	<monogr>
		<title level="m" type="main">Multi-relational learning using weighted tensor decomposition with modular loss</title>
		<author>
			<persName xmlns="http://www.tei-c.org/ns/1.0"><forename type="first">Ben</forename><surname>London</surname></persName>
		</author>
		<author>
			<persName xmlns="http://www.tei-c.org/ns/1.0"><forename type="first">Theodoros</forename><surname>Rekatsinas</surname></persName>
		</author>
		<author>
			<persName xmlns="http://www.tei-c.org/ns/1.0"><forename type="first">Bert</forename><surname>Huang</surname></persName>
		</author>
		<author>
			<persName xmlns="http://www.tei-c.org/ns/1.0"><forename type="first">Lise</forename><surname>Getoor</surname></persName>
		</author>
		<ptr target="http://arxiv.org/abs/1303.1733" />
		<imprint>
			<date type="published" when="2013" />
		</imprint>
		<respStmt>
			<orgName>University of Maryland College Park</orgName>
		</respStmt>
	</monogr>
<note type="report_type">Technical report</note>
</biblStruct>

<biblStruct >
	<monogr>
		<title level="m" type="main">Introduction to Information Retrieval</title>
		<author>
			<persName xmlns="http://www.tei-c.org/ns/1.0"><forename type="first">C</forename><surname>Manning</surname></persName>
		</author>
		<author>
			<persName xmlns="http://www.tei-c.org/ns/1.0"><forename type="first">P</forename><surname>Raghavan</surname></persName>
		</author>
		<author>
			<persName xmlns="http://www.tei-c.org/ns/1.0"><forename type="first">H</forename><surname>Schutze</surname></persName>
		</author>
		<imprint>
			<date type="published" when="2008" />
			<publisher>Cambridge University Press</publisher>
		</imprint>
	</monogr>
</biblStruct>

<biblStruct >
	<analytic>
		<title level="a" type="main">Distributed representations of words and phrases and their compositionality</title>
		<author>
			<persName xmlns="http://www.tei-c.org/ns/1.0"><forename type="first">T</forename><surname>Mikolov</surname></persName>
		</author>
		<author>
			<persName xmlns="http://www.tei-c.org/ns/1.0"><forename type="first">I</forename><surname>Sutskever</surname></persName>
		</author>
		<author>
			<persName xmlns="http://www.tei-c.org/ns/1.0"><forename type="first">K</forename><surname>Chen</surname></persName>
		</author>
		<author>
			<persName xmlns="http://www.tei-c.org/ns/1.0"><forename type="first">G</forename><surname>Corrado</surname></persName>
		</author>
		<author>
			<persName xmlns="http://www.tei-c.org/ns/1.0"><forename type="first">J</forename><surname>Dean</surname></persName>
		</author>
	</analytic>
	<monogr>
		<title level="m">Advances in Neural Information Processing Systems 26</title>
		<imprint>
			<date type="published" when="2013" />
		</imprint>
	</monogr>
</biblStruct>

<biblStruct >
	<analytic>
		<title level="a" type="main">Linguistic regularities in continuous space word representations</title>
		<author>
			<persName xmlns="http://www.tei-c.org/ns/1.0"><forename type="first">Tomas</forename><surname>Mikolov</surname></persName>
		</author>
		<author>
			<persName xmlns="http://www.tei-c.org/ns/1.0"><forename type="first">Geoffrey</forename><surname>Wen-Tau Yih</surname></persName>
		</author>
		<author>
			<persName xmlns="http://www.tei-c.org/ns/1.0"><surname>Zweig</surname></persName>
		</author>
	</analytic>
	<monogr>
		<title level="m">Proceedings of the 2013 Conference of the North American Chapter of the Association for Computational Linguistics: Human Language Technologies</title>
		<meeting>the 2013 Conference of the North American Chapter of the Association for Computational Linguistics: Human Language Technologies<address><addrLine>Atlanta, Georgia</addrLine></address></meeting>
		<imprint>
			<date type="published" when="2013-06" />
			<biblScope unit="page" from="746" to="751" />
		</imprint>
	</monogr>
	<note>Association for Computational Linguistics</note>
</biblStruct>

<biblStruct >
	<analytic>
		<title level="a" type="main">Distant supervision for relation extraction without labeled data</title>
		<author>
			<persName xmlns="http://www.tei-c.org/ns/1.0"><forename type="first">Mike</forename><surname>Mintz</surname></persName>
		</author>
		<author>
			<persName xmlns="http://www.tei-c.org/ns/1.0"><forename type="first">Steven</forename><surname>Bills</surname></persName>
		</author>
		<author>
			<persName xmlns="http://www.tei-c.org/ns/1.0"><forename type="first">Rion</forename><surname>Snow</surname></persName>
		</author>
		<author>
			<persName xmlns="http://www.tei-c.org/ns/1.0"><forename type="first">Daniel</forename><surname>Jurafsky</surname></persName>
		</author>
	</analytic>
	<monogr>
		<title level="m">Proceedings of the Joint Conference of the 47th Annual Meeting of the ACL and the 4th International Joint Conference on Natural Language Processing of the AFNLP</title>
		<meeting>the Joint Conference of the 47th Annual Meeting of the ACL and the 4th International Joint Conference on Natural Language Processing of the AFNLP<address><addrLine>Suntec, Singapore</addrLine></address></meeting>
		<imprint>
			<publisher>Association for Computational Linguistics</publisher>
			<date type="published" when="2009-08" />
			<biblScope unit="page" from="1003" to="1011" />
		</imprint>
	</monogr>
</biblStruct>

<biblStruct >
	<analytic>
		<title level="a" type="main">A three-way model for collective learning on multi-relational data</title>
		<author>
			<persName xmlns="http://www.tei-c.org/ns/1.0"><forename type="first">Maximilian</forename><surname>Nickel</surname></persName>
		</author>
		<author>
			<persName xmlns="http://www.tei-c.org/ns/1.0"><forename type="first">Hans-Peter</forename><surname>Volker Tresp</surname></persName>
		</author>
		<author>
			<persName xmlns="http://www.tei-c.org/ns/1.0"><surname>Kriegel</surname></persName>
		</author>
	</analytic>
	<monogr>
		<title level="m">ICML</title>
		<imprint>
			<date type="published" when="2011" />
			<biblScope unit="page" from="809" to="816" />
		</imprint>
	</monogr>
</biblStruct>

<biblStruct >
	<analytic>
		<title level="a" type="main">Factorizing YAGO: scalable machine learning for linked data</title>
		<author>
			<persName xmlns="http://www.tei-c.org/ns/1.0"><forename type="first">Maximilian</forename><surname>Nickel</surname></persName>
		</author>
		<author>
			<persName xmlns="http://www.tei-c.org/ns/1.0"><forename type="first">Hans-Peter</forename><surname>Volker Tresp</surname></persName>
		</author>
		<author>
			<persName xmlns="http://www.tei-c.org/ns/1.0"><surname>Kriegel</surname></persName>
		</author>
	</analytic>
	<monogr>
		<title level="m">WWW</title>
		<imprint>
			<date type="published" when="2012" />
			<biblScope unit="page" from="271" to="280" />
		</imprint>
	</monogr>
</biblStruct>

<biblStruct >
	<analytic>
		<title level="a" type="main">Turbo-smt: Accelerating coupled sparse matrix-tensor factorizations by 200x</title>
		<author>
			<persName xmlns="http://www.tei-c.org/ns/1.0"><surname>Evangelos E Papalexakis</surname></persName>
		</author>
		<author>
			<persName xmlns="http://www.tei-c.org/ns/1.0"><forename type="first">M</forename><surname>Tom</surname></persName>
		</author>
		<author>
			<persName xmlns="http://www.tei-c.org/ns/1.0"><forename type="first">Nicholas</forename><forename type="middle">D</forename><surname>Mitchell</surname></persName>
		</author>
		<author>
			<persName xmlns="http://www.tei-c.org/ns/1.0"><forename type="first">Christos</forename><surname>Sidiropoulos</surname></persName>
		</author>
		<author>
			<persName xmlns="http://www.tei-c.org/ns/1.0"><forename type="first">Partha</forename><forename type="middle">Pratim</forename><surname>Faloutsos</surname></persName>
		</author>
		<author>
			<persName xmlns="http://www.tei-c.org/ns/1.0"><forename type="first">Brian</forename><surname>Talukdar</surname></persName>
		</author>
		<author>
			<persName xmlns="http://www.tei-c.org/ns/1.0"><surname>Murphy</surname></persName>
		</author>
	</analytic>
	<monogr>
		<title level="m">SDM</title>
		<imprint>
			<date type="published" when="2014" />
		</imprint>
	</monogr>
</biblStruct>

<biblStruct >
	<analytic>
		<title level="a" type="main">Modeling relations and their mentions without labeled text</title>
		<author>
			<persName xmlns="http://www.tei-c.org/ns/1.0"><forename type="first">Sebastian</forename><surname>Riedel</surname></persName>
		</author>
		<author>
			<persName xmlns="http://www.tei-c.org/ns/1.0"><forename type="first">Limin</forename><surname>Yao</surname></persName>
		</author>
		<author>
			<persName xmlns="http://www.tei-c.org/ns/1.0"><forename type="first">Andrew</forename><surname>Mccallum</surname></persName>
		</author>
	</analytic>
	<monogr>
		<title level="m">Proceedings of ECML/PKDD 2010</title>
		<meeting>ECML/PKDD 2010</meeting>
		<imprint>
			<publisher>Springer</publisher>
			<date type="published" when="2010" />
		</imprint>
	</monogr>
</biblStruct>

<biblStruct >
	<analytic>
		<title level="a" type="main">Relation extraction with matrix factorization and universal schemas</title>
		<author>
			<persName xmlns="http://www.tei-c.org/ns/1.0"><forename type="first">Sebastian</forename><surname>Riedel</surname></persName>
		</author>
		<author>
			<persName xmlns="http://www.tei-c.org/ns/1.0"><forename type="first">Limin</forename><surname>Yao</surname></persName>
		</author>
		<author>
			<persName xmlns="http://www.tei-c.org/ns/1.0"><forename type="first">Andrew</forename><surname>Mccallum</surname></persName>
		</author>
		<author>
			<persName xmlns="http://www.tei-c.org/ns/1.0"><forename type="first">Benjamin</forename><forename type="middle">M</forename><surname>Marlin</surname></persName>
		</author>
	</analytic>
	<monogr>
		<title level="m">NAACL</title>
		<imprint>
			<date type="published" when="2013" />
			<biblScope unit="page" from="74" to="84" />
		</imprint>
	</monogr>
</biblStruct>

<biblStruct >
	<analytic>
		<title level="a" type="main">Modeling missing data in distant supervision for information extraction</title>
		<author>
			<persName xmlns="http://www.tei-c.org/ns/1.0"><forename type="first">Alan</forename><surname>Ritter</surname></persName>
		</author>
		<author>
			<persName xmlns="http://www.tei-c.org/ns/1.0"><forename type="first">Luke</forename><surname>Zettlemoyer</surname></persName>
		</author>
		<author>
			<persName xmlns="http://www.tei-c.org/ns/1.0"><forename type="first">Mausam</forename></persName>
		</author>
		<author>
			<persName xmlns="http://www.tei-c.org/ns/1.0"><forename type="first">Oren</forename><surname>Etzioni</surname></persName>
		</author>
	</analytic>
	<monogr>
		<title level="j">Transactions of the Association for Computational Linguistics</title>
		<imprint>
			<biblScope unit="volume">1</biblScope>
			<biblScope unit="page" from="367" to="378" />
			<date type="published" when="2013-10" />
		</imprint>
	</monogr>
</biblStruct>

<biblStruct >
	<analytic>
		<title level="a" type="main">Relational learning via collective matrix factorization</title>
		<author>
			<persName xmlns="http://www.tei-c.org/ns/1.0"><forename type="first">P</forename><surname>Ajit</surname></persName>
		</author>
		<author>
			<persName xmlns="http://www.tei-c.org/ns/1.0"><forename type="first">Geoffrey J</forename><surname>Singh</surname></persName>
		</author>
		<author>
			<persName xmlns="http://www.tei-c.org/ns/1.0"><surname>Gordon</surname></persName>
		</author>
	</analytic>
	<monogr>
		<title level="m">Proceedings of the 14th ACM SIGKDD international conference on Knowledge discovery and data mining</title>
		<meeting>the 14th ACM SIGKDD international conference on Knowledge discovery and data mining</meeting>
		<imprint>
			<publisher>ACM</publisher>
			<date type="published" when="2008" />
			<biblScope unit="page" from="650" to="658" />
		</imprint>
	</monogr>
</biblStruct>

<biblStruct >
	<analytic>
		<title level="a" type="main">Reasoning With Neural Tensor Networks For Knowledge Base Completion</title>
		<author>
			<persName xmlns="http://www.tei-c.org/ns/1.0"><forename type="first">Richard</forename><surname>Socher</surname></persName>
		</author>
		<author>
			<persName xmlns="http://www.tei-c.org/ns/1.0"><forename type="first">Danqi</forename><surname>Chen</surname></persName>
		</author>
		<author>
			<persName xmlns="http://www.tei-c.org/ns/1.0"><forename type="first">Christopher</forename><forename type="middle">D</forename><surname>Manning</surname></persName>
		</author>
		<author>
			<persName xmlns="http://www.tei-c.org/ns/1.0"><forename type="first">Andrew</forename><forename type="middle">Y</forename><surname>Ng</surname></persName>
		</author>
	</analytic>
	<monogr>
		<title level="m">Advances in Neural Information Processing Systems 26</title>
		<imprint>
			<date type="published" when="2013" />
		</imprint>
	</monogr>
</biblStruct>

<biblStruct >
	<analytic>
		<title level="a" type="main">Analogyspace: Reducing the dimensionality of common sense knowledge</title>
		<author>
			<persName xmlns="http://www.tei-c.org/ns/1.0"><forename type="first">Robert</forename><surname>Speer</surname></persName>
		</author>
		<author>
			<persName xmlns="http://www.tei-c.org/ns/1.0"><forename type="first">Catherine</forename><surname>Havasi</surname></persName>
		</author>
		<author>
			<persName xmlns="http://www.tei-c.org/ns/1.0"><forename type="first">Henry</forename><surname>Lieberman</surname></persName>
		</author>
	</analytic>
	<monogr>
		<title level="m">AAAI</title>
		<imprint>
			<date type="published" when="2008" />
			<biblScope unit="page" from="548" to="553" />
		</imprint>
	</monogr>
</biblStruct>

<biblStruct >
	<analytic>
		<title level="a" type="main">Multi-instance multi-label learning for relation extraction</title>
		<author>
			<persName xmlns="http://www.tei-c.org/ns/1.0"><forename type="first">Mihai</forename><surname>Surdeanu</surname></persName>
		</author>
		<author>
			<persName xmlns="http://www.tei-c.org/ns/1.0"><forename type="first">Julie</forename><surname>Tibshirani</surname></persName>
		</author>
		<author>
			<persName xmlns="http://www.tei-c.org/ns/1.0"><forename type="first">Ramesh</forename><surname>Nallapati</surname></persName>
		</author>
		<author>
			<persName xmlns="http://www.tei-c.org/ns/1.0"><forename type="first">Christopher</forename><forename type="middle">D</forename><surname>Manning</surname></persName>
		</author>
	</analytic>
	<monogr>
		<title level="m">Proceedings of the Conference on Empirical Methods in Natural Language Processing and Computational Natural Language Learning</title>
		<meeting>the Conference on Empirical Methods in Natural Language Processing and Computational Natural Language Learning</meeting>
		<imprint>
			<publisher>EMNLP-CoNLL</publisher>
			<date type="published" when="2012" />
		</imprint>
	</monogr>
</biblStruct>

<biblStruct >
	<analytic>
		<title level="a" type="main">Modelling relational data using Bayesian clustered tensor factorization</title>
		<author>
			<persName xmlns="http://www.tei-c.org/ns/1.0"><forename type="first">Ilya</forename><surname>Sutskever</surname></persName>
		</author>
		<author>
			<persName xmlns="http://www.tei-c.org/ns/1.0"><forename type="first">Joshua</forename><forename type="middle">B</forename><surname>Tenenbaum</surname></persName>
		</author>
		<author>
			<persName xmlns="http://www.tei-c.org/ns/1.0"><forename type="first">Ruslan</forename><surname>Salakhutdinov</surname></persName>
		</author>
	</analytic>
	<monogr>
		<title level="m">NIPS</title>
		<imprint>
			<date type="published" when="2009" />
			<biblScope unit="page" from="1821" to="1828" />
		</imprint>
	</monogr>
</biblStruct>

<biblStruct >
	<analytic>
		<title level="a" type="main">Some mathematical notes on three-mode factor analysis</title>
		<author>
			<persName xmlns="http://www.tei-c.org/ns/1.0"><forename type="first">R</forename><surname>Ledyard</surname></persName>
		</author>
		<author>
			<persName xmlns="http://www.tei-c.org/ns/1.0"><surname>Tucker</surname></persName>
		</author>
	</analytic>
	<monogr>
		<title level="j">Psychometrika</title>
		<imprint>
			<biblScope unit="volume">31</biblScope>
			<biblScope unit="issue">3</biblScope>
			<biblScope unit="page" from="279" to="311" />
			<date type="published" when="1966" />
		</imprint>
	</monogr>
</biblStruct>

<biblStruct >
	<analytic>
		<title level="a" type="main">Connecting language and knowledge bases with embedding models for relation extraction</title>
		<author>
			<persName xmlns="http://www.tei-c.org/ns/1.0"><forename type="first">Jason</forename><surname>Weston</surname></persName>
		</author>
		<author>
			<persName xmlns="http://www.tei-c.org/ns/1.0"><forename type="first">Antoine</forename><surname>Bordes</surname></persName>
		</author>
		<author>
			<persName xmlns="http://www.tei-c.org/ns/1.0"><forename type="first">Oksana</forename><surname>Yakhnenko</surname></persName>
		</author>
		<author>
			<persName xmlns="http://www.tei-c.org/ns/1.0"><forename type="first">Nicolas</forename><surname>Usunier</surname></persName>
		</author>
	</analytic>
	<monogr>
		<title level="m">Proceedings of the 2013 Conference on Empirical Methods in Natural Language Processing</title>
		<meeting>the 2013 Conference on Empirical Methods in Natural Language Processing<address><addrLine>Seattle, Washington, USA</addrLine></address></meeting>
		<imprint>
			<date type="published" when="2013-10" />
			<biblScope unit="page" from="1366" to="1371" />
		</imprint>
	</monogr>
	<note>Association for Computational Linguistics</note>
</biblStruct>

<biblStruct >
	<analytic>
		<title level="a" type="main">Structured relation discovery using generative models</title>
		<author>
			<persName xmlns="http://www.tei-c.org/ns/1.0"><forename type="first">Limin</forename><surname>Yao</surname></persName>
		</author>
		<author>
			<persName xmlns="http://www.tei-c.org/ns/1.0"><forename type="first">Aria</forename><surname>Haghighi</surname></persName>
		</author>
		<author>
			<persName xmlns="http://www.tei-c.org/ns/1.0"><forename type="first">Sebastian</forename><surname>Riedel</surname></persName>
		</author>
		<author>
			<persName xmlns="http://www.tei-c.org/ns/1.0"><forename type="first">Andrew</forename><surname>Mccallum</surname></persName>
		</author>
	</analytic>
	<monogr>
		<title level="m">Proceedings of the 2011 Conference on Empirical Methods in Natural Language Processing</title>
		<meeting>the 2011 Conference on Empirical Methods in Natural Language Processing<address><addrLine>Edinburgh, Scotland, UK.</addrLine></address></meeting>
		<imprint>
			<date type="published" when="2011-07" />
			<biblScope unit="page" from="1456" to="1466" />
		</imprint>
	</monogr>
	<note>Association for Computational Linguistics</note>
</biblStruct>

			</listBibl>
		</back>
	</text>
</TEI>
