<?xml version="1.0" ?>
<TEI xmlns="http://www.tei-c.org/ns/1.0" xmlns:xlink="http://www.w3.org/1999/xlink" 
 xmlns:mml="http://www.w3.org/1998/Math/MathML">
	<teiHeader>
		<fileDesc xml:id="f_544"/>
	</teiHeader>
	<text>
		<front/>
		<body/>
		<back>
			<listBibl>
<biblStruct >
	<analytic>
		<title/>
		<author>
			<persName xmlns="http://www.tei-c.org/ns/1.0"><forename type="first">Nicholas</forename><surname>Asher</surname></persName>
		</author>
		<author>
			<persName xmlns="http://www.tei-c.org/ns/1.0"><forename type="first">Alex</forename><surname>Lascarides</surname></persName>
		</author>
	</analytic>
	<monogr>
		<title level="j">Bridging. Journal of Semantics</title>
		<imprint>
			<biblScope unit="volume">15</biblScope>
			<biblScope unit="page" from="83" to="113" />
			<date type="published" when="1998" />
		</imprint>
	</monogr>
</biblStruct>

<biblStruct >
	<analytic>
		<title level="a" type="main">Associative anaphora resolution: A Web-based approach</title>
		<author>
			<persName xmlns="http://www.tei-c.org/ns/1.0"><forename type="first">Razvan</forename><surname>Bunescu</surname></persName>
		</author>
	</analytic>
	<monogr>
		<title level="m">Proceedings of the EACL 2003 Workshop on The Computational Treatment of Anaphora</title>
		<meeting>the EACL 2003 Workshop on The Computational Treatment of Anaphora<address><addrLine>Budapest, Hungary</addrLine></address></meeting>
		<imprint>
			<date type="published" when="2003-04-14" />
			<biblScope unit="page" from="47" to="52" />
		</imprint>
	</monogr>
</biblStruct>

<biblStruct >
	<analytic>
		<title level="a" type="main">Automatically acquiring fine-grained information status distinctions in German</title>
		<author>
			<persName xmlns="http://www.tei-c.org/ns/1.0"><forename type="first">Aoife</forename><surname>Cahill</surname></persName>
		</author>
		<author>
			<persName xmlns="http://www.tei-c.org/ns/1.0"><forename type="first">Arndt</forename><surname>Riester</surname></persName>
		</author>
	</analytic>
	<monogr>
		<title level="m">Proceedings of the SIGdial 2012 Conference: The 13th Annual Meeting of the Special Interest Group on Discourse and Dialogue</title>
		<meeting>the SIGdial 2012 Conference: The 13th Annual Meeting of the Special Interest Group on Discourse and Dialogue<address><addrLine>Seoul, Korea</addrLine></address></meeting>
		<imprint>
			<date type="published" when="2012-07" />
			<biblScope unit="page" from="232" to="236" />
		</imprint>
	</monogr>
</biblStruct>

<biblStruct >
	<analytic>
		<title level="a" type="main">Ingredients of a first-order account of bridging</title>
		<author>
			<persName xmlns="http://www.tei-c.org/ns/1.0"><forename type="first">Philipp</forename><surname>Cimiano</surname></persName>
		</author>
	</analytic>
	<monogr>
		<title level="m">Proceedings of the 5th International Workshop on Inference in Computational Semantics</title>
		<meeting>the 5th International Workshop on Inference in Computational Semantics<address><addrLine>Buxton, U.K.</addrLine></address></meeting>
		<imprint>
			<date type="published" when="2006-04" />
			<biblScope unit="page" from="139" to="144" />
		</imprint>
	</monogr>
</biblStruct>

<biblStruct >
	<analytic>
		<title level="a" type="main">Bridging</title>
		<author>
			<persName xmlns="http://www.tei-c.org/ns/1.0"><forename type="first">H</forename><surname>Herbert</surname></persName>
		</author>
		<author>
			<persName xmlns="http://www.tei-c.org/ns/1.0"><surname>Clark</surname></persName>
		</author>
	</analytic>
	<monogr>
		<title level="m">Proceedings of the Conference on Theoretical Issues in Natural Language Processing</title>
		<meeting>the Conference on Theoretical Issues in Natural Language Processing<address><addrLine>Cambridge, Mass</addrLine></address></meeting>
		<imprint>
			<date type="published" when="1975-06" />
			<biblScope unit="page" from="169" to="174" />
		</imprint>
	</monogr>
</biblStruct>

<biblStruct >
	<analytic>
		<title level="a" type="main">Cognitive status and the form of referring expressions in discourse</title>
		<author>
			<persName xmlns="http://www.tei-c.org/ns/1.0"><forename type="first">Jeanette</forename><forename type="middle">K</forename><surname>Gundel</surname></persName>
		</author>
		<author>
			<persName xmlns="http://www.tei-c.org/ns/1.0"><forename type="first">Nancy</forename><surname>Hedberg</surname></persName>
		</author>
		<author>
			<persName xmlns="http://www.tei-c.org/ns/1.0"><forename type="first">Ron</forename><surname>Zacharski</surname></persName>
		</author>
	</analytic>
	<monogr>
		<title level="j">Language</title>
		<imprint>
			<biblScope unit="volume">69</biblScope>
			<biblScope unit="page" from="274" to="307" />
			<date type="published" when="1993" />
		</imprint>
	</monogr>
</biblStruct>

<biblStruct >
	<monogr>
		<title level="m" type="main">Definiteness and indefiniteness: A study in reference and grammaticality prediction</title>
		<author>
			<persName xmlns="http://www.tei-c.org/ns/1.0"><forename type="first">John</forename><forename type="middle">A</forename><surname>Hawkins</surname></persName>
		</author>
		<imprint>
			<date type="published" when="1978" />
			<publisher>Humanities Press</publisher>
			<pubPlace>Atlantic Highlands, N.J.</pubPlace>
		</imprint>
	</monogr>
</biblStruct>

<biblStruct >
	<analytic>
		<title level="a" type="main">Cascading collective classification for bridging anaphora recognition using a rich linguistic feature set</title>
		<author>
			<persName xmlns="http://www.tei-c.org/ns/1.0"><forename type="first">Yufang</forename><surname>Hou</surname></persName>
		</author>
		<author>
			<persName xmlns="http://www.tei-c.org/ns/1.0"><forename type="first">Katja</forename><surname>Markert</surname></persName>
		</author>
		<author>
			<persName xmlns="http://www.tei-c.org/ns/1.0"><forename type="first">Michael</forename><surname>Strube</surname></persName>
		</author>
	</analytic>
	<monogr>
		<title level="m">Proceedings of the 2013 Conference on Empirical Methods in Natural Language Processing</title>
		<meeting>the 2013 Conference on Empirical Methods in Natural Language Processing<address><addrLine>Seattle, Wash.</addrLine></address></meeting>
		<imprint>
			<date type="published" when="2013-10" />
			<biblScope unit="page" from="814" to="820" />
		</imprint>
	</monogr>
</biblStruct>

<biblStruct >
	<analytic>
		<title level="a" type="main">Global inference for bridging anaphora resolution</title>
		<author>
			<persName xmlns="http://www.tei-c.org/ns/1.0"><forename type="first">Yufang</forename><surname>Hou</surname></persName>
		</author>
		<author>
			<persName xmlns="http://www.tei-c.org/ns/1.0"><forename type="first">Katja</forename><surname>Markert</surname></persName>
		</author>
		<author>
			<persName xmlns="http://www.tei-c.org/ns/1.0"><forename type="first">Michael</forename><surname>Strube</surname></persName>
		</author>
	</analytic>
	<monogr>
		<title level="m">Proceedings of the 2013 Conference of the North American Chapter of the Association for Computational Linguistics: Human Language Technologies</title>
		<meeting>the 2013 Conference of the North American Chapter of the Association for Computational Linguistics: Human Language Technologies<address><addrLine>Atlanta, Georgia</addrLine></address></meeting>
		<imprint>
			<date type="published" when="2013-06" />
			<biblScope unit="page" from="907" to="917" />
		</imprint>
	</monogr>
</biblStruct>

<biblStruct >
	<analytic>
		<title level="a" type="main">ImpAr: A deterministic algorithm for implicit semantic role labelling</title>
		<author>
			<persName xmlns="http://www.tei-c.org/ns/1.0"><forename type="first">Egoitz</forename><surname>Laparra</surname></persName>
		</author>
		<author>
			<persName xmlns="http://www.tei-c.org/ns/1.0"><forename type="first">German</forename><surname>Rigau</surname></persName>
		</author>
	</analytic>
	<monogr>
		<title level="m">Proceedings of the 51st Annual Meeting of the Association for Computational Linguistics</title>
		<meeting>the 51st Annual Meeting of the Association for Computational Linguistics<address><addrLine>Sofia, Bulgaria</addrLine></address></meeting>
		<imprint>
			<date type="published" when="2013-08" />
			<biblScope unit="page" from="1180" to="1189" />
		</imprint>
	</monogr>
</biblStruct>

<biblStruct >
	<analytic>
		<title level="a" type="main">Leveraging different meronym discovery methods for bridging resolution in French</title>
		<author>
			<persName xmlns="http://www.tei-c.org/ns/1.0"><forename type="first">Emmanuel</forename><surname>Lassalle</surname></persName>
		</author>
		<author>
			<persName xmlns="http://www.tei-c.org/ns/1.0"><forename type="first">Pascal</forename><surname>Denis</surname></persName>
		</author>
	</analytic>
	<monogr>
		<title level="m">Proceedings of the 8th</title>
		<meeting>the 8th</meeting>
		<imprint>
			<date type="published" when="2011" />
		</imprint>
	</monogr>
</biblStruct>

<biblStruct >
	<monogr>
		<title level="m" type="main">Discourse Anaphora and Anaphor Resolution Colloquium</title>
		<imprint>
			<date type="published" when="2011-10-67" />
			<biblScope unit="page" from="35" to="46" />
			<pubPlace>Faro, Algarve, Portugal</pubPlace>
		</imprint>
	</monogr>
</biblStruct>

<biblStruct >
	<analytic>
		<title/>
		<author>
			<persName xmlns="http://www.tei-c.org/ns/1.0"><forename type="first">Sebastian</forename><surname>Löbner</surname></persName>
		</author>
	</analytic>
	<monogr>
		<title level="j">Definites. Journal of Semantics</title>
		<imprint>
			<biblScope unit="volume">4</biblScope>
			<biblScope unit="page" from="279" to="326" />
			<date type="published" when="1985" />
		</imprint>
	</monogr>
</biblStruct>

<biblStruct >
	<monogr>
		<title level="m" type="main">Definite associative anaphora. Unpublished Manuscript</title>
		<author>
			<persName xmlns="http://www.tei-c.org/ns/1.0"><forename type="first">Sebastian</forename><surname>Löbner</surname></persName>
		</author>
		<imprint>
			<date type="published" when="1998" />
		</imprint>
		<respStmt>
			<orgName>HeinrichHeine-Universität Düsseldorf</orgName>
		</respStmt>
	</monogr>
</biblStruct>

<biblStruct >
	<analytic>
		<title level="a" type="main">Using the web for nominal anaphora resolution</title>
		<author>
			<persName xmlns="http://www.tei-c.org/ns/1.0"><forename type="first">Katja</forename><surname>Markert</surname></persName>
		</author>
		<author>
			<persName xmlns="http://www.tei-c.org/ns/1.0"><forename type="first">Malvina</forename><surname>Nissim</surname></persName>
		</author>
		<author>
			<persName xmlns="http://www.tei-c.org/ns/1.0"><forename type="first">Natalia</forename><forename type="middle">N</forename></persName>
		</author>
	</analytic>
	<monogr>
		<title level="m">Proceedings of the EACL Workshop on the Computational Treatment of Anaphora</title>
		<meeting>the EACL Workshop on the Computational Treatment of Anaphora<address><addrLine>Hungary</addrLine></address></meeting>
		<imprint>
			<date type="published" when="2003-04-14" />
			<biblScope unit="page" from="39" to="46" />
		</imprint>
	</monogr>
<note type="report_type">Budapest</note>
	<note>Modjeska</note>
</biblStruct>

<biblStruct >
	<analytic>
		<title level="a" type="main">Collective classification for fine-grained information status</title>
		<author>
			<persName xmlns="http://www.tei-c.org/ns/1.0"><forename type="first">Katja</forename><surname>Markert</surname></persName>
		</author>
		<author>
			<persName xmlns="http://www.tei-c.org/ns/1.0"><forename type="first">Yufang</forename><surname>Hou</surname></persName>
		</author>
		<author>
			<persName xmlns="http://www.tei-c.org/ns/1.0"><forename type="first">Michael</forename><surname>Strube</surname></persName>
		</author>
	</analytic>
	<monogr>
		<title level="m">Proceedings of the 50th Annual Meeting of the Association for Computational Linguistics</title>
		<meeting>the 50th Annual Meeting of the Association for Computational Linguistics<address><addrLine>Jeju Island, Korea</addrLine></address></meeting>
		<imprint>
			<date type="published" when="2012-07" />
			<biblScope unit="page" from="795" to="804" />
		</imprint>
	</monogr>
</biblStruct>

<biblStruct >
	<analytic>
		<title level="a" type="main">Annotating noun argument structure for NomBank</title>
		<author>
			<persName xmlns="http://www.tei-c.org/ns/1.0"><forename type="first">Adam</forename><surname>Meyers</surname></persName>
		</author>
		<author>
			<persName xmlns="http://www.tei-c.org/ns/1.0"><forename type="first">Ruth</forename><surname>Reeves</surname></persName>
		</author>
		<author>
			<persName xmlns="http://www.tei-c.org/ns/1.0"><forename type="first">Catherine</forename><surname>Macleod</surname></persName>
		</author>
		<author>
			<persName xmlns="http://www.tei-c.org/ns/1.0"><forename type="first">Rachel</forename><surname>Szekely</surname></persName>
		</author>
		<author>
			<persName xmlns="http://www.tei-c.org/ns/1.0"><forename type="first">Veronika</forename><surname>Zielinska</surname></persName>
		</author>
		<author>
			<persName xmlns="http://www.tei-c.org/ns/1.0"><forename type="first">Brian</forename><surname>Young</surname></persName>
		</author>
		<author>
			<persName xmlns="http://www.tei-c.org/ns/1.0"><forename type="first">Ralph</forename><surname>Grishaman</surname></persName>
		</author>
	</analytic>
	<monogr>
		<title level="m">Proceedings of the 4th International Conference on Language Resources and Evaluation</title>
		<meeting>the 4th International Conference on Language Resources and Evaluation<address><addrLine>Lisbon, Portugal</addrLine></address></meeting>
		<imprint>
			<date type="published" when="2004-05" />
			<biblScope unit="page" from="803" to="806" />
		</imprint>
	</monogr>
</biblStruct>

<biblStruct >
	<analytic>
		<title level="a" type="main">Using the web in machine learning for other-anaphora resolution</title>
		<author>
			<persName xmlns="http://www.tei-c.org/ns/1.0"><forename type="first">Natalia</forename><forename type="middle">M</forename><surname>Modjeska</surname></persName>
		</author>
		<author>
			<persName xmlns="http://www.tei-c.org/ns/1.0"><forename type="first">Katja</forename><surname>Markert</surname></persName>
		</author>
		<author>
			<persName xmlns="http://www.tei-c.org/ns/1.0"><forename type="first">Malvina</forename><surname>Nissim</surname></persName>
		</author>
	</analytic>
	<monogr>
		<title level="m">Proceedings of the 2003 Conference on Empirical Methods in Natural Language Processing</title>
		<meeting>the 2003 Conference on Empirical Methods in Natural Language Processing<address><addrLine>Sapporo, Japan</addrLine></address></meeting>
		<imprint>
			<date type="published" when="2003-07" />
			<biblScope unit="page" from="176" to="183" />
		</imprint>
	</monogr>
</biblStruct>

<biblStruct >
	<analytic>
		<title level="a" type="main">Improving machine learning approaches to coreference resolution</title>
		<author>
			<persName xmlns="http://www.tei-c.org/ns/1.0"><forename type="first">Vincent</forename><surname>Ng</surname></persName>
		</author>
		<author>
			<persName xmlns="http://www.tei-c.org/ns/1.0"><forename type="first">Claire</forename><surname>Cardie</surname></persName>
		</author>
	</analytic>
	<monogr>
		<title level="m">Proceedings of the 40th Annual Meeting of the Association for Computational Linguistics, Philadelphia</title>
		<meeting>the 40th Annual Meeting of the Association for Computational Linguistics, Philadelphia<address><addrLine>Penn</addrLine></address></meeting>
		<imprint>
			<date type="published" when="2002-07" />
			<biblScope unit="page" from="104" to="111" />
		</imprint>
	</monogr>
</biblStruct>

<biblStruct >
	<monogr>
		<title level="m" type="main">English Gigaword Fifth Edition</title>
		<author>
			<persName xmlns="http://www.tei-c.org/ns/1.0"><forename type="first">Robert</forename><surname>Parker</surname></persName>
		</author>
		<author>
			<persName xmlns="http://www.tei-c.org/ns/1.0"><forename type="first">David</forename><surname>Graff</surname></persName>
		</author>
		<author>
			<persName xmlns="http://www.tei-c.org/ns/1.0"><forename type="first">Junbo</forename><surname>Kong</surname></persName>
		</author>
		<author>
			<persName xmlns="http://www.tei-c.org/ns/1.0"><forename type="first">Ke</forename><surname>Chen</surname></persName>
		</author>
		<author>
			<persName xmlns="http://www.tei-c.org/ns/1.0"><forename type="first">Kazuaki</forename><surname>Maeda</surname></persName>
		</author>
		<imprint>
			<date type="published" when="2011" />
		</imprint>
	</monogr>
</biblStruct>

<biblStruct >
	<analytic>
		<title level="a" type="main">A corpusbased investigation of definite description use</title>
		<author>
			<persName xmlns="http://www.tei-c.org/ns/1.0"><forename type="first">Massimo</forename><surname>Poesio</surname></persName>
		</author>
		<author>
			<persName xmlns="http://www.tei-c.org/ns/1.0"><forename type="first">Renata</forename><surname>Vieira</surname></persName>
		</author>
	</analytic>
	<monogr>
		<title level="j">Computational Linguistics</title>
		<imprint>
			<biblScope unit="volume">24</biblScope>
			<biblScope unit="issue">2</biblScope>
			<biblScope unit="page" from="183" to="216" />
			<date type="published" when="1998" />
		</imprint>
	</monogr>
</biblStruct>

<biblStruct >
	<analytic>
		<title level="a" type="main">Resolving bridging references in unrestricted text</title>
		<author>
			<persName xmlns="http://www.tei-c.org/ns/1.0"><forename type="first">Massimo</forename><surname>Poesio</surname></persName>
		</author>
		<author>
			<persName xmlns="http://www.tei-c.org/ns/1.0"><forename type="first">Renata</forename><surname>Vieira</surname></persName>
		</author>
		<author>
			<persName xmlns="http://www.tei-c.org/ns/1.0"><forename type="first">Simone</forename><surname>Teufel</surname></persName>
		</author>
	</analytic>
	<monogr>
		<title level="m">Proceedings of the ACL Workshop on Operational Factors in Practical, Robust Anaphora Resolution for Unrestricted Text</title>
		<meeting>the ACL Workshop on Operational Factors in Practical, Robust Anaphora Resolution for Unrestricted Text<address><addrLine>Madrid, Spain</addrLine></address></meeting>
		<imprint>
			<date type="published" when="1997-07" />
			<biblScope unit="page" from="1" to="6" />
		</imprint>
	</monogr>
</biblStruct>

<biblStruct >
	<analytic>
		<title level="a" type="main">Learning to resolve bridging references</title>
		<author>
			<persName xmlns="http://www.tei-c.org/ns/1.0"><forename type="first">Massimo</forename><surname>Poesio</surname></persName>
		</author>
		<author>
			<persName xmlns="http://www.tei-c.org/ns/1.0"><forename type="first">Rahul</forename><surname>Mehta</surname></persName>
		</author>
		<author>
			<persName xmlns="http://www.tei-c.org/ns/1.0"><forename type="first">Axel</forename><surname>Maroudas</surname></persName>
		</author>
		<author>
			<persName xmlns="http://www.tei-c.org/ns/1.0"><forename type="first">Janet</forename><surname>Hitzeman</surname></persName>
		</author>
	</analytic>
	<monogr>
		<title level="m">Proceedings of the 42nd Annual Meeting of the Association for Computational Linguistics</title>
		<meeting>the 42nd Annual Meeting of the Association for Computational Linguistics<address><addrLine>Barcelona, Spain</addrLine></address></meeting>
		<imprint>
			<date type="published" when="2004-07" />
			<biblScope unit="page" from="143" to="150" />
		</imprint>
	</monogr>
</biblStruct>

<biblStruct >
	<analytic>
		<title level="a" type="main">Towards a taxonomy of givennew information</title>
		<author>
			<persName xmlns="http://www.tei-c.org/ns/1.0"><forename type="first">F</forename><surname>Ellen</surname></persName>
		</author>
		<author>
			<persName xmlns="http://www.tei-c.org/ns/1.0"><surname>Prince</surname></persName>
		</author>
	</analytic>
	<monogr>
		<title level="m">Radical Pragmatics</title>
		<editor>P. Cole</editor>
		<meeting><address><addrLine>New York, N.Y.</addrLine></address></meeting>
		<imprint>
			<publisher>Academic Press</publisher>
			<date type="published" when="1981" />
			<biblScope unit="page" from="223" to="255" />
		</imprint>
	</monogr>
</biblStruct>

<biblStruct >
	<analytic>
		<title level="a" type="main">The ZPG letter: Subjects, definiteness, and information-status</title>
		<author>
			<persName xmlns="http://www.tei-c.org/ns/1.0"><forename type="first">F</forename><surname>Ellen</surname></persName>
		</author>
		<author>
			<persName xmlns="http://www.tei-c.org/ns/1.0"><surname>Prince</surname></persName>
		</author>
	</analytic>
	<monogr>
		<title level="m">Discourse Description. Diverse Linguistic Analyses of a Fund-Raising Text</title>
		<editor>W.C. Mann and S.A. Thompson</editor>
		<meeting><address><addrLine>Amsterdam</addrLine></address></meeting>
		<imprint>
			<publisher>John Benjamins</publisher>
			<date type="published" when="1992" />
			<biblScope unit="page" from="295" to="325" />
		</imprint>
	</monogr>
</biblStruct>

<biblStruct >
	<analytic>
		<title level="a" type="main">Learning the fine-grained information status of discourse entities</title>
		<author>
			<persName xmlns="http://www.tei-c.org/ns/1.0"><forename type="first">Altaf</forename><surname>Rahman</surname></persName>
		</author>
		<author>
			<persName xmlns="http://www.tei-c.org/ns/1.0"><forename type="first">Vincent</forename><surname>Ng</surname></persName>
		</author>
	</analytic>
	<monogr>
		<title level="m">Proceedings of the 13th Conference of the European Chapter</title>
		<meeting>the 13th Conference of the European Chapter<address><addrLine>Avignon, France</addrLine></address></meeting>
		<imprint>
			<publisher>Association for Computational Linguistics</publisher>
			<date type="published" when="2012-04" />
			<biblScope unit="page" from="798" to="807" />
		</imprint>
	</monogr>
</biblStruct>

<biblStruct >
	<analytic>
		<title level="a" type="main">Resolving coreference and associative noun phrases in scientific text</title>
		<author>
			<persName xmlns="http://www.tei-c.org/ns/1.0"><forename type="first">Ina</forename><surname>Rösiger</surname></persName>
		</author>
		<author>
			<persName xmlns="http://www.tei-c.org/ns/1.0"><forename type="first">Simone</forename><surname>Teufel</surname></persName>
		</author>
	</analytic>
	<monogr>
		<title level="m">Proceedings of the Student Research Workshop at the 14th Conference of the European Chapter of the Association for Computational Linguistics</title>
		<meeting>the Student Research Workshop at the 14th Conference of the European Chapter of the Association for Computational Linguistics<address><addrLine>Gothenburg, Sweden</addrLine></address></meeting>
		<imprint>
			<date type="published" when="2014-04-30" />
			<biblScope unit="page" from="44" to="55" />
		</imprint>
	</monogr>
</biblStruct>

<biblStruct >
	<analytic>
		<title level="a" type="main">A machine learning approach to coreference resolution of noun phrases</title>
	</analytic>
	<monogr>
		<title level="j">Computational Linguistics</title>
		<editor>Wee Meng Soon, Hwee Tou Ng, and Daniel Chung Yong Lim</editor>
		<imprint>
			<biblScope unit="volume">27</biblScope>
			<biblScope unit="issue">4</biblScope>
			<biblScope unit="page" from="521" to="544" />
			<date type="published" when="2001" />
		</imprint>
	</monogr>
</biblStruct>

<biblStruct >
	<monogr>
		<title level="m" type="main">General Inquirer: A Computer Approach to Content Analysis</title>
		<author>
			<persName xmlns="http://www.tei-c.org/ns/1.0"><forename type="first">Philip</forename><forename type="middle">J</forename><surname>Stone</surname></persName>
		</author>
		<author>
			<persName xmlns="http://www.tei-c.org/ns/1.0"><forename type="first">Dexter</forename><forename type="middle">C</forename><surname>Dunphy</surname></persName>
		</author>
		<author>
			<persName xmlns="http://www.tei-c.org/ns/1.0"><forename type="first">Marshall</forename><forename type="middle">S</forename><surname>Smith</surname></persName>
		</author>
		<author>
			<persName xmlns="http://www.tei-c.org/ns/1.0"><forename type="first">Daniel</forename><forename type="middle">M</forename><surname>Ogilvie</surname></persName>
		</author>
		<author>
			<persName xmlns="http://www.tei-c.org/ns/1.0"><forename type="first">Cambridge Computer</forename><surname>Associates</surname></persName>
		</author>
		<imprint>
			<date type="published" when="1966" />
			<publisher>MIT Press</publisher>
			<pubPlace>Cambridge, Mass</pubPlace>
		</imprint>
	</monogr>
</biblStruct>

<biblStruct >
	<analytic>
		<title level="a" type="main">An empirically-based system for processing definite descriptions</title>
		<author>
			<persName xmlns="http://www.tei-c.org/ns/1.0"><forename type="first">Renata</forename><surname>Vieira</surname></persName>
		</author>
		<author>
			<persName xmlns="http://www.tei-c.org/ns/1.0"><forename type="first">Massimo</forename><surname>Poesio</surname></persName>
		</author>
	</analytic>
	<monogr>
		<title level="j">Computational Linguistics</title>
		<imprint>
			<biblScope unit="volume">26</biblScope>
			<biblScope unit="issue">4</biblScope>
			<biblScope unit="page" from="539" to="593" />
			<date type="published" when="2000" />
		</imprint>
	</monogr>
</biblStruct>

<biblStruct >
	<monogr>
		<title/>
		<author>
			<persName xmlns="http://www.tei-c.org/ns/1.0"><forename type="first">Ralph</forename><surname>Weischedel</surname></persName>
		</author>
		<author>
			<persName xmlns="http://www.tei-c.org/ns/1.0"><forename type="first">Martha</forename><surname>Palmer</surname></persName>
		</author>
		<author>
			<persName xmlns="http://www.tei-c.org/ns/1.0"><forename type="first">Mitchell</forename><surname>Marcus</surname></persName>
		</author>
		<author>
			<persName xmlns="http://www.tei-c.org/ns/1.0"><forename type="first">Eduard</forename><surname>Hovy</surname></persName>
		</author>
		<author>
			<persName xmlns="http://www.tei-c.org/ns/1.0"><forename type="first">Sameer</forename><surname>Pradhan</surname></persName>
		</author>
		<author>
			<persName xmlns="http://www.tei-c.org/ns/1.0"><forename type="first">Lance</forename><surname>Ramshaw</surname></persName>
		</author>
		<author>
			<persName xmlns="http://www.tei-c.org/ns/1.0"><forename type="first">Nianwen</forename><surname>Xue</surname></persName>
		</author>
		<author>
			<persName xmlns="http://www.tei-c.org/ns/1.0"><forename type="first">Ann</forename><surname>Taylor</surname></persName>
		</author>
		<author>
			<persName xmlns="http://www.tei-c.org/ns/1.0"><forename type="first">Jeff</forename><surname>Kaufman</surname></persName>
		</author>
		<editor>Michelle Franchini, Mohammed El-Bachouti, Robert Belvin, and Ann Houston</editor>
		<imprint>
			<date type="published" when="2011" />
			<publisher>Linguistic Data Consortium</publisher>
			<pubPlace>Philadelphia, Penn</pubPlace>
		</imprint>
	</monogr>
	<note>OntoNotes release 4.0. LDC2011T03</note>
</biblStruct>

			</listBibl>
		</back>
	</text>
</TEI>
