<?xml version="1.0" ?>
<TEI xmlns="http://www.tei-c.org/ns/1.0" xmlns:xlink="http://www.w3.org/1999/xlink" 
 xmlns:mml="http://www.w3.org/1998/Math/MathML">
	<teiHeader>
		<fileDesc xml:id="f_1032"/>
	</teiHeader>
	<text>
		<front/>
		<body/>
		<back>
			<listBibl>
<biblStruct >
	<analytic>
		<title level="a" type="main">Unsupervised translation sense clustering</title>
		<author>
			<persName xmlns="http://www.tei-c.org/ns/1.0"><forename type="first">Mohit</forename><surname>Bansal</surname></persName>
		</author>
		<author>
			<persName xmlns="http://www.tei-c.org/ns/1.0"><forename type="first">John</forename><surname>Denero</surname></persName>
		</author>
		<author>
			<persName xmlns="http://www.tei-c.org/ns/1.0"><forename type="first">Dekang</forename><surname>Lin</surname></persName>
		</author>
	</analytic>
	<monogr>
		<title level="m">Proceedings of the 2012 Conference of the North American Chapter of the Association for Computational Linguistics: Human Language Technologies</title>
		<meeting>the 2012 Conference of the North American Chapter of the Association for Computational Linguistics: Human Language Technologies<address><addrLine>Montréal, Canada</addrLine></address></meeting>
		<imprint>
			<publisher>Association for Computational Linguistics</publisher>
			<date type="published" when="2012-06" />
			<biblScope unit="page" from="773" to="782" />
		</imprint>
	</monogr>
</biblStruct>

<biblStruct >
	<analytic>
		<title level="a" type="main">Text: Now in 2D! a framework for lexical expansion with contextual similarity</title>
		<author>
			<persName xmlns="http://www.tei-c.org/ns/1.0"><forename type="first">Chris</forename><surname>Biemann</surname></persName>
		</author>
		<author>
			<persName xmlns="http://www.tei-c.org/ns/1.0"><forename type="first">Martin</forename><surname>Riedl</surname></persName>
		</author>
	</analytic>
	<monogr>
		<title level="j">Journal of Language Modelling</title>
		<imprint>
			<biblScope unit="issue">1</biblScope>
			<biblScope unit="page">1</biblScope>
			<date type="published" when="2013" />
		</imprint>
	</monogr>
</biblStruct>

<biblStruct >
	<analytic>
		<title level="a" type="main">The second release of the RASP system</title>
		<author>
			<persName xmlns="http://www.tei-c.org/ns/1.0"><forename type="first">Ted</forename><surname>Briscoe</surname></persName>
		</author>
		<author>
			<persName xmlns="http://www.tei-c.org/ns/1.0"><forename type="first">John</forename><surname>Carroll</surname></persName>
		</author>
		<author>
			<persName xmlns="http://www.tei-c.org/ns/1.0"><forename type="first">Rebecca</forename><surname>Watson</surname></persName>
		</author>
	</analytic>
	<monogr>
		<title level="m">Proc. of the COLING/ACL 2006 Interactive Presentation Sessions</title>
		<editor>James Curran</editor>
		<meeting>of the COLING/ACL 2006 Interactive Presentation Sessions<address><addrLine>Sidney, Australia</addrLine></address></meeting>
		<imprint>
			<date type="published" when="2006-07" />
			<biblScope unit="page" from="77" to="80" />
		</imprint>
	</monogr>
</biblStruct>

<biblStruct >
	<analytic>
		<title level="a" type="main">Rank-based transformation in measuring semantic relatedness</title>
		<author>
			<persName xmlns="http://www.tei-c.org/ns/1.0"><forename type="first">Bartosz</forename><surname>Broda</surname></persName>
		</author>
		<author>
			<persName xmlns="http://www.tei-c.org/ns/1.0"><forename type="first">Maciej</forename><surname>Piasecki</surname></persName>
		</author>
		<author>
			<persName xmlns="http://www.tei-c.org/ns/1.0"><forename type="first">Stan</forename><surname>Szpakowicz</surname></persName>
		</author>
	</analytic>
	<monogr>
		<title level="m">Proceedings of the 22nd Canadian Conference on Artificial Intelligence: Advances in Artificial Intelligence, Canadian AI &apos;09</title>
		<meeting>the 22nd Canadian Conference on Artificial Intelligence: Advances in Artificial Intelligence, Canadian AI &apos;09<address><addrLine>Berlin, Heidelberg</addrLine></address></meeting>
		<imprint>
			<publisher>Springer-Verlag</publisher>
			<date type="published" when="2009" />
			<biblScope unit="page" from="187" to="190" />
		</imprint>
	</monogr>
</biblStruct>

<biblStruct >
	<monogr>
		<title level="m" type="main">User Reference Guide for the British National Corpus</title>
		<author>
			<persName xmlns="http://www.tei-c.org/ns/1.0"><forename type="first">Lou</forename><surname>Burnard</surname></persName>
		</author>
		<imprint>
			<date type="published" when="2007-02" />
		</imprint>
		<respStmt>
			<orgName>Oxford University Computing Services</orgName>
		</respStmt>
	</monogr>
<note type="report_type">Technical report</note>
</biblStruct>

<biblStruct >
	<analytic>
		<title level="a" type="main">Improvements in automatic thesaurus extraction</title>
		<author>
			<persName xmlns="http://www.tei-c.org/ns/1.0"><forename type="first">James</forename><forename type="middle">R</forename><surname>Curran</surname></persName>
		</author>
		<author>
			<persName xmlns="http://www.tei-c.org/ns/1.0"><forename type="first">Marc</forename><surname>Moens</surname></persName>
		</author>
	</analytic>
	<monogr>
		<title level="m">Proc.of the ACL 2002 Workshop on Unsupervised Lexical Acquisition</title>
		<meeting>.of the ACL 2002 Workshop on Unsupervised Lexical Acquisition<address><addrLine>Philadelphia, Pennsylvania, USA. ACL</addrLine></address></meeting>
		<imprint>
			<date type="published" when="2002" />
			<biblScope unit="page" from="59" to="66" />
		</imprint>
	</monogr>
</biblStruct>

<biblStruct >
	<analytic>
		<title level="a" type="main">Exemplar-based models for word meaning in context</title>
		<author>
			<persName xmlns="http://www.tei-c.org/ns/1.0"><forename type="first">Katrin</forename><surname>Erk</surname></persName>
		</author>
		<author>
			<persName xmlns="http://www.tei-c.org/ns/1.0"><forename type="first">Sebastian</forename><surname>Pado</surname></persName>
		</author>
	</analytic>
	<monogr>
		<title level="m">Proc. of the ACL 2010 Conference Short Papers</title>
		<meeting>of the ACL 2010 Conference Short Papers<address><addrLine>Uppsala, Sweden</addrLine></address></meeting>
		<imprint>
			<date type="published" when="2010-06" />
			<biblScope unit="page" from="92" to="97" />
		</imprint>
	</monogr>
</biblStruct>

<biblStruct >
	<monogr>
		<title level="m" type="main">WordNet: An Electronic Lexical Database (Language, Speech, and Communication)</title>
		<editor>Christiane Fellbaum</editor>
		<imprint>
			<date type="published" when="1998-05" />
			<publisher>MIT Press</publisher>
			<biblScope unit="volume">423</biblScope>
		</imprint>
	</monogr>
</biblStruct>

<biblStruct >
	<analytic>
		<title level="a" type="main">Introducing and evaluating UKWaC, a very large web-derived corpus of English</title>
		<author>
			<persName xmlns="http://www.tei-c.org/ns/1.0"><forename type="first">Adriano</forename><surname>Ferraresi</surname></persName>
		</author>
		<author>
			<persName xmlns="http://www.tei-c.org/ns/1.0"><forename type="first">Eros</forename><surname>Zanchetta</surname></persName>
		</author>
		<author>
			<persName xmlns="http://www.tei-c.org/ns/1.0"><forename type="first">Marco</forename><surname>Baroni</surname></persName>
		</author>
		<author>
			<persName xmlns="http://www.tei-c.org/ns/1.0"><forename type="first">Silvia</forename><surname>Bernardini</surname></persName>
		</author>
	</analytic>
	<monogr>
		<title level="m">Proceedings of the 4th Web as Corpus Workshop</title>
		<meeting>the 4th Web as Corpus Workshop</meeting>
		<imprint>
			<date type="published" when="2008" />
		</imprint>
	</monogr>
	<note>WAC-4</note>
</biblStruct>

<biblStruct >
	<analytic>
		<title level="a" type="main">Testing semantic similarity measures for extracting synonyms from a corpus</title>
		<author>
			<persName xmlns="http://www.tei-c.org/ns/1.0"><forename type="first">Olivier</forename><surname>Ferret</surname></persName>
		</author>
	</analytic>
	<monogr>
		<title level="m">Proc. of the Seventh LREC (LREC 2010)</title>
		<meeting>of the Seventh LREC (LREC 2010)<address><addrLine>Valetta, Malta, May. ELRA</addrLine></address></meeting>
		<imprint>
			<date type="published" when="2010" />
			<biblScope unit="page" from="3338" to="3343" />
		</imprint>
	</monogr>
</biblStruct>

<biblStruct >
	<analytic>
		<title level="a" type="main">Combining bootstrapping and feature selection for improving a distributional thesaurus</title>
		<author>
			<persName xmlns="http://www.tei-c.org/ns/1.0"><forename type="first">Olivier</forename><surname>Ferret</surname></persName>
		</author>
	</analytic>
	<monogr>
		<title level="m">ECAI</title>
		<imprint>
			<date type="published" when="2012" />
			<biblScope unit="page" from="336" to="341" />
		</imprint>
	</monogr>
</biblStruct>

<biblStruct >
	<analytic>
		<title level="a" type="main">Identifying bad semantic neighbors for improving distributional thesauri</title>
		<author>
			<persName xmlns="http://www.tei-c.org/ns/1.0"><forename type="first">Olivier</forename><surname>Ferret</surname></persName>
		</author>
	</analytic>
	<monogr>
		<title level="m">Proc. of the 51st ACL</title>
		<meeting>of the 51st ACL<address><addrLine>Sofia, Bulgaria</addrLine></address></meeting>
		<imprint>
			<publisher>Long Papers</publisher>
			<date type="published" when="2013-08" />
			<biblScope unit="volume">1</biblScope>
			<biblScope unit="page" from="561" to="571" />
		</imprint>
	</monogr>
</biblStruct>

<biblStruct >
	<analytic>
		<title level="a" type="main">New experiments in distributional representations of synonymy</title>
		<author>
			<persName xmlns="http://www.tei-c.org/ns/1.0"><forename type="first">Dayne</forename><surname>Freitag</surname></persName>
		</author>
		<author>
			<persName xmlns="http://www.tei-c.org/ns/1.0"><forename type="first">Matthias</forename><surname>Blume</surname></persName>
		</author>
		<author>
			<persName xmlns="http://www.tei-c.org/ns/1.0"><forename type="first">John</forename><surname>Byrnes</surname></persName>
		</author>
		<author>
			<persName xmlns="http://www.tei-c.org/ns/1.0"><forename type="first">Edmond</forename><surname>Chow</surname></persName>
		</author>
		<author>
			<persName xmlns="http://www.tei-c.org/ns/1.0"><forename type="first">Sadik</forename><surname>Kapadia</surname></persName>
		</author>
		<author>
			<persName xmlns="http://www.tei-c.org/ns/1.0"><forename type="first">Richard</forename><surname>Rohwer</surname></persName>
		</author>
		<author>
			<persName xmlns="http://www.tei-c.org/ns/1.0"><forename type="first">Zhiqiang</forename><surname>Wang</surname></persName>
		</author>
	</analytic>
	<monogr>
		<title level="m">Proc. of the Ninth CoNLL (CoNLL-2005)</title>
		<editor>Ido Dagan and Dan Gildea</editor>
		<meeting>of the Ninth CoNLL (CoNLL-2005)<address><addrLine>MI, USA</addrLine></address></meeting>
		<imprint>
			<date type="published" when="2005-06" />
			<biblScope unit="page" from="25" to="32" />
		</imprint>
		<respStmt>
			<orgName>University of Michigan</orgName>
		</respStmt>
	</monogr>
</biblStruct>

<biblStruct >
	<monogr>
				<author>
			<persName xmlns="http://www.tei-c.org/ns/1.0"><forename type="first">Gregory</forename><surname>Grefenstette</surname></persName>
		</author>
		<title level="m">Explorations in Automatic Thesaurus Discovery</title>
		<meeting><address><addrLine>Norwell, MA, USA</addrLine></address></meeting>
		<imprint>
			<publisher>Springer</publisher>
			<date type="published" when="1994" />
		</imprint>
	</monogr>
</biblStruct>

<biblStruct >
	<analytic>
		<title level="a" type="main">A solution to platos problem: The latent semantic analysis theory of acquisition, induction, and representation of knowledge</title>
		<author>
			<persName xmlns="http://www.tei-c.org/ns/1.0"><forename type="first">K</forename><surname>Thomas</surname></persName>
		</author>
		<author>
			<persName xmlns="http://www.tei-c.org/ns/1.0"><forename type="first">Susan</forename><forename type="middle">T</forename><surname>Landauer</surname></persName>
		</author>
		<author>
			<persName xmlns="http://www.tei-c.org/ns/1.0"><surname>Dumais</surname></persName>
		</author>
	</analytic>
	<monogr>
		<title level="j">Psychological review</title>
		<imprint>
			<biblScope unit="page" from="211" to="240" />
			<date type="published" when="1997" />
		</imprint>
	</monogr>
</biblStruct>

<biblStruct >
	<analytic>
		<title level="a" type="main">Automatic retrieval and clustering of similar words</title>
		<author>
			<persName xmlns="http://www.tei-c.org/ns/1.0"><forename type="first">Dekang</forename><surname>Lin</surname></persName>
		</author>
	</analytic>
	<monogr>
		<title level="m">Proc. of the 36th ACL and 17th COLING</title>
		<meeting>of the 36th ACL and 17th COLING<address><addrLine>Montreal, Quebec, Canada</addrLine></address></meeting>
		<imprint>
			<date type="published" when="1998-08" />
			<biblScope unit="volume">2</biblScope>
			<biblScope unit="page" from="768" to="774" />
		</imprint>
	</monogr>
</biblStruct>

<biblStruct >
	<monogr>
		<title level="m" type="main">The english lexical substitution task. Language Resources and Evaluation</title>
		<author>
			<persName xmlns="http://www.tei-c.org/ns/1.0"><forename type="first">Diana</forename><surname>Mccarthy</surname></persName>
		</author>
		<author>
			<persName xmlns="http://www.tei-c.org/ns/1.0"><forename type="first">Roberto</forename><surname>Navigli</surname></persName>
		</author>
		<imprint>
			<date type="published" when="2009" />
			<biblScope unit="volume">43</biblScope>
			<biblScope unit="page" from="139" to="159" />
		</imprint>
	</monogr>
</biblStruct>

<biblStruct >
	<analytic>
		<title level="a" type="main">Detecting a continuum of compositionality in phrasal verbs</title>
		<author>
			<persName xmlns="http://www.tei-c.org/ns/1.0"><forename type="first">Diana</forename><surname>Mccarthy</surname></persName>
		</author>
		<author>
			<persName xmlns="http://www.tei-c.org/ns/1.0"><forename type="first">Bill</forename><surname>Keller</surname></persName>
		</author>
		<author>
			<persName xmlns="http://www.tei-c.org/ns/1.0"><forename type="first">John</forename><surname>Carroll</surname></persName>
		</author>
	</analytic>
	<monogr>
		<title level="m">Proc. of the ACL Workshop on MWEs: Analysis, Acquisition and Treatment (MWE 2003)</title>
		<editor>Francis Bond, Anna Korhonen, Diana McCarthy, and Aline Villavicencio</editor>
		<meeting>of the ACL Workshop on MWEs: Analysis, Acquisition and Treatment (MWE 2003)<address><addrLine>Sapporo, Japan</addrLine></address></meeting>
		<imprint>
			<date type="published" when="2003-07" />
			<biblScope unit="page" from="73" to="80" />
		</imprint>
	</monogr>
</biblStruct>

<biblStruct >
	<analytic>
		<title level="a" type="main">Automatic selection of heterogeneous syntactic features in semantic similarity of polish nouns</title>
		<author>
			<persName xmlns="http://www.tei-c.org/ns/1.0"><forename type="first">Maciej</forename><surname>Piasecki</surname></persName>
		</author>
		<author>
			<persName xmlns="http://www.tei-c.org/ns/1.0"><forename type="first">Stanislaw</forename><surname>Szpakowicz</surname></persName>
		</author>
		<author>
			<persName xmlns="http://www.tei-c.org/ns/1.0"><forename type="first">Bartosz</forename><surname>Broda</surname></persName>
		</author>
	</analytic>
	<monogr>
		<title level="m">Proceedings of the 10th international conference on Text, speech and dialogue, TSD&apos;07</title>
		<meeting>the 10th international conference on Text, speech and dialogue, TSD&apos;07<address><addrLine>Berlin, Heidelberg</addrLine></address></meeting>
		<imprint>
			<publisher>Springer-Verlag</publisher>
			<date type="published" when="2007" />
			<biblScope unit="page" from="99" to="106" />
		</imprint>
	</monogr>
</biblStruct>

<biblStruct >
	<monogr>
		<title level="m" type="main">Distributional semantics beyond words: Supervised learning of analogy and paraphrase</title>
		<author>
			<persName xmlns="http://www.tei-c.org/ns/1.0"><forename type="first">D</forename><surname>Peter</surname></persName>
		</author>
		<author>
			<persName xmlns="http://www.tei-c.org/ns/1.0"><surname>Turney</surname></persName>
		</author>
		<imprint>
			<date type="published" when="2013" />
			<biblScope unit="volume">1</biblScope>
			<biblScope unit="page" from="353" to="366" />
		</imprint>
	</monogr>
</biblStruct>

<biblStruct >
	<analytic>
		<title level="a" type="main">A non-negative tensor factorization model for selectional preference induction</title>
		<author>
			<persName xmlns="http://www.tei-c.org/ns/1.0"><forename type="first">Tim</forename><surname>Van De Cruys</surname></persName>
		</author>
	</analytic>
	<monogr>
		<title level="m">Proceedings of the Workshop on Geometrical Models of Natural Language Semantics</title>
		<meeting>the Workshop on Geometrical Models of Natural Language Semantics<address><addrLine>Athens, Greece, March</addrLine></address></meeting>
		<imprint>
			<date type="published" when="2009" />
			<biblScope unit="page" from="83" to="90" />
		</imprint>
	</monogr>
	<note>Association for Computational Linguistics</note>
</biblStruct>

<biblStruct >
	<analytic>
		<title level="a" type="main">Characterising measures of lexical distributional similarity</title>
		<author>
			<persName xmlns="http://www.tei-c.org/ns/1.0"><forename type="first">Julie</forename><surname>Weeds</surname></persName>
		</author>
		<author>
			<persName xmlns="http://www.tei-c.org/ns/1.0"><forename type="first">David</forename><surname>Weir</surname></persName>
		</author>
		<author>
			<persName xmlns="http://www.tei-c.org/ns/1.0"><forename type="first">Diana</forename><surname>Mccarthy</surname></persName>
		</author>
	</analytic>
	<monogr>
		<title level="m">Proc. of the 20th COLING</title>
		<meeting>of the 20th COLING<address><addrLine>Geneva, Switzerland</addrLine></address></meeting>
		<imprint>
			<date type="published" when="2004-08" />
			<biblScope unit="page" from="1015" to="1021" />
		</imprint>
	</monogr>
</biblStruct>

			</listBibl>
		</back>
	</text>
</TEI>
