<?xml version="1.0" ?>
<TEI xmlns="http://www.tei-c.org/ns/1.0" xmlns:xlink="http://www.w3.org/1999/xlink" 
 xmlns:mml="http://www.w3.org/1998/Math/MathML">
	<teiHeader>
		<fileDesc xml:id="f_1669"/>
	</teiHeader>
	<text>
		<front/>
		<body/>
		<back>
			<listBibl>
<biblStruct >
	<analytic>
		<title level="a" type="main">UKP: Computing Semantic Textual Similarity by Combining Multiple Content Similarity Measures</title>
		<author>
			<persName xmlns="http://www.tei-c.org/ns/1.0"><forename type="first">Daniel</forename><surname>Bär</surname></persName>
		</author>
		<author>
			<persName xmlns="http://www.tei-c.org/ns/1.0"><forename type="first">Chris</forename><surname>Biemann</surname></persName>
		</author>
		<author>
			<persName xmlns="http://www.tei-c.org/ns/1.0"><forename type="first">Iryna</forename><surname>Gurevych</surname></persName>
		</author>
		<author>
			<persName xmlns="http://www.tei-c.org/ns/1.0"><forename type="first">Torsten</forename><surname>Zesch</surname></persName>
		</author>
	</analytic>
	<monogr>
		<title level="m">Proceedings of the 6th International Workshop on Semantic Evaluation, held in conjunction with the 1st Joint Conference on Lexical and Computational Semantics</title>
		<meeting>the 6th International Workshop on Semantic Evaluation, held in conjunction with the 1st Joint Conference on Lexical and Computational Semantics<address><addrLine>Montreal, Canada</addrLine></address></meeting>
		<imprint>
			<date type="published" when="2012" />
			<biblScope unit="page" from="435" to="440" />
		</imprint>
	</monogr>
</biblStruct>

<biblStruct >
	<analytic>
		<title level="a" type="main">Text: Now in 2D! A Framework for Lexical Expansion with Contextual Similarity</title>
		<author>
			<persName xmlns="http://www.tei-c.org/ns/1.0"><forename type="first">Chris</forename><surname>Biemann</surname></persName>
		</author>
		<author>
			<persName xmlns="http://www.tei-c.org/ns/1.0"><forename type="first">Martin</forename><surname>Riedl</surname></persName>
		</author>
	</analytic>
	<monogr>
		<title level="j">Journal of Language Modelling</title>
		<imprint>
			<biblScope unit="volume">1</biblScope>
			<biblScope unit="issue">1</biblScope>
			<biblScope unit="page" from="55" to="95" />
			<date type="published" when="2013" />
		</imprint>
	</monogr>
</biblStruct>

<biblStruct >
	<analytic>
		<title level="a" type="main">Turk bootstrap word sense inventory 2.0: A large-scale resource for lexical substitution</title>
		<author>
			<persName xmlns="http://www.tei-c.org/ns/1.0"><forename type="first">Chris</forename><surname>Biemann</surname></persName>
		</author>
	</analytic>
	<monogr>
		<title level="m">Proceedings of the Eight International Conference on Language Resources and Evaluation (LREC&apos;12)</title>
		<meeting>the Eight International Conference on Language Resources and Evaluation (LREC&apos;12)<address><addrLine>Istanbul, Turkey</addrLine></address></meeting>
		<imprint>
			<date type="published" when="2012" />
		</imprint>
	</monogr>
</biblStruct>

<biblStruct >
	<monogr>
		<title level="m" type="main">Web 1t 5gram corpus version 1</title>
		<author>
			<persName xmlns="http://www.tei-c.org/ns/1.0"><forename type="first">Thorsten</forename><surname>Brants</surname></persName>
		</author>
		<author>
			<persName xmlns="http://www.tei-c.org/ns/1.0"><forename type="first">Alex</forename><surname>Franz</surname></persName>
		</author>
		<imprint>
			<date type="published" when="2006" />
		</imprint>
	</monogr>
<note type="report_type">Technical report</note>
	<note>Google Research</note>
</biblStruct>

<biblStruct >
	<analytic>
		<title level="a" type="main">Retrieval evaluation with incomplete information</title>
		<author>
			<persName xmlns="http://www.tei-c.org/ns/1.0"><forename type="first">Chris</forename><surname>Buckley</surname></persName>
		</author>
		<author>
			<persName xmlns="http://www.tei-c.org/ns/1.0"><forename type="first">Ellen</forename><forename type="middle">M</forename><surname>Voorhees</surname></persName>
		</author>
	</analytic>
	<monogr>
		<title level="m">Proceedings of the 27th Annual International ACM SIGIR Conference on Research and Development in Information Retrieval, SIGIR &apos;04</title>
		<meeting>the 27th Annual International ACM SIGIR Conference on Research and Development in Information Retrieval, SIGIR &apos;04<address><addrLine>Sheffield, United Kingdom</addrLine></address></meeting>
		<imprint>
			<date type="published" when="2004" />
			<biblScope unit="page" from="25" to="32" />
		</imprint>
	</monogr>
</biblStruct>

<biblStruct >
	<analytic>
		<title level="a" type="main">Lexical generalisation for word-level matching in plagiarism detection</title>
		<author>
			<persName xmlns="http://www.tei-c.org/ns/1.0"><forename type="first">Miranda</forename><surname>Chong</surname></persName>
		</author>
		<author>
			<persName xmlns="http://www.tei-c.org/ns/1.0"><forename type="first">Lucia</forename><surname>Specia</surname></persName>
		</author>
	</analytic>
	<monogr>
		<title level="m">Recent Advances in Natural Language Processing</title>
		<meeting><address><addrLine>Hissar, Bulgaria</addrLine></address></meeting>
		<imprint>
			<date type="published" when="2011" />
			<biblScope unit="page" from="704" to="709" />
		</imprint>
	</monogr>
</biblStruct>

<biblStruct >
	<analytic>
		<title level="a" type="main">Recognizing Textual Entailment: Models and Applications</title>
		<author>
			<persName xmlns="http://www.tei-c.org/ns/1.0"><forename type="first">Dan</forename><surname>Ido Dagan</surname></persName>
		</author>
		<author>
			<persName xmlns="http://www.tei-c.org/ns/1.0"><forename type="first">Mark</forename><surname>Roth</surname></persName>
		</author>
		<author>
			<persName xmlns="http://www.tei-c.org/ns/1.0"><forename type="first">Fabio</forename><forename type="middle">M</forename><surname>Sammons</surname></persName>
		</author>
		<author>
			<persName xmlns="http://www.tei-c.org/ns/1.0"><surname>Zanzotto</surname></persName>
		</author>
	</analytic>
	<monogr>
		<title level="j">Synthesis Lectures on Human Language Technologies</title>
		<imprint>
			<biblScope unit="volume">6</biblScope>
			<biblScope unit="issue">4</biblScope>
			<biblScope unit="page" from="1" to="220" />
			<date type="published" when="2013" />
		</imprint>
	</monogr>
</biblStruct>

<biblStruct >
	<monogr>
				<author>
			<persName xmlns="http://www.tei-c.org/ns/1.0"><forename type="first">Stefan</forename><forename type="middle">Evert</forename></persName>
		</author>
		<title level="m">The Statistics of Word Cooccurrences: Word Pairs and Collocations</title>
		<imprint>
			<date type="published" when="2005" />
		</imprint>
		<respStmt>
			<orgName>Institut für maschinelle Sprachverarbeitung, University of Stuttgart</orgName>
		</respStmt>
	</monogr>
<note type="report_type">Ph.D. thesis</note>
</biblStruct>

<biblStruct >
	<analytic>
		<title level="a" type="main">Liblinear: A library for large linear classification</title>
		<author>
			<persName xmlns="http://www.tei-c.org/ns/1.0"><forename type="first">Kai-Wei</forename><surname>Rong-En Fan</surname></persName>
		</author>
		<author>
			<persName xmlns="http://www.tei-c.org/ns/1.0"><forename type="first">Cho-Jui</forename><surname>Chang</surname></persName>
		</author>
		<author>
			<persName xmlns="http://www.tei-c.org/ns/1.0"><forename type="first">Xiangrui</forename><surname>Hsieh</surname></persName>
		</author>
		<author>
			<persName xmlns="http://www.tei-c.org/ns/1.0"><forename type="first">Chih-Jen</forename><surname>Wang</surname></persName>
		</author>
		<author>
			<persName xmlns="http://www.tei-c.org/ns/1.0"><surname>Lin</surname></persName>
		</author>
	</analytic>
	<monogr>
		<title level="j">Journal of Machine Learning Research</title>
		<imprint>
			<biblScope unit="volume">9</biblScope>
			<biblScope unit="page" from="1871" to="1874" />
			<date type="published" when="2008" />
		</imprint>
	</monogr>
</biblStruct>

<biblStruct >
	<analytic>
		<title level="a" type="main">Fbk-irst: Lexical substitution task exploiting domain and syntagmatic coherence</title>
		<author>
			<persName xmlns="http://www.tei-c.org/ns/1.0"><forename type="first">Claudio</forename><surname>Giuliano</surname></persName>
		</author>
		<author>
			<persName xmlns="http://www.tei-c.org/ns/1.0"><forename type="first">Alfio</forename><surname>Gliozzo</surname></persName>
		</author>
		<author>
			<persName xmlns="http://www.tei-c.org/ns/1.0"><forename type="first">Carlo</forename><surname>Strapparava</surname></persName>
		</author>
	</analytic>
	<monogr>
		<title level="m">Proceedings of the 4th International Workshop on Semantic Evaluations, SemEval &apos;07</title>
		<meeting>the 4th International Workshop on Semantic Evaluations, SemEval &apos;07<address><addrLine>Prague, Czech Republic</addrLine></address></meeting>
		<imprint>
			<date type="published" when="2007" />
			<biblScope unit="page" from="145" to="148" />
		</imprint>
	</monogr>
</biblStruct>

<biblStruct >
	<analytic>
		<title level="a" type="main">What Substitutes Tell Us-Analysis of an</title>
		<author>
			<persName xmlns="http://www.tei-c.org/ns/1.0"><forename type="first">Gerhard</forename><surname>Kremer</surname></persName>
		</author>
		<author>
			<persName xmlns="http://www.tei-c.org/ns/1.0"><forename type="first">Katrin</forename><surname>Erk</surname></persName>
		</author>
		<author>
			<persName xmlns="http://www.tei-c.org/ns/1.0"><forename type="first">Sebastian</forename><surname>Padó</surname></persName>
		</author>
		<author>
			<persName xmlns="http://www.tei-c.org/ns/1.0"><forename type="first">Stefan</forename><surname>Thater</surname></persName>
		</author>
	</analytic>
	<monogr>
		<title level="m">Proceedings of the 14th Conference of the European Chapter of the Association for Computational Linguistics (EACL 2014)</title>
		<meeting>the 14th Conference of the European Chapter of the Association for Computational Linguistics (EACL 2014)<address><addrLine>Gothenburg, Sweden</addrLine></address></meeting>
		<imprint>
			<date type="published" when="2014" />
			<biblScope unit="page" from="540" to="549" />
		</imprint>
	</monogr>
	<note>All-Words&quot; Lexical Substitution Corpus</note>
</biblStruct>

<biblStruct >
	<analytic>
		<title level="a" type="main">The measurement of observer agreement for categorical data</title>
		<author>
			<persName xmlns="http://www.tei-c.org/ns/1.0"><forename type="first">J</forename></persName>
		</author>
		<author>
			<persName xmlns="http://www.tei-c.org/ns/1.0"><forename type="first">Richard</forename><surname>Landis</surname></persName>
		</author>
		<author>
			<persName xmlns="http://www.tei-c.org/ns/1.0"><forename type="first">Gary</forename><forename type="middle">G</forename><surname>Koch</surname></persName>
		</author>
	</analytic>
	<monogr>
		<title level="j">Biometrics</title>
		<imprint>
			<biblScope unit="volume">33</biblScope>
			<biblScope unit="page" from="159" to="174" />
			<date type="published" when="1977" />
		</imprint>
	</monogr>
</biblStruct>

<biblStruct >
	<monogr>
		<title level="m" type="main">The English lexical substitution task. Language Resources and Evaluation</title>
		<author>
			<persName xmlns="http://www.tei-c.org/ns/1.0"><forename type="first">Diana</forename><surname>Mccarthy</surname></persName>
		</author>
		<author>
			<persName xmlns="http://www.tei-c.org/ns/1.0"><forename type="first">Roberto</forename><surname>Navigli</surname></persName>
		</author>
		<imprint>
			<date type="published" when="2009" />
			<biblScope unit="volume">43</biblScope>
			<biblScope unit="page" from="139" to="159" />
		</imprint>
	</monogr>
</biblStruct>

<biblStruct >
	<analytic>
		<title level="a" type="main">Deep Parsing in Watson</title>
		<author>
			<persName xmlns="http://www.tei-c.org/ns/1.0"><forename type="first">C</forename><surname>Michael</surname></persName>
		</author>
		<author>
			<persName xmlns="http://www.tei-c.org/ns/1.0"><forename type="first">J</forename><forename type="middle">William</forename><surname>Mccord</surname></persName>
		</author>
		<author>
			<persName xmlns="http://www.tei-c.org/ns/1.0"><forename type="first">Branimir</forename><forename type="middle">K</forename><surname>Murdock</surname></persName>
		</author>
		<author>
			<persName xmlns="http://www.tei-c.org/ns/1.0"><surname>Boguraev</surname></persName>
		</author>
	</analytic>
	<monogr>
		<title level="j">IBM J. Res. Dev</title>
		<imprint>
			<biblScope unit="volume">56</biblScope>
			<biblScope unit="issue">3</biblScope>
			<biblScope unit="page" from="264" to="278" />
			<date type="published" when="2012" />
		</imprint>
	</monogr>
</biblStruct>

<biblStruct >
	<analytic>
		<title level="a" type="main">WordNet: A Lexical Database for English</title>
		<author>
			<persName xmlns="http://www.tei-c.org/ns/1.0"><forename type="first">George</forename><forename type="middle">A</forename><surname>Miller</surname></persName>
		</author>
	</analytic>
	<monogr>
		<title level="j">Communications of the ACM</title>
		<imprint>
			<biblScope unit="volume">38</biblScope>
			<biblScope unit="page" from="39" to="41" />
			<date type="published" when="1995" />
		</imprint>
	</monogr>
</biblStruct>

<biblStruct >
	<analytic>
		<title level="a" type="main">Supervised All-Words Lexical Substitution using Delexicalized Features</title>
		<author>
			<persName xmlns="http://www.tei-c.org/ns/1.0"><forename type="first">György</forename><surname>Szarvas</surname></persName>
		</author>
		<author>
			<persName xmlns="http://www.tei-c.org/ns/1.0"><forename type="first">Chris</forename><surname>Biemann</surname></persName>
		</author>
		<author>
			<persName xmlns="http://www.tei-c.org/ns/1.0"><forename type="first">Iryna</forename><surname>Gurevych</surname></persName>
		</author>
	</analytic>
	<monogr>
		<title level="m">Proceedings of the 2013 Conference of the North American Chapter of the Association for Computational Linguistics: Human Language Technologies (NAACL-HLT 2013)</title>
		<meeting>the 2013 Conference of the North American Chapter of the Association for Computational Linguistics: Human Language Technologies (NAACL-HLT 2013)<address><addrLine>Atlanta, GA, USA</addrLine></address></meeting>
		<imprint>
			<date type="published" when="2013" />
			<biblScope unit="page" from="1131" to="1141" />
		</imprint>
	</monogr>
</biblStruct>

			</listBibl>
		</back>
	</text>
</TEI>
