<?xml version="1.0" ?>
<TEI xmlns="http://www.tei-c.org/ns/1.0" xmlns:xlink="http://www.w3.org/1999/xlink" 
 xmlns:mml="http://www.w3.org/1998/Math/MathML">
	<teiHeader>
		<fileDesc xml:id="f_805"/>
	</teiHeader>
	<text>
		<front/>
		<body/>
		<back>
			<listBibl>
<biblStruct >
	<monogr>
		<title level="m" type="main">The CELEX2 lexical database. ldc96l14</title>
		<author>
			<persName xmlns="http://www.tei-c.org/ns/1.0"><forename type="first">H</forename><surname>Baayen</surname></persName>
		</author>
		<author>
			<persName xmlns="http://www.tei-c.org/ns/1.0"><forename type="first">R</forename><surname>Piepenbrock</surname></persName>
		</author>
		<author>
			<persName xmlns="http://www.tei-c.org/ns/1.0"><forename type="first">L</forename><surname>Gulikers</surname></persName>
		</author>
		<imprint>
			<date type="published" when="1995" />
		</imprint>
	</monogr>
</biblStruct>

<biblStruct >
	<analytic>
		<title level="a" type="main">Jointsequence models for grapheme-to-phoneme conversion</title>
		<author>
			<persName xmlns="http://www.tei-c.org/ns/1.0"><forename type="first">Maximilian</forename><surname>Bisani</surname></persName>
		</author>
		<author>
			<persName xmlns="http://www.tei-c.org/ns/1.0"><forename type="first">Hermann</forename><surname>Ney</surname></persName>
		</author>
	</analytic>
	<monogr>
		<title level="j">Speech Communication</title>
		<imprint>
			<biblScope unit="volume">50</biblScope>
			<biblScope unit="issue">5</biblScope>
			<biblScope unit="page" from="434" to="451" />
			<date type="published" when="2008" />
		</imprint>
	</monogr>
</biblStruct>

<biblStruct >
	<analytic>
		<title level="a" type="main">An improved error model for noisy channel spelling correction</title>
		<author>
			<persName xmlns="http://www.tei-c.org/ns/1.0"><forename type="first">Eric</forename><surname>Brill</surname></persName>
		</author>
		<author>
			<persName xmlns="http://www.tei-c.org/ns/1.0"><forename type="first">C</forename><surname>Robert</surname></persName>
		</author>
		<author>
			<persName xmlns="http://www.tei-c.org/ns/1.0"><surname>Moore</surname></persName>
		</author>
	</analytic>
	<monogr>
		<title level="m">Proceedings of the 38th Annual Meeting on Association for Computational Linguistics, ACL &apos;00</title>
		<meeting>the 38th Annual Meeting on Association for Computational Linguistics, ACL &apos;00<address><addrLine>Stroudsburg, PA, USA</addrLine></address></meeting>
		<imprint>
			<publisher>Association for Computational Linguistics</publisher>
			<date type="published" when="2000" />
			<biblScope unit="page" from="286" to="293" />
		</imprint>
	</monogr>
</biblStruct>

<biblStruct >
	<analytic>
		<title level="a" type="main">Stochastic contextual edit distance and probabilistic FSTs</title>
		<author>
			<persName xmlns="http://www.tei-c.org/ns/1.0"><forename type="first">Ryan</forename><surname>Cotterell</surname></persName>
		</author>
		<author>
			<persName xmlns="http://www.tei-c.org/ns/1.0"><forename type="first">Nanyun</forename><surname>Peng</surname></persName>
		</author>
		<author>
			<persName xmlns="http://www.tei-c.org/ns/1.0"><forename type="first">Jason</forename><surname>Eisner</surname></persName>
		</author>
	</analytic>
	<monogr>
		<title level="m">Proceedings of the 52nd Annual Meeting of the Association for Computational Linguistics (ACL)</title>
		<meeting>the 52nd Annual Meeting of the Association for Computational Linguistics (ACL)<address><addrLine>Baltimore</addrLine></address></meeting>
		<imprint>
			<date type="published" when="2014-06" />
			<biblScope unit="page" from="625" to="630" />
		</imprint>
	</monogr>
</biblStruct>

<biblStruct >
	<monogr>
		<title level="m" type="main">Variable-length sequence matching for phonetic transcription using joint multigrams</title>
		<author>
			<persName xmlns="http://www.tei-c.org/ns/1.0"><forename type="first">Sabine</forename><surname>Deligne</surname></persName>
		</author>
		<author>
			<persName xmlns="http://www.tei-c.org/ns/1.0"><forename type="first">Franois</forename><surname>Yvon</surname></persName>
		</author>
		<author>
			<persName xmlns="http://www.tei-c.org/ns/1.0"><forename type="first">Frédéric</forename><surname>Bimbot</surname></persName>
		</author>
		<editor>EUROSPEECH. ISCA</editor>
		<imprint>
			<date type="published" when="1995" />
		</imprint>
	</monogr>
</biblStruct>

<biblStruct >
	<analytic>
		<title level="a" type="main">Latent-variable modeling of string transductions with finite-state methods</title>
		<author>
			<persName xmlns="http://www.tei-c.org/ns/1.0"><forename type="first">Markus</forename><surname>Dreyer</surname></persName>
		</author>
		<author>
			<persName xmlns="http://www.tei-c.org/ns/1.0"><forename type="first">Jason</forename><surname>Smith</surname></persName>
		</author>
		<author>
			<persName xmlns="http://www.tei-c.org/ns/1.0"><forename type="first">Jason</forename><surname>Eisner</surname></persName>
		</author>
	</analytic>
	<monogr>
		<title level="m">EMNLP</title>
		<imprint>
			<publisher>ACL</publisher>
			<date type="published" when="2008" />
			<biblScope unit="page" from="1080" to="1089" />
		</imprint>
	</monogr>
</biblStruct>

<biblStruct >
	<analytic>
		<title level="a" type="main">S-restricted monotone alignments: Algorithm, search space, and applications</title>
		<author>
			<persName xmlns="http://www.tei-c.org/ns/1.0"><forename type="first">Steffen</forename><surname>Eger</surname></persName>
		</author>
	</analytic>
	<monogr>
		<title level="m">COLING&apos;12</title>
		<imprint>
			<date type="published" when="2012" />
			<biblScope unit="page" from="781" to="798" />
		</imprint>
	</monogr>
</biblStruct>

<biblStruct >
	<analytic>
		<title level="a" type="main">Sequence alignment with arbitrary steps and further generalizations, with applications to alignments in linguistics</title>
		<author>
			<persName xmlns="http://www.tei-c.org/ns/1.0"><forename type="first">Steffen</forename><surname>Eger</surname></persName>
		</author>
	</analytic>
	<monogr>
		<title level="j">Inf. Sci</title>
		<imprint>
			<biblScope unit="volume">237</biblScope>
			<biblScope unit="page" from="287" to="304" />
			<date type="published" when="2013" />
		</imprint>
	</monogr>
</biblStruct>

<biblStruct >
	<analytic>
		<title level="a" type="main">Improving g2p from wiktionary and other (web) resources</title>
		<author>
			<persName xmlns="http://www.tei-c.org/ns/1.0"><forename type="first">Steffen</forename><surname>Eger</surname></persName>
		</author>
	</analytic>
	<monogr>
		<title level="m">Proceedings of Interspeech</title>
		<meeting>Interspeech</meeting>
		<imprint>
			<date type="published" when="2015" />
		</imprint>
	</monogr>
	<note>accepted</note>
</biblStruct>

<biblStruct >
	<analytic>
		<title level="a" type="main">Multiple many-to-many sequence alignment for combining string-valued variables: A G2P experiment</title>
		<author>
			<persName xmlns="http://www.tei-c.org/ns/1.0"><forename type="first">Steffen</forename><surname>Eger</surname></persName>
		</author>
	</analytic>
	<monogr>
		<title level="m">Proceedings of the 53rd Annual Meeting of the Association for Computational Linguistics and the 7th International Joint Conference on Natural Language Processing of the Asian Federation of Natural Language Processing</title>
		<meeting>the 53rd Annual Meeting of the Association for Computational Linguistics and the 7th International Joint Conference on Natural Language Processing of the Asian Federation of Natural Language Processing<address><addrLine>Beijing, China</addrLine></address></meeting>
		<imprint>
			<publisher>Long Papers</publisher>
			<date type="published" when="2015-07-26" />
			<biblScope unit="volume">1</biblScope>
			<biblScope unit="page" from="909" to="919" />
		</imprint>
	</monogr>
</biblStruct>

<biblStruct >
	<analytic>
		<title level="a" type="main">Better alignments = better translations?</title>
		<author>
			<persName xmlns="http://www.tei-c.org/ns/1.0"><forename type="first">Kuzman</forename><surname>Ganchev</surname></persName>
		</author>
		<author>
			<persName xmlns="http://www.tei-c.org/ns/1.0"><forename type="first">Joo</forename><surname>Graa</surname></persName>
		</author>
		<author>
			<persName xmlns="http://www.tei-c.org/ns/1.0"><forename type="first">Ben</forename><surname>Taskar</surname></persName>
		</author>
	</analytic>
	<monogr>
		<title level="m">The Association for Computational Linguistics</title>
		<editor>Kathleen McKeown, Johanna D. Moore, Simone Teufel, James Allan, and Sadaoki Furui</editor>
		<imprint>
			<date type="published" when="2008" />
			<biblScope unit="page" from="986" to="993" />
		</imprint>
	</monogr>
	<note>ACL</note>
</biblStruct>

<biblStruct >
	<analytic>
		<title level="a" type="main">Contextual dependencies in unsupervised word segmentation</title>
		<author>
			<persName xmlns="http://www.tei-c.org/ns/1.0"><forename type="first">Sharon</forename><surname>Goldwater</surname></persName>
		</author>
		<author>
			<persName xmlns="http://www.tei-c.org/ns/1.0"><forename type="first">Thomas</forename><forename type="middle">L</forename><surname>Griffiths</surname></persName>
		</author>
		<author>
			<persName xmlns="http://www.tei-c.org/ns/1.0"><forename type="first">Mark</forename><surname>Johnson</surname></persName>
		</author>
	</analytic>
	<monogr>
		<title level="m">Proceedings of the 21st International Conference on Computational Linguistics and 44th Annual Meeting of the Association for Computational Linguistics</title>
		<meeting>the 21st International Conference on Computational Linguistics and 44th Annual Meeting of the Association for Computational Linguistics<address><addrLine>Sydney, Australia</addrLine></address></meeting>
		<imprint>
			<date type="published" when="2006-07" />
			<biblScope unit="page" from="673" to="680" />
		</imprint>
	</monogr>
	<note>Association for Computational Linguistics</note>
</biblStruct>

<biblStruct >
	<analytic>
		<title level="a" type="main">Letter-phoneme alignment: An exploration</title>
		<author>
			<persName xmlns="http://www.tei-c.org/ns/1.0"><forename type="first">Sittichai</forename><surname>Jiampojamarn</surname></persName>
		</author>
		<author>
			<persName xmlns="http://www.tei-c.org/ns/1.0"><forename type="first">Grzegorz</forename><surname>Kondrak</surname></persName>
		</author>
	</analytic>
	<monogr>
		<title level="m">The Association for Computational Linguistics</title>
		<meeting><address><addrLine>Sandra Carberry, and Stephen Clark</addrLine></address></meeting>
		<imprint>
			<date type="published" when="2010-01" />
			<biblScope unit="page" from="780" to="788" />
		</imprint>
	</monogr>
	<note>ACL</note>
</biblStruct>

<biblStruct >
	<analytic>
		<title level="a" type="main">Applying many-to-many alignments and hidden markov models to letter-to-phoneme conversion</title>
		<author>
			<persName xmlns="http://www.tei-c.org/ns/1.0"><forename type="first">Grzegorz</forename><surname>Sittichai Jiampojamarn</surname></persName>
		</author>
		<author>
			<persName xmlns="http://www.tei-c.org/ns/1.0"><forename type="first">Tarek</forename><surname>Kondrak</surname></persName>
		</author>
		<author>
			<persName xmlns="http://www.tei-c.org/ns/1.0"><surname>Sherif</surname></persName>
		</author>
	</analytic>
	<monogr>
		<title level="m">Human Language Technologies 2007: The Conference of the North American Chapter of the Association for Computational Linguistics</title>
		<imprint>
			<date type="published" when="2007" />
		</imprint>
	</monogr>
</biblStruct>

<biblStruct >
	<monogr>
				<title level="m">Proceedings of the Main Conference</title>
		<meeting>the Main Conference<address><addrLine>Rochester, New York</addrLine></address></meeting>
		<imprint>
			<publisher>Association for Computational Linguistics</publisher>
			<biblScope unit="page" from="372" to="379" />
		</imprint>
	</monogr>
</biblStruct>

<biblStruct >
	<analytic>
		<title level="a" type="main">Joint processing and discriminative training for letter-to-phoneme conversion</title>
		<author>
			<persName xmlns="http://www.tei-c.org/ns/1.0"><forename type="first">Colin</forename><surname>Sittichai Jiampojamarn</surname></persName>
		</author>
		<author>
			<persName xmlns="http://www.tei-c.org/ns/1.0"><forename type="first">Grzegorz</forename><surname>Cherry</surname></persName>
		</author>
		<author>
			<persName xmlns="http://www.tei-c.org/ns/1.0"><surname>Kondrak</surname></persName>
		</author>
	</analytic>
	<monogr>
		<title level="m">Proceedings of ACL-08: HLT, pages 905-913, Columbus</title>
		<meeting>ACL-08: HLT, pages 905-913, Columbus<address><addrLine>Ohio</addrLine></address></meeting>
		<imprint>
			<date type="published" when="2008-06" />
		</imprint>
	</monogr>
	<note>Association for Computational Linguistics</note>
</biblStruct>

<biblStruct >
	<analytic>
		<title level="a" type="main">Integrating joint n-gram features into a discriminative training framework</title>
		<author>
			<persName xmlns="http://www.tei-c.org/ns/1.0"><forename type="first">Colin</forename><surname>Sittichai Jiampojamarn</surname></persName>
		</author>
		<author>
			<persName xmlns="http://www.tei-c.org/ns/1.0"><forename type="first">Grzegorz</forename><surname>Cherry</surname></persName>
		</author>
		<author>
			<persName xmlns="http://www.tei-c.org/ns/1.0"><surname>Kondrak</surname></persName>
		</author>
	</analytic>
	<monogr>
		<title level="m">The Association for Computational Linguistics</title>
		<imprint>
			<date type="published" when="2010" />
			<biblScope unit="page" from="697" to="700" />
		</imprint>
	</monogr>
	<note>HLTNAACL</note>
</biblStruct>

<biblStruct >
	<analytic>
		<title level="a" type="main">A new algorithm for the alignment of phonetic sequences</title>
		<author>
			<persName xmlns="http://www.tei-c.org/ns/1.0"><forename type="first">Grzegorz</forename><surname>Kondrak</surname></persName>
		</author>
	</analytic>
	<monogr>
		<title level="m">Proceedings of the 1st North American Chapter of the Association for Computational Linguistics Conference, NAACL 2000</title>
		<meeting>the 1st North American Chapter of the Association for Computational Linguistics Conference, NAACL 2000<address><addrLine>Stroudsburg, PA, USA</addrLine></address></meeting>
		<imprint>
			<publisher>Association for Computational Linguistics</publisher>
			<date type="published" when="2000" />
			<biblScope unit="page" from="288" to="295" />
		</imprint>
	</monogr>
</biblStruct>

<biblStruct >
	<analytic>
		<title level="a" type="main">Unconstrained many-to-many alignment for automatic pronunciation annotation</title>
		<author>
			<persName xmlns="http://www.tei-c.org/ns/1.0"><forename type="first">Keigo</forename><surname>Kubo</surname></persName>
		</author>
		<author>
			<persName xmlns="http://www.tei-c.org/ns/1.0"><forename type="first">Hiromichi</forename><surname>Kawanami</surname></persName>
		</author>
		<author>
			<persName xmlns="http://www.tei-c.org/ns/1.0"><forename type="first">Hiroshi</forename><surname>Saruwatari</surname></persName>
		</author>
		<author>
			<persName xmlns="http://www.tei-c.org/ns/1.0"><forename type="first">Kiyohiro</forename><surname>Shikano</surname></persName>
		</author>
	</analytic>
	<monogr>
		<title level="m">Proceedings of</title>
		<meeting>null</meeting>
		<imprint>
			<date type="published" when="2011" />
		</imprint>
	</monogr>
</biblStruct>

<biblStruct >
	<monogr>
				<author>
			<persName xmlns="http://www.tei-c.org/ns/1.0"><surname>Asia-Pacific</surname></persName>
		</author>
		<title level="m">Signal and Information Processing Association Annual Summit and Conference 2011 (APSIPA2011)</title>
		<imprint>
		</imprint>
	</monogr>
</biblStruct>

<biblStruct >
	<analytic>
		<title level="a" type="main">Binary Codes Capable of Correcting Deletions</title>
		<author>
			<persName xmlns="http://www.tei-c.org/ns/1.0"><surname>Vi Levenshtein</surname></persName>
		</author>
	</analytic>
	<monogr>
		<title level="j">Insertions and Reversals. Soviet Physics Doklady</title>
		<imprint>
			<biblScope unit="volume">10</biblScope>
			<biblScope unit="page">707</biblScope>
			<date type="published" when="1966" />
		</imprint>
	</monogr>
</biblStruct>

<biblStruct >
	<analytic>
		<title level="a" type="main">Contrastive unsupervised word alignment with non-local features</title>
		<author>
			<persName xmlns="http://www.tei-c.org/ns/1.0"><forename type="first">Yang</forename><surname>Liu</surname></persName>
		</author>
		<author>
			<persName xmlns="http://www.tei-c.org/ns/1.0"><forename type="first">Maosong</forename><surname>Sun</surname></persName>
		</author>
	</analytic>
	<monogr>
		<title level="m">Proceedings of AAAI 2015</title>
		<meeting>AAAI 2015</meeting>
		<imprint>
			<date type="published" when="2015" />
		</imprint>
	</monogr>
</biblStruct>

<biblStruct >
	<analytic>
		<title level="a" type="main">Discriminative word alignment by linear modeling</title>
		<author>
			<persName xmlns="http://www.tei-c.org/ns/1.0"><forename type="first">Yang</forename><surname>Liu</surname></persName>
		</author>
		<author>
			<persName xmlns="http://www.tei-c.org/ns/1.0"><forename type="first">Qun</forename><surname>Liu</surname></persName>
		</author>
		<author>
			<persName xmlns="http://www.tei-c.org/ns/1.0"><forename type="first">Shouxun</forename><surname>Lin</surname></persName>
		</author>
	</analytic>
	<monogr>
		<title level="m">Computational Linguistics</title>
		<imprint>
			<date type="published" when="2010" />
			<biblScope unit="page" from="303" to="339" />
		</imprint>
	</monogr>
</biblStruct>

<biblStruct >
	<analytic>
		<title level="a" type="main">A general method applicable to the search for similarities in the amino acid sequence of two proteins</title>
		<author>
			<persName xmlns="http://www.tei-c.org/ns/1.0"><forename type="first">B</forename><surname>Saul</surname></persName>
		</author>
		<author>
			<persName xmlns="http://www.tei-c.org/ns/1.0"><forename type="first">Christian</forename><forename type="middle">D</forename><surname>Needleman</surname></persName>
		</author>
		<author>
			<persName xmlns="http://www.tei-c.org/ns/1.0"><surname>Wunsch</surname></persName>
		</author>
	</analytic>
	<monogr>
		<title level="j">Journal of Molecular Biology</title>
		<imprint>
			<biblScope unit="volume">48</biblScope>
			<biblScope unit="issue">3</biblScope>
			<biblScope unit="page" from="443" to="453" />
			<date type="published" when="1970-03" />
		</imprint>
	</monogr>
</biblStruct>

<biblStruct >
	<analytic>
		<title level="a" type="main">WFST-based grapheme-to-phoneme conversion: Open source tools for alignment, model-building and decoding</title>
		<author>
			<persName xmlns="http://www.tei-c.org/ns/1.0"><forename type="first">Josef</forename><forename type="middle">R</forename><surname>Novak</surname></persName>
		</author>
		<author>
			<persName xmlns="http://www.tei-c.org/ns/1.0"><forename type="first">Nobuaki</forename><surname>Minematsu</surname></persName>
		</author>
		<author>
			<persName xmlns="http://www.tei-c.org/ns/1.0"><forename type="first">Keikichi</forename><surname>Hirose</surname></persName>
		</author>
	</analytic>
	<monogr>
		<title level="m">Proceedings of the 10th International Workshop on Finite State Methods and Natural Language Processing</title>
		<meeting>the 10th International Workshop on Finite State Methods and Natural Language Processing<address><addrLine>Donostia-San Sebastin</addrLine></address></meeting>
		<imprint>
			<date type="published" when="2012" />
			<biblScope unit="page" from="45" to="49" />
		</imprint>
	</monogr>
</biblStruct>

<biblStruct >
	<analytic>
		<title level="a" type="main">Transliteration alignment</title>
		<author>
			<persName xmlns="http://www.tei-c.org/ns/1.0"><forename type="first">Vladimir</forename><surname>Pervouchine</surname></persName>
		</author>
		<author>
			<persName xmlns="http://www.tei-c.org/ns/1.0"><forename type="first">Haizhou</forename><surname>Li</surname></persName>
		</author>
		<author>
			<persName xmlns="http://www.tei-c.org/ns/1.0"><forename type="first">Bo</forename><surname>Lin</surname></persName>
		</author>
	</analytic>
	<monogr>
		<title level="m">Proceedings of the Joint Conference of the 47th Annual Meeting of the ACL and the 4th International Joint Conference on Natural Language Processing of the AFNLP</title>
		<meeting>the Joint Conference of the 47th Annual Meeting of the ACL and the 4th International Joint Conference on Natural Language Processing of the AFNLP<address><addrLine>Stroudsburg, PA, USA</addrLine></address></meeting>
		<imprint>
			<date type="published" when="2009" />
			<biblScope unit="volume">1</biblScope>
			<biblScope unit="page" from="136" to="144" />
		</imprint>
	</monogr>
	<note>ACL &apos;09. Association for Computational Linguistics</note>
</biblStruct>

<biblStruct >
	<monogr>
		<title level="m" type="main">Grapheme-to-phoneme conversion using long short-term memory recurrent neural networks</title>
		<author>
			<persName xmlns="http://www.tei-c.org/ns/1.0"><forename type="first">Kanishka</forename><surname>Rao</surname></persName>
		</author>
		<author>
			<persName xmlns="http://www.tei-c.org/ns/1.0"><forename type="first">Fuchun</forename><surname>Peng</surname></persName>
		</author>
		<imprint>
			<date type="published" when="2015" />
		</imprint>
	</monogr>
	<note>Hasim Sak, and Franoise Beaufays</note>
</biblStruct>

<biblStruct >
	<analytic>
		<title level="a" type="main">Robust LTS rules with the Combilex speech technology lexicon</title>
		<author>
			<persName xmlns="http://www.tei-c.org/ns/1.0"><forename type="first">Korin</forename><surname>Richmond</surname></persName>
		</author>
		<author>
			<persName xmlns="http://www.tei-c.org/ns/1.0"><forename type="first">A</forename><forename type="middle">J</forename><surname>Robert</surname></persName>
		</author>
		<author>
			<persName xmlns="http://www.tei-c.org/ns/1.0"><forename type="first">Susan</forename><surname>Clark</surname></persName>
		</author>
		<author>
			<persName xmlns="http://www.tei-c.org/ns/1.0"><surname>Fitt</surname></persName>
		</author>
	</analytic>
	<monogr>
		<title level="m">INTERSPEECH</title>
		<imprint>
			<date type="published" when="2009" />
			<biblScope unit="page" from="1295" to="1298" />
		</imprint>
	</monogr>
	<note>ISCA</note>
</biblStruct>

<biblStruct >
	<analytic>
		<title level="a" type="main">Learning string-edit distance</title>
		<author>
			<persName xmlns="http://www.tei-c.org/ns/1.0"><forename type="first">Eric</forename><surname>Sven Ristad</surname></persName>
		</author>
		<author>
			<persName xmlns="http://www.tei-c.org/ns/1.0"><forename type="first">N</forename><surname>Peter</surname></persName>
		</author>
		<author>
			<persName xmlns="http://www.tei-c.org/ns/1.0"><surname>Yianilos</surname></persName>
		</author>
	</analytic>
	<monogr>
		<title level="j">IEEE Trans. Pattern Anal. Mach. Intell</title>
		<imprint>
			<biblScope unit="volume">20</biblScope>
			<biblScope unit="issue">5</biblScope>
			<biblScope unit="page" from="522" to="532" />
			<date type="published" when="1998" />
		</imprint>
	</monogr>
</biblStruct>

<biblStruct >
	<monogr>
		<title level="m" type="main">Substringbased transliteration</title>
		<author>
			<persName xmlns="http://www.tei-c.org/ns/1.0"><forename type="first">Tarek</forename><surname>Sherif</surname></persName>
		</author>
		<author>
			<persName xmlns="http://www.tei-c.org/ns/1.0"><forename type="first">Grzegorz</forename><surname>Kondrak</surname></persName>
		</author>
		<editor>John A. Carroll, Antal van den Bosch, and Annie Zaenen</editor>
		<imprint>
			<date type="published" when="2007" />
			<publisher>The Association for Computational Linguistics</publisher>
		</imprint>
	</monogr>
</biblStruct>

<biblStruct >
	<analytic>
		<title level="a" type="main">Algorithms for approximate string matching</title>
		<author>
			<persName xmlns="http://www.tei-c.org/ns/1.0"><surname>Esko Ukkonen</surname></persName>
		</author>
	</analytic>
	<monogr>
		<title level="j">Information and Control</title>
		<imprint>
			<biblScope unit="volume">64</biblScope>
			<biblScope unit="page" from="100" to="118" />
			<date type="published" when="1985" />
		</imprint>
	</monogr>
</biblStruct>

<biblStruct >
	<monogr>
		<title level="m" type="main">Computerized correction of phonographic errors. Computers and the Humanities</title>
		<author>
			<persName xmlns="http://www.tei-c.org/ns/1.0"><forename type="first">Jean</forename><surname>Véronis</surname></persName>
		</author>
		<imprint>
			<date type="published" when="1988" />
			<biblScope unit="volume">22</biblScope>
			<biblScope unit="page" from="43" to="56" />
		</imprint>
	</monogr>
</biblStruct>

<biblStruct >
	<analytic>
		<title level="a" type="main">Joint generation of transliterations from multiple representations</title>
		<author>
			<persName xmlns="http://www.tei-c.org/ns/1.0"><forename type="first">Lei</forename><surname>Yao</surname></persName>
		</author>
		<author>
			<persName xmlns="http://www.tei-c.org/ns/1.0"><forename type="first">Grzegorz</forename><surname>Kondrak</surname></persName>
		</author>
	</analytic>
	<monogr>
		<title level="m">Proceedings of the 2015 Conference of the North American Chapter of the Association for Computational Linguistics: Human Language Technologies</title>
		<meeting>the 2015 Conference of the North American Chapter of the Association for Computational Linguistics: Human Language Technologies<address><addrLine>Denver, Colorado</addrLine></address></meeting>
		<imprint>
			<date type="published" when="2015-05" />
			<biblScope unit="page" from="943" to="952" />
		</imprint>
	</monogr>
	<note>Association for Computational Linguistics</note>
</biblStruct>

			</listBibl>
		</back>
	</text>
</TEI>
