<?xml version="1.0" ?>
<TEI xmlns="http://www.tei-c.org/ns/1.0" xmlns:xlink="http://www.w3.org/1999/xlink" 
 xmlns:mml="http://www.w3.org/1998/Math/MathML">
	<teiHeader>
		<fileDesc xml:id="f_1037"/>
	</teiHeader>
	<text>
		<front/>
		<body/>
		<back>
			<listBibl>
<biblStruct >
	<analytic>
		<title level="a" type="main">When and why are log-linear models self-normalizing?</title>
		<author>
			<persName xmlns="http://www.tei-c.org/ns/1.0"><forename type="first">Jacob</forename><surname>Andreas</surname></persName>
		</author>
		<author>
			<persName xmlns="http://www.tei-c.org/ns/1.0"><forename type="first">Dan</forename><surname>Klein</surname></persName>
		</author>
	</analytic>
	<monogr>
		<title level="m">Proceedings of the 2015 Conference of the North American Chapter of the Association for Computational Linguistics: Human Language Technologies</title>
		<meeting>the 2015 Conference of the North American Chapter of the Association for Computational Linguistics: Human Language Technologies</meeting>
		<imprint>
			<date type="published" when="2015" />
			<biblScope unit="page" from="244" to="249" />
		</imprint>
	</monogr>
</biblStruct>

<biblStruct >
	<analytic>
		<title level="a" type="main">Joint language and translation modeling with recurrent neural networks</title>
		<author>
			<persName xmlns="http://www.tei-c.org/ns/1.0"><forename type="first">Michael</forename><surname>Auli</surname></persName>
		</author>
		<author>
			<persName xmlns="http://www.tei-c.org/ns/1.0"><forename type="first">Michel</forename><surname>Galley</surname></persName>
		</author>
		<author>
			<persName xmlns="http://www.tei-c.org/ns/1.0"><forename type="first">Chris</forename><surname>Quirk</surname></persName>
		</author>
		<author>
			<persName xmlns="http://www.tei-c.org/ns/1.0"><forename type="first">Geoffrey</forename><surname>Zweig</surname></persName>
		</author>
	</analytic>
	<monogr>
		<title level="m">Proceedings of the 2013 Conference on Empirical Methods in Natural Language Processing</title>
		<meeting>the 2013 Conference on Empirical Methods in Natural Language Processing</meeting>
		<imprint>
			<date type="published" when="2013" />
			<biblScope unit="page" from="1044" to="1054" />
		</imprint>
	</monogr>
</biblStruct>

<biblStruct >
	<analytic>
		<title level="a" type="main">Neural machine translation by jointly learning to align and translate</title>
		<author>
			<persName xmlns="http://www.tei-c.org/ns/1.0"><forename type="first">Dzmitry</forename><surname>Bahdanau</surname></persName>
		</author>
		<author>
			<persName xmlns="http://www.tei-c.org/ns/1.0"><forename type="first">Kyunghyun</forename><surname>Cho</surname></persName>
		</author>
		<author>
			<persName xmlns="http://www.tei-c.org/ns/1.0"><forename type="first">Yoshua</forename><surname>Bengio</surname></persName>
		</author>
	</analytic>
	<monogr>
		<title level="m">International Conference on Learning Representations</title>
		<imprint>
			<date type="published" when="2015" />
		</imprint>
	</monogr>
</biblStruct>

<biblStruct >
	<analytic>
		<title level="a" type="main">Fast and robust neural network joint models for statistical machine translation</title>
		<author>
			<persName xmlns="http://www.tei-c.org/ns/1.0"><forename type="first">Jacob</forename><surname>Devlin</surname></persName>
		</author>
		<author>
			<persName xmlns="http://www.tei-c.org/ns/1.0"><forename type="first">Rabih</forename><surname>Zbib</surname></persName>
		</author>
		<author>
			<persName xmlns="http://www.tei-c.org/ns/1.0"><forename type="first">Zhongqiang</forename><surname>Huang</surname></persName>
		</author>
		<author>
			<persName xmlns="http://www.tei-c.org/ns/1.0"><forename type="first">Thomas</forename><surname>Lamar</surname></persName>
		</author>
		<author>
			<persName xmlns="http://www.tei-c.org/ns/1.0"><forename type="first">Richard</forename><surname>Schwartz</surname></persName>
		</author>
		<author>
			<persName xmlns="http://www.tei-c.org/ns/1.0"><forename type="first">John</forename><surname>Makhoul</surname></persName>
		</author>
	</analytic>
	<monogr>
		<title level="m">Proceedings of the 52nd Annual Meeting of the Association for Computational Linguistics</title>
		<meeting>the 52nd Annual Meeting of the Association for Computational Linguistics</meeting>
		<imprint>
			<publisher>Long Papers</publisher>
			<date type="published" when="2014" />
			<biblScope unit="volume">1</biblScope>
			<biblScope unit="page" from="1370" to="1380" />
		</imprint>
	</monogr>
</biblStruct>

<biblStruct >
	<analytic>
		<title level="a" type="main">Overview of the patent machine translation task at the NTCIR-9 workshop</title>
		<author>
			<persName xmlns="http://www.tei-c.org/ns/1.0"><forename type="first">Isao</forename><surname>Goto</surname></persName>
		</author>
		<author>
			<persName xmlns="http://www.tei-c.org/ns/1.0"><forename type="first">Bin</forename><surname>Lu</surname></persName>
		</author>
		<author>
			<persName xmlns="http://www.tei-c.org/ns/1.0"><forename type="first">Ka</forename><forename type="middle">Po</forename><surname>Chow</surname></persName>
		</author>
		<author>
			<persName xmlns="http://www.tei-c.org/ns/1.0"><forename type="first">Eiichiro</forename><surname>Sumita</surname></persName>
		</author>
		<author>
			<persName xmlns="http://www.tei-c.org/ns/1.0"><forename type="first">Benjamin K</forename><surname>Tsou</surname></persName>
		</author>
	</analytic>
	<monogr>
		<title level="m">Proceedings of The 9th NII Test Collection for IR Systems Workshop Meeting</title>
		<meeting>The 9th NII Test Collection for IR Systems Workshop Meeting</meeting>
		<imprint>
			<date type="published" when="2011" />
			<biblScope unit="page" from="559" to="578" />
		</imprint>
	</monogr>
</biblStruct>

<biblStruct >
	<analytic>
		<title level="a" type="main">Minimum translation modeling with recurrent neural networks</title>
		<author>
			<persName xmlns="http://www.tei-c.org/ns/1.0"><forename type="first">Yuening</forename><surname>Hu</surname></persName>
		</author>
		<author>
			<persName xmlns="http://www.tei-c.org/ns/1.0"><forename type="first">Michael</forename><surname>Auli</surname></persName>
		</author>
		<author>
			<persName xmlns="http://www.tei-c.org/ns/1.0"><forename type="first">Qin</forename><surname>Gao</surname></persName>
		</author>
		<author>
			<persName xmlns="http://www.tei-c.org/ns/1.0"><forename type="first">Jianfeng</forename><surname>Gao</surname></persName>
		</author>
	</analytic>
	<monogr>
		<title level="m">Proceedings of the 14th Conference of the European Chapter of the Association for Computational Linguistics</title>
		<meeting>the 14th Conference of the European Chapter of the Association for Computational Linguistics</meeting>
		<imprint>
			<date type="published" when="2014" />
			<biblScope unit="page" from="20" to="29" />
		</imprint>
	</monogr>
</biblStruct>

<biblStruct >
	<analytic>
		<title level="a" type="main">Moses: Open source toolkit for statistical machine translation</title>
		<author>
			<persName xmlns="http://www.tei-c.org/ns/1.0"><forename type="first">Philipp</forename><surname>Koehn</surname></persName>
		</author>
		<author>
			<persName xmlns="http://www.tei-c.org/ns/1.0"><forename type="first">Hieu</forename><surname>Hoang</surname></persName>
		</author>
		<author>
			<persName xmlns="http://www.tei-c.org/ns/1.0"><forename type="first">Alexandra</forename><surname>Birch</surname></persName>
		</author>
		<author>
			<persName xmlns="http://www.tei-c.org/ns/1.0"><forename type="first">Chris</forename><surname>Callison-Burch</surname></persName>
		</author>
		<author>
			<persName xmlns="http://www.tei-c.org/ns/1.0"><forename type="first">Marcello</forename><surname>Federico</surname></persName>
		</author>
		<author>
			<persName xmlns="http://www.tei-c.org/ns/1.0"><forename type="first">Nicola</forename><surname>Bertoldi</surname></persName>
		</author>
		<author>
			<persName xmlns="http://www.tei-c.org/ns/1.0"><forename type="first">Brooke</forename><surname>Cowan</surname></persName>
		</author>
		<author>
			<persName xmlns="http://www.tei-c.org/ns/1.0"><forename type="first">Wade</forename><surname>Shen</surname></persName>
		</author>
		<author>
			<persName xmlns="http://www.tei-c.org/ns/1.0"><forename type="first">Christine</forename><surname>Moran</surname></persName>
		</author>
		<author>
			<persName xmlns="http://www.tei-c.org/ns/1.0"><forename type="first">Richard</forename><surname>Zens</surname></persName>
		</author>
		<author>
			<persName xmlns="http://www.tei-c.org/ns/1.0"><forename type="first">Chris</forename><surname>Dyer</surname></persName>
		</author>
		<author>
			<persName xmlns="http://www.tei-c.org/ns/1.0"><forename type="first">Ondrej</forename><surname>Bojar</surname></persName>
		</author>
		<author>
			<persName xmlns="http://www.tei-c.org/ns/1.0"><forename type="first">Alexandra</forename><surname>Constantin</surname></persName>
		</author>
		<author>
			<persName xmlns="http://www.tei-c.org/ns/1.0"><forename type="first">Evan</forename><surname>Herbst</surname></persName>
		</author>
	</analytic>
	<monogr>
		<title level="m">Proceedings of the 45th Annual Meeting of the Association for Computational Linguistics Companion Volume Proceedings of the Demo and Poster Sessions</title>
		<meeting>the 45th Annual Meeting of the Association for Computational Linguistics Companion Volume the Demo and Poster Sessions</meeting>
		<imprint>
			<date type="published" when="2007" />
			<biblScope unit="page" from="177" to="180" />
		</imprint>
	</monogr>
</biblStruct>

<biblStruct >
	<analytic>
		<title level="a" type="main">Statistical significance tests for machine translation evaluation</title>
		<author>
			<persName xmlns="http://www.tei-c.org/ns/1.0"><forename type="first">Philipp</forename><surname>Koehn</surname></persName>
		</author>
	</analytic>
	<monogr>
		<title level="m">Proceedings of the 2004 Conference on Empirical Methods in Natural Language Processing</title>
		<meeting>the 2004 Conference on Empirical Methods in Natural Language Processing</meeting>
		<imprint>
			<date type="published" when="2004" />
			<biblScope unit="page" from="388" to="395" />
		</imprint>
	</monogr>
</biblStruct>

<biblStruct >
	<analytic>
		<title level="a" type="main">Extending statistical machine translation with discriminative and trigger-based lexicon models</title>
		<author>
			<persName xmlns="http://www.tei-c.org/ns/1.0"><forename type="first">Arne</forename><surname>Mauser</surname></persName>
		</author>
		<author>
			<persName xmlns="http://www.tei-c.org/ns/1.0"><forename type="first">Saša</forename><surname>Hasan</surname></persName>
		</author>
		<author>
			<persName xmlns="http://www.tei-c.org/ns/1.0"><forename type="first">Hermann</forename><surname>Ney</surname></persName>
		</author>
	</analytic>
	<monogr>
		<title level="m">Proceedings of the 2009 Conference on Empirical Methods in Natural Language Processing</title>
		<meeting>the 2009 Conference on Empirical Methods in Natural Language Processing</meeting>
		<imprint>
			<date type="published" when="2009" />
			<biblScope unit="page" from="210" to="218" />
		</imprint>
	</monogr>
</biblStruct>

<biblStruct >
	<analytic>
		<title level="a" type="main">Minimum error rate training in statistical machine translation</title>
		<author>
			<persName xmlns="http://www.tei-c.org/ns/1.0"><forename type="first">Franz Josef</forename><surname>Och</surname></persName>
		</author>
	</analytic>
	<monogr>
		<title level="m">Proceedings of the 41st Annual Meeting of the Association for Computational Linguistics</title>
		<meeting>the 41st Annual Meeting of the Association for Computational Linguistics</meeting>
		<imprint>
			<date type="published" when="2003" />
			<biblScope unit="page" from="160" to="167" />
		</imprint>
	</monogr>
</biblStruct>

<biblStruct >
	<analytic>
		<title level="a" type="main">Bleu: a method for automatic evaluation of machine translation</title>
		<author>
			<persName xmlns="http://www.tei-c.org/ns/1.0"><forename type="first">Kishore</forename><surname>Papineni</surname></persName>
		</author>
		<author>
			<persName xmlns="http://www.tei-c.org/ns/1.0"><forename type="first">Salim</forename><surname>Roukos</surname></persName>
		</author>
		<author>
			<persName xmlns="http://www.tei-c.org/ns/1.0"><forename type="first">Todd</forename><surname>Ward</surname></persName>
		</author>
		<author>
			<persName xmlns="http://www.tei-c.org/ns/1.0"><forename type="first">Weijing</forename><surname>Zhu</surname></persName>
		</author>
	</analytic>
	<monogr>
		<title level="m">Proceedings of 40th Annual Meeting of the Association for Computational Linguistics</title>
		<meeting>40th Annual Meeting of the Association for Computational Linguistics</meeting>
		<imprint>
			<date type="published" when="2002" />
			<biblScope unit="page" from="311" to="318" />
		</imprint>
	</monogr>
</biblStruct>

<biblStruct >
	<analytic>
		<title level="a" type="main">Continuous space translation models for phrase-based statistical machine translation</title>
		<author>
			<persName xmlns="http://www.tei-c.org/ns/1.0"><forename type="first">Holger</forename><surname>Schwenk</surname></persName>
		</author>
	</analytic>
	<monogr>
		<title level="m">Proceedings of International Conference on Computational Linguistics : Posters</title>
		<meeting>International Conference on Computational Linguistics : Posters</meeting>
		<imprint>
			<date type="published" when="2012" />
			<biblScope unit="page" from="1071" to="1080" />
		</imprint>
	</monogr>
</biblStruct>

<biblStruct >
	<analytic>
		<title level="a" type="main">Translation modeling with bidirectional recurrent neural networks</title>
		<author>
			<persName xmlns="http://www.tei-c.org/ns/1.0"><forename type="first">Martin</forename><surname>Sundermeyer</surname></persName>
		</author>
		<author>
			<persName xmlns="http://www.tei-c.org/ns/1.0"><forename type="first">Tamer</forename><surname>Alkhouli</surname></persName>
		</author>
		<author>
			<persName xmlns="http://www.tei-c.org/ns/1.0"><forename type="first">Joern</forename><surname>Wuebker</surname></persName>
		</author>
		<author>
			<persName xmlns="http://www.tei-c.org/ns/1.0"><forename type="first">Hermann</forename><surname>Ney</surname></persName>
		</author>
	</analytic>
	<monogr>
		<title level="m">Proceedings of the 2014 Conference on Empirical Methods in Natural Language Processing (EMNLP)</title>
		<meeting>the 2014 Conference on Empirical Methods in Natural Language Processing (EMNLP)</meeting>
		<imprint>
			<date type="published" when="2014" />
			<biblScope unit="page" from="14" to="25" />
		</imprint>
	</monogr>
</biblStruct>

<biblStruct >
	<analytic>
		<title level="a" type="main">Sequence to sequence learning with neural networks</title>
		<author>
			<persName xmlns="http://www.tei-c.org/ns/1.0"><forename type="first">Ilya</forename><surname>Sutskever</surname></persName>
		</author>
		<author>
			<persName xmlns="http://www.tei-c.org/ns/1.0"><forename type="first">Oriol</forename><surname>Vinyals</surname></persName>
		</author>
		<author>
			<persName xmlns="http://www.tei-c.org/ns/1.0"><surname>Quoc</surname></persName>
		</author>
		<author>
			<persName xmlns="http://www.tei-c.org/ns/1.0"><surname>Le</surname></persName>
		</author>
	</analytic>
	<monogr>
		<title level="m">Advances in neural information processing systems</title>
		<imprint>
			<date type="published" when="2014" />
			<biblScope unit="page" from="3104" to="3112" />
		</imprint>
	</monogr>
</biblStruct>

<biblStruct >
	<analytic>
		<title level="a" type="main">Decoding with largescale neural language models improves translation</title>
		<author>
			<persName xmlns="http://www.tei-c.org/ns/1.0"><forename type="first">Ashish</forename><surname>Vaswani</surname></persName>
		</author>
		<author>
			<persName xmlns="http://www.tei-c.org/ns/1.0"><forename type="first">Yinggong</forename><surname>Zhao</surname></persName>
		</author>
		<author>
			<persName xmlns="http://www.tei-c.org/ns/1.0"><forename type="first">Victoria</forename><surname>Fossum</surname></persName>
		</author>
		<author>
			<persName xmlns="http://www.tei-c.org/ns/1.0"><forename type="first">David</forename><surname>Chiang</surname></persName>
		</author>
	</analytic>
	<monogr>
		<title level="m">Proceedings of the 2013 Conference on Empirical Methods in Natural Language Processing</title>
		<meeting>the 2013 Conference on Empirical Methods in Natural Language Processing</meeting>
		<imprint>
			<date type="published" when="2013" />
			<biblScope unit="page" from="1387" to="1392" />
		</imprint>
	</monogr>
</biblStruct>

<biblStruct >
	<analytic>
		<title level="a" type="main">Efficient subsampling for training complex language models</title>
		<author>
			<persName xmlns="http://www.tei-c.org/ns/1.0"><forename type="first">Puyang</forename><surname>Xu</surname></persName>
		</author>
		<author>
			<persName xmlns="http://www.tei-c.org/ns/1.0"><forename type="first">Asela</forename><surname>Gunawardana</surname></persName>
		</author>
		<author>
			<persName xmlns="http://www.tei-c.org/ns/1.0"><forename type="first">Sanjeev</forename><surname>Khudanpur</surname></persName>
		</author>
	</analytic>
	<monogr>
		<title level="m">Proceedings of the 2011 Conference on Empirical Methods in Natural Language Processing</title>
		<meeting>the 2011 Conference on Empirical Methods in Natural Language Processing</meeting>
		<imprint>
			<date type="published" when="2011" />
			<biblScope unit="page" from="1128" to="1136" />
		</imprint>
	</monogr>
</biblStruct>

<biblStruct >
	<analytic>
		<title level="a" type="main">An improved Chinese word segmentation system with conditional random field</title>
		<author>
			<persName xmlns="http://www.tei-c.org/ns/1.0"><forename type="first">Hai</forename><surname>Zhao</surname></persName>
		</author>
		<author>
			<persName xmlns="http://www.tei-c.org/ns/1.0"><forename type="first">Chang-Ning</forename><surname>Huang</surname></persName>
		</author>
		<author>
			<persName xmlns="http://www.tei-c.org/ns/1.0"><forename type="first">Mu</forename><surname>Li</surname></persName>
		</author>
	</analytic>
	<monogr>
		<title level="m">Proceedings of the Fifth SIGHAN Workshop on Chinese Language Processing</title>
		<meeting>the Fifth SIGHAN Workshop on Chinese Language Processing</meeting>
		<imprint>
			<date type="published" when="2006" />
			<biblScope unit="page" from="162" to="165" />
		</imprint>
	</monogr>
</biblStruct>

			</listBibl>
		</back>
	</text>
</TEI>
