<?xml version="1.0" ?>
<TEI xmlns="http://www.tei-c.org/ns/1.0" xmlns:xlink="http://www.w3.org/1999/xlink" 
 xmlns:mml="http://www.w3.org/1998/Math/MathML">
	<teiHeader>
		<fileDesc xml:id="f_1119"/>
	</teiHeader>
	<text>
		<front/>
		<body/>
		<back>
			<listBibl>
<biblStruct >
	<analytic>
		<title level="a" type="main">Cumulative citation recommendation: classification vs. ranking</title>
		<author>
			<persName xmlns="http://www.tei-c.org/ns/1.0"><forename type="first">Krisztian</forename><surname>Balog</surname></persName>
		</author>
		<author>
			<persName xmlns="http://www.tei-c.org/ns/1.0"><forename type="first">Heri</forename><surname>Ramampiaro</surname></persName>
		</author>
	</analytic>
	<monogr>
		<title level="m">SIGIR</title>
		<imprint>
			<publisher>ACM</publisher>
			<date type="published" when="2013" />
			<biblScope unit="page" from="941" to="944" />
		</imprint>
	</monogr>
</biblStruct>

<biblStruct >
	<analytic>
		<title level="a" type="main">Multi-step classification approaches to cumulative citation recommendation</title>
		<author>
			<persName xmlns="http://www.tei-c.org/ns/1.0"><forename type="first">Krisztian</forename><surname>Balog</surname></persName>
		</author>
		<author>
			<persName xmlns="http://www.tei-c.org/ns/1.0"><forename type="first">Heri</forename><surname>Ramampiaro</surname></persName>
		</author>
	</analytic>
	<monogr>
		<title level="m">OAIR</title>
		<imprint>
			<date type="published" when="2013" />
			<biblScope unit="page" from="121" to="128" />
		</imprint>
	</monogr>
	<note>Naimdjon Takhirov, and Kjetil Nørvåg</note>
</biblStruct>

<biblStruct >
	<analytic>
		<title level="a" type="main">A weakly-supervised detection of entity central documents in a stream</title>
		<author>
			<persName xmlns="http://www.tei-c.org/ns/1.0"><forename type="first">Ludovic</forename><surname>Bonnefoy</surname></persName>
		</author>
		<author>
			<persName xmlns="http://www.tei-c.org/ns/1.0"><forename type="first">Vincent</forename><surname>Bouvier</surname></persName>
		</author>
		<author>
			<persName xmlns="http://www.tei-c.org/ns/1.0"><forename type="first">Patrice</forename><surname>Bellot</surname></persName>
		</author>
	</analytic>
	<monogr>
		<title level="m">SIGIR</title>
		<imprint>
			<date type="published" when="2013" />
			<biblScope unit="page" from="769" to="772" />
		</imprint>
	</monogr>
</biblStruct>

<biblStruct >
	<analytic>
		<title level="a" type="main">Discriminative models of integrating document evidence and document-candidate associations for expert search</title>
		<author>
			<persName xmlns="http://www.tei-c.org/ns/1.0"><forename type="first">Yi</forename><surname>Fang</surname></persName>
		</author>
		<author>
			<persName xmlns="http://www.tei-c.org/ns/1.0"><forename type="first">Luo</forename><surname>Si</surname></persName>
		</author>
		<author>
			<persName xmlns="http://www.tei-c.org/ns/1.0"><forename type="first">Aditya</forename><forename type="middle">P</forename><surname>Mathur</surname></persName>
		</author>
	</analytic>
	<monogr>
		<title level="m">SIGIR</title>
		<imprint>
			<publisher>ACM</publisher>
			<date type="published" when="2010" />
			<biblScope unit="page" from="683" to="690" />
		</imprint>
	</monogr>
</biblStruct>

<biblStruct >
	<analytic>
		<title level="a" type="main">Building an Entity-Centric Stream Filtering Test Collection for TREC 2012</title>
		<author>
			<persName xmlns="http://www.tei-c.org/ns/1.0"><forename type="first">J</forename><forename type="middle">R</forename><surname>Frank</surname></persName>
		</author>
		<author>
			<persName xmlns="http://www.tei-c.org/ns/1.0"><forename type="first">M</forename><surname>Kleiman-Weiner</surname></persName>
		</author>
		<author>
			<persName xmlns="http://www.tei-c.org/ns/1.0"><forename type="first">D</forename><forename type="middle">A</forename><surname>Roberts</surname></persName>
		</author>
		<author>
			<persName xmlns="http://www.tei-c.org/ns/1.0"><forename type="first">F</forename><surname>Niu</surname></persName>
		</author>
		<author>
			<persName xmlns="http://www.tei-c.org/ns/1.0"><forename type="first">C</forename><surname>Zhang</surname></persName>
		</author>
		<author>
			<persName xmlns="http://www.tei-c.org/ns/1.0"><forename type="first">C</forename><surname>Re</surname></persName>
		</author>
		<author>
			<persName xmlns="http://www.tei-c.org/ns/1.0"><forename type="first">I</forename><surname>Soboroff</surname></persName>
		</author>
	</analytic>
	<monogr>
		<title level="m">TREC</title>
		<imprint>
			<date type="published" when="2012" />
		</imprint>
	</monogr>
</biblStruct>

<biblStruct >
	<analytic>
		<title level="a" type="main">Evaluating stream filtering for entity profile updates for trec 2013</title>
		<author>
			<persName xmlns="http://www.tei-c.org/ns/1.0"><forename type="first">John</forename><surname>Frank</surname></persName>
		</author>
		<author>
			<persName xmlns="http://www.tei-c.org/ns/1.0"><forename type="first">Steve</forename><forename type="middle">J</forename><surname>Bauer</surname></persName>
		</author>
		<author>
			<persName xmlns="http://www.tei-c.org/ns/1.0"><forename type="first">Max</forename><surname>Kleiman-Weiner</surname></persName>
		</author>
		<author>
			<persName xmlns="http://www.tei-c.org/ns/1.0"><forename type="first">Daniel</forename><forename type="middle">A</forename><surname>Roberts</surname></persName>
		</author>
		<author>
			<persName xmlns="http://www.tei-c.org/ns/1.0"><forename type="first">Nilesh</forename><surname>Triouraneni</surname></persName>
		</author>
		<author>
			<persName xmlns="http://www.tei-c.org/ns/1.0"><forename type="first">Ce</forename><surname>Zhang</surname></persName>
		</author>
		<author>
			<persName xmlns="http://www.tei-c.org/ns/1.0"><surname>Christopher R` E</surname></persName>
		</author>
	</analytic>
	<monogr>
		<title level="m">TREC</title>
		<imprint>
			<date type="published" when="2013" />
		</imprint>
	</monogr>
</biblStruct>

<biblStruct >
	<analytic>
		<title level="a" type="main">Mixture model with multiple centralized retrieval algorithms for result merging in federated search</title>
		<author>
			<persName xmlns="http://www.tei-c.org/ns/1.0"><forename type="first">Dzung</forename><surname>Hong</surname></persName>
		</author>
		<author>
			<persName xmlns="http://www.tei-c.org/ns/1.0"><forename type="first">Luo</forename><surname>Si</surname></persName>
		</author>
	</analytic>
	<monogr>
		<title level="m">SIGIR</title>
		<imprint>
			<publisher>ACM</publisher>
			<date type="published" when="2012" />
			<biblScope unit="page" from="821" to="830" />
		</imprint>
	</monogr>
</biblStruct>

<biblStruct >
	<analytic>
		<title level="a" type="main">The hltcoe approach to the trec 2012 kba track</title>
		<author>
			<persName xmlns="http://www.tei-c.org/ns/1.0"><forename type="first">Brain</forename><surname>Kjersten</surname></persName>
		</author>
		<author>
			<persName xmlns="http://www.tei-c.org/ns/1.0"><forename type="first">Paul</forename><surname>Mcnamee</surname></persName>
		</author>
	</analytic>
	<monogr>
		<title level="m">TREC</title>
		<imprint>
			<date type="published" when="2012" />
		</imprint>
	</monogr>
</biblStruct>

<biblStruct >
	<analytic>
		<title level="a" type="main">A related entity based approach for knowledge base acceleration</title>
		<author>
			<persName xmlns="http://www.tei-c.org/ns/1.0"><forename type="first">Xitong</forename><surname>Liu</surname></persName>
		</author>
		<author>
			<persName xmlns="http://www.tei-c.org/ns/1.0"><forename type="first">Jeffrey</forename><surname>Darko</surname></persName>
		</author>
		<author>
			<persName xmlns="http://www.tei-c.org/ns/1.0"><forename type="first">Hui</forename><surname>Fang</surname></persName>
		</author>
	</analytic>
	<monogr>
		<title level="m">TREC</title>
		<imprint>
			<date type="published" when="2013" />
		</imprint>
	</monogr>
</biblStruct>

<biblStruct >
	<monogr>
		<title level="m" type="main">Bit and msra at trec kba ccr track</title>
		<author>
			<persName xmlns="http://www.tei-c.org/ns/1.0"><forename type="first">Jingang</forename><surname>Wang</surname></persName>
		</author>
		<author>
			<persName xmlns="http://www.tei-c.org/ns/1.0"><forename type="first">Dandan</forename><surname>Song</surname></persName>
		</author>
		<author>
			<persName xmlns="http://www.tei-c.org/ns/1.0"><forename type="first">Chin-Yew</forename><surname>Lin</surname></persName>
		</author>
		<author>
			<persName xmlns="http://www.tei-c.org/ns/1.0"><forename type="first">Lejian</forename><surname>Liao</surname></persName>
		</author>
		<imprint>
			<date type="published" when="2013" />
			<publisher>TREC</publisher>
		</imprint>
	</monogr>
</biblStruct>

<biblStruct >
	<analytic>
		<title level="a" type="main">Resorting relevance evidences to cumulative citation recommendation for knowledge base acceleration</title>
		<author>
			<persName xmlns="http://www.tei-c.org/ns/1.0"><forename type="first">Jingang</forename><surname>Wang</surname></persName>
		</author>
		<author>
			<persName xmlns="http://www.tei-c.org/ns/1.0"><forename type="first">Lejian</forename><surname>Liao</surname></persName>
		</author>
		<author>
			<persName xmlns="http://www.tei-c.org/ns/1.0"><forename type="first">Dandan</forename><surname>Song</surname></persName>
		</author>
		<author>
			<persName xmlns="http://www.tei-c.org/ns/1.0"><forename type="first">Lerong</forename><surname>Ma</surname></persName>
		</author>
		<author>
			<persName xmlns="http://www.tei-c.org/ns/1.0"><forename type="first">Chin-Yew</forename><surname>Lin</surname></persName>
		</author>
		<author>
			<persName xmlns="http://www.tei-c.org/ns/1.0"><forename type="first">Yong</forename><surname>Rui</surname></persName>
		</author>
	</analytic>
	<monogr>
		<title level="m">Web-Age Information Management</title>
		<imprint>
			<publisher>Springer International Publishing</publisher>
			<date type="published" when="2015" />
			<biblScope unit="volume">9098</biblScope>
			<biblScope unit="page" from="169" to="180" />
		</imprint>
	</monogr>
</biblStruct>

<biblStruct >
	<analytic>
		<title level="a" type="main">An entity class-depedent discriminative mixture model for cumulative citation recommendation</title>
		<author>
			<persName xmlns="http://www.tei-c.org/ns/1.0"><forename type="first">Jingang</forename><surname>Wang</surname></persName>
		</author>
		<author>
			<persName xmlns="http://www.tei-c.org/ns/1.0"><forename type="first">Dandan</forename><surname>Song</surname></persName>
		</author>
		<author>
			<persName xmlns="http://www.tei-c.org/ns/1.0"><forename type="first">Qifan</forename><surname>Wang</surname></persName>
		</author>
		<author>
			<persName xmlns="http://www.tei-c.org/ns/1.0"><forename type="first">Zhiwei</forename><surname>Zhang</surname></persName>
		</author>
		<author>
			<persName xmlns="http://www.tei-c.org/ns/1.0"><forename type="first">Luo</forename><surname>Si</surname></persName>
		</author>
		<author>
			<persName xmlns="http://www.tei-c.org/ns/1.0"><forename type="first">Lejian</forename><surname>Liao</surname></persName>
		</author>
		<author>
			<persName xmlns="http://www.tei-c.org/ns/1.0"><forename type="first">Chin-Yew</forename><surname>Lin</surname></persName>
		</author>
	</analytic>
	<monogr>
		<title level="m">SIGIR</title>
		<imprint>
			<publisher>ACM</publisher>
			<date type="published" when="2015" />
		</imprint>
	</monogr>
</biblStruct>

<biblStruct >
	<analytic>
		<title level="a" type="main">Entity-centric document filtering: boosting feature mapping through meta-features</title>
		<author>
			<persName xmlns="http://www.tei-c.org/ns/1.0"><forename type="first">Mianwei</forename><surname>Zhou</surname></persName>
		</author>
		<author>
			<persName xmlns="http://www.tei-c.org/ns/1.0"><forename type="first">Kevin Chen-Chuan</forename><surname>Chang</surname></persName>
		</author>
	</analytic>
	<monogr>
		<title level="m">CIKM</title>
		<imprint>
			<publisher>ACM</publisher>
			<date type="published" when="2013" />
			<biblScope unit="page" from="119" to="128" />
		</imprint>
	</monogr>
</biblStruct>

			</listBibl>
		</back>
	</text>
</TEI>
