<?xml version="1.0" ?>
<TEI xmlns="http://www.tei-c.org/ns/1.0" xmlns:xlink="http://www.w3.org/1999/xlink" 
 xmlns:mml="http://www.w3.org/1998/Math/MathML">
	<teiHeader>
		<fileDesc xml:id="f_196"/>
	</teiHeader>
	<text>
		<front/>
		<body/>
		<back>
			<listBibl>
<biblStruct >
	<analytic>
		<title level="a" type="main">Literature-based discovery for oceanographic climate science</title>
		<author>
			<persName xmlns="http://www.tei-c.org/ns/1.0"><forename type="first">Elias</forename><surname>Aamot</surname></persName>
		</author>
	</analytic>
	<monogr>
		<title level="m">Proceedings of the Student Research Workshop at the 14th Conference of the European Chapter of the Association for Computational Linguistics</title>
		<meeting>the Student Research Workshop at the 14th Conference of the European Chapter of the Association for Computational Linguistics<address><addrLine>Gothenburg, Sweden</addrLine></address></meeting>
		<imprint>
			<publisher>Association for Computational Linguistics</publisher>
			<date type="published" when="2014-04" />
			<biblScope unit="page" from="1" to="10" />
		</imprint>
	</monogr>
</biblStruct>

<biblStruct >
	<analytic>
		<title level="a" type="main">Text mining and its potential applications in systems biology</title>
		<author>
			<persName xmlns="http://www.tei-c.org/ns/1.0"><forename type="first">Sophia</forename><surname>Ananiadou</surname></persName>
		</author>
		<author>
			<persName xmlns="http://www.tei-c.org/ns/1.0"><forename type="first">Douglas</forename><forename type="middle">B</forename><surname>Kell</surname></persName>
		</author>
		<author>
			<persName xmlns="http://www.tei-c.org/ns/1.0"><forename type="first">Jun</forename><forename type="middle">I</forename><surname>Tsujii</surname></persName>
		</author>
	</analytic>
	<monogr>
		<title level="j">Trends Biotechnol</title>
		<imprint>
			<biblScope unit="volume">24</biblScope>
			<biblScope unit="issue">12</biblScope>
			<biblScope unit="page" from="571" to="579" />
			<date type="published" when="2006-12" />
		</imprint>
	</monogr>
</biblStruct>

<biblStruct >
	<analytic>
		<title level="a" type="main">Event extraction for systems biology by text mining the literature</title>
		<author>
			<persName xmlns="http://www.tei-c.org/ns/1.0"><forename type="first">Sophia</forename><surname>Ananiadou</surname></persName>
		</author>
		<author>
			<persName xmlns="http://www.tei-c.org/ns/1.0"><forename type="first">Sampo</forename><surname>Pyysalo</surname></persName>
		</author>
		<author>
			<persName xmlns="http://www.tei-c.org/ns/1.0"><forename type="first">Douglas</forename><forename type="middle">B</forename><surname>Jun&amp;apos;ichi Tsujii</surname></persName>
		</author>
		<author>
			<persName xmlns="http://www.tei-c.org/ns/1.0"><surname>Kell</surname></persName>
		</author>
	</analytic>
	<monogr>
		<title level="j">Trends in biotechnology</title>
		<imprint>
			<biblScope unit="volume">28</biblScope>
			<biblScope unit="issue">7</biblScope>
			<biblScope unit="page" from="381" to="390" />
			<date type="published" when="2010-07" />
		</imprint>
	</monogr>
</biblStruct>

<biblStruct >
	<analytic>
		<title level="a" type="main">Eventbased text mining for biology and functional genomics</title>
		<author>
			<persName xmlns="http://www.tei-c.org/ns/1.0"><forename type="first">Sophia</forename><surname>Ananiadou</surname></persName>
		</author>
		<author>
			<persName xmlns="http://www.tei-c.org/ns/1.0"><forename type="first">Paul</forename><surname>Thompson</surname></persName>
		</author>
		<author>
			<persName xmlns="http://www.tei-c.org/ns/1.0"><forename type="first">Raheel</forename><surname>Nawaz</surname></persName>
		</author>
		<author>
			<persName xmlns="http://www.tei-c.org/ns/1.0"><forename type="first">John</forename><surname>Mcnaught</surname></persName>
		</author>
		<author>
			<persName xmlns="http://www.tei-c.org/ns/1.0"><forename type="first">Douglas B</forename><surname>Kell</surname></persName>
		</author>
	</analytic>
	<monogr>
		<title level="j">Briefings in functional genomics</title>
		<imprint>
			<biblScope unit="page">15</biblScope>
			<date type="published" when="2014" />
		</imprint>
	</monogr>
</biblStruct>

<biblStruct >
	<analytic>
		<title level="a" type="main">A survey of paraphrasing and textual entailment methods</title>
	</analytic>
	<monogr>
		<title level="j">Journal of Artificial Intelligence Research</title>
		<imprint>
			<biblScope unit="volume">38</biblScope>
			<biblScope unit="page" from="135" to="187" />
			<date type="published" when="2010-05" />
		</imprint>
	</monogr>
	<note>Ion Androutsopoulos and Prodromos Malakasiotis</note>
</biblStruct>

<biblStruct >
	<analytic>
		<title level="a" type="main">Causal relation extraction</title>
		<author>
			<persName xmlns="http://www.tei-c.org/ns/1.0"><forename type="first">Eduardo</forename><surname>Blanco</surname></persName>
		</author>
		<author>
			<persName xmlns="http://www.tei-c.org/ns/1.0"><forename type="first">Nuria</forename><surname>Castell</surname></persName>
		</author>
		<author>
			<persName xmlns="http://www.tei-c.org/ns/1.0"><forename type="first">Dan</forename><forename type="middle">I</forename><surname>Moldovan</surname></persName>
		</author>
	</analytic>
	<monogr>
		<title level="m">LREC</title>
		<imprint>
			<date type="published" when="2008" />
			<biblScope unit="page" from="310" to="313" />
		</imprint>
	</monogr>
</biblStruct>

<biblStruct >
	<analytic>
		<title level="a" type="main">Causal relation extraction using cue phrase and lexical pair probabilities</title>
		<author>
			<persName xmlns="http://www.tei-c.org/ns/1.0"><forename type="first">Du-Seong</forename><surname>Chang</surname></persName>
		</author>
		<author>
			<persName xmlns="http://www.tei-c.org/ns/1.0"><forename type="first">Key-Sun</forename><surname>Choi</surname></persName>
		</author>
	</analytic>
	<monogr>
		<title level="m">Natural Language ProcessingIJCNLP 2004</title>
		<imprint>
			<publisher>Springer</publisher>
			<date type="published" when="2005" />
			<biblScope unit="page" from="61" to="70" />
		</imprint>
	</monogr>
</biblStruct>

<biblStruct >
	<analytic>
		<title level="a" type="main">A survey of current work in biomedical text mining</title>
		<author>
			<persName xmlns="http://www.tei-c.org/ns/1.0"><forename type="first">M</forename><surname>Aaron</surname></persName>
		</author>
		<author>
			<persName xmlns="http://www.tei-c.org/ns/1.0"><forename type="first">William</forename><forename type="middle">R</forename><surname>Cohen</surname></persName>
		</author>
		<author>
			<persName xmlns="http://www.tei-c.org/ns/1.0"><surname>Hersh</surname></persName>
		</author>
	</analytic>
	<monogr>
		<title level="j">Briefings in Bioinformatics</title>
		<imprint>
			<biblScope unit="volume">6</biblScope>
			<biblScope unit="issue">1</biblScope>
			<biblScope unit="page" from="57" to="71" />
			<date type="published" when="2005-03" />
		</imprint>
	</monogr>
</biblStruct>

<biblStruct >
	<analytic>
		<title level="a" type="main">Getting Started in Text Mining</title>
		<author>
			<persName xmlns="http://www.tei-c.org/ns/1.0"><forename type="first">Kevin</forename><surname>Bretonnel Cohen</surname></persName>
		</author>
		<author>
			<persName xmlns="http://www.tei-c.org/ns/1.0"><forename type="first">Lawrence</forename><surname>Hunter</surname></persName>
		</author>
	</analytic>
	<monogr>
		<title level="j">PLoS Comput Biol</title>
		<imprint>
			<biblScope unit="volume">4</biblScope>
			<biblScope unit="issue">1</biblScope>
			<biblScope unit="page">20</biblScope>
			<date type="published" when="2008-01" />
		</imprint>
	</monogr>
</biblStruct>

<biblStruct >
	<analytic>
		<title level="a" type="main">Sentence compression as tree transduction</title>
		<author>
			<persName xmlns="http://www.tei-c.org/ns/1.0"><forename type="first">Trevor</forename><surname>Cohn</surname></persName>
		</author>
		<author>
			<persName xmlns="http://www.tei-c.org/ns/1.0"><forename type="first">Mirella</forename><surname>Lapata</surname></persName>
		</author>
	</analytic>
	<monogr>
		<title level="j">J. Artif. Int. Res</title>
		<imprint>
			<biblScope unit="volume">34</biblScope>
			<biblScope unit="issue">1</biblScope>
			<biblScope unit="page" from="637" to="674" />
			<date type="published" when="2009" />
		</imprint>
	</monogr>
</biblStruct>

<biblStruct >
	<analytic>
		<title level="a" type="main">Creating the gene ontology resource: Design and implementation</title>
	</analytic>
	<monogr>
		<title level="j">Genome Research</title>
		<imprint>
			<biblScope unit="volume">11</biblScope>
			<biblScope unit="issue">8</biblScope>
			<biblScope unit="page" from="1425" to="1433" />
			<date type="published" when="2001-08" />
		</imprint>
	</monogr>
	<note>The Gene Ontology Consortium</note>
</biblStruct>

<biblStruct >
	<analytic>
		<title level="a" type="main">The PASCAL Recognising Textual Entailment challenge</title>
		<author>
			<persName xmlns="http://www.tei-c.org/ns/1.0"><forename type="first">Oren</forename><surname>Ido Dagan</surname></persName>
		</author>
		<author>
			<persName xmlns="http://www.tei-c.org/ns/1.0"><forename type="first">Bernardo</forename><surname>Glickman</surname></persName>
		</author>
		<author>
			<persName xmlns="http://www.tei-c.org/ns/1.0"><surname>Magnini</surname></persName>
		</author>
	</analytic>
	<monogr>
		<title level="j">Machine Learning Challenges</title>
		<imprint>
			<biblScope unit="page" from="177" to="190" />
			<date type="published" when="2006" />
		</imprint>
	</monogr>
</biblStruct>

<biblStruct >
	<analytic>
		<title level="a" type="main">Exploratory text mining of ocean law to measure overlapping agency and jurisdictional authority</title>
		<author>
			<persName xmlns="http://www.tei-c.org/ns/1.0"><forename type="first">A</forename><surname>Julia</surname></persName>
		</author>
		<author>
			<persName xmlns="http://www.tei-c.org/ns/1.0"><forename type="first">Gloria</forename><forename type="middle">T</forename><surname>Ekstrom</surname></persName>
		</author>
		<author>
			<persName xmlns="http://www.tei-c.org/ns/1.0"><surname>Lau</surname></persName>
		</author>
	</analytic>
	<monogr>
		<title level="m">Proceedings of the 2008 international conference on Digital government research</title>
		<meeting>the 2008 international conference on Digital government research</meeting>
		<imprint>
			<publisher>Digital Government Society of North America</publisher>
			<date type="published" when="2008" />
			<biblScope unit="page" from="53" to="62" />
		</imprint>
	</monogr>
</biblStruct>

<biblStruct >
	<analytic>
		<title level="a" type="main">Excitatory or inhibitory: A new semantic orientation extracts contradiction and causality from the web</title>
		<author>
			<persName xmlns="http://www.tei-c.org/ns/1.0"><forename type="first">Chikara</forename><surname>Hashimoto</surname></persName>
		</author>
		<author>
			<persName xmlns="http://www.tei-c.org/ns/1.0"><forename type="first">Kentaro</forename><surname>Torisawa</surname></persName>
		</author>
		<author>
			<persName xmlns="http://www.tei-c.org/ns/1.0"><surname>Stijn De</surname></persName>
		</author>
		<author>
			<persName xmlns="http://www.tei-c.org/ns/1.0"><forename type="first">Jong</forename><forename type="middle">H</forename><surname>Saeger</surname></persName>
		</author>
		<author>
			<persName xmlns="http://www.tei-c.org/ns/1.0"><forename type="first">Jun&amp;apos;ichi</forename><surname>Oh</surname></persName>
		</author>
		<author>
			<persName xmlns="http://www.tei-c.org/ns/1.0"><surname>Kazama</surname></persName>
		</author>
	</analytic>
	<monogr>
		<title level="m">Proceedings of the 2012 Joint Conference on Empirical Methods in Natural Language Processing and Computational Natural Language Learning</title>
		<meeting>the 2012 Joint Conference on Empirical Methods in Natural Language Processing and Computational Natural Language Learning<address><addrLine>Stroudsburg, PA, USA</addrLine></address></meeting>
		<imprint>
			<publisher>Association for Computational Linguistics</publisher>
			<date type="published" when="2012" />
			<biblScope unit="volume">12</biblScope>
			<biblScope unit="page" from="619" to="630" />
		</imprint>
	</monogr>
</biblStruct>

<biblStruct >
	<analytic>
		<title level="a" type="main">Untangling text data mining</title>
		<author>
			<persName xmlns="http://www.tei-c.org/ns/1.0"><forename type="first">Marti</forename><forename type="middle">A</forename><surname>Hearst</surname></persName>
		</author>
	</analytic>
	<monogr>
		<title level="m">Proceedings of the 37th Annual Meeting of the Association for Computational Linguistics on Computational Linguistics, ACL &apos;99</title>
		<meeting>the 37th Annual Meeting of the Association for Computational Linguistics on Computational Linguistics, ACL &apos;99<address><addrLine>Stroudsburg, PA, USA</addrLine></address></meeting>
		<imprint>
			<date type="published" when="1999" />
			<biblScope unit="page" from="3" to="10" />
		</imprint>
	</monogr>
	<note>Association for Computational Linguistics</note>
</biblStruct>

<biblStruct >
	<analytic>
		<title level="a" type="main">Overview of BioCreAtIvE: critical assessment of information extraction for biology</title>
		<author>
			<persName xmlns="http://www.tei-c.org/ns/1.0"><forename type="first">Lynette</forename><surname>Hirschman</surname></persName>
		</author>
		<author>
			<persName xmlns="http://www.tei-c.org/ns/1.0"><forename type="first">Alexander</forename><surname>Yeh</surname></persName>
		</author>
		<author>
			<persName xmlns="http://www.tei-c.org/ns/1.0"><forename type="first">Christian</forename><surname>Blaschke</surname></persName>
		</author>
		<author>
			<persName xmlns="http://www.tei-c.org/ns/1.0"><forename type="first">Alfonso</forename><surname>Valencia</surname></persName>
		</author>
	</analytic>
	<monogr>
		<title level="j">BMC Bioinformatics</title>
		<imprint>
			<biblScope unit="issue">6</biblScope>
			<biblScope unit="page">1</biblScope>
			<date type="published" when="2005" />
		</imprint>
	</monogr>
	<note>Suppl 1</note>
</biblStruct>

<biblStruct >
	<analytic>
		<title level="a" type="main">A literature network of human genes for high-throughput analysis of gene expression</title>
		<author>
			<persName xmlns="http://www.tei-c.org/ns/1.0"><forename type="first">T</forename><forename type="middle">K</forename><surname>Jenssen</surname></persName>
		</author>
		<author>
			<persName xmlns="http://www.tei-c.org/ns/1.0"><forename type="first">A</forename><surname>Laegreid</surname></persName>
		</author>
		<author>
			<persName xmlns="http://www.tei-c.org/ns/1.0"><forename type="first">J</forename><surname>Komorowski</surname></persName>
		</author>
		<author>
			<persName xmlns="http://www.tei-c.org/ns/1.0"><forename type="first">E</forename><surname>Hovig</surname></persName>
		</author>
	</analytic>
	<monogr>
		<title level="j">Nat Genet</title>
		<imprint>
			<biblScope unit="volume">28</biblScope>
			<biblScope unit="page" from="21" to="28" />
			<date type="published" when="2001" />
		</imprint>
	</monogr>
</biblStruct>

<biblStruct >
	<analytic>
		<title level="a" type="main">Sentence reduction for automatic text summarization</title>
		<author>
			<persName xmlns="http://www.tei-c.org/ns/1.0"><forename type="first">Hongyan</forename><surname>Jing</surname></persName>
		</author>
	</analytic>
	<monogr>
		<title level="m">Proceedings of the sixth conference on Applied natural language processing</title>
		<meeting>the sixth conference on Applied natural language processing</meeting>
		<imprint>
			<date type="published" when="2000" />
			<biblScope unit="page" from="310" to="315" />
		</imprint>
	</monogr>
	<note>Association for Computational Linguistics</note>
</biblStruct>

<biblStruct >
	<analytic>
		<title level="a" type="main">GENIA corpus-a semantically annotated corpus for bio-textmining</title>
		<author>
			<persName xmlns="http://www.tei-c.org/ns/1.0"><forename type="first">J</forename><forename type="middle">D</forename><surname>Kim</surname></persName>
		</author>
		<author>
			<persName xmlns="http://www.tei-c.org/ns/1.0"><forename type="first">T</forename><surname>Ohta</surname></persName>
		</author>
		<author>
			<persName xmlns="http://www.tei-c.org/ns/1.0"><forename type="first">Y</forename><surname>Tateisi</surname></persName>
		</author>
		<author>
			<persName xmlns="http://www.tei-c.org/ns/1.0"><forename type="first">J</forename><surname>Tsujii</surname></persName>
		</author>
	</analytic>
	<monogr>
		<title level="j">Bioinformatics</title>
		<imprint>
			<biblScope unit="volume">19</biblScope>
			<biblScope unit="issue">1</biblScope>
			<biblScope unit="page" from="180" to="182" />
			<date type="published" when="2003-07" />
		</imprint>
	</monogr>
	<note>suppl</note>
</biblStruct>

<biblStruct >
	<analytic>
		<title level="a" type="main">Summarization beyond sentence extraction: A probabilistic approach to sentence compression</title>
		<author>
			<persName xmlns="http://www.tei-c.org/ns/1.0"><forename type="first">Kevin</forename><surname>Knight</surname></persName>
		</author>
		<author>
			<persName xmlns="http://www.tei-c.org/ns/1.0"><forename type="first">Daniel</forename><surname>Marcu</surname></persName>
		</author>
	</analytic>
	<monogr>
		<title level="j">Artificial Intelligence</title>
		<imprint>
			<biblScope unit="volume">139</biblScope>
			<biblScope unit="issue">1</biblScope>
			<biblScope unit="page" from="91" to="107" />
			<date type="published" when="2002" />
		</imprint>
	</monogr>
</biblStruct>

<biblStruct >
	<analytic>
		<title level="a" type="main">Three Special Sections: Assessment of China&apos;s and India&apos;s Science and Technology Literature Nanotechnology Policy Minding the Gap: Previewing the Potential of Breakthrough Technologies</title>
		<author>
			<persName xmlns="http://www.tei-c.org/ns/1.0"><forename type="first">Ronald</forename><forename type="middle">N</forename><surname>Kostoff</surname></persName>
		</author>
		<author>
			<persName xmlns="http://www.tei-c.org/ns/1.0"><forename type="first">Raymond</forename><forename type="middle">G</forename><surname>Koytcheff</surname></persName>
		</author>
		<author>
			<persName xmlns="http://www.tei-c.org/ns/1.0"><forename type="first">Clifford</forename><forename type="middle">G Y</forename><surname>Lau</surname></persName>
		</author>
	</analytic>
	<monogr>
		<title level="j">Technological Forecasting and Social Change</title>
		<imprint>
			<biblScope unit="volume">74</biblScope>
			<biblScope unit="issue">9</biblScope>
			<biblScope unit="page" from="1733" to="1747" />
			<date type="published" when="2007" />
		</imprint>
	</monogr>
	<note>Global nanotechnology research literature overview</note>
</biblStruct>

<biblStruct >
	<analytic>
		<title level="a" type="main">Linking genes to literature: text mining, information extraction, and retrieval applications for biology</title>
		<author>
			<persName xmlns="http://www.tei-c.org/ns/1.0"><forename type="first">Martin</forename><surname>Krallinger</surname></persName>
		</author>
		<author>
			<persName xmlns="http://www.tei-c.org/ns/1.0"><forename type="first">Alfonso</forename><surname>Valencia</surname></persName>
		</author>
		<author>
			<persName xmlns="http://www.tei-c.org/ns/1.0"><forename type="first">Lynette</forename><surname>Hirschman</surname></persName>
		</author>
	</analytic>
	<monogr>
		<title level="j">Genome Biology</title>
		<imprint>
			<biblScope unit="volume">9</biblScope>
			<biblScope unit="issue">2</biblScope>
			<biblScope unit="page">8</biblScope>
			<date type="published" when="2008-09" />
		</imprint>
	</monogr>
	<note>Suppl</note>
</biblStruct>

<biblStruct >
	<analytic>
		<title level="a" type="main">Tregex and Tsurgeon: tools for querying and manipulating tree data structures</title>
		<author>
			<persName xmlns="http://www.tei-c.org/ns/1.0"><forename type="first">Roger</forename><surname>Levy</surname></persName>
		</author>
		<author>
			<persName xmlns="http://www.tei-c.org/ns/1.0"><forename type="first">Galen</forename><surname>Andrew</surname></persName>
		</author>
	</analytic>
	<monogr>
		<title level="m">Proceedings of the fifth international conference on Language Resources and Evaluation</title>
		<meeting>the fifth international conference on Language Resources and Evaluation</meeting>
		<imprint>
			<date type="published" when="2006" />
			<biblScope unit="page" from="2231" to="2234" />
		</imprint>
	</monogr>
</biblStruct>

<biblStruct >
	<analytic>
		<title level="a" type="main">The Stanford CoreNLP natural language processing toolkit</title>
		<author>
			<persName xmlns="http://www.tei-c.org/ns/1.0"><forename type="first">Christopher</forename><forename type="middle">D</forename><surname>Manning</surname></persName>
		</author>
		<author>
			<persName xmlns="http://www.tei-c.org/ns/1.0"><forename type="first">Mihai</forename><surname>Surdeanu</surname></persName>
		</author>
		<author>
			<persName xmlns="http://www.tei-c.org/ns/1.0"><forename type="first">John</forename><surname>Bauer</surname></persName>
		</author>
		<author>
			<persName xmlns="http://www.tei-c.org/ns/1.0"><forename type="first">Jenny</forename><surname>Finkel</surname></persName>
		</author>
		<author>
			<persName xmlns="http://www.tei-c.org/ns/1.0"><forename type="first">Steven</forename><forename type="middle">J</forename><surname>Bethard</surname></persName>
		</author>
		<author>
			<persName xmlns="http://www.tei-c.org/ns/1.0"><forename type="first">David</forename><surname>Mcclosky</surname></persName>
		</author>
	</analytic>
	<monogr>
		<title level="m">Proceedings of 52nd</title>
		<meeting>52nd</meeting>
		<imprint>
			<date type="published" when="2014" />
		</imprint>
	</monogr>
</biblStruct>

<biblStruct >
	<monogr>
				<title level="m">Annual Meeting of the Association for Computational Linguistics: System Demonstrations</title>
		<imprint>
			<biblScope unit="page" from="55" to="60" />
		</imprint>
	</monogr>
</biblStruct>

<biblStruct >
	<analytic>
		<title level="a" type="main">Towards text mining in climate science: Extraction of quantitative variables and their relations</title>
		<author>
			<persName xmlns="http://www.tei-c.org/ns/1.0"><forename type="first">Erwin</forename><surname>Marsi</surname></persName>
		</author>
		<author>
			<persName xmlns="http://www.tei-c.org/ns/1.0"><forename type="first">Pinar</forename><surname>Oztürk</surname></persName>
		</author>
		<author>
			<persName xmlns="http://www.tei-c.org/ns/1.0"><forename type="first">Elias</forename><surname>Aamot</surname></persName>
		</author>
		<author>
			<persName xmlns="http://www.tei-c.org/ns/1.0"><forename type="first">Gleb</forename><surname>Sizov</surname></persName>
		</author>
		<author>
			<persName xmlns="http://www.tei-c.org/ns/1.0"><surname>Murat V Ardelan</surname></persName>
		</author>
	</analytic>
	<monogr>
		<title level="m">Proceedings of the Fourth Workshop on Building and Evaluating Resources for Health and Biomedical Text Processing</title>
		<meeting>the Fourth Workshop on Building and Evaluating Resources for Health and Biomedical Text Processing<address><addrLine>Reykjavik, Iceland</addrLine></address></meeting>
		<imprint>
			<date type="published" when="2014" />
		</imprint>
	</monogr>
</biblStruct>

<biblStruct >
	<analytic>
		<title level="a" type="main">Boosting automatic event extraction from the literature using domain adaptation and coreference resolution</title>
		<author>
			<persName xmlns="http://www.tei-c.org/ns/1.0"><forename type="first">Makoto</forename><surname>Miwa</surname></persName>
		</author>
		<author>
			<persName xmlns="http://www.tei-c.org/ns/1.0"><forename type="first">Paul</forename><surname>Thompson</surname></persName>
		</author>
		<author>
			<persName xmlns="http://www.tei-c.org/ns/1.0"><forename type="first">Sophia</forename><surname>Ananiadou</surname></persName>
		</author>
	</analytic>
	<monogr>
		<title level="j">Bioinformatics</title>
		<imprint>
			<biblScope unit="volume">28</biblScope>
			<biblScope unit="issue">13</biblScope>
			<biblScope unit="page" from="1759" to="1765" />
			<date type="published" when="2012" />
		</imprint>
	</monogr>
</biblStruct>

<biblStruct >
	<analytic>
		<title level="a" type="main">Learning the scope of hedge cues in biomedical texts</title>
		<author>
			<persName xmlns="http://www.tei-c.org/ns/1.0"><forename type="first">Roser</forename><surname>Morante</surname></persName>
		</author>
		<author>
			<persName xmlns="http://www.tei-c.org/ns/1.0"><forename type="first">Walter</forename><surname>Daelemans</surname></persName>
		</author>
	</analytic>
	<monogr>
		<title level="m">Proceedings of the Workshop on Current Trends in Biomedical Natural Language Processing</title>
		<meeting>the Workshop on Current Trends in Biomedical Natural Language Processing</meeting>
		<imprint>
			<publisher>Association for Computational Linguistics</publisher>
			<date type="published" when="2009" />
			<biblScope unit="page" from="28" to="36" />
		</imprint>
	</monogr>
</biblStruct>

<biblStruct >
	<analytic>
		<title level="a" type="main">Computational text analysis for social science: Model assumptions and complexity</title>
		<author>
			<persName xmlns="http://www.tei-c.org/ns/1.0"><forename type="first">O&amp;apos;</forename><surname>Brendan</surname></persName>
		</author>
		<author>
			<persName xmlns="http://www.tei-c.org/ns/1.0"><forename type="first">David</forename><surname>Connor</surname></persName>
		</author>
		<author>
			<persName xmlns="http://www.tei-c.org/ns/1.0"><forename type="first">Noah</forename><surname>Bamman</surname></persName>
		</author>
		<author>
			<persName xmlns="http://www.tei-c.org/ns/1.0"><surname>Smith</surname></persName>
		</author>
	</analytic>
	<monogr>
		<title level="m">Proceedings of the Second Workshop on Computational Social Science and the Wisdom of the Crowds (NIPS</title>
		<meeting>the Second Workshop on Computational Social Science and the Wisdom of the Crowds (NIPS</meeting>
		<imprint>
			<date type="published" when="2011" />
		</imprint>
	</monogr>
</biblStruct>

<biblStruct >
	<analytic>
		<title level="a" type="main">BioInfer: a corpus for information extraction in the biomedical domain</title>
		<author>
			<persName xmlns="http://www.tei-c.org/ns/1.0"><forename type="first">Sampo</forename><surname>Pyysalo</surname></persName>
		</author>
		<author>
			<persName xmlns="http://www.tei-c.org/ns/1.0"><forename type="first">Filip</forename><surname>Ginter</surname></persName>
		</author>
		<author>
			<persName xmlns="http://www.tei-c.org/ns/1.0"><forename type="first">Juho</forename><surname>Heimonen</surname></persName>
		</author>
		<author>
			<persName xmlns="http://www.tei-c.org/ns/1.0"><forename type="first">Jari</forename><surname>Bjorne</surname></persName>
		</author>
		<author>
			<persName xmlns="http://www.tei-c.org/ns/1.0"><forename type="first">Jorma</forename><surname>Boberg</surname></persName>
		</author>
		<author>
			<persName xmlns="http://www.tei-c.org/ns/1.0"><forename type="first">Jouni</forename><surname>Jarvinen</surname></persName>
		</author>
		<author>
			<persName xmlns="http://www.tei-c.org/ns/1.0"><forename type="first">Tapio</forename><surname>Salakoski</surname></persName>
		</author>
	</analytic>
	<monogr>
		<title level="j">BMC Bioinformatics</title>
		<imprint>
			<biblScope unit="volume">8</biblScope>
			<biblScope unit="page">50</biblScope>
			<date type="published" when="2007" />
		</imprint>
	</monogr>
</biblStruct>

<biblStruct >
	<analytic>
		<title level="a" type="main">Overview of the ID, EPI and REL tasks of BioNLP shared task</title>
		<author>
			<persName xmlns="http://www.tei-c.org/ns/1.0"><forename type="first">Sampo</forename><surname>Pyysalo</surname></persName>
		</author>
		<author>
			<persName xmlns="http://www.tei-c.org/ns/1.0"><forename type="first">Tomoko</forename><surname>Ohta</surname></persName>
		</author>
		<author>
			<persName xmlns="http://www.tei-c.org/ns/1.0"><forename type="first">Rafal</forename><surname>Rak</surname></persName>
		</author>
		<author>
			<persName xmlns="http://www.tei-c.org/ns/1.0"><forename type="first">Dan</forename><surname>Sullivan</surname></persName>
		</author>
		<author>
			<persName xmlns="http://www.tei-c.org/ns/1.0"><forename type="first">Chunhong</forename><surname>Mao</surname></persName>
		</author>
		<author>
			<persName xmlns="http://www.tei-c.org/ns/1.0"><forename type="first">Chunxia</forename><surname>Wang</surname></persName>
		</author>
		<author>
			<persName xmlns="http://www.tei-c.org/ns/1.0"><forename type="first">Bruno</forename><surname>Sobral</surname></persName>
		</author>
		<author>
			<persName xmlns="http://www.tei-c.org/ns/1.0"><forename type="first">Sophia</forename><surname>Jun&amp;apos;ichi Tsujii</surname></persName>
		</author>
		<author>
			<persName xmlns="http://www.tei-c.org/ns/1.0"><surname>Ananiadou</surname></persName>
		</author>
	</analytic>
	<monogr>
		<title level="j">BMC Bioinformatics</title>
		<imprint>
			<biblScope unit="volume">13</biblScope>
			<biblScope unit="issue">11</biblScope>
			<biblScope unit="page">2</biblScope>
			<date type="published" when="2011-06" />
		</imprint>
	</monogr>
	<note>Suppl</note>
</biblStruct>

<biblStruct >
	<analytic>
		<title level="a" type="main">Ppinterfinder-a mining tool for extracting causal relations on human proteins from literature</title>
		<author>
			<persName xmlns="http://www.tei-c.org/ns/1.0"><forename type="first">Kalpana</forename><surname>Raja</surname></persName>
		</author>
		<author>
			<persName xmlns="http://www.tei-c.org/ns/1.0"><forename type="first">Suresh</forename><surname>Subramani</surname></persName>
		</author>
		<author>
			<persName xmlns="http://www.tei-c.org/ns/1.0"><forename type="first">Jeyakumar</forename><surname>Natarajan</surname></persName>
		</author>
	</analytic>
	<monogr>
		<title level="j">Database (Oxford)</title>
		<imprint>
			<biblScope unit="page">52</biblScope>
			<date type="published" when="2013" />
		</imprint>
	</monogr>
</biblStruct>

<biblStruct >
	<analytic>
		<title level="a" type="main">Biomedical Text Mining and Its Applications</title>
		<author>
			<persName xmlns="http://www.tei-c.org/ns/1.0"><forename type="first">Raul</forename><surname>Rodriguez-Esteban</surname></persName>
		</author>
	</analytic>
	<monogr>
		<title level="j">PLoS Comput Biol</title>
		<imprint>
			<biblScope unit="volume">5</biblScope>
			<biblScope unit="issue">12</biblScope>
			<biblScope unit="page">1000597</biblScope>
			<date type="published" when="2009-12" />
		</imprint>
	</monogr>
</biblStruct>

<biblStruct >
	<analytic>
		<title level="a" type="main">Information extraction</title>
		<author>
			<persName xmlns="http://www.tei-c.org/ns/1.0"><forename type="first">Sunita</forename><surname>Sarawagi</surname></persName>
		</author>
	</analytic>
	<monogr>
		<title level="j">Found. Trends databases</title>
		<imprint>
			<biblScope unit="volume">1</biblScope>
			<biblScope unit="issue">3</biblScope>
			<biblScope unit="page" from="261" to="377" />
			<date type="published" when="2008-03" />
		</imprint>
	</monogr>
</biblStruct>

<biblStruct >
	<analytic>
		<title level="a" type="main">A survey of automated text simplification</title>
		<author>
			<persName xmlns="http://www.tei-c.org/ns/1.0"><forename type="first">Matthew</forename><surname>Shardlow</surname></persName>
		</author>
	</analytic>
	<monogr>
		<title level="j">International Journal of Advanced Computer Science and Applications</title>
		<imprint>
			<biblScope unit="volume">4</biblScope>
			<biblScope unit="issue">1</biblScope>
			<date type="published" when="2014" />
		</imprint>
	</monogr>
</biblStruct>

<biblStruct >
	<analytic>
		<title level="a" type="main">Biomedical Text Mining: A Survey of Recent Progress</title>
		<author>
			<persName xmlns="http://www.tei-c.org/ns/1.0"><forename type="first">S</forename><surname>Matthew</surname></persName>
		</author>
		<author>
			<persName xmlns="http://www.tei-c.org/ns/1.0"><forename type="first">Dina</forename><surname>Simpson</surname></persName>
		</author>
		<author>
			<persName xmlns="http://www.tei-c.org/ns/1.0"><surname>Demner-Fushman</surname></persName>
		</author>
	</analytic>
	<monogr>
		<title level="m">Mining Text Data</title>
		<editor>Charu C. Aggarwal and ChengXiang Zhai</editor>
		<meeting><address><addrLine>US</addrLine></address></meeting>
		<imprint>
			<publisher>Springer</publisher>
			<date type="published" when="2012" />
			<biblScope unit="page" from="465" to="517" />
		</imprint>
	</monogr>
</biblStruct>

<biblStruct >
	<analytic>
		<title level="a" type="main">An interactive system for finding complementary literatures: a stimulus to scientific discovery</title>
		<author>
			<persName xmlns="http://www.tei-c.org/ns/1.0"><forename type="first">Don</forename><forename type="middle">R</forename><surname>Swanson</surname></persName>
		</author>
		<author>
			<persName xmlns="http://www.tei-c.org/ns/1.0"><forename type="first">Neil</forename><forename type="middle">R</forename><surname>Smalheiser</surname></persName>
		</author>
	</analytic>
	<monogr>
		<title level="j">Artificial Intelligence</title>
		<imprint>
			<biblScope unit="volume">91</biblScope>
			<biblScope unit="issue">2</biblScope>
			<biblScope unit="page" from="183" to="203" />
			<date type="published" when="1997-04" />
		</imprint>
	</monogr>
</biblStruct>

<biblStruct >
	<monogr>
		<title level="m" type="main">Fish oil, raynaud&apos;s syndrome, and undiscovered public knowledge. Perspectives in biology and medicine</title>
		<author>
			<persName xmlns="http://www.tei-c.org/ns/1.0"><forename type="first">R</forename><surname>Don</surname></persName>
		</author>
		<author>
			<persName xmlns="http://www.tei-c.org/ns/1.0"><surname>Swanson</surname></persName>
		</author>
		<imprint>
			<date type="published" when="1986" />
			<biblScope unit="volume">30</biblScope>
			<biblScope unit="page" from="7" to="18" />
		</imprint>
	</monogr>
</biblStruct>

<biblStruct >
	<analytic>
		<title level="a" type="main">Migraine and magnesium: eleven neglected connections</title>
		<author>
			<persName xmlns="http://www.tei-c.org/ns/1.0"><forename type="first">R</forename><surname>Don</surname></persName>
		</author>
		<author>
			<persName xmlns="http://www.tei-c.org/ns/1.0"><surname>Swanson</surname></persName>
		</author>
	</analytic>
	<monogr>
		<title level="j">Perspectives in Biology and Medicine</title>
		<imprint>
			<biblScope unit="volume">31</biblScope>
			<biblScope unit="issue">4</biblScope>
			<biblScope unit="page" from="526" to="557" />
			<date type="published" when="1988" />
		</imprint>
	</monogr>
</biblStruct>

<biblStruct >
	<analytic>
		<title level="a" type="main">A domain-independent rule-based framework for event extraction</title>
		<author>
			<persName xmlns="http://www.tei-c.org/ns/1.0"><forename type="first">A</forename><surname>Marco</surname></persName>
		</author>
		<author>
			<persName xmlns="http://www.tei-c.org/ns/1.0"><forename type="first">Gustave</forename><surname>Valenzuela-Escárcega</surname></persName>
		</author>
		<author>
			<persName xmlns="http://www.tei-c.org/ns/1.0"><forename type="first">Thomas</forename><surname>Hahnpowell</surname></persName>
		</author>
		<author>
			<persName xmlns="http://www.tei-c.org/ns/1.0"><forename type="first">Mihai</forename><surname>Hicks</surname></persName>
		</author>
		<author>
			<persName xmlns="http://www.tei-c.org/ns/1.0"><surname>Surdeanu</surname></persName>
		</author>
	</analytic>
	<monogr>
		<title level="m">Proceedings of the 53rd Annual Meeting of the Association for Computational Linguistics and the 7th International Joint Conference on Natural Language Processing of the Assian Federation of Natural Language Processing: Software Demonstrations (ACL-IJCNLP)</title>
		<meeting>the 53rd Annual Meeting of the Association for Computational Linguistics and the 7th International Joint Conference on Natural Language Processing of the Assian Federation of Natural Language Processing: Software Demonstrations (ACL-IJCNLP)</meeting>
		<imprint>
			<date type="published" when="2015" />
		</imprint>
	</monogr>
</biblStruct>

<biblStruct >
	<analytic>
		<title level="a" type="main">KYOTO: an open platform for mining facts</title>
		<author>
			<persName xmlns="http://www.tei-c.org/ns/1.0"><forename type="first">Piek</forename><surname>Vossen</surname></persName>
		</author>
		<author>
			<persName xmlns="http://www.tei-c.org/ns/1.0"><forename type="first">German</forename><surname>Rigau</surname></persName>
		</author>
		<author>
			<persName xmlns="http://www.tei-c.org/ns/1.0"><forename type="first">Eneko</forename><surname>Agirre</surname></persName>
		</author>
		<author>
			<persName xmlns="http://www.tei-c.org/ns/1.0"><forename type="first">Aitor</forename><surname>Soroa</surname></persName>
		</author>
		<author>
			<persName xmlns="http://www.tei-c.org/ns/1.0"><forename type="first">Monica</forename><surname>Monachini</surname></persName>
		</author>
		<author>
			<persName xmlns="http://www.tei-c.org/ns/1.0"><forename type="first">Roberto</forename><surname>Bartolini</surname></persName>
		</author>
	</analytic>
	<monogr>
		<title level="m">Proceedings of the 6th Workshop on Ontologies and Lexical Resources</title>
		<meeting>the 6th Workshop on Ontologies and Lexical Resources<address><addrLine>Beijing, China</addrLine></address></meeting>
		<imprint>
			<date type="published" when="2010-08" />
			<biblScope unit="page" from="1" to="10" />
		</imprint>
	</monogr>
</biblStruct>

<biblStruct >
	<analytic>
		<title level="a" type="main">GeoDeepDive: Statistical inference using familiar data-processing languages</title>
		<author>
			<persName xmlns="http://www.tei-c.org/ns/1.0"><forename type="first">Ce</forename><surname>Zhang</surname></persName>
		</author>
		<author>
			<persName xmlns="http://www.tei-c.org/ns/1.0"><forename type="first">Vidhya</forename><surname>Govindaraju</surname></persName>
		</author>
		<author>
			<persName xmlns="http://www.tei-c.org/ns/1.0"><forename type="first">Jackson</forename><surname>Borchardt</surname></persName>
		</author>
		<author>
			<persName xmlns="http://www.tei-c.org/ns/1.0"><forename type="first">Tim</forename><surname>Foltz</surname></persName>
		</author>
		<author>
			<persName xmlns="http://www.tei-c.org/ns/1.0"><forename type="first">Christopher</forename><surname>Ré</surname></persName>
		</author>
		<author>
			<persName xmlns="http://www.tei-c.org/ns/1.0"><forename type="first">Shanan</forename><surname>Peters</surname></persName>
		</author>
	</analytic>
	<monogr>
		<title level="m">Proceedings of the 2013 ACM SIGMOD International Conference on Management of Data, SIGMOD &apos;13</title>
		<meeting>the 2013 ACM SIGMOD International Conference on Management of Data, SIGMOD &apos;13<address><addrLine>New York, NY, USA</addrLine></address></meeting>
		<imprint>
			<publisher>ACM</publisher>
			<date type="published" when="2013" />
			<biblScope unit="page" from="993" to="996" />
		</imprint>
	</monogr>
</biblStruct>

<biblStruct >
	<analytic>
		<title level="a" type="main">Advanced Literature-Mining Tools</title>
		<author>
			<persName xmlns="http://www.tei-c.org/ns/1.0"><forename type="first">Pierre</forename><surname>Zweigenbaum</surname></persName>
		</author>
		<author>
			<persName xmlns="http://www.tei-c.org/ns/1.0"><forename type="first">Dina</forename><surname>Demner-Fushman</surname></persName>
		</author>
	</analytic>
	<monogr>
		<title level="j">Bioinformatics</title>
		<editor>David Edwards, Jason Stajich, and David Hansen</editor>
		<imprint>
			<biblScope unit="page" from="347" to="380" />
			<date type="published" when="2009" />
			<publisher>Springer</publisher>
		</imprint>
	</monogr>
</biblStruct>

<biblStruct >
	<analytic>
		<title level="a" type="main">Frontiers of biomedical text mining: current progress</title>
		<author>
			<persName xmlns="http://www.tei-c.org/ns/1.0"><forename type="first">Pierre</forename><surname>Zweigenbaum</surname></persName>
		</author>
		<author>
			<persName xmlns="http://www.tei-c.org/ns/1.0"><forename type="first">Dina</forename><surname>Demner-Fushman</surname></persName>
		</author>
		<author>
			<persName xmlns="http://www.tei-c.org/ns/1.0"><forename type="first">Hong</forename><surname>Yu</surname></persName>
		</author>
		<author>
			<persName xmlns="http://www.tei-c.org/ns/1.0"><forename type="first">Kevin</forename><forename type="middle">B</forename><surname>Cohen</surname></persName>
		</author>
	</analytic>
	<monogr>
		<title level="j">Briefings in Bioinformatics</title>
		<imprint>
			<biblScope unit="volume">8</biblScope>
			<biblScope unit="issue">5</biblScope>
			<biblScope unit="page" from="358" to="375" />
			<date type="published" when="2007-09" />
		</imprint>
	</monogr>
</biblStruct>

			</listBibl>
		</back>
	</text>
</TEI>
