<?xml version="1.0" ?>
<TEI xmlns="http://www.tei-c.org/ns/1.0" xmlns:xlink="http://www.w3.org/1999/xlink" 
 xmlns:mml="http://www.w3.org/1998/Math/MathML">
	<teiHeader>
		<fileDesc xml:id="f_409"/>
	</teiHeader>
	<text>
		<front/>
		<body/>
		<back>
			<listBibl>
<biblStruct >
	<monogr>
				<author>
			<persName xmlns="http://www.tei-c.org/ns/1.0"><forename type="first">Justin</forename><surname>Cheng</surname></persName>
		</author>
		<author>
			<persName xmlns="http://www.tei-c.org/ns/1.0"><forename type="first">Cristian</forename><surname>Danescu-Niculescu-Mizil</surname></persName>
		</author>
		<author>
			<persName xmlns="http://www.tei-c.org/ns/1.0"><forename type="first">Jure</forename><surname>Leskovec</surname></persName>
		</author>
		<idno type="arXiv">arXiv:1504.00680</idno>
		<title level="m">Antisocial behavior in online discussion communities</title>
		<imprint>
			<date type="published" when="2015" />
		</imprint>
	</monogr>
<note type="report_type">arXiv preprint</note>
</biblStruct>

<biblStruct >
	<analytic>
		<title level="a" type="main">Word association norms, mutual information, and lexicography</title>
		<author>
			<persName xmlns="http://www.tei-c.org/ns/1.0"><forename type="first">Kenneth</forename><forename type="middle">Ward</forename><surname>Church</surname></persName>
		</author>
		<author>
			<persName xmlns="http://www.tei-c.org/ns/1.0"><forename type="first">Patrick</forename><surname>Hanks</surname></persName>
		</author>
	</analytic>
	<monogr>
		<title level="j">Computational linguistics</title>
		<imprint>
			<biblScope unit="volume">16</biblScope>
			<biblScope unit="issue">1</biblScope>
			<biblScope unit="page" from="22" to="29" />
			<date type="published" when="1990" />
		</imprint>
	</monogr>
</biblStruct>

<biblStruct >
	<analytic>
		<title level="a" type="main">Does the dog scale measure dogmatism? another look at construct validity</title>
		<author>
			<persName xmlns="http://www.tei-c.org/ns/1.0"><forename type="first">H</forename><surname>Michael Crowson</surname></persName>
		</author>
	</analytic>
	<monogr>
		<title level="j">The Journal of social psychology</title>
		<imprint>
			<biblScope unit="volume">149</biblScope>
			<biblScope unit="issue">3</biblScope>
			<biblScope unit="page" from="365" to="383" />
			<date type="published" when="2009" />
		</imprint>
	</monogr>
</biblStruct>

<biblStruct >
	<monogr>
		<title level="m" type="main">A computational approach to politeness with application to social factors</title>
		<author>
			<persName xmlns="http://www.tei-c.org/ns/1.0"><forename type="first">Cristian</forename><surname>Danescu-Niculescu-Mizil</surname></persName>
		</author>
		<author>
			<persName xmlns="http://www.tei-c.org/ns/1.0"><forename type="first">Moritz</forename><surname>Sudhof</surname></persName>
		</author>
		<author>
			<persName xmlns="http://www.tei-c.org/ns/1.0"><forename type="first">Dan</forename><surname>Jurafsky</surname></persName>
		</author>
		<author>
			<persName xmlns="http://www.tei-c.org/ns/1.0"><forename type="first">Jure</forename><surname>Leskovec</surname></persName>
		</author>
		<author>
			<persName xmlns="http://www.tei-c.org/ns/1.0"><forename type="first">Christopher</forename><surname>Potts</surname></persName>
		</author>
		<idno type="arXiv">arXiv:1306.6078</idno>
		<imprint>
			<date type="published" when="2013" />
		</imprint>
	</monogr>
<note type="report_type">arXiv preprint</note>
</biblStruct>

<biblStruct >
	<analytic>
		<title level="a" type="main">Toward a learning science for complex crowdsourcing tasks</title>
		<author>
			<persName xmlns="http://www.tei-c.org/ns/1.0"><forename type="first">Shayan</forename><surname>Doroudi</surname></persName>
		</author>
		<author>
			<persName xmlns="http://www.tei-c.org/ns/1.0"><forename type="first">Ece</forename><surname>Kamar</surname></persName>
		</author>
		<author>
			<persName xmlns="http://www.tei-c.org/ns/1.0"><forename type="first">Emma</forename><surname>Brunskill</surname></persName>
		</author>
		<author>
			<persName xmlns="http://www.tei-c.org/ns/1.0"><forename type="first">Eric</forename><surname>Horvitz</surname></persName>
		</author>
	</analytic>
	<monogr>
		<title level="m">Proceedings of the 2016 CHI Conference on Human Factors in Computing Systems</title>
		<meeting>the 2016 CHI Conference on Human Factors in Computing Systems</meeting>
		<imprint>
			<publisher>ACM</publisher>
			<date type="published" when="2016" />
			<biblScope unit="page" from="2623" to="2634" />
		</imprint>
	</monogr>
</biblStruct>

<biblStruct >
	<analytic>
		<title level="a" type="main">Aljazeera english a conciliatory medium in a conflictdriven environment?</title>
		<author>
			<persName xmlns="http://www.tei-c.org/ns/1.0"><forename type="first">Mohammed</forename><surname>El</surname></persName>
		</author>
		<author>
			<persName xmlns="http://www.tei-c.org/ns/1.0"><forename type="first">-Nawawy</forename></persName>
		</author>
		<author>
			<persName xmlns="http://www.tei-c.org/ns/1.0"><forename type="first">Shawn</forename><surname>Powers</surname></persName>
		</author>
	</analytic>
	<monogr>
		<title level="j">Global Media and Communication</title>
		<imprint>
			<biblScope unit="volume">6</biblScope>
			<biblScope unit="issue">1</biblScope>
			<biblScope unit="page" from="61" to="84" />
			<date type="published" when="2010" />
		</imprint>
	</monogr>
</biblStruct>

<biblStruct >
	<analytic>
		<title level="a" type="main">Content analysis: An alternative approach to open and closed minds</title>
		<author>
			<persName xmlns="http://www.tei-c.org/ns/1.0"><forename type="first">S</forename><surname>Ertel</surname></persName>
		</author>
	</analytic>
	<monogr>
		<title level="j">The High School Journal</title>
		<imprint>
			<biblScope unit="volume">68</biblScope>
			<biblScope unit="issue">4</biblScope>
			<biblScope unit="page" from="229" to="240" />
			<date type="published" when="1985" />
		</imprint>
	</monogr>
</biblStruct>

<biblStruct >
	<analytic>
		<title level="a" type="main">Phrases that signal workplace hierarchy</title>
		<author>
			<persName xmlns="http://www.tei-c.org/ns/1.0"><forename type="first">Eric</forename><surname>Gilbert</surname></persName>
		</author>
	</analytic>
	<monogr>
		<title level="m">Proceedings of the ACM 2012 conference on Computer Supported Cooperative Work</title>
		<meeting>the ACM 2012 conference on Computer Supported Cooperative Work</meeting>
		<imprint>
			<publisher>ACM</publisher>
			<date type="published" when="2012" />
			<biblScope unit="page" from="1037" to="1046" />
		</imprint>
	</monogr>
</biblStruct>

<biblStruct >
	<monogr>
		<title level="m" type="main">Believe it or not: Exploring the relationship between dogmatism and openness within non-religious samples. Personality and Individual Differences</title>
		<author>
			<persName xmlns="http://www.tei-c.org/ns/1.0"><forename type="first">J</forename><surname>Daniel</surname></persName>
		</author>
		<author>
			<persName xmlns="http://www.tei-c.org/ns/1.0"><forename type="first">Shelley</forename><surname>Gurney</surname></persName>
		</author>
		<author>
			<persName xmlns="http://www.tei-c.org/ns/1.0"><forename type="first">Jamie</forename><surname>Mckeown</surname></persName>
		</author>
		<author>
			<persName xmlns="http://www.tei-c.org/ns/1.0"><forename type="first">Neil</forename><surname>Churchyard</surname></persName>
		</author>
		<author>
			<persName xmlns="http://www.tei-c.org/ns/1.0"><surname>Howlett</surname></persName>
		</author>
		<imprint>
			<date type="published" when="2013" />
			<biblScope unit="volume">55</biblScope>
			<biblScope unit="page" from="936" to="940" />
		</imprint>
	</monogr>
</biblStruct>

<biblStruct >
	<analytic>
		<title level="a" type="main">Why are you taking this stance? identifying and classifying reasons in ideological debates</title>
		<author>
			<persName xmlns="http://www.tei-c.org/ns/1.0"><forename type="first">Saidul</forename><surname>Kazi</surname></persName>
		</author>
		<author>
			<persName xmlns="http://www.tei-c.org/ns/1.0"><forename type="first">Vincent</forename><surname>Hasan</surname></persName>
		</author>
		<author>
			<persName xmlns="http://www.tei-c.org/ns/1.0"><surname>Ng</surname></persName>
		</author>
	</analytic>
	<monogr>
		<title level="m">EMNLP</title>
		<imprint>
			<date type="published" when="2014" />
			<biblScope unit="page" from="751" to="762" />
		</imprint>
	</monogr>
</biblStruct>

<biblStruct >
	<analytic>
		<title level="a" type="main">Answering the call for a standard reliability measure for coding data</title>
		<author>
			<persName xmlns="http://www.tei-c.org/ns/1.0"><forename type="first">F</forename><surname>Andrew</surname></persName>
		</author>
		<author>
			<persName xmlns="http://www.tei-c.org/ns/1.0"><forename type="first">Klaus</forename><surname>Hayes</surname></persName>
		</author>
		<author>
			<persName xmlns="http://www.tei-c.org/ns/1.0"><surname>Krippendorff</surname></persName>
		</author>
	</analytic>
	<monogr>
		<title level="j">Communication methods and measures</title>
		<imprint>
			<biblScope unit="volume">1</biblScope>
			<biblScope unit="issue">1</biblScope>
			<biblScope unit="page" from="77" to="89" />
			<date type="published" when="2007" />
		</imprint>
	</monogr>
</biblStruct>

<biblStruct >
	<monogr>
		<title level="m" type="main">An unexamined triumvirate: dogmatism, problem solving, and hrd. Human Resource Development Review</title>
		<author>
			<persName xmlns="http://www.tei-c.org/ns/1.0"><surname>Margaret C Lohman</surname></persName>
		</author>
		<imprint>
			<date type="published" when="2010" />
		</imprint>
	</monogr>
</biblStruct>

<biblStruct >
	<analytic>
		<title level="a" type="main">The relationships between cognitive flexibility with dogmatism, intellectual flexibility, preference for consistency, and self-compassion</title>
		<author>
			<persName xmlns="http://www.tei-c.org/ns/1.0"><forename type="first">Sydney</forename><forename type="middle">M</forename><surname>Matthew M Martin</surname></persName>
		</author>
		<author>
			<persName xmlns="http://www.tei-c.org/ns/1.0"><forename type="first">Carolyn M</forename><surname>Staggers</surname></persName>
		</author>
		<author>
			<persName xmlns="http://www.tei-c.org/ns/1.0"><surname>Anderson</surname></persName>
		</author>
	</analytic>
	<monogr>
		<title level="j">Communication Research Reports</title>
		<imprint>
			<biblScope unit="volume">28</biblScope>
			<biblScope unit="issue">3</biblScope>
			<biblScope unit="page" from="275" to="280" />
			<date type="published" when="2011" />
		</imprint>
	</monogr>
</biblStruct>

<biblStruct >
	<analytic>
		<title level="a" type="main">Opinion expression during social conflict: Comparing online reader comments and letters to the editor</title>
		<author>
			<persName xmlns="http://www.tei-c.org/ns/1.0"><forename type="first">Michael</forename><surname>Mccluskey</surname></persName>
		</author>
		<author>
			<persName xmlns="http://www.tei-c.org/ns/1.0"><forename type="first">Jay</forename><surname>Hmielowski</surname></persName>
		</author>
	</analytic>
	<monogr>
		<title level="j">Journalism</title>
		<imprint>
			<biblScope unit="volume">13</biblScope>
			<biblScope unit="issue">3</biblScope>
			<biblScope unit="page" from="303" to="319" />
			<date type="published" when="2012" />
		</imprint>
	</monogr>
</biblStruct>

<biblStruct >
	<analytic>
		<title level="a" type="main">Content analysis of dogmatism compared with corpus analysis of epistemic stance in student essays</title>
		<author>
			<persName xmlns="http://www.tei-c.org/ns/1.0"><forename type="first">John</forename><surname>Mckenny</surname></persName>
		</author>
	</analytic>
	<monogr>
		<title level="j">Information Design Journal &amp; Document Design</title>
		<imprint>
			<biblScope unit="issue">1</biblScope>
			<biblScope unit="page">13</biblScope>
			<date type="published" when="2005" />
		</imprint>
	</monogr>
</biblStruct>

<biblStruct >
	<analytic>
		<title level="a" type="main">Finding deceptive opinion spam by any stretch of the imagination</title>
		<author>
			<persName xmlns="http://www.tei-c.org/ns/1.0"><forename type="first">Myle</forename><surname>Ott</surname></persName>
		</author>
		<author>
			<persName xmlns="http://www.tei-c.org/ns/1.0"><forename type="first">Yejin</forename><surname>Choi</surname></persName>
		</author>
		<author>
			<persName xmlns="http://www.tei-c.org/ns/1.0"><forename type="first">Claire</forename><surname>Cardie</surname></persName>
		</author>
		<author>
			<persName xmlns="http://www.tei-c.org/ns/1.0"><forename type="first">Jeffrey T</forename><surname>Hancock</surname></persName>
		</author>
	</analytic>
	<monogr>
		<title level="m">Proceedings of the 49th</title>
		<meeting>the 49th</meeting>
		<imprint>
			<date type="published" when="2011" />
		</imprint>
	</monogr>
</biblStruct>

<biblStruct >
	<monogr>
				<title level="m">Annual Meeting of the Association for Computational Linguistics: Human Language Technologies</title>
		<imprint>
			<biblScope unit="volume">1</biblScope>
			<biblScope unit="page" from="309" to="319" />
		</imprint>
	</monogr>
	<note>Association for Computational Linguistics</note>
</biblStruct>

<biblStruct >
	<monogr>
		<title level="m" type="main">Definition of dogmatism</title>
		<author>
			<persName xmlns="http://www.tei-c.org/ns/1.0"><surname>English Oxford Dictionary</surname></persName>
		</author>
		<imprint>
			<date type="published" when="2016" />
		</imprint>
	</monogr>
</biblStruct>

<biblStruct >
	<analytic>
		<title level="a" type="main">Cognitive, emotional, and language processes in disclosure</title>
		<author>
			<persName xmlns="http://www.tei-c.org/ns/1.0"><forename type="first">W</forename><surname>James</surname></persName>
		</author>
		<author>
			<persName xmlns="http://www.tei-c.org/ns/1.0"><forename type="first">Martha</forename><forename type="middle">E</forename><surname>Pennebaker</surname></persName>
		</author>
		<author>
			<persName xmlns="http://www.tei-c.org/ns/1.0"><surname>Francis</surname></persName>
		</author>
	</analytic>
	<monogr>
		<title level="j">Cognition &amp; Emotion</title>
		<imprint>
			<biblScope unit="volume">10</biblScope>
			<biblScope unit="issue">6</biblScope>
			<biblScope unit="page" from="601" to="626" />
			<date type="published" when="1996" />
		</imprint>
	</monogr>
</biblStruct>

<biblStruct >
	<analytic>
		<title level="a" type="main">Linguistic inquiry and word count: Liwc</title>
		<author>
			<persName xmlns="http://www.tei-c.org/ns/1.0"><forename type="first">Martha</forename><forename type="middle">E</forename><surname>James W Pennebaker</surname></persName>
		</author>
		<author>
			<persName xmlns="http://www.tei-c.org/ns/1.0"><forename type="first">Roger J</forename><surname>Francis</surname></persName>
		</author>
		<author>
			<persName xmlns="http://www.tei-c.org/ns/1.0"><surname>Booth</surname></persName>
		</author>
	</analytic>
	<monogr>
		<title level="j">Mahway</title>
		<imprint>
			<biblScope unit="volume">71</biblScope>
			<date type="published" when="2001" />
			<publisher>Lawrence Erlbaum Associates</publisher>
		</imprint>
	</monogr>
</biblStruct>

<biblStruct >
	<analytic>
		<title level="a" type="main">The secret life of pronouns</title>
		<author>
			<persName xmlns="http://www.tei-c.org/ns/1.0"><surname>James W Pennebaker</surname></persName>
		</author>
	</analytic>
	<monogr>
		<title level="j">New Scientist</title>
		<imprint>
			<biblScope unit="volume">211</biblScope>
			<biblScope unit="page" from="42" to="45" />
			<date type="published" when="2011" />
		</imprint>
	</monogr>
</biblStruct>

<biblStruct >
	<monogr>
		<title level="m" type="main">The nature and meaning of dogmatism</title>
		<author>
			<persName xmlns="http://www.tei-c.org/ns/1.0"><forename type="first">Milton</forename><surname>Rokeach</surname></persName>
		</author>
		<imprint>
			<date type="published" when="1954" />
		</imprint>
	</monogr>
</biblStruct>

<biblStruct >
	<analytic>
		<title level="a" type="main">Dogmatism updated: A scale revision and validation</title>
		<author>
			<persName xmlns="http://www.tei-c.org/ns/1.0"><forename type="first">M</forename><surname>Sachiyo</surname></persName>
		</author>
		<author>
			<persName xmlns="http://www.tei-c.org/ns/1.0"><forename type="first">Timothy</forename><forename type="middle">R</forename><surname>Shearman</surname></persName>
		</author>
		<author>
			<persName xmlns="http://www.tei-c.org/ns/1.0"><surname>Levine</surname></persName>
		</author>
	</analytic>
	<monogr>
		<title level="j">Communication Quarterly</title>
		<imprint>
			<biblScope unit="volume">54</biblScope>
			<biblScope unit="issue">3</biblScope>
			<biblScope unit="page" from="275" to="291" />
			<date type="published" when="2006" />
		</imprint>
	</monogr>
</biblStruct>

<biblStruct >
	<analytic>
		<title level="a" type="main">Get another label? improving data quality and data mining using multiple, noisy labelers</title>
		<author>
			<persName xmlns="http://www.tei-c.org/ns/1.0"><forename type="first">S</forename><surname>Victor</surname></persName>
		</author>
		<author>
			<persName xmlns="http://www.tei-c.org/ns/1.0"><forename type="first">Foster</forename><surname>Sheng</surname></persName>
		</author>
		<author>
			<persName xmlns="http://www.tei-c.org/ns/1.0"><forename type="first">Panagiotis G</forename><surname>Provost</surname></persName>
		</author>
		<author>
			<persName xmlns="http://www.tei-c.org/ns/1.0"><surname>Ipeirotis</surname></persName>
		</author>
	</analytic>
	<monogr>
		<title level="m">Proceedings of the 14th ACM SIGKDD international conference on Knowledge discovery and data mining</title>
		<meeting>the 14th ACM SIGKDD international conference on Knowledge discovery and data mining</meeting>
		<imprint>
			<date type="published" when="2008" />
			<biblScope unit="page" from="614" to="622" />
		</imprint>
	</monogr>
</biblStruct>

<biblStruct >
	<monogr>
		<title level="m" type="main">Dogmatism and moral conviction in individuals: Injustice for all</title>
		<author>
			<persName xmlns="http://www.tei-c.org/ns/1.0"><forename type="first">Nathan</forename><surname>Swink</surname></persName>
		</author>
		<imprint>
			<date type="published" when="2011" />
		</imprint>
	</monogr>
</biblStruct>

<biblStruct >
	<analytic>
		<title level="a" type="main">Winning arguments: Interaction dynamics and persuasion strategies in good-faith online discussions</title>
		<author>
			<persName xmlns="http://www.tei-c.org/ns/1.0"><forename type="first">Chenhao</forename><surname>Tan</surname></persName>
		</author>
		<author>
			<persName xmlns="http://www.tei-c.org/ns/1.0"><forename type="first">Vlad</forename><surname>Niculae</surname></persName>
		</author>
		<author>
			<persName xmlns="http://www.tei-c.org/ns/1.0"><forename type="first">Cristian</forename><surname>Danescuniculescu-Mizil</surname></persName>
		</author>
		<author>
			<persName xmlns="http://www.tei-c.org/ns/1.0"><forename type="first">Lillian</forename><surname>Lee</surname></persName>
		</author>
	</analytic>
	<monogr>
		<title level="m">Proceedings of WWW</title>
		<meeting>WWW</meeting>
		<imprint>
			<date type="published" when="2016" />
		</imprint>
	</monogr>
</biblStruct>

<biblStruct >
	<analytic>
		<title level="a" type="main">The relationship between social-cultural attitudes and behavioral measures of cognitive style: A meta-analytic integration of studies</title>
		<author>
			<persName xmlns="http://www.tei-c.org/ns/1.0"><forename type="first">Alain</forename><surname>Van Hiel</surname></persName>
		</author>
		<author>
			<persName xmlns="http://www.tei-c.org/ns/1.0"><forename type="first">Emma</forename><surname>Onraet</surname></persName>
		</author>
		<author>
			<persName xmlns="http://www.tei-c.org/ns/1.0"><forename type="first">Sarah</forename><forename type="middle">De</forename><surname>Pauw</surname></persName>
		</author>
	</analytic>
	<monogr>
		<title level="j">Journal of personality</title>
		<imprint>
			<biblScope unit="volume">78</biblScope>
			<biblScope unit="issue">6</biblScope>
			<biblScope unit="page" from="1765" to="1800" />
			<date type="published" when="2010" />
		</imprint>
	</monogr>
</biblStruct>

<biblStruct >
	<analytic>
		<title level="a" type="main">Linguistic analyses of natural written language: Unobtrusive assessment of cognitive style in eating disorders</title>
		<author>
			<persName xmlns="http://www.tei-c.org/ns/1.0"><forename type="first">Markus</forename><surname>Wolf</surname></persName>
		</author>
		<author>
			<persName xmlns="http://www.tei-c.org/ns/1.0"><forename type="first">Jan</forename><surname>Sedway</surname></persName>
		</author>
		<author>
			<persName xmlns="http://www.tei-c.org/ns/1.0"><forename type="first">Cynthia</forename><forename type="middle">M</forename><surname>Bulik</surname></persName>
		</author>
		<author>
			<persName xmlns="http://www.tei-c.org/ns/1.0"><forename type="first">Hans</forename><surname>Kordy</surname></persName>
		</author>
	</analytic>
	<monogr>
		<title level="j">International Journal of Eating Disorders</title>
		<imprint>
			<biblScope unit="volume">40</biblScope>
			<biblScope unit="issue">8</biblScope>
			<biblScope unit="page" from="711" to="717" />
			<date type="published" when="2007" />
		</imprint>
	</monogr>
</biblStruct>

<biblStruct >
	<monogr>
		<title level="m" type="main">Comparison of deceptive and truthful travel reviews. Information and communication technologies in tourism</title>
		<author>
			<persName xmlns="http://www.tei-c.org/ns/1.0"><forename type="first">Kyung-Hyan</forename><surname>Yoo</surname></persName>
		</author>
		<author>
			<persName xmlns="http://www.tei-c.org/ns/1.0"><forename type="first">Ulrike</forename><surname>Gretzel</surname></persName>
		</author>
		<imprint>
			<date type="published" when="2009" />
			<biblScope unit="page" from="37" to="47" />
		</imprint>
	</monogr>
</biblStruct>

<biblStruct >
	<analytic>
		<title level="a" type="main">Message impartiality in social media discussions</title>
		<author>
			<persName xmlns="http://www.tei-c.org/ns/1.0"><forename type="first">Muhammad</forename><surname>Bilal Zafar</surname></persName>
		</author>
		<author>
			<persName xmlns="http://www.tei-c.org/ns/1.0"><forename type="first">Krishna</forename><forename type="middle">P</forename><surname>Gummadi</surname></persName>
		</author>
		<author>
			<persName xmlns="http://www.tei-c.org/ns/1.0"><forename type="first">Cristian</forename><surname>Danescu-Niculescu-Mizil</surname></persName>
		</author>
	</analytic>
	<monogr>
		<title level="m">Tenth International AAAI Conference on Web and Social Media</title>
		<imprint>
			<date type="published" when="2016" />
		</imprint>
	</monogr>
</biblStruct>

			</listBibl>
		</back>
	</text>
</TEI>
