<?xml version="1.0" ?>
<TEI xmlns="http://www.tei-c.org/ns/1.0" xmlns:xlink="http://www.w3.org/1999/xlink" 
 xmlns:mml="http://www.w3.org/1998/Math/MathML">
	<teiHeader>
		<fileDesc xml:id="f_1349"/>
	</teiHeader>
	<text>
		<front/>
		<body/>
		<back>
			<listBibl>
<biblStruct >
	<analytic>
		<title level="a" type="main">Learning phrase representations using rnn encoder-decoder for statistical machine translation</title>
		<author>
			<persName xmlns="http://www.tei-c.org/ns/1.0"><forename type="first">Kyunghyun</forename><surname>Cho</surname></persName>
		</author>
		<author>
			<persName xmlns="http://www.tei-c.org/ns/1.0"><forename type="first">Yoshua</forename><surname>Bengio</surname></persName>
		</author>
		<author>
			<persName xmlns="http://www.tei-c.org/ns/1.0"><forename type="first">;</forename><surname>Cheng</surname></persName>
		</author>
		<idno type="arXiv">arXiv:1409.0473</idno>
		<idno>arXiv:1410.5401</idno>
	</analytic>
	<monogr>
		<title level="m">Neural machine translation by jointly learning to align and translate</title>
		<imprint>
			<date type="published" when="2014" />
		</imprint>
	</monogr>
<note type="report_type">arXiv preprint</note>
	<note>Greg Wayne, and Ivo Danihelka. 2014. Neural turing machines</note>
</biblStruct>

<biblStruct >
	<analytic>
		<title level="a" type="main">Reducing the dimensionality of data with neural networks</title>
		<author>
			<persName xmlns="http://www.tei-c.org/ns/1.0"><forename type="first">Salakhutdinov2006] Geoffrey E</forename><surname>Hinton</surname></persName>
		</author>
		<author>
			<persName xmlns="http://www.tei-c.org/ns/1.0"><forename type="first">Ruslan R</forename><surname>Hinton</surname></persName>
		</author>
		<author>
			<persName xmlns="http://www.tei-c.org/ns/1.0"><surname>Salakhutdinov</surname></persName>
		</author>
	</analytic>
	<monogr>
		<title level="j">Science</title>
		<imprint>
			<biblScope unit="volume">313</biblScope>
			<biblScope unit="issue">5786</biblScope>
			<biblScope unit="page" from="504" to="507" />
			<date type="published" when="2006" />
		</imprint>
	</monogr>
</biblStruct>

<biblStruct >
	<analytic>
		<title level="a" type="main">Improving neural networks by preventing co-adaptation of feature detectors</title>
		<author>
			<persName xmlns="http://www.tei-c.org/ns/1.0"><surname>Hinton</surname></persName>
		</author>
	</analytic>
	<monogr>
		<title level="m">Sepp Hochreiter and Jürgen Schmidhuber</title>
		<imprint>
			<date type="published" when="1997" />
			<biblScope unit="volume">9</biblScope>
			<biblScope unit="page" from="1735" to="1780" />
		</imprint>
	</monogr>
	<note>Long short-term memory</note>
</biblStruct>

<biblStruct >
	<monogr>
		<title level="m" type="main">Context-dependent translation selection using convolutional neural network</title>
		<author>
			<persName xmlns="http://www.tei-c.org/ns/1.0"><surname>Hu</surname></persName>
		</author>
		<imprint>
			<date type="published" when="2015" />
		</imprint>
	</monogr>
</biblStruct>

<biblStruct >
	<monogr>
		<title level="m" type="main">Effective approaches to attention-based neural machine translation</title>
		<author>
			<persName xmlns="http://www.tei-c.org/ns/1.0"><forename type="first">[</forename><surname>Luong</surname></persName>
		</author>
		<idno type="arXiv">arXiv:1508.04025</idno>
		<editor>Meng et al.2015] Fandong Meng, Zhengdong Lu, Zhaopeng Tu, Hang Li, and Qun Liu</editor>
		<imprint>
			<date type="published" when="2015" />
		</imprint>
	</monogr>
<note type="report_type">arXiv preprint</note>
</biblStruct>

<biblStruct >
	<analytic>
		<title level="a" type="main">Bleu: a method for automatic evaluation of machine translation</title>
		<author>
			<persName xmlns="http://www.tei-c.org/ns/1.0"><surname>Papineni</surname></persName>
		</author>
		<idno type="arXiv">arXiv:1506.06442</idno>
		<idno>arXiv:1410.3916</idno>
	</analytic>
	<monogr>
		<title level="m">Kyunghyun Cho, and Yoshua Bengio. 2013. How to construct deep recurrent neural networks</title>
		<editor>Tu et al.2016] Zhaopeng Tu, Zhengdong Lu, Yang Liu, Xiaohua Liu, and Hang Li</editor>
		<meeting><address><addrLine>Weston</addrLine></address></meeting>
		<imprint>
			<publisher>Association for Computational Linguistics</publisher>
			<date type="published" when="2002" />
			<biblScope unit="page" from="311" to="318" />
		</imprint>
	</monogr>
<note type="report_type">ArXiv eprints</note>
	<note>Modeling coverage for neural machine translation. Weston et al.2014. Sumit Chopra, and Antoine Bordes. 2014. Memory networks. arXiv preprint</note>
</biblStruct>

<biblStruct >
	<monogr>
		<title level="m" type="main">A novel dependency-to-string model for statistical machine translation</title>
		<author>
			<persName xmlns="http://www.tei-c.org/ns/1.0"><surname>Xie</surname></persName>
		</author>
		<imprint>
			<date type="published" when="2011" />
		</imprint>
	</monogr>
</biblStruct>

<biblStruct >
	<monogr>
				<author>
			<persName xmlns="http://www.tei-c.org/ns/1.0"><surname>Matthew D Zeiler</surname></persName>
		</author>
		<idno type="arXiv">arXiv:1212.5701</idno>
		<title level="m">Adadelta: an adaptive learning rate method</title>
		<imprint>
			<date type="published" when="2012" />
		</imprint>
	</monogr>
<note type="report_type">arXiv preprint</note>
</biblStruct>

			</listBibl>
		</back>
	</text>
</TEI>
