<?xml version="1.0" ?>
<TEI xmlns="http://www.tei-c.org/ns/1.0" xmlns:xlink="http://www.w3.org/1999/xlink" 
 xmlns:mml="http://www.w3.org/1998/Math/MathML">
	<teiHeader>
		<fileDesc xml:id="f_450"/>
	</teiHeader>
	<text>
		<front/>
		<body/>
		<back>
			<listBibl>
<biblStruct >
	<analytic>
		<title level="a" type="main">Neural Machine Translation by Jointly Learning to Align and Translate</title>
		<author>
			<persName xmlns="http://www.tei-c.org/ns/1.0"><forename type="first">Caruana2014] Lei</forename></persName>
		</author>
		<author>
			<persName xmlns="http://www.tei-c.org/ns/1.0"><forename type="first">Jimmy</forename><surname>Ba</surname></persName>
		</author>
		<author>
			<persName xmlns="http://www.tei-c.org/ns/1.0"><forename type="first">Rich</forename><surname>Caruana</surname></persName>
		</author>
	</analytic>
	<monogr>
		<title level="m">Proceedings of NIPS</title>
		<meeting>NIPS</meeting>
		<imprint>
			<date type="published" when="2014" />
		</imprint>
	</monogr>
	<note>Proceedings of ICLR</note>
</biblStruct>

<biblStruct >
	<analytic>
		<title level="a" type="main">Cristian Bucila, Rich Caruana, and Alexandru Niculescu-Mizil. 2006. Model Compression</title>
		<author>
			<persName xmlns="http://www.tei-c.org/ns/1.0"><surname>Bucila</surname></persName>
		</author>
	</analytic>
	<monogr>
		<title level="m">Proceedings of KDD</title>
		<meeting>KDD</meeting>
		<imprint>
			<date type="published" when="2006" />
		</imprint>
	</monogr>
</biblStruct>

<biblStruct >
	<monogr>
				<author>
			<persName xmlns="http://www.tei-c.org/ns/1.0"><forename type="first">Chan</forename></persName>
		</author>
		<idno type="arXiv">arXiv:1508.01211</idno>
		<title level="m">Navdeep Jaitly, Quoc Le, and Oriol Vinyals. 2015a. Listen, Attend and Spell</title>
		<imprint/>
	</monogr>
</biblStruct>

<biblStruct >
	<monogr>
				<author>
			<persName xmlns="http://www.tei-c.org/ns/1.0"><forename type="first">Chan</forename></persName>
		</author>
		<idno type="arXiv">arXiv:1504.01483</idno>
		<title level="m">William Chan, Nan Rosemary Ke, and Ian Laner. 2015b. Transfering Knowledge from a RNN to a DNN</title>
		<imprint>
			<date type="published" when="2015" />
		</imprint>
	</monogr>
</biblStruct>

<biblStruct >
	<analytic>
		<title level="a" type="main">A Systematic Comparison of Smoothing Techniques for Sentence-Level BLEU</title>
		<author>
			<persName xmlns="http://www.tei-c.org/ns/1.0"><forename type="first">Cherry2014] Boxing</forename><surname>Chen</surname></persName>
		</author>
		<author>
			<persName xmlns="http://www.tei-c.org/ns/1.0"><forename type="first">Colin</forename><surname>Cherry</surname></persName>
		</author>
	</analytic>
	<monogr>
		<title level="m">Proceedings of the Ninth Workshop on Statistical Machine Translation</title>
		<meeting>the Ninth Workshop on Statistical Machine Translation</meeting>
		<imprint>
			<date type="published" when="2014" />
		</imprint>
	</monogr>
</biblStruct>

<biblStruct >
	<analytic>
		<title level="a" type="main">Compressing Neural Networks with the Hashing Trick</title>
		<author>
			<persName xmlns="http://www.tei-c.org/ns/1.0"><forename type="first">Chen</forename></persName>
		</author>
	</analytic>
	<monogr>
		<title level="m">Proceedings of ICML</title>
		<meeting>ICML</meeting>
		<imprint>
			<date type="published" when="2015" />
		</imprint>
	</monogr>
</biblStruct>

<biblStruct >
	<analytic>
		<title level="a" type="main">Hope and Fear for Discriminative Training of Statistical Translation Models</title>
		<author>
			<persName xmlns="http://www.tei-c.org/ns/1.0"><forename type="first">David</forename><surname>Chiang</surname></persName>
		</author>
	</analytic>
	<monogr>
		<title level="m">JMLR</title>
		<imprint>
			<date type="published" when="2012" />
		</imprint>
	</monogr>
</biblStruct>

<biblStruct >
	<analytic>
		<title level="a" type="main">Learning Phrase Representations using RNN Encoder-Decoder for Statistical Machine Translation</title>
		<author>
			<persName xmlns="http://www.tei-c.org/ns/1.0"><forename type="first">[</forename><surname>Cho</surname></persName>
		</author>
	</analytic>
	<monogr>
		<title level="m">Proceedings of EMNLP</title>
		<meeting>EMNLP</meeting>
		<imprint>
			<date type="published" when="2014" />
		</imprint>
	</monogr>
</biblStruct>

<biblStruct >
	<monogr>
				<author>
			<persName xmlns="http://www.tei-c.org/ns/1.0"><forename type="first">-</forename><surname>Costa</surname></persName>
		</author>
		<author>
			<persName xmlns="http://www.tei-c.org/ns/1.0"><forename type="first">R</forename><surname>Marta</surname></persName>
		</author>
		<author>
			<persName xmlns="http://www.tei-c.org/ns/1.0"><forename type="first">Jose</forename><forename type="middle">A R</forename><surname>Costa-Jussa</surname></persName>
		</author>
		<author>
			<persName xmlns="http://www.tei-c.org/ns/1.0"><surname>Fonollosa</surname></persName>
		</author>
		<idno type="arXiv">arXiv:1603.00810.[Courbariauxetal.2016</idno>
		<idno>arXiv:1602.02830</idno>
		<title level="m">Matthieu Courbariaux, Itay Hubara, Daniel Soudry, Ran El-Yaniv, and Yoshua Bengio. 2016. Binarized Neural Networks: Training Neural Networks with Weights and Activations Constrained to +1 or −1</title>
		<imprint>
			<date type="published" when="2016" />
		</imprint>
	</monogr>
	<note>Character-based Neural Machine Translation</note>
</biblStruct>

<biblStruct >
	<analytic>
		<title level="a" type="main">Search-based Structured Prediction</title>
		<author>
			<persName xmlns="http://www.tei-c.org/ns/1.0"><forename type="first">Iii</forename><surname>Daumé</surname></persName>
		</author>
	</analytic>
	<monogr>
		<title level="j">Machine Learning</title>
		<imprint>
			<date type="published" when="2009" />
		</imprint>
	</monogr>
</biblStruct>

<biblStruct >
	<analytic>
		<title level="a" type="main">Predicting Parameters in Deep Learning</title>
		<author>
			<persName xmlns="http://www.tei-c.org/ns/1.0"><surname>Denil</surname></persName>
		</author>
	</analytic>
	<monogr>
		<title level="m">Proceedings of NIPS</title>
		<meeting>NIPS</meeting>
		<imprint>
			<date type="published" when="2013" />
		</imprint>
	</monogr>
</biblStruct>

<biblStruct >
	<analytic>
		<title level="a" type="main">Exploiting Linear Structure within Convolutional Neural Networks for Efficient Evaluation</title>
		<author>
			<persName xmlns="http://www.tei-c.org/ns/1.0"><surname>Denton</surname></persName>
		</author>
	</analytic>
	<monogr>
		<title level="m">Proceedings of ICLR Workshop</title>
		<editor>Krzysztof J. Geras, Abdel rahman Mohamed, Rich Caruana, Gregor Urban, Shengjie Wang, Ozlem Aslan, Matthai Philipose, Matthew Richardson, and Charles Sutton</editor>
		<meeting>ICLR Workshop<address><addrLine>Dan Gillick, Cliff Brunk, Oriol Vinyals, and Amarnag Subramanya</addrLine></address></meeting>
		<imprint>
			<date type="published" when="2014" />
		</imprint>
	</monogr>
	<note>Proceedings of NAACL</note>
</biblStruct>

<biblStruct >
	<analytic>
		<title level="a" type="main">Deep Compression: Compressing Deep Neural Networks with Pruning, Trained Quantization and Huffman Coding</title>
		<author>
			<persName xmlns="http://www.tei-c.org/ns/1.0"><surname>Han</surname></persName>
		</author>
	</analytic>
	<monogr>
		<title level="m">Proceedings of ICLR. [He et al.2014] Tianxing He, Yuchen Fan</title>
		<editor>Yanmin Qian, Tian Tan, and Kai Yu</editor>
		<meeting>ICLR. [He et al.2014] Tianxing He, Yuchen Fan</meeting>
		<imprint>
			<date type="published" when="2014" />
		</imprint>
	</monogr>
	<note>Proceedings of ICASSP</note>
</biblStruct>

<biblStruct >
	<monogr>
				<author>
			<persName xmlns="http://www.tei-c.org/ns/1.0"><surname>Hinton</surname></persName>
		</author>
		<idno type="arXiv">arXiv:1503.0253</idno>
		<title level="m">Geoffrey Hinton, Oriol Vinyals, and Jeff Dean. 2015. Distilling the Knowledge in a Neural Network</title>
		<imprint>
			<date type="published" when="2015" />
		</imprint>
	</monogr>
</biblStruct>

<biblStruct >
	<analytic>
		<title level="a" type="main">Speeding up Convolutional Neural Networks with Low Rank Expansions</title>
		<author>
			<persName xmlns="http://www.tei-c.org/ns/1.0"><surname>Jaderberg</surname></persName>
		</author>
	</analytic>
	<monogr>
		<title level="m">BMCV</title>
		<imprint>
			<date type="published" when="2014" />
		</imprint>
	</monogr>
</biblStruct>

<biblStruct >
	<analytic>
		<title level="a" type="main">Kalchbrenner and Blunsom2013] Nal Kalchbrenner and Phil Blunsom. 2013. Recurrent Continuous Translation Models</title>
		<author>
			<persName xmlns="http://www.tei-c.org/ns/1.0"><forename type="first">[</forename><surname>Jozefowicz</surname></persName>
		</author>
		<idno type="arXiv">arXiv:1602.02410</idno>
	</analytic>
	<monogr>
		<title level="m">Proceedings of EMNLP</title>
		<meeting>EMNLP</meeting>
		<imprint>
			<date type="published" when="2016" />
		</imprint>
	</monogr>
	<note>Exploring the Limits of Language Modeling</note>
</biblStruct>

<biblStruct >
	<analytic>
		<title level="a" type="main">Distilling an Ensemble of Greedy Dependency Parsers into One MST Parser</title>
		<author>
			<persName xmlns="http://www.tei-c.org/ns/1.0"><forename type="first">[</forename><surname>Kim</surname></persName>
		</author>
	</analytic>
	<monogr>
		<title level="m">Proceedings of EMNLP</title>
		<meeting>EMNLP</meeting>
		<imprint>
			<date type="published" when="1990" />
		</imprint>
	</monogr>
	<note>Proceedings of NIPS</note>
</biblStruct>

<biblStruct >
	<analytic>
		<title level="a" type="main">Learning Small-Size DNN with Output-Distribution-Based Criteria</title>
		<author>
			<persName xmlns="http://www.tei-c.org/ns/1.0"><forename type="first">[</forename><surname>Li</surname></persName>
		</author>
	</analytic>
	<monogr>
		<title level="m">Proceedings of INTERSPEECH</title>
		<meeting>INTERSPEECH</meeting>
		<imprint>
			<date type="published" when="2014" />
		</imprint>
	</monogr>
</biblStruct>

<biblStruct >
	<analytic>
		<title level="a" type="main">A DiversityPromoting Objective Function for Neural Conversational Models</title>
	</analytic>
	<monogr>
		<title level="m">Proceedings of NAACL</title>
		<meeting>NAACL</meeting>
		<imprint>
			<date type="published" when="2016" />
		</imprint>
	</monogr>
</biblStruct>

<biblStruct >
	<analytic>
		<title level="a" type="main">An End-toEnd Discriminative Approach to Machine Translation</title>
		<author>
			<persName xmlns="http://www.tei-c.org/ns/1.0"><surname>Liang</surname></persName>
		</author>
	</analytic>
	<monogr>
		<title level="m">Proceedings of COLING-ACL</title>
		<meeting>COLING-ACL</meeting>
		<imprint>
			<date type="published" when="2006" />
		</imprint>
	</monogr>
</biblStruct>

<biblStruct >
	<analytic>
		<title level="a" type="main">Neural Networks with Few Multiplications</title>
		<author>
			<persName xmlns="http://www.tei-c.org/ns/1.0"><surname>Lin</surname></persName>
		</author>
	</analytic>
	<monogr>
		<title level="m">Proceedings of ICLR</title>
		<meeting>ICLR</meeting>
		<imprint>
			<date type="published" when="2016" />
		</imprint>
	</monogr>
</biblStruct>

<biblStruct >
	<analytic>
		<title level="a" type="main">Finding Function in Form: Composition Character Models for Open Vocabulary Word Representation</title>
		<author>
			<persName xmlns="http://www.tei-c.org/ns/1.0"><surname>Ling</surname></persName>
		</author>
	</analytic>
	<monogr>
		<title level="m">Proceedings of EMNLP</title>
		<meeting>EMNLP</meeting>
		<imprint>
			<date type="published" when="2015" />
		</imprint>
	</monogr>
</biblStruct>

<biblStruct >
	<analytic>
		<title level="a" type="main">Effective Approaches to Attention-based Neural Machine Translation</title>
		<author>
			<persName xmlns="http://www.tei-c.org/ns/1.0"><surname>Ling</surname></persName>
		</author>
		<idno type="arXiv">arXiv:1511.04586</idno>
	</analytic>
	<monogr>
		<title level="m">Character-based Neural Machine Translation</title>
		<editor>Luong et al.2015] Minh-Thang Luong, Hieu Pham, and Christopher D. Manning</editor>
		<imprint>
			<date type="published" when="2015" />
		</imprint>
	</monogr>
	<note>Proceedings of EMNLP</note>
</biblStruct>

<biblStruct >
	<analytic>
		<title level="a" type="main">Mariet and Sra2016] Zelda Mariet and Suvrit Sra. 2016. Diversity Networks</title>
	</analytic>
	<monogr>
		<title level="m">Proceedings of ICLR</title>
		<meeting>ICLR</meeting>
		<imprint/>
	</monogr>
</biblStruct>

<biblStruct >
	<analytic>
		<title level="a" type="main">Auto-sizing Neural Networks: With Applications to N-Gram Language Models</title>
		<author>
			<persName xmlns="http://www.tei-c.org/ns/1.0"><surname>Mou</surname></persName>
		</author>
		<idno type="arXiv">arXiv:1506.04488</idno>
	</analytic>
	<monogr>
		<title level="m">Distilling Word Embeddings: An Encoding Approach</title>
		<editor>Murray and Chiang2015] Kenton Murray and David Chiang</editor>
		<imprint>
			<date type="published" when="2015" />
		</imprint>
	</monogr>
	<note>Proceedings of EMNLP</note>
</biblStruct>

<biblStruct >
	<analytic>
		<title level="a" type="main">Minimum Error Rate Training in Statistical Machine Translation</title>
		<author>
			<persName xmlns="http://www.tei-c.org/ns/1.0"><forename type="first">Franz</forename><forename type="middle">J</forename><surname>Och</surname></persName>
		</author>
	</analytic>
	<monogr>
		<title level="m">Proceedings of ACL</title>
		<meeting>ACL</meeting>
		<imprint>
			<date type="published" when="2003" />
		</imprint>
	</monogr>
</biblStruct>

<biblStruct >
	<analytic>
		<title level="a" type="main">On the Compression of Recurrent Neural Networks with an Application to LVCSR Acoustic Modeling for Embedded Speech Recognition</title>
		<author>
			<persName xmlns="http://www.tei-c.org/ns/1.0"><forename type="first">[</forename><surname>Papineni</surname></persName>
		</author>
	</analytic>
	<monogr>
		<title level="m">Antoine Chassang, Carlo Gatta, and Yoshua Bengio. 2015. FitNets: Hints for Thin Deep Nets</title>
		<editor>Rohit Prabhavalkar, Ouais Alsharif, Antoine Bruguier, and Ian McGraw</editor>
		<meeting><address><addrLine>Nicolas Ballas</addrLine></address></meeting>
		<imprint>
			<date type="published" when="2002" />
		</imprint>
	</monogr>
	<note>Proceedings of ICLR</note>
</biblStruct>

<biblStruct >
	<analytic>
		<title level="a" type="main">A Reduction of Imitation Learning and Structured Prediction to No-Regret Online Learning</title>
		<author>
			<persName xmlns="http://www.tei-c.org/ns/1.0"><surname>Ross</surname></persName>
		</author>
	</analytic>
	<monogr>
		<title level="m">Proceedings of AISTATS</title>
		<editor>Alexander M. Rush, Sumit Chopra, and Jason Weston</editor>
		<meeting>AISTATS</meeting>
		<imprint>
			<date type="published" when="2011" />
		</imprint>
	</monogr>
	<note>Proceedings of EMNLP</note>
</biblStruct>

<biblStruct >
	<analytic>
		<title level="a" type="main">Building End-to-End Dialogue Systems Using Generative Hierarchical Neural Network Models</title>
	</analytic>
	<monogr>
		<title level="m">Proceedings of CoNLL</title>
		<meeting>CoNLL</meeting>
		<imprint>
			<date type="published" when="2016" />
		</imprint>
	</monogr>
	<note>Proceedings of AAAI</note>
</biblStruct>

<biblStruct >
	<analytic>
		<title level="a" type="main">Minimum Risk Training for Neural Machine Translation</title>
		<author>
			<persName xmlns="http://www.tei-c.org/ns/1.0"><surname>Shen</surname></persName>
		</author>
	</analytic>
	<monogr>
		<title level="m">Proceedings of ACL</title>
		<meeting>ACL</meeting>
		<imprint>
			<date type="published" when="2016" />
		</imprint>
	</monogr>
</biblStruct>

<biblStruct >
	<analytic>
		<title level="a" type="main">Unsupervised Learning of Video Representations using LSTMs</title>
		<author>
			<persName xmlns="http://www.tei-c.org/ns/1.0"><forename type="first">Suraj</forename><surname>Srinivas</surname></persName>
		</author>
		<author>
			<persName xmlns="http://www.tei-c.org/ns/1.0"><forename type="first">R</forename><surname>Venkatesh Babu</surname></persName>
		</author>
		<author>
			<persName xmlns="http://www.tei-c.org/ns/1.0"><forename type="first">;</forename><surname>Srivastava</surname></persName>
		</author>
	</analytic>
	<monogr>
		<title level="m">Proceedings of NIPS. [Vinyals and Le2015] Oriol Vinyals and Quoc Le. 2015. A Neural Conversational Model</title>
		<meeting>NIPS. [Vinyals and Le2015] Oriol Vinyals and Quoc Le. 2015. A Neural Conversational Model</meeting>
		<imprint>
			<date type="published" when="2014" />
		</imprint>
	</monogr>
	<note>Proceedings of NIPS</note>
</biblStruct>

<biblStruct >
	<analytic>
		<title level="a" type="main">Show and Tell: A Neural Image Caption Generator</title>
		<author>
			<persName xmlns="http://www.tei-c.org/ns/1.0"><surname>Vinyals</surname></persName>
		</author>
	</analytic>
	<monogr>
		<title level="m">Samy Bengio, and Dumitru Erhan</title>
		<imprint>
			<publisher>Alexander Toshev</publisher>
			<date type="published" when="2015" />
		</imprint>
	</monogr>
	<note>Proceedings of CVPR</note>
</biblStruct>

<biblStruct >
	<analytic>
		<title level="a" type="main">Deep Recurrent Models with Fast-Forward Connections for Neural Machine Translation</title>
	</analytic>
	<monogr>
		<title level="m">Proceedings of ICML</title>
		<editor>Ying Cao, Xuguang Wang, Peng Li, and Wei Xu</editor>
		<meeting>ICML</meeting>
		<imprint>
			<date type="published" when="2015" />
		</imprint>
	</monogr>
	<note>Proceedings of TACL</note>
</biblStruct>

			</listBibl>
		</back>
	</text>
</TEI>
