<?xml version="1.0" ?>
<TEI xmlns="http://www.tei-c.org/ns/1.0" xmlns:xlink="http://www.w3.org/1999/xlink" 
 xmlns:mml="http://www.w3.org/1998/Math/MathML">
	<teiHeader>
		<fileDesc xml:id="f_917"/>
	</teiHeader>
	<text>
		<front/>
		<body/>
		<back>
			<listBibl>
<biblStruct >
	<analytic>
		<title level="a" type="main">Arnaud Bergeron, Nicolas Bouchard, and Yoshua Bengio</title>
		<author>
			<persName xmlns="http://www.tei-c.org/ns/1.0"><forename type="first">Frédéric</forename><surname>Bastien</surname></persName>
		</author>
		<author>
			<persName xmlns="http://www.tei-c.org/ns/1.0"><forename type="first">Pascal</forename><surname>Lamblin</surname></persName>
		</author>
		<author>
			<persName xmlns="http://www.tei-c.org/ns/1.0"><forename type="first">Razvan</forename><surname>Pascanu</surname></persName>
		</author>
		<author>
			<persName xmlns="http://www.tei-c.org/ns/1.0"><forename type="first">James</forename><surname>Bergstra</surname></persName>
		</author>
		<author>
			<persName xmlns="http://www.tei-c.org/ns/1.0"><forename type="first">Ian</forename><forename type="middle">J</forename><surname>Goodfellow</surname></persName>
		</author>
	</analytic>
	<monogr>
		<title level="m">Proceedings of the NIPS 2012 Workshop: Deep Learning and Unsupervised Feature Learning</title>
		<meeting>the NIPS 2012 Workshop: Deep Learning and Unsupervised Feature Learning</meeting>
		<imprint>
			<date type="published" when="2012" />
		</imprint>
	</monogr>
	<note>Theano: new features and speed improvements</note>
</biblStruct>

<biblStruct >
	<analytic>
		<title level="a" type="main">Learning a similarity metric discriminatively, with application to face verification</title>
		<author>
			<persName xmlns="http://www.tei-c.org/ns/1.0"><forename type="first">Sumit</forename><surname>Chopra</surname></persName>
		</author>
		<author>
			<persName xmlns="http://www.tei-c.org/ns/1.0"><forename type="first">Raia</forename><surname>Hadsell</surname></persName>
		</author>
		<author>
			<persName xmlns="http://www.tei-c.org/ns/1.0"><forename type="first">Yann</forename><surname>Lecun</surname></persName>
		</author>
	</analytic>
	<monogr>
		<title level="m">Proceedings of Computer Vision and Pattern Recognition Conference</title>
		<meeting>Computer Vision and Pattern Recognition Conference</meeting>
		<imprint>
			<date type="published" when="2005" />
			<biblScope unit="page" from="539" to="546" />
		</imprint>
	</monogr>
</biblStruct>

<biblStruct >
	<analytic>
		<title level="a" type="main">Multi-column deep neural networks for image classification</title>
		<author>
			<persName xmlns="http://www.tei-c.org/ns/1.0"><forename type="first">Dan</forename><surname>Claudiu Cires¸ancires¸an</surname></persName>
		</author>
		<author>
			<persName xmlns="http://www.tei-c.org/ns/1.0"><forename type="first">Ueli</forename><surname>Meier</surname></persName>
		</author>
		<author>
			<persName xmlns="http://www.tei-c.org/ns/1.0"><forename type="first">Jürgen</forename><surname>Schmidhuber</surname></persName>
		</author>
	</analytic>
	<monogr>
		<title level="m">Computer Vision and Pattern Recognition</title>
		<imprint>
			<date type="published" when="2012" />
			<biblScope unit="page" from="3642" to="3649" />
		</imprint>
	</monogr>
</biblStruct>

<biblStruct >
	<analytic>
		<title level="a" type="main">Natural language processing (almost) from scratch</title>
		<author>
			<persName xmlns="http://www.tei-c.org/ns/1.0"><forename type="first">Ronan</forename><surname>Collobert</surname></persName>
		</author>
		<author>
			<persName xmlns="http://www.tei-c.org/ns/1.0"><forename type="first">Jason</forename><surname>Weston</surname></persName>
		</author>
		<author>
			<persName xmlns="http://www.tei-c.org/ns/1.0"><forename type="first">Léon</forename><surname>Bottou</surname></persName>
		</author>
		<author>
			<persName xmlns="http://www.tei-c.org/ns/1.0"><forename type="first">Michael</forename><surname>Karlen</surname></persName>
		</author>
		<author>
			<persName xmlns="http://www.tei-c.org/ns/1.0"><forename type="first">Koray</forename><surname>Kavukcuoglu</surname></persName>
		</author>
		<author>
			<persName xmlns="http://www.tei-c.org/ns/1.0"><forename type="first">Pavel</forename><surname>Kuksa</surname></persName>
		</author>
	</analytic>
	<monogr>
		<title level="j">Journal of Machine Learning Research</title>
		<imprint>
			<biblScope unit="volume">12</biblScope>
			<biblScope unit="page" from="2493" to="2537" />
			<date type="published" when="2011" />
		</imprint>
	</monogr>
</biblStruct>

<biblStruct >
	<analytic>
		<title level="a" type="main">Question answering over freebase with multi-column convolutional neural networks</title>
		<author>
			<persName xmlns="http://www.tei-c.org/ns/1.0"><forename type="first">Li</forename><surname>Dong</surname></persName>
		</author>
		<author>
			<persName xmlns="http://www.tei-c.org/ns/1.0"><forename type="first">Furu</forename><surname>Wei</surname></persName>
		</author>
		<author>
			<persName xmlns="http://www.tei-c.org/ns/1.0"><forename type="first">Ming</forename><surname>Zhou</surname></persName>
		</author>
		<author>
			<persName xmlns="http://www.tei-c.org/ns/1.0"><forename type="first">Ke</forename><surname>Xu</surname></persName>
		</author>
	</analytic>
	<monogr>
		<title level="m">Proceedings of the 53rd Annual Meeting of the Association for Computational Linguistics and the 7th International Joint Conference on Natural Language Processing</title>
		<meeting>the 53rd Annual Meeting of the Association for Computational Linguistics and the 7th International Joint Conference on Natural Language Processing</meeting>
		<imprint>
			<date type="published" when="2015" />
			<biblScope unit="page" from="260" to="269" />
		</imprint>
	</monogr>
</biblStruct>

<biblStruct >
	<analytic>
		<title level="a" type="main">Classifying relations by ranking with convolutional neural networks</title>
		<author>
			<persName xmlns="http://www.tei-c.org/ns/1.0"><forename type="first">Bing</forename><surname>Cicero Dos Santos</surname></persName>
		</author>
		<author>
			<persName xmlns="http://www.tei-c.org/ns/1.0"><forename type="first">Bowen</forename><surname>Xiang</surname></persName>
		</author>
		<author>
			<persName xmlns="http://www.tei-c.org/ns/1.0"><surname>Zhou</surname></persName>
		</author>
	</analytic>
	<monogr>
		<title level="m">Proceedings of the 53rd Annual Meeting of the Association for Computational Linguistics and the 7th International Joint Conference on Natural Language Processing</title>
		<meeting>the 53rd Annual Meeting of the Association for Computational Linguistics and the 7th International Joint Conference on Natural Language Processing</meeting>
		<imprint>
			<date type="published" when="2015" />
			<biblScope unit="page" from="626" to="634" />
		</imprint>
	</monogr>
</biblStruct>

<biblStruct >
	<analytic>
		<title level="a" type="main">Centering: A framework for modeling the local coherence of discourse</title>
		<author>
			<persName xmlns="http://www.tei-c.org/ns/1.0"><forename type="first">Barbara</forename><forename type="middle">J</forename><surname>Grosz</surname></persName>
		</author>
		<author>
			<persName xmlns="http://www.tei-c.org/ns/1.0"><forename type="first">Scott</forename><surname>Weinstein</surname></persName>
		</author>
		<author>
			<persName xmlns="http://www.tei-c.org/ns/1.0"><forename type="first">Aravind</forename><forename type="middle">K</forename><surname>Joshi</surname></persName>
		</author>
	</analytic>
	<monogr>
		<title level="j">Computational Linguistics</title>
		<imprint>
			<biblScope unit="volume">21</biblScope>
			<biblScope unit="issue">2</biblScope>
			<biblScope unit="page" from="203" to="225" />
			<date type="published" when="1995" />
		</imprint>
	</monogr>
</biblStruct>

<biblStruct >
	<analytic>
		<title level="a" type="main">Japanese predicate argument structure analysis exploiting argument position and type</title>
		<author>
			<persName xmlns="http://www.tei-c.org/ns/1.0"><forename type="first">Yuta</forename><surname>Hayashibe</surname></persName>
		</author>
		<author>
			<persName xmlns="http://www.tei-c.org/ns/1.0"><forename type="first">Mamoru</forename><surname>Komachi</surname></persName>
		</author>
		<author>
			<persName xmlns="http://www.tei-c.org/ns/1.0"><forename type="first">Yuji</forename><surname>Matsumoto</surname></persName>
		</author>
	</analytic>
	<monogr>
		<title level="m">Proceedings of 5th International Joint Conference on Natural Language Processing</title>
		<meeting>5th International Joint Conference on Natural Language Processing</meeting>
		<imprint>
			<date type="published" when="2011" />
			<biblScope unit="page" from="201" to="209" />
		</imprint>
	</monogr>
</biblStruct>

<biblStruct >
	<monogr>
		<title level="m" type="main">Improving neural networks by preventing co-adaptation of feature detectors</title>
		<author>
			<persName xmlns="http://www.tei-c.org/ns/1.0"><forename type="first">Geoffrey</forename><forename type="middle">E</forename><surname>Hinton</surname></persName>
		</author>
		<author>
			<persName xmlns="http://www.tei-c.org/ns/1.0"><forename type="first">Nitish</forename><surname>Srivastava</surname></persName>
		</author>
		<author>
			<persName xmlns="http://www.tei-c.org/ns/1.0"><forename type="first">Alex</forename><surname>Krizhevsky</surname></persName>
		</author>
		<author>
			<persName xmlns="http://www.tei-c.org/ns/1.0"><forename type="first">Ilya</forename><surname>Sutskever</surname></persName>
		</author>
		<author>
			<persName xmlns="http://www.tei-c.org/ns/1.0"><forename type="first">Ruslan</forename><surname>Salakhutdinov</surname></persName>
		</author>
		<idno>abs /1207.0580</idno>
		<imprint>
			<date type="published" when="2012" />
			<publisher>CoRR</publisher>
		</imprint>
	</monogr>
</biblStruct>

<biblStruct >
	<analytic>
		<title level="a" type="main">Convolutional neural network architectures for matching natural language sentences</title>
		<author>
			<persName xmlns="http://www.tei-c.org/ns/1.0"><forename type="first">Baotian</forename><surname>Hu</surname></persName>
		</author>
		<author>
			<persName xmlns="http://www.tei-c.org/ns/1.0"><forename type="first">Zhengdong</forename><surname>Lu</surname></persName>
		</author>
		<author>
			<persName xmlns="http://www.tei-c.org/ns/1.0"><forename type="first">Hang</forename><surname>Li</surname></persName>
		</author>
		<author>
			<persName xmlns="http://www.tei-c.org/ns/1.0"><forename type="first">Qingcai</forename><surname>Chen</surname></persName>
		</author>
	</analytic>
	<monogr>
		<title level="m">Processings of Advances in Neural Information Processing Systems 27 (NIPS 2014)</title>
		<meeting>essings of Advances in Neural Information essing Systems 27 (NIPS 2014)</meeting>
		<imprint>
			<date type="published" when="2014" />
			<biblScope unit="page" from="2042" to="2050" />
		</imprint>
	</monogr>
</biblStruct>

<biblStruct >
	<analytic>
		<title level="a" type="main">A cross-lingual ILP solution to zero anaphora resolution</title>
		<author>
			<persName xmlns="http://www.tei-c.org/ns/1.0"><forename type="first">Ryu</forename><surname>Iida</surname></persName>
		</author>
		<author>
			<persName xmlns="http://www.tei-c.org/ns/1.0"><forename type="first">Massimo</forename><surname>Poesio</surname></persName>
		</author>
	</analytic>
	<monogr>
		<title level="m">Proceedings of the 49th Annual Meeting of the Association for Computational Linguistics: Human Language Technologies</title>
		<meeting>the 49th Annual Meeting of the Association for Computational Linguistics: Human Language Technologies</meeting>
		<imprint>
			<date type="published" when="2011" />
			<biblScope unit="page" from="804" to="813" />
		</imprint>
	</monogr>
</biblStruct>

<biblStruct >
	<analytic>
		<title level="a" type="main">Incorporating contextual cues in trainable models for coreference resolution</title>
		<author>
			<persName xmlns="http://www.tei-c.org/ns/1.0"><forename type="first">Ryu</forename><surname>Iida</surname></persName>
		</author>
		<author>
			<persName xmlns="http://www.tei-c.org/ns/1.0"><forename type="first">Kentaro</forename><surname>Inui</surname></persName>
		</author>
		<author>
			<persName xmlns="http://www.tei-c.org/ns/1.0"><forename type="first">Hiroya</forename><surname>Takamura</surname></persName>
		</author>
		<author>
			<persName xmlns="http://www.tei-c.org/ns/1.0"><forename type="first">Yuji</forename><surname>Matsumoto</surname></persName>
		</author>
	</analytic>
	<monogr>
		<title level="m">Proceedings of the 2003 EACL Workshop on The Computational Treatment of Anaphora</title>
		<meeting>the 2003 EACL Workshop on The Computational Treatment of Anaphora</meeting>
		<imprint>
			<date type="published" when="2003" />
			<biblScope unit="page" from="23" to="30" />
		</imprint>
	</monogr>
</biblStruct>

<biblStruct >
	<analytic>
		<title level="a" type="main">Exploiting syntactic patterns as clues in zero-anaphora resolution</title>
		<author>
			<persName xmlns="http://www.tei-c.org/ns/1.0"><forename type="first">Ryu</forename><surname>Iida</surname></persName>
		</author>
		<author>
			<persName xmlns="http://www.tei-c.org/ns/1.0"><forename type="first">Kentaro</forename><surname>Inui</surname></persName>
		</author>
		<author>
			<persName xmlns="http://www.tei-c.org/ns/1.0"><forename type="first">Yuji</forename><surname>Matsumoto</surname></persName>
		</author>
	</analytic>
	<monogr>
		<title level="m">Processings of the 21st International Conference on Computational Linguistics and 44th</title>
		<meeting>essings of the 21st International Conference on Computational Linguistics and 44th</meeting>
		<imprint>
			<date type="published" when="2006" />
		</imprint>
	</monogr>
</biblStruct>

<biblStruct >
	<monogr>
				<title level="m">Annual Meeting of the Association for Computational Linguistics</title>
		<imprint>
			<biblScope unit="page" from="625" to="632" />
		</imprint>
	</monogr>
</biblStruct>

<biblStruct >
	<analytic>
		<title level="a" type="main">Annotating a Japanese text corpus with predicate-argument and coreference relations</title>
		<author>
			<persName xmlns="http://www.tei-c.org/ns/1.0"><forename type="first">Ryu</forename><surname>Iida</surname></persName>
		</author>
		<author>
			<persName xmlns="http://www.tei-c.org/ns/1.0"><forename type="first">Mamoru</forename><surname>Komachi</surname></persName>
		</author>
	</analytic>
	<monogr>
		<title level="m">Proceedings of the ACL Workshop: &apos;Linguistic Annotation Workshop</title>
		<meeting>the ACL Workshop: &apos;Linguistic Annotation Workshop</meeting>
		<imprint>
			<date type="published" when="2007" />
			<biblScope unit="page" from="132" to="139" />
		</imprint>
	</monogr>
	<note>Kentaro Inui, and Yuji Matsumoto</note>
</biblStruct>

<biblStruct >
	<analytic>
		<title level="a" type="main">Intra-sentential zero anaphora resolution using subject sharing recognition</title>
		<author>
			<persName xmlns="http://www.tei-c.org/ns/1.0"><forename type="first">Ryu</forename><surname>Iida</surname></persName>
		</author>
		<author>
			<persName xmlns="http://www.tei-c.org/ns/1.0"><forename type="first">Kentaro</forename><surname>Torisawa</surname></persName>
		</author>
		<author>
			<persName xmlns="http://www.tei-c.org/ns/1.0"><forename type="first">Chikara</forename><surname>Hashimoto</surname></persName>
		</author>
		<author>
			<persName xmlns="http://www.tei-c.org/ns/1.0"><forename type="first">Jonghoon</forename><surname>Oh</surname></persName>
		</author>
		<author>
			<persName xmlns="http://www.tei-c.org/ns/1.0"><forename type="first">Julien</forename><surname>Kloetzer</surname></persName>
		</author>
	</analytic>
	<monogr>
		<title level="m">Proceedings of the 2015 Conference on Empirical Methods in Natural Language Processing</title>
		<meeting>the 2015 Conference on Empirical Methods in Natural Language Processing</meeting>
		<imprint>
			<date type="published" when="2015" />
			<biblScope unit="page" from="2179" to="2189" />
		</imprint>
	</monogr>
</biblStruct>

<biblStruct >
	<analytic>
		<title level="a" type="main">Discriminative approach to predicate-argument structure analysis with zero-anaphora resolution</title>
		<author>
			<persName xmlns="http://www.tei-c.org/ns/1.0"><forename type="first">Kenji</forename><surname>Imamura</surname></persName>
		</author>
		<author>
			<persName xmlns="http://www.tei-c.org/ns/1.0"><forename type="first">Kuniko</forename><surname>Saito</surname></persName>
		</author>
		<author>
			<persName xmlns="http://www.tei-c.org/ns/1.0"><forename type="first">Tomoko</forename><surname>Izumi</surname></persName>
		</author>
	</analytic>
	<monogr>
		<title level="m">Proceedings of the Joint Conference of the 47th Annual Meeting of the ACL and the 4th International Joint Conference on Natural Language Processing</title>
		<meeting>the Joint Conference of the 47th Annual Meeting of the ACL and the 4th International Joint Conference on Natural Language Processing</meeting>
		<imprint>
			<date type="published" when="2009" />
			<biblScope unit="page" from="85" to="88" />
		</imprint>
	</monogr>
</biblStruct>

<biblStruct >
	<analytic>
		<title level="a" type="main">Japanese zero pronoun resolution based on ranking rules and machine learning</title>
		<author>
			<persName xmlns="http://www.tei-c.org/ns/1.0"><forename type="first">Hideki</forename><surname>Isozaki</surname></persName>
		</author>
		<author>
			<persName xmlns="http://www.tei-c.org/ns/1.0"><forename type="first">Tsutomu</forename><surname>Hirao</surname></persName>
		</author>
	</analytic>
	<monogr>
		<title level="m">Proceedings of the 2003 Conference on Empirical Methods in Natural Language Processing</title>
		<meeting>the 2003 Conference on Empirical Methods in Natural Language Processing</meeting>
		<imprint>
			<date type="published" when="2003" />
			<biblScope unit="page" from="184" to="191" />
		</imprint>
	</monogr>
</biblStruct>

<biblStruct >
	<analytic>
		<title level="a" type="main">Effective use of word order for text categorization with convolutional neural networks</title>
		<author>
			<persName xmlns="http://www.tei-c.org/ns/1.0"><forename type="first">Rie</forename><surname>Johnson</surname></persName>
		</author>
		<author>
			<persName xmlns="http://www.tei-c.org/ns/1.0"><forename type="first">Tong</forename><surname>Zhang</surname></persName>
		</author>
	</analytic>
	<monogr>
		<title level="m">Proceedings of the 2015 Conference of the North American Chapter of the Association for Computational Linguistics: Human Language Technologies</title>
		<meeting>the 2015 Conference of the North American Chapter of the Association for Computational Linguistics: Human Language Technologies</meeting>
		<imprint>
			<date type="published" when="2015" />
			<biblScope unit="page" from="103" to="112" />
		</imprint>
	</monogr>
</biblStruct>

<biblStruct >
	<analytic>
		<title level="a" type="main">A convolutional neural network for modelling sentences</title>
		<author>
			<persName xmlns="http://www.tei-c.org/ns/1.0"><forename type="first">Nal</forename><surname>Kalchbrenner</surname></persName>
		</author>
		<author>
			<persName xmlns="http://www.tei-c.org/ns/1.0"><forename type="first">Edward</forename><surname>Grefenstette</surname></persName>
		</author>
		<author>
			<persName xmlns="http://www.tei-c.org/ns/1.0"><forename type="first">Phil</forename><surname>Blunsom</surname></persName>
		</author>
	</analytic>
	<monogr>
		<title level="m">Proceedings of the 52nd Annual Meeting of the Association for Computational Linguistics</title>
		<meeting>the 52nd Annual Meeting of the Association for Computational Linguistics</meeting>
		<imprint>
			<date type="published" when="2014" />
			<biblScope unit="page" from="655" to="665" />
		</imprint>
	</monogr>
</biblStruct>

<biblStruct >
	<analytic>
		<title level="a" type="main">Convolutional neural networks for sentence classification</title>
		<author>
			<persName xmlns="http://www.tei-c.org/ns/1.0"><forename type="first">Yoon</forename><surname>Kim</surname></persName>
		</author>
	</analytic>
	<monogr>
		<title level="m">Proceedings of the 2014 Conference on Empirical Methods in Natural Language Processing</title>
		<meeting>the 2014 Conference on Empirical Methods in Natural Language Processing</meeting>
		<imprint>
			<date type="published" when="2014" />
			<biblScope unit="page" from="1746" to="1751" />
		</imprint>
	</monogr>
</biblStruct>

<biblStruct >
	<analytic>
		<title level="a" type="main">Applying conditional random fields to Japanese 1253 morphological analysis</title>
		<author>
			<persName xmlns="http://www.tei-c.org/ns/1.0"><forename type="first">Taku</forename><surname>Kudo</surname></persName>
		</author>
		<author>
			<persName xmlns="http://www.tei-c.org/ns/1.0"><forename type="first">Kaoru</forename><surname>Yamamoto</surname></persName>
		</author>
		<author>
			<persName xmlns="http://www.tei-c.org/ns/1.0"><forename type="first">Yuji</forename><surname>Matsumoto</surname></persName>
		</author>
	</analytic>
	<monogr>
		<title level="m">Proceedings of the 2004 Conference on Empirical Methods in Natural Language Processing</title>
		<meeting>the 2004 Conference on Empirical Methods in Natural Language Processing</meeting>
		<imprint>
			<date type="published" when="2004" />
			<biblScope unit="page" from="230" to="237" />
		</imprint>
	</monogr>
</biblStruct>

<biblStruct >
	<analytic>
		<title level="a" type="main">Gradient-based learning applied to document recognition</title>
		<author>
			<persName xmlns="http://www.tei-c.org/ns/1.0"><forename type="first">Yann</forename><surname>Lecun</surname></persName>
		</author>
		<author>
			<persName xmlns="http://www.tei-c.org/ns/1.0"><forename type="first">Léon</forename><surname>Bottou</surname></persName>
		</author>
		<author>
			<persName xmlns="http://www.tei-c.org/ns/1.0"><forename type="first">Yoshua</forename><surname>Bengio</surname></persName>
		</author>
		<author>
			<persName xmlns="http://www.tei-c.org/ns/1.0"><forename type="first">Patrick</forename><surname>Haffner</surname></persName>
		</author>
	</analytic>
	<monogr>
		<title level="m">Proceedings of the IEEE</title>
		<meeting>the IEEE</meeting>
		<imprint>
			<date type="published" when="1998" />
			<biblScope unit="page" from="2278" to="2324" />
		</imprint>
	</monogr>
</biblStruct>

<biblStruct >
	<analytic>
		<title level="a" type="main">Convolution neural network for relation extraction</title>
		<author>
			<persName xmlns="http://www.tei-c.org/ns/1.0"><forename type="first">Chunyang</forename><surname>Liu</surname></persName>
		</author>
		<author>
			<persName xmlns="http://www.tei-c.org/ns/1.0"><forename type="first">Wenbo</forename><surname>Sun</surname></persName>
		</author>
		<author>
			<persName xmlns="http://www.tei-c.org/ns/1.0"><forename type="first">Wenhan</forename><surname>Chao</surname></persName>
		</author>
		<author>
			<persName xmlns="http://www.tei-c.org/ns/1.0"><forename type="first">Wanxiang</forename><surname>Che</surname></persName>
		</author>
	</analytic>
	<monogr>
		<title level="m">Proceedings of the 9th International Conference of Advanced Data Mining and Applications</title>
		<meeting>the 9th International Conference of Advanced Data Mining and Applications</meeting>
		<imprint>
			<date type="published" when="2013" />
			<biblScope unit="page" from="231" to="242" />
		</imprint>
	</monogr>
</biblStruct>

<biblStruct >
	<analytic>
		<title level="a" type="main">Distributed representations of words and phrases and their compositionality</title>
		<author>
			<persName xmlns="http://www.tei-c.org/ns/1.0"><forename type="first">Tomas</forename><surname>Mikolov</surname></persName>
		</author>
		<author>
			<persName xmlns="http://www.tei-c.org/ns/1.0"><forename type="first">Ilya</forename><surname>Sutskever</surname></persName>
		</author>
		<author>
			<persName xmlns="http://www.tei-c.org/ns/1.0"><forename type="first">Kai</forename><surname>Chen</surname></persName>
		</author>
		<author>
			<persName xmlns="http://www.tei-c.org/ns/1.0"><forename type="first">Greg</forename><forename type="middle">S</forename><surname>Corrado</surname></persName>
		</author>
		<author>
			<persName xmlns="http://www.tei-c.org/ns/1.0"><forename type="first">Jeff</forename><surname>Dean</surname></persName>
		</author>
	</analytic>
	<monogr>
		<title level="m">Proceedings of Advances in Neural Information Processing Systems 26 (NIPS 2013)</title>
		<meeting>Advances in Neural Information Processing Systems 26 (NIPS 2013)</meeting>
		<imprint>
			<date type="published" when="2013" />
			<biblScope unit="page" from="3111" to="3119" />
		</imprint>
	</monogr>
</biblStruct>

<biblStruct >
	<analytic>
		<title level="a" type="main">Grammar for ellipsis resolution in Japanese</title>
		<author>
			<persName xmlns="http://www.tei-c.org/ns/1.0"><forename type="first">Shigeko</forename><surname>Nariyama</surname></persName>
		</author>
	</analytic>
	<monogr>
		<title level="m">Proceedings of the 9th International Conference on Theoretical and Methodological Issues in Machine Translation</title>
		<meeting>the 9th International Conference on Theoretical and Methodological Issues in Machine Translation</meeting>
		<imprint>
			<date type="published" when="2002" />
			<biblScope unit="page" from="135" to="145" />
		</imprint>
	</monogr>
</biblStruct>

<biblStruct >
	<analytic>
		<title level="a" type="main">Learning noun phrase anaphoricity to improve conference resolution: Issues in representation and optimization</title>
		<author>
			<persName xmlns="http://www.tei-c.org/ns/1.0"><forename type="first">Vincent</forename><surname>Ng</surname></persName>
		</author>
	</analytic>
	<monogr>
		<title level="m">Proceedings of the 42nd Meeting of the Association for Computational Linguistics</title>
		<meeting>the 42nd Meeting of the Association for Computational Linguistics</meeting>
		<imprint>
			<date type="published" when="2004" />
			<biblScope unit="page" from="151" to="158" />
		</imprint>
	</monogr>
</biblStruct>

<biblStruct >
	<analytic>
		<title level="a" type="main">Relation extraction: Perspective from convolutional neural networks</title>
		<author>
			<persName xmlns="http://www.tei-c.org/ns/1.0"><forename type="first">Huu</forename><surname>Thien</surname></persName>
		</author>
		<author>
			<persName xmlns="http://www.tei-c.org/ns/1.0"><forename type="first">Ralph</forename><surname>Nguyen</surname></persName>
		</author>
		<author>
			<persName xmlns="http://www.tei-c.org/ns/1.0"><surname>Grishman</surname></persName>
		</author>
	</analytic>
	<monogr>
		<title level="m">Proceedings of the 1st Workshop on Vector Space Modeling for Natural Language Processing</title>
		<meeting>the 1st Workshop on Vector Space Modeling for Natural Language Processing</meeting>
		<imprint>
			<date type="published" when="2015" />
			<biblScope unit="page" from="39" to="48" />
		</imprint>
	</monogr>
</biblStruct>

<biblStruct >
	<analytic>
		<title level="a" type="main">Zero pronoun resolution in Japanese discourse based on centering theory</title>
		<author>
			<persName xmlns="http://www.tei-c.org/ns/1.0"><forename type="first">Manabu</forename><surname>Okumura</surname></persName>
		</author>
		<author>
			<persName xmlns="http://www.tei-c.org/ns/1.0"><forename type="first">Kouji</forename><surname>Tamura</surname></persName>
		</author>
	</analytic>
	<monogr>
		<title level="m">Proceedings of The 16th International Conference on Computational Linguistics</title>
		<meeting>The 16th International Conference on Computational Linguistics</meeting>
		<imprint>
			<date type="published" when="1996" />
			<biblScope unit="page" from="871" to="876" />
		</imprint>
	</monogr>
</biblStruct>

<biblStruct >
	<analytic>
		<title level="a" type="main">Joint case argument identification for Japanese predicate argument structure analysis</title>
		<author>
			<persName xmlns="http://www.tei-c.org/ns/1.0"><forename type="first">Hiroki</forename><surname>Ouchi</surname></persName>
		</author>
		<author>
			<persName xmlns="http://www.tei-c.org/ns/1.0"><forename type="first">Hiroyuki</forename><surname>Shindo</surname></persName>
		</author>
		<author>
			<persName xmlns="http://www.tei-c.org/ns/1.0"><forename type="first">Kevin</forename><surname>Duh</surname></persName>
		</author>
		<author>
			<persName xmlns="http://www.tei-c.org/ns/1.0"><forename type="first">Yuji</forename><surname>Matsumoto</surname></persName>
		</author>
	</analytic>
	<monogr>
		<title level="m">Proceedings of the 53rd Annual Meeting of the Association for Computational Linguistics and the 7th International Joint Conference on Natural Language Processing</title>
		<meeting>the 53rd Annual Meeting of the Association for Computational Linguistics and the 7th International Joint Conference on Natural Language Processing</meeting>
		<imprint>
			<date type="published" when="2015" />
			<biblScope unit="page" from="961" to="970" />
		</imprint>
	</monogr>
</biblStruct>

<biblStruct >
	<analytic>
		<title level="a" type="main">A discriminative approach to Japanese zero anaphora resolution with large-scale lexicalized case frames</title>
		<author>
			<persName xmlns="http://www.tei-c.org/ns/1.0"><forename type="first">Ryohei</forename><surname>Sasano</surname></persName>
		</author>
		<author>
			<persName xmlns="http://www.tei-c.org/ns/1.0"><forename type="first">Sadao</forename><surname>Kurohashi</surname></persName>
		</author>
	</analytic>
	<monogr>
		<title level="m">Proceedings of 5th International Joint Conference on Natural Language Processing</title>
		<meeting>5th International Joint Conference on Natural Language Processing</meeting>
		<imprint>
			<date type="published" when="2011" />
			<biblScope unit="page" from="758" to="766" />
		</imprint>
	</monogr>
</biblStruct>

<biblStruct >
	<analytic>
		<title level="a" type="main">A fully-lexicalized probabilistic model for Japanese zero anaphora resolution</title>
		<author>
			<persName xmlns="http://www.tei-c.org/ns/1.0"><forename type="first">Ryohei</forename><surname>Sasano</surname></persName>
		</author>
		<author>
			<persName xmlns="http://www.tei-c.org/ns/1.0"><forename type="first">Daisuke</forename><surname>Kawahara</surname></persName>
		</author>
		<author>
			<persName xmlns="http://www.tei-c.org/ns/1.0"><forename type="first">Sadao</forename><surname>Kurohashi</surname></persName>
		</author>
	</analytic>
	<monogr>
		<title level="m">Proceedings of the 22nd International Conference on Computational Linguistics</title>
		<meeting>the 22nd International Conference on Computational Linguistics</meeting>
		<imprint>
			<date type="published" when="2008" />
			<biblScope unit="page" from="769" to="776" />
		</imprint>
	</monogr>
</biblStruct>

<biblStruct >
	<analytic>
		<title level="a" type="main">Evaluation of pooling operations in convolutional architectures for object recognition</title>
		<author>
			<persName xmlns="http://www.tei-c.org/ns/1.0"><forename type="first">Dominik</forename><surname>Scherer</surname></persName>
		</author>
		<author>
			<persName xmlns="http://www.tei-c.org/ns/1.0"><forename type="first">Andreas</forename><surname>Müller</surname></persName>
		</author>
		<author>
			<persName xmlns="http://www.tei-c.org/ns/1.0"><forename type="first">Sven</forename><surname>Behnke</surname></persName>
		</author>
	</analytic>
	<monogr>
		<title level="m">Proceedings of the 20th International Conference on Artificial Neural Networks</title>
		<meeting>the 20th International Conference on Artificial Neural Networks</meeting>
		<imprint>
			<date type="published" when="2010" />
			<biblScope unit="page" from="92" to="101" />
		</imprint>
	</monogr>
</biblStruct>

<biblStruct >
	<analytic>
		<title level="a" type="main">A probabilistic method for analyzing Japanese anaphora integrating zero pronoun detection and resolution</title>
		<author>
			<persName xmlns="http://www.tei-c.org/ns/1.0"><forename type="first">Kazuhiro</forename><surname>Seki</surname></persName>
		</author>
		<author>
			<persName xmlns="http://www.tei-c.org/ns/1.0"><forename type="first">Atsushi</forename><surname>Fujii</surname></persName>
		</author>
		<author>
			<persName xmlns="http://www.tei-c.org/ns/1.0"><forename type="first">Tetsuya</forename><surname>Ishikawa</surname></persName>
		</author>
	</analytic>
	<monogr>
		<title level="m">Processings of the 19th International Conference on Computational Linguistics</title>
		<meeting>essings of the 19th International Conference on Computational Linguistics</meeting>
		<imprint>
			<date type="published" when="2002" />
			<biblScope unit="page" from="1" to="7" />
		</imprint>
	</monogr>
</biblStruct>

<biblStruct >
	<analytic>
		<title level="a" type="main">A Japanese predicate argument structure analysis using decision lists</title>
		<author>
			<persName xmlns="http://www.tei-c.org/ns/1.0"><forename type="first">Hirotoshi</forename><surname>Taira</surname></persName>
		</author>
		<author>
			<persName xmlns="http://www.tei-c.org/ns/1.0"><forename type="first">Sanae</forename><surname>Fujita</surname></persName>
		</author>
		<author>
			<persName xmlns="http://www.tei-c.org/ns/1.0"><forename type="first">Masaaki</forename><surname>Nagata</surname></persName>
		</author>
	</analytic>
	<monogr>
		<title level="m">Proceedings of the 2008 Conference on Empirical Methods in Natural Language Processing</title>
		<meeting>the 2008 Conference on Empirical Methods in Natural Language Processing</meeting>
		<imprint>
			<date type="published" when="2008" />
			<biblScope unit="page" from="523" to="532" />
		</imprint>
	</monogr>
</biblStruct>

<biblStruct >
	<analytic>
		<title level="a" type="main">Learning anaphoricity and antecedent ranking features for coreference resolution</title>
		<author>
			<persName xmlns="http://www.tei-c.org/ns/1.0"><forename type="first">Sam</forename><surname>Wiseman</surname></persName>
		</author>
		<author>
			<persName xmlns="http://www.tei-c.org/ns/1.0"><forename type="first">Alexander</forename><forename type="middle">M</forename><surname>Rush</surname></persName>
		</author>
		<author>
			<persName xmlns="http://www.tei-c.org/ns/1.0"><forename type="first">Stuart</forename><surname>Shieber</surname></persName>
		</author>
		<author>
			<persName xmlns="http://www.tei-c.org/ns/1.0"><forename type="first">Jason</forename><surname>Weston</surname></persName>
		</author>
	</analytic>
	<monogr>
		<title level="m">Proceedings of the 53rd Annual Meeting of the Association for Computational Linguistics and the 7th International Joint Conference on Natural Language Processing</title>
		<meeting>the 53rd Annual Meeting of the Association for Computational Linguistics and the 7th International Joint Conference on Natural Language Processing</meeting>
		<imprint>
			<date type="published" when="2015" />
			<biblScope unit="page" from="1416" to="1426" />
		</imprint>
	</monogr>
</biblStruct>

<biblStruct >
	<analytic>
		<title level="a" type="main">Convolutional neural network for paraphrase identification</title>
		<author>
			<persName xmlns="http://www.tei-c.org/ns/1.0"><forename type="first">Wenpeng</forename><surname>Yin</surname></persName>
		</author>
		<author>
			<persName xmlns="http://www.tei-c.org/ns/1.0"><forename type="first">Hinrich</forename><surname>Schütze</surname></persName>
		</author>
	</analytic>
	<monogr>
		<title level="m">Proceedings of the 2015 Conference of the North American Chapter of the Association for Computational Linguistics: Human Language Technologies</title>
		<meeting>the 2015 Conference of the North American Chapter of the Association for Computational Linguistics: Human Language Technologies</meeting>
		<imprint>
			<date type="published" when="2015" />
			<biblScope unit="page" from="901" to="911" />
		</imprint>
	</monogr>
</biblStruct>

<biblStruct >
	<analytic>
		<title level="a" type="main">Jointly extracting Japanese predicateargument relation with Markov Logic</title>
		<author>
			<persName xmlns="http://www.tei-c.org/ns/1.0"><forename type="first">Katsumasa</forename><surname>Yoshikawa</surname></persName>
		</author>
		<author>
			<persName xmlns="http://www.tei-c.org/ns/1.0"><forename type="first">Masayuki</forename><surname>Asahara</surname></persName>
		</author>
		<author>
			<persName xmlns="http://www.tei-c.org/ns/1.0"><forename type="first">Yuji</forename><surname>Matsumoto</surname></persName>
		</author>
	</analytic>
	<monogr>
		<title level="m">Proceedings of 5th International Joint Conference on Natural Language Processing</title>
		<meeting>5th International Joint Conference on Natural Language Processing</meeting>
		<imprint>
			<date type="published" when="2011" />
			<biblScope unit="page" from="1125" to="1133" />
		</imprint>
	</monogr>
</biblStruct>

<biblStruct >
	<analytic>
		<title level="a" type="main">Polynomial to linear: Efficient classification with conjunctive features</title>
		<author>
			<persName xmlns="http://www.tei-c.org/ns/1.0"><forename type="first">Naoki</forename><surname>Yoshinaga</surname></persName>
		</author>
		<author>
			<persName xmlns="http://www.tei-c.org/ns/1.0"><forename type="first">Masaru</forename><surname>Kitsuregawa</surname></persName>
		</author>
	</analytic>
	<monogr>
		<title level="m">Proceedings of the 2009 Conference on Empirical Methods in Natural Language Processing</title>
		<meeting>the 2009 Conference on Empirical Methods in Natural Language Processing</meeting>
		<imprint>
			<date type="published" when="2009" />
			<biblScope unit="page" from="1542" to="1551" />
		</imprint>
	</monogr>
</biblStruct>

<biblStruct >
	<monogr>
		<title level="m" type="main">ADADELTA: An adaptive learning rate method</title>
		<author>
			<persName xmlns="http://www.tei-c.org/ns/1.0"><forename type="first">D</forename><surname>Matthew</surname></persName>
		</author>
		<author>
			<persName xmlns="http://www.tei-c.org/ns/1.0"><surname>Zeiler</surname></persName>
		</author>
		<idno type="arXiv">arXiv:1212.5701</idno>
		<imprint>
			<date type="published" when="2012-12-27" />
		</imprint>
	</monogr>
</biblStruct>

<biblStruct >
	<analytic>
		<title level="a" type="main">Relation classification via convolutional deep neural network</title>
		<author>
			<persName xmlns="http://www.tei-c.org/ns/1.0"><forename type="first">Daojian</forename><surname>Zeng</surname></persName>
		</author>
		<author>
			<persName xmlns="http://www.tei-c.org/ns/1.0"><forename type="first">Kang</forename><surname>Liu</surname></persName>
		</author>
		<author>
			<persName xmlns="http://www.tei-c.org/ns/1.0"><forename type="first">Siwei</forename><surname>Lai</surname></persName>
		</author>
		<author>
			<persName xmlns="http://www.tei-c.org/ns/1.0"><forename type="first">Guangyou</forename><surname>Zhou</surname></persName>
		</author>
		<author>
			<persName xmlns="http://www.tei-c.org/ns/1.0"><forename type="first">Jun</forename><surname>Zhao</surname></persName>
		</author>
	</analytic>
	<monogr>
		<title level="m">Proceedings of the 25th International Conference on Computational Linguistics</title>
		<meeting>the 25th International Conference on Computational Linguistics</meeting>
		<imprint>
			<date type="published" when="2014" />
			<biblScope unit="page" from="2335" to="2344" />
		</imprint>
	</monogr>
</biblStruct>

<biblStruct >
	<analytic>
		<title level="a" type="main">Distant supervision for relation extraction via piecewise convolutional neural networks</title>
		<author>
			<persName xmlns="http://www.tei-c.org/ns/1.0"><forename type="first">Daojian</forename><surname>Zeng</surname></persName>
		</author>
		<author>
			<persName xmlns="http://www.tei-c.org/ns/1.0"><forename type="first">Kang</forename><surname>Liu</surname></persName>
		</author>
		<author>
			<persName xmlns="http://www.tei-c.org/ns/1.0"><forename type="first">Yubo</forename><surname>Chen</surname></persName>
		</author>
		<author>
			<persName xmlns="http://www.tei-c.org/ns/1.0"><forename type="first">Jun</forename><surname>Zhao</surname></persName>
		</author>
	</analytic>
	<monogr>
		<title level="m">Proceedings of the 2015 Conference on Empirical Methods in Natural Language Processing</title>
		<meeting>the 2015 Conference on Empirical Methods in Natural Language Processing</meeting>
		<imprint>
			<date type="published" when="2015" />
			<biblScope unit="page" from="1753" to="1762" />
		</imprint>
	</monogr>
</biblStruct>

			</listBibl>
		</back>
	</text>
</TEI>
