<?xml version="1.0" ?>
<TEI xmlns="http://www.tei-c.org/ns/1.0" xmlns:xlink="http://www.w3.org/1999/xlink" 
 xmlns:mml="http://www.w3.org/1998/Math/MathML">
	<teiHeader>
		<fileDesc xml:id="f_1284"/>
	</teiHeader>
	<text>
		<front/>
		<body/>
		<back>
			<listBibl>
<biblStruct >
	<analytic>
		<title level="a" type="main">Neural machine translation by jointly learning to align and translate</title>
		<author>
			<persName xmlns="http://www.tei-c.org/ns/1.0"><forename type="first">Jimmy</forename><surname>Ba</surname></persName>
		</author>
		<author>
			<persName xmlns="http://www.tei-c.org/ns/1.0"><forename type="first">Volodymyr</forename><surname>Mnih</surname></persName>
		</author>
		<author>
			<persName xmlns="http://www.tei-c.org/ns/1.0"><forename type="first">Koray</forename><surname>Kavukcuoglu</surname></persName>
		</author>
		<author>
			<persName xmlns="http://www.tei-c.org/ns/1.0"><forename type="first">;</forename><surname>Bahdanau</surname></persName>
		</author>
		<idno type="arXiv">arXiv:1511.06349.[Chorowskietal.2015</idno>
	</analytic>
	<monogr>
		<title level="m">Proceedings of ICLR</title>
		<meeting>ICLR</meeting>
		<imprint>
			<date type="published" when="2015" />
			<biblScope unit="page" from="577" to="585" />
		</imprint>
	</monogr>
<note type="report_type">arXiv preprint</note>
	<note>Proceedings of NIPS</note>
</biblStruct>

<biblStruct >
	<analytic>
		<title level="a" type="main">Semi-supervised sequence learning</title>
		<author>
			<persName xmlns="http://www.tei-c.org/ns/1.0"><forename type="first">M</forename><surname>Andrew</surname></persName>
		</author>
		<author>
			<persName xmlns="http://www.tei-c.org/ns/1.0"><forename type="first">Quoc V</forename><surname>Dai</surname></persName>
		</author>
		<author>
			<persName xmlns="http://www.tei-c.org/ns/1.0"><surname>Le</surname></persName>
		</author>
	</analytic>
	<monogr>
		<title level="m">Proceedings of NIPS</title>
		<meeting>NIPS</meeting>
		<imprint>
			<date type="published" when="2015" />
			<biblScope unit="page" from="3061" to="3069" />
		</imprint>
	</monogr>
</biblStruct>

<biblStruct >
	<analytic>
		<title level="a" type="main">Sentence compression by deletion with lstms</title>
		<author>
			<persName xmlns="http://www.tei-c.org/ns/1.0"><forename type="first">[</forename><surname>Dyer</surname></persName>
		</author>
		<idno type="arXiv">arXiv:1603.08575.[Filippovaetal.2015</idno>
	</analytic>
	<monogr>
		<title level="m">Katja Filippova, Enrique Alfonseca, Carlos A Colmenares, Lukasz Kaiser, and Oriol Vinyals</title>
		<imprint>
			<date type="published" when="2015" />
			<biblScope unit="page" from="360" to="368" />
		</imprint>
	</monogr>
<note type="report_type">arXiv preprint</note>
	<note>Proceedings of EMNLP</note>
</biblStruct>

<biblStruct >
	<analytic>
		<title level="a" type="main">Draw: A recurrent neural network for image generation</title>
		<author>
			<persName xmlns="http://www.tei-c.org/ns/1.0"><forename type="first">[</forename><surname>Gregor</surname></persName>
		</author>
	</analytic>
	<monogr>
		<title level="m">Proceedings of ICML</title>
		<meeting>ICML</meeting>
		<imprint>
			<date type="published" when="2015" />
		</imprint>
	</monogr>
</biblStruct>

<biblStruct >
	<analytic>
		<title level="a" type="main">Incorporating copying mechanism in sequence-to-sequence learning</title>
		<author>
			<persName xmlns="http://www.tei-c.org/ns/1.0"><forename type="first">[</forename><surname>Gu</surname></persName>
		</author>
		<idno type="arXiv">arXiv:1603.06393</idno>
		<idno>arXiv:1603.08148</idno>
	</analytic>
	<monogr>
		<title level="m">Caglar Gulcehre, Sungjin Ahn, Ramesh Nallapati, Bowen Zhou, and Yoshua Bengio. 2016. Pointing the unknown words</title>
		<imprint>
			<date type="published" when="2006" />
			<biblScope unit="volume">313</biblScope>
			<biblScope unit="page" from="504" to="507" />
		</imprint>
	</monogr>
<note type="report_type">arXiv preprint</note>
	<note>Reducing the dimensionality of data with neural networks</note>
</biblStruct>

<biblStruct >
	<analytic>
		<title level="a" type="main">Kalchbrenner and Blunsom2013] Nal Kalchbrenner and Phil Blunsom. 2013. Recurrent continuous translation models</title>
	</analytic>
	<monogr>
		<title level="m">Proceedings of EMNLP</title>
		<meeting>EMNLP</meeting>
		<imprint/>
	</monogr>
</biblStruct>

<biblStruct >
	<analytic>
		<title level="a" type="main">Discrete-state variational autoencoders for joint discovery and factorization of relations</title>
		<author>
			<persName xmlns="http://www.tei-c.org/ns/1.0"><forename type="first">P</forename><surname>Diederik</surname></persName>
		</author>
		<author>
			<persName xmlns="http://www.tei-c.org/ns/1.0"><forename type="first">Jimmy</forename><surname>Kingma</surname></persName>
		</author>
		<author>
			<persName xmlns="http://www.tei-c.org/ns/1.0"><forename type="first">P</forename><surname>Ba ; Diederik</surname></persName>
		</author>
		<author>
			<persName xmlns="http://www.tei-c.org/ns/1.0"><forename type="first">Max</forename><surname>Kingma</surname></persName>
		</author>
		<author>
			<persName xmlns="http://www.tei-c.org/ns/1.0"><forename type="first">P</forename><surname>Welling ; Diederik</surname></persName>
		</author>
		<author>
			<persName xmlns="http://www.tei-c.org/ns/1.0"><forename type="first">Shakir</forename><surname>Kingma</surname></persName>
		</author>
		<author>
			<persName xmlns="http://www.tei-c.org/ns/1.0"><forename type="first">Danilo</forename><surname>Mohamed</surname></persName>
		</author>
		<author>
			<persName xmlns="http://www.tei-c.org/ns/1.0"><forename type="first">Max</forename><surname>Jimenez Rezende</surname></persName>
		</author>
		<author>
			<persName xmlns="http://www.tei-c.org/ns/1.0"><surname>Welling</surname></persName>
		</author>
	</analytic>
	<monogr>
		<title level="m">Proceedings of NIPS. [Marcheggiani and Titov2016] Diego Marcheggiani and Ivan Titov</title>
		<meeting>NIPS. [Marcheggiani and Titov2016] Diego Marcheggiani and Ivan Titov</meeting>
		<imprint>
			<date type="published" when="2014" />
		</imprint>
	</monogr>
	<note>Semi-supervised learning with deep generative models. Transactions of the Association for Computational Linguistics, 4.</note>
</biblStruct>

<biblStruct >
	<analytic>
		<title level="a" type="main">Neural variational inference for text processing</title>
		<author>
			<persName xmlns="http://www.tei-c.org/ns/1.0"><surname>Miao</surname></persName>
		</author>
	</analytic>
	<monogr>
		<title level="m">Proceedings of ICML</title>
		<meeting>ICML</meeting>
		<imprint>
			<date type="published" when="2016" />
		</imprint>
	</monogr>
</biblStruct>

<biblStruct >
	<analytic>
		<title level="a" type="main">Volodymyr Mnih, Nicolas Heess, and Alex Graves. 2014. Recurrent models of visual attention</title>
		<author>
			<persName xmlns="http://www.tei-c.org/ns/1.0"><forename type="first">Gregor2014] Andriy</forename><surname>Mnih</surname></persName>
		</author>
		<author>
			<persName xmlns="http://www.tei-c.org/ns/1.0"><forename type="first">Karol</forename><surname>Gregor</surname></persName>
		</author>
	</analytic>
	<monogr>
		<title level="m">Proceedings of ICML</title>
		<meeting>ICML</meeting>
		<imprint>
			<date type="published" when="2014" />
		</imprint>
	</monogr>
	<note>Proceedings of NIPS</note>
</biblStruct>

<biblStruct >
	<analytic>
		<title level="a" type="main">Stochastic backpropagation and approximate inference in deep generative models</title>
		<author>
			<persName xmlns="http://www.tei-c.org/ns/1.0"><forename type="first">[</forename><surname>Nallapati</surname></persName>
		</author>
		<idno type="arXiv">arXiv:1602.06023</idno>
	</analytic>
	<monogr>
		<title level="m">Shakir Mohamed, and Daan Wierstra</title>
		<imprint>
			<date type="published" when="2014" />
		</imprint>
	</monogr>
<note type="report_type">arXiv preprint</note>
	<note>Proceedings of ICML</note>
</biblStruct>

<biblStruct >
	<analytic>
		<title level="a" type="main">Ilya Sutskever, Oriol Vinyals, and Quoc V Le. 2014. Sequence to sequence learning with neural networks</title>
		<author>
			<persName xmlns="http://www.tei-c.org/ns/1.0"><forename type="first">Geoffrey</forename><forename type="middle">E</forename><surname>David E Rumelhart</surname></persName>
		</author>
		<author>
			<persName xmlns="http://www.tei-c.org/ns/1.0"><forename type="first">Ronald J Williams ; Alexander M</forename><surname>Hinton</surname></persName>
		</author>
		<author>
			<persName xmlns="http://www.tei-c.org/ns/1.0"><forename type="first">Sumit</forename><surname>Rush</surname></persName>
		</author>
		<author>
			<persName xmlns="http://www.tei-c.org/ns/1.0"><forename type="first">Jason</forename><surname>Chopra</surname></persName>
		</author>
		<author>
			<persName xmlns="http://www.tei-c.org/ns/1.0"><surname>Weston</surname></persName>
		</author>
	</analytic>
	<monogr>
		<title level="m">Proceedings of NIPS. [Vinyals et al.2015] Oriol Vinyals, Meire Fortunato, and Navdeep Jaitly. 2015. Pointer networks. In Proceedings of NIPS</title>
		<meeting>NIPS. [Vinyals et al.2015] Oriol Vinyals, Meire Fortunato, and Navdeep Jaitly. 2015. Pointer networks. In NIPS</meeting>
		<imprint>
			<date type="published" when="1985" />
			<biblScope unit="page" from="2674" to="2682" />
		</imprint>
	</monogr>
<note type="report_type">Technical report</note>
	<note>Proceedings of EMNLP</note>
</biblStruct>

<biblStruct >
	<monogr>
				<author>
			<persName xmlns="http://www.tei-c.org/ns/1.0"><surname>Xu</surname></persName>
		</author>
		<title level="m">Show, attend and tell: Neural image caption generation with visual attention</title>
		<imprint>
			<date type="published" when="2015" />
		</imprint>
	</monogr>
</biblStruct>

			</listBibl>
		</back>
	</text>
</TEI>
