<?xml version="1.0" ?>
<TEI xmlns="http://www.tei-c.org/ns/1.0" xmlns:xlink="http://www.w3.org/1999/xlink" 
 xmlns:mml="http://www.w3.org/1998/Math/MathML">
	<teiHeader>
		<fileDesc xml:id="f_290"/>
	</teiHeader>
	<text>
		<front/>
		<body/>
		<back>
			<listBibl>
<biblStruct >
	<analytic>
		<title level="a" type="main">A framework for learning predictive structures from multiple tasks and unlabeled data</title>
		<author>
			<persName xmlns="http://www.tei-c.org/ns/1.0"><forename type="first">Kubota</forename><surname>Rie</surname></persName>
		</author>
		<author>
			<persName xmlns="http://www.tei-c.org/ns/1.0"><forename type="first">Tong</forename><surname>Ando</surname></persName>
		</author>
		<author>
			<persName xmlns="http://www.tei-c.org/ns/1.0"><surname>Zhang</surname></persName>
		</author>
	</analytic>
	<monogr>
		<title level="j">Journal of Machine Learning Research</title>
		<imprint>
			<biblScope unit="volume">6</biblScope>
			<biblScope unit="page" from="1817" to="1853" />
			<date type="published" when="2005" />
		</imprint>
	</monogr>
</biblStruct>

<biblStruct >
	<analytic>
		<title level="a" type="main">Adaptive regression and model selection in data mining problems</title>
		<author>
			<persName xmlns="http://www.tei-c.org/ns/1.0"><surname>Sergey Bakin</surname></persName>
		</author>
	</analytic>
	<monogr>
		<title level="j">Ph.D</title>
		<imprint>
			<date type="published" when="1999-05" />
		</imprint>
	</monogr>
	<note>The Australian National University</note>
</biblStruct>

<biblStruct >
	<analytic>
		<title level="a" type="main">Latent Dirichlet Allocation</title>
		<author>
			<persName xmlns="http://www.tei-c.org/ns/1.0"><forename type="first">David</forename><forename type="middle">M</forename><surname>Blei</surname></persName>
		</author>
		<author>
			<persName xmlns="http://www.tei-c.org/ns/1.0"><forename type="first">Andrew</forename><forename type="middle">Y</forename><surname>Ng</surname></persName>
		</author>
		<author>
			<persName xmlns="http://www.tei-c.org/ns/1.0"><forename type="first">Michael</forename><forename type="middle">I</forename><surname>Jordan</surname></persName>
		</author>
	</analytic>
	<monogr>
		<title level="j">Journal of Machine Learning Research</title>
		<imprint>
			<biblScope unit="volume">3</biblScope>
			<biblScope unit="page" from="993" to="1022" />
			<date type="published" when="2003" />
		</imprint>
	</monogr>
</biblStruct>

<biblStruct >
	<analytic>
		<title level="a" type="main">Biographies, bollywood, boomboxes and blenders: Domain adaptation for sentiment classification</title>
		<author>
			<persName xmlns="http://www.tei-c.org/ns/1.0"><forename type="first">John</forename><surname>Blitzer</surname></persName>
		</author>
		<author>
			<persName xmlns="http://www.tei-c.org/ns/1.0"><forename type="first">Mark</forename><surname>Dredze</surname></persName>
		</author>
		<author>
			<persName xmlns="http://www.tei-c.org/ns/1.0"><forename type="first">Fernando</forename><surname>Pereira</surname></persName>
		</author>
	</analytic>
	<monogr>
		<title level="m">Proceedings of the 45th Annual Meeting of the Association of Computational Linguistics, ACL &apos;07</title>
		<meeting>the 45th Annual Meeting of the Association of Computational Linguistics, ACL &apos;07</meeting>
		<imprint>
			<publisher>ACL</publisher>
			<date type="published" when="2007" />
			<biblScope unit="page" from="440" to="447" />
		</imprint>
	</monogr>
</biblStruct>

<biblStruct >
	<analytic>
		<title level="a" type="main">Fast unfolding of communities in large networks</title>
		<author>
			<persName xmlns="http://www.tei-c.org/ns/1.0"><forename type="first">D</forename><surname>Vincent</surname></persName>
		</author>
		<author>
			<persName xmlns="http://www.tei-c.org/ns/1.0"><forename type="first">Jean-Loup</forename><surname>Blondel</surname></persName>
		</author>
		<author>
			<persName xmlns="http://www.tei-c.org/ns/1.0"><forename type="first">Renaud</forename><surname>Guillaume</surname></persName>
		</author>
		<author>
			<persName xmlns="http://www.tei-c.org/ns/1.0"><forename type="first">Etienne</forename><surname>Lambiotte</surname></persName>
		</author>
		<author>
			<persName xmlns="http://www.tei-c.org/ns/1.0"><surname>Lefebvre</surname></persName>
		</author>
	</analytic>
	<monogr>
		<title level="j">Journal of Statistical Mechanics: Theory and Experiment</title>
		<imprint>
			<biblScope unit="issue">10</biblScope>
			<biblScope unit="page">10008</biblScope>
			<date type="published" when="2008" />
		</imprint>
	</monogr>
</biblStruct>

<biblStruct >
	<monogr>
				<author>
			<persName xmlns="http://www.tei-c.org/ns/1.0"><forename type="first">Stephen</forename><surname>Boyd</surname></persName>
		</author>
		<author>
			<persName xmlns="http://www.tei-c.org/ns/1.0"><forename type="first">Lieven</forename><surname>Vandenberghe</surname></persName>
		</author>
		<title level="m">Convex Optimization</title>
		<meeting><address><addrLine>New York, NY, USA</addrLine></address></meeting>
		<imprint>
			<publisher>Cambridge University Press</publisher>
			<date type="published" when="2004" />
		</imprint>
	</monogr>
</biblStruct>

<biblStruct >
	<analytic>
		<title level="a" type="main">A survey of smoothing techniques for ME models</title>
		<author>
			<persName xmlns="http://www.tei-c.org/ns/1.0"><forename type="first">F</forename><surname>Stanley</surname></persName>
		</author>
		<author>
			<persName xmlns="http://www.tei-c.org/ns/1.0"><forename type="first">Ronald</forename><surname>Chen</surname></persName>
		</author>
		<author>
			<persName xmlns="http://www.tei-c.org/ns/1.0"><surname>Rosenfeld</surname></persName>
		</author>
	</analytic>
	<monogr>
		<title level="j">IEEE Transactions on Speech and Audio Processing</title>
		<imprint>
			<biblScope unit="volume">8</biblScope>
			<biblScope unit="issue">1</biblScope>
			<biblScope unit="page" from="37" to="50" />
			<date type="published" when="2000" />
		</imprint>
	</monogr>
</biblStruct>

<biblStruct >
	<analytic>
		<title level="a" type="main">Indexing by latent semantic analysis</title>
		<author>
			<persName xmlns="http://www.tei-c.org/ns/1.0"><forename type="first">Scott</forename><surname>Deerwester</surname></persName>
		</author>
		<author>
			<persName xmlns="http://www.tei-c.org/ns/1.0"><forename type="first">Susan</forename><forename type="middle">T</forename><surname>Dumais</surname></persName>
		</author>
		<author>
			<persName xmlns="http://www.tei-c.org/ns/1.0"><forename type="first">George</forename><forename type="middle">W</forename><surname>Furnas</surname></persName>
		</author>
		<author>
			<persName xmlns="http://www.tei-c.org/ns/1.0"><forename type="first">Thomas</forename><forename type="middle">K</forename><surname>Landauer</surname></persName>
		</author>
		<author>
			<persName xmlns="http://www.tei-c.org/ns/1.0"><forename type="first">Richard</forename><surname>Harshman</surname></persName>
		</author>
	</analytic>
	<monogr>
		<title level="j">Journal of the American Society for Information Science</title>
		<imprint>
			<biblScope unit="volume">41</biblScope>
			<biblScope unit="issue">6</biblScope>
			<biblScope unit="page" from="391" to="407" />
			<date type="published" when="1990" />
		</imprint>
	</monogr>
</biblStruct>

<biblStruct >
	<analytic>
		<title level="a" type="main">LexRank: graph-based lexical centrality as salience in text summarization</title>
		<author>
			<persName xmlns="http://www.tei-c.org/ns/1.0"><forename type="first">Günes</forename><surname>Erkan</surname></persName>
		</author>
		<author>
			<persName xmlns="http://www.tei-c.org/ns/1.0"><forename type="first">Dragomir</forename><forename type="middle">R</forename><surname>Radev</surname></persName>
		</author>
	</analytic>
	<monogr>
		<title level="j">Journal of Artificial Intelligence Research</title>
		<imprint>
			<biblScope unit="volume">22</biblScope>
			<biblScope unit="issue">1</biblScope>
			<biblScope unit="page" from="457" to="479" />
			<date type="published" when="2004" />
		</imprint>
	</monogr>
</biblStruct>

<biblStruct >
	<analytic>
		<title level="a" type="main">Community detection in graphs</title>
		<author>
			<persName xmlns="http://www.tei-c.org/ns/1.0"><forename type="first">Santo</forename><surname>Fortunato</surname></persName>
		</author>
	</analytic>
	<monogr>
		<title level="j">Physics reports</title>
		<imprint>
			<biblScope unit="volume">486</biblScope>
			<biblScope unit="issue">3</biblScope>
			<biblScope unit="page" from="75" to="174" />
			<date type="published" when="2010" />
		</imprint>
	</monogr>
</biblStruct>

<biblStruct >
	<monogr>
		<title level="m" type="main">A note on the group lasso and a sparse group lasso</title>
		<author>
			<persName xmlns="http://www.tei-c.org/ns/1.0"><forename type="first">Jerome</forename><forename type="middle">H</forename><surname>Friedman</surname></persName>
		</author>
		<author>
			<persName xmlns="http://www.tei-c.org/ns/1.0"><forename type="first">Trevor</forename><surname>Hastie</surname></persName>
		</author>
		<author>
			<persName xmlns="http://www.tei-c.org/ns/1.0"><forename type="first">Robert</forename><surname>Tibshirani</surname></persName>
		</author>
		<imprint>
			<date type="published" when="2010" />
		</imprint>
		<respStmt>
			<orgName>Department of Statistics, Stanford University</orgName>
		</respStmt>
	</monogr>
<note type="report_type">Technical report</note>
</biblStruct>

<biblStruct >
	<analytic>
		<title level="a" type="main">Friedman</title>
		<author>
			<persName xmlns="http://www.tei-c.org/ns/1.0"><forename type="first">Trevor</forename><surname>Hastie</surname></persName>
		</author>
		<author>
			<persName xmlns="http://www.tei-c.org/ns/1.0"><forename type="first">Robert</forename><surname>Tibshirani</surname></persName>
		</author>
		<author>
			<persName xmlns="http://www.tei-c.org/ns/1.0"><forename type="first">Jerome</forename><forename type="middle">H</forename></persName>
		</author>
	</analytic>
	<monogr>
		<title level="m">The elements of statistical learning</title>
		<imprint>
			<publisher>Springer</publisher>
			<date type="published" when="2009" />
		</imprint>
	</monogr>
</biblStruct>

<biblStruct >
	<analytic>
		<title level="a" type="main">Multiplier and gradient methods</title>
		<author>
			<persName xmlns="http://www.tei-c.org/ns/1.0"><forename type="first">R</forename><surname>Magnus</surname></persName>
		</author>
		<author>
			<persName xmlns="http://www.tei-c.org/ns/1.0"><surname>Hestenes</surname></persName>
		</author>
	</analytic>
	<monogr>
		<title level="j">Journal of Optimization Theory and Applications</title>
		<imprint>
			<biblScope unit="volume">4</biblScope>
			<biblScope unit="page" from="303" to="320" />
			<date type="published" when="1969" />
		</imprint>
	</monogr>
</biblStruct>

<biblStruct >
	<analytic>
		<title level="a" type="main">Ridge regression: Biased estimation for nonorthogonal problems</title>
		<author>
			<persName xmlns="http://www.tei-c.org/ns/1.0"><forename type="first">Arthur</forename><forename type="middle">E</forename><surname>Hoerl</surname></persName>
		</author>
		<author>
			<persName xmlns="http://www.tei-c.org/ns/1.0"><forename type="first">Robert</forename><forename type="middle">W</forename><surname>Kennard</surname></persName>
		</author>
	</analytic>
	<monogr>
		<title level="j">Technometrics</title>
		<imprint>
			<biblScope unit="volume">12</biblScope>
			<biblScope unit="issue">1</biblScope>
			<biblScope unit="page" from="55" to="67" />
			<date type="published" when="1970" />
		</imprint>
	</monogr>
</biblStruct>

<biblStruct >
	<analytic>
		<title level="a" type="main">Group Lasso with Overlap and Graph Lasso</title>
		<author>
			<persName xmlns="http://www.tei-c.org/ns/1.0"><forename type="first">Laurent</forename><surname>Jacob</surname></persName>
		</author>
		<author>
			<persName xmlns="http://www.tei-c.org/ns/1.0"><forename type="first">Guillaume</forename><surname>Obozinski</surname></persName>
		</author>
		<author>
			<persName xmlns="http://www.tei-c.org/ns/1.0"><forename type="first">Jean-Philippe</forename><surname>Vert</surname></persName>
		</author>
	</analytic>
	<monogr>
		<title level="m">Proceedings of the 26th International Conference on Machine Learning, ICML &apos;09</title>
		<meeting>the 26th International Conference on Machine Learning, ICML &apos;09</meeting>
		<imprint>
			<date type="published" when="2009" />
			<biblScope unit="page" from="433" to="440" />
		</imprint>
	</monogr>
</biblStruct>

<biblStruct >
	<analytic>
		<title level="a" type="main">Proximal methods for sparse hierarchical dictionary learning</title>
		<author>
			<persName xmlns="http://www.tei-c.org/ns/1.0"><forename type="first">Rodolphe</forename><surname>Jenatton</surname></persName>
		</author>
		<author>
			<persName xmlns="http://www.tei-c.org/ns/1.0"><forename type="first">Julien</forename><surname>Mairal</surname></persName>
		</author>
		<author>
			<persName xmlns="http://www.tei-c.org/ns/1.0"><forename type="first">Francis</forename><surname>Bach</surname></persName>
		</author>
		<author>
			<persName xmlns="http://www.tei-c.org/ns/1.0"><forename type="first">Guillaume</forename><surname>Obozinski</surname></persName>
		</author>
	</analytic>
	<monogr>
		<title level="m">Proceedings of the 27th International Conference on Machine Learning, ICML &apos;10</title>
		<meeting>the 27th International Conference on Machine Learning, ICML &apos;10</meeting>
		<imprint>
			<date type="published" when="2010" />
			<biblScope unit="page" from="487" to="494" />
		</imprint>
	</monogr>
</biblStruct>

<biblStruct >
	<analytic>
		<title level="a" type="main">Structured variable selection with sparsity-inducing norms</title>
		<author>
			<persName xmlns="http://www.tei-c.org/ns/1.0"><forename type="first">Rodolphe</forename><surname>Jenatton</surname></persName>
		</author>
		<author>
			<persName xmlns="http://www.tei-c.org/ns/1.0"><forename type="first">Jean-Yves</forename><surname>Audibert</surname></persName>
		</author>
		<author>
			<persName xmlns="http://www.tei-c.org/ns/1.0"><forename type="first">Francis</forename><surname>Bach</surname></persName>
		</author>
	</analytic>
	<monogr>
		<title level="j">Journal of Machine Learning Research</title>
		<imprint>
			<biblScope unit="volume">12</biblScope>
			<biblScope unit="page" from="2777" to="2824" />
			<date type="published" when="2011" />
		</imprint>
	</monogr>
</biblStruct>

<biblStruct >
	<analytic>
		<title level="a" type="main">Tree-guided group lasso for multi-task regression with structured sparsity</title>
		<author>
			<persName xmlns="http://www.tei-c.org/ns/1.0"><forename type="first">Seyoung</forename><surname>Kim</surname></persName>
		</author>
		<author>
			<persName xmlns="http://www.tei-c.org/ns/1.0"><forename type="first">Eric</forename><forename type="middle">P</forename><surname>Xing</surname></persName>
		</author>
	</analytic>
	<monogr>
		<title level="m">Proceedings of the 27th International Conference on Machine Learning, ICML &apos;10</title>
		<meeting>the 27th International Conference on Machine Learning, ICML &apos;10</meeting>
		<imprint>
			<date type="published" when="2010" />
			<biblScope unit="page" from="543" to="550" />
		</imprint>
	</monogr>
</biblStruct>

<biblStruct >
	<analytic>
		<title level="a" type="main">Incorporating Prior Knowledge on Features into Learning</title>
		<author>
			<persName xmlns="http://www.tei-c.org/ns/1.0"><forename type="first">Eyal</forename><surname>Krupka</surname></persName>
		</author>
		<author>
			<persName xmlns="http://www.tei-c.org/ns/1.0"><forename type="first">Naftali</forename><surname>Tishby</surname></persName>
		</author>
	</analytic>
	<monogr>
		<title level="m">Proceedings of the 11th International Conference on Artificial Intelligence and Statistics</title>
		<meeting>the 11th International Conference on Artificial Intelligence and Statistics</meeting>
		<imprint>
			<date type="published" when="2007" />
			<biblScope unit="volume">2</biblScope>
			<biblScope unit="page" from="227" to="234" />
		</imprint>
	</monogr>
	<note>of AISTATS &apos;07</note>
</biblStruct>

<biblStruct >
	<analytic>
		<title level="a" type="main">Moreau-Yosida Regularization for Grouped Tree Structure Learning</title>
		<author>
			<persName xmlns="http://www.tei-c.org/ns/1.0"><forename type="first">Jun</forename><surname>Liu</surname></persName>
		</author>
		<author>
			<persName xmlns="http://www.tei-c.org/ns/1.0"><forename type="first">Jieping</forename><surname>Ye</surname></persName>
		</author>
	</analytic>
	<monogr>
		<title level="m">Advances in Neural Information Processing Systems 23, NIPS &apos;10</title>
		<imprint>
			<date type="published" when="2010" />
			<biblScope unit="page" from="1459" to="1467" />
		</imprint>
	</monogr>
</biblStruct>

<biblStruct >
	<analytic>
		<title level="a" type="main">Tat-Seng Chua, and Maosong Sun</title>
		<author>
			<persName xmlns="http://www.tei-c.org/ns/1.0"><forename type="first">Yang</forename><surname>Liu</surname></persName>
		</author>
		<author>
			<persName xmlns="http://www.tei-c.org/ns/1.0"><forename type="first">Zhiyuan</forename><surname>Liu</surname></persName>
		</author>
	</analytic>
	<monogr>
		<title level="m">Proceedings of the 29th national conference on Artificial intelligence</title>
		<meeting>the 29th national conference on Artificial intelligence</meeting>
		<imprint>
			<date type="published" when="2015" />
			<biblScope unit="page" from="2418" to="2424" />
		</imprint>
	</monogr>
	<note>Topical word embeddings</note>
</biblStruct>

<biblStruct >
	<analytic>
		<title level="a" type="main">Some methods for classification and analysis of multivariate observations</title>
		<author>
			<persName xmlns="http://www.tei-c.org/ns/1.0"><forename type="first">J</forename><surname>Macqueen</surname></persName>
		</author>
	</analytic>
	<monogr>
		<title level="m">5-th Berkeley Symposium on Mathematical Statistics and Probability</title>
		<imprint>
			<date type="published" when="1967" />
			<biblScope unit="page" from="281" to="297" />
		</imprint>
	</monogr>
</biblStruct>

<biblStruct >
	<analytic>
		<title level="a" type="main">Network flow algorithms for structured sparsity</title>
		<author>
			<persName xmlns="http://www.tei-c.org/ns/1.0"><forename type="first">Julien</forename><surname>Mairal</surname></persName>
		</author>
		<author>
			<persName xmlns="http://www.tei-c.org/ns/1.0"><forename type="first">Rodolphe</forename><surname>Jenatton</surname></persName>
		</author>
		<author>
			<persName xmlns="http://www.tei-c.org/ns/1.0"><forename type="first">Francis</forename><surname>Bach</surname></persName>
		</author>
		<author>
			<persName xmlns="http://www.tei-c.org/ns/1.0"><forename type="first">Guillaume</forename><surname>Obozinski</surname></persName>
		</author>
	</analytic>
	<monogr>
		<title level="m">Advances in Neural Information Processing Systems 23, NIPS &apos;10</title>
		<imprint>
			<date type="published" when="2010" />
			<biblScope unit="page" from="1558" to="1566" />
		</imprint>
	</monogr>
</biblStruct>

<biblStruct >
	<analytic>
		<title level="a" type="main">Graph-based term weighting for text categorization</title>
		<author>
			<persName xmlns="http://www.tei-c.org/ns/1.0"><forename type="first">D</forename><surname>Fragkiskos</surname></persName>
		</author>
		<author>
			<persName xmlns="http://www.tei-c.org/ns/1.0"><forename type="first">Konstantinos</forename><surname>Malliaros</surname></persName>
		</author>
		<author>
			<persName xmlns="http://www.tei-c.org/ns/1.0"><surname>Skianis</surname></persName>
		</author>
	</analytic>
	<monogr>
		<title level="m">Proceedings of the 2015 IEEE/ACM International Conference on Advances in Social Networks Analysis and Mining</title>
		<meeting>the 2015 IEEE/ACM International Conference on Advances in Social Networks Analysis and Mining</meeting>
		<imprint>
			<date type="published" when="2015" />
			<biblScope unit="page" from="1473" to="1479" />
		</imprint>
	</monogr>
</biblStruct>

<biblStruct >
	<monogr>
		<title level="m" type="main">Mixture Models: Inference and Applications to Clustering</title>
		<author>
			<persName xmlns="http://www.tei-c.org/ns/1.0"><forename type="first">G</forename><forename type="middle">J</forename><surname>Mclachlan</surname></persName>
		</author>
		<author>
			<persName xmlns="http://www.tei-c.org/ns/1.0"><forename type="first">K</forename><forename type="middle">E</forename><surname>Basford</surname></persName>
		</author>
		<imprint>
			<date type="published" when="1988" />
			<publisher>Marcel Dekker</publisher>
			<pubPlace>New York</pubPlace>
		</imprint>
	</monogr>
</biblStruct>

<biblStruct >
	<analytic>
		<title level="a" type="main">Textrank: Bringing order into texts</title>
		<author>
			<persName xmlns="http://www.tei-c.org/ns/1.0"><forename type="first">Rada</forename><surname>Mihalcea</surname></persName>
		</author>
		<author>
			<persName xmlns="http://www.tei-c.org/ns/1.0"><forename type="first">Paul</forename><surname>Tarau</surname></persName>
		</author>
	</analytic>
	<monogr>
		<title level="m">Proceedings of the 2004 Conference on Empirical Methods in Natural Language Processing, EMNLP &apos;04</title>
		<meeting>the 2004 Conference on Empirical Methods in Natural Language Processing, EMNLP &apos;04</meeting>
		<imprint>
			<date type="published" when="2004" />
			<biblScope unit="page" from="404" to="411" />
		</imprint>
	</monogr>
</biblStruct>

<biblStruct >
	<analytic>
		<title level="a" type="main">Efficient estimation of word representations in vector space</title>
		<author>
			<persName xmlns="http://www.tei-c.org/ns/1.0"><forename type="first">Tomas</forename><surname>Mikolov</surname></persName>
		</author>
		<author>
			<persName xmlns="http://www.tei-c.org/ns/1.0"><forename type="first">Kai</forename><surname>Chen</surname></persName>
		</author>
		<author>
			<persName xmlns="http://www.tei-c.org/ns/1.0"><forename type="first">Greg</forename><forename type="middle">S</forename><surname>Corrado</surname></persName>
		</author>
		<author>
			<persName xmlns="http://www.tei-c.org/ns/1.0"><forename type="first">Jeffrey</forename><surname>Dean</surname></persName>
		</author>
	</analytic>
	<monogr>
		<title level="m">Proceedings of Workshop at International Conference on Learning Representations, ICLR &apos;13</title>
		<meeting>Workshop at International Conference on Learning Representations, ICLR &apos;13</meeting>
		<imprint>
			<date type="published" when="2013" />
		</imprint>
	</monogr>
</biblStruct>

<biblStruct >
	<analytic>
		<title level="a" type="main">An Analysis of Statistical and Syntactic Phrases</title>
		<author>
			<persName xmlns="http://www.tei-c.org/ns/1.0"><forename type="first">Mandar</forename><surname>Mitra</surname></persName>
		</author>
		<author>
			<persName xmlns="http://www.tei-c.org/ns/1.0"><forename type="first">Chris</forename><surname>Buckley</surname></persName>
		</author>
		<author>
			<persName xmlns="http://www.tei-c.org/ns/1.0"><forename type="first">Amit</forename><surname>Singhal</surname></persName>
		</author>
		<author>
			<persName xmlns="http://www.tei-c.org/ns/1.0"><forename type="first">Claire</forename><surname>Cardie</surname></persName>
		</author>
	</analytic>
	<monogr>
		<title level="m">Proceedings of the 5th International Conference on Computer-Assisted Information Retrieval, volume 97 of RIAO &apos;97</title>
		<meeting>the 5th International Conference on Computer-Assisted Information Retrieval, volume 97 of RIAO &apos;97</meeting>
		<imprint>
			<date type="published" when="1997" />
			<biblScope unit="page" from="200" to="214" />
		</imprint>
	</monogr>
</biblStruct>

<biblStruct >
	<analytic>
		<title level="a" type="main">A sentimental education: sentiment analysis using subjectivity summarization based on minimum cuts</title>
		<author>
			<persName xmlns="http://www.tei-c.org/ns/1.0"><forename type="first">Bo</forename><surname>Pang</surname></persName>
		</author>
		<author>
			<persName xmlns="http://www.tei-c.org/ns/1.0"><forename type="first">Lilian</forename><surname>Lee</surname></persName>
		</author>
	</analytic>
	<monogr>
		<title level="m">Proceedings of the 42nd Annual Meeting on Association for Computational Linguistics, ACL &apos;04</title>
		<meeting>the 42nd Annual Meeting on Association for Computational Linguistics, ACL &apos;04</meeting>
		<imprint>
			<date type="published" when="2004" />
			<biblScope unit="page" from="271" to="278" />
		</imprint>
	</monogr>
</biblStruct>

<biblStruct >
	<monogr>
		<title level="m" type="main">A method for nonlinear constraints in minimization problems</title>
		<author>
			<persName xmlns="http://www.tei-c.org/ns/1.0"><forename type="first">M</forename><forename type="middle">J D</forename><surname>Powell</surname></persName>
		</author>
		<editor>R. Fletcher editor, Optimization</editor>
		<imprint>
			<date type="published" when="1969" />
			<biblScope unit="page" from="283" to="298" />
		</imprint>
	</monogr>
</biblStruct>

<biblStruct >
	<analytic>
		<title level="a" type="main">Constructing Informative Priors Using Transfer Learning</title>
		<author>
			<persName xmlns="http://www.tei-c.org/ns/1.0"><forename type="first">Rajat</forename><surname>Raina</surname></persName>
		</author>
		<author>
			<persName xmlns="http://www.tei-c.org/ns/1.0"><forename type="first">Andrew</forename><forename type="middle">Y</forename><surname>Ng</surname></persName>
		</author>
		<author>
			<persName xmlns="http://www.tei-c.org/ns/1.0"><forename type="first">Daphne</forename><surname>Koller</surname></persName>
		</author>
	</analytic>
	<monogr>
		<title level="m">Proceedings of the 23rd International Conference on Machine Learning, ICML &apos;06</title>
		<meeting>the 23rd International Conference on Machine Learning, ICML &apos;06</meeting>
		<imprint>
			<date type="published" when="2006" />
			<biblScope unit="page" from="713" to="720" />
		</imprint>
	</monogr>
</biblStruct>

<biblStruct >
	<analytic>
		<title level="a" type="main">Software Framework for Topic Modelling with Large Corpora</title>
		<author>
			<persName xmlns="http://www.tei-c.org/ns/1.0"><forename type="first">Petr</forename><surname>Radimřehůřekradimˇradimřehůřek</surname></persName>
		</author>
		<author>
			<persName xmlns="http://www.tei-c.org/ns/1.0"><surname>Sojka</surname></persName>
		</author>
	</analytic>
	<monogr>
		<title level="m">Proceedings of the LREC 2010 Workshop on New Challenges for NLP Frameworks</title>
		<meeting>the LREC 2010 Workshop on New Challenges for NLP Frameworks</meeting>
		<imprint>
			<date type="published" when="2010" />
			<biblScope unit="page" from="45" to="50" />
		</imprint>
	</monogr>
</biblStruct>

<biblStruct >
	<analytic>
		<title level="a" type="main">Graph-of-word and tw-idf: New approach to ad hoc ir</title>
		<author>
			<persName xmlns="http://www.tei-c.org/ns/1.0"><forename type="first">François</forename><surname>Rousseau</surname></persName>
		</author>
		<author>
			<persName xmlns="http://www.tei-c.org/ns/1.0"><forename type="first">Michalis</forename><surname>Vazirgiannis</surname></persName>
		</author>
	</analytic>
	<monogr>
		<title level="m">Proceedings of the 22nd ACM international conference on Information and knowledge management, CIKM &apos;13</title>
		<meeting>the 22nd ACM international conference on Information and knowledge management, CIKM &apos;13</meeting>
		<imprint>
			<date type="published" when="2013" />
			<biblScope unit="page" from="59" to="68" />
		</imprint>
	</monogr>
</biblStruct>

<biblStruct >
	<analytic>
		<title level="a" type="main">Regularized learning with networks of features</title>
		<author>
			<persName xmlns="http://www.tei-c.org/ns/1.0"><forename type="first">Ted</forename><surname>Sandler</surname></persName>
		</author>
		<author>
			<persName xmlns="http://www.tei-c.org/ns/1.0"><forename type="first">John</forename><surname>Blitzer</surname></persName>
		</author>
		<author>
			<persName xmlns="http://www.tei-c.org/ns/1.0"><forename type="first">Partha</forename><forename type="middle">P</forename><surname>Talukdar</surname></persName>
		</author>
		<author>
			<persName xmlns="http://www.tei-c.org/ns/1.0"><forename type="first">Lyle</forename><forename type="middle">H</forename><surname>Ungar</surname></persName>
		</author>
	</analytic>
	<monogr>
		<title level="m">Advances in Neural Information Processing Systems 22, NIPS &apos;09</title>
		<imprint>
			<date type="published" when="2009" />
			<biblScope unit="page" from="1401" to="1408" />
		</imprint>
	</monogr>
</biblStruct>

<biblStruct >
	<analytic>
		<title level="a" type="main">Convex structure learning in log-linear models: Beyond pairwise potentials</title>
		<author>
			<persName xmlns="http://www.tei-c.org/ns/1.0"><forename type="first">W</forename><surname>Mark</surname></persName>
		</author>
		<author>
			<persName xmlns="http://www.tei-c.org/ns/1.0"><forename type="first">Kevin</forename><surname>Schmidt</surname></persName>
		</author>
		<author>
			<persName xmlns="http://www.tei-c.org/ns/1.0"><surname>Murphy</surname></persName>
		</author>
	</analytic>
	<monogr>
		<title level="m">Proceedings of the 13th International Conference on Artificial Intelligence and Statistics, AISTATS &apos;10</title>
		<meeting>the 13th International Conference on Artificial Intelligence and Statistics, AISTATS &apos;10</meeting>
		<imprint>
			<date type="published" when="2010" />
			<biblScope unit="page" from="709" to="716" />
		</imprint>
	</monogr>
	<note>JMLR Workshop and Conference Proceedings</note>
</biblStruct>

<biblStruct >
	<analytic>
		<title level="a" type="main">Fast optimization methods for L1 regularization: A comparative study and two new approaches</title>
		<author>
			<persName xmlns="http://www.tei-c.org/ns/1.0"><forename type="first">Mark</forename><forename type="middle">W</forename><surname>Schmidt</surname></persName>
		</author>
		<author>
			<persName xmlns="http://www.tei-c.org/ns/1.0"><forename type="first">Glenn</forename><surname>Fung</surname></persName>
		</author>
		<author>
			<persName xmlns="http://www.tei-c.org/ns/1.0"><forename type="first">Rómer</forename><surname>Rosales</surname></persName>
		</author>
	</analytic>
	<monogr>
		<title level="m">Proceedings of the 18th European Conference on Machine Learning, ECML &apos;07</title>
		<meeting>the 18th European Conference on Machine Learning, ECML &apos;07</meeting>
		<imprint>
			<date type="published" when="2007" />
			<biblScope unit="page" from="286" to="297" />
		</imprint>
	</monogr>
</biblStruct>

<biblStruct >
	<analytic>
		<title level="a" type="main">Get out the vote: Determining support or opposition from Congressional floor-debate transcripts</title>
		<author>
			<persName xmlns="http://www.tei-c.org/ns/1.0"><forename type="first">Matt</forename><surname>Thomas</surname></persName>
		</author>
		<author>
			<persName xmlns="http://www.tei-c.org/ns/1.0"><forename type="first">Bo</forename><surname>Pang</surname></persName>
		</author>
		<author>
			<persName xmlns="http://www.tei-c.org/ns/1.0"><forename type="first">Lillian</forename><surname>Lee</surname></persName>
		</author>
	</analytic>
	<monogr>
		<title level="m">Proceedings of the 2006 Conference on Empirical Methods in Natural Language Processing, EMNLP &apos;06</title>
		<meeting>the 2006 Conference on Empirical Methods in Natural Language Processing, EMNLP &apos;06</meeting>
		<imprint>
			<date type="published" when="2006" />
			<biblScope unit="page" from="327" to="335" />
		</imprint>
	</monogr>
</biblStruct>

<biblStruct >
	<analytic>
		<title level="a" type="main">Regression shrinkage and selection via the lasso</title>
		<author>
			<persName xmlns="http://www.tei-c.org/ns/1.0"><forename type="first">Robert</forename><surname>Tibshirani</surname></persName>
		</author>
	</analytic>
	<monogr>
		<title level="j">Journal of the Royal Statistical Society. Series B (Methodological)</title>
		<imprint>
			<biblScope unit="page" from="267" to="288" />
			<date type="published" when="1996" />
		</imprint>
	</monogr>
</biblStruct>

<biblStruct >
	<analytic>
		<title level="a" type="main">Principles of Risk Minimization for Learning Theory</title>
		<author>
			<persName xmlns="http://www.tei-c.org/ns/1.0"><forename type="first">Vladimir</forename><forename type="middle">Naumovich</forename><surname>Vapnik</surname></persName>
		</author>
	</analytic>
	<monogr>
		<title level="m">Advances in Neural Information Processing Systems 4, NIPS &apos;91</title>
		<imprint>
			<date type="published" when="1991" />
			<biblScope unit="page" from="831" to="838" />
		</imprint>
	</monogr>
</biblStruct>

<biblStruct >
	<analytic>
		<title level="a" type="main">Overlapping community detection in networks: The state-of-the-art and comparative study</title>
		<author>
			<persName xmlns="http://www.tei-c.org/ns/1.0"><forename type="first">Jierui</forename><surname>Xie</surname></persName>
		</author>
		<author>
			<persName xmlns="http://www.tei-c.org/ns/1.0"><forename type="first">Stephen</forename><surname>Kelley</surname></persName>
		</author>
		<author>
			<persName xmlns="http://www.tei-c.org/ns/1.0"><forename type="first">Boleslaw</forename><forename type="middle">K</forename><surname>Szymanski</surname></persName>
		</author>
	</analytic>
	<monogr>
		<title level="j">ACM Computing Surveys</title>
		<imprint>
			<biblScope unit="volume">45</biblScope>
			<biblScope unit="issue">4</biblScope>
			<biblScope unit="page">35</biblScope>
			<date type="published" when="2013" />
		</imprint>
	</monogr>
</biblStruct>

<biblStruct >
	<analytic>
		<title level="a" type="main">Linguistic structured sparsity in text categorization</title>
		<author>
			<persName xmlns="http://www.tei-c.org/ns/1.0"><surname>Dani</surname></persName>
		</author>
		<author>
			<persName xmlns="http://www.tei-c.org/ns/1.0"><forename type="first">Noah</forename><forename type="middle">A</forename><surname>Yogatama</surname></persName>
		</author>
		<author>
			<persName xmlns="http://www.tei-c.org/ns/1.0"><surname>Smith</surname></persName>
		</author>
	</analytic>
	<monogr>
		<title level="m">Proceedings of the 52nd Annual Meeting of the Association for Computational Linguistics, ACL &apos;14</title>
		<meeting>the 52nd Annual Meeting of the Association for Computational Linguistics, ACL &apos;14</meeting>
		<imprint>
			<date type="published" when="2014" />
			<biblScope unit="page" from="786" to="796" />
		</imprint>
	</monogr>
</biblStruct>

<biblStruct >
	<analytic>
		<title level="a" type="main">Making the most of bag of words: Sentence regularization with alternating direction method of multipliers</title>
		<author>
			<persName xmlns="http://www.tei-c.org/ns/1.0"><forename type="first">Dani</forename><surname>Yogatama</surname></persName>
		</author>
		<author>
			<persName xmlns="http://www.tei-c.org/ns/1.0"><forename type="first">Noah</forename><forename type="middle">A</forename><surname>Smith</surname></persName>
		</author>
	</analytic>
	<monogr>
		<title level="m">Proceedings of the 31st International Conference on Machine Learning</title>
		<meeting>the 31st International Conference on Machine Learning</meeting>
		<imprint>
			<date type="published" when="2014" />
			<biblScope unit="volume">32</biblScope>
			<biblScope unit="page" from="656" to="664" />
		</imprint>
	</monogr>
</biblStruct>

<biblStruct >
	<analytic>
		<title level="a" type="main">Model selection and estimation in regression with grouped variables</title>
		<author>
			<persName xmlns="http://www.tei-c.org/ns/1.0"><forename type="first">Ming</forename><surname>Yuan</surname></persName>
		</author>
		<author>
			<persName xmlns="http://www.tei-c.org/ns/1.0"><forename type="first">Yi</forename><surname>Lin</surname></persName>
		</author>
	</analytic>
	<monogr>
		<title level="j">Journal of the Royal Statistical Society. Series B (Statistical Methodology)</title>
		<imprint>
			<biblScope unit="volume">68</biblScope>
			<biblScope unit="issue">1</biblScope>
			<biblScope unit="page" from="49" to="67" />
			<date type="published" when="2006" />
		</imprint>
	</monogr>
</biblStruct>

<biblStruct >
	<analytic>
		<title level="a" type="main">Efficient methods for overlapping group lasso</title>
		<author>
			<persName xmlns="http://www.tei-c.org/ns/1.0"><forename type="first">Lei</forename><surname>Yuan</surname></persName>
		</author>
		<author>
			<persName xmlns="http://www.tei-c.org/ns/1.0"><forename type="first">Jun</forename><surname>Liu</surname></persName>
		</author>
		<author>
			<persName xmlns="http://www.tei-c.org/ns/1.0"><forename type="first">Jieping</forename><surname>Ye</surname></persName>
		</author>
	</analytic>
	<monogr>
		<title level="m">Advances in Neural Information Processing Systems 24, NIPS &apos;11</title>
		<imprint>
			<date type="published" when="2011" />
			<biblScope unit="page" from="352" to="360" />
		</imprint>
	</monogr>
</biblStruct>

<biblStruct >
	<analytic>
		<title level="a" type="main">Modeling annotators: A generative approach to learning from annotator rationales</title>
		<author>
			<persName xmlns="http://www.tei-c.org/ns/1.0"><forename type="first">Omar</forename><surname>Zaidan</surname></persName>
		</author>
		<author>
			<persName xmlns="http://www.tei-c.org/ns/1.0"><forename type="first">Jason</forename><surname>Eisner</surname></persName>
		</author>
	</analytic>
	<monogr>
		<title level="m">Proceedings of the 2008 Conference on Empirical Methods in Natural Language Processing, EMNLP &apos;08</title>
		<meeting>the 2008 Conference on Empirical Methods in Natural Language Processing, EMNLP &apos;08</meeting>
		<imprint>
			<date type="published" when="2008" />
			<biblScope unit="page" from="31" to="40" />
		</imprint>
	</monogr>
</biblStruct>

			</listBibl>
		</back>
	</text>
</TEI>
