<?xml version="1.0" ?>
<TEI xmlns="http://www.tei-c.org/ns/1.0" xmlns:xlink="http://www.w3.org/1999/xlink" 
 xmlns:mml="http://www.w3.org/1998/Math/MathML">
	<teiHeader>
		<fileDesc xml:id="f_1299"/>
	</teiHeader>
	<text>
		<front/>
		<body/>
		<back>
			<listBibl>
<biblStruct >
	<analytic>
		<title level="a" type="main">Automated essay scoring with e-rater R v. 2. The Journal of Technology</title>
		<author>
			<persName xmlns="http://www.tei-c.org/ns/1.0"><forename type="first">Yigal</forename><surname>Attali</surname></persName>
		</author>
		<author>
			<persName xmlns="http://www.tei-c.org/ns/1.0"><forename type="first">Jill</forename><surname>Burstein</surname></persName>
		</author>
	</analytic>
	<monogr>
		<title level="j">Learning and Assessment</title>
		<imprint>
			<biblScope unit="volume">4</biblScope>
			<biblScope unit="issue">3</biblScope>
			<date type="published" when="2006" />
		</imprint>
	</monogr>
</biblStruct>

<biblStruct >
	<analytic>
		<title level="a" type="main">Exploring prediction uncertainty in machine translation quality estimation</title>
		<author>
			<persName xmlns="http://www.tei-c.org/ns/1.0"><forename type="first">Daniel</forename><surname>Beck</surname></persName>
		</author>
		<author>
			<persName xmlns="http://www.tei-c.org/ns/1.0"><forename type="first">Lucia</forename><surname>Specia</surname></persName>
		</author>
		<author>
			<persName xmlns="http://www.tei-c.org/ns/1.0"><forename type="first">Trevor</forename><surname>Cohn</surname></persName>
		</author>
	</analytic>
	<monogr>
		<title level="m">Proceedings of The 20th SIGNLL Conference on Computational Natural Language Learning</title>
		<meeting>The 20th SIGNLL Conference on Computational Natural Language Learning<address><addrLine>Berlin, Germany</addrLine></address></meeting>
		<imprint>
			<publisher>Association for Computational Linguistics</publisher>
			<date type="published" when="2016-08" />
			<biblScope unit="page" from="208" to="218" />
		</imprint>
	</monogr>
</biblStruct>

<biblStruct >
	<monogr>
				<author>
			<persName xmlns="http://www.tei-c.org/ns/1.0"><forename type="first">Ondřej</forename><surname>Bojar</surname></persName>
		</author>
		<author>
			<persName xmlns="http://www.tei-c.org/ns/1.0"><forename type="first">Christian</forename><surname>Buck</surname></persName>
		</author>
		<author>
			<persName xmlns="http://www.tei-c.org/ns/1.0"><forename type="first">Chris</forename><surname>Callison-Burch</surname></persName>
		</author>
		<author>
			<persName xmlns="http://www.tei-c.org/ns/1.0"><forename type="first">Christian</forename><surname>Federmann</surname></persName>
		</author>
		<author>
			<persName xmlns="http://www.tei-c.org/ns/1.0"><forename type="first">Barry</forename><surname>Haddow</surname></persName>
		</author>
		<author>
			<persName xmlns="http://www.tei-c.org/ns/1.0"><forename type="first">Philipp</forename><surname>Koehn</surname></persName>
		</author>
		<author>
			<persName xmlns="http://www.tei-c.org/ns/1.0"><forename type="first">Christof</forename><surname>Monz</surname></persName>
		</author>
		<author>
			<persName xmlns="http://www.tei-c.org/ns/1.0"><forename type="first">Matt</forename><surname>Post</surname></persName>
		</author>
		<author>
			<persName xmlns="http://www.tei-c.org/ns/1.0"><forename type="first">Radu</forename><surname>Soricut</surname></persName>
		</author>
		<author>
			<persName xmlns="http://www.tei-c.org/ns/1.0"><forename type="first">Lucia</forename><surname>Specia</surname></persName>
		</author>
		<title level="m">Proceedings of the Eighth Workshop on Statistical Machine Translation</title>
		<meeting>the Eighth Workshop on Statistical Machine Translation<address><addrLine>Sofia, Bulgaria</addrLine></address></meeting>
		<imprint>
			<publisher>Association for Computational Linguistics</publisher>
			<date type="published" when="2013-08" />
			<biblScope unit="page" from="1" to="44" />
		</imprint>
	</monogr>
	<note>Findings of the 2013 Workshop on Statistical Machine Translation</note>
</biblStruct>

<biblStruct >
	<analytic>
		<title level="a" type="main">Findings of the 2014 Workshop on Statistical Machine Translation</title>
		<author>
			<persName xmlns="http://www.tei-c.org/ns/1.0"><forename type="first">Ondřej</forename><surname>Bojar</surname></persName>
		</author>
		<author>
			<persName xmlns="http://www.tei-c.org/ns/1.0"><forename type="first">Christian</forename><surname>Buck</surname></persName>
		</author>
		<author>
			<persName xmlns="http://www.tei-c.org/ns/1.0"><forename type="first">Christian</forename><surname>Federmann</surname></persName>
		</author>
		<author>
			<persName xmlns="http://www.tei-c.org/ns/1.0"><forename type="first">Barry</forename><surname>Haddow</surname></persName>
		</author>
		<author>
			<persName xmlns="http://www.tei-c.org/ns/1.0"><forename type="first">Philipp</forename><surname>Koehn</surname></persName>
		</author>
		<author>
			<persName xmlns="http://www.tei-c.org/ns/1.0"><forename type="first">Johannes</forename><surname>Leveling</surname></persName>
		</author>
		<author>
			<persName xmlns="http://www.tei-c.org/ns/1.0"><forename type="first">Christof</forename><surname>Monz</surname></persName>
		</author>
		<author>
			<persName xmlns="http://www.tei-c.org/ns/1.0"><forename type="first">Pavel</forename><surname>Pecina</surname></persName>
		</author>
		<author>
			<persName xmlns="http://www.tei-c.org/ns/1.0"><forename type="first">Matt</forename><surname>Post</surname></persName>
		</author>
		<author>
			<persName xmlns="http://www.tei-c.org/ns/1.0"><forename type="first">Herve</forename><surname>Saintamand</surname></persName>
		</author>
		<author>
			<persName xmlns="http://www.tei-c.org/ns/1.0"><forename type="first">Radu</forename><surname>Soricut</surname></persName>
		</author>
		<author>
			<persName xmlns="http://www.tei-c.org/ns/1.0"><forename type="first">Lucia</forename><surname>Specia</surname></persName>
		</author>
		<author>
			<persName xmlns="http://www.tei-c.org/ns/1.0"><forename type="first">Aleš</forename><surname>Tamchyna</surname></persName>
		</author>
	</analytic>
	<monogr>
		<title level="m">Proceedings of the Ninth Workshop on Statistical Machine Translation</title>
		<meeting>the Ninth Workshop on Statistical Machine Translation<address><addrLine>Baltimore, Maryland, USA</addrLine></address></meeting>
		<imprint>
			<date type="published" when="2014-06" />
			<biblScope unit="page" from="12" to="58" />
		</imprint>
	</monogr>
	<note>Association for Computational Linguistics</note>
</biblStruct>

<biblStruct >
	<monogr>
				<author>
			<persName xmlns="http://www.tei-c.org/ns/1.0"><forename type="first">Ondřej</forename><surname>Bojar</surname></persName>
		</author>
		<author>
			<persName xmlns="http://www.tei-c.org/ns/1.0"><forename type="first">Rajen</forename><surname>Chatterjee</surname></persName>
		</author>
		<author>
			<persName xmlns="http://www.tei-c.org/ns/1.0"><forename type="first">Christian</forename><surname>Federmann</surname></persName>
		</author>
		<author>
			<persName xmlns="http://www.tei-c.org/ns/1.0"><forename type="first">Barry</forename><surname>Haddow</surname></persName>
		</author>
		<author>
			<persName xmlns="http://www.tei-c.org/ns/1.0"><forename type="first">Matthias</forename><surname>Huck</surname></persName>
		</author>
		<author>
			<persName xmlns="http://www.tei-c.org/ns/1.0"><forename type="first">Chris</forename><surname>Hokamp</surname></persName>
		</author>
		<author>
			<persName xmlns="http://www.tei-c.org/ns/1.0"><forename type="first">Philipp</forename><surname>Koehn</surname></persName>
		</author>
		<author>
			<persName xmlns="http://www.tei-c.org/ns/1.0"><forename type="first">Varvara</forename><surname>Logacheva</surname></persName>
		</author>
		<author>
			<persName xmlns="http://www.tei-c.org/ns/1.0"><forename type="first">Christof</forename><surname>Monz</surname></persName>
		</author>
		<author>
			<persName xmlns="http://www.tei-c.org/ns/1.0"><forename type="first">Matteo</forename><surname>Negri</surname></persName>
		</author>
		<author>
			<persName xmlns="http://www.tei-c.org/ns/1.0"><forename type="first">Matt</forename><surname>Post</surname></persName>
		</author>
		<author>
			<persName xmlns="http://www.tei-c.org/ns/1.0"><forename type="first">Carolina</forename><surname>Scarton</surname></persName>
		</author>
		<author>
			<persName xmlns="http://www.tei-c.org/ns/1.0"><forename type="first">Lucia</forename><surname>Specia</surname></persName>
		</author>
		<author>
			<persName xmlns="http://www.tei-c.org/ns/1.0"><forename type="first">Marco</forename><surname>Turchi</surname></persName>
		</author>
		<title level="m">Proceedings of the Tenth Workshop on Statistical Machine Translation</title>
		<meeting>the Tenth Workshop on Statistical Machine Translation<address><addrLine>Lisbon, Portugal</addrLine></address></meeting>
		<imprint>
			<publisher>Association for Computational Linguistics</publisher>
			<date type="published" when="2015-09" />
			<biblScope unit="page" from="1" to="46" />
		</imprint>
	</monogr>
	<note>Findings of the 2015 Workshop on Statistical Machine Translation</note>
</biblStruct>

<biblStruct >
	<analytic>
		<title level="a" type="main">How far are we from fully automatic high quality grammatical error correction?</title>
		<author>
			<persName xmlns="http://www.tei-c.org/ns/1.0"><forename type="first">Christopher</forename><surname>Bryant</surname></persName>
		</author>
		<author>
			<persName xmlns="http://www.tei-c.org/ns/1.0"><forename type="first">Hwee Tou</forename><surname>Ng</surname></persName>
		</author>
	</analytic>
	<monogr>
		<title level="m">Proceedings of the 53rd Annual Meeting of the Association for Computational Linguistics and the 7th International Joint Conference on Natural Language Processing</title>
		<meeting>the 53rd Annual Meeting of the Association for Computational Linguistics and the 7th International Joint Conference on Natural Language Processing<address><addrLine>Beijing, China</addrLine></address></meeting>
		<imprint>
			<publisher>Association for Computational Linguistics</publisher>
			<date type="published" when="2015-07" />
			<biblScope unit="volume">1</biblScope>
			<biblScope unit="page" from="697" to="707" />
		</imprint>
	</monogr>
	<note>Long Papers)</note>
</biblStruct>

<biblStruct >
	<analytic>
		<title level="a" type="main">Findings of the 2012 Workshop on Statistical Machine Translation</title>
		<author>
			<persName xmlns="http://www.tei-c.org/ns/1.0"><forename type="first">Chris</forename><surname>Callison-Burch</surname></persName>
		</author>
		<author>
			<persName xmlns="http://www.tei-c.org/ns/1.0"><forename type="first">Philipp</forename><surname>Koehn</surname></persName>
		</author>
		<author>
			<persName xmlns="http://www.tei-c.org/ns/1.0"><forename type="first">Christof</forename><surname>Monz</surname></persName>
		</author>
		<author>
			<persName xmlns="http://www.tei-c.org/ns/1.0"><forename type="first">Matt</forename><surname>Post</surname></persName>
		</author>
		<author>
			<persName xmlns="http://www.tei-c.org/ns/1.0"><forename type="first">Radu</forename><surname>Soricut</surname></persName>
		</author>
		<author>
			<persName xmlns="http://www.tei-c.org/ns/1.0"><forename type="first">Lucia</forename><surname>Specia</surname></persName>
		</author>
	</analytic>
	<monogr>
		<title level="m">Proceedings of the Seventh Workshop on Statistical Machine Translation</title>
		<meeting>the Seventh Workshop on Statistical Machine Translation<address><addrLine>Montréal, Canada</addrLine></address></meeting>
		<imprint>
			<date type="published" when="2012-06" />
			<biblScope unit="page" from="10" to="51" />
		</imprint>
	</monogr>
	<note>Association for Computational Linguistics</note>
</biblStruct>

<biblStruct >
	<analytic>
		<title level="a" type="main">Better evaluation for grammatical error correction</title>
		<author>
			<persName xmlns="http://www.tei-c.org/ns/1.0"><forename type="first">Daniel</forename><surname>Dahlmeier</surname></persName>
		</author>
		<author>
			<persName xmlns="http://www.tei-c.org/ns/1.0"><forename type="first">Hwee Tou</forename><surname>Ng</surname></persName>
		</author>
	</analytic>
	<monogr>
		<title level="m">Proceedings of the 2012 Conference of the North American Chapter of the Association for Computational Linguistics: Human Language Technologies</title>
		<meeting>the 2012 Conference of the North American Chapter of the Association for Computational Linguistics: Human Language Technologies<address><addrLine>Montréal, Canada</addrLine></address></meeting>
		<imprint>
			<date type="published" when="2012-06" />
			<biblScope unit="page" from="568" to="572" />
		</imprint>
	</monogr>
	<note>Association for Computational Linguistics</note>
</biblStruct>

<biblStruct >
	<analytic>
		<title level="a" type="main">Helping our own: The HOO 2011 pilot shared task</title>
		<author>
			<persName xmlns="http://www.tei-c.org/ns/1.0"><forename type="first">Robert</forename><surname>Dale</surname></persName>
		</author>
		<author>
			<persName xmlns="http://www.tei-c.org/ns/1.0"><forename type="first">Adam</forename><surname>Kilgarriff</surname></persName>
		</author>
	</analytic>
	<monogr>
		<title level="m">Proceedings of the Generation Challenges Session at the 13th European Workshop on Natural Language Generation</title>
		<meeting>the Generation Challenges Session at the 13th European Workshop on Natural Language Generation<address><addrLine>Nancy, France</addrLine></address></meeting>
		<imprint>
			<date type="published" when="2011-09" />
			<biblScope unit="page" from="242" to="249" />
		</imprint>
	</monogr>
	<note>Association for Computational Linguistics</note>
</biblStruct>

<biblStruct >
	<analytic>
		<title level="a" type="main">HOO 2012: A report on the preposition and determiner error correction shared task</title>
		<author>
			<persName xmlns="http://www.tei-c.org/ns/1.0"><forename type="first">Robert</forename><surname>Dale</surname></persName>
		</author>
		<author>
			<persName xmlns="http://www.tei-c.org/ns/1.0"><forename type="first">Ilya</forename><surname>Anisimoff</surname></persName>
		</author>
		<author>
			<persName xmlns="http://www.tei-c.org/ns/1.0"><forename type="first">George</forename><surname>Narroway</surname></persName>
		</author>
	</analytic>
	<monogr>
		<title level="m">Proceedings of the Seventh Workshop on Building Educational Applications Using NLP</title>
		<meeting>the Seventh Workshop on Building Educational Applications Using NLP<address><addrLine>Montréal, Canada</addrLine></address></meeting>
		<imprint>
			<date type="published" when="2012-06" />
			<biblScope unit="page" from="54" to="62" />
		</imprint>
	</monogr>
	<note>Association for Computational Linguistics</note>
</biblStruct>

<biblStruct >
	<analytic>
		<title level="a" type="main">Towards a standard evaluation method for grammatical error detection and correction</title>
		<author>
			<persName xmlns="http://www.tei-c.org/ns/1.0"><forename type="first">Mariano</forename><surname>Felice</surname></persName>
		</author>
		<author>
			<persName xmlns="http://www.tei-c.org/ns/1.0"><forename type="first">Ted</forename><surname>Briscoe</surname></persName>
		</author>
	</analytic>
	<monogr>
		<title level="m">Proceedings of the 2015 Conference of the North American Chapter of the Association for Computational Linguistics</title>
		<meeting>the 2015 Conference of the North American Chapter of the Association for Computational Linguistics<address><addrLine>Denver, Colorado</addrLine></address></meeting>
		<imprint>
			<date type="published" when="2015-06" />
			<biblScope unit="page" from="578" to="587" />
		</imprint>
	</monogr>
	<note>Association for Computational Linguistics</note>
</biblStruct>

<biblStruct >
	<analytic>
		<title level="a" type="main">How does automatic machine translation evaluation correlate with human scoring as the number of reference translations increases?</title>
		<author>
			<persName xmlns="http://www.tei-c.org/ns/1.0"><forename type="first">Andrew</forename><forename type="middle">M</forename><surname>Finch</surname></persName>
		</author>
		<author>
			<persName xmlns="http://www.tei-c.org/ns/1.0"><forename type="first">Yasuhiro</forename><surname>Akiba</surname></persName>
		</author>
		<author>
			<persName xmlns="http://www.tei-c.org/ns/1.0"><forename type="first">Eiichiro</forename><surname>Sumita</surname></persName>
		</author>
	</analytic>
	<monogr>
		<title level="m">Proceedings of the Fourth International Conference on Language Resources and Evaluation</title>
		<meeting>the Fourth International Conference on Language Resources and Evaluation<address><addrLine>Lisbon, Portugal</addrLine></address></meeting>
		<imprint>
			<date type="published" when="2004-05-26" />
		</imprint>
	</monogr>
</biblStruct>

<biblStruct >
	<analytic>
		<title level="a" type="main">Achieving accurate conclusions in evaluation of automatic machine translation metrics</title>
		<author>
			<persName xmlns="http://www.tei-c.org/ns/1.0"><forename type="first">Yvette</forename><surname>Graham</surname></persName>
		</author>
		<author>
			<persName xmlns="http://www.tei-c.org/ns/1.0"><forename type="first">Qun</forename><surname>Liu</surname></persName>
		</author>
	</analytic>
	<monogr>
		<title level="m">Proceedings of the 2016 Conference of the North American Chapter of the Association for Computational Linguistics: Human Language Technologies</title>
		<meeting>the 2016 Conference of the North American Chapter of the Association for Computational Linguistics: Human Language Technologies<address><addrLine>San Diego, California</addrLine></address></meeting>
		<imprint>
			<date type="published" when="2016-06" />
			<biblScope unit="page" from="1" to="10" />
		</imprint>
	</monogr>
	<note>Association for Computational Linguistics</note>
</biblStruct>

<biblStruct >
	<analytic>
		<title level="a" type="main">Human evaluation of grammatical error correction systems</title>
		<author>
			<persName xmlns="http://www.tei-c.org/ns/1.0"><forename type="first">Roman</forename><surname>Grundkiewicz</surname></persName>
		</author>
		<author>
			<persName xmlns="http://www.tei-c.org/ns/1.0"><forename type="first">Marcin</forename><surname>Junczys-Dowmunt</surname></persName>
		</author>
		<author>
			<persName xmlns="http://www.tei-c.org/ns/1.0"><forename type="first">Edward</forename><surname>Gillian</surname></persName>
		</author>
	</analytic>
	<monogr>
		<title level="m">Proceedings of the 2015 Conference on Empirical Methods in Natural Language Processing</title>
		<meeting>the 2015 Conference on Empirical Methods in Natural Language Processing<address><addrLine>Lisbon</addrLine></address></meeting>
		<imprint>
			<date type="published" when="2015" />
			<biblScope unit="page" from="461" to="470" />
		</imprint>
	</monogr>
	<note>Portugal, September. Association for Computational Linguistics</note>
</biblStruct>

<biblStruct >
	<analytic>
		<title level="a" type="main">Predicting grammaticality on an ordinal scale</title>
		<author>
			<persName xmlns="http://www.tei-c.org/ns/1.0"><forename type="first">Michael</forename><surname>Heilman</surname></persName>
		</author>
		<author>
			<persName xmlns="http://www.tei-c.org/ns/1.0"><forename type="first">Aoife</forename><surname>Cahill</surname></persName>
		</author>
		<author>
			<persName xmlns="http://www.tei-c.org/ns/1.0"><forename type="first">Nitin</forename><surname>Madnani</surname></persName>
		</author>
		<author>
			<persName xmlns="http://www.tei-c.org/ns/1.0"><forename type="first">Melissa</forename><surname>Lopez</surname></persName>
		</author>
		<author>
			<persName xmlns="http://www.tei-c.org/ns/1.0"><forename type="first">Matthew</forename><surname>Mulholland</surname></persName>
		</author>
		<author>
			<persName xmlns="http://www.tei-c.org/ns/1.0"><forename type="first">Joel</forename><surname>Tetreault</surname></persName>
		</author>
	</analytic>
	<monogr>
		<title level="m">Proceedings of the 52nd Annual Meeting of the Association for Computational Linguistics</title>
		<meeting>the 52nd Annual Meeting of the Association for Computational Linguistics<address><addrLine>Baltimore, Maryland</addrLine></address></meeting>
		<imprint>
			<publisher>Association for Computational Linguistics</publisher>
			<date type="published" when="2014-06" />
			<biblScope unit="volume">2</biblScope>
			<biblScope unit="page" from="174" to="180" />
		</imprint>
	</monogr>
</biblStruct>

<biblStruct >
	<monogr>
		<title level="m" type="main">Developing an open-source, rule-based proofreading tool. Software: Practice and Experience</title>
		<author>
			<persName xmlns="http://www.tei-c.org/ns/1.0"><forename type="first">Marcin</forename><surname>Miłkowski</surname></persName>
		</author>
		<imprint>
			<date type="published" when="2010" />
			<biblScope unit="volume">40</biblScope>
			<biblScope unit="page" from="543" to="566" />
		</imprint>
	</monogr>
</biblStruct>

<biblStruct >
	<analytic>
		<title level="a" type="main">Ground truth for grammatical error correction metrics</title>
		<author>
			<persName xmlns="http://www.tei-c.org/ns/1.0"><forename type="first">Courtney</forename><surname>Napoles</surname></persName>
		</author>
		<author>
			<persName xmlns="http://www.tei-c.org/ns/1.0"><forename type="first">Keisuke</forename><surname>Sakaguchi</surname></persName>
		</author>
		<author>
			<persName xmlns="http://www.tei-c.org/ns/1.0"><forename type="first">Matt</forename><surname>Post</surname></persName>
		</author>
		<author>
			<persName xmlns="http://www.tei-c.org/ns/1.0"><forename type="first">Joel</forename><surname>Tetreault</surname></persName>
		</author>
	</analytic>
	<monogr>
		<title level="m">Proceedings of the 53rd</title>
		<meeting>the 53rd</meeting>
		<imprint>
			<date type="published" when="2015" />
		</imprint>
	</monogr>
</biblStruct>

<biblStruct >
	<monogr>
				<title level="m">Annual Meeting of the Association for Computational Linguistics and the 7th International Joint Conference on Natural Language Processing</title>
		<meeting><address><addrLine>Beijing, China</addrLine></address></meeting>
		<imprint>
			<publisher>Association for Computational Linguistics</publisher>
			<biblScope unit="volume">2</biblScope>
			<biblScope unit="page" from="588" to="593" />
		</imprint>
	</monogr>
	<note>Short Papers)</note>
</biblStruct>

<biblStruct >
	<analytic>
		<title level="a" type="main">The CoNLL2013 Shared Task on grammatical error correction</title>
		<author>
			<persName xmlns="http://www.tei-c.org/ns/1.0"><surname>Hwee Tou Ng</surname></persName>
		</author>
		<author>
			<persName xmlns="http://www.tei-c.org/ns/1.0"><forename type="first">Mei</forename><surname>Siew</surname></persName>
		</author>
		<author>
			<persName xmlns="http://www.tei-c.org/ns/1.0"><forename type="first">Yuanbin</forename><surname>Wu</surname></persName>
		</author>
		<author>
			<persName xmlns="http://www.tei-c.org/ns/1.0"><forename type="first">Christian</forename><surname>Wu</surname></persName>
		</author>
		<author>
			<persName xmlns="http://www.tei-c.org/ns/1.0"><forename type="first">Joel</forename><surname>Hadiwinoto</surname></persName>
		</author>
		<author>
			<persName xmlns="http://www.tei-c.org/ns/1.0"><surname>Tetreault</surname></persName>
		</author>
	</analytic>
	<monogr>
		<title level="m">Proceedings of the Seventeenth Conference on Computational Natural Language Learning: Shared Task</title>
		<meeting>the Seventeenth Conference on Computational Natural Language Learning: Shared Task<address><addrLine>Sofia, Bulgaria</addrLine></address></meeting>
		<imprint>
			<publisher>Association for Computational Linguistics</publisher>
			<date type="published" when="2013-08" />
			<biblScope unit="page" from="1" to="12" />
		</imprint>
	</monogr>
</biblStruct>

<biblStruct >
	<analytic>
		<title level="a" type="main">The CoNLL-2014 Shared Task on grammatical error correction</title>
		<author>
			<persName xmlns="http://www.tei-c.org/ns/1.0"><surname>Hwee Tou Ng</surname></persName>
		</author>
		<author>
			<persName xmlns="http://www.tei-c.org/ns/1.0"><forename type="first">Mei</forename><surname>Siew</surname></persName>
		</author>
		<author>
			<persName xmlns="http://www.tei-c.org/ns/1.0"><forename type="first">Ted</forename><surname>Wu</surname></persName>
		</author>
		<author>
			<persName xmlns="http://www.tei-c.org/ns/1.0"><forename type="first">Christian</forename><surname>Briscoe</surname></persName>
		</author>
		<author>
			<persName xmlns="http://www.tei-c.org/ns/1.0"><forename type="first">Raymond</forename><forename type="middle">Hendy</forename><surname>Hadiwinoto</surname></persName>
		</author>
		<author>
			<persName xmlns="http://www.tei-c.org/ns/1.0"><forename type="first">Christopher</forename><surname>Susanto</surname></persName>
		</author>
		<author>
			<persName xmlns="http://www.tei-c.org/ns/1.0"><surname>Bryant</surname></persName>
		</author>
	</analytic>
	<monogr>
		<title level="m">Proceedings of the Eighteenth Conference on Computational Natural Language Learning: Shared Task</title>
		<meeting>the Eighteenth Conference on Computational Natural Language Learning: Shared Task<address><addrLine>Baltimore, Maryland</addrLine></address></meeting>
		<imprint>
			<publisher>Association for Computational Linguistics</publisher>
			<date type="published" when="2014-06" />
			<biblScope unit="page" from="1" to="14" />
		</imprint>
	</monogr>
</biblStruct>

<biblStruct >
	<analytic>
		<title level="a" type="main">BLEU: a method for automatic evaluation of machine translation</title>
		<author>
			<persName xmlns="http://www.tei-c.org/ns/1.0"><forename type="first">Kishore</forename><surname>Papineni</surname></persName>
		</author>
		<author>
			<persName xmlns="http://www.tei-c.org/ns/1.0"><forename type="first">Salim</forename><surname>Roukos</surname></persName>
		</author>
		<author>
			<persName xmlns="http://www.tei-c.org/ns/1.0"><forename type="first">Todd</forename><surname>Ward</surname></persName>
		</author>
		<author>
			<persName xmlns="http://www.tei-c.org/ns/1.0"><forename type="first">Weijing</forename><surname>Zhu</surname></persName>
		</author>
	</analytic>
	<monogr>
		<title level="m">Proceedings of</title>
		<meeting>null</meeting>
		<imprint>
			<date type="published" when="2002" />
			<biblScope unit="page">40</biblScope>
		</imprint>
	</monogr>
</biblStruct>

<biblStruct >
	<analytic>
			</analytic>
	<monogr>
		<title level="m">Annual Meeting of the Association for Computational Linguistics</title>
		<meeting><address><addrLine>Philadelphia, Pennsylvania, USA</addrLine></address></meeting>
		<imprint>
			<biblScope unit="page" from="311" to="318" />
		</imprint>
	</monogr>
</biblStruct>

<biblStruct >
	<analytic>
		<title level="a" type="main">Nitin Madnani, and Martin Chodorow</title>
		<author>
			<persName xmlns="http://www.tei-c.org/ns/1.0"><forename type="first">Kristen</forename><surname>Parton</surname></persName>
		</author>
		<author>
			<persName xmlns="http://www.tei-c.org/ns/1.0"><forename type="first">Joel</forename><surname>Tetreault</surname></persName>
		</author>
	</analytic>
	<monogr>
		<title level="m">Proceedings of the Sixth Workshop on Statistical Machine Translation</title>
		<meeting>the Sixth Workshop on Statistical Machine Translation</meeting>
		<imprint>
			<publisher>Association for Computational Linguistics</publisher>
			<date type="published" when="2011" />
			<biblScope unit="page" from="108" to="115" />
		</imprint>
	</monogr>
	<note>E-rating machine translation</note>
</biblStruct>

<biblStruct >
	<analytic>
		<title level="a" type="main">Annotating ESL errors: Challenges and rewards</title>
		<author>
			<persName xmlns="http://www.tei-c.org/ns/1.0"><forename type="first">Alla</forename><surname>Rozovskaya</surname></persName>
		</author>
		<author>
			<persName xmlns="http://www.tei-c.org/ns/1.0"><forename type="first">Dan</forename><surname>Roth</surname></persName>
		</author>
	</analytic>
	<monogr>
		<title level="m">Proceedings of the NAACL HLT 2010 Fifth Workshop on Innovative Use of NLP for Building Educational Applications</title>
		<meeting>the NAACL HLT 2010 Fifth Workshop on Innovative Use of NLP for Building Educational Applications<address><addrLine>Los Angeles, California</addrLine></address></meeting>
		<imprint>
			<publisher>Association for Computational Linguistics</publisher>
			<date type="published" when="2010-06" />
			<biblScope unit="page" from="28" to="36" />
		</imprint>
	</monogr>
</biblStruct>

<biblStruct >
	<analytic>
		<title level="a" type="main">Reassessing the goals of grammatical error correction: Fluency instead of grammaticality</title>
		<author>
			<persName xmlns="http://www.tei-c.org/ns/1.0"><forename type="first">Keisuke</forename><surname>Sakaguchi</surname></persName>
		</author>
		<author>
			<persName xmlns="http://www.tei-c.org/ns/1.0"><forename type="first">Courtney</forename><surname>Napoles</surname></persName>
		</author>
		<author>
			<persName xmlns="http://www.tei-c.org/ns/1.0"><forename type="first">Matt</forename><surname>Post</surname></persName>
		</author>
		<author>
			<persName xmlns="http://www.tei-c.org/ns/1.0"><forename type="first">Joel</forename><surname>Tetreault</surname></persName>
		</author>
	</analytic>
	<monogr>
		<title level="j">Transactions of the Association for Computational Linguistics</title>
		<imprint>
			<biblScope unit="volume">4</biblScope>
			<biblScope unit="page" from="169" to="182" />
			<date type="published" when="2016" />
		</imprint>
	</monogr>
</biblStruct>

<biblStruct >
	<monogr>
		<title level="m" type="main">Machine translation evaluation versus quality estimation. Machine translation</title>
		<author>
			<persName xmlns="http://www.tei-c.org/ns/1.0"><forename type="first">Lucia</forename><surname>Specia</surname></persName>
		</author>
		<author>
			<persName xmlns="http://www.tei-c.org/ns/1.0"><forename type="first">Dhwaj</forename><surname>Raj</surname></persName>
		</author>
		<author>
			<persName xmlns="http://www.tei-c.org/ns/1.0"><forename type="first">Marco</forename><surname>Turchi</surname></persName>
		</author>
		<imprint>
			<date type="published" when="2010" />
			<biblScope unit="volume">24</biblScope>
			<biblScope unit="page" from="39" to="50" />
		</imprint>
	</monogr>
</biblStruct>

<biblStruct >
	<analytic>
		<title level="a" type="main">QuEst-a translation quality estimation framework</title>
		<author>
			<persName xmlns="http://www.tei-c.org/ns/1.0"><forename type="first">Lucia</forename><surname>Specia</surname></persName>
		</author>
		<author>
			<persName xmlns="http://www.tei-c.org/ns/1.0"><forename type="first">Kashif</forename><surname>Shah</surname></persName>
		</author>
		<author>
			<persName xmlns="http://www.tei-c.org/ns/1.0"><forename type="first">Jose</forename><forename type="middle">G C</forename><surname>De Souza</surname></persName>
		</author>
		<author>
			<persName xmlns="http://www.tei-c.org/ns/1.0"><forename type="first">Trevor</forename><surname>Cohn</surname></persName>
		</author>
	</analytic>
	<monogr>
		<title level="m">Proceedings of the 51st Annual Meeting of the Association for Computational Linguistics: System Demonstrations</title>
		<meeting>the 51st Annual Meeting of the Association for Computational Linguistics: System Demonstrations<address><addrLine>Sofia, Bulgaria</addrLine></address></meeting>
		<imprint>
			<date type="published" when="2013-08" />
			<biblScope unit="page" from="79" to="84" />
		</imprint>
	</monogr>
	<note>Association for Computational Linguistics</note>
</biblStruct>

<biblStruct >
	<analytic>
		<title level="a" type="main">System combination for grammatical error correction</title>
		<author>
			<persName xmlns="http://www.tei-c.org/ns/1.0"><forename type="first">Raymond Hendy</forename><surname>Susanto</surname></persName>
		</author>
		<author>
			<persName xmlns="http://www.tei-c.org/ns/1.0"><forename type="first">Peter</forename><surname>Phandi</surname></persName>
		</author>
		<author>
			<persName xmlns="http://www.tei-c.org/ns/1.0"><forename type="first">Hwee Tou</forename><surname>Ng</surname></persName>
		</author>
	</analytic>
	<monogr>
		<title level="m">Proceedings of the 2014 Conference on Empirical Methods in Natural Language Processing (EMNLP)</title>
		<meeting>the 2014 Conference on Empirical Methods in Natural Language Processing (EMNLP)<address><addrLine>Doha, Qatar</addrLine></address></meeting>
		<imprint>
			<publisher>Association for Computational Linguistics</publisher>
			<date type="published" when="2014-10" />
			<biblScope unit="page" from="951" to="962" />
		</imprint>
	</monogr>
</biblStruct>

<biblStruct >
	<analytic>
		<title level="a" type="main">Native judgments of non-native usage: Experiments in preposition error detection</title>
		<author>
			<persName xmlns="http://www.tei-c.org/ns/1.0"><forename type="first">Joel</forename><surname>Tetreault</surname></persName>
		</author>
		<author>
			<persName xmlns="http://www.tei-c.org/ns/1.0"><forename type="first">Martin</forename><surname>Chodorow</surname></persName>
		</author>
	</analytic>
	<monogr>
		<title level="m">Coling 2008: Proceedings of the workshop on Human Judgements in Computational Linguistics</title>
		<meeting><address><addrLine>Manchester, UK</addrLine></address></meeting>
		<imprint>
			<date type="published" when="2008-08" />
			<biblScope unit="page" from="24" to="32" />
		</imprint>
	</monogr>
</biblStruct>

			</listBibl>
		</back>
	</text>
</TEI>
