<?xml version="1.0" ?>
<TEI xmlns="http://www.tei-c.org/ns/1.0" xmlns:xlink="http://www.w3.org/1999/xlink" 
 xmlns:mml="http://www.w3.org/1998/Math/MathML">
	<teiHeader>
		<fileDesc xml:id="f_627"/>
	</teiHeader>
	<text>
		<front/>
		<body/>
		<back>
			<listBibl>
<biblStruct >
	<monogr>
		<title/>
		<author>
			<persName xmlns="http://www.tei-c.org/ns/1.0"><surname>Oretical (greenberg ; Heiden</surname></persName>
		</author>
		<imprint>
			<date type="published" when="1960" />
			<publisher>Whaley</publisher>
		</imprint>
	</monogr>
	<note>Croft, 2002) and computational</note>
</biblStruct>

<biblStruct >
	<monogr>
		<title level="m" type="main">) linguistics. Typology is concerned with all areas of linguistics: morphology (Song, 2014), syntax (Comrie</title>
		<author>
			<persName xmlns="http://www.tei-c.org/ns/1.0"><surname>Santaholma</surname></persName>
		</author>
		<imprint>
			<date type="published" when="1989" />
			<publisher>Croft and Poole</publisher>
		</imprint>
	</monogr>
</biblStruct>

<biblStruct >
	<monogr>
				<author>
			<persName xmlns="http://www.tei-c.org/ns/1.0"><surname>Song ; Hartmann</surname></persName>
		</author>
		<title level="m">Cysouw, 2014), semantics</title>
		<imprint>
			<date type="published" when="2007" />
		</imprint>
	</monogr>
	<note>semantic roles</note>
</biblStruct>

<biblStruct >
	<analytic>
		<title level="a" type="main">Typological information is important for many NLP tasks including discourse analysis (Myhill and Myhill, 1992), information retrieval (Pirkola</title>
		<author>
			<persName xmlns="http://www.tei-c.org/ns/1.0"><forename type="first">;</forename><surname>Dahl</surname></persName>
		</author>
		<author>
			<persName xmlns="http://www.tei-c.org/ns/1.0"><forename type="first">Cysouw ;</forename><surname>Wälchli</surname></persName>
		</author>
		<author>
			<persName xmlns="http://www.tei-c.org/ns/1.0"><surname>Mcdonald</surname></persName>
		</author>
	</analytic>
	<monogr>
		<title level="m">POS tagging (Bohnet and Nivre, 2012), parsing</title>
		<imprint>
			<date type="published" when="2000" />
		</imprint>
	</monogr>
	<note>machine translation (Hajič et al.</note>
</biblStruct>

<biblStruct >
	<monogr>
		<title level="m" type="main">Tense is a central phenomenon in linguistics and the languages of the world differ greatly in whether and how they express tense (Traugott</title>
		<author>
			<persName xmlns="http://www.tei-c.org/ns/1.0"><surname>Kunchukuttan</surname></persName>
		</author>
		<author>
			<persName xmlns="http://www.tei-c.org/ns/1.0"><forename type="first">; )</forename><surname>Bhattacharyya</surname></persName>
		</author>
		<author>
			<persName xmlns="http://www.tei-c.org/ns/1.0"><surname>Bohnet</surname></persName>
		</author>
		<imprint>
			<date type="published" when="1978" />
			<publisher>Dahl</publisher>
		</imprint>
	</monogr>
</biblStruct>

<biblStruct >
	<monogr>
		<title/>
		<author>
			<persName xmlns="http://www.tei-c.org/ns/1.0"><surname>Santos</surname></persName>
		</author>
		<imprint>
			<date type="published" when="2004" />
		</imprint>
	</monogr>
</biblStruct>

<biblStruct >
	<analytic>
		<title level="a" type="main">Even resources with the widest coverage like World Atlas of Linguistic Structures (WALS) (Dryer et al., 2005) have little information for hundreds of languages. Many researchers have taken advantage of parallel information for extracting linguistic knowledge in low-resource settings</title>
		<author>
			<persName xmlns="http://www.tei-c.org/ns/1.0"><surname>Dahl ; Resnik</surname></persName>
		</author>
	</analytic>
	<monogr>
		<title level="j">Resnik</title>
		<imprint>
			<date type="published" when="1997" />
			<publisher>Mayer and Cysouw</publisher>
		</imprint>
	</monogr>
	<note>Low resource</note>
</biblStruct>

<biblStruct >
	<monogr>
				<author>
			<persName xmlns="http://www.tei-c.org/ns/1.0"><forename type="first">Judith</forename><forename type="middle">L</forename><surname>References</surname></persName>
		</author>
		<author>
			<persName xmlns="http://www.tei-c.org/ns/1.0"><surname>Aissen</surname></persName>
		</author>
		<title level="m">Tzotzil Clause Structure</title>
		<imprint>
			<publisher>Springer</publisher>
			<date type="published" when="1987" />
		</imprint>
	</monogr>
</biblStruct>

<biblStruct >
	<monogr>
		<title level="m" type="main">Papiamentu tense-aspect, with special attention to discourse. Pidgin and creole tense-mood-aspect systems</title>
		<author>
			<persName xmlns="http://www.tei-c.org/ns/1.0"><surname>Roger W Andersen</surname></persName>
		</author>
		<imprint>
			<date type="published" when="1990" />
			<biblScope unit="page" from="59" to="96" />
		</imprint>
	</monogr>
</biblStruct>

<biblStruct >
	<analytic>
		<title level="a" type="main">Comparing fifty natural languages and twelve genetic languages using word embedding language divergence (WELD) as a quantitative measure of language distance</title>
		<author>
			<persName xmlns="http://www.tei-c.org/ns/1.0"><forename type="first">Ehsaneddin</forename><surname>Asgari</surname></persName>
		</author>
		<author>
			<persName xmlns="http://www.tei-c.org/ns/1.0"><forename type="first">R</forename><forename type="middle">K</forename><surname>Mohammad</surname></persName>
		</author>
		<author>
			<persName xmlns="http://www.tei-c.org/ns/1.0"><surname>Mofrad</surname></persName>
		</author>
	</analytic>
	<monogr>
		<title level="m">Proceedings of the NAACLHLT Workshop on Multilingual and Cross-lingual Methods in NLP</title>
		<meeting>the NAACLHLT Workshop on Multilingual and Cross-lingual Methods in NLP</meeting>
		<imprint>
			<date type="published" when="2016" />
			<biblScope unit="page" from="65" to="74" />
		</imprint>
	</monogr>
</biblStruct>

<biblStruct >
	<analytic>
		<title level="a" type="main">Paraphrasing with bilingual parallel corpora</title>
		<author>
			<persName xmlns="http://www.tei-c.org/ns/1.0"><forename type="first">Colin</forename><surname>Bannard</surname></persName>
		</author>
		<author>
			<persName xmlns="http://www.tei-c.org/ns/1.0"><forename type="first">Chris</forename><surname>Callison-Burch</surname></persName>
		</author>
	</analytic>
	<monogr>
		<title level="m">Proceedings of the 43rd Annual Meeting on Association for Computational Linguistics</title>
		<meeting>the 43rd Annual Meeting on Association for Computational Linguistics</meeting>
		<imprint>
			<date type="published" when="2005" />
			<biblScope unit="page" from="597" to="604" />
		</imprint>
	</monogr>
	<note>Association for Computational Linguistics</note>
</biblStruct>

<biblStruct >
	<analytic>
		<title level="a" type="main">Linguistically na¨ıvena¨ıve!= language independent: why nlp needs linguistic typology</title>
		<author>
			<persName xmlns="http://www.tei-c.org/ns/1.0"><forename type="first">M</forename><surname>Emily</surname></persName>
		</author>
		<author>
			<persName xmlns="http://www.tei-c.org/ns/1.0"><surname>Bender</surname></persName>
		</author>
	</analytic>
	<monogr>
		<title level="m">Proceedings of the EACL 2009 Workshop on the Interaction between Linguistics and Computational Linguistics: Virtuous, Vicious or Vacuous?</title>
		<meeting>the EACL 2009 Workshop on the Interaction between Linguistics and Computational Linguistics: Virtuous, Vicious or Vacuous?</meeting>
		<imprint>
			<date type="published" when="2009" />
			<biblScope unit="page" from="26" to="32" />
		</imprint>
	</monogr>
	<note>Association for Computational Linguistics</note>
</biblStruct>

<biblStruct >
	<analytic>
		<title level="a" type="main">On achieving and evaluating language-independence in nlp</title>
		<author>
			<persName xmlns="http://www.tei-c.org/ns/1.0"><forename type="first">M</forename><surname>Emily</surname></persName>
		</author>
		<author>
			<persName xmlns="http://www.tei-c.org/ns/1.0"><surname>Bender</surname></persName>
		</author>
	</analytic>
	<monogr>
		<title level="j">Linguistic Issues in Language Technology</title>
		<imprint>
			<biblScope unit="volume">6</biblScope>
			<biblScope unit="issue">3</biblScope>
			<biblScope unit="page" from="1" to="26" />
			<date type="published" when="2011" />
		</imprint>
	</monogr>
</biblStruct>

<biblStruct >
	<analytic>
		<title level="a" type="main">Nltk: the natural language toolkit</title>
		<author>
			<persName xmlns="http://www.tei-c.org/ns/1.0"><forename type="first">Steven</forename><surname>Bird</surname></persName>
		</author>
	</analytic>
	<monogr>
		<title level="m">Proceedings of the COLING/ACL on Interactive presentation sessions</title>
		<meeting>the COLING/ACL on Interactive presentation sessions</meeting>
		<imprint>
			<publisher>Association for Computational Linguistics</publisher>
			<date type="published" when="2006" />
			<biblScope unit="page" from="69" to="72" />
		</imprint>
	</monogr>
</biblStruct>

<biblStruct >
	<analytic>
		<title level="a" type="main">A transitionbased system for joint part-of-speech tagging and labeled non-projective dependency parsing</title>
		<author>
			<persName xmlns="http://www.tei-c.org/ns/1.0"><forename type="first">Bernd</forename><surname>Bohnet</surname></persName>
		</author>
		<author>
			<persName xmlns="http://www.tei-c.org/ns/1.0"><forename type="first">Joakim</forename><surname>Nivre</surname></persName>
		</author>
	</analytic>
	<monogr>
		<title level="m">Proceedings of the 2012 Joint Conference on Empirical Methods in Natural Language Processing and Computational Natural Language Learning</title>
		<meeting>the 2012 Joint Conference on Empirical Methods in Natural Language Processing and Computational Natural Language Learning</meeting>
		<imprint>
			<date type="published" when="2012" />
			<biblScope unit="page" from="1455" to="1465" />
		</imprint>
	</monogr>
	<note>Association for Computational Linguistics</note>
</biblStruct>

<biblStruct >
	<analytic>
		<title level="a" type="main">Joint morphological and syntactic analysis for richly inflected languages</title>
		<author>
			<persName xmlns="http://www.tei-c.org/ns/1.0"><forename type="first">Bernd</forename><surname>Bohnet</surname></persName>
		</author>
		<author>
			<persName xmlns="http://www.tei-c.org/ns/1.0"><forename type="first">Joakim</forename><surname>Nivre</surname></persName>
		</author>
		<author>
			<persName xmlns="http://www.tei-c.org/ns/1.0"><forename type="first">Igor</forename><surname>Boguslavsky</surname></persName>
		</author>
		<author>
			<persName xmlns="http://www.tei-c.org/ns/1.0"><forename type="first">Richárd</forename><surname>Farkas</surname></persName>
		</author>
		<author>
			<persName xmlns="http://www.tei-c.org/ns/1.0"><forename type="first">Filip</forename><surname>Ginter</surname></persName>
		</author>
	</analytic>
	<monogr>
		<title level="j">Transactions of the Association for Computational Linguistics</title>
		<imprint>
			<biblScope unit="volume">1</biblScope>
			<biblScope unit="page" from="415" to="428" />
			<date type="published" when="2013" />
		</imprint>
	</monogr>
</biblStruct>

<biblStruct >
	<analytic>
		<title level="a" type="main">The mathematics of statistical machine translation: Parameter estimation</title>
		<author>
			<persName xmlns="http://www.tei-c.org/ns/1.0"><forename type="first">Vincent J Della</forename><surname>Peter F Brown</surname></persName>
		</author>
		<author>
			<persName xmlns="http://www.tei-c.org/ns/1.0"><forename type="first">Stephen A Della</forename><surname>Pietra</surname></persName>
		</author>
		<author>
			<persName xmlns="http://www.tei-c.org/ns/1.0"><forename type="first">Robert L</forename><surname>Pietra</surname></persName>
		</author>
		<author>
			<persName xmlns="http://www.tei-c.org/ns/1.0"><surname>Mercer</surname></persName>
		</author>
	</analytic>
	<monogr>
		<title level="j">Computational linguistics</title>
		<imprint>
			<biblScope unit="volume">19</biblScope>
			<biblScope unit="issue">2</biblScope>
			<biblScope unit="page" from="263" to="311" />
			<date type="published" when="1993" />
		</imprint>
	</monogr>
</biblStruct>

<biblStruct >
	<monogr>
		<title level="m" type="main">The creation of tense and aspect systems in the languages of the world</title>
		<author>
			<persName xmlns="http://www.tei-c.org/ns/1.0"><forename type="first">Joan</forename></persName>
		</author>
		<imprint>
			<date type="published" when="1989" />
			<publisher>John Benjamins Amsterdam</publisher>
		</imprint>
	</monogr>
</biblStruct>

<biblStruct >
	<monogr>
		<title/>
		<author>
			<persName xmlns="http://www.tei-c.org/ns/1.0"><forename type="first">George</forename><surname>Casella</surname></persName>
		</author>
		<author>
			<persName xmlns="http://www.tei-c.org/ns/1.0"><forename type="first">Roger</forename><forename type="middle">L</forename><surname>Berger</surname></persName>
		</author>
		<imprint>
			<date type="published" when="2008" />
			<publisher>Statistical Inference. Thomson</publisher>
		</imprint>
	</monogr>
</biblStruct>

<biblStruct >
	<monogr>
		<title level="m" type="main">A massively parallel corpus: the bible in 100 languages. Language resources and evaluation</title>
		<author>
			<persName xmlns="http://www.tei-c.org/ns/1.0"><forename type="first">Christos</forename><surname>Christodouloupoulos</surname></persName>
		</author>
		<author>
			<persName xmlns="http://www.tei-c.org/ns/1.0"><forename type="first">Mark</forename><surname>Steedman</surname></persName>
		</author>
		<imprint>
			<date type="published" when="2015" />
			<biblScope unit="volume">49</biblScope>
			<biblScope unit="page" from="375" to="395" />
		</imprint>
	</monogr>
</biblStruct>

<biblStruct >
	<monogr>
		<title level="m" type="main">A character-level decoder without explicit segmentation for neural machine translation</title>
		<author>
			<persName xmlns="http://www.tei-c.org/ns/1.0"><forename type="first">Junyoung</forename><surname>Chung</surname></persName>
		</author>
		<author>
			<persName xmlns="http://www.tei-c.org/ns/1.0"><forename type="first">Kyunghyun</forename><surname>Cho</surname></persName>
		</author>
		<author>
			<persName xmlns="http://www.tei-c.org/ns/1.0"><forename type="first">Yoshua</forename><surname>Bengio</surname></persName>
		</author>
		<idno type="arXiv">arXiv:1603.06147</idno>
		<imprint>
			<date type="published" when="2016" />
		</imprint>
	</monogr>
<note type="report_type">arXiv preprint</note>
</biblStruct>

<biblStruct >
	<monogr>
		<title level="m" type="main">Language universals and linguistic typology: Syntax and morphology</title>
		<author>
			<persName xmlns="http://www.tei-c.org/ns/1.0"><forename type="first">Bernard</forename><surname>Comrie</surname></persName>
		</author>
		<imprint>
			<date type="published" when="1989" />
			<publisher>University of Chicago press</publisher>
		</imprint>
	</monogr>
</biblStruct>

<biblStruct >
	<monogr>
		<title level="m" type="main">Radical construction grammar: Syntactic theory in typological perspective</title>
		<author>
			<persName xmlns="http://www.tei-c.org/ns/1.0"><forename type="first">William</forename><surname>Croft</surname></persName>
		</author>
		<imprint>
			<date type="published" when="2001" />
			<publisher>Oxford University Press on Demand</publisher>
		</imprint>
	</monogr>
</biblStruct>

<biblStruct >
	<monogr>
		<title level="m" type="main">Typology and universals</title>
		<author>
			<persName xmlns="http://www.tei-c.org/ns/1.0"><forename type="first">William</forename><surname>Croft</surname></persName>
		</author>
		<imprint>
			<date type="published" when="2002" />
			<publisher>Cambridge University Press</publisher>
		</imprint>
	</monogr>
</biblStruct>

<biblStruct >
	<analytic>
		<title level="a" type="main">Inferring universals from grammatical variation: Multidimensional scaling for typological analysis</title>
		<author>
			<persName xmlns="http://www.tei-c.org/ns/1.0"><forename type="first">William</forename><surname>Croft</surname></persName>
		</author>
		<author>
			<persName xmlns="http://www.tei-c.org/ns/1.0"><surname>Keith T Poole</surname></persName>
		</author>
	</analytic>
	<monogr>
		<title level="m">Theoretical linguistics</title>
		<imprint>
			<date type="published" when="2008" />
			<biblScope unit="volume">34</biblScope>
			<biblScope unit="page" from="1" to="37" />
		</imprint>
	</monogr>
</biblStruct>

<biblStruct >
	<monogr>
		<title level="m" type="main">Inducing semantic roles. Perspectives on semantic roles</title>
		<author>
			<persName xmlns="http://www.tei-c.org/ns/1.0"><forename type="first">Michael</forename><surname>Cysouw</surname></persName>
		</author>
		<imprint>
			<date type="published" when="2014" />
			<biblScope unit="page" from="23" to="68" />
		</imprint>
	</monogr>
</biblStruct>

<biblStruct >
	<monogr>
		<title level="m" type="main">Parallel texts: using translational equivalents in linguistic typology</title>
		<author>
			<persName xmlns="http://www.tei-c.org/ns/1.0"><forename type="first">Michael</forename><surname>Cysouw</surname></persName>
		</author>
		<author>
			<persName xmlns="http://www.tei-c.org/ns/1.0"><forename type="first">Bernhard</forename><surname>Wälchli</surname></persName>
		</author>
		<imprint>
			<date type="published" when="2007" />
			<biblScope unit="volume">60</biblScope>
			<biblScope unit="page" from="95" to="99" />
		</imprint>
		<respStmt>
			<orgName>STUF-Sprachtypologie und Universalienforschung</orgName>
		</respStmt>
	</monogr>
</biblStruct>

<biblStruct >
	<analytic>
		<title level="a" type="main">Tense and aspect systems</title>
		<author>
			<persName xmlns="http://www.tei-c.org/ns/1.0"><forename type="first">¨ Osten</forename><surname>Dahl</surname></persName>
		</author>
	</analytic>
	<monogr>
		<title level="j">Basil Blackwell</title>
		<imprint>
			<date type="published" when="1985" />
		</imprint>
	</monogr>
</biblStruct>

<biblStruct >
	<monogr>
		<title level="m" type="main">Tense and Aspect in the Languages of Europe</title>
		<author>
			<persName xmlns="http://www.tei-c.org/ns/1.0"><forename type="first">¨ Osten</forename><surname>Dahl</surname></persName>
		</author>
		<imprint>
			<date type="published" when="2000" />
			<publisher>Walter de Gruyter</publisher>
		</imprint>
	</monogr>
</biblStruct>

<biblStruct >
	<monogr>
		<title level="m" type="main">From questionnaires to parallel corpora in typology</title>
		<author>
			<persName xmlns="http://www.tei-c.org/ns/1.0"><forename type="first">¨ Osten</forename><surname>Dahl</surname></persName>
		</author>
		<imprint>
			<date type="published" when="2007" />
			<biblScope unit="volume">60</biblScope>
			<biblScope unit="page" from="172" to="181" />
		</imprint>
	</monogr>
<note type="report_type">STUF-Sprachtypologie und Universalienforschung</note>
</biblStruct>

<biblStruct >
	<analytic>
		<title level="a" type="main">Aggregating Dialectology, Typology, and Register Contents Analysis. Linguistic Variation in Text and Speech</title>
		<author>
			<persName xmlns="http://www.tei-c.org/ns/1.0"><forename type="first">¨ Osten</forename><surname>Dahl</surname></persName>
		</author>
	</analytic>
	<monogr>
		<title level="j">Linguae &amp; litterae</title>
		<imprint>
			<biblScope unit="volume">28</biblScope>
			<biblScope unit="page" from="268" to="289" />
			<date type="published" when="2014" />
		</imprint>
	</monogr>
	<note>The perfect map: Investigating the cross-linguistic distribution of tame categories in a parallel corpus</note>
</biblStruct>

<biblStruct >
	<monogr>
		<title level="m" type="main">The world atlas of language structures</title>
		<author>
			<persName xmlns="http://www.tei-c.org/ns/1.0"><forename type="first">S</forename><surname>Matthew</surname></persName>
		</author>
		<author>
			<persName xmlns="http://www.tei-c.org/ns/1.0"><forename type="first">David</forename><surname>Dryer</surname></persName>
		</author>
		<author>
			<persName xmlns="http://www.tei-c.org/ns/1.0"><forename type="first">Bernard</forename><surname>Gil</surname></persName>
		</author>
		<author>
			<persName xmlns="http://www.tei-c.org/ns/1.0"><forename type="first">Hagen</forename><surname>Comrie</surname></persName>
		</author>
		<author>
			<persName xmlns="http://www.tei-c.org/ns/1.0"><forename type="first">Claudia</forename><surname>Jung</surname></persName>
		</author>
		<author>
			<persName xmlns="http://www.tei-c.org/ns/1.0"><surname>Schmidt</surname></persName>
		</author>
		<imprint>
			<date type="published" when="2005" />
			<publisher>Oxford University Press</publisher>
		</imprint>
	</monogr>
</biblStruct>

<biblStruct >
	<analytic>
		<title level="a" type="main">A simple, fast, and effective reparameterization of IBM model 2</title>
		<author>
			<persName xmlns="http://www.tei-c.org/ns/1.0"><forename type="first">Chris</forename><surname>Dyer</surname></persName>
		</author>
		<author>
			<persName xmlns="http://www.tei-c.org/ns/1.0"><forename type="first">Victor</forename><surname>Chahuneau</surname></persName>
		</author>
		<author>
			<persName xmlns="http://www.tei-c.org/ns/1.0"><forename type="first">Noah</forename><forename type="middle">A</forename><surname>Smith</surname></persName>
		</author>
	</analytic>
	<monogr>
		<title level="m">Human Language Technologies: Conference of the North American Chapter of the Association of Computational Linguistics, Proceedings</title>
		<meeting><address><addrLine>Westin Peachtree Plaza Hotel, Atlanta, Georgia, USA</addrLine></address></meeting>
		<imprint>
			<date type="published" when="2013-06-09" />
			<biblScope unit="page" from="644" to="648" />
		</imprint>
	</monogr>
</biblStruct>

<biblStruct >
	<analytic>
		<title level="a" type="main">A quantitative approach to the morphological typology of language</title>
		<author>
			<persName xmlns="http://www.tei-c.org/ns/1.0"><forename type="first">H</forename><surname>Joseph</surname></persName>
		</author>
		<author>
			<persName xmlns="http://www.tei-c.org/ns/1.0"><surname>Greenberg</surname></persName>
		</author>
	</analytic>
	<monogr>
		<title level="j">International journal of American linguistics</title>
		<imprint>
			<biblScope unit="volume">26</biblScope>
			<biblScope unit="issue">3</biblScope>
			<biblScope unit="page" from="178" to="194" />
			<date type="published" when="1960" />
		</imprint>
	</monogr>
</biblStruct>

<biblStruct >
	<analytic>
		<title level="a" type="main">Machine translation of very close languages</title>
		<author>
			<persName xmlns="http://www.tei-c.org/ns/1.0"><forename type="first">Jan</forename><surname>Hajič</surname></persName>
		</author>
		<author>
			<persName xmlns="http://www.tei-c.org/ns/1.0"><forename type="first">Jan</forename><surname>Hric</surname></persName>
		</author>
		<author>
			<persName xmlns="http://www.tei-c.org/ns/1.0"><forename type="first">Vladislav</forename><surname>Kuboň</surname></persName>
		</author>
	</analytic>
	<monogr>
		<title level="m">Proceedings of the sixth conference on Applied natural language processing</title>
		<meeting>the sixth conference on Applied natural language processing</meeting>
		<imprint>
			<publisher>Association for Computational Linguistics</publisher>
			<date type="published" when="2000" />
			<biblScope unit="page" from="7" to="12" />
		</imprint>
	</monogr>
</biblStruct>

<biblStruct >
	<monogr>
		<title level="m" type="main">Identifying semantic role clusters and alignment types via microrole coexpression tendencies. Studies in Language. International Journal sponsored by the Foundation &quot;Foundations of Language</title>
		<author>
			<persName xmlns="http://www.tei-c.org/ns/1.0"><forename type="first">Iren</forename><surname>Hartmann</surname></persName>
		</author>
		<author>
			<persName xmlns="http://www.tei-c.org/ns/1.0"><forename type="first">Martin</forename><surname>Haspelmath</surname></persName>
		</author>
		<author>
			<persName xmlns="http://www.tei-c.org/ns/1.0"><forename type="first">Michael</forename><surname>Cysouw</surname></persName>
		</author>
		<imprint>
			<date type="published" when="2014" />
			<biblScope unit="volume">38</biblScope>
			<biblScope unit="page" from="463" to="484" />
		</imprint>
	</monogr>
</biblStruct>

<biblStruct >
	<analytic>
		<title level="a" type="main">Typtex: Inductive typological text classification by multivariate statistical analysis for nlp systems tuning/evaluation</title>
		<author>
			<persName xmlns="http://www.tei-c.org/ns/1.0"><forename type="first">Serge</forename><surname>Heiden</surname></persName>
		</author>
		<author>
			<persName xmlns="http://www.tei-c.org/ns/1.0"><forename type="first">Sophie</forename><surname>Prévost</surname></persName>
		</author>
		<author>
			<persName xmlns="http://www.tei-c.org/ns/1.0"><forename type="first">Benoit</forename><surname>Habert</surname></persName>
		</author>
		<author>
			<persName xmlns="http://www.tei-c.org/ns/1.0"><forename type="first">Helka</forename><surname>Folch</surname></persName>
		</author>
		<author>
			<persName xmlns="http://www.tei-c.org/ns/1.0"><forename type="first">Serge</forename><surname>Fleury</surname></persName>
		</author>
		<author>
			<persName xmlns="http://www.tei-c.org/ns/1.0"><forename type="first">Gabriel</forename><surname>Illouz</surname></persName>
		</author>
		<author>
			<persName xmlns="http://www.tei-c.org/ns/1.0"><forename type="first">Pierre</forename><surname>Lafon</surname></persName>
		</author>
		<author>
			<persName xmlns="http://www.tei-c.org/ns/1.0"><forename type="first">Julien</forename><surname>Nioche</surname></persName>
		</author>
	</analytic>
	<monogr>
		<title level="m">Second International Conference on Language Resources and Evaluation</title>
		<editor>Maria Gavrilidou, George Carayannis, Stella Markantonatou, Stelios Piperidis, Gregory Stainhaouer</editor>
		<imprint>
			<date type="published" when="2000" />
			<biblScope unit="page">141</biblScope>
		</imprint>
	</monogr>
</biblStruct>

<biblStruct >
	<analytic>
		<title level="a" type="main">Bootstrapping parsers via syntactic projection across parallel texts</title>
		<author>
			<persName xmlns="http://www.tei-c.org/ns/1.0"><forename type="first">Rebecca</forename><surname>Hwa</surname></persName>
		</author>
		<author>
			<persName xmlns="http://www.tei-c.org/ns/1.0"><forename type="first">Philip</forename><surname>Resnik</surname></persName>
		</author>
		<author>
			<persName xmlns="http://www.tei-c.org/ns/1.0"><forename type="first">Amy</forename><surname>Weinberg</surname></persName>
		</author>
		<author>
			<persName xmlns="http://www.tei-c.org/ns/1.0"><forename type="first">Clara</forename><surname>Cabezas</surname></persName>
		</author>
		<author>
			<persName xmlns="http://www.tei-c.org/ns/1.0"><forename type="first">Okan</forename><surname>Kolak</surname></persName>
		</author>
	</analytic>
	<monogr>
		<title level="j">Natural language engineering</title>
		<imprint>
			<biblScope unit="volume">11</biblScope>
			<biblScope unit="issue">03</biblScope>
			<biblScope unit="page" from="311" to="325" />
			<date type="published" when="2005" />
		</imprint>
	</monogr>
</biblStruct>

<biblStruct >
	<analytic>
		<title level="a" type="main">Cross-lingual sense determination: Can it work?</title>
		<author>
			<persName xmlns="http://www.tei-c.org/ns/1.0"><forename type="first">Nancy</forename><surname>Ide</surname></persName>
		</author>
	</analytic>
	<monogr>
		<title level="j">Computers and the Humanities</title>
		<imprint>
			<biblScope unit="volume">34</biblScope>
			<biblScope unit="issue">1</biblScope>
			<biblScope unit="page" from="223" to="234" />
			<date type="published" when="2000" />
		</imprint>
	</monogr>
</biblStruct>

<biblStruct >
	<analytic>
		<title level="a" type="main">Typological approaches to lexical semantics</title>
		<author>
			<persName xmlns="http://www.tei-c.org/ns/1.0"><forename type="first">Maria</forename><surname>Koptjevskaja-Tamm</surname></persName>
		</author>
		<author>
			<persName xmlns="http://www.tei-c.org/ns/1.0"><forename type="first">Martine</forename><surname>Vanhove</surname></persName>
		</author>
		<author>
			<persName xmlns="http://www.tei-c.org/ns/1.0"><forename type="first">Peter</forename><surname>Koch</surname></persName>
		</author>
	</analytic>
	<monogr>
		<title level="j">Linguistic typology</title>
		<imprint>
			<biblScope unit="volume">11</biblScope>
			<biblScope unit="issue">1</biblScope>
			<biblScope unit="page" from="159" to="185" />
			<date type="published" when="2007" />
		</imprint>
	</monogr>
</biblStruct>

<biblStruct >
	<monogr>
		<title level="m" type="main">Faster decoding for subword level phrasebased smt between related languages</title>
		<author>
			<persName xmlns="http://www.tei-c.org/ns/1.0"><forename type="first">Anoop</forename><surname>Kunchukuttan</surname></persName>
		</author>
		<author>
			<persName xmlns="http://www.tei-c.org/ns/1.0"><forename type="first">Pushpak</forename><surname>Bhattacharyya</surname></persName>
		</author>
		<idno type="arXiv">arXiv:1611.00354</idno>
		<imprint>
			<date type="published" when="2016" />
		</imprint>
	</monogr>
<note type="report_type">arXiv preprint</note>
</biblStruct>

<biblStruct >
	<analytic>
		<title level="a" type="main">Opensubtitles2016: Extracting large parallel corpora from movie and tv subtitles</title>
		<author>
			<persName xmlns="http://www.tei-c.org/ns/1.0"><forename type="first">Pierre</forename><surname>Lison</surname></persName>
		</author>
		<author>
			<persName xmlns="http://www.tei-c.org/ns/1.0"><forename type="first">Jörg</forename><surname>Tiedemann</surname></persName>
		</author>
	</analytic>
	<monogr>
		<title level="m">Proceedings of the 10th International Conference on Language Resources and Evaluation</title>
		<meeting>the 10th International Conference on Language Resources and Evaluation</meeting>
		<imprint>
			<date type="published" when="2016" />
		</imprint>
	</monogr>
</biblStruct>

<biblStruct >
	<analytic>
		<title level="a" type="main">Visualizing data using t-sne</title>
		<author>
			<persName xmlns="http://www.tei-c.org/ns/1.0"><forename type="first">Laurens</forename><surname>Van Der Maaten</surname></persName>
		</author>
		<author>
			<persName xmlns="http://www.tei-c.org/ns/1.0"><forename type="first">Geoffrey</forename><surname>Hinton</surname></persName>
		</author>
	</analytic>
	<monogr>
		<title level="j">Journal of Machine Learning Research</title>
		<imprint>
			<biblScope unit="volume">9</biblScope>
			<biblScope unit="page" from="2579" to="2605" />
			<date type="published" when="2008-11" />
		</imprint>
	</monogr>
</biblStruct>

<biblStruct >
	<analytic>
		<title level="a" type="main">Creating a massively parallel bible corpus</title>
		<author>
			<persName xmlns="http://www.tei-c.org/ns/1.0"><forename type="first">Thomas</forename><surname>Mayer</surname></persName>
		</author>
		<author>
			<persName xmlns="http://www.tei-c.org/ns/1.0"><forename type="first">Michael</forename><surname>Cysouw</surname></persName>
		</author>
	</analytic>
	<monogr>
		<title level="j">Oceania</title>
		<imprint>
			<biblScope unit="volume">135</biblScope>
			<biblScope unit="issue">273</biblScope>
			<biblScope unit="page">40</biblScope>
			<date type="published" when="2014" />
		</imprint>
	</monogr>
</biblStruct>

<biblStruct >
	<monogr>
		<title level="m" type="main">Universal dependency annotation for multilingual parsing</title>
		<author>
			<persName xmlns="http://www.tei-c.org/ns/1.0"><forename type="first">Joakim</forename><surname>Ryan T Mcdonald</surname></persName>
		</author>
		<author>
			<persName xmlns="http://www.tei-c.org/ns/1.0"><forename type="first">Yvonne</forename><surname>Nivre</surname></persName>
		</author>
		<author>
			<persName xmlns="http://www.tei-c.org/ns/1.0"><forename type="first">Yoav</forename><surname>Quirmbachbrundage</surname></persName>
		</author>
		<author>
			<persName xmlns="http://www.tei-c.org/ns/1.0"><forename type="first">Dipanjan</forename><surname>Goldberg</surname></persName>
		</author>
		<author>
			<persName xmlns="http://www.tei-c.org/ns/1.0"><forename type="first">Kuzman</forename><surname>Das</surname></persName>
		</author>
		<author>
			<persName xmlns="http://www.tei-c.org/ns/1.0"><surname>Ganchev</surname></persName>
		</author>
		<author>
			<persName xmlns="http://www.tei-c.org/ns/1.0"><forename type="first">B</forename><surname>Keith</surname></persName>
		</author>
		<author>
			<persName xmlns="http://www.tei-c.org/ns/1.0"><forename type="first">Slav</forename><surname>Hall</surname></persName>
		</author>
		<author>
			<persName xmlns="http://www.tei-c.org/ns/1.0"><forename type="first">Hao</forename><surname>Petrov</surname></persName>
		</author>
		<author>
			<persName xmlns="http://www.tei-c.org/ns/1.0"><forename type="first">Oscar</forename><surname>Zhang</surname></persName>
		</author>
		<author>
			<persName xmlns="http://www.tei-c.org/ns/1.0"><surname>Täckström</surname></persName>
		</author>
		<imprint>
			<date type="published" when="2013" />
			<biblScope unit="page" from="92" to="97" />
		</imprint>
	</monogr>
</biblStruct>

<biblStruct >
	<analytic>
		<title level="a" type="main">Domains, text types, aspect marking and english-chinese translation</title>
		<author>
			<persName xmlns="http://www.tei-c.org/ns/1.0"><forename type="first">Tony</forename><surname>Mcenery</surname></persName>
		</author>
		<author>
			<persName xmlns="http://www.tei-c.org/ns/1.0"><forename type="first">Richard</forename><surname>Xiao</surname></persName>
		</author>
	</analytic>
	<monogr>
		<title level="j">Languages in Contrast</title>
		<imprint>
			<biblScope unit="volume">2</biblScope>
			<biblScope unit="issue">2</biblScope>
			<biblScope unit="page" from="211" to="229" />
			<date type="published" when="1999" />
		</imprint>
	</monogr>
</biblStruct>

<biblStruct >
	<monogr>
		<title level="m" type="main">Defining creole</title>
		<author>
			<persName xmlns="http://www.tei-c.org/ns/1.0"><forename type="first">H</forename><surname>John</surname></persName>
		</author>
		<author>
			<persName xmlns="http://www.tei-c.org/ns/1.0"><surname>Mcwhorter</surname></persName>
		</author>
		<imprint>
			<date type="published" when="2005" />
			<publisher>Oxford University Press</publisher>
		</imprint>
	</monogr>
</biblStruct>

<biblStruct >
	<analytic>
		<title level="a" type="main">Parallel texts</title>
		<author>
			<persName xmlns="http://www.tei-c.org/ns/1.0"><forename type="first">Rada</forename><surname>Mihalcea</surname></persName>
		</author>
		<author>
			<persName xmlns="http://www.tei-c.org/ns/1.0"><forename type="first">Michel</forename><surname>Simard</surname></persName>
		</author>
	</analytic>
	<monogr>
		<title level="j">Natural Language Engineering</title>
		<imprint>
			<biblScope unit="volume">11</biblScope>
			<biblScope unit="issue">03</biblScope>
			<biblScope unit="page" from="239" to="246" />
			<date type="published" when="2005" />
		</imprint>
	</monogr>
</biblStruct>

<biblStruct >
	<analytic>
		<title level="a" type="main">Detecting complex predicates in hindi using pos projection across parallel corpora</title>
		<author>
			<persName xmlns="http://www.tei-c.org/ns/1.0"><forename type="first">Amitabha</forename><surname>Mukerjee</surname></persName>
		</author>
		<author>
			<persName xmlns="http://www.tei-c.org/ns/1.0"><forename type="first">Ankit</forename><surname>Soni</surname></persName>
		</author>
		<author>
			<persName xmlns="http://www.tei-c.org/ns/1.0"><forename type="first">Achla M</forename><surname>Raina</surname></persName>
		</author>
	</analytic>
	<monogr>
		<title level="m">Proceedings of the Workshop on Multiword Expressions: Identifying and Exploiting Underlying Properties</title>
		<meeting>the Workshop on Multiword Expressions: Identifying and Exploiting Underlying Properties</meeting>
		<imprint>
			<date type="published" when="2006" />
			<biblScope unit="page" from="28" to="35" />
		</imprint>
	</monogr>
	<note>Association for Computational Linguistics</note>
</biblStruct>

<biblStruct >
	<monogr>
		<title level="m" type="main">Typological discourse analysis: Quantitative approaches to the study of linguistic function</title>
		<author>
			<persName xmlns="http://www.tei-c.org/ns/1.0"><forename type="first">John</forename><surname>Myhill</surname></persName>
		</author>
		<author>
			<persName xmlns="http://www.tei-c.org/ns/1.0"><surname>Myhill</surname></persName>
		</author>
		<imprint>
			<date type="published" when="1992" />
			<publisher>Blackwell Oxford</publisher>
		</imprint>
	</monogr>
</biblStruct>

<biblStruct >
	<analytic>
		<title level="a" type="main">Exploring spontaneous-event marking though parallel corpora: Translating english ergative intransitive constructions into norwegian and swedish</title>
		<author>
			<persName xmlns="http://www.tei-c.org/ns/1.0"><forename type="first">Lene</forename><surname>Nordrum</surname></persName>
		</author>
	</analytic>
	<monogr>
		<title level="j">Languages in Contrast</title>
		<imprint>
			<biblScope unit="volume">15</biblScope>
			<biblScope unit="issue">2</biblScope>
			<biblScope unit="page" from="230" to="250" />
			<date type="published" when="2015" />
		</imprint>
	</monogr>
</biblStruct>

<biblStruct >
	<analytic>
		<title level="a" type="main">Continuous multilinguality with language vectors</title>
		<author>
			<persName xmlns="http://www.tei-c.org/ns/1.0"><forename type="first">Robert¨ostlingrobert¨</forename><surname>Robert¨ostling</surname></persName>
		</author>
		<author>
			<persName xmlns="http://www.tei-c.org/ns/1.0"><forename type="first">Jörg</forename><surname>Tiedemann</surname></persName>
		</author>
	</analytic>
	<monogr>
		<title level="m">Proceedings of the 15th Conference of the European Chapter of the Association for Computational Linguistics</title>
		<meeting>the 15th Conference of the European Chapter of the Association for Computational Linguistics</meeting>
		<imprint>
			<date type="published" when="2017" />
			<biblScope unit="page" from="644" to="649" />
		</imprint>
	</monogr>
	<note>Association for Computational Linguistics</note>
</biblStruct>

<biblStruct >
	<analytic>
		<title level="a" type="main">Morphological typology of languages for ir</title>
		<author>
			<persName xmlns="http://www.tei-c.org/ns/1.0"><forename type="first">Ari</forename><surname>Pirkola</surname></persName>
		</author>
	</analytic>
	<monogr>
		<title level="j">Journal of Documentation</title>
		<imprint>
			<biblScope unit="volume">57</biblScope>
			<biblScope unit="issue">3</biblScope>
			<biblScope unit="page" from="330" to="348" />
			<date type="published" when="2001" />
		</imprint>
	</monogr>
</biblStruct>

<biblStruct >
	<analytic>
		<title level="a" type="main">Exploiting hidden meanings: Using bilingual text for monolingual annotation</title>
		<author>
			<persName xmlns="http://www.tei-c.org/ns/1.0"><forename type="first">Philip</forename><surname>Resnik</surname></persName>
		</author>
	</analytic>
	<monogr>
		<title level="m">Computational Linguistics and Intelligent Text Processing</title>
		<imprint>
			<date type="published" when="2004" />
			<biblScope unit="page" from="283" to="299" />
		</imprint>
	</monogr>
</biblStruct>

<biblStruct >
	<analytic>
		<title level="a" type="main">Creating a parallel corpus from the book of 2000 tongues</title>
		<author>
			<persName xmlns="http://www.tei-c.org/ns/1.0"><forename type="first">Philip</forename><surname>Resnik</surname></persName>
		</author>
		<author>
			<persName xmlns="http://www.tei-c.org/ns/1.0"><forename type="first">Mari</forename><forename type="middle">Broman</forename><surname>Olsen</surname></persName>
		</author>
		<author>
			<persName xmlns="http://www.tei-c.org/ns/1.0"><forename type="first">Mona</forename><surname>Diab</surname></persName>
		</author>
	</analytic>
	<monogr>
		<title level="m">Proceedings of the Text Encoding Initiative 10th Anniversary User Conference (TEI10)</title>
		<meeting>the Text Encoding Initiative 10th Anniversary User Conference (TEI10)</meeting>
		<imprint>
			<publisher>Citeseer</publisher>
			<date type="published" when="1997" />
		</imprint>
	</monogr>
</biblStruct>

<biblStruct >
	<monogr>
		<title level="m" type="main">The grammaticalization of tense and aspect in tok pisin and sranan. Language Variation and Change</title>
		<author>
			<persName xmlns="http://www.tei-c.org/ns/1.0"><forename type="first">Gillian</forename><surname>Sankoff</surname></persName>
		</author>
		<imprint>
			<date type="published" when="1990" />
			<biblScope unit="volume">2</biblScope>
			<biblScope unit="page" from="295" to="312" />
		</imprint>
	</monogr>
</biblStruct>

<biblStruct >
	<analytic>
		<title level="a" type="main">Grammar sharing techniques for rule-based multilingual nlp systems</title>
		<author>
			<persName xmlns="http://www.tei-c.org/ns/1.0"><forename type="first">Marianne</forename><forename type="middle">Elina</forename><surname>Santaholma</surname></persName>
		</author>
	</analytic>
	<monogr>
		<title level="m">Proceedings of the 16th Nordic Conference of Computational Linguistics (NODALIDA)</title>
		<meeting>the 16th Nordic Conference of Computational Linguistics (NODALIDA)</meeting>
		<imprint>
			<date type="published" when="2007" />
		</imprint>
	</monogr>
</biblStruct>

<biblStruct >
	<monogr>
		<title level="m" type="main">Translation-based corpus studies: Contrasting English and Portuguese tense and aspect systems</title>
		<author>
			<persName xmlns="http://www.tei-c.org/ns/1.0"><forename type="first">Diana</forename><surname>Santos</surname></persName>
		</author>
		<imprint>
			<date type="published" when="2004" />
			<biblScope unit="volume">50</biblScope>
			<pubPlace>Rodopi</pubPlace>
		</imprint>
	</monogr>
</biblStruct>

<biblStruct >
	<analytic>
		<title/>
		<author>
			<persName xmlns="http://www.tei-c.org/ns/1.0"><forename type="first">Devyani</forename><surname>Sharma</surname></persName>
		</author>
	</analytic>
	<monogr>
		<title level="j">Typological diversity in new englishes. English World-Wide</title>
		<imprint>
			<biblScope unit="volume">30</biblScope>
			<biblScope unit="issue">2</biblScope>
			<biblScope unit="page" from="170" to="195" />
			<date type="published" when="2009" />
		</imprint>
	</monogr>
</biblStruct>

<biblStruct >
	<monogr>
		<title level="m" type="main">Linguistic typology: Morphology and syntax</title>
		<author>
			<persName xmlns="http://www.tei-c.org/ns/1.0"><forename type="first">Jae</forename><forename type="middle">Jung</forename><surname>Song</surname></persName>
		</author>
		<imprint>
			<date type="published" when="2014" />
		</imprint>
	</monogr>
	<note>Routledge</note>
</biblStruct>

<biblStruct >
	<analytic>
		<title level="a" type="main">Can projected chains in parallel corpora help coreference resolution?</title>
	</analytic>
	<monogr>
		<title level="m">Discourse Anaphora and Anaphor Resolution Colloquium</title>
		<editor>José Guilherme Camargo de Souza and Constantin Or˘ asan</editor>
		<imprint>
			<publisher>Springer</publisher>
			<date type="published" when="2011" />
			<biblScope unit="page" from="59" to="69" />
		</imprint>
	</monogr>
</biblStruct>

<biblStruct >
	<monogr>
		<title level="m" type="main">On the expression of spatio-temporal relations in language</title>
		<author>
			<persName xmlns="http://www.tei-c.org/ns/1.0"><forename type="first">Elizabeth Closs</forename><surname>Traugott</surname></persName>
		</author>
		<imprint>
			<date type="published" when="1978" />
			<biblScope unit="volume">3</biblScope>
			<biblScope unit="page" from="369" to="400" />
		</imprint>
		<respStmt>
			<orgName>Universals of human language</orgName>
		</respStmt>
	</monogr>
</biblStruct>

<biblStruct >
	<monogr>
		<title level="m" type="main">The consonant template in synchrony and diachrony</title>
		<author>
			<persName xmlns="http://www.tei-c.org/ns/1.0"><forename type="first">Bernhard</forename><surname>Wälchli</surname></persName>
		</author>
		<imprint>
			<date type="published" when="2010" />
			<biblScope unit="page">1</biblScope>
		</imprint>
	</monogr>
<note type="report_type">Baltic linguistics</note>
</biblStruct>

<biblStruct >
	<analytic>
		<title level="a" type="main">Lexical typology through similarity semantics: Toward a semantic map of motion verbs</title>
		<author>
			<persName xmlns="http://www.tei-c.org/ns/1.0"><forename type="first">Bernhard</forename><surname>Wälchli</surname></persName>
		</author>
		<author>
			<persName xmlns="http://www.tei-c.org/ns/1.0"><forename type="first">Michael</forename><surname>Cysouw</surname></persName>
		</author>
	</analytic>
	<monogr>
		<title level="j">Linguistics</title>
		<imprint>
			<biblScope unit="volume">50</biblScope>
			<biblScope unit="issue">3</biblScope>
			<biblScope unit="page" from="671" to="710" />
			<date type="published" when="2012" />
		</imprint>
	</monogr>
</biblStruct>

<biblStruct >
	<monogr>
		<title level="m" type="main">Introduction to typology: the unity and diversity of language</title>
		<author>
			<persName xmlns="http://www.tei-c.org/ns/1.0"><forename type="first">J</forename><surname>Lindsay</surname></persName>
		</author>
		<author>
			<persName xmlns="http://www.tei-c.org/ns/1.0"><surname>Whaley</surname></persName>
		</author>
		<imprint>
			<date type="published" when="1996" />
			<publisher>Sage Publications</publisher>
		</imprint>
	</monogr>
</biblStruct>

<biblStruct >
	<analytic>
		<title level="a" type="main">A corpus-based approach to tense and aspect in english-chinese translation</title>
		<author>
			<persName xmlns="http://www.tei-c.org/ns/1.0"><forename type="first">R</forename><forename type="middle">Z</forename><surname>Xiao</surname></persName>
		</author>
	</analytic>
	<monogr>
		<title level="m">The 1st International Symposium on Contrastive and Translation Studies between Chinese and English</title>
		<imprint>
			<date type="published" when="2002" />
		</imprint>
	</monogr>
</biblStruct>

			</listBibl>
		</back>
	</text>
</TEI>
