<?xml version="1.0" ?>
<TEI xmlns="http://www.tei-c.org/ns/1.0" xmlns:xlink="http://www.w3.org/1999/xlink" 
 xmlns:mml="http://www.w3.org/1998/Math/MathML">
	<teiHeader>
		<fileDesc xml:id="f_686"/>
	</teiHeader>
	<text>
		<front/>
		<body/>
		<back>
			<listBibl>
<biblStruct >
	<analytic>
		<title level="a" type="main">Discrete vs. continuous rating scales for language evaluation in NLP</title>
		<author>
			<persName xmlns="http://www.tei-c.org/ns/1.0"><forename type="first">Anja</forename><surname>Belz</surname></persName>
		</author>
		<author>
			<persName xmlns="http://www.tei-c.org/ns/1.0"><forename type="first">Eric</forename><surname>Kow</surname></persName>
		</author>
		<ptr target="http://aclweb.org/anthology/P11-2040" />
	</analytic>
	<monogr>
		<title level="m">Proceedings of the 49th Annual Meeting of the Association for Computational Linguistics: Human Language Technologies: Short Pa</title>
		<meeting>the 49th Annual Meeting of the Association for Computational Linguistics: Human Language Technologies: Short Pa<address><addrLine>Portland, OR, USA</addrLine></address></meeting>
		<imprint>
			<publisher>Association for Computational Linguistics</publisher>
			<date type="published" when="2011" />
			<biblScope unit="volume">2</biblScope>
			<biblScope unit="page" from="230" to="235" />
		</imprint>
	</monogr>
</biblStruct>

<biblStruct >
	<analytic>
		<title level="a" type="main">Comparing automatic and human evaluation of NLG systems</title>
		<author>
			<persName xmlns="http://www.tei-c.org/ns/1.0"><forename type="first">Anja</forename><surname>Belz</surname></persName>
		</author>
		<author>
			<persName xmlns="http://www.tei-c.org/ns/1.0"><forename type="first">Ehud</forename><surname>Reiter</surname></persName>
		</author>
		<ptr target="http://aclweb.org/anthology/E06-1040" />
	</analytic>
	<monogr>
		<title level="m">Proceedings of the 11th Conference of the European Chapter of the Association for Computational Linguistics</title>
		<meeting>the 11th Conference of the European Chapter of the Association for Computational Linguistics<address><addrLine>Trento, Italy</addrLine></address></meeting>
		<imprint>
			<date type="published" when="2006" />
			<biblScope unit="page" from="313" to="320" />
		</imprint>
	</monogr>
</biblStruct>

<biblStruct >
	<analytic>
		<title level="a" type="main">Correlating human and automatic evaluation of a German surface realiser</title>
		<author>
			<persName xmlns="http://www.tei-c.org/ns/1.0"><forename type="first">Aoife</forename><surname>Cahill</surname></persName>
		</author>
		<ptr target="https://aclweb.org/anthology/P09-2025" />
	</analytic>
	<monogr>
		<title level="m">Proceedings of the ACL-IJCNLP 2009 Conference Short Papers. Association for Computational Linguistics</title>
		<meeting>the ACL-IJCNLP 2009 Conference Short Papers. Association for Computational Linguistics<address><addrLine>Suntec, Singapore</addrLine></address></meeting>
		<imprint>
			<date type="published" when="2009" />
			<biblScope unit="page" from="97" to="100" />
		</imprint>
	</monogr>
</biblStruct>

<biblStruct >
	<analytic>
		<title level="a" type="main">Re-evaluating the role of BLEU in machine translation research</title>
		<author>
			<persName xmlns="http://www.tei-c.org/ns/1.0"><forename type="first">Chris</forename><surname>Callison-Burch</surname></persName>
		</author>
		<author>
			<persName xmlns="http://www.tei-c.org/ns/1.0"><forename type="first">Miles</forename><surname>Osborne</surname></persName>
		</author>
		<author>
			<persName xmlns="http://www.tei-c.org/ns/1.0"><forename type="first">Philipp</forename><surname>Koehn</surname></persName>
		</author>
	</analytic>
	<monogr>
		<title level="m">Proceedings of the 11th Conference of the European Chapter</title>
		<meeting>the 11th Conference of the European Chapter<address><addrLine>Trento, Italy</addrLine></address></meeting>
		<imprint>
			<publisher>Association for Computational Linguistics</publisher>
			<date type="published" when="2006" />
			<biblScope unit="page" from="249" to="256" />
		</imprint>
	</monogr>
</biblStruct>

<biblStruct >
	<analytic>
		<title level="a" type="main">Automatic evaluation of machine translation quality using n-gram cooccurrence statistics</title>
		<author>
			<persName xmlns="http://www.tei-c.org/ns/1.0"><forename type="first">George</forename><surname>Doddington</surname></persName>
		</author>
	</analytic>
	<monogr>
		<title level="m">Proceedings of the Second International Conference on Human Language Technology Research</title>
		<meeting>the Second International Conference on Human Language Technology Research<address><addrLine>San Francisco, CA, USA</addrLine></address></meeting>
		<imprint>
			<publisher>Morgan Kaufmann Publishers Inc</publisher>
			<date type="published" when="2002" />
			<biblScope unit="page" from="138" to="145" />
		</imprint>
	</monogr>
</biblStruct>

<biblStruct >
	<analytic>
		<title level="a" type="main">Referenceless quality estimation for natural language generation</title>
		<author>
			<persName xmlns="http://www.tei-c.org/ns/1.0"><forename type="first">Ondrej</forename><surname>Dušek</surname></persName>
		</author>
		<author>
			<persName xmlns="http://www.tei-c.org/ns/1.0"><forename type="first">Jekaterina</forename><surname>Novikova</surname></persName>
		</author>
		<author>
			<persName xmlns="http://www.tei-c.org/ns/1.0"><forename type="first">Verena</forename><surname>Rieser</surname></persName>
		</author>
	</analytic>
	<monogr>
		<title level="m">Proceedings of the 1st Workshop on Learning to Generate Natural Language</title>
		<meeting>the 1st Workshop on Learning to Generate Natural Language</meeting>
		<imprint>
			<date type="published" when="2017" />
		</imprint>
	</monogr>
</biblStruct>

<biblStruct >
	<analytic>
		<title level="a" type="main">Training a natural language generator from unaligned data</title>
		<author>
			<persName xmlns="http://www.tei-c.org/ns/1.0"><forename type="first">Ondřej</forename><surname>Dušek</surname></persName>
		</author>
		<author>
			<persName xmlns="http://www.tei-c.org/ns/1.0"><forename type="first">Filip</forename><surname>Jurčíček</surname></persName>
		</author>
	</analytic>
	<monogr>
		<title level="m">Proceedings of the 53rd Annual Meeting of the Association for Computational Linguistics and the 7th International Joint Conference on Natural Language Processing</title>
		<meeting>the 53rd Annual Meeting of the Association for Computational Linguistics and the 7th International Joint Conference on Natural Language Processing<address><addrLine>Beijing, China</addrLine></address></meeting>
		<imprint>
			<publisher>Long Papers</publisher>
			<date type="published" when="2015" />
			<biblScope unit="volume">1</biblScope>
			<biblScope unit="page" from="451" to="461" />
		</imprint>
	</monogr>
</biblStruct>

<biblStruct >
	<analytic>
		<title level="a" type="main">Short Papers)</title>
		<idno type="arXiv">arXiv:1606.03254</idno>
	</analytic>
	<monogr>
		<title level="j">Meeting of the Association for Computational Linguistics</title>
		<imprint>
			<biblScope unit="volume">2</biblScope>
			<biblScope unit="page" from="264" to="268" />
		</imprint>
	</monogr>
</biblStruct>

<biblStruct >
	<analytic>
		<title level="a" type="main">A snapshot of NLG evaluation practices 2005-2014</title>
		<author>
			<persName xmlns="http://www.tei-c.org/ns/1.0"><forename type="first">Dimitra</forename><surname>Gkatzia</surname></persName>
		</author>
		<author>
			<persName xmlns="http://www.tei-c.org/ns/1.0"><forename type="first">Saad</forename><surname>Mahamood</surname></persName>
		</author>
		<idno type="doi">10.18653/v1/W15-4708</idno>
		<ptr target="https://doi.org/10.18653/v1/W15-4708" />
	</analytic>
	<monogr>
		<title level="m">Proceedings of the 15th European Workshop on Natural Language Generation (ENLG)</title>
		<meeting>the 15th European Workshop on Natural Language Generation (ENLG)<address><addrLine>Brighton, UK</addrLine></address></meeting>
		<imprint>
			<publisher>Association for Computational Linguistics</publisher>
			<date type="published" when="2015" />
			<biblScope unit="page" from="57" to="60" />
		</imprint>
	</monogr>
</biblStruct>

<biblStruct >
	<analytic>
		<title level="a" type="main">LEPOR: A robust evaluation metric for machine translation with augmented factors</title>
		<author>
			<persName xmlns="http://www.tei-c.org/ns/1.0"><forename type="first">L</forename><forename type="middle">F</forename><surname>Aaron</surname></persName>
		</author>
		<author>
			<persName xmlns="http://www.tei-c.org/ns/1.0"><forename type="first">Derek</forename><forename type="middle">F</forename><surname>Han</surname></persName>
		</author>
		<author>
			<persName xmlns="http://www.tei-c.org/ns/1.0"><forename type="first">Lidia</forename><forename type="middle">S</forename><surname>Wong</surname></persName>
		</author>
		<author>
			<persName xmlns="http://www.tei-c.org/ns/1.0"><surname>Chao</surname></persName>
		</author>
		<ptr target="http://aclweb.org/anthology/C12-2044" />
	</analytic>
	<monogr>
		<title level="m">Proceedings of COLING 2012: Posters. The COLING 2012 Organizing Committee</title>
		<meeting>COLING 2012: Posters. The COLING 2012 Organizing Committee<address><addrLine>Mumbai, India</addrLine></address></meeting>
		<imprint>
			<date type="published" when="2012" />
			<biblScope unit="page" from="441" to="450" />
		</imprint>
	</monogr>
</biblStruct>

<biblStruct >
	<analytic>
		<title level="a" type="main">UMBC EBIQUITY-CORE: Semantic textual similarity systems</title>
		<author>
			<persName xmlns="http://www.tei-c.org/ns/1.0"><forename type="first">Lushan</forename><surname>Han</surname></persName>
		</author>
		<author>
			<persName xmlns="http://www.tei-c.org/ns/1.0"><forename type="first">Abhay</forename><surname>Kashyap</surname></persName>
		</author>
		<author>
			<persName xmlns="http://www.tei-c.org/ns/1.0"><forename type="first">Tim</forename><surname>Finin</surname></persName>
		</author>
		<author>
			<persName xmlns="http://www.tei-c.org/ns/1.0"><forename type="first">James</forename><surname>Mayfield</surname></persName>
		</author>
		<author>
			<persName xmlns="http://www.tei-c.org/ns/1.0"><forename type="first">Jonathan</forename><surname>Weese</surname></persName>
		</author>
		<ptr target="http://aclweb.org/anthology/S13-1005" />
	</analytic>
	<monogr>
		<title level="m">Proceedings of the Second Joint Conference on Lexical and Computational Semantics (*SEM)</title>
		<meeting>the Second Joint Conference on Lexical and Computational Semantics (*SEM)<address><addrLine>Atlanta, Georgia</addrLine></address></meeting>
		<imprint>
			<date type="published" when="2013" />
			<biblScope unit="volume">1</biblScope>
			<biblScope unit="page" from="44" to="52" />
		</imprint>
	</monogr>
</biblStruct>

<biblStruct >
	<analytic>
		<title level="a" type="main">Why bother? Is evaluation of NLG in an end-to-end Spoken Dialogue System worth it?</title>
		<author>
			<persName xmlns="http://www.tei-c.org/ns/1.0"><forename type="first">Helen</forename><surname>Hastie</surname></persName>
		</author>
		<author>
			<persName xmlns="http://www.tei-c.org/ns/1.0"><forename type="first">Heriberto</forename><surname>Cuayahuitl</surname></persName>
		</author>
		<author>
			<persName xmlns="http://www.tei-c.org/ns/1.0"><forename type="first">Nina</forename><surname>Dethlefs</surname></persName>
		</author>
		<author>
			<persName xmlns="http://www.tei-c.org/ns/1.0"><forename type="first">Simon</forename><surname>Keizer</surname></persName>
		</author>
		<author>
			<persName xmlns="http://www.tei-c.org/ns/1.0"><forename type="first">Xingkun</forename><surname>Liu</surname></persName>
		</author>
	</analytic>
	<monogr>
		<title level="m">Proceedings of the International Workshop on Spoken Dialogue Systems (IWSDS)</title>
		<meeting>the International Workshop on Spoken Dialogue Systems (IWSDS)<address><addrLine>Saariselkä, Finland</addrLine></address></meeting>
		<imprint>
			<date type="published" when="2016" />
		</imprint>
	</monogr>
</biblStruct>

<biblStruct >
	<analytic>
		<title level="a" type="main">Focused evaluation for image description with binary forcedchoice tasks</title>
		<author>
			<persName xmlns="http://www.tei-c.org/ns/1.0"><forename type="first">Micah</forename><surname>Hodosh</surname></persName>
		</author>
		<author>
			<persName xmlns="http://www.tei-c.org/ns/1.0"><forename type="first">Julia</forename><surname>Hockenmaier</surname></persName>
		</author>
		<ptr target="http://aclweb.org/anthology/W16-3203" />
	</analytic>
	<monogr>
		<title level="m">Proceedings of the 5th Workshop on Vision and Language</title>
		<meeting>the 5th Workshop on Vision and Language<address><addrLine>Berlin, Germany</addrLine></address></meeting>
		<imprint>
			<date type="published" when="2016" />
			<biblScope unit="page" from="19" to="28" />
		</imprint>
	</monogr>
</biblStruct>

<biblStruct >
	<analytic>
		<title level="a" type="main">Learning whom to trust with MACE</title>
		<author>
			<persName xmlns="http://www.tei-c.org/ns/1.0"><forename type="first">Dirk</forename><surname>Hovy</surname></persName>
		</author>
		<author>
			<persName xmlns="http://www.tei-c.org/ns/1.0"><forename type="first">Taylor</forename><surname>Berg-Kirkpatrick</surname></persName>
		</author>
		<author>
			<persName xmlns="http://www.tei-c.org/ns/1.0"><forename type="first">Ashish</forename><surname>Vaswani</surname></persName>
		</author>
		<author>
			<persName xmlns="http://www.tei-c.org/ns/1.0"><forename type="first">Eduard</forename><forename type="middle">H</forename><surname>Hovy</surname></persName>
		</author>
		<ptr target="http://aclweb.org/anthology/N13-1132" />
	</analytic>
	<monogr>
		<title level="m">Proceedings of NAACLHLT</title>
		<meeting>NAACLHLT<address><addrLine>Atlanta, GA, USA</addrLine></address></meeting>
		<imprint>
			<date type="published" when="2013" />
			<biblScope unit="page" from="1120" to="1130" />
		</imprint>
	</monogr>
</biblStruct>

<biblStruct >
	<analytic>
		<title level="a" type="main">Applying natural language generation to indicative summarization</title>
		<author>
			<persName xmlns="http://www.tei-c.org/ns/1.0"><forename type="first">Min-Yen</forename><surname>Kan</surname></persName>
		</author>
		<author>
			<persName xmlns="http://www.tei-c.org/ns/1.0"><forename type="first">Kathleen</forename><forename type="middle">R</forename><surname>Mckeown</surname></persName>
		</author>
		<author>
			<persName xmlns="http://www.tei-c.org/ns/1.0"><forename type="first">Judith</forename><forename type="middle">L</forename><surname>Klavans</surname></persName>
		</author>
		<idno type="doi">10.3115/1117840.1117853</idno>
		<ptr target="https://doi.org/10.3115/1117840.1117853" />
	</analytic>
	<monogr>
		<title level="m">Proceedings of the 8th European Workshop on Natural Language Generation. Association for Computational Linguistics</title>
		<meeting>the 8th European Workshop on Natural Language Generation. Association for Computational Linguistics<address><addrLine>Toulouse, France</addrLine></address></meeting>
		<imprint>
			<date type="published" when="2001" />
			<biblScope unit="page" from="1" to="9" />
		</imprint>
	</monogr>
</biblStruct>

<biblStruct >
	<monogr>
		<title level="m" type="main">Adversarial evaluation of dialogue models</title>
		<author>
			<persName xmlns="http://www.tei-c.org/ns/1.0"><forename type="first">Anjuli</forename><surname>Kannan</surname></persName>
		</author>
		<author>
			<persName xmlns="http://www.tei-c.org/ns/1.0"><forename type="first">Oriol</forename><surname>Vinyals</surname></persName>
		</author>
		<idno>CoRR abs/1701.08198</idno>
		<ptr target="https://arxiv.org/abs/1701.08198" />
		<imprint>
			<date type="published" when="2017" />
		</imprint>
	</monogr>
</biblStruct>

<biblStruct >
	<analytic>
		<title level="a" type="main">Re-evaluating automatic metrics for image captioning</title>
		<author>
			<persName xmlns="http://www.tei-c.org/ns/1.0"><forename type="first">Mert</forename><surname>Kilickaya</surname></persName>
		</author>
		<author>
			<persName xmlns="http://www.tei-c.org/ns/1.0"><forename type="first">Aykut</forename><surname>Erdem</surname></persName>
		</author>
		<author>
			<persName xmlns="http://www.tei-c.org/ns/1.0"><forename type="first">Nazli</forename><surname>Ikizler-Cinbis</surname></persName>
		</author>
		<author>
			<persName xmlns="http://www.tei-c.org/ns/1.0"><forename type="first">Erkut</forename><surname>Erdem</surname></persName>
		</author>
		<idno type="arXiv">arXiv:1612.07600</idno>
		<ptr target="https://arxiv.org/abs/1612.07600" />
	</analytic>
	<monogr>
		<title level="m">Proceedings of the 15th Conference of the European Chapter of the Association for Computational Linguistics</title>
		<meeting>the 15th Conference of the European Chapter of the Association for Computational Linguistics<address><addrLine>Valencia, Spain</addrLine></address></meeting>
		<imprint>
			<publisher>Association for Computational Linguistics</publisher>
			<date type="published" when="2017" />
		</imprint>
	</monogr>
</biblStruct>

<biblStruct >
	<analytic>
		<title level="a" type="main">Imitation learning for language generation from unaligned data</title>
		<author>
			<persName xmlns="http://www.tei-c.org/ns/1.0"><forename type="first">Gerasimos</forename><surname>Lampouras</surname></persName>
		</author>
		<author>
			<persName xmlns="http://www.tei-c.org/ns/1.0"><forename type="first">Andreas</forename><surname>Vlachos</surname></persName>
		</author>
		<ptr target="http://aclweb.org/anthology/C16-1105" />
	</analytic>
	<monogr>
		<title level="m">Proceedings of COLING 2016, the 26th International Conference on Computational Linguistics: Technical Papers. The COLING 2016 Organizing Committee</title>
		<meeting>COLING 2016, the 26th International Conference on Computational Linguistics: Technical Papers. The COLING 2016 Organizing Committee<address><addrLine>Osaka, Japan</addrLine></address></meeting>
		<imprint>
			<date type="published" when="2016" />
			<biblScope unit="page" from="1101" to="1112" />
		</imprint>
	</monogr>
</biblStruct>

<biblStruct >
	<analytic>
		<title level="a" type="main">The measurement of observer agreement for categorical data</title>
		<author>
			<persName xmlns="http://www.tei-c.org/ns/1.0"><forename type="first">Richard</forename><surname>Landis</surname></persName>
		</author>
		<author>
			<persName xmlns="http://www.tei-c.org/ns/1.0"><forename type="first">Gary G</forename><surname>Koch</surname></persName>
		</author>
	</analytic>
	<monogr>
		<title level="j">Biometrics</title>
		<imprint>
			<biblScope unit="volume">33</biblScope>
			<biblScope unit="issue">1</biblScope>
			<biblScope unit="page" from="159" to="174" />
			<date type="published" when="1977" />
		</imprint>
	</monogr>
</biblStruct>

<biblStruct >
	<monogr>
		<title/>
		<idno type="doi">10.2307/2529310</idno>
		<ptr target="https://doi.org/10.2307/2529310" />
		<imprint/>
	</monogr>
</biblStruct>

<biblStruct >
	<analytic>
		<title level="a" type="main">METEOR: An automatic metric for MT evaluation with high levels of correlation with human judgments</title>
		<author>
			<persName xmlns="http://www.tei-c.org/ns/1.0"><forename type="first">Alon</forename><surname>Lavie</surname></persName>
		</author>
		<author>
			<persName xmlns="http://www.tei-c.org/ns/1.0"><forename type="first">Abhaya</forename><surname>Agarwal</surname></persName>
		</author>
		<ptr target="http://aclweb.org/anthology/W07-0734" />
	</analytic>
	<monogr>
		<title level="m">Proceedings of the Second Workshop on Statistical Machine Translation</title>
		<meeting>the Second Workshop on Statistical Machine Translation<address><addrLine>Prague, Czech Republic</addrLine></address></meeting>
		<imprint>
			<publisher>Association for Computational Linguistics</publisher>
			<date type="published" when="2007" />
			<biblScope unit="page" from="228" to="231" />
		</imprint>
	</monogr>
</biblStruct>

<biblStruct >
	<analytic>
		<title level="a" type="main">ROUGE: A package for automatic evaluation of summaries</title>
		<author>
			<persName xmlns="http://www.tei-c.org/ns/1.0"><forename type="first">Chin-Yew</forename><surname>Lin</surname></persName>
		</author>
		<ptr target="http://aclweb.org/anthology/W04-1013" />
	</analytic>
	<monogr>
		<title level="m">Text summarization branches out: Proceedings of the ACL04 workshop</title>
		<meeting><address><addrLine>Barcelona, Spain</addrLine></address></meeting>
		<imprint>
			<date type="published" when="2004" />
			<biblScope unit="page" from="74" to="81" />
		</imprint>
	</monogr>
</biblStruct>

<biblStruct >
	<analytic>
		<title level="a" type="main">How NOT to evaluate your dialogue system: An empirical study of unsupervised evaluation metrics for dialogue response generation</title>
		<author>
			<persName xmlns="http://www.tei-c.org/ns/1.0"><forename type="first">Chia-Wei</forename><surname>Liu</surname></persName>
		</author>
		<author>
			<persName xmlns="http://www.tei-c.org/ns/1.0"><forename type="first">Ryan</forename><surname>Lowe</surname></persName>
		</author>
		<author>
			<persName xmlns="http://www.tei-c.org/ns/1.0"><forename type="first">Iulian</forename><surname>Serban</surname></persName>
		</author>
		<author>
			<persName xmlns="http://www.tei-c.org/ns/1.0"><forename type="first">Michael</forename><surname>Noseworthy</surname></persName>
		</author>
		<author>
			<persName xmlns="http://www.tei-c.org/ns/1.0"><forename type="first">Laurent</forename><surname>Charlin</surname></persName>
		</author>
		<author>
			<persName xmlns="http://www.tei-c.org/ns/1.0"><forename type="first">Joelle</forename><surname>Pineau</surname></persName>
		</author>
		<idno type="arXiv">arXiv:1603.08023</idno>
		<ptr target="http://aclweb.org/anthology/D16-1230" />
	</analytic>
	<monogr>
		<title level="m">Proceedings of the 2016 Conference on Empirical Methods in Natural Language Processing</title>
		<meeting>the 2016 Conference on Empirical Methods in Natural Language Processing<address><addrLine>Austin, TX, USA</addrLine></address></meeting>
		<imprint>
			<date type="published" when="2016" />
			<biblScope unit="page" from="2122" to="2132" />
		</imprint>
	</monogr>
</biblStruct>

<biblStruct >
	<analytic>
		<title level="a" type="main">Phrase-based statistical language generation using graphical models and active learning</title>
		<author>
			<persName xmlns="http://www.tei-c.org/ns/1.0"><forename type="first">François</forename><surname>Mairesse</surname></persName>
		</author>
		<author>
			<persName xmlns="http://www.tei-c.org/ns/1.0"><forename type="first">Milica</forename><surname>Gaši´gaši´c</surname></persName>
		</author>
		<author>
			<persName xmlns="http://www.tei-c.org/ns/1.0"><forename type="first">Filip</forename><surname>Jurčíček</surname></persName>
		</author>
		<author>
			<persName xmlns="http://www.tei-c.org/ns/1.0"><forename type="first">Simon</forename><surname>Keizer</surname></persName>
		</author>
		<author>
			<persName xmlns="http://www.tei-c.org/ns/1.0"><forename type="first">Blaise</forename><surname>Thomson</surname></persName>
		</author>
		<author>
			<persName xmlns="http://www.tei-c.org/ns/1.0"><forename type="first">Kai</forename><surname>Yu</surname></persName>
		</author>
		<author>
			<persName xmlns="http://www.tei-c.org/ns/1.0"><forename type="first">Steve</forename><surname>Young</surname></persName>
		</author>
		<ptr target="http://aclweb.org/anthology/P10-1157" />
	</analytic>
	<monogr>
		<title level="m">Proceedings of the 48th Annual Meeting of the Association for Computational Linguistics</title>
		<meeting>the 48th Annual Meeting of the Association for Computational Linguistics<address><addrLine>Uppsala, Sweden</addrLine></address></meeting>
		<imprint>
			<publisher>Association for Computational Linguistics</publisher>
			<date type="published" when="2010" />
			<biblScope unit="page" from="1552" to="1561" />
		</imprint>
	</monogr>
</biblStruct>

<biblStruct >
	<analytic>
		<title level="a" type="main">What to talk about and how? Selective generation using LSTMs with coarse-tofine alignment</title>
		<author>
			<persName xmlns="http://www.tei-c.org/ns/1.0"><forename type="first">Hongyuan</forename><surname>Mei</surname></persName>
		</author>
		<author>
			<persName xmlns="http://www.tei-c.org/ns/1.0"><forename type="first">Mohit</forename><surname>Bansal</surname></persName>
		</author>
		<author>
			<persName xmlns="http://www.tei-c.org/ns/1.0"><forename type="first">Matthew</forename><forename type="middle">R</forename><surname>Walter</surname></persName>
		</author>
		<idno type="arXiv">arXiv:1509.00838</idno>
		<ptr target="http://aclweb.org/anthology/N16-1086" />
	</analytic>
	<monogr>
		<title level="m">Proceedings of NAACL-HLT 2016</title>
		<meeting>NAACL-HLT 2016<address><addrLine>San Diego, CA, USA</addrLine></address></meeting>
		<imprint>
			<date type="published" when="2016" />
		</imprint>
	</monogr>
</biblStruct>

<biblStruct >
	<analytic>
		<title level="a" type="main">There&apos;s no comparison: Reference-less evaluation metrics in grammatical error correction</title>
		<author>
			<persName xmlns="http://www.tei-c.org/ns/1.0"><forename type="first">Courtney</forename><surname>Napoles</surname></persName>
		</author>
		<author>
			<persName xmlns="http://www.tei-c.org/ns/1.0"><forename type="first">Keisuke</forename><surname>Sakaguchi</surname></persName>
		</author>
		<author>
			<persName xmlns="http://www.tei-c.org/ns/1.0"><forename type="first">Joel</forename><surname>Tetreault</surname></persName>
		</author>
		<idno type="arXiv">arXiv:1610.02124</idno>
	</analytic>
	<monogr>
		<title level="m">Proceedings of the 2016 Conference on Empirical Methods in Natural Language Processing</title>
		<meeting>the 2016 Conference on Empirical Methods in Natural Language Processing<address><addrLine>Austin, TX, USA</addrLine></address></meeting>
		<imprint>
			<date type="published" when="2016" />
			<biblScope unit="page" from="2109" to="2115" />
		</imprint>
	</monogr>
</biblStruct>

<biblStruct >
	<analytic>
		<title level="a" type="main">The E2E dataset: New challenges for end-to-end generation</title>
		<author>
			<persName xmlns="http://www.tei-c.org/ns/1.0"><forename type="first">Jekaterina</forename><surname>Novikova</surname></persName>
		</author>
		<author>
			<persName xmlns="http://www.tei-c.org/ns/1.0"><forename type="first">Ondrej</forename><surname>Dušek</surname></persName>
		</author>
		<author>
			<persName xmlns="http://www.tei-c.org/ns/1.0"><forename type="first">Verena</forename><surname>Rieser</surname></persName>
		</author>
		<idno>1706.09254</idno>
		<ptr target="https://arxiv.org/abs/1706.09254" />
	</analytic>
	<monogr>
		<title level="m">Proceedings of the 18th Annual Meeting of the Special Interest Group on Discourse and Dialogue</title>
		<meeting>the 18th Annual Meeting of the Special Interest Group on Discourse and Dialogue<address><addrLine>Saarbrücken, Germany</addrLine></address></meeting>
		<imprint>
			<date type="published" when="2017" />
		</imprint>
	</monogr>
</biblStruct>

<biblStruct >
	<analytic>
		<title level="a" type="main">Crowd-sourcing NLG data: Pictures elicit better data</title>
		<author>
			<persName xmlns="http://www.tei-c.org/ns/1.0"><forename type="first">Jekaterina</forename><surname>Novikova</surname></persName>
		</author>
		<author>
			<persName xmlns="http://www.tei-c.org/ns/1.0"><forename type="first">Oliver</forename><surname>Lemon</surname></persName>
		</author>
		<author>
			<persName xmlns="http://www.tei-c.org/ns/1.0"><forename type="first">Verena</forename><surname>Rieser</surname></persName>
		</author>
		<idno type="arXiv">arXiv:1608.00339</idno>
		<ptr target="http://aclweb.org/anthology/W16-2302" />
	</analytic>
	<monogr>
		<title level="m">Proceedings of the 9th International Natural Language Generation Conference</title>
		<meeting>the 9th International Natural Language Generation Conference<address><addrLine>Edinburgh, UK</addrLine></address></meeting>
		<imprint>
			<date type="published" when="2016" />
			<biblScope unit="page" from="265" to="273" />
		</imprint>
	</monogr>
</biblStruct>

<biblStruct >
	<analytic>
		<title level="a" type="main">BLEU: a method for automatic evaluation of machine translation</title>
		<author>
			<persName xmlns="http://www.tei-c.org/ns/1.0"><forename type="first">Kishore</forename><surname>Papineni</surname></persName>
		</author>
		<author>
			<persName xmlns="http://www.tei-c.org/ns/1.0"><forename type="first">Salim</forename><surname>Roukos</surname></persName>
		</author>
		<author>
			<persName xmlns="http://www.tei-c.org/ns/1.0"><forename type="first">Todd</forename><surname>Ward</surname></persName>
		</author>
		<author>
			<persName xmlns="http://www.tei-c.org/ns/1.0"><forename type="first">Weijing</forename><surname>Zhu</surname></persName>
		</author>
		<ptr target="http://aclweb.org/anthology/P02-1040" />
	</analytic>
	<monogr>
		<title level="m">Proceedings of the 40th Annual Meeting of the Association for Computational Linguistics. Association for Computational Linguistics</title>
		<meeting>the 40th Annual Meeting of the Association for Computational Linguistics. Association for Computational Linguistics<address><addrLine>Philadelphia, PA, USA</addrLine></address></meeting>
		<imprint>
			<date type="published" when="2002" />
			<biblScope unit="page" from="311" to="318" />
		</imprint>
	</monogr>
</biblStruct>

<biblStruct >
	<analytic>
		<title level="a" type="main">An investigation into the validity of some metrics for automatically evaluating natural language generation systems</title>
		<author>
			<persName xmlns="http://www.tei-c.org/ns/1.0"><forename type="first">Ehud</forename><surname>Reiter</surname></persName>
		</author>
		<author>
			<persName xmlns="http://www.tei-c.org/ns/1.0"><forename type="first">Anja</forename><surname>Belz</surname></persName>
		</author>
		<idno type="doi">10.1162/coli.2009.35.4.35405</idno>
		<ptr target="https://doi.org/10.1162/coli.2009.35.4.35405" />
	</analytic>
	<monogr>
		<title level="j">Computational Linguistics</title>
		<imprint>
			<biblScope unit="volume">35</biblScope>
			<biblScope unit="issue">4</biblScope>
			<biblScope unit="page" from="529" to="558" />
			<date type="published" when="2009" />
		</imprint>
	</monogr>
</biblStruct>

<biblStruct >
	<analytic>
		<title level="a" type="main">Natural language generation as incremental planning under uncertainty: Adaptive information presentation for statistical dialogue systems</title>
		<author>
			<persName xmlns="http://www.tei-c.org/ns/1.0"><forename type="first">Verena</forename><surname>Rieser</surname></persName>
		</author>
		<author>
			<persName xmlns="http://www.tei-c.org/ns/1.0"><forename type="first">Oliver</forename><surname>Lemon</surname></persName>
		</author>
		<author>
			<persName xmlns="http://www.tei-c.org/ns/1.0"><forename type="first">Simon</forename><surname>Keizer</surname></persName>
		</author>
		<idno type="doi">10.1109/TASL.2014.2315271</idno>
		<ptr target="https://doi.org/10.1109/TASL.2014.2315271" />
	</analytic>
	<monogr>
		<title level="j">IEEE/ACM Transactions on Audio, Speech, and Language Processing</title>
		<imprint>
			<biblScope unit="volume">22</biblScope>
			<biblScope unit="issue">5</biblScope>
			<biblScope unit="page" from="979" to="993" />
			<date type="published" when="2014" />
		</imprint>
	</monogr>
</biblStruct>

<biblStruct >
	<monogr>
		<title level="m" type="main">Natural language generation in dialogue using lexicalized and delexicalized data</title>
		<author>
			<persName xmlns="http://www.tei-c.org/ns/1.0"><forename type="first">Shikhar</forename><surname>Sharma</surname></persName>
		</author>
		<author>
			<persName xmlns="http://www.tei-c.org/ns/1.0"><forename type="first">Jing</forename><surname>He</surname></persName>
		</author>
		<author>
			<persName xmlns="http://www.tei-c.org/ns/1.0"><forename type="first">Kaheer</forename><surname>Suleman</surname></persName>
		</author>
		<author>
			<persName xmlns="http://www.tei-c.org/ns/1.0"><forename type="first">Hannes</forename><surname>Schulz</surname></persName>
		</author>
		<author>
			<persName xmlns="http://www.tei-c.org/ns/1.0"><forename type="first">Philip</forename><surname>Bachman</surname></persName>
		</author>
		<idno>CoRR abs/1606.03632</idno>
		<ptr target="http://arxiv.org/abs/1606.03632" />
		<imprint>
			<date type="published" when="2016" />
		</imprint>
	</monogr>
</biblStruct>

<biblStruct >
	<analytic>
		<title level="a" type="main">A study of translation edit rate with targeted human annotation</title>
		<author>
			<persName xmlns="http://www.tei-c.org/ns/1.0"><forename type="first">Matthew</forename><surname>Snover</surname></persName>
		</author>
		<author>
			<persName xmlns="http://www.tei-c.org/ns/1.0"><forename type="first">Bonnie</forename><surname>Dorr</surname></persName>
		</author>
		<author>
			<persName xmlns="http://www.tei-c.org/ns/1.0"><forename type="first">Richard</forename><surname>Schwartz</surname></persName>
		</author>
		<author>
			<persName xmlns="http://www.tei-c.org/ns/1.0"><forename type="first">Linnea</forename><surname>Micciulla</surname></persName>
		</author>
		<author>
			<persName xmlns="http://www.tei-c.org/ns/1.0"><forename type="first">John</forename><surname>Makhoul</surname></persName>
		</author>
		<ptr target="http://mt-archive.info/AMTA-2006-Snover.pdf" />
	</analytic>
	<monogr>
		<title level="m">Proceedings of the 7th Conference of the Association for Machine Translation of the Americas</title>
		<meeting>the 7th Conference of the Association for Machine Translation of the Americas<address><addrLine>Cambridge, MA, USA</addrLine></address></meeting>
		<imprint>
			<date type="published" when="2006" />
			<biblScope unit="page" from="223" to="231" />
		</imprint>
	</monogr>
</biblStruct>

<biblStruct >
	<analytic>
		<title level="a" type="main">Machine translation evaluation versus quality estimation</title>
		<author>
			<persName xmlns="http://www.tei-c.org/ns/1.0"><forename type="first">Lucia</forename><surname>Specia</surname></persName>
		</author>
		<author>
			<persName xmlns="http://www.tei-c.org/ns/1.0"><forename type="first">Dhwaj</forename><surname>Raj</surname></persName>
		</author>
		<author>
			<persName xmlns="http://www.tei-c.org/ns/1.0"><forename type="first">Marco</forename><surname>Turchi</surname></persName>
		</author>
		<idno type="doi">10.1007/s10590-010-9077-2</idno>
		<ptr target="https://doi.org/10.1007/s10590-010-9077-2" />
	</analytic>
	<monogr>
		<title level="j">Machine translation</title>
		<imprint>
			<biblScope unit="volume">24</biblScope>
			<biblScope unit="issue">1</biblScope>
			<biblScope unit="page" from="39" to="50" />
			<date type="published" when="2010" />
		</imprint>
	</monogr>
</biblStruct>

<biblStruct >
	<analytic>
		<title level="a" type="main">Evaluating evaluation methods for generation in the presence of variation</title>
		<author>
			<persName xmlns="http://www.tei-c.org/ns/1.0"><forename type="first">Amanda</forename><surname>Stent</surname></persName>
		</author>
		<author>
			<persName xmlns="http://www.tei-c.org/ns/1.0"><forename type="first">Matthew</forename><surname>Marge</surname></persName>
		</author>
		<author>
			<persName xmlns="http://www.tei-c.org/ns/1.0"><forename type="first">Mohit</forename><surname>Singhai</surname></persName>
		</author>
		<idno type="doi">10.1007/978-3-540-30586-638</idno>
		<ptr target="https://doi.org/10.1007/978-3-540-30586-638" />
	</analytic>
	<monogr>
		<title level="m">Computational Linguistics and Intelligent Text Processing: 6th International Conference, CICLing</title>
		<meeting><address><addrLine>Mexico City, Mexico; Berlin/Heidelberg</addrLine></address></meeting>
		<imprint>
			<publisher>Springer</publisher>
			<date type="published" when="2005-02-13" />
			<biblScope unit="page" from="341" to="351" />
		</imprint>
	</monogr>
<note type="report_type">Proceedings</note>
</biblStruct>

<biblStruct >
	<analytic>
		<title level="a" type="main">CIDEr: Consensusbased image description evaluation</title>
		<author>
			<persName xmlns="http://www.tei-c.org/ns/1.0"><forename type="first">C</forename><forename type="middle">Lawrence</forename><surname>Ramakrishna Vedantam</surname></persName>
		</author>
		<author>
			<persName xmlns="http://www.tei-c.org/ns/1.0"><forename type="first">Devi</forename><surname>Zitnick</surname></persName>
		</author>
		<author>
			<persName xmlns="http://www.tei-c.org/ns/1.0"><surname>Parikh</surname></persName>
		</author>
		<idno type="doi">10.1109/CVPR.2015.7299087</idno>
		<ptr target="https://doi.org/10.1109/CVPR.2015.7299087" />
	</analytic>
	<monogr>
		<title level="m">Proceedings of the 2015 IEEE Conference on Computer Vision and Pattern Recognition (CVPR)</title>
		<meeting>the 2015 IEEE Conference on Computer Vision and Pattern Recognition (CVPR)<address><addrLine>Boston, MA, USA</addrLine></address></meeting>
		<imprint>
			<date type="published" when="2015" />
			<biblScope unit="page" from="4566" to="4575" />
		</imprint>
	</monogr>
</biblStruct>

<biblStruct >
	<analytic>
		<title level="a" type="main">Multidomain neural network language generation for spoken dialogue systems</title>
		<author>
			<persName xmlns="http://www.tei-c.org/ns/1.0"><forename type="first">Milica</forename><surname>Tsung-Hsien Wen</surname></persName>
		</author>
		<author>
			<persName xmlns="http://www.tei-c.org/ns/1.0"><forename type="first">Nikola</forename><surname>Gaši´gaši´c</surname></persName>
		</author>
		<author>
			<persName xmlns="http://www.tei-c.org/ns/1.0"><forename type="first">Lina</forename><forename type="middle">Maria</forename><surname>Mrkši´mrkši´c</surname></persName>
		</author>
		<author>
			<persName xmlns="http://www.tei-c.org/ns/1.0"><forename type="first">Pei-Hao</forename><surname>Rojas-Barahona</surname></persName>
		</author>
		<author>
			<persName xmlns="http://www.tei-c.org/ns/1.0"><forename type="first">David</forename><surname>Su</surname></persName>
		</author>
		<author>
			<persName xmlns="http://www.tei-c.org/ns/1.0"><forename type="first">Steve</forename><forename type="middle">J</forename><surname>Vandyke</surname></persName>
		</author>
		<author>
			<persName xmlns="http://www.tei-c.org/ns/1.0"><surname>Young</surname></persName>
		</author>
		<idno type="arXiv">arXiv:1603.01232</idno>
	</analytic>
	<monogr>
		<title level="m">Proceedings of the 2016 Conference of the North American Chapter of the Association for Computational Linguistics: Human Language Technologies</title>
		<meeting>the 2016 Conference of the North American Chapter of the Association for Computational Linguistics: Human Language Technologies<address><addrLine>San Diego, CA, USA</addrLine></address></meeting>
		<imprint>
			<date type="published" when="2016" />
			<biblScope unit="page" from="120" to="129" />
		</imprint>
	</monogr>
</biblStruct>

<biblStruct >
	<analytic>
		<title level="a" type="main">Semantically conditioned LSTM-based natural language generation for spoken dialogue systems</title>
		<author>
			<persName xmlns="http://www.tei-c.org/ns/1.0"><forename type="first">Milica</forename><surname>Tsung-Hsien Wen</surname></persName>
		</author>
		<author>
			<persName xmlns="http://www.tei-c.org/ns/1.0"><forename type="first">Nikola</forename><surname>Gaši´gaši´c</surname></persName>
		</author>
		<author>
			<persName xmlns="http://www.tei-c.org/ns/1.0"><forename type="first">Pei-Hao</forename><surname>Mrkši´mrkši´c</surname></persName>
		</author>
		<author>
			<persName xmlns="http://www.tei-c.org/ns/1.0"><forename type="first">David</forename><surname>Su</surname></persName>
		</author>
		<author>
			<persName xmlns="http://www.tei-c.org/ns/1.0"><forename type="first">Steve</forename><surname>Vandyke</surname></persName>
		</author>
		<author>
			<persName xmlns="http://www.tei-c.org/ns/1.0"><surname>Young</surname></persName>
		</author>
	</analytic>
	<monogr>
		<title level="m">Proceedings of the 2015 Conference on Empirical Methods in Natural Language Processing</title>
		<meeting>the 2015 Conference on Empirical Methods in Natural Language Processing<address><addrLine>Lisbon, Portugal</addrLine></address></meeting>
		<imprint>
			<date type="published" when="2015" />
			<biblScope unit="page" from="1711" to="1721" />
		</imprint>
	</monogr>
</biblStruct>

<biblStruct >
	<monogr>
		<title level="m" type="main">Regression analysis</title>
		<author>
			<persName xmlns="http://www.tei-c.org/ns/1.0"><forename type="first">Evan</forename><forename type="middle">James</forename></persName>
		</author>
		<author>
			<persName xmlns="http://www.tei-c.org/ns/1.0"><forename type="first">Williams</forename></persName>
		</author>
		<imprint>
			<date type="published" when="1959" />
			<publisher>John Wiley &amp; Sons</publisher>
			<pubPlace>New York, NY, USA</pubPlace>
		</imprint>
	</monogr>
</biblStruct>

			</listBibl>
		</back>
	</text>
</TEI>
