<?xml version="1.0" ?>
<TEI xmlns="http://www.tei-c.org/ns/1.0" xmlns:xlink="http://www.w3.org/1999/xlink" 
 xmlns:mml="http://www.w3.org/1998/Math/MathML">
	<teiHeader>
		<fileDesc xml:id="f_211"/>
	</teiHeader>
	<text>
		<front/>
		<body/>
		<back>
			<listBibl>
<biblStruct >
	<monogr>
		<title level="m" type="main">Less is more? How demographic sample weights can improve public opinion estimates based on Twitter data</title>
		<author>
			<persName xmlns="http://www.tei-c.org/ns/1.0"><forename type="first">Pablo</forename><surname>Barberá</surname></persName>
		</author>
		<imprint>
			<date type="published" when="2016" />
		</imprint>
	</monogr>
<note type="report_type">Working Paper</note>
</biblStruct>

<biblStruct >
	<monogr>
		<title level="m" type="main">Anchoring and Agreement in Syntactic Annotations</title>
		<author>
			<persName xmlns="http://www.tei-c.org/ns/1.0"><forename type="first">Yevgeni</forename><surname>Berzak</surname></persName>
		</author>
		<author>
			<persName xmlns="http://www.tei-c.org/ns/1.0"><forename type="first">Yan</forename><surname>Huang</surname></persName>
		</author>
		<author>
			<persName xmlns="http://www.tei-c.org/ns/1.0"><forename type="first">Andrei</forename><surname>Barbu</surname></persName>
		</author>
		<author>
			<persName xmlns="http://www.tei-c.org/ns/1.0"><forename type="first">Anna</forename><surname>Korhonen</surname></persName>
		</author>
		<author>
			<persName xmlns="http://www.tei-c.org/ns/1.0"><forename type="first">Boris</forename><surname>Katz</surname></persName>
		</author>
		<idno type="arXiv">arXiv:1605.04481</idno>
		<imprint>
			<date type="published" when="2016" />
		</imprint>
	</monogr>
<note type="report_type">arXiv preprint</note>
</biblStruct>

<biblStruct >
	<monogr>
		<title level="m" type="main">Demographic dialectal variation in social media: A case study of African-American English</title>
		<author>
			<persName xmlns="http://www.tei-c.org/ns/1.0"><forename type="first">Lisa</forename><surname>Su Lin Blodgett</surname></persName>
		</author>
		<author>
			<persName xmlns="http://www.tei-c.org/ns/1.0"><forename type="first">Brendan O&amp;apos;</forename><surname>Green</surname></persName>
		</author>
		<author>
			<persName xmlns="http://www.tei-c.org/ns/1.0"><surname>Connor</surname></persName>
		</author>
		<imprint>
			<date type="published" when="2016" />
			<biblScope unit="page">16</biblScope>
		</imprint>
	</monogr>
</biblStruct>

<biblStruct >
	<analytic>
		<title level="a" type="main">Discriminating Gender on Twitter</title>
		<author>
			<persName xmlns="http://www.tei-c.org/ns/1.0"><forename type="first">John</forename><forename type="middle">D</forename><surname>Burger</surname></persName>
		</author>
		<author>
			<persName xmlns="http://www.tei-c.org/ns/1.0"><forename type="first">John</forename><surname>Henderson</surname></persName>
		</author>
		<author>
			<persName xmlns="http://www.tei-c.org/ns/1.0"><forename type="first">George</forename><surname>Kim</surname></persName>
		</author>
		<author>
			<persName xmlns="http://www.tei-c.org/ns/1.0"><forename type="first">Guido</forename><surname>Zarrella</surname></persName>
		</author>
	</analytic>
	<monogr>
		<title level="m">Proceedings of the Conference on Empirical Methods in Natural Language Processing, EMNLP &apos;11</title>
		<meeting>the Conference on Empirical Methods in Natural Language Processing, EMNLP &apos;11<address><addrLine>Stroudsburg, PA, USA</addrLine></address></meeting>
		<imprint>
			<publisher>Association for Computational Linguistics</publisher>
			<date type="published" when="2011" />
			<biblScope unit="page" from="1301" to="1309" />
		</imprint>
	</monogr>
</biblStruct>

<biblStruct >
	<analytic>
		<title level="a" type="main">Real Men Don&apos;t Say &quot;Cute&quot;: Using Automatic Language Analysis to Isolate Inaccurate Aspects of Stereotypes</title>
		<author>
			<persName xmlns="http://www.tei-c.org/ns/1.0"><forename type="first">Jordan</forename><surname>Carpenter</surname></persName>
		</author>
		<author>
			<persName xmlns="http://www.tei-c.org/ns/1.0"><forename type="first">Daniel</forename><surname>Preot¸iucpreot¸iuc-Pietro</surname></persName>
		</author>
		<author>
			<persName xmlns="http://www.tei-c.org/ns/1.0"><forename type="first">Lucie</forename><surname>Flekova</surname></persName>
		</author>
		<author>
			<persName xmlns="http://www.tei-c.org/ns/1.0"><forename type="first">Salvatore</forename><surname>Giorgi</surname></persName>
		</author>
		<author>
			<persName xmlns="http://www.tei-c.org/ns/1.0"><forename type="first">Courtney</forename><surname>Hagan</surname></persName>
		</author>
		<author>
			<persName xmlns="http://www.tei-c.org/ns/1.0"><forename type="first">Margaret</forename><surname>Kern</surname></persName>
		</author>
		<author>
			<persName xmlns="http://www.tei-c.org/ns/1.0"><forename type="first">E</forename><forename type="middle">K</forename><surname>Anneke</surname></persName>
		</author>
		<author>
			<persName xmlns="http://www.tei-c.org/ns/1.0"><forename type="first">Lyle</forename><surname>Buffone</surname></persName>
		</author>
		<author>
			<persName xmlns="http://www.tei-c.org/ns/1.0"><forename type="first">Martin</forename><forename type="middle">E P</forename><surname>Ungar</surname></persName>
		</author>
		<author>
			<persName xmlns="http://www.tei-c.org/ns/1.0"><surname>Seligman</surname></persName>
		</author>
	</analytic>
	<monogr>
		<title level="j">Social Psychological and Personality Science</title>
		<imprint>
			<date type="published" when="2016" />
		</imprint>
	</monogr>
</biblStruct>

<biblStruct >
	<monogr>
				<author>
			<persName xmlns="http://www.tei-c.org/ns/1.0"><forename type="first">Xin</forename><surname>Chen</surname></persName>
		</author>
		<author>
			<persName xmlns="http://www.tei-c.org/ns/1.0"><forename type="first">Yu</forename><surname>Wang</surname></persName>
		</author>
		<author>
			<persName xmlns="http://www.tei-c.org/ns/1.0"><forename type="first">Eugene</forename><surname>Agichtein</surname></persName>
		</author>
		<author>
			<persName xmlns="http://www.tei-c.org/ns/1.0"><forename type="first">Fusheng</forename><surname>Wang</surname></persName>
		</author>
		<title level="m">A Comparative Study of Demographic Attribute Inference in Twitter. ICWSM</title>
		<imprint>
			<date type="published" when="2015" />
			<biblScope unit="volume">15</biblScope>
			<biblScope unit="page" from="590" to="593" />
		</imprint>
	</monogr>
</biblStruct>

<biblStruct >
	<monogr>
		<title level="m" type="main">Classifying political orientation on Twitter: It&apos;s not easy! In ICWSM</title>
		<author>
			<persName xmlns="http://www.tei-c.org/ns/1.0"><forename type="first">Raviv</forename><surname>Cohen</surname></persName>
		</author>
		<author>
			<persName xmlns="http://www.tei-c.org/ns/1.0"><forename type="first">Derek</forename><surname>Ruths</surname></persName>
		</author>
		<imprint>
			<date type="published" when="2013" />
		</imprint>
	</monogr>
</biblStruct>

<biblStruct >
	<analytic>
		<title level="a" type="main">POMDP-based control of workflows for crowdsourcing</title>
		<author>
			<persName xmlns="http://www.tei-c.org/ns/1.0"><forename type="first">Peng</forename><surname>Dai</surname></persName>
		</author>
		<author>
			<persName xmlns="http://www.tei-c.org/ns/1.0"><forename type="first">Christopher</forename><forename type="middle">H</forename><surname>Lin</surname></persName>
		</author>
		<author>
			<persName xmlns="http://www.tei-c.org/ns/1.0"><forename type="first">Mausam</forename></persName>
		</author>
		<author>
			<persName xmlns="http://www.tei-c.org/ns/1.0"><forename type="first">Daniel</forename><forename type="middle">S</forename><surname>Weld</surname></persName>
		</author>
	</analytic>
	<monogr>
		<title level="j">Artificial Intelligence</title>
		<imprint>
			<biblScope unit="volume">202</biblScope>
			<biblScope unit="page" from="52" to="85" />
			<date type="published" when="2013" />
		</imprint>
	</monogr>
</biblStruct>

<biblStruct >
	<monogr>
		<title level="m" type="main">Adapting computational text analysis to social science (and vice versa)</title>
		<author>
			<persName xmlns="http://www.tei-c.org/ns/1.0"><forename type="first">Paul</forename><surname>Dimaggio</surname></persName>
		</author>
		<imprint>
			<date type="published" when="2015" />
			<publisher>Big Data &amp; Society</publisher>
			<biblScope unit="volume">2</biblScope>
		</imprint>
	</monogr>
</biblStruct>

<biblStruct >
	<monogr>
		<title level="m" type="main">A Joint Sentiment-Target-Stance Model for Stance Classification in Tweets</title>
		<author>
			<persName xmlns="http://www.tei-c.org/ns/1.0"><forename type="first">Javid</forename><surname>Ebrahimi</surname></persName>
		</author>
		<author>
			<persName xmlns="http://www.tei-c.org/ns/1.0"><forename type="first">Dejing</forename><surname>Dou</surname></persName>
		</author>
		<author>
			<persName xmlns="http://www.tei-c.org/ns/1.0"><forename type="first">Daniel</forename><surname>Lowd</surname></persName>
		</author>
		<imprint>
			<date type="published" when="2016" />
			<biblScope unit="page">16</biblScope>
		</imprint>
	</monogr>
</biblStruct>

<biblStruct >
	<analytic>
		<title level="a" type="main">Contextualized Sentiment Analysis</title>
		<author>
			<persName xmlns="http://www.tei-c.org/ns/1.0"><forename type="first">Will</forename><surname>Frankenstein</surname></persName>
		</author>
		<author>
			<persName xmlns="http://www.tei-c.org/ns/1.0"><forename type="first">Kenneth</forename><surname>Joseph</surname></persName>
		</author>
		<author>
			<persName xmlns="http://www.tei-c.org/ns/1.0"><forename type="first">K</forename><forename type="middle">M</forename><surname>Carley</surname></persName>
		</author>
	</analytic>
	<monogr>
		<title level="m">Social Computing, Behavioral-Cultural Modeling and Prediction</title>
		<meeting><address><addrLine>Washington, DC, USA</addrLine></address></meeting>
		<imprint>
			<date type="published" when="2016" />
		</imprint>
	</monogr>
</biblStruct>

<biblStruct >
	<monogr>
				<author>
			<persName xmlns="http://www.tei-c.org/ns/1.0"><forename type="first">Melody</forename><forename type="middle">Y</forename><surname>Guan</surname></persName>
		</author>
		<author>
			<persName xmlns="http://www.tei-c.org/ns/1.0"><forename type="first">Varun</forename><surname>Gulshan</surname></persName>
		</author>
		<author>
			<persName xmlns="http://www.tei-c.org/ns/1.0"><forename type="first">Andrew</forename><forename type="middle">M</forename><surname>Dai</surname></persName>
		</author>
		<author>
			<persName xmlns="http://www.tei-c.org/ns/1.0"><forename type="first">Geoffrey</forename><forename type="middle">E</forename><surname>Hinton</surname></persName>
		</author>
		<idno type="arXiv">arXiv:1703.08774</idno>
		<title level="m">Who Said What: Modeling Individual Labelers Improves Classification</title>
		<imprint>
			<date type="published" when="2017" />
		</imprint>
	</monogr>
	<note>cs</note>
</biblStruct>

<biblStruct >
	<analytic>
		<title level="a" type="main">Voters of the Year&quot;: 19 Voters Who Were Unintentional Election Poll Sensors on Twitter</title>
		<author>
			<persName xmlns="http://www.tei-c.org/ns/1.0"><forename type="first">William</forename><surname>Hobbs</surname></persName>
		</author>
		<author>
			<persName xmlns="http://www.tei-c.org/ns/1.0"><forename type="first">Lisa</forename><surname>Friedland</surname></persName>
		</author>
		<author>
			<persName xmlns="http://www.tei-c.org/ns/1.0"><forename type="first">Kenneth</forename><surname>Joseph</surname></persName>
		</author>
		<author>
			<persName xmlns="http://www.tei-c.org/ns/1.0"><forename type="first">Oren</forename><surname>Tsur</surname></persName>
		</author>
		<author>
			<persName xmlns="http://www.tei-c.org/ns/1.0"><forename type="first">Stefan</forename><surname>Wojcik</surname></persName>
		</author>
		<author>
			<persName xmlns="http://www.tei-c.org/ns/1.0"><forename type="first">David</forename><surname>Lazer</surname></persName>
		</author>
	</analytic>
	<monogr>
		<title level="m">ICWSM</title>
		<imprint>
			<date type="published" when="2017" />
		</imprint>
	</monogr>
</biblStruct>

<biblStruct >
	<analytic>
		<title level="a" type="main">Vader: A parsimonious rule-based model for sentiment analysis of social media text</title>
		<author>
			<persName xmlns="http://www.tei-c.org/ns/1.0"><forename type="first">C</forename><forename type="middle">J</forename><surname>Hutto</surname></persName>
		</author>
		<author>
			<persName xmlns="http://www.tei-c.org/ns/1.0"><forename type="first">Eric</forename><surname>Gilbert</surname></persName>
		</author>
	</analytic>
	<monogr>
		<title level="m">Eighth International AAAI Conference on Weblogs and Social Media</title>
		<imprint>
			<date type="published" when="2014" />
		</imprint>
	</monogr>
</biblStruct>

<biblStruct >
	<analytic>
		<title level="a" type="main">Girls rule, boys drool: Extracting semantic and affective stereotypes from Twitter</title>
		<author>
			<persName xmlns="http://www.tei-c.org/ns/1.0"><forename type="first">Kenneth</forename><surname>Joseph</surname></persName>
		</author>
		<author>
			<persName xmlns="http://www.tei-c.org/ns/1.0"><forename type="first">Wei</forename><surname>Wei</surname></persName>
		</author>
		<author>
			<persName xmlns="http://www.tei-c.org/ns/1.0"><forename type="first">Kathleen</forename><forename type="middle">M</forename><surname>Carley</surname></persName>
		</author>
	</analytic>
	<monogr>
		<title level="m">2017 ACM Conference on Computer Supported Cooperative Work</title>
		<imprint>
			<publisher>CSCW</publisher>
			<date type="published" when="2017" />
		</imprint>
	</monogr>
</biblStruct>

<biblStruct >
	<analytic>
		<title level="a" type="main">Semeval-2016 task 6: Detecting stance in tweets</title>
		<author>
			<persName xmlns="http://www.tei-c.org/ns/1.0"><forename type="first">M</forename><surname>Saif</surname></persName>
		</author>
		<author>
			<persName xmlns="http://www.tei-c.org/ns/1.0"><forename type="first">Svetlana</forename><surname>Mohammad</surname></persName>
		</author>
		<author>
			<persName xmlns="http://www.tei-c.org/ns/1.0"><forename type="first">Parinaz</forename><surname>Kiritchenko</surname></persName>
		</author>
		<author>
			<persName xmlns="http://www.tei-c.org/ns/1.0"><forename type="first">Xiaodan</forename><surname>Sobhani</surname></persName>
		</author>
		<author>
			<persName xmlns="http://www.tei-c.org/ns/1.0"><forename type="first">Colin</forename><surname>Zhu</surname></persName>
		</author>
		<author>
			<persName xmlns="http://www.tei-c.org/ns/1.0"><surname>Cherry</surname></persName>
		</author>
	</analytic>
	<monogr>
		<title level="m">Proceedings of the International Workshop on Semantic Evaluation</title>
		<meeting>the International Workshop on Semantic Evaluation</meeting>
		<imprint>
			<date type="published" when="2016" />
			<biblScope unit="volume">16</biblScope>
		</imprint>
	</monogr>
</biblStruct>

<biblStruct >
	<monogr>
		<title level="m" type="main">Stance and sentiment in tweets</title>
		<author>
			<persName xmlns="http://www.tei-c.org/ns/1.0"><forename type="first">M</forename><surname>Saif</surname></persName>
		</author>
		<author>
			<persName xmlns="http://www.tei-c.org/ns/1.0"><forename type="first">Parinaz</forename><surname>Mohammad</surname></persName>
		</author>
		<author>
			<persName xmlns="http://www.tei-c.org/ns/1.0"><forename type="first">Svetlana</forename><surname>Sobhani</surname></persName>
		</author>
		<author>
			<persName xmlns="http://www.tei-c.org/ns/1.0"><surname>Kiritchenko</surname></persName>
		</author>
		<idno type="arXiv">arXiv:1605.01655</idno>
		<imprint>
			<date type="published" when="2016" />
		</imprint>
	</monogr>
<note type="report_type">arXiv preprint</note>
</biblStruct>

<biblStruct >
	<analytic>
		<title level="a" type="main">Replacing mechanical turkers? challenges in the evaluation of models with semantic properties</title>
		<author>
			<persName xmlns="http://www.tei-c.org/ns/1.0"><forename type="first">Fred</forename><surname>Morstatter</surname></persName>
		</author>
		<author>
			<persName xmlns="http://www.tei-c.org/ns/1.0"><forename type="first">Huan</forename><surname>Liu</surname></persName>
		</author>
	</analytic>
	<monogr>
		<title level="j">Journal of Data and Information Quality (JDIQ)</title>
		<imprint>
			<biblScope unit="volume">7</biblScope>
			<biblScope unit="issue">4</biblScope>
			<biblScope unit="page">15</biblScope>
			<date type="published" when="2016" />
		</imprint>
	</monogr>
</biblStruct>

<biblStruct >
	<analytic>
		<title level="a" type="main">Probabilistic modeling for crowdsourcing partially-subjective ratings</title>
		<author>
			<persName xmlns="http://www.tei-c.org/ns/1.0"><forename type="first">An</forename><forename type="middle">Thanh</forename><surname>Nguyen</surname></persName>
		</author>
		<author>
			<persName xmlns="http://www.tei-c.org/ns/1.0"><forename type="first">Matthew</forename><surname>Halpern</surname></persName>
		</author>
		<author>
			<persName xmlns="http://www.tei-c.org/ns/1.0"><forename type="first">Byron</forename><forename type="middle">C</forename><surname>Wallace</surname></persName>
		</author>
		<author>
			<persName xmlns="http://www.tei-c.org/ns/1.0"><forename type="first">Matthew</forename><surname>Lease</surname></persName>
		</author>
	</analytic>
	<monogr>
		<title level="m">Proceedings of The Conference on Human Computation and Crowdsourcing (HCOMP)</title>
		<meeting>The Conference on Human Computation and Crowdsourcing (HCOMP)</meeting>
		<imprint>
			<date type="published" when="2016" />
			<biblScope unit="page" from="149" to="158" />
		</imprint>
	</monogr>
</biblStruct>

<biblStruct >
	<analytic>
		<title level="a" type="main">How Old Do You Think I Am?&quot;: A Study of Language and Age in Twitter</title>
		<author>
			<persName xmlns="http://www.tei-c.org/ns/1.0"><forename type="first">Dong</forename><surname>Nguyen</surname></persName>
		</author>
		<author>
			<persName xmlns="http://www.tei-c.org/ns/1.0"><forename type="first">Rilana</forename><surname>Gravel</surname></persName>
		</author>
		<author>
			<persName xmlns="http://www.tei-c.org/ns/1.0"><forename type="first">Dolf</forename><surname>Trieschnigg</surname></persName>
		</author>
		<author>
			<persName xmlns="http://www.tei-c.org/ns/1.0"><forename type="first">Theo</forename><surname>Meder</surname></persName>
		</author>
	</analytic>
	<monogr>
		<title level="m">Seventh International AAAI Conference on Weblogs and Social Media</title>
		<imprint>
			<date type="published" when="2013" />
		</imprint>
	</monogr>
</biblStruct>

<biblStruct >
	<analytic>
		<title level="a" type="main">Why gender and age prediction from tweets is hard: Lessons from a crowdsourcing experiment</title>
		<author>
			<persName xmlns="http://www.tei-c.org/ns/1.0"><forename type="first">Dong-Phuong</forename><surname>Nguyen</surname></persName>
		</author>
		<author>
			<persName xmlns="http://www.tei-c.org/ns/1.0"><forename type="first">R</forename><forename type="middle">B</forename><surname>Trieschnigg</surname></persName>
		</author>
		<author>
			<persName xmlns="http://www.tei-c.org/ns/1.0"><forename type="first">A</forename><surname>Seza Do˘ Gruöz</surname></persName>
		</author>
		<author>
			<persName xmlns="http://www.tei-c.org/ns/1.0"><forename type="first">Rilana</forename><surname>Gravel</surname></persName>
		</author>
		<author>
			<persName xmlns="http://www.tei-c.org/ns/1.0"><forename type="first">Mariët</forename><surname>Theune</surname></persName>
		</author>
		<author>
			<persName xmlns="http://www.tei-c.org/ns/1.0"><forename type="first">Theo</forename><surname>Meder</surname></persName>
		</author>
		<author>
			<persName xmlns="http://www.tei-c.org/ns/1.0"><forename type="first">F</forename><forename type="middle">M G</forename><surname>De</surname></persName>
		</author>
		<author>
			<persName xmlns="http://www.tei-c.org/ns/1.0"><forename type="first">Jong</forename></persName>
		</author>
	</analytic>
	<monogr>
		<title level="m">Proceedings of COLING</title>
		<meeting>COLING</meeting>
		<imprint>
			<date type="published" when="2014" />
		</imprint>
	</monogr>
</biblStruct>

<biblStruct >
	<analytic>
		<title level="a" type="main">The benefits of a model of annotation</title>
		<author>
			<persName xmlns="http://www.tei-c.org/ns/1.0"><forename type="first">Rebecca</forename><forename type="middle">J</forename><surname>Passonneau</surname></persName>
		</author>
		<author>
			<persName xmlns="http://www.tei-c.org/ns/1.0"><forename type="first">Bob</forename><surname>Carpenter</surname></persName>
		</author>
	</analytic>
	<monogr>
		<title level="j">Transactions of the Association for Computational Linguistics</title>
		<imprint>
			<biblScope unit="volume">2</biblScope>
			<biblScope unit="page" from="311" to="326" />
			<date type="published" when="2014" />
		</imprint>
	</monogr>
</biblStruct>

<biblStruct >
	<analytic>
		<title level="a" type="main">Learning from crowds</title>
		<author>
			<persName xmlns="http://www.tei-c.org/ns/1.0"><forename type="first">C</forename><surname>Vikas</surname></persName>
		</author>
		<author>
			<persName xmlns="http://www.tei-c.org/ns/1.0"><forename type="first">Shipeng</forename><surname>Raykar</surname></persName>
		</author>
		<author>
			<persName xmlns="http://www.tei-c.org/ns/1.0"><forename type="first">Linda</forename><forename type="middle">H</forename><surname>Yu</surname></persName>
		</author>
		<author>
			<persName xmlns="http://www.tei-c.org/ns/1.0"><forename type="first">Gerardo</forename><forename type="middle">Hermosillo</forename><surname>Zhao</surname></persName>
		</author>
		<author>
			<persName xmlns="http://www.tei-c.org/ns/1.0"><forename type="first">Charles</forename><surname>Valadez</surname></persName>
		</author>
		<author>
			<persName xmlns="http://www.tei-c.org/ns/1.0"><forename type="first">Luca</forename><surname>Florin</surname></persName>
		</author>
		<author>
			<persName xmlns="http://www.tei-c.org/ns/1.0"><forename type="first">Linda</forename><surname>Bogoni</surname></persName>
		</author>
		<author>
			<persName xmlns="http://www.tei-c.org/ns/1.0"><surname>Moy</surname></persName>
		</author>
	</analytic>
	<monogr>
		<title level="j">Journal of Machine Learning Research</title>
		<imprint>
			<biblScope unit="volume">11</biblScope>
			<biblScope unit="page" from="1297" to="1322" />
			<date type="published" when="2010-04" />
		</imprint>
	</monogr>
</biblStruct>

<biblStruct >
	<analytic>
		<title level="a" type="main">What I&apos;ve learned about annotating informal text (and why you shouldn&apos;t take my word for it)</title>
		<author>
			<persName xmlns="http://www.tei-c.org/ns/1.0"><forename type="first">Nathan</forename><surname>Schneider</surname></persName>
		</author>
	</analytic>
	<monogr>
		<title level="m">The 9th Linguistic Annotation Workshop Held in Conjuncion with NAACL 2015</title>
		<imprint>
			<date type="published" when="2015" />
			<biblScope unit="page">152</biblScope>
		</imprint>
	</monogr>
</biblStruct>

<biblStruct >
	<monogr>
		<title level="m" type="main">A framework for (under) specifying dependency syntax without overloading annotators</title>
		<author>
			<persName xmlns="http://www.tei-c.org/ns/1.0"><forename type="first">Nathan</forename><surname>Schneider</surname></persName>
		</author>
		<author>
			<persName xmlns="http://www.tei-c.org/ns/1.0"><forename type="first">O&amp;apos;</forename><surname>Brendan</surname></persName>
		</author>
		<author>
			<persName xmlns="http://www.tei-c.org/ns/1.0"><forename type="first">Naomi</forename><surname>Connor</surname></persName>
		</author>
		<author>
			<persName xmlns="http://www.tei-c.org/ns/1.0"><forename type="first">David</forename><surname>Saphra</surname></persName>
		</author>
		<author>
			<persName xmlns="http://www.tei-c.org/ns/1.0"><forename type="first">Manaal</forename><surname>Bamman</surname></persName>
		</author>
		<author>
			<persName xmlns="http://www.tei-c.org/ns/1.0"><forename type="first">Noah</forename><forename type="middle">A</forename><surname>Faruqui</surname></persName>
		</author>
		<author>
			<persName xmlns="http://www.tei-c.org/ns/1.0"><forename type="first">Chris</forename><surname>Smith</surname></persName>
		</author>
		<author>
			<persName xmlns="http://www.tei-c.org/ns/1.0"><forename type="first">Jason</forename><surname>Dyer</surname></persName>
		</author>
		<author>
			<persName xmlns="http://www.tei-c.org/ns/1.0"><surname>Baldridge</surname></persName>
		</author>
		<idno type="arXiv">arXiv:1306.2091</idno>
		<imprint>
			<date type="published" when="2013" />
		</imprint>
	</monogr>
<note type="report_type">arXiv preprint</note>
</biblStruct>

<biblStruct >
	<analytic>
		<title level="a" type="main">Towards Domain-Specific Semantic Relatedness: A Case Study from Geography</title>
		<author>
			<persName xmlns="http://www.tei-c.org/ns/1.0"><forename type="first">Shilad</forename><surname>Sen</surname></persName>
		</author>
		<author>
			<persName xmlns="http://www.tei-c.org/ns/1.0"><forename type="first">Isaac</forename><forename type="middle">L</forename><surname>Johnson</surname></persName>
		</author>
		<author>
			<persName xmlns="http://www.tei-c.org/ns/1.0"><forename type="first">Rebecca</forename><surname>Harper</surname></persName>
		</author>
		<author>
			<persName xmlns="http://www.tei-c.org/ns/1.0"><forename type="first">Huy</forename><surname>Mai</surname></persName>
		</author>
		<author>
			<persName xmlns="http://www.tei-c.org/ns/1.0"><forename type="first">Samuel</forename><forename type="middle">Horlbeck</forename><surname>Olsen</surname></persName>
		</author>
		<author>
			<persName xmlns="http://www.tei-c.org/ns/1.0"><forename type="first">Benjamin</forename><surname>Mathers</surname></persName>
		</author>
		<author>
			<persName xmlns="http://www.tei-c.org/ns/1.0"><forename type="first">Laura</forename><forename type="middle">Souza</forename><surname>Vonessen</surname></persName>
		</author>
		<author>
			<persName xmlns="http://www.tei-c.org/ns/1.0"><forename type="first">Matthew</forename><surname>Wright</surname></persName>
		</author>
		<author>
			<persName xmlns="http://www.tei-c.org/ns/1.0"><forename type="first">Brent</forename><forename type="middle">J</forename><surname>Hecht</surname></persName>
		</author>
	</analytic>
	<monogr>
		<title level="m">IJCAI</title>
		<imprint>
			<date type="published" when="2015" />
			<biblScope unit="page" from="2362" to="2370" />
		</imprint>
	</monogr>
</biblStruct>

<biblStruct >
	<analytic>
		<title level="a" type="main">Learning from crowds in the presence of schools of thought</title>
		<author>
			<persName xmlns="http://www.tei-c.org/ns/1.0"><forename type="first">Yuandong</forename><surname>Tian</surname></persName>
		</author>
	</analytic>
	<monogr>
		<title level="m">Proceedings of the 18th ACM SIGKDD International Conference on Knowledge Discovery and Data Mining</title>
		<meeting>the 18th ACM SIGKDD International Conference on Knowledge Discovery and Data Mining</meeting>
		<imprint>
			<publisher>ACM</publisher>
			<date type="published" when="2012" />
			<biblScope unit="page" from="226" to="234" />
		</imprint>
	</monogr>
</biblStruct>

<biblStruct >
	<analytic>
		<title level="a" type="main">Bayesian bias mitigation for crowdsourcing</title>
		<author>
			<persName xmlns="http://www.tei-c.org/ns/1.0"><forename type="first">L</forename><surname>Fabian</surname></persName>
		</author>
		<author>
			<persName xmlns="http://www.tei-c.org/ns/1.0"><forename type="first">Michael</forename><forename type="middle">I</forename><surname>Wauthier</surname></persName>
		</author>
		<author>
			<persName xmlns="http://www.tei-c.org/ns/1.0"><surname>Jordan</surname></persName>
		</author>
	</analytic>
	<monogr>
		<title level="m">Advances in Neural Information Processing Systems</title>
		<imprint>
			<date type="published" when="2011" />
			<biblScope unit="page" from="1800" to="1808" />
		</imprint>
	</monogr>
</biblStruct>

			</listBibl>
		</back>
	</text>
</TEI>
