<?xml version="1.0" ?>
<TEI xmlns="http://www.tei-c.org/ns/1.0" xmlns:xlink="http://www.w3.org/1999/xlink" 
 xmlns:mml="http://www.w3.org/1998/Math/MathML">
	<teiHeader>
		<fileDesc xml:id="f_1113"/>
	</teiHeader>
	<text>
		<front/>
		<body/>
		<back>
			<listBibl>
<biblStruct >
	<monogr>
		<title level="m" type="main">Diagnostic and Statistical Manual of Mental Disorders (DSM5)</title>
		<imprint>
			<date type="published" when="2013" />
			<publisher>American Psychiatric Association</publisher>
		</imprint>
	</monogr>
	<note>American Psychiatric Association</note>
</biblStruct>

<biblStruct >
	<monogr>
		<title level="m" type="main">The scale for assessment of thought, language and communication (TLC)</title>
		<author>
			<persName xmlns="http://www.tei-c.org/ns/1.0"><forename type="first">Nancy</forename><forename type="middle">C</forename><surname>Andreasen</surname></persName>
		</author>
		<imprint>
			<date type="published" when="1986" />
		</imprint>
	</monogr>
</biblStruct>

<biblStruct >
	<analytic>
		<title/>
	</analytic>
	<monogr>
		<title level="j">Schizophrenia Bulletin</title>
		<imprint>
			<biblScope unit="volume">12</biblScope>
			<biblScope unit="page" from="473" to="482" />
		</imprint>
	</monogr>
</biblStruct>

<biblStruct >
	<monogr>
		<title level="m" type="main">Automated analysis of free speech predicts psychosis onset in high-risk youths</title>
		<author>
			<persName xmlns="http://www.tei-c.org/ns/1.0"><forename type="first">Gillinder</forename><surname>Bedi</surname></persName>
		</author>
		<author>
			<persName xmlns="http://www.tei-c.org/ns/1.0"><forename type="first">Facundo</forename><surname>Carrillo</surname></persName>
		</author>
		<author>
			<persName xmlns="http://www.tei-c.org/ns/1.0"><forename type="first">Guillermo</forename><forename type="middle">A</forename><surname>Cecchi</surname></persName>
		</author>
		<author>
			<persName xmlns="http://www.tei-c.org/ns/1.0"><forename type="first">Diego</forename><forename type="middle">Fernández</forename><surname>Slezak</surname></persName>
		</author>
		<author>
			<persName xmlns="http://www.tei-c.org/ns/1.0"><forename type="first">Mariano</forename><surname>Sigman</surname></persName>
		</author>
		<author>
			<persName xmlns="http://www.tei-c.org/ns/1.0"><forename type="first">Natália</forename><forename type="middle">B</forename><surname>Mota</surname></persName>
		</author>
		<author>
			<persName xmlns="http://www.tei-c.org/ns/1.0"><forename type="first">Sidarta</forename><surname>Ribeiro</surname></persName>
		</author>
		<author>
			<persName xmlns="http://www.tei-c.org/ns/1.0"><forename type="first">Daniel</forename><forename type="middle">C</forename><surname>Javitt</surname></persName>
		</author>
		<author>
			<persName xmlns="http://www.tei-c.org/ns/1.0"><forename type="first">Mauro</forename><surname>Copelli</surname></persName>
		</author>
		<author>
			<persName xmlns="http://www.tei-c.org/ns/1.0"><forename type="first">Cheryl</forename><forename type="middle">M</forename><surname>Corcoran</surname></persName>
		</author>
		<imprint>
			<date type="published" when="2015" />
			<biblScope unit="page">15030</biblScope>
		</imprint>
	</monogr>
</biblStruct>

<biblStruct >
	<monogr>
		<title/>
		<author>
			<persName xmlns="http://www.tei-c.org/ns/1.0"><forename type="first">S</forename><surname>Ben-David</surname></persName>
		</author>
		<author>
			<persName xmlns="http://www.tei-c.org/ns/1.0"><forename type="first">M</forename><surname>Birnbaum</surname></persName>
		</author>
		<author>
			<persName xmlns="http://www.tei-c.org/ns/1.0"><forename type="first">M</forename><surname>Eilenberg</surname></persName>
		</author>
		<author>
			<persName xmlns="http://www.tei-c.org/ns/1.0"><forename type="first">J</forename><surname>Devylder</surname></persName>
		</author>
		<author>
			<persName xmlns="http://www.tei-c.org/ns/1.0"><forename type="first">K</forename><surname>Gill</surname></persName>
		</author>
		<author>
			<persName xmlns="http://www.tei-c.org/ns/1.0"><forename type="first">J</forename><surname>Schienle</surname></persName>
		</author>
		<author>
			<persName xmlns="http://www.tei-c.org/ns/1.0"><forename type="first">N</forename><surname>Azimov</surname></persName>
		</author>
		<author>
			<persName xmlns="http://www.tei-c.org/ns/1.0"><forename type="first">E</forename><forename type="middle">P</forename><surname>Lukens</surname></persName>
		</author>
		<imprint/>
	</monogr>
</biblStruct>

<biblStruct >
	<analytic>
		<title level="a" type="main">Language in schizophrenia part 1: an introduction</title>
		<author>
			<persName xmlns="http://www.tei-c.org/ns/1.0"><forename type="first">R</forename><surname>Gina</surname></persName>
		</author>
		<author>
			<persName xmlns="http://www.tei-c.org/ns/1.0"><surname>Kuperberg</surname></persName>
		</author>
	</analytic>
	<monogr>
		<title level="j">Language and Linguistics Compass</title>
		<imprint>
			<biblScope unit="volume">4</biblScope>
			<biblScope unit="issue">8</biblScope>
			<biblScope unit="page" from="576" to="589" />
			<date type="published" when="2010" />
		</imprint>
	</monogr>
</biblStruct>

<biblStruct >
	<analytic>
		<title level="a" type="main">Topic models for word sense disambiguation and token-based idiom detection</title>
		<author>
			<persName xmlns="http://www.tei-c.org/ns/1.0"><forename type="first">Linlin</forename><surname>Li</surname></persName>
		</author>
		<author>
			<persName xmlns="http://www.tei-c.org/ns/1.0"><forename type="first">Benjamin</forename><surname>Roth</surname></persName>
		</author>
		<author>
			<persName xmlns="http://www.tei-c.org/ns/1.0"><forename type="first">Caroline</forename><surname>Sporleder</surname></persName>
		</author>
	</analytic>
	<monogr>
		<title level="m">Proceedings of the 48th Annual Meeting of the Association for Computational Linguistics. Association for Computational Linguistics</title>
		<meeting>the 48th Annual Meeting of the Association for Computational Linguistics. Association for Computational Linguistics</meeting>
		<imprint>
			<date type="published" when="2010" />
			<biblScope unit="page" from="1138" to="1147" />
		</imprint>
	</monogr>
</biblStruct>

<biblStruct >
	<analytic>
		<title level="a" type="main">Classifier combination for contextual idiom detection without labelled data</title>
		<author>
			<persName xmlns="http://www.tei-c.org/ns/1.0"><forename type="first">Linlin</forename><surname>Li</surname></persName>
		</author>
		<author>
			<persName xmlns="http://www.tei-c.org/ns/1.0"><forename type="first">Caroline</forename><surname>Sporleder</surname></persName>
		</author>
	</analytic>
	<monogr>
		<title level="m">Proceedings of the 2009 Conference on Empirical Methods in Natural Language Processing</title>
		<meeting>the 2009 Conference on Empirical Methods in Natural Language Processing</meeting>
		<imprint>
			<date type="published" when="2009" />
			<biblScope unit="volume">1</biblScope>
			<biblScope unit="page" from="315" to="323" />
		</imprint>
	</monogr>
	<note>Association for Computational Linguistics</note>
</biblStruct>

<biblStruct >
	<analytic>
		<title level="a" type="main">Using Gaussian mixture models to detect figurative language in context</title>
		<author>
			<persName xmlns="http://www.tei-c.org/ns/1.0"><forename type="first">Linlin</forename><surname>Li</surname></persName>
		</author>
		<author>
			<persName xmlns="http://www.tei-c.org/ns/1.0"><forename type="first">Caroline</forename><surname>Sporleder</surname></persName>
		</author>
	</analytic>
	<monogr>
		<title level="m">Human Language Technologies: The 2010 Annual Conference of the North American Chapter of the Association for Computational Linguistics</title>
		<imprint>
			<publisher>Association for Computational Linguistics</publisher>
			<date type="published" when="2010" />
			<biblScope unit="page" from="297" to="300" />
		</imprint>
	</monogr>
</biblStruct>

<biblStruct >
	<monogr>
				<author>
			<persName xmlns="http://www.tei-c.org/ns/1.0"><forename type="first">Bing</forename><surname>Liu</surname></persName>
		</author>
		<title level="m">Sentiment Analysis: Mining Opinions, Sentiments, and Emotions</title>
		<meeting><address><addrLine>Cambridge, UK</addrLine></address></meeting>
		<imprint>
			<publisher>Cambridge University Press</publisher>
			<date type="published" when="2015" />
		</imprint>
	</monogr>
</biblStruct>

<biblStruct >
	<analytic>
		<title level="a" type="main">Prodromal assessment with the structured interview for prodromal syndromes and the scale of prodromal symptoms: predictive validity, interrater reliability, and training to reliability</title>
		<author>
			<persName xmlns="http://www.tei-c.org/ns/1.0"><forename type="first">Tandy</forename><forename type="middle">J</forename><surname>Miller</surname></persName>
		</author>
		<author>
			<persName xmlns="http://www.tei-c.org/ns/1.0"><forename type="first">Thomas</forename><forename type="middle">H</forename><surname>Mcglashan</surname></persName>
		</author>
		<author>
			<persName xmlns="http://www.tei-c.org/ns/1.0"><forename type="first">Joanna</forename><forename type="middle">L</forename><surname>Rosen</surname></persName>
		</author>
		<author>
			<persName xmlns="http://www.tei-c.org/ns/1.0"><forename type="first">Kristen</forename><surname>Cadenhead</surname></persName>
		</author>
		<author>
			<persName xmlns="http://www.tei-c.org/ns/1.0"><forename type="first">Joseph</forename><surname>Ventura</surname></persName>
		</author>
		<author>
			<persName xmlns="http://www.tei-c.org/ns/1.0"><forename type="first">William</forename><surname>Mcfarlane</surname></persName>
		</author>
		<author>
			<persName xmlns="http://www.tei-c.org/ns/1.0"><forename type="first">Diana</forename><forename type="middle">O</forename><surname>Perkins</surname></persName>
		</author>
		<author>
			<persName xmlns="http://www.tei-c.org/ns/1.0"><forename type="first">Godfrey</forename><forename type="middle">D</forename><surname>Pearlson</surname></persName>
		</author>
		<author>
			<persName xmlns="http://www.tei-c.org/ns/1.0"><forename type="first">Scott</forename><forename type="middle">W</forename><surname>Woods</surname></persName>
		</author>
	</analytic>
	<monogr>
		<title level="j">Schizophrenia Bulletin</title>
		<imprint>
			<biblScope unit="volume">29</biblScope>
			<biblScope unit="page" from="703" to="715" />
			<date type="published" when="2003" />
		</imprint>
	</monogr>
</biblStruct>

<biblStruct >
	<analytic>
		<title level="a" type="main">Semantic signatures for example-based linguistic metaphor detection</title>
		<author>
			<persName xmlns="http://www.tei-c.org/ns/1.0"><forename type="first">Michael</forename><surname>Mohler</surname></persName>
		</author>
		<author>
			<persName xmlns="http://www.tei-c.org/ns/1.0"><forename type="first">David</forename><surname>Bracewell</surname></persName>
		</author>
		<author>
			<persName xmlns="http://www.tei-c.org/ns/1.0"><forename type="first">David</forename><surname>Hinote</surname></persName>
		</author>
		<author>
			<persName xmlns="http://www.tei-c.org/ns/1.0"><forename type="first">Marc</forename><surname>Tomlinson</surname></persName>
		</author>
	</analytic>
	<monogr>
		<title level="m">Proceedings of the First Workshop on Metaphor in NLP</title>
		<meeting>the First Workshop on Metaphor in NLP</meeting>
		<imprint>
			<date type="published" when="2013" />
			<biblScope unit="page" from="27" to="35" />
		</imprint>
	</monogr>
</biblStruct>

<biblStruct >
	<analytic>
		<title level="a" type="main">Speech graphs provide a quantitative measure of thought disorder in psychosis</title>
		<author>
			<persName xmlns="http://www.tei-c.org/ns/1.0"><surname>Natalia B Mota</surname></persName>
		</author>
		<author>
			<persName xmlns="http://www.tei-c.org/ns/1.0"><forename type="first">A</forename><forename type="middle">P</forename><surname>Nivaldo</surname></persName>
		</author>
		<author>
			<persName xmlns="http://www.tei-c.org/ns/1.0"><forename type="first">Nathalia</forename><surname>Vasconcelos</surname></persName>
		</author>
		<author>
			<persName xmlns="http://www.tei-c.org/ns/1.0"><forename type="first">Ana</forename><forename type="middle">C</forename><surname>Lemos</surname></persName>
		</author>
		<author>
			<persName xmlns="http://www.tei-c.org/ns/1.0"><forename type="first">Osame</forename><surname>Pieretti</surname></persName>
		</author>
		<author>
			<persName xmlns="http://www.tei-c.org/ns/1.0"><forename type="first">Guillermo</forename><forename type="middle">A</forename><surname>Kinouchi</surname></persName>
		</author>
		<author>
			<persName xmlns="http://www.tei-c.org/ns/1.0"><forename type="first">Mauro</forename><surname>Cecchi</surname></persName>
		</author>
		<author>
			<persName xmlns="http://www.tei-c.org/ns/1.0"><forename type="first">Sidarta</forename><surname>Copelli</surname></persName>
		</author>
		<author>
			<persName xmlns="http://www.tei-c.org/ns/1.0"><surname>Ribeiro</surname></persName>
		</author>
	</analytic>
	<monogr>
		<title level="j">PloS one</title>
		<imprint>
			<biblScope unit="volume">7</biblScope>
			<biblScope unit="issue">4</biblScope>
			<biblScope unit="page">34928</biblScope>
			<date type="published" when="2012" />
		</imprint>
	</monogr>
</biblStruct>

<biblStruct >
	<analytic>
		<title level="a" type="main">Metaphor identification in large texts corpora</title>
		<author>
			<persName xmlns="http://www.tei-c.org/ns/1.0"><forename type="first">Yair</forename><surname>Neuman</surname></persName>
		</author>
		<author>
			<persName xmlns="http://www.tei-c.org/ns/1.0"><forename type="first">Dan</forename><surname>Assaf</surname></persName>
		</author>
		<author>
			<persName xmlns="http://www.tei-c.org/ns/1.0"><forename type="first">Yohai</forename><surname>Cohen</surname></persName>
		</author>
		<author>
			<persName xmlns="http://www.tei-c.org/ns/1.0"><forename type="first">Mark</forename><surname>Last</surname></persName>
		</author>
		<author>
			<persName xmlns="http://www.tei-c.org/ns/1.0"><forename type="first">Shlomo</forename><surname>Argamon</surname></persName>
		</author>
		<author>
			<persName xmlns="http://www.tei-c.org/ns/1.0"><forename type="first">Newton</forename><surname>Howard</surname></persName>
		</author>
		<author>
			<persName xmlns="http://www.tei-c.org/ns/1.0"><forename type="first">Ophir</forename><surname>Frieder</surname></persName>
		</author>
	</analytic>
	<monogr>
		<title level="j">PLoS ONE</title>
		<imprint>
			<biblScope unit="volume">8</biblScope>
			<biblScope unit="page">62343</biblScope>
			<date type="published" when="2013" />
		</imprint>
	</monogr>
</biblStruct>

<biblStruct >
	<analytic>
		<title level="a" type="main">Mental health of young people: a global public-health challenge</title>
		<author>
			<persName xmlns="http://www.tei-c.org/ns/1.0"><forename type="first">Vikram</forename><surname>Patel</surname></persName>
		</author>
		<author>
			<persName xmlns="http://www.tei-c.org/ns/1.0"><forename type="first">Alan</forename><forename type="middle">J</forename><surname>Flisher</surname></persName>
		</author>
		<author>
			<persName xmlns="http://www.tei-c.org/ns/1.0"><forename type="first">Sarah</forename><surname>Hetrick</surname></persName>
		</author>
		<author>
			<persName xmlns="http://www.tei-c.org/ns/1.0"><forename type="first">Patrick</forename><surname>Mcgorry</surname></persName>
		</author>
	</analytic>
	<monogr>
		<title level="j">The Lancet</title>
		<imprint>
			<biblScope unit="volume">369</biblScope>
			<biblScope unit="issue">9569</biblScope>
			<biblScope unit="page" from="1302" to="1313" />
			<date type="published" when="2007" />
		</imprint>
	</monogr>
</biblStruct>

<biblStruct >
	<analytic>
		<title level="a" type="main">Evidence that altered amygdala activity in schizophrenia is related to clinical state and not genetic risk</title>
		<author>
			<persName xmlns="http://www.tei-c.org/ns/1.0"><forename type="first">Roberta</forename><surname>Rasetti</surname></persName>
		</author>
		<author>
			<persName xmlns="http://www.tei-c.org/ns/1.0"><forename type="first">S</forename><surname>Venkata</surname></persName>
		</author>
		<author>
			<persName xmlns="http://www.tei-c.org/ns/1.0"><forename type="first">Lisa</forename><forename type="middle">M</forename><surname>Mattay</surname></persName>
		</author>
		<author>
			<persName xmlns="http://www.tei-c.org/ns/1.0"><surname>Wiedholz</surname></persName>
		</author>
		<author>
			<persName xmlns="http://www.tei-c.org/ns/1.0"><forename type="first">S</forename><surname>Bhaskar</surname></persName>
		</author>
		<author>
			<persName xmlns="http://www.tei-c.org/ns/1.0"><forename type="first">Ahmad</forename><forename type="middle">R</forename><surname>Kolachana</surname></persName>
		</author>
		<author>
			<persName xmlns="http://www.tei-c.org/ns/1.0"><forename type="first">Joseph</forename><forename type="middle">H</forename><surname>Hariri</surname></persName>
		</author>
		<author>
			<persName xmlns="http://www.tei-c.org/ns/1.0"><forename type="first">Andreas</forename><surname>Callicott</surname></persName>
		</author>
		<author>
			<persName xmlns="http://www.tei-c.org/ns/1.0"><forename type="first">Daniel</forename><forename type="middle">R</forename><surname>Meyer-Lindenberg</surname></persName>
		</author>
		<author>
			<persName xmlns="http://www.tei-c.org/ns/1.0"><surname>Weinberger</surname></persName>
		</author>
	</analytic>
	<monogr>
		<title level="j">American Journal of Psychiatry</title>
		<imprint>
			<biblScope unit="volume">166</biblScope>
			<biblScope unit="issue">2</biblScope>
			<biblScope unit="page" from="216" to="225" />
			<date type="published" when="2009" />
		</imprint>
	</monogr>
</biblStruct>

<biblStruct >
	<analytic>
		<title level="a" type="main">Beyond laterality:a critical assement of research on the neural basis of metaphor</title>
		<author>
			<persName xmlns="http://www.tei-c.org/ns/1.0"><forename type="first">Gwenda</forename><forename type="middle">L</forename><surname>Schmidt</surname></persName>
		</author>
		<author>
			<persName xmlns="http://www.tei-c.org/ns/1.0"><forename type="first">Alexander</forename><surname>Kranjec</surname></persName>
		</author>
		<author>
			<persName xmlns="http://www.tei-c.org/ns/1.0"><forename type="first">Eileen</forename><forename type="middle">R</forename><surname>Cardillo</surname></persName>
		</author>
		<author>
			<persName xmlns="http://www.tei-c.org/ns/1.0"><forename type="first">Anjan</forename><surname>Chatterjee</surname></persName>
		</author>
	</analytic>
	<monogr>
		<title level="j">Journal of the International Neuropsychological Society</title>
		<imprint>
			<biblScope unit="volume">16</biblScope>
			<biblScope unit="page" from="1" to="5" />
			<date type="published" when="2010" />
		</imprint>
	</monogr>
</biblStruct>

<biblStruct >
	<analytic>
		<title level="a" type="main">Metaphor detection through term relevance</title>
		<author>
			<persName xmlns="http://www.tei-c.org/ns/1.0"><forename type="first">Marc</forename><surname>Schulder</surname></persName>
		</author>
		<author>
			<persName xmlns="http://www.tei-c.org/ns/1.0"><forename type="first">Eduard</forename><surname>Hovy</surname></persName>
		</author>
	</analytic>
	<monogr>
		<title level="m">Proceedings of the Second Workshop on Metaphor in NLP</title>
		<meeting>the Second Workshop on Metaphor in NLP<address><addrLine>Baltimore, MD, USA</addrLine></address></meeting>
		<imprint>
			<date type="published" when="2014" />
			<biblScope unit="page" from="18" to="26" />
		</imprint>
	</monogr>
</biblStruct>

<biblStruct >
	<analytic>
		<title level="a" type="main">Unsupervised metaphor identification using hierarchical graph factorization clustering</title>
		<author>
			<persName xmlns="http://www.tei-c.org/ns/1.0"><forename type="first">Ekaterina</forename><surname>Shutova</surname></persName>
		</author>
		<author>
			<persName xmlns="http://www.tei-c.org/ns/1.0"><forename type="first">Lin</forename><surname>Sun</surname></persName>
		</author>
	</analytic>
	<monogr>
		<title level="m">Human Language Technologies: The 2013 Annual Conference of the North American Chapter of the Association for Computational Linguistics</title>
		<imprint>
			<date type="published" when="2013" />
			<biblScope unit="page" from="978" to="988" />
		</imprint>
	</monogr>
</biblStruct>

<biblStruct >
	<analytic>
		<title level="a" type="main">Metaphor identification using verb and noun clustering</title>
		<author>
			<persName xmlns="http://www.tei-c.org/ns/1.0"><forename type="first">Ekaterina</forename><surname>Shutova</surname></persName>
		</author>
		<author>
			<persName xmlns="http://www.tei-c.org/ns/1.0"><forename type="first">Lin</forename><surname>Sun</surname></persName>
		</author>
		<author>
			<persName xmlns="http://www.tei-c.org/ns/1.0"><forename type="first">Anna</forename><surname>Korhonen</surname></persName>
		</author>
	</analytic>
	<monogr>
		<title level="m">Proceedings of the 23rd International Conference on Computational Linguistics. Association for Computational Linguistics</title>
		<meeting>the 23rd International Conference on Computational Linguistics. Association for Computational Linguistics</meeting>
		<imprint>
			<date type="published" when="2010" />
			<biblScope unit="page" from="1002" to="1010" />
		</imprint>
	</monogr>
</biblStruct>

<biblStruct >
	<monogr>
		<title level="m" type="main">Design and evaluation of metaphor processing systems</title>
		<author>
			<persName xmlns="http://www.tei-c.org/ns/1.0"><forename type="first">Ekatrina</forename><surname>Shutova</surname></persName>
		</author>
		<imprint>
			<date type="published" when="2015" />
		</imprint>
	</monogr>
	<note>volume Forthcoming</note>
</biblStruct>

<biblStruct >
	<analytic>
		<title level="a" type="main">An evaluation of variation in published estimates of schizophrenia prevalence from 1990-2013: a systematic literature review</title>
		<author>
			<persName xmlns="http://www.tei-c.org/ns/1.0"><forename type="first">C</forename><surname>Jason</surname></persName>
		</author>
		<author>
			<persName xmlns="http://www.tei-c.org/ns/1.0"><forename type="first">Alexandra</forename><forename type="middle">J</forename><surname>Simeone</surname></persName>
		</author>
		<author>
			<persName xmlns="http://www.tei-c.org/ns/1.0"><forename type="first">Philip</forename><surname>Ward</surname></persName>
		</author>
		<author>
			<persName xmlns="http://www.tei-c.org/ns/1.0"><forename type="first">Jenna</forename><surname>Rotella</surname></persName>
		</author>
		<author>
			<persName xmlns="http://www.tei-c.org/ns/1.0"><forename type="first">Ricarda</forename><surname>Collins</surname></persName>
		</author>
		<author>
			<persName xmlns="http://www.tei-c.org/ns/1.0"><surname>Windisch</surname></persName>
		</author>
	</analytic>
	<monogr>
		<title level="j">BMC psychiatry</title>
		<imprint>
			<biblScope unit="volume">15</biblScope>
			<biblScope unit="issue">1</biblScope>
			<biblScope unit="page">193</biblScope>
			<date type="published" when="2015" />
		</imprint>
	</monogr>
</biblStruct>

<biblStruct >
	<analytic>
		<title level="a" type="main">Semantic compositionality through recursive matrix-vector spaces</title>
		<author>
			<persName xmlns="http://www.tei-c.org/ns/1.0"><forename type="first">Richard</forename><surname>Socher</surname></persName>
		</author>
		<author>
			<persName xmlns="http://www.tei-c.org/ns/1.0"><forename type="first">Brody</forename><surname>Huval</surname></persName>
		</author>
		<author>
			<persName xmlns="http://www.tei-c.org/ns/1.0"><forename type="first">Christopher</forename><forename type="middle">D</forename><surname>Manning</surname></persName>
		</author>
		<author>
			<persName xmlns="http://www.tei-c.org/ns/1.0"><forename type="first">Andrew</forename><forename type="middle">Y</forename><surname>Ng</surname></persName>
		</author>
	</analytic>
	<monogr>
		<title level="m">Proceedings of the 2012 Joint Conference on Empirical Methods in Natural Language Processing and Computational Natural Language Learning. Association for Computational Linguistics</title>
		<meeting>the 2012 Joint Conference on Empirical Methods in Natural Language Processing and Computational Natural Language Learning. Association for Computational Linguistics</meeting>
		<imprint>
			<date type="published" when="2012" />
			<biblScope unit="page" from="1201" to="1211" />
		</imprint>
	</monogr>
</biblStruct>

<biblStruct >
	<analytic>
		<title level="a" type="main">Unsupervised recognition of literal and non-literal use of idiomatic expressions</title>
		<author>
			<persName xmlns="http://www.tei-c.org/ns/1.0"><forename type="first">Caroline</forename><surname>Sporleder</surname></persName>
		</author>
		<author>
			<persName xmlns="http://www.tei-c.org/ns/1.0"><forename type="first">Linlin</forename><surname>Li</surname></persName>
		</author>
	</analytic>
	<monogr>
		<title level="m">Proceedings of the 12th Conference of the European Chapter of the Association for Computational Linguistics. Association for Computational Linguistics</title>
		<meeting>the 12th Conference of the European Chapter of the Association for Computational Linguistics. Association for Computational Linguistics</meeting>
		<imprint>
			<date type="published" when="2009" />
			<biblScope unit="page" from="754" to="762" />
		</imprint>
	</monogr>
</biblStruct>

<biblStruct >
	<monogr>
		<title level="m" type="main">A method for linguistic metaphor identification: From MIP to MIPVU</title>
		<author>
			<persName xmlns="http://www.tei-c.org/ns/1.0"><forename type="first">Gerard</forename><forename type="middle">J</forename><surname>Steen</surname></persName>
		</author>
		<author>
			<persName xmlns="http://www.tei-c.org/ns/1.0"><forename type="first">Aletta</forename><forename type="middle">G</forename><surname>Dorst</surname></persName>
		</author>
		<author>
			<persName xmlns="http://www.tei-c.org/ns/1.0"><forename type="first">J</forename><forename type="middle">Berenike</forename><surname>Herrmann</surname></persName>
		</author>
		<author>
			<persName xmlns="http://www.tei-c.org/ns/1.0"><forename type="first">Anna</forename><surname>Kaal</surname></persName>
		</author>
		<author>
			<persName xmlns="http://www.tei-c.org/ns/1.0"><forename type="first">Tina</forename><surname>Krennmayr</surname></persName>
		</author>
		<author>
			<persName xmlns="http://www.tei-c.org/ns/1.0"><forename type="first">Trijntje</forename><surname>Pasma</surname></persName>
		</author>
		<imprint>
			<date type="published" when="2010" />
			<publisher>John Benjamins Publishing</publisher>
			<biblScope unit="volume">14</biblScope>
			<pubPlace>Amsterdam/Philadelphia</pubPlace>
		</imprint>
	</monogr>
</biblStruct>

<biblStruct >
	<analytic>
		<title level="a" type="main">Robust extraction of metaphors from novel data</title>
		<author>
			<persName xmlns="http://www.tei-c.org/ns/1.0"><forename type="first">Tomek</forename><surname>Strzalkowski</surname></persName>
		</author>
		<author>
			<persName xmlns="http://www.tei-c.org/ns/1.0"><forename type="first">George</forename><forename type="middle">A</forename><surname>Broadwell</surname></persName>
		</author>
		<author>
			<persName xmlns="http://www.tei-c.org/ns/1.0"><forename type="first">Sarah</forename><surname>Taylor</surname></persName>
		</author>
		<author>
			<persName xmlns="http://www.tei-c.org/ns/1.0"><forename type="first">Laurie</forename><surname>Feldman</surname></persName>
		</author>
		<author>
			<persName xmlns="http://www.tei-c.org/ns/1.0"><forename type="first">Boris</forename><surname>Yamrom</surname></persName>
		</author>
		<author>
			<persName xmlns="http://www.tei-c.org/ns/1.0"><forename type="first">Samira</forename><surname>Shaikh</surname></persName>
		</author>
		<author>
			<persName xmlns="http://www.tei-c.org/ns/1.0"><forename type="first">Ting</forename><surname>Liu</surname></persName>
		</author>
		<author>
			<persName xmlns="http://www.tei-c.org/ns/1.0"><forename type="first">Kit</forename><surname>Cho</surname></persName>
		</author>
		<author>
			<persName xmlns="http://www.tei-c.org/ns/1.0"><forename type="first">Umit</forename><surname>Boz</surname></persName>
		</author>
		<author>
			<persName xmlns="http://www.tei-c.org/ns/1.0"><forename type="first">Ignacio</forename><surname>Cases</surname></persName>
		</author>
		<author>
			<persName xmlns="http://www.tei-c.org/ns/1.0"><forename type="first">Kyle</forename><surname>Elliot</surname></persName>
		</author>
	</analytic>
	<monogr>
		<title level="m">Proceedings of the First Workshop on Metaphor in NLP. Association for Computational Linguistics</title>
		<meeting>the First Workshop on Metaphor in NLP. Association for Computational Linguistics<address><addrLine>Atlanta, Georgia</addrLine></address></meeting>
		<imprint>
			<date type="published" when="2013" />
			<biblScope unit="page" from="67" to="76" />
		</imprint>
	</monogr>
</biblStruct>

<biblStruct >
	<analytic>
		<title level="a" type="main">Metaphor detection with cross-lingual model transfer</title>
		<author>
			<persName xmlns="http://www.tei-c.org/ns/1.0"><forename type="first">Yulia</forename><surname>Tsvetkov</surname></persName>
		</author>
		<author>
			<persName xmlns="http://www.tei-c.org/ns/1.0"><forename type="first">Leonid</forename><surname>Boytsov</surname></persName>
		</author>
		<author>
			<persName xmlns="http://www.tei-c.org/ns/1.0"><forename type="first">Anatole</forename><surname>Gershman</surname></persName>
		</author>
		<author>
			<persName xmlns="http://www.tei-c.org/ns/1.0"><forename type="first">Eric</forename><surname>Nyberg</surname></persName>
		</author>
		<author>
			<persName xmlns="http://www.tei-c.org/ns/1.0"><forename type="first">Chris</forename><surname>Dyer</surname></persName>
		</author>
	</analytic>
	<monogr>
		<title level="m">Proceedings of the Annual Meeting of the Association for Computational Linguistics</title>
		<meeting>the Annual Meeting of the Association for Computational Linguistics</meeting>
		<imprint>
			<date type="published" when="2014" />
			<biblScope unit="page" from="248" to="258" />
		</imprint>
	</monogr>
</biblStruct>

<biblStruct >
	<monogr>
		<title level="m" type="main">Cross-lingual metaphor detection using common semantic features</title>
		<author>
			<persName xmlns="http://www.tei-c.org/ns/1.0"><forename type="first">Yulia</forename><surname>Tsvetkov</surname></persName>
		</author>
		<author>
			<persName xmlns="http://www.tei-c.org/ns/1.0"><forename type="first">Elena</forename><surname>Mukomel</surname></persName>
		</author>
		<author>
			<persName xmlns="http://www.tei-c.org/ns/1.0"><forename type="first">Anatole</forename><surname>Gershman</surname></persName>
		</author>
		<imprint>
			<date type="published" when="2013" />
		</imprint>
	</monogr>
</biblStruct>

<biblStruct >
	<analytic>
		<title level="a" type="main">Literal and metaphorical sense identification through concrete and abstract context</title>
		<author>
			<persName xmlns="http://www.tei-c.org/ns/1.0"><forename type="first">D</forename><surname>Peter</surname></persName>
		</author>
		<author>
			<persName xmlns="http://www.tei-c.org/ns/1.0"><forename type="first">Yair</forename><surname>Turney</surname></persName>
		</author>
		<author>
			<persName xmlns="http://www.tei-c.org/ns/1.0"><forename type="first">Dan</forename><surname>Neuman</surname></persName>
		</author>
		<author>
			<persName xmlns="http://www.tei-c.org/ns/1.0"><forename type="first">Yohai</forename><surname>Assaf</surname></persName>
		</author>
		<author>
			<persName xmlns="http://www.tei-c.org/ns/1.0"><surname>Cohen</surname></persName>
		</author>
	</analytic>
	<monogr>
		<title level="m">Proceedings of the 2011 Conference on the Empirical Methods in Natural Language Processing. Association for Computational Linguistics</title>
		<meeting>the 2011 Conference on the Empirical Methods in Natural Language Processing. Association for Computational Linguistics<address><addrLine>Stroudsburg, PA, USA</addrLine></address></meeting>
		<imprint>
			<date type="published" when="2011" />
			<biblScope unit="page" from="680" to="690" />
		</imprint>
	</monogr>
</biblStruct>

<biblStruct >
	<analytic>
		<title level="a" type="main">Emotion perception and learning potential: mediators between neurocognition and social problem-solving in schizophrenia?</title>
		<author>
			<persName xmlns="http://www.tei-c.org/ns/1.0"><forename type="first">Anja</forename><surname>Vaskinn</surname></persName>
		</author>
		<author>
			<persName xmlns="http://www.tei-c.org/ns/1.0"><forename type="first">Kjetil</forename><surname>Sundet</surname></persName>
		</author>
		<author>
			<persName xmlns="http://www.tei-c.org/ns/1.0"><forename type="first">Svein</forename><surname>Friis</surname></persName>
		</author>
		<author>
			<persName xmlns="http://www.tei-c.org/ns/1.0"><forename type="first">Carmen</forename><surname>Simonsen</surname></persName>
		</author>
		<author>
			<persName xmlns="http://www.tei-c.org/ns/1.0"><forename type="first">Astrid</forename><forename type="middle">B</forename><surname>Birkenaes</surname></persName>
		</author>
		<author>
			<persName xmlns="http://www.tei-c.org/ns/1.0"><forename type="first">Halldora</forename><surname>Jonsdottir</surname></persName>
		</author>
		<author>
			<persName xmlns="http://www.tei-c.org/ns/1.0"><forename type="first">Ole</forename><forename type="middle">A</forename><surname>Petter Andreas Ringen</surname></persName>
		</author>
		<author>
			<persName xmlns="http://www.tei-c.org/ns/1.0"><surname>Andreassen</surname></persName>
		</author>
	</analytic>
	<monogr>
		<title level="j">Journal of the International Neuropsychological Society</title>
		<imprint>
			<biblScope unit="volume">14</biblScope>
			<biblScope unit="issue">02</biblScope>
			<biblScope unit="page" from="279" to="288" />
			<date type="published" when="2008" />
		</imprint>
	</monogr>
</biblStruct>

<biblStruct >
	<analytic>
		<title level="a" type="main">Detecting mild cognitive impairment by exploiting linguistic information from transcripts</title>
		<author>
			<persName xmlns="http://www.tei-c.org/ns/1.0"><forename type="first">Veronika</forename><surname>Vincze</surname></persName>
		</author>
		<author>
			<persName xmlns="http://www.tei-c.org/ns/1.0"><forename type="first">Gábor</forename><surname>Gosztolya</surname></persName>
		</author>
		<author>
			<persName xmlns="http://www.tei-c.org/ns/1.0"><forename type="first">László</forename><surname>Tóth</surname></persName>
		</author>
		<author>
			<persName xmlns="http://www.tei-c.org/ns/1.0"><forename type="first">Ildikó</forename><surname>Hoffmann</surname></persName>
		</author>
		<author>
			<persName xmlns="http://www.tei-c.org/ns/1.0"><forename type="first">Gréta</forename><surname>Szatlóczki</surname></persName>
		</author>
	</analytic>
	<monogr>
		<title level="m">Proceedings of the 54th Annual Meeting of the Association for Computational Linguistics</title>
		<meeting>the 54th Annual Meeting of the Association for Computational Linguistics<address><addrLine>Berlin, Germany</addrLine></address></meeting>
		<imprint>
			<publisher>Association for Computational Linguistics</publisher>
			<date type="published" when="2016" />
			<biblScope unit="page" from="181" to="187" />
		</imprint>
	</monogr>
</biblStruct>

<biblStruct >
	<monogr>
		<title level="m" type="main">World Health Organization. 2016. Schizophrenia fact sheet</title>
		<imprint/>
	</monogr>
</biblStruct>

			</listBibl>
		</back>
	</text>
</TEI>
