<?xml version="1.0" ?>
<TEI xmlns="http://www.tei-c.org/ns/1.0" xmlns:xlink="http://www.w3.org/1999/xlink" 
 xmlns:mml="http://www.w3.org/1998/Math/MathML">
	<teiHeader>
		<fileDesc xml:id="f_578"/>
	</teiHeader>
	<text>
		<front/>
		<body/>
		<back>
			<listBibl>
<biblStruct >
	<monogr>
		<title level="m" type="main">Sandaime, generally meaning &quot;third</title>
		<imprint/>
	</monogr>
</biblStruct>

<biblStruct >
	<monogr>
		<title/>
		<author>
			<persName xmlns="http://www.tei-c.org/ns/1.0"><forename type="first">Anri</forename><surname>Sakaguchi</surname></persName>
		</author>
		<imprint/>
	</monogr>
</biblStruct>

<biblStruct >
	<monogr>
		<title/>
		<author>
			<persName xmlns="http://www.tei-c.org/ns/1.0"><forename type="first">H</forename><forename type="middle">E</forename><surname>Vens</surname></persName>
		</author>
		<imprint/>
	</monogr>
	<note>idol group</note>
</biblStruct>

<biblStruct >
	<monogr>
		<title level="m" type="main">Pri-rai, short name of a live concert) 5. (Utsucchatta, generally meaning &quot;it was reflected</title>
		<imprint/>
	</monogr>
	<note>short name of a TV program</note>
</biblStruct>

<biblStruct >
	<monogr>
		<title level="m" type="main">Tandoku, generally meaning &quot;singleness</title>
		<imprint/>
	</monogr>
	<note>implying a live concert without supporting acts</note>
</biblStruct>

<biblStruct >
	<monogr>
		<title level="m" type="main">Shiyagare, generally a phrase used in an imperative sentence</title>
		<imprint/>
	</monogr>
	<note>short name of a TV program</note>
</biblStruct>

<biblStruct >
	<monogr>
		<title level="m" type="main">Utapri, short name of an anime)</title>
		<imprint/>
	</monogr>
</biblStruct>

<biblStruct >
	<monogr>
		<title level="m" type="main">WORKING (short name of an anime) 10. (Utapri, short name of an anime)</title>
		<imprint/>
	</monogr>
</biblStruct>

<biblStruct >
	<analytic>
		<title level="a" type="main">EvenTweet: Online Localized Event Detection from Twitter</title>
		<author>
			<persName xmlns="http://www.tei-c.org/ns/1.0"><forename type="first">Hamed</forename><surname>Abdelhaq</surname></persName>
		</author>
		<author>
			<persName xmlns="http://www.tei-c.org/ns/1.0"><forename type="first">Christian</forename><surname>Sengstock</surname></persName>
		</author>
		<author>
			<persName xmlns="http://www.tei-c.org/ns/1.0"><forename type="first">Michael</forename><surname>Gertz</surname></persName>
		</author>
	</analytic>
	<monogr>
		<title level="m">Proceedings of the VLDB Endowment</title>
		<meeting>the VLDB Endowment</meeting>
		<imprint>
			<date type="published" when="2013" />
			<biblScope unit="volume">6</biblScope>
			<biblScope unit="page" from="1326" to="1329" />
		</imprint>
	</monogr>
</biblStruct>

<biblStruct >
	<monogr>
				<author>
			<persName xmlns="http://www.tei-c.org/ns/1.0"><forename type="first">Maria</forename><surname>Luca</surname></persName>
		</author>
		<author>
			<persName xmlns="http://www.tei-c.org/ns/1.0"><forename type="first">Georgios</forename><surname>Aiello</surname></persName>
		</author>
		<author>
			<persName xmlns="http://www.tei-c.org/ns/1.0"><forename type="first">Carlos</forename><surname>Petkos</surname></persName>
		</author>
		<author>
			<persName xmlns="http://www.tei-c.org/ns/1.0"><forename type="first">David</forename><surname>Martin</surname></persName>
		</author>
		<author>
			<persName xmlns="http://www.tei-c.org/ns/1.0"><forename type="first">Symeon</forename><surname>Corney</surname></persName>
		</author>
		<author>
			<persName xmlns="http://www.tei-c.org/ns/1.0"><forename type="first">Ryan</forename><surname>Papadopoulos</surname></persName>
		</author>
		<author>
			<persName xmlns="http://www.tei-c.org/ns/1.0"><forename type="first">Ayse</forename><surname>Skraba</surname></persName>
		</author>
		<author>
			<persName xmlns="http://www.tei-c.org/ns/1.0"><surname>Göker</surname></persName>
		</author>
		<title level="m">Ioannis Kompatsiaris, and Alejandro Jaimes. 2013. Sensing Trending Topics in Twitter. IEEE Transactions on Multimedia</title>
		<imprint>
			<biblScope unit="volume">15</biblScope>
			<biblScope unit="page" from="1268" to="1282" />
		</imprint>
	</monogr>
</biblStruct>

<biblStruct >
	<analytic>
		<title level="a" type="main">Streaming Trend Detection in Twitter</title>
		<author>
			<persName xmlns="http://www.tei-c.org/ns/1.0"><forename type="first">James</forename><surname>Benhardus</surname></persName>
		</author>
		<author>
			<persName xmlns="http://www.tei-c.org/ns/1.0"><forename type="first">Jugal</forename><surname>Kalita</surname></persName>
		</author>
	</analytic>
	<monogr>
		<title level="j">International Journal of Web Based Communities</title>
		<imprint>
			<biblScope unit="volume">9</biblScope>
			<biblScope unit="issue">1</biblScope>
			<biblScope unit="page" from="122" to="139" />
			<date type="published" when="2013" />
		</imprint>
	</monogr>
</biblStruct>

<biblStruct >
	<analytic>
				<author>
			<persName xmlns="http://www.tei-c.org/ns/1.0"><forename type="first">Zi</forename><surname>Chu</surname></persName>
		</author>
		<author>
			<persName xmlns="http://www.tei-c.org/ns/1.0"><forename type="first">Steven</forename><surname>Gianvecchio</surname></persName>
		</author>
		<author>
			<persName xmlns="http://www.tei-c.org/ns/1.0"><forename type="first">Haining</forename><surname>Wang</surname></persName>
		</author>
		<author>
			<persName xmlns="http://www.tei-c.org/ns/1.0"><forename type="first">Sushil</forename><surname>Jajodia</surname></persName>
		</author>
	</analytic>
	<monogr>
		<title level="m">Proceedings of Annual Computer Security Applications Conference (ACSAC)</title>
		<meeting>Annual Computer Security Applications Conference (ACSAC)<address><addrLine>Bot, or Cyborg</addrLine></address></meeting>
		<imprint>
			<date type="published" when="2010" />
			<biblScope unit="page" from="21" to="30" />
		</imprint>
	</monogr>
</biblStruct>

<biblStruct >
	<analytic>
		<title level="a" type="main">A Greedy Heuristic for the SetCovering Problem</title>
		<author>
			<persName xmlns="http://www.tei-c.org/ns/1.0"><forename type="first">Václav</forename><surname>Chvátal</surname></persName>
		</author>
	</analytic>
	<monogr>
		<title level="j">Mathematics of Operations Research</title>
		<imprint>
			<biblScope unit="volume">4</biblScope>
			<biblScope unit="issue">3</biblScope>
			<biblScope unit="page" from="233" to="235" />
			<date type="published" when="1979" />
		</imprint>
	</monogr>
</biblStruct>

<biblStruct >
	<analytic>
		<title level="a" type="main">Discover Breaking Events with Popular Hashtags in Twitter</title>
		<author>
			<persName xmlns="http://www.tei-c.org/ns/1.0"><forename type="first">Anqi</forename><surname>Cui</surname></persName>
		</author>
		<author>
			<persName xmlns="http://www.tei-c.org/ns/1.0"><forename type="first">Min</forename><surname>Zhang</surname></persName>
		</author>
		<author>
			<persName xmlns="http://www.tei-c.org/ns/1.0"><forename type="first">Yiqun</forename><surname>Liu</surname></persName>
		</author>
		<author>
			<persName xmlns="http://www.tei-c.org/ns/1.0"><forename type="first">Shaoping</forename><surname>Ma</surname></persName>
		</author>
		<author>
			<persName xmlns="http://www.tei-c.org/ns/1.0"><forename type="first">Kuo</forename><surname>Zhang</surname></persName>
		</author>
	</analytic>
	<monogr>
		<title level="m">Proceedings of ACM Conference on Information and Knowledge Management (CIKM)</title>
		<meeting>ACM Conference on Information and Knowledge Management (CIKM)</meeting>
		<imprint>
			<date type="published" when="2012" />
			<biblScope unit="page" from="1794" to="1798" />
		</imprint>
	</monogr>
</biblStruct>

<biblStruct >
	<analytic>
		<title level="a" type="main">Finding Bursty Topics from Microblogs</title>
		<author>
			<persName xmlns="http://www.tei-c.org/ns/1.0"><forename type="first">Qiming</forename><surname>Diao</surname></persName>
		</author>
		<author>
			<persName xmlns="http://www.tei-c.org/ns/1.0"><forename type="first">Jing</forename><surname>Jiang</surname></persName>
		</author>
		<author>
			<persName xmlns="http://www.tei-c.org/ns/1.0"><forename type="first">Feida</forename><surname>Zhu</surname></persName>
		</author>
		<author>
			<persName xmlns="http://www.tei-c.org/ns/1.0"><forename type="first">Ee-Peng</forename><surname>Lim</surname></persName>
		</author>
	</analytic>
	<monogr>
		<title level="m">Proceedings of Meeting of the Association for Computational Linguistics (ACL)</title>
		<meeting>Meeting of the Association for Computational Linguistics (ACL)</meeting>
		<imprint>
			<date type="published" when="2012" />
			<biblScope unit="page" from="536" to="544" />
		</imprint>
	</monogr>
</biblStruct>

<biblStruct >
	<analytic>
		<title level="a" type="main">Accessor Variety Criteria for Chinese Word Extraction</title>
		<author>
			<persName xmlns="http://www.tei-c.org/ns/1.0"><forename type="first">Haodi</forename><surname>Feng</surname></persName>
		</author>
		<author>
			<persName xmlns="http://www.tei-c.org/ns/1.0"><forename type="first">Kang</forename><surname>Chen</surname></persName>
		</author>
		<author>
			<persName xmlns="http://www.tei-c.org/ns/1.0"><forename type="first">Xiaotie</forename><surname>Deng</surname></persName>
		</author>
		<author>
			<persName xmlns="http://www.tei-c.org/ns/1.0"><forename type="first">Weimin</forename><surname>Zheng</surname></persName>
		</author>
	</analytic>
	<monogr>
		<title level="j">Computational Linguistics</title>
		<imprint>
			<biblScope unit="volume">30</biblScope>
			<biblScope unit="issue">1</biblScope>
			<biblScope unit="page" from="75" to="93" />
			<date type="published" when="2004" />
		</imprint>
	</monogr>
</biblStruct>

<biblStruct >
	<analytic>
		<title level="a" type="main">STREAMCUBE: Hierarchical Spatio-temporal Hashtag Clustering for Event Exploration over the Twitter Stream</title>
		<author>
			<persName xmlns="http://www.tei-c.org/ns/1.0"><forename type="first">Wei</forename><surname>Feng</surname></persName>
		</author>
		<author>
			<persName xmlns="http://www.tei-c.org/ns/1.0"><forename type="first">Chao</forename><surname>Zhang</surname></persName>
		</author>
		<author>
			<persName xmlns="http://www.tei-c.org/ns/1.0"><forename type="first">Wei</forename><surname>Zhang</surname></persName>
		</author>
		<author>
			<persName xmlns="http://www.tei-c.org/ns/1.0"><forename type="first">Jiawei</forename><surname>Han</surname></persName>
		</author>
		<author>
			<persName xmlns="http://www.tei-c.org/ns/1.0"><forename type="first">Jianyong</forename><surname>Wang</surname></persName>
		</author>
		<author>
			<persName xmlns="http://www.tei-c.org/ns/1.0"><forename type="first">Charu</forename><surname>Aggarwal</surname></persName>
		</author>
		<author>
			<persName xmlns="http://www.tei-c.org/ns/1.0"><forename type="first">Jianbin</forename><surname>Huang</surname></persName>
		</author>
	</analytic>
	<monogr>
		<title level="m">Proceedings of IEEE International Conference on Data Engineering (ICDE)</title>
		<meeting>IEEE International Conference on Data Engineering (ICDE)</meeting>
		<imprint>
			<date type="published" when="2015" />
			<biblScope unit="page" from="1561" to="1572" />
		</imprint>
	</monogr>
</biblStruct>

<biblStruct >
	<analytic>
		<title level="a" type="main">Applying Conditional Random Fields to Japanese Morphological Analysis</title>
		<author>
			<persName xmlns="http://www.tei-c.org/ns/1.0"><forename type="first">Taku</forename><surname>Kudo</surname></persName>
		</author>
		<author>
			<persName xmlns="http://www.tei-c.org/ns/1.0"><forename type="first">Kaoru</forename><surname>Yamamoto</surname></persName>
		</author>
		<author>
			<persName xmlns="http://www.tei-c.org/ns/1.0"><forename type="first">Yuji</forename><surname>Matsumoto</surname></persName>
		</author>
	</analytic>
	<monogr>
		<title level="m">Proceedings of Conference on Empirical Methods in Natural Language Processing (EMNLP)</title>
		<meeting>Conference on Empirical Methods in Natural Language Processing (EMNLP)</meeting>
		<imprint>
			<date type="published" when="2004" />
			<biblScope unit="page" from="230" to="237" />
		</imprint>
	</monogr>
</biblStruct>

<biblStruct >
	<analytic>
		<title level="a" type="main">On-line Trend Analysis with Topic Models: #twitter trends detection topic model online</title>
		<author>
			<persName xmlns="http://www.tei-c.org/ns/1.0"><forename type="first">Nigel</forename><surname>Jey Han Lau</surname></persName>
		</author>
		<author>
			<persName xmlns="http://www.tei-c.org/ns/1.0"><forename type="first">Timothy</forename><surname>Collier</surname></persName>
		</author>
		<author>
			<persName xmlns="http://www.tei-c.org/ns/1.0"><surname>Baldwin</surname></persName>
		</author>
	</analytic>
	<monogr>
		<title level="m">Proceedings of International Conference on Computational Linguistics (COLING)</title>
		<meeting>International Conference on Computational Linguistics (COLING)</meeting>
		<imprint>
			<date type="published" when="2012" />
			<biblScope unit="page" from="1519" to="1534" />
		</imprint>
	</monogr>
</biblStruct>

<biblStruct >
	<monogr>
		<title level="m" type="main">Twevent: Segment-based Event Detection from</title>
		<author>
			<persName xmlns="http://www.tei-c.org/ns/1.0"><forename type="first">Chenliang</forename><surname>Li</surname></persName>
		</author>
		<author>
			<persName xmlns="http://www.tei-c.org/ns/1.0"><forename type="first">Aixin</forename><surname>Sun</surname></persName>
		</author>
		<author>
			<persName xmlns="http://www.tei-c.org/ns/1.0"><forename type="first">Anwitaman</forename><surname>Datta</surname></persName>
		</author>
		<imprint>
			<date type="published" when="2012" />
		</imprint>
	</monogr>
</biblStruct>

<biblStruct >
	<monogr>
				<author>
			<persName xmlns="http://www.tei-c.org/ns/1.0"><surname>Tweets</surname></persName>
		</author>
		<title level="m">Proceedings of ACM Conference on Information and Knowledge Management (CIKM)</title>
		<meeting>ACM Conference on Information and Knowledge Management (CIKM)</meeting>
		<imprint>
			<biblScope unit="page" from="155" to="164" />
		</imprint>
	</monogr>
</biblStruct>

<biblStruct >
	<analytic>
		<title level="a" type="main">Mining Quality Phrases from Massive Text Corpora</title>
		<author>
			<persName xmlns="http://www.tei-c.org/ns/1.0"><forename type="first">Jialu</forename><surname>Liu</surname></persName>
		</author>
		<author>
			<persName xmlns="http://www.tei-c.org/ns/1.0"><forename type="first">Jingbo</forename><surname>Shang</surname></persName>
		</author>
		<author>
			<persName xmlns="http://www.tei-c.org/ns/1.0"><forename type="first">Chi</forename><surname>Wang</surname></persName>
		</author>
		<author>
			<persName xmlns="http://www.tei-c.org/ns/1.0"><forename type="first">Xiang</forename><surname>Ren</surname></persName>
		</author>
		<author>
			<persName xmlns="http://www.tei-c.org/ns/1.0"><forename type="first">Jiawei</forename><surname>Han</surname></persName>
		</author>
	</analytic>
	<monogr>
		<title level="m">Proceedings of ACM SIGMOD International Conference on Management of Data (SIGMOD)</title>
		<meeting>ACM SIGMOD International Conference on Management of Data (SIGMOD)</meeting>
		<imprint>
			<date type="published" when="2015" />
			<biblScope unit="page" from="1729" to="1744" />
		</imprint>
	</monogr>
</biblStruct>

<biblStruct >
	<analytic>
		<title level="a" type="main">TwitterMonitor: Trend Detection over the Twitter Stream</title>
		<author>
			<persName xmlns="http://www.tei-c.org/ns/1.0"><forename type="first">Michael</forename><surname>Mathioudakis</surname></persName>
		</author>
		<author>
			<persName xmlns="http://www.tei-c.org/ns/1.0"><forename type="first">Nick</forename><surname>Koudas</surname></persName>
		</author>
	</analytic>
	<monogr>
		<title level="m">Proceedings of ACM SIGMOD International Conference on Management of Data (SIGMOD)</title>
		<meeting>ACM SIGMOD International Conference on Management of Data (SIGMOD)</meeting>
		<imprint>
			<date type="published" when="2010" />
			<biblScope unit="page" from="1155" to="1158" />
		</imprint>
	</monogr>
</biblStruct>

<biblStruct >
	<analytic>
		<title level="a" type="main">Structured Event Retrieval over Microblog Archives</title>
		<author>
			<persName xmlns="http://www.tei-c.org/ns/1.0"><forename type="first">Donald</forename><surname>Metzler</surname></persName>
		</author>
		<author>
			<persName xmlns="http://www.tei-c.org/ns/1.0"><forename type="first">Congxing</forename><surname>Cai</surname></persName>
		</author>
		<author>
			<persName xmlns="http://www.tei-c.org/ns/1.0"><forename type="first">Eduard</forename><surname>Hovy</surname></persName>
		</author>
	</analytic>
	<monogr>
		<title level="m">Proceedings of Conference of the North American Chapter of the Association for Computational Linguistics: Human Language Technologies (NAACL-HLT)</title>
		<meeting>Conference of the North American Chapter of the Association for Computational Linguistics: Human Language Technologies (NAACL-HLT)</meeting>
		<imprint>
			<date type="published" when="2012" />
			<biblScope unit="page" from="646" to="655" />
		</imprint>
	</monogr>
</biblStruct>

<biblStruct >
	<analytic>
		<title level="a" type="main">TweetMotif: Exploratory Search and Topic Summarization for Twitter</title>
		<author>
			<persName xmlns="http://www.tei-c.org/ns/1.0"><forename type="first">O&amp;apos;</forename><surname>Brendan</surname></persName>
		</author>
		<author>
			<persName xmlns="http://www.tei-c.org/ns/1.0"><forename type="first">Michel</forename><surname>Connor</surname></persName>
		</author>
		<author>
			<persName xmlns="http://www.tei-c.org/ns/1.0"><forename type="first">David</forename><surname>Krieger</surname></persName>
		</author>
		<author>
			<persName xmlns="http://www.tei-c.org/ns/1.0"><surname>Ahn</surname></persName>
		</author>
	</analytic>
	<monogr>
		<title level="m">Proceedings of International AAAI Conference on Weblogs and Social Media (ICWSM)</title>
		<meeting>International AAAI Conference on Weblogs and Social Media (ICWSM)</meeting>
		<imprint>
			<date type="published" when="2010" />
			<biblScope unit="page" from="384" to="385" />
		</imprint>
	</monogr>
</biblStruct>

<biblStruct >
	<analytic>
		<title level="a" type="main">Fast, Scalable, and Context-Sensitive Detection of Trending Topics in Microblog Post Streams</title>
		<author>
			<persName xmlns="http://www.tei-c.org/ns/1.0"><forename type="first">Nargis</forename><surname>Pervin</surname></persName>
		</author>
		<author>
			<persName xmlns="http://www.tei-c.org/ns/1.0"><forename type="first">Fang</forename><surname>Fang</surname></persName>
		</author>
		<author>
			<persName xmlns="http://www.tei-c.org/ns/1.0"><forename type="first">Anindya</forename><surname>Datta</surname></persName>
		</author>
		<author>
			<persName xmlns="http://www.tei-c.org/ns/1.0"><forename type="first">Kaushik</forename><surname>Dutta</surname></persName>
		</author>
		<author>
			<persName xmlns="http://www.tei-c.org/ns/1.0"><forename type="first">Debra</forename><surname>Vandermeer</surname></persName>
		</author>
	</analytic>
	<monogr>
		<title level="j">ACM Transactions on Management Information Systems</title>
		<imprint>
			<biblScope unit="volume">3</biblScope>
			<biblScope unit="issue">4</biblScope>
			<biblScope unit="page">24</biblScope>
			<date type="published" when="2013" />
		</imprint>
	</monogr>
</biblStruct>

<biblStruct >
	<analytic>
		<title level="a" type="main">Implementation of a Word Segmentation Dictionary Called mecab-ipadic-NEologd and Study on How to Use It Effectively for Information Retrieval</title>
		<author>
			<persName xmlns="http://www.tei-c.org/ns/1.0"><forename type="first">Toshinori</forename><surname>Sato</surname></persName>
		</author>
		<author>
			<persName xmlns="http://www.tei-c.org/ns/1.0"><forename type="first">Taiichi</forename><surname>Hashimoro</surname></persName>
		</author>
		<author>
			<persName xmlns="http://www.tei-c.org/ns/1.0"><forename type="first">Manabu</forename><surname>Okumura</surname></persName>
		</author>
	</analytic>
	<monogr>
		<title level="m">Proceedings of Meeting of the Association for Natural Language Processing</title>
		<meeting>Meeting of the Association for Natural Language Processing</meeting>
		<imprint>
			<date type="published" when="2017" />
			<biblScope unit="page" from="2017" to="2023" />
		</imprint>
	</monogr>
	<note>in Japanese</note>
</biblStruct>

<biblStruct >
	<analytic>
		<title level="a" type="main">Event Detection and Tracking in Social Streams</title>
		<author>
			<persName xmlns="http://www.tei-c.org/ns/1.0"><forename type="first">Hassan</forename><surname>Sayyadi</surname></persName>
		</author>
		<author>
			<persName xmlns="http://www.tei-c.org/ns/1.0"><forename type="first">Matthew</forename><surname>Hurst</surname></persName>
		</author>
		<author>
			<persName xmlns="http://www.tei-c.org/ns/1.0"><forename type="first">Alexey</forename><surname>Maykov</surname></persName>
		</author>
	</analytic>
	<monogr>
		<title level="m">Proceedings of International AAAI Conference on Weblogs and Social Media (ICWSM)</title>
		<meeting>International AAAI Conference on Weblogs and Social Media (ICWSM)</meeting>
		<imprint>
			<date type="published" when="2009" />
			<biblScope unit="page" from="311" to="314" />
		</imprint>
	</monogr>
</biblStruct>

<biblStruct >
	<analytic>
		<title level="a" type="main">SigniTrend: Scalable Detection of Emerging Topics in Textual Streams by Hashed Significance Thresholds</title>
		<author>
			<persName xmlns="http://www.tei-c.org/ns/1.0"><forename type="first">Erich</forename><surname>Schubert</surname></persName>
		</author>
		<author>
			<persName xmlns="http://www.tei-c.org/ns/1.0"><forename type="first">Michael</forename><surname>Weiler</surname></persName>
		</author>
		<author>
			<persName xmlns="http://www.tei-c.org/ns/1.0"><forename type="first">Hans-Peter</forename><surname>Kriegel</surname></persName>
		</author>
	</analytic>
	<monogr>
		<title level="m">Proceedings of ACM SIGKDD International Conference on Knowledge Discovery and Data Mining (KDD)</title>
		<meeting>ACM SIGKDD International Conference on Knowledge Discovery and Data Mining (KDD)</meeting>
		<imprint>
			<date type="published" when="2014" />
			<biblScope unit="page" from="871" to="880" />
		</imprint>
	</monogr>
</biblStruct>

<biblStruct >
	<analytic>
		<title level="a" type="main">A Local Maxima Method and a Fair Dispersion Normalization for Extracting Multi-word Units from Corpora</title>
		<author>
			<persName xmlns="http://www.tei-c.org/ns/1.0"><forename type="first">Joaquim</forename><surname>Ferreira Da Silva</surname></persName>
		</author>
		<author>
			<persName xmlns="http://www.tei-c.org/ns/1.0"><forename type="first">Jos&amp;apos;e Gabriel Pereira</forename><surname>Lopes</surname></persName>
		</author>
	</analytic>
	<monogr>
		<title level="m">Proceedings of Meeting on Mathematics of Language (MOL)</title>
		<meeting>Meeting on Mathematics of Language (MOL)</meeting>
		<imprint>
			<date type="published" when="1999" />
			<biblScope unit="page" from="369" to="381" />
		</imprint>
	</monogr>
</biblStruct>

<biblStruct >
	<analytic>
		<title level="a" type="main">The DARPA Twitter Bot Challenge</title>
		<author>
			<persName xmlns="http://www.tei-c.org/ns/1.0"><forename type="first">V</forename><forename type="middle">S</forename><surname>Subrahmanian</surname></persName>
		</author>
		<author>
			<persName xmlns="http://www.tei-c.org/ns/1.0"><forename type="first">Amos</forename><surname>Azaria</surname></persName>
		</author>
		<author>
			<persName xmlns="http://www.tei-c.org/ns/1.0"><forename type="first">Skylar</forename><surname>Durst</surname></persName>
		</author>
		<author>
			<persName xmlns="http://www.tei-c.org/ns/1.0"><forename type="first">Vadim</forename><surname>Kagan</surname></persName>
		</author>
		<author>
			<persName xmlns="http://www.tei-c.org/ns/1.0"><forename type="first">Aram</forename><surname>Galstyan</surname></persName>
		</author>
		<author>
			<persName xmlns="http://www.tei-c.org/ns/1.0"><forename type="first">Kristina</forename><surname>Lerman</surname></persName>
		</author>
		<author>
			<persName xmlns="http://www.tei-c.org/ns/1.0"><forename type="first">Linhong</forename><surname>Zhu</surname></persName>
		</author>
		<author>
			<persName xmlns="http://www.tei-c.org/ns/1.0"><forename type="first">Emilio</forename><surname>Ferrara</surname></persName>
		</author>
		<author>
			<persName xmlns="http://www.tei-c.org/ns/1.0"><forename type="first">Alessandro</forename><surname>Flammini</surname></persName>
		</author>
		<author>
			<persName xmlns="http://www.tei-c.org/ns/1.0"><forename type="first">Filippo</forename><surname>Menczer</surname></persName>
		</author>
	</analytic>
	<monogr>
		<title level="j">IEEE Computer</title>
		<imprint>
			<biblScope unit="volume">49</biblScope>
			<biblScope unit="issue">6</biblScope>
			<biblScope unit="page" from="38" to="46" />
			<date type="published" when="2016" />
		</imprint>
	</monogr>
</biblStruct>

<biblStruct >
	<analytic>
		<title level="a" type="main">Event Detection in Twitter</title>
		<author>
			<persName xmlns="http://www.tei-c.org/ns/1.0"><forename type="first">Jianshu</forename><surname>Weng</surname></persName>
		</author>
		<author>
			<persName xmlns="http://www.tei-c.org/ns/1.0"><forename type="first">Bu-Sung</forename><surname>Lee</surname></persName>
		</author>
	</analytic>
	<monogr>
		<title level="m">Proceedings of International AAAI Conference on Weblogs and Social Media (ICWSM)</title>
		<meeting>International AAAI Conference on Weblogs and Social Media (ICWSM)</meeting>
		<imprint>
			<date type="published" when="2011" />
			<biblScope unit="page" from="401" to="408" />
		</imprint>
	</monogr>
</biblStruct>

<biblStruct >
	<analytic>
		<title level="a" type="main">TopicSketch: Real-Time Bursty Topic Detection from Twitter</title>
		<author>
			<persName xmlns="http://www.tei-c.org/ns/1.0"><forename type="first">Wei</forename><surname>Xie</surname></persName>
		</author>
		<author>
			<persName xmlns="http://www.tei-c.org/ns/1.0"><forename type="first">Feida</forename><surname>Zhu</surname></persName>
		</author>
		<author>
			<persName xmlns="http://www.tei-c.org/ns/1.0"><forename type="first">Jing</forename><surname>Jiang</surname></persName>
		</author>
		<author>
			<persName xmlns="http://www.tei-c.org/ns/1.0"><forename type="first">Ee-Peng</forename><surname>Lim</surname></persName>
		</author>
		<author>
			<persName xmlns="http://www.tei-c.org/ns/1.0"><forename type="first">Ke</forename><surname>Wang</surname></persName>
		</author>
	</analytic>
	<monogr>
		<title level="m">Proceedings of IEEE International Conference on Data Mining (ICDM)</title>
		<meeting>IEEE International Conference on Data Mining (ICDM)</meeting>
		<imprint>
			<date type="published" when="2013" />
			<biblScope unit="page" from="837" to="846" />
		</imprint>
	</monogr>
</biblStruct>

<biblStruct >
	<analytic>
		<title level="a" type="main">A Probabilistic Model for Bursty Topic Discovery in Microblogs</title>
		<author>
			<persName xmlns="http://www.tei-c.org/ns/1.0"><forename type="first">Xiaohui</forename><surname>Yan</surname></persName>
		</author>
		<author>
			<persName xmlns="http://www.tei-c.org/ns/1.0"><forename type="first">Jiafeng</forename><surname>Guo</surname></persName>
		</author>
		<author>
			<persName xmlns="http://www.tei-c.org/ns/1.0"><forename type="first">Yanyan</forename><surname>Lan</surname></persName>
		</author>
		<author>
			<persName xmlns="http://www.tei-c.org/ns/1.0"><forename type="first">Jun</forename><surname>Xu</surname></persName>
		</author>
		<author>
			<persName xmlns="http://www.tei-c.org/ns/1.0"><forename type="first">Xueqi</forename><surname>Cheng</surname></persName>
		</author>
	</analytic>
	<monogr>
		<title level="m">Proceedings of AAAI Conference on Artificial Intelligence (AAAI)</title>
		<meeting>AAAI Conference on Artificial Intelligence (AAAI)</meeting>
		<imprint>
			<date type="published" when="2015" />
			<biblScope unit="page" from="353" to="359" />
		</imprint>
	</monogr>
</biblStruct>

			</listBibl>
		</back>
	</text>
</TEI>
