<?xml version="1.0" ?>
<TEI xmlns="http://www.tei-c.org/ns/1.0" xmlns:xlink="http://www.w3.org/1999/xlink" 
 xmlns:mml="http://www.w3.org/1998/Math/MathML">
	<teiHeader>
		<fileDesc xml:id="f_531"/>
	</teiHeader>
	<text>
		<front/>
		<body/>
		<back>
			<listBibl>
<biblStruct >
	<analytic>
		<title level="a" type="main">Ixa pipeline: Efficient and ready to use multilingual nlp tools</title>
		<author>
			<persName xmlns="http://www.tei-c.org/ns/1.0"><forename type="first">Rodrigo</forename><surname>Agerri</surname></persName>
		</author>
		<author>
			<persName xmlns="http://www.tei-c.org/ns/1.0"><forename type="first">Josu</forename><surname>Bermudez</surname></persName>
		</author>
		<author>
			<persName xmlns="http://www.tei-c.org/ns/1.0"><forename type="first">German</forename><surname>Rigau</surname></persName>
		</author>
	</analytic>
	<monogr>
		<title level="m">Proc. of the 9th Language Resources and Evaluation Conference (LREC2014)</title>
		<meeting>of the 9th Language Resources and Evaluation Conference (LREC2014)</meeting>
		<imprint>
			<date type="published" when="2014" />
			<biblScope unit="page" from="26" to="31" />
		</imprint>
	</monogr>
</biblStruct>

<biblStruct >
	<analytic>
		<title level="a" type="main">Semeval-2015 task 6: Clinical tempeval</title>
		<author>
			<persName xmlns="http://www.tei-c.org/ns/1.0"><forename type="first">Steven</forename><surname>Bethard</surname></persName>
		</author>
		<author>
			<persName xmlns="http://www.tei-c.org/ns/1.0"><forename type="first">Leon</forename><surname>Derczynski</surname></persName>
		</author>
		<author>
			<persName xmlns="http://www.tei-c.org/ns/1.0"><forename type="first">James</forename><surname>Pustejovsky</surname></persName>
		</author>
		<author>
			<persName xmlns="http://www.tei-c.org/ns/1.0"><forename type="first">Marc</forename><surname>Verhagen</surname></persName>
		</author>
	</analytic>
	<monogr>
		<title level="m">Proc. of the 9th International Workshop on Semantic Evaluation</title>
		<meeting>of the 9th International Workshop on Semantic Evaluation</meeting>
		<imprint>
			<publisher>Association for Computational Linguistics</publisher>
			<date type="published" when="2015" />
		</imprint>
	</monogr>
</biblStruct>

<biblStruct >
	<analytic>
		<title level="a" type="main">Dense event ordering with a multi-pass architecture</title>
		<author>
			<persName xmlns="http://www.tei-c.org/ns/1.0"><forename type="first">Nathanael</forename><surname>Chambers</surname></persName>
		</author>
		<author>
			<persName xmlns="http://www.tei-c.org/ns/1.0"><forename type="first">Taylor</forename><surname>Cassidy</surname></persName>
		</author>
		<author>
			<persName xmlns="http://www.tei-c.org/ns/1.0"><forename type="first">Bill</forename><surname>Mcdowell</surname></persName>
		</author>
		<author>
			<persName xmlns="http://www.tei-c.org/ns/1.0"><forename type="first">Steven</forename><surname>Bethard</surname></persName>
		</author>
	</analytic>
	<monogr>
		<title level="j">Transactions of the Association for Computational Linguistics</title>
		<imprint>
			<biblScope unit="volume">2</biblScope>
			<biblScope unit="page" from="273" to="284" />
			<date type="published" when="2014" />
		</imprint>
	</monogr>
</biblStruct>

<biblStruct >
	<analytic>
		<title level="a" type="main">Long short-term memory</title>
		<author>
			<persName xmlns="http://www.tei-c.org/ns/1.0"><forename type="first">Sepp</forename><surname>Hochreiter</surname></persName>
		</author>
		<author>
			<persName xmlns="http://www.tei-c.org/ns/1.0"><forename type="first">Jürgen</forename><surname>Schmidhuber</surname></persName>
		</author>
	</analytic>
	<monogr>
		<title level="j">Neural Computation</title>
		<imprint>
			<biblScope unit="volume">9</biblScope>
			<biblScope unit="issue">8</biblScope>
			<biblScope unit="page" from="1735" to="1780" />
			<date type="published" when="1997" />
		</imprint>
	</monogr>
</biblStruct>

<biblStruct >
	<analytic>
		<title level="a" type="main">Reducibility among combinatorial problems</title>
		<author>
			<persName xmlns="http://www.tei-c.org/ns/1.0"><forename type="first">Richard</forename><surname>Karp</surname></persName>
		</author>
	</analytic>
	<monogr>
		<title level="m">Complexity of Computer Computations, Proc. Sympos</title>
		<imprint>
			<date type="published" when="1972" />
			<biblScope unit="page" from="85" to="103" />
		</imprint>
	</monogr>
</biblStruct>

<biblStruct >
	<analytic>
		<title level="a" type="main">Semeval-2015 task 5: Qa tempeval-evaluating temporal information understanding with question answering</title>
		<author>
			<persName xmlns="http://www.tei-c.org/ns/1.0"><forename type="first">Hector</forename><surname>Llorens</surname></persName>
		</author>
		<author>
			<persName xmlns="http://www.tei-c.org/ns/1.0"><forename type="first">Nathanael</forename><surname>Chambers</surname></persName>
		</author>
		<author>
			<persName xmlns="http://www.tei-c.org/ns/1.0"><forename type="first">Naushad</forename><surname>Uzzaman</surname></persName>
		</author>
		<author>
			<persName xmlns="http://www.tei-c.org/ns/1.0"><forename type="first">Nasrin</forename><surname>Mostafazadeh</surname></persName>
		</author>
		<author>
			<persName xmlns="http://www.tei-c.org/ns/1.0"><forename type="first">James</forename><surname>Allen</surname></persName>
		</author>
		<author>
			<persName xmlns="http://www.tei-c.org/ns/1.0"><forename type="first">James</forename><surname>Pustejovsky</surname></persName>
		</author>
	</analytic>
	<monogr>
		<title level="m">Proc. of the 9th International Workshop on Semantic Evaluation</title>
		<meeting>of the 9th International Workshop on Semantic Evaluation</meeting>
		<imprint>
			<date type="published" when="2015" />
			<biblScope unit="page" from="46" to="54" />
		</imprint>
	</monogr>
	<note>Association for Computational Linguistics</note>
</biblStruct>

<biblStruct >
	<analytic>
		<title level="a" type="main">Semeval-2015 task 5: Qa tempeval-evaluating temporal information understanding with question answering</title>
		<author>
			<persName xmlns="http://www.tei-c.org/ns/1.0"><forename type="first">Hector</forename><surname>Llorens</surname></persName>
		</author>
		<author>
			<persName xmlns="http://www.tei-c.org/ns/1.0"><forename type="first">Nathanael</forename><surname>Chambers</surname></persName>
		</author>
		<author>
			<persName xmlns="http://www.tei-c.org/ns/1.0"><forename type="first">Naushad</forename><surname>Uzzaman</surname></persName>
		</author>
		<author>
			<persName xmlns="http://www.tei-c.org/ns/1.0"><forename type="first">Nasrin</forename><surname>Mostafazadeh</surname></persName>
		</author>
		<author>
			<persName xmlns="http://www.tei-c.org/ns/1.0"><forename type="first">James</forename><surname>Allen</surname></persName>
		</author>
		<author>
			<persName xmlns="http://www.tei-c.org/ns/1.0"><forename type="first">James</forename><surname>Pustejovsky</surname></persName>
		</author>
	</analytic>
	<monogr>
		<title level="m">Proc. of the International Workshop on Semantic Evaluation</title>
		<meeting>of the International Workshop on Semantic Evaluation</meeting>
		<imprint>
			<date type="published" when="2015" />
		</imprint>
	</monogr>
	<note>SemEval-2015</note>
</biblStruct>

<biblStruct >
	<monogr>
		<title level="m" type="main">Three approaches to learning tlinks in timeml</title>
		<author>
			<persName xmlns="http://www.tei-c.org/ns/1.0"><forename type="first">Inderjeet</forename><surname>Mani</surname></persName>
		</author>
		<author>
			<persName xmlns="http://www.tei-c.org/ns/1.0"><forename type="first">Ben</forename><surname>Wellner</surname></persName>
		</author>
		<author>
			<persName xmlns="http://www.tei-c.org/ns/1.0"><forename type="first">Marc</forename><surname>Verhagen</surname></persName>
		</author>
		<author>
			<persName xmlns="http://www.tei-c.org/ns/1.0"><forename type="first">James</forename><surname>Pustejovsky</surname></persName>
		</author>
		<idno>CS-07- 268</idno>
		<imprint>
			<date type="published" when="2007" />
		</imprint>
		<respStmt>
			<orgName>Computer Science Department</orgName>
		</respStmt>
	</monogr>
<note type="report_type">Technical Report</note>
</biblStruct>

<biblStruct >
	<analytic>
		<title level="a" type="main">Timeline: Cross-document event ordering</title>
		<author>
			<persName xmlns="http://www.tei-c.org/ns/1.0"><forename type="first">Anne-Lyse</forename><surname>Minard</surname></persName>
		</author>
		<author>
			<persName xmlns="http://www.tei-c.org/ns/1.0"><forename type="first">Manuela</forename><surname>Speranza</surname></persName>
		</author>
		<author>
			<persName xmlns="http://www.tei-c.org/ns/1.0"><forename type="first">Eneko</forename><surname>Agirre</surname></persName>
		</author>
		<author>
			<persName xmlns="http://www.tei-c.org/ns/1.0"><forename type="first">Itziar</forename><surname>Aldabe</surname></persName>
		</author>
		<author>
			<persName xmlns="http://www.tei-c.org/ns/1.0"><forename type="first">Marieke</forename><surname>Van Erp</surname></persName>
		</author>
		<author>
			<persName xmlns="http://www.tei-c.org/ns/1.0"><forename type="first">Bernardo</forename><surname>Magnini</surname></persName>
		</author>
		<author>
			<persName xmlns="http://www.tei-c.org/ns/1.0"><forename type="first">German</forename><surname>Rigau</surname></persName>
		</author>
		<author>
			<persName xmlns="http://www.tei-c.org/ns/1.0"><forename type="first">Rubén</forename><surname>Urizar</surname></persName>
		</author>
		<author>
			<persName xmlns="http://www.tei-c.org/ns/1.0"><forename type="first">Fondazione Bruno</forename><surname>Kessler</surname></persName>
		</author>
	</analytic>
	<monogr>
		<title level="m">Proc. of the International Workshop on Semantic Evaluation</title>
		<meeting>of the International Workshop on Semantic Evaluation</meeting>
		<imprint>
			<date type="published" when="2015" />
			<biblScope unit="volume">4</biblScope>
		</imprint>
	</monogr>
	<note>Semeval-2015 task. SemEval-2015</note>
</biblStruct>

<biblStruct >
	<analytic>
		<title level="a" type="main">Catena: Causal and temporal relation extraction from natural language texts</title>
		<author>
			<persName xmlns="http://www.tei-c.org/ns/1.0"><forename type="first">P</forename><surname>Mirza</surname></persName>
		</author>
		<author>
			<persName xmlns="http://www.tei-c.org/ns/1.0"><forename type="first">S</forename><surname>Tonelli</surname></persName>
		</author>
	</analytic>
	<monogr>
		<title level="m">The 26th International Conference on Computational Linguistics</title>
		<imprint>
			<publisher>Association for Computational Linguistics</publisher>
			<date type="published" when="2016" />
			<biblScope unit="page" from="64" to="75" />
		</imprint>
	</monogr>
</biblStruct>

<biblStruct >
	<monogr>
		<title level="m" type="main">Extracting temporal and causal relations between events</title>
		<author>
			<persName xmlns="http://www.tei-c.org/ns/1.0"><forename type="first">Paramita</forename><surname>Mirza</surname></persName>
		</author>
		<idno>abs/1604.08120</idno>
		<imprint>
			<date type="published" when="2016" />
			<publisher>CoRR</publisher>
		</imprint>
	</monogr>
</biblStruct>

<biblStruct >
	<analytic>
		<title level="a" type="main">Hlt-fbk: a complete temporal processing system for qa tempeval</title>
		<author>
			<persName xmlns="http://www.tei-c.org/ns/1.0"><forename type="first">Paramita</forename><surname>Mirza</surname></persName>
		</author>
		<author>
			<persName xmlns="http://www.tei-c.org/ns/1.0"><forename type="first">Anne-Lyse</forename><surname>Minard</surname></persName>
		</author>
	</analytic>
	<monogr>
		<title level="m">Proc. of the 9th International Workshop on Semantic Evaluation</title>
		<meeting>of the 9th International Workshop on Semantic Evaluation</meeting>
		<imprint>
			<publisher>Association for Computational Linguistics</publisher>
			<date type="published" when="2015" />
			<biblScope unit="page" from="801" to="805" />
		</imprint>
	</monogr>
</biblStruct>

<biblStruct >
	<analytic>
		<title level="a" type="main">TimeML: Robust specification of event and temporal expressions in text</title>
		<author>
			<persName xmlns="http://www.tei-c.org/ns/1.0"><forename type="first">James</forename><surname>Pustejovsky</surname></persName>
		</author>
		<author>
			<persName xmlns="http://www.tei-c.org/ns/1.0"><forename type="first">José</forename><surname>Castaño</surname></persName>
		</author>
		<author>
			<persName xmlns="http://www.tei-c.org/ns/1.0"><forename type="first">Robert</forename><surname>Ingria</surname></persName>
		</author>
		<author>
			<persName xmlns="http://www.tei-c.org/ns/1.0"><forename type="first">Roser</forename><surname>Saur`saur`ı</surname></persName>
		</author>
		<author>
			<persName xmlns="http://www.tei-c.org/ns/1.0"><forename type="first">Robert</forename><surname>Gaizauskas</surname></persName>
		</author>
		<author>
			<persName xmlns="http://www.tei-c.org/ns/1.0"><forename type="first">Andrea</forename><surname>Setzer</surname></persName>
		</author>
		<author>
			<persName xmlns="http://www.tei-c.org/ns/1.0"><forename type="first">Graham</forename><surname>Katz</surname></persName>
		</author>
	</analytic>
	<monogr>
		<title level="m">Fifth International Workshop on Computational Semantics</title>
		<imprint>
			<date type="published" when="2003" />
		</imprint>
	</monogr>
	<note>IWCS-5</note>
</biblStruct>

<biblStruct >
	<monogr>
		<title level="m" type="main">Multilingual and cross-domain temporal tagging. Language Resources and Evaluation</title>
		<author>
			<persName xmlns="http://www.tei-c.org/ns/1.0"><forename type="first">Jannik</forename><surname>Strötgen</surname></persName>
		</author>
		<author>
			<persName xmlns="http://www.tei-c.org/ns/1.0"><forename type="first">Michael</forename><surname>Gertz</surname></persName>
		</author>
		<imprint>
			<date type="published" when="2013" />
			<biblScope unit="volume">47</biblScope>
			<biblScope unit="page" from="269" to="298" />
		</imprint>
	</monogr>
</biblStruct>

<biblStruct >
	<monogr>
		<title level="m" type="main">Time Well Tell: Temporal Reasoning in Clinical Narratives</title>
		<author>
			<persName xmlns="http://www.tei-c.org/ns/1.0"><forename type="first">Weiyi</forename><surname>Sun</surname></persName>
		</author>
		<imprint>
			<date type="published" when="2014" />
		</imprint>
		<respStmt>
			<orgName>University at Albany, SUNY</orgName>
		</respStmt>
	</monogr>
<note type="report_type">PhD dissertation. Department of Informatics</note>
</biblStruct>

<biblStruct >
	<analytic>
		<title level="a" type="main">Evaluating temporal relations in clinical text: 2012 i2b2 challenge</title>
		<author>
			<persName xmlns="http://www.tei-c.org/ns/1.0"><forename type="first">Weiyi</forename><surname>Sun</surname></persName>
		</author>
		<author>
			<persName xmlns="http://www.tei-c.org/ns/1.0"><forename type="first">Anna</forename><surname>Rumshisky</surname></persName>
		</author>
		<author>
			<persName xmlns="http://www.tei-c.org/ns/1.0"><forename type="first">Ozlem</forename><surname>Uzuner</surname></persName>
		</author>
	</analytic>
	<monogr>
		<title level="j">Journal of the American Medical Informatics Association</title>
		<imprint>
			<biblScope unit="volume">20</biblScope>
			<biblScope unit="issue">5</biblScope>
			<biblScope unit="page" from="806" to="813" />
			<date type="published" when="2013" />
		</imprint>
	</monogr>
</biblStruct>

<biblStruct >
	<monogr>
				<author>
			<persName xmlns="http://www.tei-c.org/ns/1.0"><forename type="first">Naushad</forename><surname>Uzzaman</surname></persName>
		</author>
		<author>
			<persName xmlns="http://www.tei-c.org/ns/1.0"><forename type="first">Hector</forename><surname>Llorens</surname></persName>
		</author>
		<author>
			<persName xmlns="http://www.tei-c.org/ns/1.0"><forename type="first">James</forename><surname>Allen</surname></persName>
		</author>
		<author>
			<persName xmlns="http://www.tei-c.org/ns/1.0"><forename type="first">Leon</forename><surname>Derczynski</surname></persName>
		</author>
		<author>
			<persName xmlns="http://www.tei-c.org/ns/1.0"><forename type="first">Marc</forename><surname>Verhagen</surname></persName>
		</author>
		<author>
			<persName xmlns="http://www.tei-c.org/ns/1.0"><forename type="first">James</forename><surname>Pustejovsky</surname></persName>
		</author>
		<idno type="arXiv">arXiv:1206.5333</idno>
		<title level="m">Tempeval-3: Evaluating events, time expressions, and temporal relations</title>
		<imprint>
			<date type="published" when="2012" />
		</imprint>
	</monogr>
<note type="report_type">arXiv preprint</note>
</biblStruct>

<biblStruct >
	<analytic>
		<title level="a" type="main">Semeval-2007 task 15: Tempeval temporal relation identification</title>
		<author>
			<persName xmlns="http://www.tei-c.org/ns/1.0"><forename type="first">Marc</forename><surname>Verhagen</surname></persName>
		</author>
		<author>
			<persName xmlns="http://www.tei-c.org/ns/1.0"><forename type="first">Robert</forename><surname>Gaizauskas</surname></persName>
		</author>
		<author>
			<persName xmlns="http://www.tei-c.org/ns/1.0"><forename type="first">Frank</forename><surname>Schilder</surname></persName>
		</author>
		<author>
			<persName xmlns="http://www.tei-c.org/ns/1.0"><forename type="first">Mark</forename><surname>Hepple</surname></persName>
		</author>
		<author>
			<persName xmlns="http://www.tei-c.org/ns/1.0"><forename type="first">Graham</forename><surname>Katz</surname></persName>
		</author>
		<author>
			<persName xmlns="http://www.tei-c.org/ns/1.0"><forename type="first">James</forename><surname>Pustejovsky</surname></persName>
		</author>
	</analytic>
	<monogr>
		<title level="m">Proc. of the 4th International Workshop on Semantic Evaluations</title>
		<meeting>of the 4th International Workshop on Semantic Evaluations</meeting>
		<imprint>
			<publisher>Association for Computational Linguistics</publisher>
			<date type="published" when="2007" />
			<biblScope unit="page" from="75" to="80" />
		</imprint>
	</monogr>
</biblStruct>

<biblStruct >
	<analytic>
		<title level="a" type="main">Semeval-2010 task 13: Tempeval-2</title>
		<author>
			<persName xmlns="http://www.tei-c.org/ns/1.0"><forename type="first">Marc</forename><surname>Verhagen</surname></persName>
		</author>
		<author>
			<persName xmlns="http://www.tei-c.org/ns/1.0"><forename type="first">Roser</forename><surname>Sauri</surname></persName>
		</author>
		<author>
			<persName xmlns="http://www.tei-c.org/ns/1.0"><forename type="first">Tommaso</forename><surname>Caselli</surname></persName>
		</author>
		<author>
			<persName xmlns="http://www.tei-c.org/ns/1.0"><forename type="first">James</forename><surname>Pustejovsky</surname></persName>
		</author>
	</analytic>
	<monogr>
		<title level="m">Proc. of the 5th international workshop on semantic evaluation</title>
		<meeting>of the 5th international workshop on semantic evaluation</meeting>
		<imprint>
			<date type="published" when="2010" />
			<biblScope unit="page" from="57" to="62" />
		</imprint>
	</monogr>
	<note>Association for Computational Linguistics</note>
</biblStruct>

<biblStruct >
	<monogr>
		<title level="m" type="main">Combining recurrent and convolutional neural networks for relation classification</title>
		<author>
			<persName xmlns="http://www.tei-c.org/ns/1.0"><forename type="first">Ngoc</forename><forename type="middle">Thang</forename><surname>Vu</surname></persName>
		</author>
		<author>
			<persName xmlns="http://www.tei-c.org/ns/1.0"><forename type="first">Heike</forename><surname>Adel</surname></persName>
		</author>
		<author>
			<persName xmlns="http://www.tei-c.org/ns/1.0"><forename type="first">Pankaj</forename><surname>Gupta</surname></persName>
		</author>
		<author>
			<persName xmlns="http://www.tei-c.org/ns/1.0"><forename type="first">Hinrich</forename><surname>Schütze</surname></persName>
		</author>
		<idno>abs/1605.07333</idno>
		<imprint>
			<date type="published" when="2016" />
			<publisher>CoRR</publisher>
		</imprint>
	</monogr>
</biblStruct>

<biblStruct >
	<analytic>
		<title level="a" type="main">Classifying relations via long short term memory networks along shortest dependency paths</title>
		<author>
			<persName xmlns="http://www.tei-c.org/ns/1.0"><forename type="first">Yan</forename><surname>Xu</surname></persName>
		</author>
		<author>
			<persName xmlns="http://www.tei-c.org/ns/1.0"><forename type="first">Lili</forename><surname>Mou</surname></persName>
		</author>
		<author>
			<persName xmlns="http://www.tei-c.org/ns/1.0"><forename type="first">Ge</forename><surname>Li</surname></persName>
		</author>
		<author>
			<persName xmlns="http://www.tei-c.org/ns/1.0"><forename type="first">Yunchuan</forename><surname>Chen</surname></persName>
		</author>
		<author>
			<persName xmlns="http://www.tei-c.org/ns/1.0"><forename type="first">Hao</forename><surname>Peng</surname></persName>
		</author>
		<author>
			<persName xmlns="http://www.tei-c.org/ns/1.0"><forename type="first">Zhi</forename><surname>Jin</surname></persName>
		</author>
	</analytic>
	<monogr>
		<title level="m">Proc. of EMNLP 2015</title>
		<meeting>of EMNLP 2015</meeting>
		<imprint>
			<publisher>Association for Computational Linguistics</publisher>
			<date type="published" when="2015" />
			<biblScope unit="page" from="1785" to="1794" />
		</imprint>
	</monogr>
</biblStruct>

<biblStruct >
	<analytic>
		<title level="a" type="main">Relation classification via convolutional deep neural network</title>
		<author>
			<persName xmlns="http://www.tei-c.org/ns/1.0"><forename type="first">Daojian</forename><surname>Zeng</surname></persName>
		</author>
		<author>
			<persName xmlns="http://www.tei-c.org/ns/1.0"><forename type="first">Kang</forename><surname>Liu</surname></persName>
		</author>
		<author>
			<persName xmlns="http://www.tei-c.org/ns/1.0"><forename type="first">Siwei</forename><surname>Lai</surname></persName>
		</author>
		<author>
			<persName xmlns="http://www.tei-c.org/ns/1.0"><forename type="first">Guangyou</forename><surname>Zhou</surname></persName>
		</author>
		<author>
			<persName xmlns="http://www.tei-c.org/ns/1.0"><forename type="first">Jun</forename><surname>Zhao</surname></persName>
		</author>
	</analytic>
	<monogr>
		<title level="m">Proc. of COLING 2014</title>
		<meeting>of COLING 2014</meeting>
		<imprint>
			<date type="published" when="2014" />
			<biblScope unit="page" from="2335" to="2344" />
		</imprint>
	</monogr>
</biblStruct>

<biblStruct >
	<monogr>
		<title level="m" type="main">Relation classification via recurrent neural network</title>
		<author>
			<persName xmlns="http://www.tei-c.org/ns/1.0"><forename type="first">Dongxu</forename><surname>Zhang</surname></persName>
		</author>
		<author>
			<persName xmlns="http://www.tei-c.org/ns/1.0"><forename type="first">Dong</forename><surname>Wang</surname></persName>
		</author>
		<idno>abs/1508.01006</idno>
		<imprint>
			<date type="published" when="2015" />
			<publisher>CoRR</publisher>
		</imprint>
	</monogr>
</biblStruct>

			</listBibl>
		</back>
	</text>
</TEI>
