<?xml version="1.0" ?>
<TEI xmlns="http://www.tei-c.org/ns/1.0" xmlns:xlink="http://www.w3.org/1999/xlink" 
 xmlns:mml="http://www.w3.org/1998/Math/MathML">
	<teiHeader>
		<fileDesc xml:id="f_1069"/>
	</teiHeader>
	<text>
		<front/>
		<body/>
		<back>
			<listBibl>
<biblStruct >
	<analytic>
		<title level="a" type="main">Emotinet: A knowledge base for emotion detection in text built on the appraisal theories</title>
		<author>
			<persName xmlns="http://www.tei-c.org/ns/1.0"><forename type="first">Alexandra</forename><surname>Balahur</surname></persName>
		</author>
		<author>
			<persName xmlns="http://www.tei-c.org/ns/1.0"><forename type="first">Jesús</forename><forename type="middle">M</forename><surname>Hermida</surname></persName>
		</author>
	</analytic>
	<monogr>
		<title level="m">Proceedings of International Conference on Applications of Natural Language to Information Systems</title>
		<meeting>International Conference on Applications of Natural Language to Information Systems</meeting>
		<imprint>
			<date type="published" when="2011" />
			<biblScope unit="page" from="27" to="39" />
		</imprint>
	</monogr>
	<note>Andrés Montoyo, and Rafael Muñoz</note>
</biblStruct>

<biblStruct >
	<analytic>
		<title level="a" type="main">Detecting implicit emotion expressions from text using ontological resources and lexical learning</title>
		<author>
			<persName xmlns="http://www.tei-c.org/ns/1.0"><forename type="first">Alexandra</forename><surname>Balahur</surname></persName>
		</author>
		<author>
			<persName xmlns="http://www.tei-c.org/ns/1.0"><forename type="first">Jesús</forename><forename type="middle">M</forename><surname>Hermida</surname></persName>
		</author>
		<author>
			<persName xmlns="http://www.tei-c.org/ns/1.0"><forename type="first">Hristo</forename><surname>Tanev</surname></persName>
		</author>
	</analytic>
	<monogr>
		<title level="m">Theory and Applications of Natural Language Processing</title>
		<imprint>
			<date type="published" when="2013" />
			<biblScope unit="page" from="235" to="255" />
		</imprint>
	</monogr>
</biblStruct>

<biblStruct >
	<analytic>
		<title level="a" type="main">Joint emotion analysis via multi-task gaussian processes</title>
		<author>
			<persName xmlns="http://www.tei-c.org/ns/1.0"><forename type="first">Daniel</forename><surname>Beck</surname></persName>
		</author>
		<author>
			<persName xmlns="http://www.tei-c.org/ns/1.0"><forename type="first">Trevor</forename><surname>Cohn</surname></persName>
		</author>
		<author>
			<persName xmlns="http://www.tei-c.org/ns/1.0"><forename type="first">Lucia</forename><surname>Specia</surname></persName>
		</author>
	</analytic>
	<monogr>
		<title level="m">EMNLP</title>
		<imprint>
			<date type="published" when="2014" />
			<biblScope unit="page" from="1798" to="1803" />
		</imprint>
	</monogr>
</biblStruct>

<biblStruct >
	<analytic>
		<title level="a" type="main">Linguistic template extraction for recognizing reader-emotion and emotional resonance writing assistance</title>
		<author>
			<persName xmlns="http://www.tei-c.org/ns/1.0"><forename type="first">Yung-Chun</forename><surname>Chang</surname></persName>
		</author>
		<author>
			<persName xmlns="http://www.tei-c.org/ns/1.0"><forename type="first">Cen-Chieh</forename><surname>Chen</surname></persName>
		</author>
		<author>
			<persName xmlns="http://www.tei-c.org/ns/1.0"><forename type="first">Yu-Lun</forename><surname>Hsieh</surname></persName>
		</author>
		<author>
			<persName xmlns="http://www.tei-c.org/ns/1.0"><forename type="first">W</forename><forename type="middle">L</forename><surname>Hsu</surname></persName>
		</author>
	</analytic>
	<monogr>
		<title level="m">ACL</title>
		<imprint>
			<date type="published" when="2015" />
			<biblScope unit="page" from="775" to="780" />
		</imprint>
	</monogr>
</biblStruct>

<biblStruct >
	<analytic>
		<title level="a" type="main">A computer-assistance learning system for emotional wording</title>
		<author>
			<persName xmlns="http://www.tei-c.org/ns/1.0"><forename type="first">Mei</forename><forename type="middle">Hua</forename><surname>Wei Fan Chen</surname></persName>
		</author>
		<author>
			<persName xmlns="http://www.tei-c.org/ns/1.0"><forename type="first">Ming</forename><forename type="middle">Lung</forename><surname>Chen</surname></persName>
		</author>
		<author>
			<persName xmlns="http://www.tei-c.org/ns/1.0"><forename type="first">Lun Wei</forename><surname>Chen</surname></persName>
		</author>
		<author>
			<persName xmlns="http://www.tei-c.org/ns/1.0"><surname>Ku</surname></persName>
		</author>
	</analytic>
	<monogr>
		<title level="j">IEEE Transactions on Knowledge and Data Engineering</title>
		<imprint>
			<biblScope unit="volume">28</biblScope>
			<biblScope unit="issue">5</biblScope>
			<biblScope unit="page" from="1" to="1" />
			<date type="published" when="2016" />
		</imprint>
	</monogr>
</biblStruct>

<biblStruct >
	<analytic>
		<title level="a" type="main">Emotion cause detection with linguistic constructions</title>
		<author>
			<persName xmlns="http://www.tei-c.org/ns/1.0"><forename type="first">Ying</forename><surname>Chen</surname></persName>
		</author>
		<author>
			<persName xmlns="http://www.tei-c.org/ns/1.0"><forename type="first">Sophia Yat Mei</forename><surname>Lee</surname></persName>
		</author>
		<author>
			<persName xmlns="http://www.tei-c.org/ns/1.0"><forename type="first">Shoushan</forename><surname>Li</surname></persName>
		</author>
		<author>
			<persName xmlns="http://www.tei-c.org/ns/1.0"><forename type="first">Chu-Ren</forename><surname>Huang</surname></persName>
		</author>
	</analytic>
	<monogr>
		<title level="m">COLING</title>
		<imprint>
			<date type="published" when="2010" />
			<biblScope unit="page" from="179" to="187" />
		</imprint>
	</monogr>
</biblStruct>

<biblStruct >
	<analytic>
		<title level="a" type="main">Finding emotion holder from bengali blog texts-an unsupervised syntactic approach</title>
		<author>
			<persName xmlns="http://www.tei-c.org/ns/1.0"><forename type="first">Dipankar</forename><surname>Das</surname></persName>
		</author>
		<author>
			<persName xmlns="http://www.tei-c.org/ns/1.0"><forename type="first">Sivaji</forename><surname>Bandyopadhyay</surname></persName>
		</author>
	</analytic>
	<monogr>
		<title level="m">Proceedings of Pacific Asia Conference on Language, Information and Computation</title>
		<meeting>Pacific Asia Conference on Language, Information and Computation</meeting>
		<imprint>
			<date type="published" when="2010" />
			<biblScope unit="page" from="621" to="628" />
		</imprint>
	</monogr>
</biblStruct>

<biblStruct >
	<analytic>
		<title level="a" type="main">Expression and the nature of emotion</title>
		<author>
			<persName xmlns="http://www.tei-c.org/ns/1.0"><forename type="first">Paul</forename><surname>Ekman</surname></persName>
		</author>
	</analytic>
	<monogr>
		<title level="j">Approaches to Emotion</title>
		<imprint>
			<biblScope unit="volume">3</biblScope>
			<biblScope unit="page" from="19" to="344" />
			<date type="published" when="1984" />
		</imprint>
	</monogr>
</biblStruct>

<biblStruct >
	<monogr>
		<title level="m" type="main">A rulebased approach to emotion cause detection for chinese micro-blogs. Expert Systems with Applications</title>
		<author>
			<persName xmlns="http://www.tei-c.org/ns/1.0"><forename type="first">Kai</forename><surname>Gao</surname></persName>
		</author>
		<author>
			<persName xmlns="http://www.tei-c.org/ns/1.0"><forename type="first">Hua</forename><surname>Xu</surname></persName>
		</author>
		<author>
			<persName xmlns="http://www.tei-c.org/ns/1.0"><forename type="first">Jiushuo</forename><surname>Wang</surname></persName>
		</author>
		<imprint>
			<date type="published" when="2015" />
			<biblScope unit="volume">42</biblScope>
			<biblScope unit="page" from="4517" to="4528" />
		</imprint>
	</monogr>
</biblStruct>

<biblStruct >
	<analytic>
		<title level="a" type="main">Joint learning on sentiment and emotion classification</title>
		<author>
			<persName xmlns="http://www.tei-c.org/ns/1.0"><forename type="first">Wei</forename><surname>Gao</surname></persName>
		</author>
		<author>
			<persName xmlns="http://www.tei-c.org/ns/1.0"><forename type="first">Shoushan</forename><surname>Li</surname></persName>
		</author>
		<author>
			<persName xmlns="http://www.tei-c.org/ns/1.0"><forename type="first">Sophia Yat Mei</forename><surname>Lee</surname></persName>
		</author>
		<author>
			<persName xmlns="http://www.tei-c.org/ns/1.0"><forename type="first">Guodong</forename><surname>Zhou</surname></persName>
		</author>
		<author>
			<persName xmlns="http://www.tei-c.org/ns/1.0"><forename type="first">Chu-Ren</forename><surname>Huang</surname></persName>
		</author>
	</analytic>
	<monogr>
		<title level="m">CIKM</title>
		<imprint>
			<publisher>ACM</publisher>
			<date type="published" when="2013" />
			<biblScope unit="page" from="1505" to="1508" />
		</imprint>
	</monogr>
</biblStruct>

<biblStruct >
	<analytic>
		<title level="a" type="main">Detecting emotion stimuli in emotion-bearing sentences</title>
		<author>
			<persName xmlns="http://www.tei-c.org/ns/1.0"><forename type="first">Diman</forename><surname>Ghazi</surname></persName>
		</author>
		<author>
			<persName xmlns="http://www.tei-c.org/ns/1.0"><forename type="first">Diana</forename><surname>Inkpen</surname></persName>
		</author>
		<author>
			<persName xmlns="http://www.tei-c.org/ns/1.0"><forename type="first">Stan</forename><surname>Szpakowicz</surname></persName>
		</author>
	</analytic>
	<monogr>
		<title level="m">Computational Linguistics and Intelligent Text Processing</title>
		<imprint>
			<publisher>Springer</publisher>
			<date type="published" when="2015" />
			<biblScope unit="page" from="152" to="165" />
		</imprint>
	</monogr>
</biblStruct>

<biblStruct >
	<analytic>
		<title level="a" type="main">Event-driven emotion cause extraction with corpus construction</title>
		<author>
			<persName xmlns="http://www.tei-c.org/ns/1.0"><forename type="first">Lin</forename><surname>Gui</surname></persName>
		</author>
		<author>
			<persName xmlns="http://www.tei-c.org/ns/1.0"><forename type="first">Dongyin</forename><surname>Wu</surname></persName>
		</author>
		<author>
			<persName xmlns="http://www.tei-c.org/ns/1.0"><forename type="first">Ruifeng</forename><surname>Xu</surname></persName>
		</author>
		<author>
			<persName xmlns="http://www.tei-c.org/ns/1.0"><forename type="first">Qin</forename><surname>Lu</surname></persName>
		</author>
		<author>
			<persName xmlns="http://www.tei-c.org/ns/1.0"><forename type="first">Yu</forename><surname>Zhou</surname></persName>
		</author>
	</analytic>
	<monogr>
		<title level="m">EMNLP</title>
		<imprint>
			<date type="published" when="2016" />
			<biblScope unit="page" from="1639" to="1649" />
		</imprint>
	</monogr>
</biblStruct>

<biblStruct >
	<analytic>
		<title level="a" type="main">Emotion cause detection with linguistic construction in chinese weibo text</title>
		<author>
			<persName xmlns="http://www.tei-c.org/ns/1.0"><forename type="first">Lin</forename><surname>Gui</surname></persName>
		</author>
		<author>
			<persName xmlns="http://www.tei-c.org/ns/1.0"><forename type="first">Li</forename><surname>Yuan</surname></persName>
		</author>
		<author>
			<persName xmlns="http://www.tei-c.org/ns/1.0"><forename type="first">Ruifeng</forename><surname>Xu</surname></persName>
		</author>
		<author>
			<persName xmlns="http://www.tei-c.org/ns/1.0"><forename type="first">Bin</forename><surname>Liu</surname></persName>
		</author>
		<author>
			<persName xmlns="http://www.tei-c.org/ns/1.0"><forename type="first">Qin</forename><surname>Lu</surname></persName>
		</author>
		<author>
			<persName xmlns="http://www.tei-c.org/ns/1.0"><forename type="first">Yu</forename><surname>Zhou</surname></persName>
		</author>
	</analytic>
	<monogr>
		<title level="m">Natural Language Processing and Chinese Computing</title>
		<imprint>
			<publisher>Springer</publisher>
			<date type="published" when="2014" />
			<biblScope unit="page" from="457" to="464" />
		</imprint>
	</monogr>
</biblStruct>

<biblStruct >
	<analytic>
		<title level="a" type="main">Predicting and eliciting addressee&apos;s emotion in online dialogue</title>
		<author>
			<persName xmlns="http://www.tei-c.org/ns/1.0"><forename type="first">Takayuki</forename><surname>Hasegawa</surname></persName>
		</author>
		<author>
			<persName xmlns="http://www.tei-c.org/ns/1.0"><forename type="first">Nobuhiro</forename><surname>Kaji</surname></persName>
		</author>
		<author>
			<persName xmlns="http://www.tei-c.org/ns/1.0"><forename type="first">Naoki</forename><surname>Yoshinaga</surname></persName>
		</author>
		<author>
			<persName xmlns="http://www.tei-c.org/ns/1.0"><forename type="first">Masashi</forename><surname>Toyoda</surname></persName>
		</author>
	</analytic>
	<monogr>
		<title level="m">ACL</title>
		<imprint>
			<date type="published" when="2013" />
			<biblScope unit="page" from="964" to="972" />
		</imprint>
	</monogr>
</biblStruct>

<biblStruct >
	<analytic>
		<title level="a" type="main">Convolutional neural networks for sentence classification</title>
		<author>
			<persName xmlns="http://www.tei-c.org/ns/1.0"><forename type="first">Yoon</forename><surname>Kim</surname></persName>
		</author>
	</analytic>
	<monogr>
		<title level="m">EMNLP</title>
		<imprint>
			<date type="published" when="2014" />
			<biblScope unit="page" from="1746" to="1751" />
		</imprint>
	</monogr>
</biblStruct>

<biblStruct >
	<analytic>
		<title level="a" type="main">A text-driven rule-based system for emotion cause detection</title>
		<author>
			<persName xmlns="http://www.tei-c.org/ns/1.0"><forename type="first">Sophia Yat Mei</forename><surname>Lee</surname></persName>
		</author>
		<author>
			<persName xmlns="http://www.tei-c.org/ns/1.0"><forename type="first">Ying</forename><surname>Chen</surname></persName>
		</author>
		<author>
			<persName xmlns="http://www.tei-c.org/ns/1.0"><forename type="first">Chu-Ren</forename><surname>Huang</surname></persName>
		</author>
	</analytic>
	<monogr>
		<title level="m">Proceedings of the NAACL HLT 2010 Workshop on Computational Approaches to Analysis and Generation of Emotion in Text</title>
		<meeting>the NAACL HLT 2010 Workshop on Computational Approaches to Analysis and Generation of Emotion in Text</meeting>
		<imprint>
			<publisher>Association for Computational Linguistics</publisher>
			<date type="published" when="2010" />
			<biblScope unit="page" from="45" to="53" />
		</imprint>
	</monogr>
</biblStruct>

<biblStruct >
	<analytic>
		<title level="a" type="main">Sentence-level emotion classification with label and context dependence</title>
		<author>
			<persName xmlns="http://www.tei-c.org/ns/1.0"><forename type="first">Shoushan</forename><surname>Li</surname></persName>
		</author>
		<author>
			<persName xmlns="http://www.tei-c.org/ns/1.0"><forename type="first">Lei</forename><surname>Huang</surname></persName>
		</author>
		<author>
			<persName xmlns="http://www.tei-c.org/ns/1.0"><forename type="first">Rong</forename><surname>Wang</surname></persName>
		</author>
		<author>
			<persName xmlns="http://www.tei-c.org/ns/1.0"><forename type="first">Guodong</forename><surname>Zhou</surname></persName>
		</author>
	</analytic>
	<monogr>
		<title level="m">ACL</title>
		<imprint>
			<date type="published" when="2013" />
			<biblScope unit="page" from="1045" to="1053" />
		</imprint>
	</monogr>
</biblStruct>

<biblStruct >
	<monogr>
		<title level="m" type="main">Text-based emotion classification using emotion cause extraction. Expert Systems with Applications</title>
		<author>
			<persName xmlns="http://www.tei-c.org/ns/1.0"><forename type="first">Weiyuan</forename><surname>Li</surname></persName>
		</author>
		<author>
			<persName xmlns="http://www.tei-c.org/ns/1.0"><forename type="first">Hua</forename><surname>Xu</surname></persName>
		</author>
		<imprint>
			<date type="published" when="2014" />
			<biblScope unit="volume">41</biblScope>
			<biblScope unit="page" from="1742" to="1749" />
		</imprint>
	</monogr>
</biblStruct>

<biblStruct >
	<monogr>
		<title level="m" type="main">Sentiment analysis: Mining opinions, sentiments, and emotions</title>
		<author>
			<persName xmlns="http://www.tei-c.org/ns/1.0"><forename type="first">Bing</forename><surname>Liu</surname></persName>
		</author>
		<imprint>
			<date type="published" when="2015" />
			<publisher>Cambridge University Press</publisher>
		</imprint>
	</monogr>
</biblStruct>

<biblStruct >
	<analytic>
		<title level="a" type="main">Joint modeling of news reader&apos;s and comment writer&apos;s emotions</title>
		<author>
			<persName xmlns="http://www.tei-c.org/ns/1.0"><forename type="first">Huanhuan</forename><surname>Liu</surname></persName>
		</author>
		<author>
			<persName xmlns="http://www.tei-c.org/ns/1.0"><forename type="first">Shoushan</forename><surname>Li</surname></persName>
		</author>
		<author>
			<persName xmlns="http://www.tei-c.org/ns/1.0"><forename type="first">Guodong</forename><surname>Zhou</surname></persName>
		</author>
		<author>
			<persName xmlns="http://www.tei-c.org/ns/1.0"><forename type="first">Chu-Ren</forename><surname>Huang</surname></persName>
		</author>
		<author>
			<persName xmlns="http://www.tei-c.org/ns/1.0"><forename type="first">Peifeng</forename><surname>Li</surname></persName>
		</author>
	</analytic>
	<monogr>
		<title level="m">ACL</title>
		<imprint>
			<date type="published" when="2013" />
			<biblScope unit="page" from="511" to="515" />
		</imprint>
	</monogr>
</biblStruct>

<biblStruct >
	<analytic>
		<title level="a" type="main">Jeam: A novel model for cross-domain sentiment classification based on emotion analysis</title>
		<author>
			<persName xmlns="http://www.tei-c.org/ns/1.0"><forename type="first">Zhi-Hong</forename><surname>Kun-Hu Luo</surname></persName>
		</author>
		<author>
			<persName xmlns="http://www.tei-c.org/ns/1.0"><forename type="first">Liang-Chen</forename><surname>Deng</surname></persName>
		</author>
		<author>
			<persName xmlns="http://www.tei-c.org/ns/1.0"><forename type="first">Hongliang</forename><surname>Wei</surname></persName>
		</author>
		<author>
			<persName xmlns="http://www.tei-c.org/ns/1.0"><surname>Yu</surname></persName>
		</author>
	</analytic>
	<monogr>
		<title level="m">EMNLP</title>
		<imprint>
			<date type="published" when="2015" />
			<biblScope unit="page" from="2503" to="2508" />
		</imprint>
	</monogr>
</biblStruct>

<biblStruct >
	<analytic>
		<title level="a" type="main">Effective approaches to attention-based neural machine translation</title>
		<author>
			<persName xmlns="http://www.tei-c.org/ns/1.0"><forename type="first">Thang</forename><surname>Luong</surname></persName>
		</author>
		<author>
			<persName xmlns="http://www.tei-c.org/ns/1.0"><forename type="first">Hieu</forename><surname>Pham</surname></persName>
		</author>
		<author>
			<persName xmlns="http://www.tei-c.org/ns/1.0"><forename type="first">Christopher</forename><forename type="middle">D</forename><surname>Manning</surname></persName>
		</author>
	</analytic>
	<monogr>
		<title level="m">EMNLP</title>
		<imprint>
			<date type="published" when="2015" />
			<biblScope unit="page" from="1412" to="1421" />
		</imprint>
	</monogr>
</biblStruct>

<biblStruct >
	<analytic>
		<title level="a" type="main">A neural attention model for abstractive sentence summarization</title>
		<author>
			<persName xmlns="http://www.tei-c.org/ns/1.0"><forename type="first">Alexander</forename><forename type="middle">M</forename><surname>Rush</surname></persName>
		</author>
		<author>
			<persName xmlns="http://www.tei-c.org/ns/1.0"><forename type="first">Sumit</forename><surname>Chopra</surname></persName>
		</author>
		<author>
			<persName xmlns="http://www.tei-c.org/ns/1.0"><forename type="first">Jason</forename><surname>Weston</surname></persName>
		</author>
	</analytic>
	<monogr>
		<title level="m">EMNLP</title>
		<imprint>
			<date type="published" when="2015" />
			<biblScope unit="page" from="379" to="389" />
		</imprint>
	</monogr>
</biblStruct>

<biblStruct >
	<analytic>
		<title level="a" type="main">Distributed representations of words and phrases and their compositionality</title>
		<author>
			<persName xmlns="http://www.tei-c.org/ns/1.0"><forename type="first">Tomas</forename><surname>Mikolov</surname></persName>
		</author>
		<author>
			<persName xmlns="http://www.tei-c.org/ns/1.0"><forename type="first">Ilya</forename><surname>Sutskever</surname></persName>
		</author>
		<author>
			<persName xmlns="http://www.tei-c.org/ns/1.0"><forename type="first">Kai</forename><surname>Chen</surname></persName>
		</author>
		<author>
			<persName xmlns="http://www.tei-c.org/ns/1.0"><forename type="first">Greg</forename><forename type="middle">S</forename><surname>Corrado</surname></persName>
		</author>
		<author>
			<persName xmlns="http://www.tei-c.org/ns/1.0"><forename type="first">Jeff</forename><surname>Dean</surname></persName>
		</author>
	</analytic>
	<monogr>
		<title level="m">NIPS</title>
		<imprint>
			<date type="published" when="2013" />
			<biblScope unit="page" from="3111" to="3119" />
		</imprint>
	</monogr>
</biblStruct>

<biblStruct >
	<analytic>
		<title level="a" type="main">Crowdsourcing a word-emotion association lexicon</title>
		<author>
			<persName xmlns="http://www.tei-c.org/ns/1.0"><forename type="first">M</forename><surname>Saif</surname></persName>
		</author>
		<author>
			<persName xmlns="http://www.tei-c.org/ns/1.0"><forename type="first">Peter D</forename><surname>Mohammad</surname></persName>
		</author>
		<author>
			<persName xmlns="http://www.tei-c.org/ns/1.0"><surname>Turney</surname></persName>
		</author>
	</analytic>
	<monogr>
		<title level="j">Computational Intelligence</title>
		<imprint>
			<biblScope unit="volume">29</biblScope>
			<biblScope unit="issue">3</biblScope>
			<biblScope unit="page" from="436" to="465" />
			<date type="published" when="2013" />
		</imprint>
	</monogr>
</biblStruct>

<biblStruct >
	<analytic>
		<title level="a" type="main">Probabilistic sense sentiment similarity through hidden emotions</title>
		<author>
			<persName xmlns="http://www.tei-c.org/ns/1.0"><forename type="first">Mitra</forename><surname>Mohtarami</surname></persName>
		</author>
		<author>
			<persName xmlns="http://www.tei-c.org/ns/1.0"><forename type="first">Man</forename><surname>Lan</surname></persName>
		</author>
		<author>
			<persName xmlns="http://www.tei-c.org/ns/1.0"><forename type="first">Chew Lim</forename><surname>Tan</surname></persName>
		</author>
	</analytic>
	<monogr>
		<title level="m">ACL</title>
		<imprint>
			<date type="published" when="2013" />
			<biblScope unit="page" from="983" to="992" />
		</imprint>
	</monogr>
</biblStruct>

<biblStruct >
	<analytic>
		<title level="a" type="main">Exploiting community emotion for microblog event detection</title>
		<author>
			<persName xmlns="http://www.tei-c.org/ns/1.0"><forename type="first">Gaoyan</forename><surname>Ou</surname></persName>
		</author>
		<author>
			<persName xmlns="http://www.tei-c.org/ns/1.0"><forename type="first">Wei</forename><surname>Chen</surname></persName>
		</author>
		<author>
			<persName xmlns="http://www.tei-c.org/ns/1.0"><forename type="first">Tengjiao</forename><surname>Wang</surname></persName>
		</author>
		<author>
			<persName xmlns="http://www.tei-c.org/ns/1.0"><forename type="first">Zhongyu</forename><surname>Wei</surname></persName>
		</author>
		<author>
			<persName xmlns="http://www.tei-c.org/ns/1.0"><forename type="first">Binyang</forename><surname>Li</surname></persName>
		</author>
		<author>
			<persName xmlns="http://www.tei-c.org/ns/1.0"><forename type="first">Dongqing</forename><surname>Yang</surname></persName>
		</author>
		<author>
			<persName xmlns="http://www.tei-c.org/ns/1.0"><forename type="first">Kam-Fai</forename><surname>Wong</surname></persName>
		</author>
	</analytic>
	<monogr>
		<title level="m">EMNLP</title>
		<imprint>
			<date type="published" when="2014" />
			<biblScope unit="page" from="1159" to="1168" />
		</imprint>
	</monogr>
</biblStruct>

<biblStruct >
	<monogr>
		<title level="m" type="main">Emotion: A psychoevolutionary synthesis</title>
		<author>
			<persName xmlns="http://www.tei-c.org/ns/1.0"><forename type="first">Robert</forename><surname>Plutchik</surname></persName>
		</author>
		<imprint>
			<date type="published" when="1980" />
		</imprint>
	</monogr>
</biblStruct>

<biblStruct >
	<analytic>
		<title level="a" type="main">Learning emotion indicators from tweets: Hashtags, hashtag patterns, and phrases</title>
		<author>
			<persName xmlns="http://www.tei-c.org/ns/1.0"><forename type="first">Ashequl</forename><surname>Qadir</surname></persName>
		</author>
		<author>
			<persName xmlns="http://www.tei-c.org/ns/1.0"><forename type="first">Ellen</forename><surname>Riloff</surname></persName>
		</author>
	</analytic>
	<monogr>
		<title level="m">EMNLP</title>
		<imprint>
			<date type="published" when="2014" />
			<biblScope unit="page" from="1203" to="1209" />
		</imprint>
	</monogr>
</biblStruct>

<biblStruct >
	<analytic>
		<title level="a" type="main">Construction of a blog emotion corpus for chinese emotional expression analysis</title>
		<author>
			<persName xmlns="http://www.tei-c.org/ns/1.0"><forename type="first">Changqin</forename><surname>Quan</surname></persName>
		</author>
		<author>
			<persName xmlns="http://www.tei-c.org/ns/1.0"><forename type="first">Fuji</forename><surname>Ren</surname></persName>
		</author>
	</analytic>
	<monogr>
		<title level="m">EMNLP</title>
		<imprint>
			<date type="published" when="2009" />
			<biblScope unit="page" from="1446" to="1454" />
		</imprint>
	</monogr>
</biblStruct>

<biblStruct >
	<analytic>
		<title level="a" type="main">Emocause: an easy-adaptable approach to emotion cause contexts</title>
		<author>
			<persName xmlns="http://www.tei-c.org/ns/1.0"><forename type="first">Irene</forename><surname>Russo</surname></persName>
		</author>
		<author>
			<persName xmlns="http://www.tei-c.org/ns/1.0"><forename type="first">Tommaso</forename><surname>Caselli</surname></persName>
		</author>
		<author>
			<persName xmlns="http://www.tei-c.org/ns/1.0"><forename type="first">Francesco</forename><surname>Rubino</surname></persName>
		</author>
		<author>
			<persName xmlns="http://www.tei-c.org/ns/1.0"><forename type="first">Ester</forename><surname>Boldrini</surname></persName>
		</author>
		<author>
			<persName xmlns="http://www.tei-c.org/ns/1.0"><forename type="first">Patricio</forename><surname>Martínez-Barco</surname></persName>
		</author>
	</analytic>
	<monogr>
		<title level="m">Proceedings of the 2nd Workshop on Computational Approaches to Subjectivity and Sentiment Analysis</title>
		<meeting>the 2nd Workshop on Computational Approaches to Subjectivity and Sentiment Analysis</meeting>
		<imprint>
			<date type="published" when="2011" />
			<biblScope unit="page" from="153" to="160" />
		</imprint>
	</monogr>
</biblStruct>

<biblStruct >
	<monogr>
		<title level="m" type="main">Depechemood: a lexicon for emotion analysis from crowd-annotated news</title>
		<author>
			<persName xmlns="http://www.tei-c.org/ns/1.0"><forename type="first">Jacopo</forename><surname>Staiano</surname></persName>
		</author>
		<author>
			<persName xmlns="http://www.tei-c.org/ns/1.0"><forename type="first">Marco</forename><surname>Guerini</surname></persName>
		</author>
		<idno type="arXiv">arXiv:1405.1605</idno>
		<imprint>
			<date type="published" when="2014" />
		</imprint>
	</monogr>
<note type="report_type">arXiv preprint</note>
</biblStruct>

<biblStruct >
	<analytic>
		<title level="a" type="main">End-to-end memory networks</title>
		<author>
			<persName xmlns="http://www.tei-c.org/ns/1.0"><forename type="first">Sainbayar</forename><surname>Sukhbaatar</surname></persName>
		</author>
		<author>
			<persName xmlns="http://www.tei-c.org/ns/1.0"><forename type="first">Arthur</forename><surname>Szlam</surname></persName>
		</author>
		<author>
			<persName xmlns="http://www.tei-c.org/ns/1.0"><forename type="first">Jason</forename><surname>Weston</surname></persName>
		</author>
	</analytic>
	<monogr>
		<title level="m">NIPS</title>
		<imprint>
			<date type="published" when="2015" />
			<biblScope unit="page" from="2431" to="2439" />
		</imprint>
	</monogr>
</biblStruct>

<biblStruct >
	<analytic>
		<title level="a" type="main">Aspect level sentiment classification with deep memory network</title>
		<author>
			<persName xmlns="http://www.tei-c.org/ns/1.0"><forename type="first">Duyu</forename><surname>Tang</surname></persName>
		</author>
		<author>
			<persName xmlns="http://www.tei-c.org/ns/1.0"><forename type="first">Bing</forename><surname>Qin</surname></persName>
		</author>
		<author>
			<persName xmlns="http://www.tei-c.org/ns/1.0"><forename type="first">Ting</forename><surname>Liu</surname></persName>
		</author>
	</analytic>
	<monogr>
		<title level="m">EMNLP</title>
		<imprint>
			<date type="published" when="2016" />
			<biblScope unit="page" from="214" to="225" />
		</imprint>
	</monogr>
</biblStruct>

<biblStruct >
	<monogr>
		<title level="m" type="main">On the origins of human emotions: A sociological inquiry into the evolution of human affect</title>
		<author>
			<persName xmlns="http://www.tei-c.org/ns/1.0"><forename type="first">H</forename><surname>Jonathan</surname></persName>
		</author>
		<author>
			<persName xmlns="http://www.tei-c.org/ns/1.0"><surname>Turner</surname></persName>
		</author>
		<imprint>
			<date type="published" when="2000" />
			<publisher>Stanford University Press</publisher>
			<pubPlace>Stanford, CA</pubPlace>
		</imprint>
	</monogr>
</biblStruct>

<biblStruct >
	<monogr>
		<title/>
		<author>
			<persName xmlns="http://www.tei-c.org/ns/1.0"><forename type="first">Jason</forename><surname>Weston</surname></persName>
		</author>
		<author>
			<persName xmlns="http://www.tei-c.org/ns/1.0"><forename type="first">Sumit</forename><surname>Chopra</surname></persName>
		</author>
		<author>
			<persName xmlns="http://www.tei-c.org/ns/1.0"><forename type="first">Antoine</forename></persName>
		</author>
		<idno type="arXiv">arXiv:1410.3916</idno>
		<imprint/>
	</monogr>
<note type="report_type">Bordes. 2014. Memory networks. arXiv preprint</note>
</biblStruct>

<biblStruct >
	<analytic>
		<title level="a" type="main">Coarse-to-fine sentence-level emotion classification based on the intra-sentence features and sentential context</title>
		<author>
			<persName xmlns="http://www.tei-c.org/ns/1.0"><forename type="first">Jun</forename><surname>Xu</surname></persName>
		</author>
		<author>
			<persName xmlns="http://www.tei-c.org/ns/1.0"><forename type="first">Ruifeng</forename><surname>Xu</surname></persName>
		</author>
		<author>
			<persName xmlns="http://www.tei-c.org/ns/1.0"><forename type="first">Qin</forename><surname>Lu</surname></persName>
		</author>
		<author>
			<persName xmlns="http://www.tei-c.org/ns/1.0"><forename type="first">Xiaolong</forename><surname>Wang</surname></persName>
		</author>
	</analytic>
	<monogr>
		<title level="m">CIKM</title>
		<imprint>
			<publisher>ACM</publisher>
			<date type="published" when="2012" />
			<biblScope unit="page" from="2455" to="2458" />
		</imprint>
	</monogr>
</biblStruct>

<biblStruct >
	<analytic>
		<title level="a" type="main">A new emotion dictionary based on the distinguish of emotion expression and emotion cognition</title>
		<author>
			<persName xmlns="http://www.tei-c.org/ns/1.0"><forename type="first">Ruifeng</forename><surname>Xu</surname></persName>
		</author>
		<author>
			<persName xmlns="http://www.tei-c.org/ns/1.0"><forename type="first">Chengtian</forename><surname>Zou</surname></persName>
		</author>
		<author>
			<persName xmlns="http://www.tei-c.org/ns/1.0"><forename type="first">Yanzhen</forename><surname>Zheng</surname></persName>
		</author>
		<author>
			<persName xmlns="http://www.tei-c.org/ns/1.0"><forename type="first">Xu</forename><surname>Jun</surname></persName>
		</author>
		<author>
			<persName xmlns="http://www.tei-c.org/ns/1.0"><forename type="first">Lin</forename><surname>Gui</surname></persName>
		</author>
		<author>
			<persName xmlns="http://www.tei-c.org/ns/1.0"><forename type="first">Bin</forename><surname>Liu</surname></persName>
		</author>
		<author>
			<persName xmlns="http://www.tei-c.org/ns/1.0"><forename type="first">Xiaolong</forename><surname>Wang</surname></persName>
		</author>
	</analytic>
	<monogr>
		<title level="j">Journal of Chinese Information Processing</title>
		<imprint>
			<biblScope unit="volume">27</biblScope>
			<biblScope unit="issue">6</biblScope>
			<biblScope unit="page" from="82" to="90" />
			<date type="published" when="2013" />
		</imprint>
	</monogr>
</biblStruct>

<biblStruct >
	<analytic>
		<title level="a" type="main">A topic model for building fine-grained domainspecific emotion lexicon</title>
		<author>
			<persName xmlns="http://www.tei-c.org/ns/1.0"><forename type="first">Min</forename><surname>Yang</surname></persName>
		</author>
		<author>
			<persName xmlns="http://www.tei-c.org/ns/1.0"><forename type="first">Dingju</forename><surname>Zhu</surname></persName>
		</author>
		<author>
			<persName xmlns="http://www.tei-c.org/ns/1.0"><forename type="first">Kam-Pui</forename><surname>Chow</surname></persName>
		</author>
	</analytic>
	<monogr>
		<title level="m">ACL(2)</title>
		<imprint>
			<date type="published" when="2014" />
			<biblScope unit="page" from="421" to="426" />
		</imprint>
	</monogr>
</biblStruct>

<biblStruct >
	<analytic>
		<title level="a" type="main">Emotion distribution learning from texts</title>
		<author>
			<persName xmlns="http://www.tei-c.org/ns/1.0"><forename type="first">Deyu</forename><surname>Zhou</surname></persName>
		</author>
		<author>
			<persName xmlns="http://www.tei-c.org/ns/1.0"><forename type="first">Xuan</forename><surname>Zhang</surname></persName>
		</author>
		<author>
			<persName xmlns="http://www.tei-c.org/ns/1.0"><forename type="first">Yin</forename><surname>Zhou</surname></persName>
		</author>
		<author>
			<persName xmlns="http://www.tei-c.org/ns/1.0"><forename type="first">Quan</forename><surname>Zhao</surname></persName>
		</author>
		<author>
			<persName xmlns="http://www.tei-c.org/ns/1.0"><forename type="first">Xin</forename><surname>Geng</surname></persName>
		</author>
	</analytic>
	<monogr>
		<title level="m">EMNLP</title>
		<imprint>
			<date type="published" when="2016" />
			<biblScope unit="page" from="638" to="647" />
		</imprint>
	</monogr>
</biblStruct>

			</listBibl>
		</back>
	</text>
</TEI>
