<?xml version="1.0" ?>
<TEI xmlns="http://www.tei-c.org/ns/1.0" xmlns:xlink="http://www.w3.org/1999/xlink" 
 xmlns:mml="http://www.w3.org/1998/Math/MathML">
	<teiHeader>
		<fileDesc xml:id="f_1471"/>
	</teiHeader>
	<text>
		<front/>
		<body/>
		<back>
			<listBibl>
<biblStruct >
	<analytic>
		<title level="a" type="main">A study on similarity and relatedness using distributional and wordnet-based approaches</title>
		<author>
			<persName xmlns="http://www.tei-c.org/ns/1.0"><forename type="first">Eneko</forename><surname>Agirre</surname></persName>
		</author>
		<author>
			<persName xmlns="http://www.tei-c.org/ns/1.0"><forename type="first">Enrique</forename><surname>Alfonseca</surname></persName>
		</author>
		<author>
			<persName xmlns="http://www.tei-c.org/ns/1.0"><forename type="first">Keith</forename><surname>Hall</surname></persName>
		</author>
		<author>
			<persName xmlns="http://www.tei-c.org/ns/1.0"><forename type="first">Jana</forename><surname>Kravalova</surname></persName>
		</author>
		<author>
			<persName xmlns="http://www.tei-c.org/ns/1.0"><forename type="first">Marius</forename><surname>Pas¸capas¸ca</surname></persName>
		</author>
		<author>
			<persName xmlns="http://www.tei-c.org/ns/1.0"><forename type="first">Aitor</forename><surname>Soroa</surname></persName>
		</author>
	</analytic>
	<monogr>
		<title level="m">NAACL</title>
		<imprint>
			<date type="published" when="2009" />
			<biblScope unit="page" from="19" to="27" />
		</imprint>
	</monogr>
</biblStruct>

<biblStruct >
	<analytic>
		<title level="a" type="main">Visually grounded and textual semantic models differentially decode brain activity associated with concrete and abstract nouns</title>
		<author>
			<persName xmlns="http://www.tei-c.org/ns/1.0"><forename type="first">Andrew</forename><forename type="middle">J</forename><surname>Anderson</surname></persName>
		</author>
		<author>
			<persName xmlns="http://www.tei-c.org/ns/1.0"><forename type="first">Douwe</forename><surname>Kiela</surname></persName>
		</author>
		<author>
			<persName xmlns="http://www.tei-c.org/ns/1.0"><forename type="first">Stephen</forename><surname>Clark</surname></persName>
		</author>
		<author>
			<persName xmlns="http://www.tei-c.org/ns/1.0"><forename type="first">Massimo</forename><surname>Poesio</surname></persName>
		</author>
	</analytic>
	<monogr>
		<title level="j">TACL</title>
		<imprint>
			<biblScope unit="volume">5</biblScope>
			<biblScope unit="page" from="17" to="30" />
			<date type="published" when="2017" />
		</imprint>
	</monogr>
</biblStruct>

<biblStruct >
	<monogr>
		<title level="m" type="main">Human associative memory</title>
		<author>
			<persName xmlns="http://www.tei-c.org/ns/1.0"><forename type="first">R</forename><surname>John</surname></persName>
		</author>
		<author>
			<persName xmlns="http://www.tei-c.org/ns/1.0"><forename type="first">Gordon H</forename><surname>Anderson</surname></persName>
		</author>
		<author>
			<persName xmlns="http://www.tei-c.org/ns/1.0"><surname>Bower</surname></persName>
		</author>
		<imprint>
			<date type="published" when="2014" />
		</imprint>
	</monogr>
	<note>Psychology press</note>
</biblStruct>

<biblStruct >
	<monogr>
		<title level="m" type="main">Integrating experiential and distributional data to learn semantic representations. Psychological review</title>
		<author>
			<persName xmlns="http://www.tei-c.org/ns/1.0"><forename type="first">Mark</forename><surname>Andrews</surname></persName>
		</author>
		<author>
			<persName xmlns="http://www.tei-c.org/ns/1.0"><forename type="first">Gabriella</forename><surname>Vigliocco</surname></persName>
		</author>
		<author>
			<persName xmlns="http://www.tei-c.org/ns/1.0"><forename type="first">David</forename><surname>Vinson</surname></persName>
		</author>
		<imprint>
			<date type="published" when="2009" />
			<biblScope unit="volume">116</biblScope>
			<biblScope unit="page">463</biblScope>
		</imprint>
	</monogr>
</biblStruct>

<biblStruct >
	<analytic>
		<title level="a" type="main">Grounded cognition</title>
		<author>
			<persName xmlns="http://www.tei-c.org/ns/1.0"><forename type="first">W</forename><surname>Lawrence</surname></persName>
		</author>
		<author>
			<persName xmlns="http://www.tei-c.org/ns/1.0"><surname>Barsalou</surname></persName>
		</author>
	</analytic>
	<monogr>
		<title level="j">Annu. Rev. Psychol</title>
		<imprint>
			<biblScope unit="volume">59</biblScope>
			<biblScope unit="page" from="617" to="645" />
			<date type="published" when="2008" />
		</imprint>
	</monogr>
</biblStruct>

<biblStruct >
	<monogr>
		<title level="m" type="main">Learning deep architectures for ai. Foundations and trends in Machine Learning</title>
		<author>
			<persName xmlns="http://www.tei-c.org/ns/1.0"><forename type="first">Yoshua</forename><surname>Bengio</surname></persName>
		</author>
		<imprint>
			<date type="published" when="2009" />
			<biblScope unit="volume">2</biblScope>
			<biblScope unit="page" from="1" to="127" />
		</imprint>
	</monogr>
</biblStruct>

<biblStruct >
	<analytic>
		<title level="a" type="main">Greedy layer-wise training of deep networks</title>
		<author>
			<persName xmlns="http://www.tei-c.org/ns/1.0"><forename type="first">Yoshua</forename><surname>Bengio</surname></persName>
		</author>
		<author>
			<persName xmlns="http://www.tei-c.org/ns/1.0"><forename type="first">Pascal</forename><surname>Lamblin</surname></persName>
		</author>
		<author>
			<persName xmlns="http://www.tei-c.org/ns/1.0"><forename type="first">Dan</forename><surname>Popovici</surname></persName>
		</author>
		<author>
			<persName xmlns="http://www.tei-c.org/ns/1.0"><forename type="first">Hugo</forename><surname>Larochelle</surname></persName>
		</author>
	</analytic>
	<monogr>
		<title level="m">Advances in neural information processing systems</title>
		<imprint>
			<date type="published" when="2007" />
			<biblScope unit="page" from="153" to="160" />
		</imprint>
	</monogr>
</biblStruct>

<biblStruct >
	<analytic>
		<title level="a" type="main">Latent dirichlet allocation</title>
		<author>
			<persName xmlns="http://www.tei-c.org/ns/1.0"><forename type="first">M</forename><surname>David</surname></persName>
		</author>
		<author>
			<persName xmlns="http://www.tei-c.org/ns/1.0"><surname>Blei</surname></persName>
		</author>
		<author>
			<persName xmlns="http://www.tei-c.org/ns/1.0"><forename type="first">Y</forename><surname>Andrew</surname></persName>
		</author>
		<author>
			<persName xmlns="http://www.tei-c.org/ns/1.0"><forename type="first">Michael I Jordan</forename><surname>Ng</surname></persName>
		</author>
	</analytic>
	<monogr>
		<title level="j">Journal of machine Learning research</title>
		<imprint>
			<biblScope unit="volume">3</biblScope>
			<biblScope unit="page" from="993" to="1022" />
			<date type="published" when="2003-01" />
		</imprint>
	</monogr>
</biblStruct>

<biblStruct >
	<analytic>
		<title level="a" type="main">Multimodal distributional semantics</title>
		<author>
			<persName xmlns="http://www.tei-c.org/ns/1.0"><forename type="first">Elia</forename><surname>Bruni</surname></persName>
		</author>
		<author>
			<persName xmlns="http://www.tei-c.org/ns/1.0"><forename type="first">Nam-Khanh</forename><surname>Tran</surname></persName>
		</author>
		<author>
			<persName xmlns="http://www.tei-c.org/ns/1.0"><forename type="first">Marco</forename><surname>Baroni</surname></persName>
		</author>
	</analytic>
	<monogr>
		<title level="j">J. Artif. Intell. Res.(JAIR)</title>
		<imprint>
			<biblScope unit="volume">49</biblScope>
			<biblScope unit="page" from="1" to="47" />
			<date type="published" when="2014" />
		</imprint>
	</monogr>
</biblStruct>

<biblStruct >
	<monogr>
		<title level="m" type="main">Vector space models of lexical meaning. Handbook of Contemporary Semantic Theory, The</title>
		<author>
			<persName xmlns="http://www.tei-c.org/ns/1.0"><forename type="first">Stephen</forename><surname>Clark</surname></persName>
		</author>
		<imprint>
			<date type="published" when="2015" />
			<biblScope unit="page" from="493" to="522" />
		</imprint>
	</monogr>
</biblStruct>

<biblStruct >
	<analytic>
		<title level="a" type="main">Imagined visual representations as multimodal embeddings</title>
		<author>
			<persName xmlns="http://www.tei-c.org/ns/1.0"><forename type="first">Guillem</forename><surname>Collell</surname></persName>
		</author>
		<author>
			<persName xmlns="http://www.tei-c.org/ns/1.0"><forename type="first">Teddy</forename><surname>Zhang</surname></persName>
		</author>
		<author>
			<persName xmlns="http://www.tei-c.org/ns/1.0"><forename type="first">Marie-Francine</forename><surname>Moens</surname></persName>
		</author>
	</analytic>
	<monogr>
		<title level="m">AAAI</title>
		<imprint>
			<date type="published" when="2017" />
		</imprint>
	</monogr>
</biblStruct>

<biblStruct >
	<analytic>
		<title level="a" type="main">A spreading-activation theory of semantic processing</title>
		<author>
			<persName xmlns="http://www.tei-c.org/ns/1.0"><forename type="first">Allan</forename><forename type="middle">M</forename><surname>Collins</surname></persName>
		</author>
		<author>
			<persName xmlns="http://www.tei-c.org/ns/1.0"><forename type="first">Elizabeth</forename><forename type="middle">F</forename><surname>Loftus</surname></persName>
		</author>
	</analytic>
	<monogr>
		<title level="j">Psychological Review</title>
		<imprint>
			<biblScope unit="volume">82</biblScope>
			<biblScope unit="page" from="407" to="428" />
			<date type="published" when="1975" />
		</imprint>
	</monogr>
</biblStruct>

<biblStruct >
	<monogr>
		<title level="m" type="main">Predicting human similarity judgments with distributional models: The value of word associations</title>
		<author>
			<persName xmlns="http://www.tei-c.org/ns/1.0"><forename type="first">Amy</forename><surname>Simon De Deyne</surname></persName>
		</author>
		<author>
			<persName xmlns="http://www.tei-c.org/ns/1.0"><forename type="first">Daniel J</forename><surname>Perfors</surname></persName>
		</author>
		<author>
			<persName xmlns="http://www.tei-c.org/ns/1.0"><surname>Navarro</surname></persName>
		</author>
		<imprint>
			<date type="published" when="2016" />
			<publisher>COLING</publisher>
			<biblScope unit="page" from="1861" to="1870" />
		</imprint>
	</monogr>
</biblStruct>

<biblStruct >
	<monogr>
		<title/>
		<author>
			<persName xmlns="http://www.tei-c.org/ns/1.0"><forename type="first">Christiane</forename><surname>Fellbaum</surname></persName>
		</author>
		<imprint>
			<date type="published" when="1998" />
			<publisher>Wiley Online Library</publisher>
		</imprint>
	</monogr>
</biblStruct>

<biblStruct >
	<monogr>
		<title level="m" type="main">Simverb-3500: A largescale evaluation set of verb similarity</title>
		<author>
			<persName xmlns="http://www.tei-c.org/ns/1.0"><forename type="first">Daniela</forename><surname>Gerz</surname></persName>
		</author>
		<author>
			<persName xmlns="http://www.tei-c.org/ns/1.0"><forename type="first">Ivan</forename><surname>Vuli´cvuli´c</surname></persName>
		</author>
		<author>
			<persName xmlns="http://www.tei-c.org/ns/1.0"><forename type="first">Felix</forename><surname>Hill</surname></persName>
		</author>
		<author>
			<persName xmlns="http://www.tei-c.org/ns/1.0"><forename type="first">Roi</forename><surname>Reichart</surname></persName>
		</author>
		<author>
			<persName xmlns="http://www.tei-c.org/ns/1.0"><forename type="first">Anna</forename><surname>Korhonen</surname></persName>
		</author>
		<idno type="arXiv">arXiv:1608.00869</idno>
		<imprint>
			<date type="published" when="2016" />
		</imprint>
	</monogr>
<note type="report_type">arXiv preprint</note>
</biblStruct>

<biblStruct >
	<analytic>
		<title level="a" type="main">Delving deep into rectifiers: Surpassing human-level performance on imagenet classification</title>
		<author>
			<persName xmlns="http://www.tei-c.org/ns/1.0"><forename type="first">Kaiming</forename><surname>He</surname></persName>
		</author>
		<author>
			<persName xmlns="http://www.tei-c.org/ns/1.0"><forename type="first">Xiangyu</forename><surname>Zhang</surname></persName>
		</author>
		<author>
			<persName xmlns="http://www.tei-c.org/ns/1.0"><forename type="first">Shaoqing</forename><surname>Ren</surname></persName>
		</author>
		<author>
			<persName xmlns="http://www.tei-c.org/ns/1.0"><forename type="first">Jian</forename><surname>Sun</surname></persName>
		</author>
	</analytic>
	<monogr>
		<title level="m">Proceedings of the IEEE international conference on computer vision</title>
		<meeting>the IEEE international conference on computer vision</meeting>
		<imprint>
			<date type="published" when="2015" />
			<biblScope unit="page" from="1026" to="1034" />
		</imprint>
	</monogr>
</biblStruct>

<biblStruct >
	<analytic>
		<title level="a" type="main">Learning abstract concept embeddings from multi-modal data: Since you probably can&apos;t see what i mean</title>
		<author>
			<persName xmlns="http://www.tei-c.org/ns/1.0"><forename type="first">Felix</forename><surname>Hill</surname></persName>
		</author>
		<author>
			<persName xmlns="http://www.tei-c.org/ns/1.0"><forename type="first">Anna</forename><surname>Korhonen</surname></persName>
		</author>
	</analytic>
	<monogr>
		<title level="m">EMNLP</title>
		<imprint>
			<date type="published" when="2014" />
			<biblScope unit="page" from="255" to="265" />
		</imprint>
	</monogr>
</biblStruct>

<biblStruct >
	<analytic>
		<title level="a" type="main">Multi-modal models for concrete and abstract concept meaning</title>
		<author>
			<persName xmlns="http://www.tei-c.org/ns/1.0"><forename type="first">Felix</forename><surname>Hill</surname></persName>
		</author>
		<author>
			<persName xmlns="http://www.tei-c.org/ns/1.0"><forename type="first">Roi</forename><surname>Reichart</surname></persName>
		</author>
		<author>
			<persName xmlns="http://www.tei-c.org/ns/1.0"><forename type="first">Anna</forename><surname>Korhonen</surname></persName>
		</author>
	</analytic>
	<monogr>
		<title level="j">Transactions of the Association for Computational Linguistics</title>
		<imprint>
			<biblScope unit="volume">2</biblScope>
			<biblScope unit="page" from="285" to="296" />
			<date type="published" when="2014" />
		</imprint>
	</monogr>
</biblStruct>

<biblStruct >
	<monogr>
		<title level="m" type="main">Simlex-999: Evaluating semantic models with (genuine) similarity estimation</title>
		<author>
			<persName xmlns="http://www.tei-c.org/ns/1.0"><forename type="first">Felix</forename><surname>Hill</surname></persName>
		</author>
		<author>
			<persName xmlns="http://www.tei-c.org/ns/1.0"><forename type="first">Roi</forename><surname>Reichart</surname></persName>
		</author>
		<author>
			<persName xmlns="http://www.tei-c.org/ns/1.0"><forename type="first">Anna</forename><surname>Korhonen</surname></persName>
		</author>
		<imprint>
			<date type="published" when="2016" />
		</imprint>
	</monogr>
	<note>Computational Linguistics</note>
</biblStruct>

<biblStruct >
	<analytic>
		<title level="a" type="main">Imagery and verbal processes</title>
		<author>
			<persName xmlns="http://www.tei-c.org/ns/1.0"><forename type="first">Merrill</forename><surname>Hiscock</surname></persName>
		</author>
	</analytic>
	<monogr>
		<title level="j">Psyccritiques</title>
		<imprint>
			<biblScope unit="volume">19</biblScope>
			<biblScope unit="issue">6</biblScope>
			<biblScope unit="page">487</biblScope>
			<date type="published" when="1974" />
		</imprint>
	</monogr>
</biblStruct>

<biblStruct >
	<analytic>
		<title level="a" type="main">Learning image embeddings using convolutional neural networks for improved multi-modal semantics</title>
		<author>
			<persName xmlns="http://www.tei-c.org/ns/1.0"><forename type="first">Douwe</forename><surname>Kiela</surname></persName>
		</author>
		<author>
			<persName xmlns="http://www.tei-c.org/ns/1.0"><forename type="first">Léon</forename><surname>Bottou</surname></persName>
		</author>
	</analytic>
	<monogr>
		<title level="m">EMNLP</title>
		<imprint>
			<date type="published" when="2014" />
			<biblScope unit="page" from="36" to="45" />
		</imprint>
	</monogr>
</biblStruct>

<biblStruct >
	<analytic>
		<title level="a" type="main">Multi-and cross-modal semantics beyond vision: Grounding in auditory perception</title>
		<author>
			<persName xmlns="http://www.tei-c.org/ns/1.0"><forename type="first">Douwe</forename><surname>Kiela</surname></persName>
		</author>
		<author>
			<persName xmlns="http://www.tei-c.org/ns/1.0"><forename type="first">Stephen</forename><surname>Clark</surname></persName>
		</author>
	</analytic>
	<monogr>
		<title level="m">EMNLP</title>
		<imprint>
			<date type="published" when="2015" />
			<biblScope unit="page" from="2461" to="2470" />
		</imprint>
	</monogr>
</biblStruct>

<biblStruct >
	<monogr>
		<title level="m" type="main">Adam: A method for stochastic optimization</title>
		<author>
			<persName xmlns="http://www.tei-c.org/ns/1.0"><forename type="first">Diederik</forename><surname>Kingma</surname></persName>
		</author>
		<author>
			<persName xmlns="http://www.tei-c.org/ns/1.0"><forename type="first">Jimmy</forename><surname>Ba</surname></persName>
		</author>
		<idno type="arXiv">arXiv:1412.6980</idno>
		<imprint>
			<date type="published" when="2014" />
		</imprint>
	</monogr>
<note type="report_type">arXiv preprint</note>
</biblStruct>

<biblStruct >
	<analytic>
		<title level="a" type="main">Object perception and object naming in early development</title>
		<author>
			<persName xmlns="http://www.tei-c.org/ns/1.0"><forename type="first">Barbara</forename><surname>Landau</surname></persName>
		</author>
		<author>
			<persName xmlns="http://www.tei-c.org/ns/1.0"><forename type="first">Linda</forename><surname>Smith</surname></persName>
		</author>
		<author>
			<persName xmlns="http://www.tei-c.org/ns/1.0"><forename type="first">Susan</forename><surname>Jones</surname></persName>
		</author>
	</analytic>
	<monogr>
		<title level="j">Trends in cognitive sciences</title>
		<imprint>
			<biblScope unit="volume">2</biblScope>
			<biblScope unit="issue">1</biblScope>
			<biblScope unit="page" from="19" to="24" />
			<date type="published" when="1998" />
		</imprint>
	</monogr>
</biblStruct>

<biblStruct >
	<analytic>
		<title level="a" type="main">Combining language and vision with a multimodal skip-gram model</title>
		<author>
			<persName xmlns="http://www.tei-c.org/ns/1.0"><forename type="first">Angeliki</forename><surname>Lazaridou</surname></persName>
		</author>
		<author>
			<persName xmlns="http://www.tei-c.org/ns/1.0"><surname>Nghia The</surname></persName>
		</author>
		<author>
			<persName xmlns="http://www.tei-c.org/ns/1.0"><forename type="first">Marco</forename><surname>Pham</surname></persName>
		</author>
		<author>
			<persName xmlns="http://www.tei-c.org/ns/1.0"><surname>Baroni</surname></persName>
		</author>
	</analytic>
	<monogr>
		<title level="j">ACL</title>
		<imprint>
			<biblScope unit="page" from="153" to="163" />
			<date type="published" when="2015" />
		</imprint>
	</monogr>
</biblStruct>

<biblStruct >
	<monogr>
		<title level="m" type="main">Efficient estimation of word representations in vector space</title>
		<author>
			<persName xmlns="http://www.tei-c.org/ns/1.0"><forename type="first">Tomas</forename><surname>Mikolov</surname></persName>
		</author>
		<author>
			<persName xmlns="http://www.tei-c.org/ns/1.0"><forename type="first">Kai</forename><surname>Chen</surname></persName>
		</author>
		<author>
			<persName xmlns="http://www.tei-c.org/ns/1.0"><forename type="first">Greg</forename><surname>Corrado</surname></persName>
		</author>
		<author>
			<persName xmlns="http://www.tei-c.org/ns/1.0"><forename type="first">Jeffrey</forename><surname>Dean</surname></persName>
		</author>
		<idno type="arXiv">arXiv:1301.3781</idno>
		<imprint>
			<date type="published" when="2013" />
		</imprint>
	</monogr>
<note type="report_type">arXiv preprint</note>
</biblStruct>

<biblStruct >
	<analytic>
		<title level="a" type="main">Multimodal deep learning</title>
		<author>
			<persName xmlns="http://www.tei-c.org/ns/1.0"><forename type="first">Jiquan</forename><surname>Ngiam</surname></persName>
		</author>
		<author>
			<persName xmlns="http://www.tei-c.org/ns/1.0"><forename type="first">Aditya</forename><surname>Khosla</surname></persName>
		</author>
		<author>
			<persName xmlns="http://www.tei-c.org/ns/1.0"><forename type="first">Mingyu</forename><surname>Kim</surname></persName>
		</author>
		<author>
			<persName xmlns="http://www.tei-c.org/ns/1.0"><forename type="first">Juhan</forename><surname>Nam</surname></persName>
		</author>
		<author>
			<persName xmlns="http://www.tei-c.org/ns/1.0"><forename type="first">Honglak</forename><surname>Lee</surname></persName>
		</author>
		<author>
			<persName xmlns="http://www.tei-c.org/ns/1.0"><forename type="first">Andrew Y</forename><surname>Ng</surname></persName>
		</author>
	</analytic>
	<monogr>
		<title level="m">ICML</title>
		<imprint>
			<date type="published" when="2011" />
			<biblScope unit="page" from="689" to="696" />
		</imprint>
	</monogr>
</biblStruct>

<biblStruct >
	<monogr>
		<title level="m" type="main">Mental representations: A dual coding approach</title>
		<author>
			<persName xmlns="http://www.tei-c.org/ns/1.0"><forename type="first">Allan</forename><surname>Paivio</surname></persName>
		</author>
		<imprint>
			<date type="published" when="1990" />
			<publisher>Oxford University Press</publisher>
		</imprint>
	</monogr>
</biblStruct>

<biblStruct >
	<monogr>
		<title level="m" type="main">Soumith Chintala, and Gregory Chanan</title>
		<author>
			<persName xmlns="http://www.tei-c.org/ns/1.0"><forename type="first">Adam</forename><surname>Paszke</surname></persName>
		</author>
		<author>
			<persName xmlns="http://www.tei-c.org/ns/1.0"><forename type="first">Sam</forename><surname>Gross</surname></persName>
		</author>
		<imprint>
			<date type="published" when="2017" />
		</imprint>
	</monogr>
	<note>Pytorch</note>
</biblStruct>

<biblStruct >
	<analytic>
		<title level="a" type="main">Glove: Global vectors for word representation</title>
		<author>
			<persName xmlns="http://www.tei-c.org/ns/1.0"><forename type="first">Jeffrey</forename><surname>Pennington</surname></persName>
		</author>
		<author>
			<persName xmlns="http://www.tei-c.org/ns/1.0"><forename type="first">Richard</forename><surname>Socher</surname></persName>
		</author>
		<author>
			<persName xmlns="http://www.tei-c.org/ns/1.0"><forename type="first">Christopher D</forename><surname>Manning</surname></persName>
		</author>
	</analytic>
	<monogr>
		<title level="m">EMNLP</title>
		<imprint>
			<date type="published" when="2014" />
			<biblScope unit="volume">14</biblScope>
			<biblScope unit="page" from="1532" to="1543" />
		</imprint>
	</monogr>
</biblStruct>

<biblStruct >
	<analytic>
		<title level="a" type="main">The neural and computational bases of semantic cognition</title>
		<author>
			<persName xmlns="http://www.tei-c.org/ns/1.0"><forename type="first">Elizabeth</forename><surname>Matthew A Lambon Ralph</surname></persName>
		</author>
		<author>
			<persName xmlns="http://www.tei-c.org/ns/1.0"><forename type="first">Karalyn</forename><surname>Jefferies</surname></persName>
		</author>
		<author>
			<persName xmlns="http://www.tei-c.org/ns/1.0"><forename type="first">Timothy T</forename><surname>Patterson</surname></persName>
		</author>
		<author>
			<persName xmlns="http://www.tei-c.org/ns/1.0"><surname>Rogers</surname></persName>
		</author>
	</analytic>
	<monogr>
		<title level="j">Nature Reviews Neuroscience</title>
		<imprint>
			<biblScope unit="volume">18</biblScope>
			<biblScope unit="issue">1</biblScope>
			<biblScope unit="page">42</biblScope>
			<date type="published" when="2017" />
		</imprint>
	</monogr>
</biblStruct>

<biblStruct >
	<analytic>
		<title level="a" type="main">A multimodal lda model integrating textual, cognitive and visual modalities</title>
		<author>
			<persName xmlns="http://www.tei-c.org/ns/1.0"><forename type="first">Stephen</forename><surname>Roller</surname></persName>
		</author>
		<author>
			<persName xmlns="http://www.tei-c.org/ns/1.0"><forename type="first">Sabine</forename><surname>Schulte Im Walde</surname></persName>
		</author>
	</analytic>
	<monogr>
		<title level="m">EMNLP</title>
		<imprint>
			<date type="published" when="2013" />
			<biblScope unit="page" from="1146" to="1157" />
		</imprint>
	</monogr>
</biblStruct>

<biblStruct >
	<analytic>
		<title level="a" type="main">Imagenet large scale visual recognition challenge</title>
		<author>
			<persName xmlns="http://www.tei-c.org/ns/1.0"><forename type="first">Olga</forename><surname>Russakovsky</surname></persName>
		</author>
		<author>
			<persName xmlns="http://www.tei-c.org/ns/1.0"><forename type="first">Jia</forename><surname>Deng</surname></persName>
		</author>
		<author>
			<persName xmlns="http://www.tei-c.org/ns/1.0"><forename type="first">Hao</forename><surname>Su</surname></persName>
		</author>
		<author>
			<persName xmlns="http://www.tei-c.org/ns/1.0"><forename type="first">Jonathan</forename><surname>Krause</surname></persName>
		</author>
		<author>
			<persName xmlns="http://www.tei-c.org/ns/1.0"><forename type="first">Sanjeev</forename><surname>Satheesh</surname></persName>
		</author>
		<author>
			<persName xmlns="http://www.tei-c.org/ns/1.0"><forename type="first">Sean</forename><surname>Ma</surname></persName>
		</author>
		<author>
			<persName xmlns="http://www.tei-c.org/ns/1.0"><forename type="first">Zhiheng</forename><surname>Huang</surname></persName>
		</author>
		<author>
			<persName xmlns="http://www.tei-c.org/ns/1.0"><forename type="first">Andrej</forename><surname>Karpathy</surname></persName>
		</author>
		<author>
			<persName xmlns="http://www.tei-c.org/ns/1.0"><forename type="first">Aditya</forename><surname>Khosla</surname></persName>
		</author>
		<author>
			<persName xmlns="http://www.tei-c.org/ns/1.0"><forename type="first">Michael</forename><surname>Bernstein</surname></persName>
		</author>
	</analytic>
	<monogr>
		<title level="j">International Journal of Computer Vision</title>
		<imprint>
			<biblScope unit="volume">115</biblScope>
			<biblScope unit="issue">3</biblScope>
			<biblScope unit="page" from="211" to="252" />
			<date type="published" when="2015" />
		</imprint>
	</monogr>
</biblStruct>

<biblStruct >
	<monogr>
				<author>
			<persName xmlns="http://www.tei-c.org/ns/1.0"><forename type="first">Carina</forename><surname>Silberer</surname></persName>
		</author>
		<author>
			<persName xmlns="http://www.tei-c.org/ns/1.0"><forename type="first">Vittorio</forename><surname>Ferrari</surname></persName>
		</author>
		<author>
			<persName xmlns="http://www.tei-c.org/ns/1.0"><forename type="first">Mirella</forename><surname>Lapata</surname></persName>
		</author>
		<title level="m">Visually grounded meaning representations. IEEE transactions on pattern analysis and machine intelligence</title>
		<imprint>
			<date type="published" when="2016" />
		</imprint>
	</monogr>
</biblStruct>

<biblStruct >
	<analytic>
		<title level="a" type="main">Grounded models of semantic representation</title>
		<author>
			<persName xmlns="http://www.tei-c.org/ns/1.0"><forename type="first">Carina</forename><surname>Silberer</surname></persName>
		</author>
		<author>
			<persName xmlns="http://www.tei-c.org/ns/1.0"><forename type="first">Mirella</forename><surname>Lapata</surname></persName>
		</author>
	</analytic>
	<monogr>
		<title level="m">EMNLP</title>
		<imprint>
			<date type="published" when="2012" />
			<biblScope unit="page" from="1423" to="1433" />
		</imprint>
	</monogr>
</biblStruct>

<biblStruct >
	<analytic>
		<title level="a" type="main">Learning grounded meaning representations with autoencoders</title>
		<author>
			<persName xmlns="http://www.tei-c.org/ns/1.0"><forename type="first">Carina</forename><surname>Silberer</surname></persName>
		</author>
		<author>
			<persName xmlns="http://www.tei-c.org/ns/1.0"><forename type="first">Mirella</forename><surname>Lapata</surname></persName>
		</author>
	</analytic>
	<monogr>
		<title level="m">ACL</title>
		<imprint>
			<date type="published" when="2014" />
			<biblScope unit="page" from="721" to="732" />
		</imprint>
	</monogr>
</biblStruct>

<biblStruct >
	<analytic>
		<title level="a" type="main">Zero-shot learning through cross-modal transfer</title>
		<author>
			<persName xmlns="http://www.tei-c.org/ns/1.0"><forename type="first">Richard</forename><surname>Socher</surname></persName>
		</author>
		<author>
			<persName xmlns="http://www.tei-c.org/ns/1.0"><forename type="first">Milind</forename><surname>Ganjoo</surname></persName>
		</author>
		<author>
			<persName xmlns="http://www.tei-c.org/ns/1.0"><forename type="first">D</forename><surname>Christopher</surname></persName>
		</author>
		<author>
			<persName xmlns="http://www.tei-c.org/ns/1.0"><forename type="first">Andrew</forename><surname>Manning</surname></persName>
		</author>
		<author>
			<persName xmlns="http://www.tei-c.org/ns/1.0"><surname>Ng</surname></persName>
		</author>
	</analytic>
	<monogr>
		<title level="m">Advances in neural information processing systems</title>
		<imprint>
			<date type="published" when="2013" />
			<biblScope unit="page" from="935" to="943" />
		</imprint>
	</monogr>
</biblStruct>

<biblStruct >
	<analytic>
		<title level="a" type="main">Multimodal learning with deep boltzmann machines</title>
		<author>
			<persName xmlns="http://www.tei-c.org/ns/1.0"><forename type="first">Nitish</forename><surname>Srivastava</surname></persName>
		</author>
		<author>
			<persName xmlns="http://www.tei-c.org/ns/1.0"><surname>Ruslan</surname></persName>
		</author>
		<author>
			<persName xmlns="http://www.tei-c.org/ns/1.0"><surname>Salakhutdinov</surname></persName>
		</author>
	</analytic>
	<monogr>
		<title level="m">Advances in neural information processing systems</title>
		<imprint>
			<date type="published" when="2012" />
			<biblScope unit="page" from="2222" to="2230" />
		</imprint>
	</monogr>
</biblStruct>

<biblStruct >
	<analytic>
		<title level="a" type="main">From frequency to meaning: Vector space models of semantics</title>
		<author>
			<persName xmlns="http://www.tei-c.org/ns/1.0"><forename type="first">D</forename><surname>Peter</surname></persName>
		</author>
		<author>
			<persName xmlns="http://www.tei-c.org/ns/1.0"><forename type="first">Patrick</forename><surname>Turney</surname></persName>
		</author>
		<author>
			<persName xmlns="http://www.tei-c.org/ns/1.0"><surname>Pantel</surname></persName>
		</author>
	</analytic>
	<monogr>
		<title level="j">Journal of artificial intelligence research</title>
		<imprint>
			<biblScope unit="volume">37</biblScope>
			<biblScope unit="page" from="141" to="188" />
			<date type="published" when="2010" />
		</imprint>
	</monogr>
</biblStruct>

<biblStruct >
	<analytic>
		<title level="a" type="main">Stacked denoising autoencoders: Learning useful representations in a deep network with a local denoising criterion</title>
		<author>
			<persName xmlns="http://www.tei-c.org/ns/1.0"><forename type="first">Pascal</forename><surname>Vincent</surname></persName>
		</author>
		<author>
			<persName xmlns="http://www.tei-c.org/ns/1.0"><forename type="first">Hugo</forename><surname>Larochelle</surname></persName>
		</author>
		<author>
			<persName xmlns="http://www.tei-c.org/ns/1.0"><forename type="first">Isabelle</forename><surname>Lajoie</surname></persName>
		</author>
		<author>
			<persName xmlns="http://www.tei-c.org/ns/1.0"><forename type="first">Yoshua</forename><surname>Bengio</surname></persName>
		</author>
		<author>
			<persName xmlns="http://www.tei-c.org/ns/1.0"><forename type="first">Pierre-Antoine</forename><surname>Manzagol</surname></persName>
		</author>
	</analytic>
	<monogr>
		<title level="j">Journal of Machine Learning Research</title>
		<imprint>
			<biblScope unit="volume">11</biblScope>
			<biblScope unit="page" from="3371" to="3408" />
			<date type="published" when="2010-12" />
		</imprint>
	</monogr>
</biblStruct>

<biblStruct >
	<analytic>
		<title level="a" type="main">Neural representation of abstract and concrete concepts: A meta-analysis of neuroimaging studies</title>
		<author>
			<persName xmlns="http://www.tei-c.org/ns/1.0"><forename type="first">Jing</forename><surname>Wang</surname></persName>
		</author>
		<author>
			<persName xmlns="http://www.tei-c.org/ns/1.0"><forename type="first">Julie</forename><forename type="middle">A</forename><surname>Conder</surname></persName>
		</author>
		<author>
			<persName xmlns="http://www.tei-c.org/ns/1.0"><forename type="first">David</forename><forename type="middle">N</forename><surname>Blitzer</surname></persName>
		</author>
		<author>
			<persName xmlns="http://www.tei-c.org/ns/1.0"><forename type="first">Svetlana</forename><forename type="middle">V</forename><surname>Shinkareva</surname></persName>
		</author>
	</analytic>
	<monogr>
		<title level="j">Human brain mapping</title>
		<imprint>
			<biblScope unit="volume">31</biblScope>
			<biblScope unit="issue">10</biblScope>
			<biblScope unit="page" from="1459" to="1468" />
			<date type="published" when="2010" />
		</imprint>
	</monogr>
</biblStruct>

<biblStruct >
	<analytic>
		<title level="a" type="main">Investigating inner properties of multimodal representation and semantic compositionality with brain-based componential semantics</title>
		<author>
			<persName xmlns="http://www.tei-c.org/ns/1.0"><forename type="first">Shaonan</forename><surname>Wang</surname></persName>
		</author>
		<author>
			<persName xmlns="http://www.tei-c.org/ns/1.0"><forename type="first">Jiajun</forename><surname>Zhang</surname></persName>
		</author>
		<author>
			<persName xmlns="http://www.tei-c.org/ns/1.0"><forename type="first">Nan</forename><surname>Lin</surname></persName>
		</author>
		<author>
			<persName xmlns="http://www.tei-c.org/ns/1.0"><forename type="first">Chengqing</forename><surname>Zong</surname></persName>
		</author>
	</analytic>
	<monogr>
		<title level="m">AAAI</title>
		<imprint>
			<date type="published" when="2018" />
			<biblScope unit="page" from="5964" to="5972" />
		</imprint>
	</monogr>
</biblStruct>

<biblStruct >
	<analytic>
		<title level="a" type="main">Learning multimodal word representation via dynamic fusion methods</title>
		<author>
			<persName xmlns="http://www.tei-c.org/ns/1.0"><forename type="first">Shaonan</forename><surname>Wang</surname></persName>
		</author>
		<author>
			<persName xmlns="http://www.tei-c.org/ns/1.0"><forename type="first">Jiajun</forename><surname>Zhang</surname></persName>
		</author>
		<author>
			<persName xmlns="http://www.tei-c.org/ns/1.0"><forename type="first">Chengqing</forename><surname>Zong</surname></persName>
		</author>
	</analytic>
	<monogr>
		<title level="m">AAAI</title>
		<imprint>
			<date type="published" when="2018" />
			<biblScope unit="page" from="5973" to="5980" />
		</imprint>
	</monogr>
</biblStruct>

			</listBibl>
		</back>
	</text>
</TEI>
