<?xml version="1.0" ?>
<TEI xmlns="http://www.tei-c.org/ns/1.0" xmlns:xlink="http://www.w3.org/1999/xlink" 
 xmlns:mml="http://www.w3.org/1998/Math/MathML">
	<teiHeader>
		<fileDesc xml:id="f_1145"/>
	</teiHeader>
	<text>
		<front/>
		<body/>
		<back>
			<listBibl>
<biblStruct >
	<analytic>
		<title level="a" type="main">Andreas Stolcke, and Chuck Wooters</title>
		<author>
			<persName xmlns="http://www.tei-c.org/ns/1.0"><forename type="first">Janin</forename><surname>Adam</surname></persName>
		</author>
		<author>
			<persName xmlns="http://www.tei-c.org/ns/1.0"><forename type="first">Don</forename><surname>Baron</surname></persName>
		</author>
		<author>
			<persName xmlns="http://www.tei-c.org/ns/1.0"><forename type="first">Jane</forename><surname>Edwards</surname></persName>
		</author>
		<author>
			<persName xmlns="http://www.tei-c.org/ns/1.0"><forename type="first">Dan</forename><surname>Ellis</surname></persName>
		</author>
		<author>
			<persName xmlns="http://www.tei-c.org/ns/1.0"><forename type="first">David</forename><surname>Gelbart</surname></persName>
		</author>
		<author>
			<persName xmlns="http://www.tei-c.org/ns/1.0"><forename type="first">Nelson</forename><surname>Morgan</surname></persName>
		</author>
		<author>
			<persName xmlns="http://www.tei-c.org/ns/1.0"><forename type="first">Barbara</forename><surname>Peskin</surname></persName>
		</author>
		<author>
			<persName xmlns="http://www.tei-c.org/ns/1.0"><forename type="first">Thilo</forename><surname>Pfau</surname></persName>
		</author>
		<author>
			<persName xmlns="http://www.tei-c.org/ns/1.0"><forename type="first">Elizabeth</forename><surname>Shriberg</surname></persName>
		</author>
	</analytic>
	<monogr>
		<title level="m">Proceedings of the 5TH SIGdial Workshop on Discourse and Dialogue</title>
		<meeting>the 5TH SIGdial Workshop on Discourse and Dialogue</meeting>
		<imprint>
			<date type="published" when="2003" />
			<biblScope unit="page" from="364" to="367" />
		</imprint>
	</monogr>
	<note>The icsi meeting corpus</note>
</biblStruct>

<biblStruct >
	<analytic>
		<title level="a" type="main">Fastex: Hash clustering with exponential families</title>
		<author>
			<persName xmlns="http://www.tei-c.org/ns/1.0"><forename type="first">Amr</forename><surname>Ahmed</surname></persName>
		</author>
		<author>
			<persName xmlns="http://www.tei-c.org/ns/1.0"><forename type="first">Sujith</forename><surname>Ravi</surname></persName>
		</author>
		<author>
			<persName xmlns="http://www.tei-c.org/ns/1.0"><forename type="first">Alex</forename><forename type="middle">J</forename><surname>Smola</surname></persName>
		</author>
		<author>
			<persName xmlns="http://www.tei-c.org/ns/1.0"><forename type="first">Shravan</forename><forename type="middle">M</forename><surname>Narayanamurthy</surname></persName>
		</author>
	</analytic>
	<monogr>
		<title level="m">Advances in Neural Information Processing Systems</title>
		<imprint>
			<date type="published" when="2012" />
			<biblScope unit="volume">25</biblScope>
			<biblScope unit="page" from="2798" to="2806" />
		</imprint>
	</monogr>
</biblStruct>

<biblStruct >
	<monogr>
		<title level="m" type="main">Neural graph machines: Learning neural networks using graphs</title>
		<author>
			<persName xmlns="http://www.tei-c.org/ns/1.0"><forename type="first">D</forename><surname>Thang</surname></persName>
		</author>
		<author>
			<persName xmlns="http://www.tei-c.org/ns/1.0"><forename type="first">Sujith</forename><surname>Bui</surname></persName>
		</author>
		<author>
			<persName xmlns="http://www.tei-c.org/ns/1.0"><forename type="first">Vivek</forename><surname>Ravi</surname></persName>
		</author>
		<author>
			<persName xmlns="http://www.tei-c.org/ns/1.0"><surname>Ramavajjala</surname></persName>
		</author>
		<idno>abs/1703.04818</idno>
		<imprint>
			<date type="published" when="2017" />
			<publisher>CoRR</publisher>
		</imprint>
	</monogr>
</biblStruct>

<biblStruct >
	<analytic>
		<title level="a" type="main">Neural graph learning: Training neural networks using graphs</title>
		<author>
			<persName xmlns="http://www.tei-c.org/ns/1.0"><forename type="first">D</forename><surname>Thang</surname></persName>
		</author>
		<author>
			<persName xmlns="http://www.tei-c.org/ns/1.0"><forename type="first">Sujith</forename><surname>Bui</surname></persName>
		</author>
		<author>
			<persName xmlns="http://www.tei-c.org/ns/1.0"><forename type="first">Vivek</forename><surname>Ravi</surname></persName>
		</author>
		<author>
			<persName xmlns="http://www.tei-c.org/ns/1.0"><surname>Ramavajjala</surname></persName>
		</author>
	</analytic>
	<monogr>
		<title level="m">Proceedings of the Eleventh ACM International Conference on Web Search and Data Mining, WSDM &apos;18</title>
		<meeting>the Eleventh ACM International Conference on Web Search and Data Mining, WSDM &apos;18</meeting>
		<imprint>
			<date type="published" when="2018" />
			<biblScope unit="page" from="64" to="71" />
		</imprint>
	</monogr>
</biblStruct>

<biblStruct >
	<analytic>
		<title level="a" type="main">Similarity estimation techniques from rounding algorithms</title>
		<author>
			<persName xmlns="http://www.tei-c.org/ns/1.0"><forename type="first">Moses</forename><forename type="middle">S</forename><surname>Charikar</surname></persName>
		</author>
	</analytic>
	<monogr>
		<title level="m">Proceedings of the Thiry-fourth Annual ACM Symposium on Theory of Computing, STOC &apos;02</title>
		<meeting>the Thiry-fourth Annual ACM Symposium on Theory of Computing, STOC &apos;02<address><addrLine>New York, NY, USA</addrLine></address></meeting>
		<imprint>
			<publisher>ACM</publisher>
			<date type="published" when="2002" />
			<biblScope unit="page" from="380" to="388" />
		</imprint>
	</monogr>
</biblStruct>

<biblStruct >
	<analytic>
		<title level="a" type="main">Switchboard: Telephone speech corpus for research and development</title>
		<author>
			<persName xmlns="http://www.tei-c.org/ns/1.0"><forename type="first">John</forename><forename type="middle">J</forename><surname>Godfrey</surname></persName>
		</author>
		<author>
			<persName xmlns="http://www.tei-c.org/ns/1.0"><forename type="first">Edward</forename><forename type="middle">C</forename><surname>Holliman</surname></persName>
		</author>
		<author>
			<persName xmlns="http://www.tei-c.org/ns/1.0"><forename type="first">Jane</forename><surname>Mcdaniel</surname></persName>
		</author>
	</analytic>
	<monogr>
		<title level="m">Proceedings of the 1992 IEEE International Conference on Acoustics</title>
		<meeting>the 1992 IEEE International Conference on Acoustics</meeting>
		<imprint>
			<date type="published" when="1992" />
			<biblScope unit="volume">1</biblScope>
			<biblScope unit="page" from="517" to="520" />
		</imprint>
	</monogr>
	<note>IEEE Computer Society</note>
</biblStruct>

<biblStruct >
	<analytic>
		<title level="a" type="main">Deep neural networks for acoustic modeling in speech recognition</title>
		<author>
			<persName xmlns="http://www.tei-c.org/ns/1.0"><forename type="first">Geoffrey</forename><surname>Hinton</surname></persName>
		</author>
		<author>
			<persName xmlns="http://www.tei-c.org/ns/1.0"><forename type="first">Li</forename><surname>Deng</surname></persName>
		</author>
		<author>
			<persName xmlns="http://www.tei-c.org/ns/1.0"><forename type="first">Dong</forename><surname>Yu</surname></persName>
		</author>
		<author>
			<persName xmlns="http://www.tei-c.org/ns/1.0"><forename type="first">George</forename><surname>Dahl</surname></persName>
		</author>
		<author>
			<persName xmlns="http://www.tei-c.org/ns/1.0"><forename type="first">Abdel</forename><surname>Rahman Mohamed</surname></persName>
		</author>
		<author>
			<persName xmlns="http://www.tei-c.org/ns/1.0"><forename type="first">Navdeep</forename><surname>Jaitly</surname></persName>
		</author>
		<author>
			<persName xmlns="http://www.tei-c.org/ns/1.0"><forename type="first">Andrew</forename><surname>Senior</surname></persName>
		</author>
		<author>
			<persName xmlns="http://www.tei-c.org/ns/1.0"><forename type="first">Vincent</forename><surname>Vanhoucke</surname></persName>
		</author>
		<author>
			<persName xmlns="http://www.tei-c.org/ns/1.0"><forename type="first">Patrick</forename><surname>Nguyen</surname></persName>
		</author>
		<author>
			<persName xmlns="http://www.tei-c.org/ns/1.0"><forename type="first">Tara</forename><surname>Sainath</surname></persName>
		</author>
		<author>
			<persName xmlns="http://www.tei-c.org/ns/1.0"><forename type="first">Brian</forename><surname>Kingsbury</surname></persName>
		</author>
	</analytic>
	<monogr>
		<title level="j">IEEE Signal Processing Magazine</title>
		<imprint>
			<date type="published" when="2012" />
		</imprint>
	</monogr>
</biblStruct>

<biblStruct >
	<monogr>
		<title level="m" type="main">Squeezenet: Alexnet-level accuracy with 50x fewer parameters and &lt;1mb model size</title>
		<author>
			<persName xmlns="http://www.tei-c.org/ns/1.0"><forename type="first">Forrest</forename><forename type="middle">N</forename><surname>Iandola</surname></persName>
		</author>
		<author>
			<persName xmlns="http://www.tei-c.org/ns/1.0"><forename type="first">Matthew</forename><forename type="middle">W</forename><surname>Moskewicz</surname></persName>
		</author>
		<author>
			<persName xmlns="http://www.tei-c.org/ns/1.0"><forename type="first">Khalid</forename><surname>Ashraf</surname></persName>
		</author>
		<author>
			<persName xmlns="http://www.tei-c.org/ns/1.0"><forename type="first">Song</forename><surname>Han</surname></persName>
		</author>
		<author>
			<persName xmlns="http://www.tei-c.org/ns/1.0"><forename type="first">William</forename><forename type="middle">J</forename><surname>Dally</surname></persName>
		</author>
		<author>
			<persName xmlns="http://www.tei-c.org/ns/1.0"><forename type="first">Kurt</forename><surname>Keutzer</surname></persName>
		</author>
		<idno>abs/1602.07360</idno>
		<imprint>
			<date type="published" when="2016" />
			<publisher>CoRR</publisher>
		</imprint>
	</monogr>
</biblStruct>

<biblStruct >
	<analytic>
		<title level="a" type="main">Backoff model training using partially observed data: Application to dialog act tagging</title>
		<author>
			<persName xmlns="http://www.tei-c.org/ns/1.0"><forename type="first">Gang</forename><surname>Ji</surname></persName>
		</author>
		<author>
			<persName xmlns="http://www.tei-c.org/ns/1.0"><forename type="first">Jeff</forename><surname>Bilmes</surname></persName>
		</author>
	</analytic>
	<monogr>
		<title level="m">Proceedings of the Main Conference on Human Language Technology Conference of the North American Chapter of the Association of Computational Linguistics, HLT-NAACL &apos;06</title>
		<meeting>the Main Conference on Human Language Technology Conference of the North American Chapter of the Association of Computational Linguistics, HLT-NAACL &apos;06</meeting>
		<imprint>
			<date type="published" when="2006" />
			<biblScope unit="page" from="280" to="287" />
		</imprint>
	</monogr>
</biblStruct>

<biblStruct >
	<analytic>
		<title level="a" type="main">Automatic detection of discourse structure for speech recognition and understanding</title>
		<author>
			<persName xmlns="http://www.tei-c.org/ns/1.0"><forename type="first">Daniel</forename><surname>Jurafsky</surname></persName>
		</author>
		<author>
			<persName xmlns="http://www.tei-c.org/ns/1.0"><forename type="first">Rebecca</forename><surname>Bates</surname></persName>
		</author>
		<author>
			<persName xmlns="http://www.tei-c.org/ns/1.0"><forename type="first">Rachel Martin Noah</forename><surname>Coccaro</surname></persName>
		</author>
		<author>
			<persName xmlns="http://www.tei-c.org/ns/1.0"><forename type="first">Marie</forename><surname>Meteer</surname></persName>
		</author>
		<author>
			<persName xmlns="http://www.tei-c.org/ns/1.0"><forename type="first">Klaus</forename><surname>Ries</surname></persName>
		</author>
		<author>
			<persName xmlns="http://www.tei-c.org/ns/1.0"><forename type="first">Elizabeth</forename><surname>Shriberg</surname></persName>
		</author>
		<author>
			<persName xmlns="http://www.tei-c.org/ns/1.0"><forename type="first">Audreas</forename><surname>Stolcke</surname></persName>
		</author>
		<author>
			<persName xmlns="http://www.tei-c.org/ns/1.0"><forename type="first">Paul</forename><surname>Taylor</surname></persName>
		</author>
		<author>
			<persName xmlns="http://www.tei-c.org/ns/1.0"><forename type="first">Van</forename><surname>Ess-Dykema</surname></persName>
		</author>
	</analytic>
	<monogr>
		<title level="m">Proceedings of IEEE Workshop on Automatic Speech Recognition and Understanding</title>
		<meeting>IEEE Workshop on Automatic Speech Recognition and Understanding</meeting>
		<imprint>
			<date type="published" when="1997" />
			<biblScope unit="page" from="88" to="95" />
		</imprint>
	</monogr>
</biblStruct>

<biblStruct >
	<analytic>
		<title level="a" type="main">Smart reply: Automated response suggestion for email</title>
		<author>
			<persName xmlns="http://www.tei-c.org/ns/1.0"><forename type="first">Anjuli</forename><surname>Kannan</surname></persName>
		</author>
		<author>
			<persName xmlns="http://www.tei-c.org/ns/1.0"><forename type="first">Karol</forename><surname>Kurach</surname></persName>
		</author>
		<author>
			<persName xmlns="http://www.tei-c.org/ns/1.0"><forename type="first">Sujith</forename><surname>Ravi</surname></persName>
		</author>
		<author>
			<persName xmlns="http://www.tei-c.org/ns/1.0"><forename type="first">Tobias</forename><surname>Kaufmann</surname></persName>
		</author>
		<author>
			<persName xmlns="http://www.tei-c.org/ns/1.0"><forename type="first">Andrew</forename><surname>Tomkins</surname></persName>
		</author>
		<author>
			<persName xmlns="http://www.tei-c.org/ns/1.0"><forename type="first">Balint</forename><surname>Miklos</surname></persName>
		</author>
		<author>
			<persName xmlns="http://www.tei-c.org/ns/1.0"><forename type="first">Greg</forename><surname>Corrado</surname></persName>
		</author>
		<author>
			<persName xmlns="http://www.tei-c.org/ns/1.0"><forename type="first">Laszlo</forename><surname>Lukacs</surname></persName>
		</author>
		<author>
			<persName xmlns="http://www.tei-c.org/ns/1.0"><forename type="first">Marina</forename><surname>Ganea</surname></persName>
		</author>
		<author>
			<persName xmlns="http://www.tei-c.org/ns/1.0"><forename type="first">Peter</forename><surname>Young</surname></persName>
		</author>
		<author>
			<persName xmlns="http://www.tei-c.org/ns/1.0"><forename type="first">Vivek</forename><surname>Ramavajjala</surname></persName>
		</author>
	</analytic>
	<monogr>
		<title level="m">Proceedings of the 22Nd ACM SIGKDD International Conference on Knowledge Discovery and Data Mining, KDD &apos;16</title>
		<meeting>the 22Nd ACM SIGKDD International Conference on Knowledge Discovery and Data Mining, KDD &apos;16</meeting>
		<imprint>
			<date type="published" when="2016" />
			<biblScope unit="page" from="955" to="964" />
		</imprint>
	</monogr>
</biblStruct>

<biblStruct >
	<analytic>
		<title level="a" type="main">Dialogue act classification in domain-independent conversations using a deep recurrent neural network</title>
		<author>
			<persName xmlns="http://www.tei-c.org/ns/1.0"><forename type="first">Hamed</forename><surname>Khanpour</surname></persName>
		</author>
		<author>
			<persName xmlns="http://www.tei-c.org/ns/1.0"><forename type="first">Nishitha</forename><surname>Guntakandla</surname></persName>
		</author>
		<author>
			<persName xmlns="http://www.tei-c.org/ns/1.0"><forename type="first">Rodney</forename><surname>Nielsen</surname></persName>
		</author>
	</analytic>
	<monogr>
		<title level="m">Proceedings of COLING 2016, the 26th International Conference on Computational Linguistics: Technical Papers</title>
		<meeting>COLING 2016, the 26th International Conference on Computational Linguistics: Technical Papers</meeting>
		<imprint>
			<date type="published" when="2016" />
			<biblScope unit="page" from="2012" to="2021" />
		</imprint>
	</monogr>
</biblStruct>

<biblStruct >
	<analytic>
		<title level="a" type="main">Imagenet classification with deep convolutional neural networks</title>
		<author>
			<persName xmlns="http://www.tei-c.org/ns/1.0"><forename type="first">Alex</forename><surname>Krizhevsky</surname></persName>
		</author>
		<author>
			<persName xmlns="http://www.tei-c.org/ns/1.0"><forename type="first">Ilya</forename><surname>Sutskever</surname></persName>
		</author>
		<author>
			<persName xmlns="http://www.tei-c.org/ns/1.0"><forename type="first">Geoffrey</forename><forename type="middle">E</forename><surname>Hinton</surname></persName>
		</author>
	</analytic>
	<monogr>
		<title level="m">Advances in Neural Information Processing Systems</title>
		<editor>F. Pereira, C. J. C. Burges, L. Bottou, and K. Q. Weinberger</editor>
		<imprint>
			<date type="published" when="2012" />
			<biblScope unit="volume">25</biblScope>
			<biblScope unit="page" from="1097" to="1105" />
		</imprint>
	</monogr>
</biblStruct>

<biblStruct >
	<analytic>
		<title level="a" type="main">Sequential short-text classification with recurrent and convolutional neural networks</title>
		<author>
			<persName xmlns="http://www.tei-c.org/ns/1.0"><forename type="first">Ji</forename></persName>
		</author>
		<author>
			<persName xmlns="http://www.tei-c.org/ns/1.0"><forename type="first">Young</forename><surname>Lee</surname></persName>
		</author>
		<author>
			<persName xmlns="http://www.tei-c.org/ns/1.0"><forename type="first">Franck</forename><surname>Dernoncourt</surname></persName>
		</author>
	</analytic>
	<monogr>
		<title level="m">Proceedings of the 2016 Conference of the North American Chapter of the Association for Computational Linguistics: Human Language Technologies</title>
		<meeting>the 2016 Conference of the North American Chapter of the Association for Computational Linguistics: Human Language Technologies</meeting>
		<imprint>
			<date type="published" when="2016" />
			<biblScope unit="page" from="515" to="520" />
		</imprint>
	</monogr>
</biblStruct>

<biblStruct >
	<analytic>
		<title level="a" type="main">Ijcnlp-2017 task 4: Customer feedback analysis</title>
		<author>
			<persName xmlns="http://www.tei-c.org/ns/1.0"><forename type="first">Chao-Hong</forename><surname>Liu</surname></persName>
		</author>
		<author>
			<persName xmlns="http://www.tei-c.org/ns/1.0"><forename type="first">Yasufumi</forename><surname>Moriya</surname></persName>
		</author>
		<author>
			<persName xmlns="http://www.tei-c.org/ns/1.0"><forename type="first">Alberto</forename><surname>Poncelas</surname></persName>
		</author>
		<author>
			<persName xmlns="http://www.tei-c.org/ns/1.0"><forename type="first">Declan</forename><surname>Groves</surname></persName>
		</author>
	</analytic>
	<monogr>
		<title level="m">Proceedings of the IJCNLP 2017, Shared Tasks</title>
		<meeting>the IJCNLP 2017, Shared Tasks<address><addrLine>Taipei, Taiwan</addrLine></address></meeting>
		<imprint>
			<date type="published" when="2017" />
			<biblScope unit="page" from="26" to="33" />
		</imprint>
	</monogr>
</biblStruct>

<biblStruct >
	<monogr>
		<title level="m" type="main">SGDR: stochastic gradient descent with restarts</title>
		<author>
			<persName xmlns="http://www.tei-c.org/ns/1.0"><forename type="first">Ilya</forename><surname>Loshchilov</surname></persName>
		</author>
		<author>
			<persName xmlns="http://www.tei-c.org/ns/1.0"><forename type="first">Frank</forename><surname>Hutter</surname></persName>
		</author>
		<idno>abs/1608.03983</idno>
		<imprint>
			<date type="published" when="2016" />
			<publisher>CoRR</publisher>
		</imprint>
	</monogr>
</biblStruct>

<biblStruct >
	<monogr>
		<title level="m" type="main">Introduction to Information Retrieval</title>
		<author>
			<persName xmlns="http://www.tei-c.org/ns/1.0"><forename type="first">Christopher</forename><forename type="middle">D</forename><surname>Manning</surname></persName>
		</author>
		<author>
			<persName xmlns="http://www.tei-c.org/ns/1.0"><forename type="first">Prabhakar</forename><surname>Raghavan</surname></persName>
		</author>
		<author>
			<persName xmlns="http://www.tei-c.org/ns/1.0"><forename type="first">Hinrich</forename><surname>Schütze</surname></persName>
		</author>
		<imprint>
			<date type="published" when="2008" />
			<publisher>Cambridge University Press</publisher>
			<pubPlace>New York, NY, USA</pubPlace>
		</imprint>
	</monogr>
</biblStruct>

<biblStruct >
	<analytic>
		<title level="a" type="main">Neuralbased context representation learning for dialog act classification</title>
		<author>
			<persName xmlns="http://www.tei-c.org/ns/1.0"><forename type="first">Daniel</forename><surname>Ortega</surname></persName>
		</author>
		<author>
			<persName xmlns="http://www.tei-c.org/ns/1.0"><forename type="first">Ngoc</forename><forename type="middle">Thang</forename><surname>Vu</surname></persName>
		</author>
	</analytic>
	<monogr>
		<title level="m">Proceedings of the 18th Annual SIGdial Meeting on Discourse and Dialogue</title>
		<meeting>the 18th Annual SIGdial Meeting on Discourse and Dialogue</meeting>
		<imprint>
			<date type="published" when="2017" />
			<biblScope unit="page" from="247" to="252" />
		</imprint>
	</monogr>
</biblStruct>

<biblStruct >
	<analytic>
		<title level="a" type="main">Revisiting the predictability of language: Response completion in social media</title>
		<author>
			<persName xmlns="http://www.tei-c.org/ns/1.0"><forename type="first">Bo</forename><surname>Pang</surname></persName>
		</author>
		<author>
			<persName xmlns="http://www.tei-c.org/ns/1.0"><forename type="first">Sujith</forename><surname>Ravi</surname></persName>
		</author>
	</analytic>
	<monogr>
		<title level="m">Proceedings of the 2012 Joint Conference on Empirical Methods in Natural Language Processing and Computational Natural Language Learning</title>
		<meeting>the 2012 Joint Conference on Empirical Methods in Natural Language Processing and Computational Natural Language Learning</meeting>
		<imprint>
			<date type="published" when="2012" />
			<biblScope unit="volume">12</biblScope>
			<biblScope unit="page" from="1489" to="1499" />
		</imprint>
	</monogr>
</biblStruct>

<biblStruct >
	<analytic>
		<title level="a" type="main">All-in-1 at ijcnlp-2017 task 4: Short text classification with one model for all languages</title>
		<author>
			<persName xmlns="http://www.tei-c.org/ns/1.0"><forename type="first">Barbara</forename><surname>Plank</surname></persName>
		</author>
	</analytic>
	<monogr>
		<title level="m">Proceedings of the IJCNLP 2017</title>
		<meeting>the IJCNLP 2017</meeting>
		<imprint>
			<date type="published" when="2017" />
		</imprint>
	</monogr>
</biblStruct>

<biblStruct >
	<monogr>
		<title level="m" type="main">Asian Federation of Natural Language Processing</title>
		<author>
			<persName xmlns="http://www.tei-c.org/ns/1.0"><surname>Tasks</surname></persName>
		</author>
		<imprint>
			<biblScope unit="page" from="143" to="148" />
			<pubPlace>Taipei, Taiwan</pubPlace>
		</imprint>
	</monogr>
</biblStruct>

<biblStruct >
	<analytic>
		<title level="a" type="main">Scalable decipherment for machine translation via hash sampling</title>
		<author>
			<persName xmlns="http://www.tei-c.org/ns/1.0"><forename type="first">Sujith</forename><surname>Ravi</surname></persName>
		</author>
	</analytic>
	<monogr>
		<title level="m">Proceedings of the 51st Annual Meeting of the Association for Computational Linguistics</title>
		<meeting>the 51st Annual Meeting of the Association for Computational Linguistics</meeting>
		<imprint>
			<publisher>Long Papers</publisher>
			<date type="published" when="2013" />
			<biblScope unit="volume">1</biblScope>
			<biblScope unit="page" from="362" to="371" />
		</imprint>
	</monogr>
	<note>Association for Computational Linguistics</note>
</biblStruct>

<biblStruct >
	<monogr>
		<title level="m" type="main">Projectionnet: Learning efficient on-device deep networks using neural projections</title>
		<author>
			<persName xmlns="http://www.tei-c.org/ns/1.0"><forename type="first">Sujith</forename><surname>Ravi</surname></persName>
		</author>
		<idno>abs/1708.00630</idno>
		<imprint>
			<date type="published" when="2017" />
			<publisher>CoRR</publisher>
		</imprint>
	</monogr>
</biblStruct>

<biblStruct >
	<analytic>
		<title level="a" type="main">The icsi meeting recorder dialog act (mrda) corpus</title>
		<author>
			<persName xmlns="http://www.tei-c.org/ns/1.0"><forename type="first">Elizabeth</forename><surname>Shriberg</surname></persName>
		</author>
		<author>
			<persName xmlns="http://www.tei-c.org/ns/1.0"><forename type="first">Raj</forename><surname>Dhillon</surname></persName>
		</author>
		<author>
			<persName xmlns="http://www.tei-c.org/ns/1.0"><forename type="first">Sonali</forename><surname>Bhagat</surname></persName>
		</author>
		<author>
			<persName xmlns="http://www.tei-c.org/ns/1.0"><forename type="first">Jeremy</forename><surname>Ang</surname></persName>
		</author>
		<author>
			<persName xmlns="http://www.tei-c.org/ns/1.0"><forename type="first">Hannah</forename><surname>Carvey</surname></persName>
		</author>
	</analytic>
	<monogr>
		<title level="m">Proceedings of the 5th SIGdial Workshop on Discourse and Dialogue</title>
		<meeting>the 5th SIGdial Workshop on Discourse and Dialogue<address><addrLine>Cambridge, Massachusetts, USA</addrLine></address></meeting>
		<imprint>
			<publisher>Association for Computational Linguistics</publisher>
			<date type="published" when="2004" />
			<biblScope unit="page" from="97" to="100" />
		</imprint>
	</monogr>
</biblStruct>

<biblStruct >
	<analytic>
		<title level="a" type="main">Dialogue act modeling for automatic tagging and recognition of conversational speech</title>
		<author>
			<persName xmlns="http://www.tei-c.org/ns/1.0"><forename type="first">Andreas</forename><surname>Stolcke</surname></persName>
		</author>
		<author>
			<persName xmlns="http://www.tei-c.org/ns/1.0"><forename type="first">Noah</forename><surname>Coccaro</surname></persName>
		</author>
		<author>
			<persName xmlns="http://www.tei-c.org/ns/1.0"><forename type="first">Rebecca</forename><surname>Bates</surname></persName>
		</author>
		<author>
			<persName xmlns="http://www.tei-c.org/ns/1.0"><forename type="first">Paul</forename><surname>Taylor</surname></persName>
		</author>
		<author>
			<persName xmlns="http://www.tei-c.org/ns/1.0"><forename type="first">Carol</forename><surname>Van Ess-Dykema</surname></persName>
		</author>
		<author>
			<persName xmlns="http://www.tei-c.org/ns/1.0"><forename type="first">Klaus</forename><surname>Ries</surname></persName>
		</author>
		<author>
			<persName xmlns="http://www.tei-c.org/ns/1.0"><forename type="first">Elizabeth</forename><surname>Shriberg</surname></persName>
		</author>
		<author>
			<persName xmlns="http://www.tei-c.org/ns/1.0"><forename type="first">Daniel</forename><surname>Jurafsky</surname></persName>
		</author>
		<author>
			<persName xmlns="http://www.tei-c.org/ns/1.0"><forename type="first">Rachel</forename><surname>Martin</surname></persName>
		</author>
		<author>
			<persName xmlns="http://www.tei-c.org/ns/1.0"><forename type="first">Marie</forename><surname>Meteer</surname></persName>
		</author>
	</analytic>
	<monogr>
		<title level="j">Comput. Linguist</title>
		<imprint>
			<biblScope unit="volume">26</biblScope>
			<biblScope unit="issue">3</biblScope>
			<biblScope unit="page" from="339" to="373" />
			<date type="published" when="2000" />
		</imprint>
	</monogr>
</biblStruct>

<biblStruct >
	<analytic>
		<title level="a" type="main">On the importance of initialization and momentum in deep learning</title>
		<author>
			<persName xmlns="http://www.tei-c.org/ns/1.0"><forename type="first">Ilya</forename><surname>Sutskever</surname></persName>
		</author>
		<author>
			<persName xmlns="http://www.tei-c.org/ns/1.0"><forename type="first">James</forename><surname>Martens</surname></persName>
		</author>
		<author>
			<persName xmlns="http://www.tei-c.org/ns/1.0"><forename type="first">George</forename><surname>Dahl</surname></persName>
		</author>
		<author>
			<persName xmlns="http://www.tei-c.org/ns/1.0"><forename type="first">Geoffrey</forename><surname>Hinton</surname></persName>
		</author>
		<idno>III-1139-III-1147</idno>
	</analytic>
	<monogr>
		<title level="m">Proceedings of the 30th International Conference on International Conference on Machine Learning</title>
		<meeting>the 30th International Conference on International Conference on Machine Learning</meeting>
		<imprint>
			<date type="published" when="2013" />
			<biblScope unit="volume">28</biblScope>
		</imprint>
	</monogr>
</biblStruct>

<biblStruct >
	<analytic>
		<title level="a" type="main">Sequence to sequence learning with neural networks</title>
		<author>
			<persName xmlns="http://www.tei-c.org/ns/1.0"><forename type="first">Ilya</forename><surname>Sutskever</surname></persName>
		</author>
		<author>
			<persName xmlns="http://www.tei-c.org/ns/1.0"><forename type="first">Oriol</forename><surname>Vinyals</surname></persName>
		</author>
		<author>
			<persName xmlns="http://www.tei-c.org/ns/1.0"><forename type="first">V</forename><surname>Quoc</surname></persName>
		</author>
		<author>
			<persName xmlns="http://www.tei-c.org/ns/1.0"><surname>Le</surname></persName>
		</author>
	</analytic>
	<monogr>
		<title level="m">Proceedings of the 27th International Conference on Neural Information Processing Systems</title>
		<meeting>the 27th International Conference on Neural Information Processing Systems</meeting>
		<imprint>
			<date type="published" when="2014" />
			<biblScope unit="volume">2</biblScope>
			<biblScope unit="page" from="3104" to="3112" />
		</imprint>
	</monogr>
</biblStruct>

<biblStruct >
	<analytic>
		<title level="a" type="main">A generative attentional neural network model for dialogue act classification</title>
		<author>
			<persName xmlns="http://www.tei-c.org/ns/1.0"><forename type="first">Gholamreza</forename><surname>Quan Hung Tran</surname></persName>
		</author>
		<author>
			<persName xmlns="http://www.tei-c.org/ns/1.0"><forename type="first">Ingrid</forename><surname>Haffari</surname></persName>
		</author>
		<author>
			<persName xmlns="http://www.tei-c.org/ns/1.0"><surname>Zukerman</surname></persName>
		</author>
	</analytic>
	<monogr>
		<title level="m">Proceedings of the 55th Annual Meeting of the Association for Computational Linguistics</title>
		<meeting>the 55th Annual Meeting of the Association for Computational Linguistics</meeting>
		<imprint>
			<publisher>Short Papers</publisher>
			<date type="published" when="2017" />
			<biblScope unit="volume">2</biblScope>
			<biblScope unit="page" from="524" to="529" />
		</imprint>
	</monogr>
</biblStruct>

			</listBibl>
		</back>
	</text>
</TEI>
