<?xml version="1.0" ?>
<TEI xmlns="http://www.tei-c.org/ns/1.0" xmlns:xlink="http://www.w3.org/1999/xlink" 
 xmlns:mml="http://www.w3.org/1998/Math/MathML">
	<teiHeader>
		<fileDesc xml:id="f_1165"/>
	</teiHeader>
	<text>
		<front/>
		<body/>
		<back>
			<listBibl>
<biblStruct >
	<analytic>
		<title level="a" type="main">Explaining recurrent neural network predictions in sentiment analysis</title>
		<author>
			<persName xmlns="http://www.tei-c.org/ns/1.0"><forename type="first">Leila</forename><surname>Arras</surname></persName>
		</author>
		<author>
			<persName xmlns="http://www.tei-c.org/ns/1.0"><forename type="first">Grégoire</forename><surname>Montavon</surname></persName>
		</author>
		<author>
			<persName xmlns="http://www.tei-c.org/ns/1.0"><forename type="first">Klaus-Robert</forename><surname>Müller</surname></persName>
		</author>
		<author>
			<persName xmlns="http://www.tei-c.org/ns/1.0"><forename type="first">Wojciech</forename><surname>Samek</surname></persName>
		</author>
	</analytic>
	<monogr>
		<title level="m">8th Workshop on Computational Approaches to Subjectivity</title>
		<imprint>
			<publisher>Sentiment and Social Media Analysis</publisher>
			<date type="published" when="2017" />
		</imprint>
	</monogr>
</biblStruct>

<biblStruct >
	<analytic>
		<title level="a" type="main">Quasi-recurrent neural networks</title>
		<author>
			<persName xmlns="http://www.tei-c.org/ns/1.0"><forename type="first">James</forename><surname>Bradbury</surname></persName>
		</author>
		<author>
			<persName xmlns="http://www.tei-c.org/ns/1.0"><forename type="first">Stephen</forename><surname>Merity</surname></persName>
		</author>
		<author>
			<persName xmlns="http://www.tei-c.org/ns/1.0"><forename type="first">Caiming</forename><surname>Xiong</surname></persName>
		</author>
		<author>
			<persName xmlns="http://www.tei-c.org/ns/1.0"><forename type="first">Richard</forename><surname>Socher</surname></persName>
		</author>
	</analytic>
	<monogr>
		<title level="m">International Conference for Learning Representations</title>
		<imprint>
			<date type="published" when="2017" />
		</imprint>
	</monogr>
	<note>ICLR</note>
</biblStruct>

<biblStruct >
	<analytic>
		<title level="a" type="main">The laplacian pyramid as a compact image code</title>
		<author>
			<persName xmlns="http://www.tei-c.org/ns/1.0"><forename type="first">J</forename><surname>Peter</surname></persName>
		</author>
		<author>
			<persName xmlns="http://www.tei-c.org/ns/1.0"><surname>Burt</surname></persName>
		</author>
		<author>
			<persName xmlns="http://www.tei-c.org/ns/1.0"><surname>Edward H Adelson</surname></persName>
		</author>
	</analytic>
	<monogr>
		<title level="m">Readings in Computer Vision</title>
		<imprint>
			<publisher>Elsevier</publisher>
			<date type="published" when="1987" />
		</imprint>
	</monogr>
</biblStruct>

<biblStruct >
	<analytic>
		<title level="a" type="main">Skip rnn: Learning to skip state updates in recurrent neural networks</title>
		<author>
			<persName xmlns="http://www.tei-c.org/ns/1.0"><forename type="first">Víctor</forename><surname>Campos</surname></persName>
		</author>
		<author>
			<persName xmlns="http://www.tei-c.org/ns/1.0"><forename type="first">Brendan</forename><surname>Jou</surname></persName>
		</author>
		<author>
			<persName xmlns="http://www.tei-c.org/ns/1.0"><forename type="first">Xavier</forename><surname>Giró-I Nieto</surname></persName>
		</author>
		<author>
			<persName xmlns="http://www.tei-c.org/ns/1.0"><forename type="first">Jordi</forename><surname>Torres</surname></persName>
		</author>
		<author>
			<persName xmlns="http://www.tei-c.org/ns/1.0"><forename type="first">Shih-Fu</forename><surname>Chang</surname></persName>
		</author>
	</analytic>
	<monogr>
		<title level="m">International Conference for Learning Representations</title>
		<imprint>
			<date type="published" when="2018" />
		</imprint>
	</monogr>
	<note>ICLR</note>
</biblStruct>

<biblStruct >
	<monogr>
				<author>
			<persName xmlns="http://www.tei-c.org/ns/1.0"><forename type="first">Junyoung</forename><surname>Chung</surname></persName>
		</author>
		<author>
			<persName xmlns="http://www.tei-c.org/ns/1.0"><forename type="first">Caglar</forename><surname>Gulcehre</surname></persName>
		</author>
		<author>
			<persName xmlns="http://www.tei-c.org/ns/1.0"><forename type="first">Kyunghyun</forename><surname>Cho</surname></persName>
		</author>
		<author>
			<persName xmlns="http://www.tei-c.org/ns/1.0"><forename type="first">Yoshua</forename><surname>Bengio</surname></persName>
		</author>
		<idno type="arXiv">arXiv:1412.3555</idno>
		<title level="m">Empirical evaluation of gated recurrent neural networks on sequence modeling</title>
		<imprint>
			<date type="published" when="2014" />
		</imprint>
	</monogr>
<note type="report_type">arXiv preprint</note>
</biblStruct>

<biblStruct >
	<analytic>
		<title level="a" type="main">A theoretically grounded application of dropout in recurrent neural networks</title>
		<author>
			<persName xmlns="http://www.tei-c.org/ns/1.0"><forename type="first">Yarin</forename><surname>Gal</surname></persName>
		</author>
		<author>
			<persName xmlns="http://www.tei-c.org/ns/1.0"><forename type="first">Zoubin</forename><surname>Ghahramani</surname></persName>
		</author>
	</analytic>
	<monogr>
		<title level="m">Advances in neural information processing systems (NIPS)</title>
		<imprint>
			<date type="published" when="2016" />
		</imprint>
	</monogr>
</biblStruct>

<biblStruct >
	<analytic>
		<title level="a" type="main">Convolutional sequence to sequence learning</title>
		<author>
			<persName xmlns="http://www.tei-c.org/ns/1.0"><forename type="first">Jonas</forename><surname>Gehring</surname></persName>
		</author>
		<author>
			<persName xmlns="http://www.tei-c.org/ns/1.0"><forename type="first">Michael</forename><surname>Auli</surname></persName>
		</author>
		<author>
			<persName xmlns="http://www.tei-c.org/ns/1.0"><forename type="first">David</forename><surname>Grangier</surname></persName>
		</author>
		<author>
			<persName xmlns="http://www.tei-c.org/ns/1.0"><forename type="first">Denis</forename><surname>Yarats</surname></persName>
		</author>
		<author>
			<persName xmlns="http://www.tei-c.org/ns/1.0"><forename type="first">Yann N</forename><surname>Dauphin</surname></persName>
		</author>
	</analytic>
	<monogr>
		<title level="m">International Conference on Machine Learning (ICML)</title>
		<imprint>
			<date type="published" when="2017" />
		</imprint>
	</monogr>
</biblStruct>

<biblStruct >
	<analytic>
		<title level="a" type="main">Recurrent nets that time and count</title>
		<author>
			<persName xmlns="http://www.tei-c.org/ns/1.0"><forename type="first">A</forename><surname>Felix</surname></persName>
		</author>
		<author>
			<persName xmlns="http://www.tei-c.org/ns/1.0"><forename type="first">Jürgen</forename><surname>Gers</surname></persName>
		</author>
		<author>
			<persName xmlns="http://www.tei-c.org/ns/1.0"><surname>Schmidhuber</surname></persName>
		</author>
	</analytic>
	<monogr>
		<title level="m">IEEE-INNS-ENNS International Joint Conference on Neural Networks (IJCNN)</title>
		<imprint>
			<date type="published" when="2000" />
		</imprint>
	</monogr>
</biblStruct>

<biblStruct >
	<analytic>
		<title level="a" type="main">Review and comparison of methods to study the contribution of variables in artificial neural network models</title>
		<author>
			<persName xmlns="http://www.tei-c.org/ns/1.0"><forename type="first">Muriel</forename><surname>Gevrey</surname></persName>
		</author>
		<author>
			<persName xmlns="http://www.tei-c.org/ns/1.0"><forename type="first">Ioannis</forename><surname>Dimopoulos</surname></persName>
		</author>
		<author>
			<persName xmlns="http://www.tei-c.org/ns/1.0"><forename type="first">Sovan</forename><surname>Lek</surname></persName>
		</author>
	</analytic>
	<monogr>
		<title level="j">Ecological modelling</title>
		<imprint>
			<date type="published" when="2003" />
		</imprint>
	</monogr>
</biblStruct>

<biblStruct >
	<analytic>
		<title level="a" type="main">Deep pyramidal residual networks</title>
		<author>
			<persName xmlns="http://www.tei-c.org/ns/1.0"><forename type="first">Dongyoon</forename><surname>Han</surname></persName>
		</author>
		<author>
			<persName xmlns="http://www.tei-c.org/ns/1.0"><forename type="first">Jiwhan</forename><surname>Kim</surname></persName>
		</author>
		<author>
			<persName xmlns="http://www.tei-c.org/ns/1.0"><forename type="first">Junmo</forename><surname>Kim</surname></persName>
		</author>
	</analytic>
	<monogr>
		<title level="m">IEEE Conference on Computer Vision and Pattern Recognition (CVPR)</title>
		<imprint>
			<date type="published" when="2017" />
		</imprint>
	</monogr>
</biblStruct>

<biblStruct >
	<analytic>
		<title level="a" type="main">Deep residual learning for image recognition</title>
		<author>
			<persName xmlns="http://www.tei-c.org/ns/1.0"><forename type="first">Kaiming</forename><surname>He</surname></persName>
		</author>
		<author>
			<persName xmlns="http://www.tei-c.org/ns/1.0"><forename type="first">Xiangyu</forename><surname>Zhang</surname></persName>
		</author>
		<author>
			<persName xmlns="http://www.tei-c.org/ns/1.0"><forename type="first">Shaoqing</forename><surname>Ren</surname></persName>
		</author>
		<author>
			<persName xmlns="http://www.tei-c.org/ns/1.0"><forename type="first">Jian</forename><surname>Sun</surname></persName>
		</author>
	</analytic>
	<monogr>
		<title level="m">IEEE conference on computer vision and pattern recognition (CVPR)</title>
		<imprint>
			<date type="published" when="2016" />
		</imprint>
	</monogr>
</biblStruct>

<biblStruct >
	<analytic>
		<title level="a" type="main">Long short-term memory</title>
		<author>
			<persName xmlns="http://www.tei-c.org/ns/1.0"><forename type="first">Sepp</forename><surname>Hochreiter</surname></persName>
		</author>
		<author>
			<persName xmlns="http://www.tei-c.org/ns/1.0"><forename type="first">Jrgen</forename><surname>Schmidhuber</surname></persName>
		</author>
	</analytic>
	<monogr>
		<title level="j">Neural computation</title>
		<imprint>
			<date type="published" when="1997" />
		</imprint>
	</monogr>
</biblStruct>

<biblStruct >
	<analytic>
		<title level="a" type="main">Tying word vectors and word classifiers: A loss framework for language modeling</title>
		<author>
			<persName xmlns="http://www.tei-c.org/ns/1.0"><forename type="first">Khashayar</forename><surname>Hakan Inan</surname></persName>
		</author>
		<author>
			<persName xmlns="http://www.tei-c.org/ns/1.0"><forename type="first">Richard</forename><surname>Khosravi</surname></persName>
		</author>
		<author>
			<persName xmlns="http://www.tei-c.org/ns/1.0"><surname>Socher</surname></persName>
		</author>
	</analytic>
	<monogr>
		<title level="m">International Conference for Learning Representations</title>
		<imprint>
			<date type="published" when="2017" />
		</imprint>
	</monogr>
	<note>ICLR</note>
</biblStruct>

<biblStruct >
	<analytic>
		<title level="a" type="main">Character-aware neural language models</title>
		<author>
			<persName xmlns="http://www.tei-c.org/ns/1.0"><forename type="first">Yoon</forename><surname>Kim</surname></persName>
		</author>
		<author>
			<persName xmlns="http://www.tei-c.org/ns/1.0"><forename type="first">Yacine</forename><surname>Jernite</surname></persName>
		</author>
		<author>
			<persName xmlns="http://www.tei-c.org/ns/1.0"><forename type="first">David</forename><surname>Sontag</surname></persName>
		</author>
		<author>
			<persName xmlns="http://www.tei-c.org/ns/1.0"><forename type="first">Alexander M</forename><surname>Rush</surname></persName>
		</author>
	</analytic>
	<monogr>
		<title level="m">Association for the Advancement of Artificial Intelligence (AAAI)</title>
		<imprint>
			<date type="published" when="2016" />
		</imprint>
	</monogr>
</biblStruct>

<biblStruct >
	<analytic>
		<title level="a" type="main">Variational dropout and the local reparameterization trick</title>
		<author>
			<persName xmlns="http://www.tei-c.org/ns/1.0"><forename type="first">Tim</forename><surname>Diederik P Kingma</surname></persName>
		</author>
		<author>
			<persName xmlns="http://www.tei-c.org/ns/1.0"><forename type="first">Max</forename><surname>Salimans</surname></persName>
		</author>
		<author>
			<persName xmlns="http://www.tei-c.org/ns/1.0"><surname>Welling</surname></persName>
		</author>
	</analytic>
	<monogr>
		<title level="m">Advances in Neural Information Processing Systems (NIPS)</title>
		<imprint>
			<date type="published" when="2015" />
		</imprint>
	</monogr>
</biblStruct>

<biblStruct >
	<analytic>
		<title level="a" type="main">Dynamic evaluation of neural sequence models</title>
		<author>
			<persName xmlns="http://www.tei-c.org/ns/1.0"><forename type="first">Ben</forename><surname>Krause</surname></persName>
		</author>
		<author>
			<persName xmlns="http://www.tei-c.org/ns/1.0"><forename type="first">Emmanuel</forename><surname>Kahembwe</surname></persName>
		</author>
		<author>
			<persName xmlns="http://www.tei-c.org/ns/1.0"><forename type="first">Iain</forename><surname>Murray</surname></persName>
		</author>
		<author>
			<persName xmlns="http://www.tei-c.org/ns/1.0"><forename type="first">Steve</forename><surname>Renals</surname></persName>
		</author>
	</analytic>
	<monogr>
		<title level="m">International Conference on Machine Learning (ICML)</title>
		<imprint>
			<date type="published" when="2018" />
		</imprint>
	</monogr>
</biblStruct>

<biblStruct >
	<analytic>
		<title level="a" type="main">Imagenet classification with deep convolutional neural networks</title>
		<author>
			<persName xmlns="http://www.tei-c.org/ns/1.0"><forename type="first">Alex</forename><surname>Krizhevsky</surname></persName>
		</author>
		<author>
			<persName xmlns="http://www.tei-c.org/ns/1.0"><forename type="first">Ilya</forename><surname>Sutskever</surname></persName>
		</author>
		<author>
			<persName xmlns="http://www.tei-c.org/ns/1.0"><forename type="first">Geoffrey</forename><forename type="middle">E</forename><surname>Hinton</surname></persName>
		</author>
	</analytic>
	<monogr>
		<title level="m">Advances in neural information processing systems (NIPS)</title>
		<imprint>
			<date type="published" when="2012" />
		</imprint>
	</monogr>
</biblStruct>

<biblStruct >
	<analytic>
		<title level="a" type="main">Factorization tricks for lstm networks</title>
		<author>
			<persName xmlns="http://www.tei-c.org/ns/1.0"><forename type="first">Oleksii</forename><surname>Kuchaiev</surname></persName>
		</author>
		<author>
			<persName xmlns="http://www.tei-c.org/ns/1.0"><forename type="first">Boris</forename><surname>Ginsburg</surname></persName>
		</author>
	</analytic>
	<monogr>
		<title level="m">International Conference for Learning Representations (ICLR) Workshop</title>
		<imprint>
			<date type="published" when="2017" />
		</imprint>
	</monogr>
</biblStruct>

<biblStruct >
	<monogr>
		<title level="m" type="main">Convolutional networks for images, speech, and time series. The handbook of brain theory and neural networks</title>
		<author>
			<persName xmlns="http://www.tei-c.org/ns/1.0"><forename type="first">Yann</forename><surname>Lecun</surname></persName>
		</author>
		<author>
			<persName xmlns="http://www.tei-c.org/ns/1.0"><forename type="first">Yoshua</forename><surname>Bengio</surname></persName>
		</author>
		<imprint>
			<date type="published" when="1995" />
		</imprint>
	</monogr>
</biblStruct>

<biblStruct >
	<monogr>
		<title/>
		<author>
			<persName xmlns="http://www.tei-c.org/ns/1.0"><forename type="first">Kenton</forename><surname>Lee</surname></persName>
		</author>
		<author>
			<persName xmlns="http://www.tei-c.org/ns/1.0"><forename type="first">Omer</forename><surname>Levy</surname></persName>
		</author>
		<author>
			<persName xmlns="http://www.tei-c.org/ns/1.0"><forename type="first">Luke</forename><surname>Zettlemoyer</surname></persName>
		</author>
		<idno type="arXiv">arXiv:1705.07393</idno>
		<imprint>
			<date type="published" when="2017" />
		</imprint>
	</monogr>
<note type="report_type">Recurrent additive networks. arXiv preprint</note>
</biblStruct>

<biblStruct >
	<analytic>
		<title level="a" type="main">Training rnns as fast as cnns</title>
		<author>
			<persName xmlns="http://www.tei-c.org/ns/1.0"><forename type="first">Tao</forename><surname>Lei</surname></persName>
		</author>
		<author>
			<persName xmlns="http://www.tei-c.org/ns/1.0"><forename type="first">Yu</forename><surname>Zhang</surname></persName>
		</author>
		<author>
			<persName xmlns="http://www.tei-c.org/ns/1.0"><forename type="first">Yoav</forename><surname>Artzi</surname></persName>
		</author>
	</analytic>
	<monogr>
		<title level="m">Empirical Methods in Natural Language Processing (EMNLP)</title>
		<imprint>
			<date type="published" when="2018" />
		</imprint>
	</monogr>
</biblStruct>

<biblStruct >
	<analytic>
		<title level="a" type="main">Visualizing and understanding neural models in nlp</title>
		<author>
			<persName xmlns="http://www.tei-c.org/ns/1.0"><forename type="first">Jiwei</forename><surname>Li</surname></persName>
		</author>
		<author>
			<persName xmlns="http://www.tei-c.org/ns/1.0"><forename type="first">Xinlei</forename><surname>Chen</surname></persName>
		</author>
		<author>
			<persName xmlns="http://www.tei-c.org/ns/1.0"><forename type="first">Eduard</forename><surname>Hovy</surname></persName>
		</author>
		<author>
			<persName xmlns="http://www.tei-c.org/ns/1.0"><forename type="first">Dan</forename><surname>Jurafsky</surname></persName>
		</author>
	</analytic>
	<monogr>
		<title level="m">North American Chapter of the Association for Computational Linguistics (NAACL)</title>
		<imprint>
			<date type="published" when="2016" />
		</imprint>
	</monogr>
</biblStruct>

<biblStruct >
	<analytic>
		<title level="a" type="main">Object recognition from local scale-invariant features</title>
		<author>
			<persName xmlns="http://www.tei-c.org/ns/1.0"><surname>David G Lowe</surname></persName>
		</author>
	</analytic>
	<monogr>
		<title level="m">IEEE international conference on Computer vision (ICCV)</title>
		<imprint>
			<date type="published" when="1999" />
		</imprint>
	</monogr>
</biblStruct>

<biblStruct >
	<monogr>
		<title level="m" type="main">Building a large annotated corpus of english: The penn treebank. Computational linguistics</title>
		<author>
			<persName xmlns="http://www.tei-c.org/ns/1.0"><forename type="first">Mary</forename><forename type="middle">Ann</forename><surname>Mitchell P Marcus</surname></persName>
		</author>
		<author>
			<persName xmlns="http://www.tei-c.org/ns/1.0"><forename type="first">Beatrice</forename><surname>Marcinkiewicz</surname></persName>
		</author>
		<author>
			<persName xmlns="http://www.tei-c.org/ns/1.0"><surname>Santorini</surname></persName>
		</author>
		<imprint>
			<date type="published" when="1993" />
		</imprint>
	</monogr>
</biblStruct>

<biblStruct >
	<analytic>
		<title level="a" type="main">Espnet: Efficient spatial pyramid of dilated convolutions for semantic segmentation</title>
		<author>
			<persName xmlns="http://www.tei-c.org/ns/1.0"><forename type="first">Sachin</forename><surname>Mehta</surname></persName>
		</author>
		<author>
			<persName xmlns="http://www.tei-c.org/ns/1.0"><forename type="first">Mohammad</forename><surname>Rastegari</surname></persName>
		</author>
		<author>
			<persName xmlns="http://www.tei-c.org/ns/1.0"><forename type="first">Anat</forename><surname>Caspi</surname></persName>
		</author>
		<author>
			<persName xmlns="http://www.tei-c.org/ns/1.0"><forename type="first">Linda</forename><surname>Shapiro</surname></persName>
		</author>
		<author>
			<persName xmlns="http://www.tei-c.org/ns/1.0"><forename type="first">Hannaneh</forename><surname>Hajishirzi</surname></persName>
		</author>
	</analytic>
	<monogr>
		<title level="m">European Conference in Computer Vision (ECCV)</title>
		<imprint>
			<date type="published" when="2018" />
		</imprint>
	</monogr>
</biblStruct>

<biblStruct >
	<analytic>
		<title level="a" type="main">On the state of the art of evaluation in neural language models</title>
		<author>
			<persName xmlns="http://www.tei-c.org/ns/1.0"><forename type="first">Gábor</forename><surname>Melis</surname></persName>
		</author>
		<author>
			<persName xmlns="http://www.tei-c.org/ns/1.0"><forename type="first">Chris</forename><surname>Dyer</surname></persName>
		</author>
		<author>
			<persName xmlns="http://www.tei-c.org/ns/1.0"><forename type="first">Phil</forename><surname>Blunsom</surname></persName>
		</author>
	</analytic>
	<monogr>
		<title level="m">International Conference for Learning Representations</title>
		<imprint>
			<date type="published" when="2018" />
		</imprint>
	</monogr>
	<note>ICLR</note>
</biblStruct>

<biblStruct >
	<analytic>
		<title level="a" type="main">Regularizing and optimizing lstm language models</title>
		<author>
			<persName xmlns="http://www.tei-c.org/ns/1.0"><forename type="first">Stephen</forename><surname>Merity</surname></persName>
		</author>
		<author>
			<persName xmlns="http://www.tei-c.org/ns/1.0"><forename type="first">Nitish</forename><surname>Shirish Keskar</surname></persName>
		</author>
		<author>
			<persName xmlns="http://www.tei-c.org/ns/1.0"><forename type="first">Richard</forename><surname>Socher</surname></persName>
		</author>
	</analytic>
	<monogr>
		<title level="m">International Conference for Learning Representations</title>
		<imprint>
			<date type="published" when="2018" />
		</imprint>
	</monogr>
	<note>ICLR</note>
</biblStruct>

			</listBibl>
		</back>
	</text>
</TEI>
