<?xml version="1.0" ?>
<TEI xmlns="http://www.tei-c.org/ns/1.0" xmlns:xlink="http://www.w3.org/1999/xlink" 
 xmlns:mml="http://www.w3.org/1998/Math/MathML">
	<teiHeader>
		<fileDesc xml:id="f_373"/>
	</teiHeader>
	<text>
		<front/>
		<body/>
		<back>
			<listBibl>
<biblStruct >
	<analytic>
		<title level="a" type="main">Latent dirichlet allocation</title>
		<author>
			<persName xmlns="http://www.tei-c.org/ns/1.0"><forename type="first">M</forename><surname>David</surname></persName>
		</author>
		<author>
			<persName xmlns="http://www.tei-c.org/ns/1.0"><surname>Blei</surname></persName>
		</author>
		<author>
			<persName xmlns="http://www.tei-c.org/ns/1.0"><forename type="first">Y</forename><surname>Andrew</surname></persName>
		</author>
		<author>
			<persName xmlns="http://www.tei-c.org/ns/1.0"><forename type="first">Michael I Jordan</forename><surname>Ng</surname></persName>
		</author>
	</analytic>
	<monogr>
		<title level="j">Journal of machine Learning research</title>
		<imprint>
			<biblScope unit="volume">3</biblScope>
			<biblScope unit="page" from="993" to="1022" />
			<date type="published" when="2003-01" />
		</imprint>
	</monogr>
</biblStruct>

<biblStruct >
	<monogr>
		<title level="m" type="main">A novel neural topic model and its supervised extension</title>
		<author>
			<persName xmlns="http://www.tei-c.org/ns/1.0"><forename type="first">Ziqiang</forename><surname>Cao</surname></persName>
		</author>
		<author>
			<persName xmlns="http://www.tei-c.org/ns/1.0"><forename type="first">Sujian</forename><surname>Li</surname></persName>
		</author>
		<author>
			<persName xmlns="http://www.tei-c.org/ns/1.0"><forename type="first">Yang</forename><surname>Liu</surname></persName>
		</author>
		<author>
			<persName xmlns="http://www.tei-c.org/ns/1.0"><forename type="first">Wenjie</forename><surname>Li</surname></persName>
		</author>
		<author>
			<persName xmlns="http://www.tei-c.org/ns/1.0"><forename type="first">Heng</forename><surname>Ji</surname></persName>
		</author>
		<imprint>
			<date type="published" when="2015" />
		</imprint>
	</monogr>
</biblStruct>

<biblStruct >
	<analytic>
		<title level="a" type="main">Btm: Topic modeling over short texts</title>
		<author>
			<persName xmlns="http://www.tei-c.org/ns/1.0"><forename type="first">Xueqi</forename><surname>Cheng</surname></persName>
		</author>
		<author>
			<persName xmlns="http://www.tei-c.org/ns/1.0"><forename type="first">Xiaohui</forename><surname>Yan</surname></persName>
		</author>
		<author>
			<persName xmlns="http://www.tei-c.org/ns/1.0"><forename type="first">Yanyan</forename><surname>Lan</surname></persName>
		</author>
		<author>
			<persName xmlns="http://www.tei-c.org/ns/1.0"><forename type="first">Jiafeng</forename><surname>Guo</surname></persName>
		</author>
	</analytic>
	<monogr>
		<title level="j">IEEE Transactions on Knowledge and Data Engineering</title>
		<imprint>
			<biblScope unit="volume">26</biblScope>
			<biblScope unit="issue">12</biblScope>
			<biblScope unit="page" from="2928" to="2941" />
			<date type="published" when="2014" />
		</imprint>
	</monogr>
</biblStruct>

<biblStruct >
	<analytic>
		<title level="a" type="main">Bayesian sparse topic model</title>
		<author>
			<persName xmlns="http://www.tei-c.org/ns/1.0"><forename type="first">Jen-Tzung</forename><surname>Chien</surname></persName>
		</author>
		<author>
			<persName xmlns="http://www.tei-c.org/ns/1.0"><forename type="first">Ying-Lan</forename><surname>Chang</surname></persName>
		</author>
	</analytic>
	<monogr>
		<title level="j">Journal of Signal Processing Systems</title>
		<imprint>
			<biblScope unit="volume">74</biblScope>
			<biblScope unit="issue">3</biblScope>
			<biblScope unit="page" from="375" to="389" />
			<date type="published" when="2014" />
		</imprint>
	</monogr>
</biblStruct>

<biblStruct >
	<monogr>
		<title level="m" type="main">Indexing by latent semantic analysis. Journal of the American society for information science</title>
		<author>
			<persName xmlns="http://www.tei-c.org/ns/1.0"><forename type="first">Scott</forename><surname>Deerwester</surname></persName>
		</author>
		<author>
			<persName xmlns="http://www.tei-c.org/ns/1.0"><forename type="first">T</forename><surname>Susan</surname></persName>
		</author>
		<author>
			<persName xmlns="http://www.tei-c.org/ns/1.0"><forename type="first">George</forename><forename type="middle">W</forename><surname>Dumais</surname></persName>
		</author>
		<author>
			<persName xmlns="http://www.tei-c.org/ns/1.0"><forename type="first">Thomas</forename><forename type="middle">K</forename><surname>Furnas</surname></persName>
		</author>
		<author>
			<persName xmlns="http://www.tei-c.org/ns/1.0"><forename type="first">Richard</forename><surname>Landauer</surname></persName>
		</author>
		<author>
			<persName xmlns="http://www.tei-c.org/ns/1.0"><surname>Harshman</surname></persName>
		</author>
		<imprint>
			<date type="published" when="1990" />
			<biblScope unit="volume">41</biblScope>
			<biblScope unit="page">391</biblScope>
		</imprint>
	</monogr>
</biblStruct>

<biblStruct >
	<analytic>
		<title level="a" type="main">Multiple hypergeometric functions: Probabilistic interpretations and statistical uses</title>
		<author>
			<persName xmlns="http://www.tei-c.org/ns/1.0"><forename type="first">M</forename><surname>James</surname></persName>
		</author>
		<author>
			<persName xmlns="http://www.tei-c.org/ns/1.0"><surname>Dickey</surname></persName>
		</author>
	</analytic>
	<monogr>
		<title level="j">Journal of the American Statistical Association</title>
		<imprint>
			<biblScope unit="volume">78</biblScope>
			<biblScope unit="issue">383</biblScope>
			<biblScope unit="page" from="628" to="637" />
			<date type="published" when="1983" />
		</imprint>
	</monogr>
</biblStruct>

<biblStruct >
	<analytic>
		<title level="a" type="main">A bayesian hierarchical model for learning natural scene categories</title>
		<author>
			<persName xmlns="http://www.tei-c.org/ns/1.0"><forename type="first">Li</forename><surname>Fei</surname></persName>
		</author>
		<author>
			<persName xmlns="http://www.tei-c.org/ns/1.0"><forename type="first">-Fei</forename></persName>
		</author>
		<author>
			<persName xmlns="http://www.tei-c.org/ns/1.0"><forename type="first">Pietro</forename><surname>Perona</surname></persName>
		</author>
	</analytic>
	<monogr>
		<title level="m">Computer Vision and Pattern Recognition, 2005. CVPR 2005. IEEE Computer Society Conference on</title>
		<imprint>
			<publisher>IEEE</publisher>
			<date type="published" when="2005" />
			<biblScope unit="volume">2</biblScope>
			<biblScope unit="page" from="524" to="531" />
		</imprint>
	</monogr>
</biblStruct>

<biblStruct >
	<monogr>
		<title level="m" type="main">Neural message passing for quantum chemistry</title>
		<author>
			<persName xmlns="http://www.tei-c.org/ns/1.0"><forename type="first">Justin</forename><surname>Gilmer</surname></persName>
		</author>
		<author>
			<persName xmlns="http://www.tei-c.org/ns/1.0"><forename type="first">S</forename><surname>Samuel</surname></persName>
		</author>
		<author>
			<persName xmlns="http://www.tei-c.org/ns/1.0"><surname>Schoenholz</surname></persName>
		</author>
		<author>
			<persName xmlns="http://www.tei-c.org/ns/1.0"><forename type="first">Oriol</forename><surname>Patrick F Riley</surname></persName>
		</author>
		<author>
			<persName xmlns="http://www.tei-c.org/ns/1.0"><forename type="first">George</forename><forename type="middle">E</forename><surname>Vinyals</surname></persName>
		</author>
		<author>
			<persName xmlns="http://www.tei-c.org/ns/1.0"><surname>Dahl</surname></persName>
		</author>
		<idno type="arXiv">arXiv:1704.01212</idno>
		<imprint>
			<date type="published" when="2017" />
		</imprint>
	</monogr>
<note type="report_type">arXiv preprint</note>
</biblStruct>

<biblStruct >
	<analytic>
		<title level="a" type="main">Finding scientific topics</title>
		<author>
			<persName xmlns="http://www.tei-c.org/ns/1.0"><forename type="first">L</forename><surname>Thomas</surname></persName>
		</author>
		<author>
			<persName xmlns="http://www.tei-c.org/ns/1.0"><forename type="first">Mark</forename><surname>Griffiths</surname></persName>
		</author>
		<author>
			<persName xmlns="http://www.tei-c.org/ns/1.0"><surname>Steyvers</surname></persName>
		</author>
	</analytic>
	<monogr>
		<title level="j">Proceedings of the National academy of Sciences</title>
		<imprint>
			<biblScope unit="volume">101</biblScope>
			<biblScope unit="issue">1</biblScope>
			<biblScope unit="page" from="5228" to="5235" />
			<date type="published" when="2004" />
		</imprint>
	</monogr>
	<note>suppl</note>
</biblStruct>

<biblStruct >
	<analytic>
		<title level="a" type="main">Deep residual learning for image recognition</title>
		<author>
			<persName xmlns="http://www.tei-c.org/ns/1.0"><forename type="first">Kaiming</forename><surname>He</surname></persName>
		</author>
		<author>
			<persName xmlns="http://www.tei-c.org/ns/1.0"><forename type="first">Xiangyu</forename><surname>Zhang</surname></persName>
		</author>
		<author>
			<persName xmlns="http://www.tei-c.org/ns/1.0"><forename type="first">Shaoqing</forename><surname>Ren</surname></persName>
		</author>
		<author>
			<persName xmlns="http://www.tei-c.org/ns/1.0"><forename type="first">Jian</forename><surname>Sun</surname></persName>
		</author>
	</analytic>
	<monogr>
		<title level="m">Proceedings of the IEEE conference on computer vision and pattern recognition</title>
		<meeting>the IEEE conference on computer vision and pattern recognition</meeting>
		<imprint>
			<date type="published" when="2016" />
			<biblScope unit="page" from="770" to="778" />
		</imprint>
	</monogr>
</biblStruct>

<biblStruct >
	<analytic>
		<title level="a" type="main">Kernel topic models</title>
		<author>
			<persName xmlns="http://www.tei-c.org/ns/1.0"><forename type="first">Philipp</forename><surname>Hennig</surname></persName>
		</author>
		<author>
			<persName xmlns="http://www.tei-c.org/ns/1.0"><forename type="first">David</forename><surname>Stern</surname></persName>
		</author>
		<author>
			<persName xmlns="http://www.tei-c.org/ns/1.0"><forename type="first">Ralf</forename><surname>Herbrich</surname></persName>
		</author>
		<author>
			<persName xmlns="http://www.tei-c.org/ns/1.0"><forename type="first">Thore</forename><surname>Graepel</surname></persName>
		</author>
	</analytic>
	<monogr>
		<title level="m">Artificial Intelligence and Statistics</title>
		<imprint>
			<date type="published" when="2012" />
			<biblScope unit="page" from="511" to="519" />
		</imprint>
	</monogr>
</biblStruct>

<biblStruct >
	<analytic>
		<title level="a" type="main">Deep neural networks for acoustic modeling in speech recognition: The shared views of four research groups</title>
		<author>
			<persName xmlns="http://www.tei-c.org/ns/1.0"><forename type="first">Geoffrey</forename><surname>Hinton</surname></persName>
		</author>
		<author>
			<persName xmlns="http://www.tei-c.org/ns/1.0"><forename type="first">Li</forename><surname>Deng</surname></persName>
		</author>
		<author>
			<persName xmlns="http://www.tei-c.org/ns/1.0"><forename type="first">Dong</forename><surname>Yu</surname></persName>
		</author>
		<author>
			<persName xmlns="http://www.tei-c.org/ns/1.0"><forename type="first">George</forename><forename type="middle">E</forename><surname>Dahl</surname></persName>
		</author>
		<author>
			<persName xmlns="http://www.tei-c.org/ns/1.0"><forename type="first">Abdel-Rahman</forename><surname>Mohamed</surname></persName>
		</author>
		<author>
			<persName xmlns="http://www.tei-c.org/ns/1.0"><forename type="first">Navdeep</forename><surname>Jaitly</surname></persName>
		</author>
		<author>
			<persName xmlns="http://www.tei-c.org/ns/1.0"><forename type="first">Andrew</forename><surname>Senior</surname></persName>
		</author>
		<author>
			<persName xmlns="http://www.tei-c.org/ns/1.0"><forename type="first">Vincent</forename><surname>Vanhoucke</surname></persName>
		</author>
		<author>
			<persName xmlns="http://www.tei-c.org/ns/1.0"><forename type="first">Patrick</forename><surname>Nguyen</surname></persName>
		</author>
		<author>
			<persName xmlns="http://www.tei-c.org/ns/1.0"><forename type="first">Tara</forename><forename type="middle">N</forename><surname>Sainath</surname></persName>
		</author>
	</analytic>
	<monogr>
		<title level="j">IEEE Signal Processing Magazine</title>
		<imprint>
			<biblScope unit="volume">29</biblScope>
			<biblScope unit="issue">6</biblScope>
			<biblScope unit="page" from="82" to="97" />
			<date type="published" when="2012" />
		</imprint>
	</monogr>
</biblStruct>

<biblStruct >
	<analytic>
		<title level="a" type="main">Training products of experts by minimizing contrastive divergence</title>
		<author>
			<persName xmlns="http://www.tei-c.org/ns/1.0"><surname>Geoffrey E Hinton</surname></persName>
		</author>
	</analytic>
	<monogr>
		<title level="j">Neural computation</title>
		<imprint>
			<biblScope unit="volume">14</biblScope>
			<biblScope unit="issue">8</biblScope>
			<biblScope unit="page" from="1771" to="1800" />
			<date type="published" when="2002" />
		</imprint>
	</monogr>
</biblStruct>

<biblStruct >
	<analytic>
		<title level="a" type="main">Replicated softmax: an undirected topic model</title>
		<author>
			<persName xmlns="http://www.tei-c.org/ns/1.0"><forename type="first">E</forename><surname>Geoffrey</surname></persName>
		</author>
		<author>
			<persName xmlns="http://www.tei-c.org/ns/1.0"><forename type="first">Ruslan R</forename><surname>Hinton</surname></persName>
		</author>
		<author>
			<persName xmlns="http://www.tei-c.org/ns/1.0"><surname>Salakhutdinov</surname></persName>
		</author>
	</analytic>
	<monogr>
		<title level="m">Advances in neural information processing systems</title>
		<imprint>
			<date type="published" when="2009" />
			<biblScope unit="page" from="1607" to="1614" />
		</imprint>
	</monogr>
</biblStruct>

<biblStruct >
	<analytic>
		<title level="a" type="main">Online learning for latent dirichlet allocation</title>
		<author>
			<persName xmlns="http://www.tei-c.org/ns/1.0"><forename type="first">Matthew</forename><surname>Hoffman</surname></persName>
		</author>
		<author>
			<persName xmlns="http://www.tei-c.org/ns/1.0"><forename type="first">Francis</forename><forename type="middle">R</forename><surname>Bach</surname></persName>
		</author>
		<author>
			<persName xmlns="http://www.tei-c.org/ns/1.0"><forename type="first">David</forename><forename type="middle">M</forename><surname>Blei</surname></persName>
		</author>
	</analytic>
	<monogr>
		<title level="m">Advances in Neural Information Processing Systems</title>
		<editor>J. D. Lafferty, C. K. I. Williams, J. ShaweTaylor, R. S. Zemel, and A. Culotta</editor>
		<imprint>
			<publisher>Curran Associates, Inc</publisher>
			<date type="published" when="2010" />
			<biblScope unit="volume">23</biblScope>
			<biblScope unit="page" from="856" to="864" />
		</imprint>
	</monogr>
</biblStruct>

<biblStruct >
	<analytic>
		<title level="a" type="main">Probabilistic latent semantic analysis</title>
		<author>
			<persName xmlns="http://www.tei-c.org/ns/1.0"><forename type="first">Thomas</forename><surname>Hofmann</surname></persName>
		</author>
	</analytic>
	<monogr>
		<title level="m">Proceedings of the Fifteenth conference on Uncertainty in artificial intelligence</title>
		<meeting>the Fifteenth conference on Uncertainty in artificial intelligence</meeting>
		<imprint>
			<publisher>Morgan Kaufmann Publishers Inc</publisher>
			<date type="published" when="1999" />
			<biblScope unit="page" from="289" to="296" />
		</imprint>
	</monogr>
</biblStruct>

<biblStruct >
	<analytic>
		<title level="a" type="main">Convergence analysis of two-layer neural networks with relu activation</title>
		<author>
			<persName xmlns="http://www.tei-c.org/ns/1.0"><forename type="first">Yuanzhi</forename><surname>Li</surname></persName>
		</author>
		<author>
			<persName xmlns="http://www.tei-c.org/ns/1.0"><forename type="first">Yang</forename><surname>Yuan</surname></persName>
		</author>
	</analytic>
	<monogr>
		<title level="m">Advances in Neural Information Processing Systems</title>
		<imprint>
			<date type="published" when="2017" />
			<biblScope unit="page" from="597" to="607" />
		</imprint>
	</monogr>
</biblStruct>

<biblStruct >
	<analytic>
		<title level="a" type="main">The dual-sparse topic model: mining focused topics and focused terms in short text</title>
		<author>
			<persName xmlns="http://www.tei-c.org/ns/1.0"><forename type="first">Tianyi</forename><surname>Lin</surname></persName>
		</author>
		<author>
			<persName xmlns="http://www.tei-c.org/ns/1.0"><forename type="first">Wentao</forename><surname>Tian</surname></persName>
		</author>
		<author>
			<persName xmlns="http://www.tei-c.org/ns/1.0"><forename type="first">Qiaozhu</forename><surname>Mei</surname></persName>
		</author>
		<author>
			<persName xmlns="http://www.tei-c.org/ns/1.0"><forename type="first">Hong</forename><surname>Cheng</surname></persName>
		</author>
	</analytic>
	<monogr>
		<title level="m">Proceedings of the 23rd international conference on World wide web</title>
		<meeting>the 23rd international conference on World wide web</meeting>
		<imprint>
			<publisher>ACM</publisher>
			<date type="published" when="2014" />
			<biblScope unit="page" from="539" to="550" />
		</imprint>
	</monogr>
</biblStruct>

<biblStruct >
	<monogr>
		<title level="m" type="main">End-to-end sequence labeling via bi-directional lstm-cnns-crf</title>
		<author>
			<persName xmlns="http://www.tei-c.org/ns/1.0"><forename type="first">Xuezhe</forename><surname>Ma</surname></persName>
		</author>
		<author>
			<persName xmlns="http://www.tei-c.org/ns/1.0"><forename type="first">Eduard</forename><surname>Hovy</surname></persName>
		</author>
		<idno type="arXiv">arXiv:1603.01354</idno>
		<imprint>
			<date type="published" when="2016" />
		</imprint>
	</monogr>
<note type="report_type">arXiv preprint</note>
</biblStruct>

<biblStruct >
	<analytic>
		<title level="a" type="main">Choice of basis for laplace approximation</title>
		<author>
			<persName xmlns="http://www.tei-c.org/ns/1.0"><forename type="first">J</forename><forename type="middle">C</forename><surname>David</surname></persName>
		</author>
		<author>
			<persName xmlns="http://www.tei-c.org/ns/1.0"><surname>Mackay</surname></persName>
		</author>
	</analytic>
	<monogr>
		<title level="j">Machine learning</title>
		<imprint>
			<biblScope unit="volume">33</biblScope>
			<biblScope unit="issue">1</biblScope>
			<biblScope unit="page" from="77" to="86" />
			<date type="published" when="1998" />
		</imprint>
	</monogr>
</biblStruct>

<biblStruct >
	<analytic>
		<title level="a" type="main">Neural variational inference for text processing</title>
		<author>
			<persName xmlns="http://www.tei-c.org/ns/1.0"><forename type="first">Yishu</forename><surname>Miao</surname></persName>
		</author>
		<author>
			<persName xmlns="http://www.tei-c.org/ns/1.0"><forename type="first">Lei</forename><surname>Yu</surname></persName>
		</author>
		<author>
			<persName xmlns="http://www.tei-c.org/ns/1.0"><forename type="first">Phil</forename><surname>Blunsom</surname></persName>
		</author>
	</analytic>
	<monogr>
		<title level="m">International Conference on Machine Learning</title>
		<imprint>
			<date type="published" when="2016" />
			<biblScope unit="page" from="1727" to="1736" />
		</imprint>
	</monogr>
</biblStruct>

<biblStruct >
	<analytic>
		<title level="a" type="main">Optimizing semantic coherence in topic models</title>
		<author>
			<persName xmlns="http://www.tei-c.org/ns/1.0"><forename type="first">David</forename><surname>Mimno</surname></persName>
		</author>
		<author>
			<persName xmlns="http://www.tei-c.org/ns/1.0"><forename type="first">M</forename><surname>Hanna</surname></persName>
		</author>
		<author>
			<persName xmlns="http://www.tei-c.org/ns/1.0"><forename type="first">Edmund</forename><surname>Wallach</surname></persName>
		</author>
		<author>
			<persName xmlns="http://www.tei-c.org/ns/1.0"><forename type="first">Miriam</forename><surname>Talley</surname></persName>
		</author>
		<author>
			<persName xmlns="http://www.tei-c.org/ns/1.0"><forename type="first">Andrew</forename><surname>Leenders</surname></persName>
		</author>
		<author>
			<persName xmlns="http://www.tei-c.org/ns/1.0"><surname>Mccallum</surname></persName>
		</author>
	</analytic>
	<monogr>
		<title level="m">Proceedings of the conference on empirical methods in natural language processing</title>
		<meeting>the conference on empirical methods in natural language processing</meeting>
		<imprint>
			<publisher>Association for Computational Linguistics</publisher>
			<date type="published" when="2011" />
			<biblScope unit="page" from="262" to="272" />
		</imprint>
	</monogr>
</biblStruct>

<biblStruct >
	<analytic>
		<title level="a" type="main">Automatic evaluation of topic coherence</title>
		<author>
			<persName xmlns="http://www.tei-c.org/ns/1.0"><forename type="first">David</forename><surname>Newman</surname></persName>
		</author>
		<author>
			<persName xmlns="http://www.tei-c.org/ns/1.0"><forename type="first">Jey</forename><forename type="middle">Han</forename><surname>Lau</surname></persName>
		</author>
		<author>
			<persName xmlns="http://www.tei-c.org/ns/1.0"><forename type="first">Karl</forename><surname>Grieser</surname></persName>
		</author>
		<author>
			<persName xmlns="http://www.tei-c.org/ns/1.0"><forename type="first">Timothy</forename><surname>Baldwin</surname></persName>
		</author>
	</analytic>
	<monogr>
		<title level="m">Human Language Technologies: The 2010 Annual Conference of the North American Chapter of the Association for Computational Linguistics</title>
		<imprint>
			<date type="published" when="2010" />
			<biblScope unit="page" from="100" to="108" />
		</imprint>
	</monogr>
	<note>Association for Computational Linguistics</note>
</biblStruct>

<biblStruct >
	<monogr>
		<title level="m" type="main">Pytorch: Tensors and dynamic neural networks in python with strong gpu acceleration</title>
		<author>
			<persName xmlns="http://www.tei-c.org/ns/1.0"><forename type="first">Adam</forename><surname>Paszke</surname></persName>
		</author>
		<author>
			<persName xmlns="http://www.tei-c.org/ns/1.0"><forename type="first">Soumith</forename><surname>Chintala</surname></persName>
		</author>
		<author>
			<persName xmlns="http://www.tei-c.org/ns/1.0"><forename type="first">Ronan</forename><surname>Collobert</surname></persName>
		</author>
		<author>
			<persName xmlns="http://www.tei-c.org/ns/1.0"><forename type="first">Koray</forename><surname>Kavukcuoglu</surname></persName>
		</author>
		<author>
			<persName xmlns="http://www.tei-c.org/ns/1.0"><forename type="first">Clement</forename><surname>Farabet</surname></persName>
		</author>
		<author>
			<persName xmlns="http://www.tei-c.org/ns/1.0"><forename type="first">Samy</forename><surname>Bengio</surname></persName>
		</author>
		<author>
			<persName xmlns="http://www.tei-c.org/ns/1.0"><forename type="first">Iain</forename><surname>Melvin</surname></persName>
		</author>
		<author>
			<persName xmlns="http://www.tei-c.org/ns/1.0"><forename type="first">Jason</forename><surname>Weston</surname></persName>
		</author>
		<author>
			<persName xmlns="http://www.tei-c.org/ns/1.0"><forename type="first">Johnny</forename><surname>Mariethoz</surname></persName>
		</author>
		<imprint>
			<date type="published" when="2017-05" />
		</imprint>
	</monogr>
</biblStruct>

<biblStruct >
	<analytic>
		<title level="a" type="main">Learning to classify short and sparse text &amp; web with hidden topics from largescale data collections</title>
		<author>
			<persName xmlns="http://www.tei-c.org/ns/1.0"><forename type="first">Xuan-Hieu</forename><surname>Phan</surname></persName>
		</author>
		<author>
			<persName xmlns="http://www.tei-c.org/ns/1.0"><forename type="first">Le-Minh</forename><surname>Nguyen</surname></persName>
		</author>
		<author>
			<persName xmlns="http://www.tei-c.org/ns/1.0"><forename type="first">Susumu</forename><surname>Horiguchi</surname></persName>
		</author>
	</analytic>
	<monogr>
		<title level="m">Proceedings of the 17th international conference on World Wide Web</title>
		<meeting>the 17th international conference on World Wide Web</meeting>
		<imprint>
			<publisher>ACM</publisher>
			<date type="published" when="2008" />
			<biblScope unit="page" from="91" to="100" />
		</imprint>
	</monogr>
</biblStruct>

<biblStruct >
	<analytic>
		<title level="a" type="main">Software Framework for Topic Modelling with Large Corpora</title>
		<author>
			<persName xmlns="http://www.tei-c.org/ns/1.0"><forename type="first">Petr</forename><surname>Radimřehůřekradimˇradimřehůřek</surname></persName>
		</author>
		<author>
			<persName xmlns="http://www.tei-c.org/ns/1.0"><surname>Sojka</surname></persName>
		</author>
		<ptr target="http://is.muni.cz/publication/884893/en" />
	</analytic>
	<monogr>
		<title level="m">Proceedings of the LREC 2010 Workshop on New Challenges for NLP Frameworks</title>
		<meeting>the LREC 2010 Workshop on New Challenges for NLP Frameworks</meeting>
		<imprint>
			<publisher>Valletta</publisher>
			<date type="published" when="2010" />
			<biblScope unit="page" from="45" to="50" />
		</imprint>
	</monogr>
</biblStruct>

<biblStruct >
	<analytic>
		<title level="a" type="main">The latent process decomposition of cdna microarray data sets</title>
		<author>
			<persName xmlns="http://www.tei-c.org/ns/1.0"><forename type="first">Simon</forename><surname>Rogers</surname></persName>
		</author>
		<author>
			<persName xmlns="http://www.tei-c.org/ns/1.0"><forename type="first">Mark</forename><surname>Girolami</surname></persName>
		</author>
		<author>
			<persName xmlns="http://www.tei-c.org/ns/1.0"><forename type="first">Colin</forename><surname>Campbell</surname></persName>
		</author>
		<author>
			<persName xmlns="http://www.tei-c.org/ns/1.0"><forename type="first">Rainer</forename><surname>Breitling</surname></persName>
		</author>
	</analytic>
	<monogr>
		<title level="j">IEEE/ACM transactions on computational biology and bioinformatics</title>
		<imprint>
			<biblScope unit="volume">2</biblScope>
			<biblScope unit="issue">2</biblScope>
			<biblScope unit="page" from="143" to="156" />
			<date type="published" when="2005" />
		</imprint>
	</monogr>
</biblStruct>

<biblStruct >
	<monogr>
				<author>
			<persName xmlns="http://www.tei-c.org/ns/1.0"><forename type="first">Akash</forename><surname>Srivastava</surname></persName>
		</author>
		<author>
			<persName xmlns="http://www.tei-c.org/ns/1.0"><forename type="first">Charles</forename><surname>Sutton</surname></persName>
		</author>
		<idno type="arXiv">arXiv:1703.01488</idno>
		<title level="m">Autoencoding variational inference for topic models</title>
		<imprint>
			<date type="published" when="2017" />
		</imprint>
	</monogr>
<note type="report_type">arXiv preprint</note>
</biblStruct>

<biblStruct >
	<monogr>
		<title level="m" type="main">All the news: 143,000 articles from 15 american publications</title>
		<author>
			<persName xmlns="http://www.tei-c.org/ns/1.0"><forename type="first">Andrew</forename><surname>Thompson</surname></persName>
		</author>
		<ptr target="=https://www.kaggle.com/snapcrack/all-the-news" />
		<imprint>
			<date type="published" when="2017" />
		</imprint>
	</monogr>
</biblStruct>

<biblStruct >
	<analytic>
		<title level="a" type="main">Rethinking lda: Why priors matter</title>
		<author>
			<persName xmlns="http://www.tei-c.org/ns/1.0"><forename type="first">David</forename><forename type="middle">M</forename><surname>Hanna M Wallach</surname></persName>
		</author>
		<author>
			<persName xmlns="http://www.tei-c.org/ns/1.0"><forename type="first">Andrew</forename><surname>Mimno</surname></persName>
		</author>
		<author>
			<persName xmlns="http://www.tei-c.org/ns/1.0"><surname>Mccallum</surname></persName>
		</author>
	</analytic>
	<monogr>
		<title level="m">Advances in neural information processing systems</title>
		<imprint>
			<date type="published" when="2009" />
			<biblScope unit="page" from="1973" to="1981" />
		</imprint>
	</monogr>
</biblStruct>

<biblStruct >
	<analytic>
		<title level="a" type="main">Collaborative topic modeling for recommending scientific articles</title>
		<author>
			<persName xmlns="http://www.tei-c.org/ns/1.0"><forename type="first">Chong</forename><surname>Wang</surname></persName>
		</author>
		<author>
			<persName xmlns="http://www.tei-c.org/ns/1.0"><surname>David</surname></persName>
		</author>
		<author>
			<persName xmlns="http://www.tei-c.org/ns/1.0"><surname>Blei</surname></persName>
		</author>
	</analytic>
	<monogr>
		<title level="m">Proceedings of the 17th ACM SIGKDD international conference on Knowledge discovery and data mining</title>
		<meeting>the 17th ACM SIGKDD international conference on Knowledge discovery and data mining</meeting>
		<imprint>
			<publisher>ACM</publisher>
			<date type="published" when="2011" />
			<biblScope unit="page" from="448" to="456" />
		</imprint>
	</monogr>
</biblStruct>

<biblStruct >
	<analytic>
		<title level="a" type="main">Twitterrank: finding topic-sensitive influential twitterers</title>
		<author>
			<persName xmlns="http://www.tei-c.org/ns/1.0"><forename type="first">Jianshu</forename><surname>Weng</surname></persName>
		</author>
		<author>
			<persName xmlns="http://www.tei-c.org/ns/1.0"><forename type="first">Ee-Peng</forename><surname>Lim</surname></persName>
		</author>
		<author>
			<persName xmlns="http://www.tei-c.org/ns/1.0"><forename type="first">Jing</forename><surname>Jiang</surname></persName>
		</author>
		<author>
			<persName xmlns="http://www.tei-c.org/ns/1.0"><forename type="first">Qi</forename><surname>He</surname></persName>
		</author>
	</analytic>
	<monogr>
		<title level="m">Proceedings of the third ACM international conference on Web search and data mining</title>
		<meeting>the third ACM international conference on Web search and data mining</meeting>
		<imprint>
			<publisher>ACM</publisher>
			<date type="published" when="2010" />
			<biblScope unit="page" from="261" to="270" />
		</imprint>
	</monogr>
</biblStruct>

<biblStruct >
	<analytic>
		<title level="a" type="main">A biterm topic model for short texts</title>
		<author>
			<persName xmlns="http://www.tei-c.org/ns/1.0"><forename type="first">Xiaohui</forename><surname>Yan</surname></persName>
		</author>
		<author>
			<persName xmlns="http://www.tei-c.org/ns/1.0"><forename type="first">Jiafeng</forename><surname>Guo</surname></persName>
		</author>
		<author>
			<persName xmlns="http://www.tei-c.org/ns/1.0"><forename type="first">Yanyan</forename><surname>Lan</surname></persName>
		</author>
		<author>
			<persName xmlns="http://www.tei-c.org/ns/1.0"><forename type="first">Xueqi</forename><surname>Cheng</surname></persName>
		</author>
	</analytic>
	<monogr>
		<title level="m">Proceedings of the 22nd international conference on World Wide Web</title>
		<meeting>the 22nd international conference on World Wide Web</meeting>
		<imprint>
			<publisher>ACM</publisher>
			<date type="published" when="2013" />
			<biblScope unit="page" from="1445" to="1456" />
		</imprint>
	</monogr>
</biblStruct>

<biblStruct >
	<monogr>
				<author>
			<persName xmlns="http://www.tei-c.org/ns/1.0"><surname>Matthew D Zeiler</surname></persName>
		</author>
		<idno type="arXiv">arXiv:1212.5701</idno>
		<title level="m">Adadelta: an adaptive learning rate method</title>
		<imprint>
			<date type="published" when="2012" />
		</imprint>
	</monogr>
<note type="report_type">arXiv preprint</note>
</biblStruct>

			</listBibl>
		</back>
	</text>
</TEI>
