<?xml version="1.0" ?>
<TEI xmlns="http://www.tei-c.org/ns/1.0" xmlns:xlink="http://www.w3.org/1999/xlink" 
 xmlns:mml="http://www.w3.org/1998/Math/MathML">
	<teiHeader>
		<fileDesc xml:id="f_965"/>
	</teiHeader>
	<text>
		<front/>
		<body/>
		<back>
			<listBibl>
<biblStruct >
	<analytic>
		<title level="a" type="main">A test of goodness of fit</title>
		<author>
			<persName xmlns="http://www.tei-c.org/ns/1.0"><forename type="first">W</forename><surname>Theodore</surname></persName>
		</author>
		<author>
			<persName xmlns="http://www.tei-c.org/ns/1.0"><forename type="first">Donald A</forename><surname>Anderson</surname></persName>
		</author>
		<author>
			<persName xmlns="http://www.tei-c.org/ns/1.0"><surname>Darling</surname></persName>
		</author>
	</analytic>
	<monogr>
		<title level="j">Journal of the American statistical association</title>
		<imprint>
			<biblScope unit="volume">49</biblScope>
			<biblScope unit="issue">268</biblScope>
			<biblScope unit="page" from="765" to="769" />
			<date type="published" when="1954" />
		</imprint>
	</monogr>
</biblStruct>

<biblStruct >
	<monogr>
		<title level="m" type="main">Web 1T 5gram, 10 European languages version 1. Linguistic Data Consortium</title>
		<author>
			<persName xmlns="http://www.tei-c.org/ns/1.0"><forename type="first">Thorsten</forename><surname>Brants</surname></persName>
		</author>
		<author>
			<persName xmlns="http://www.tei-c.org/ns/1.0"><forename type="first">Alex</forename><surname>Franz</surname></persName>
		</author>
		<imprint>
			<date type="published" when="2009" />
			<pubPlace>Philadelphia</pubPlace>
		</imprint>
	</monogr>
</biblStruct>

<biblStruct >
	<analytic>
		<title level="a" type="main">Revised Selected Papers, chapter The PASCAL Recognising Textual Entailment Challenge</title>
		<author>
			<persName xmlns="http://www.tei-c.org/ns/1.0"><forename type="first">Oren</forename><surname>Ido Dagan</surname></persName>
		</author>
		<author>
			<persName xmlns="http://www.tei-c.org/ns/1.0"><forename type="first">Bernardo</forename><surname>Glickman</surname></persName>
		</author>
		<author>
			<persName xmlns="http://www.tei-c.org/ns/1.0"><surname>Magnini</surname></persName>
		</author>
	</analytic>
	<monogr>
		<title level="m">Machine Learning Challenges. Evaluating Predictive Uncertainty, Visual Object Classification, and Recognising Tectual Entailment: First PASCAL Machine Learning Challenges Workshop, MLCW 2005</title>
		<meeting><address><addrLine>Southampton, UK; Berlin, Heidelberg</addrLine></address></meeting>
		<imprint>
			<publisher>Springer Berlin Heidelberg</publisher>
			<date type="published" when="2005" />
		</imprint>
	</monogr>
</biblStruct>

<biblStruct >
	<analytic>
		<title level="a" type="main">The hitchhiker&apos;s guide to testing statistical significance in natural language processing</title>
		<author>
			<persName xmlns="http://www.tei-c.org/ns/1.0"><forename type="first">Rotem</forename><surname>Dror</surname></persName>
		</author>
		<author>
			<persName xmlns="http://www.tei-c.org/ns/1.0"><forename type="first">Gili</forename><surname>Baumer</surname></persName>
		</author>
		<author>
			<persName xmlns="http://www.tei-c.org/ns/1.0"><forename type="first">Segev</forename><surname>Shlomov</surname></persName>
		</author>
		<author>
			<persName xmlns="http://www.tei-c.org/ns/1.0"><forename type="first">Roi</forename><surname>Reichart</surname></persName>
		</author>
	</analytic>
	<monogr>
		<title level="m">Proceedings of the 56th Annual Meeting of the Association for Computational Linguistics (ACL)</title>
		<meeting>the 56th Annual Meeting of the Association for Computational Linguistics (ACL)</meeting>
		<imprint>
			<date type="published" when="2018" />
			<biblScope unit="page" from="1383" to="1392" />
		</imprint>
	</monogr>
</biblStruct>

<biblStruct >
	<monogr>
		<title/>
		<author>
			<persName xmlns="http://www.tei-c.org/ns/1.0"><forename type="first">Christiane</forename><surname>Fellbaum</surname></persName>
		</author>
		<imprint>
			<date type="published" when="1998" />
			<publisher>Wiley Online Library</publisher>
		</imprint>
	</monogr>
</biblStruct>

<biblStruct >
	<monogr>
		<title level="m" type="main">The design of experiments</title>
		<author>
			<persName xmlns="http://www.tei-c.org/ns/1.0"><forename type="first">Ronald Aylmer</forename><surname>Fisher</surname></persName>
		</author>
		<imprint>
			<date type="published" when="1935" />
		</imprint>
	</monogr>
</biblStruct>

<biblStruct >
	<analytic>
		<title level="a" type="main">PPDB: The paraphrase database</title>
		<author>
			<persName xmlns="http://www.tei-c.org/ns/1.0"><forename type="first">Juri</forename><surname>Ganitkevitch</surname></persName>
		</author>
		<author>
			<persName xmlns="http://www.tei-c.org/ns/1.0"><forename type="first">Benjamin</forename><surname>Van Durme</surname></persName>
		</author>
		<author>
			<persName xmlns="http://www.tei-c.org/ns/1.0"><forename type="first">Chris</forename><surname>Callison-Burch</surname></persName>
		</author>
	</analytic>
	<monogr>
		<title level="m">Proceedings of the 2013 Conference of the North American Chapter of the Association for Computational Linguistics: Human Language Technologies (NAACL HLT)</title>
		<meeting>the 2013 Conference of the North American Chapter of the Association for Computational Linguistics: Human Language Technologies (NAACL HLT)<address><addrLine>Atlanta, Georgia</addrLine></address></meeting>
		<imprint>
			<date type="published" when="2013" />
			<biblScope unit="page" from="758" to="764" />
		</imprint>
	</monogr>
</biblStruct>

<biblStruct >
	<analytic>
		<title level="a" type="main">Adjectives in wordnet</title>
		<author>
			<persName xmlns="http://www.tei-c.org/ns/1.0"><forename type="first">Derek</forename><surname>Gross</surname></persName>
		</author>
		<author>
			<persName xmlns="http://www.tei-c.org/ns/1.0"><forename type="first">Katherine</forename><forename type="middle">J</forename><surname>Miller</surname></persName>
		</author>
	</analytic>
	<monogr>
		<title level="j">International Journal of lexicography</title>
		<imprint>
			<biblScope unit="volume">3</biblScope>
			<biblScope unit="issue">4</biblScope>
			<biblScope unit="page" from="265" to="277" />
			<date type="published" when="1990" />
		</imprint>
	</monogr>
</biblStruct>

<biblStruct >
	<analytic>
		<title level="a" type="main">Towards the automatic identification of adjectival scales: Clustering adjectives according to meaning</title>
		<author>
			<persName xmlns="http://www.tei-c.org/ns/1.0"><forename type="first">Vasileios</forename><surname>Hatzivassiloglou</surname></persName>
		</author>
		<author>
			<persName xmlns="http://www.tei-c.org/ns/1.0"><forename type="first">Kathleen</forename><forename type="middle">R</forename><surname>Mckeown</surname></persName>
		</author>
	</analytic>
	<monogr>
		<title level="m">Proceedings of the 31st Annual Meeting on Association for Computational Linguistics (ACL)</title>
		<meeting>the 31st Annual Meeting on Association for Computational Linguistics (ACL)<address><addrLine>Columbus, Ohio</addrLine></address></meeting>
		<imprint>
			<date type="published" when="1993" />
			<biblScope unit="page" from="172" to="182" />
		</imprint>
	</monogr>
</biblStruct>

<biblStruct >
	<analytic>
		<title level="a" type="main">Automatic acquisition of hyponyms from large text corpora</title>
		<author>
			<persName xmlns="http://www.tei-c.org/ns/1.0"><surname>Marti A Hearst</surname></persName>
		</author>
	</analytic>
	<monogr>
		<title level="m">Proceedings of the 14th conference on Computational linguistics</title>
		<meeting>the 14th conference on Computational linguistics<address><addrLine>Nantes, France</addrLine></address></meeting>
		<imprint>
			<date type="published" when="1992" />
			<biblScope unit="volume">2</biblScope>
			<biblScope unit="page" from="539" to="545" />
		</imprint>
	</monogr>
</biblStruct>

<biblStruct >
	<analytic>
		<title level="a" type="main">Prototype theory and compositionality</title>
		<author>
			<persName xmlns="http://www.tei-c.org/ns/1.0"><forename type="first">Hans</forename><surname>Kamp</surname></persName>
		</author>
		<author>
			<persName xmlns="http://www.tei-c.org/ns/1.0"><forename type="first">Barbara</forename><surname>Partee</surname></persName>
		</author>
	</analytic>
	<monogr>
		<title level="j">Cognition</title>
		<imprint>
			<biblScope unit="volume">57</biblScope>
			<biblScope unit="issue">2</biblScope>
			<biblScope unit="page" from="129" to="191" />
			<date type="published" when="1995" />
		</imprint>
	</monogr>
</biblStruct>

<biblStruct >
	<analytic>
		<title level="a" type="main">Deriving adjectival scales from continuous space word representations</title>
		<author>
			<persName xmlns="http://www.tei-c.org/ns/1.0"><forename type="first">Joo-Kyung</forename><surname>Kim</surname></persName>
		</author>
		<author>
			<persName xmlns="http://www.tei-c.org/ns/1.0"><forename type="first">Marie-Catherine</forename><surname>De Marneffe</surname></persName>
		</author>
	</analytic>
	<monogr>
		<title level="m">Proceedings of the 2013 Conference on Empirical Methods in Natural Language Processing (EMNLP)</title>
		<meeting>the 2013 Conference on Empirical Methods in Natural Language Processing (EMNLP)<address><addrLine>Seattle, Washington</addrLine></address></meeting>
		<imprint>
			<date type="published" when="2013" />
			<biblScope unit="page" from="1625" to="1630" />
		</imprint>
	</monogr>
</biblStruct>

<biblStruct >
	<analytic>
		<title level="a" type="main">Learning the meaning of scalar adjectives</title>
		<author>
			<persName xmlns="http://www.tei-c.org/ns/1.0"><forename type="first">Marie-Catherine</forename><surname>De Marneffe</surname></persName>
		</author>
		<author>
			<persName xmlns="http://www.tei-c.org/ns/1.0"><forename type="first">Christopher</forename><forename type="middle">D</forename><surname>Manning</surname></persName>
		</author>
		<author>
			<persName xmlns="http://www.tei-c.org/ns/1.0"><forename type="first">Christopher</forename><surname>Potts</surname></persName>
		</author>
	</analytic>
	<monogr>
		<title level="m">Proceedings of the 48th Annual Meeting of the Association for Computational Linguistics (ACL)</title>
		<meeting>the 48th Annual Meeting of the Association for Computational Linguistics (ACL)<address><addrLine>Uppsala, Sweden</addrLine></address></meeting>
		<imprint>
			<date type="published" when="2010" />
			<biblScope unit="page" from="167" to="176" />
		</imprint>
	</monogr>
	<note>Was it good? It was provocative</note>
</biblStruct>

<biblStruct >
	<analytic>
		<title level="a" type="main">Good, great, excellent: Global inference of semantic intensities</title>
		<author>
			<persName xmlns="http://www.tei-c.org/ns/1.0"><forename type="first">Mohit</forename><surname>Gerard De Melo</surname></persName>
		</author>
		<author>
			<persName xmlns="http://www.tei-c.org/ns/1.0"><surname>Bansal</surname></persName>
		</author>
	</analytic>
	<monogr>
		<title level="j">Transactions of the Association for Computational Linguistics</title>
		<imprint>
			<biblScope unit="volume">1</biblScope>
			<biblScope unit="page" from="279" to="290" />
			<date type="published" when="2013" />
		</imprint>
	</monogr>
</biblStruct>

<biblStruct >
	<analytic>
		<title level="a" type="main">Wordnet: A lexical database for english</title>
		<author>
			<persName xmlns="http://www.tei-c.org/ns/1.0"><forename type="first">George</forename><forename type="middle">A</forename><surname>Miller</surname></persName>
		</author>
	</analytic>
	<monogr>
		<title level="j">Commun. ACM</title>
		<imprint>
			<biblScope unit="volume">38</biblScope>
			<biblScope unit="issue">11</biblScope>
			<biblScope unit="page" from="39" to="41" />
			<date type="published" when="1995" />
		</imprint>
	</monogr>
</biblStruct>

<biblStruct >
	<monogr>
		<title level="m" type="main">Modification</title>
		<author>
			<persName xmlns="http://www.tei-c.org/ns/1.0"><forename type="first">Marcin</forename><surname>Morzycki</surname></persName>
		</author>
		<imprint>
			<date type="published" when="2015" />
			<publisher>Cambridge University Press</publisher>
		</imprint>
	</monogr>
</biblStruct>

<biblStruct >
	<monogr>
		<title level="m" type="main">Opinion mining and sentiment analysis. Foundations and Trends in Information Retrieval</title>
		<author>
			<persName xmlns="http://www.tei-c.org/ns/1.0"><forename type="first">Bo</forename><surname>Pang</surname></persName>
		</author>
		<author>
			<persName xmlns="http://www.tei-c.org/ns/1.0"><forename type="first">Lillian</forename><surname>Lee</surname></persName>
		</author>
		<imprint>
			<date type="published" when="2008" />
			<biblScope unit="volume">2</biblScope>
			<biblScope unit="page" from="1" to="135" />
		</imprint>
	</monogr>
</biblStruct>

<biblStruct >
	<analytic>
		<title level="a" type="main">PPDB 2.0: Better paraphrase ranking, finegrained entailment relations, word embeddings, and style classification</title>
		<author>
			<persName xmlns="http://www.tei-c.org/ns/1.0"><forename type="first">Ellie</forename><surname>Pavlick</surname></persName>
		</author>
		<author>
			<persName xmlns="http://www.tei-c.org/ns/1.0"><forename type="first">Pushpendre</forename><surname>Rastogi</surname></persName>
		</author>
		<author>
			<persName xmlns="http://www.tei-c.org/ns/1.0"><forename type="first">Juri</forename><surname>Ganitkevitch</surname></persName>
		</author>
		<author>
			<persName xmlns="http://www.tei-c.org/ns/1.0"><forename type="first">Benjamin</forename><surname>Van Durme</surname></persName>
		</author>
		<author>
			<persName xmlns="http://www.tei-c.org/ns/1.0"><forename type="first">Chris</forename><surname>Callison-Burch</surname></persName>
		</author>
	</analytic>
	<monogr>
		<title level="m">Proceedings of the 53rd Annual Meeting of the Association for Computational Linguistics and the 7th International Joint Conference on Natural Language Processing (ACL)</title>
		<meeting>the 53rd Annual Meeting of the Association for Computational Linguistics and the 7th International Joint Conference on Natural Language Processing (ACL)<address><addrLine>Beijing, China</addrLine></address></meeting>
		<imprint>
			<publisher>Short Papers</publisher>
			<date type="published" when="2015" />
			<biblScope unit="page" from="425" to="430" />
		</imprint>
	</monogr>
</biblStruct>

<biblStruct >
	<analytic>
		<title level="a" type="main">A generic approach to generate opinion lists of phrases for opinion mining applications</title>
		<author>
			<persName xmlns="http://www.tei-c.org/ns/1.0"><forename type="first">J</forename><surname>Sven Rill</surname></persName>
		</author>
		<author>
			<persName xmlns="http://www.tei-c.org/ns/1.0"><forename type="first">Johannes</forename><surname>Scheidt</surname></persName>
		</author>
		<author>
			<persName xmlns="http://www.tei-c.org/ns/1.0"><forename type="first">Oliver</forename><surname>Drescher</surname></persName>
		</author>
		<author>
			<persName xmlns="http://www.tei-c.org/ns/1.0"><forename type="first">Dirk</forename><surname>Schütz</surname></persName>
		</author>
		<author>
			<persName xmlns="http://www.tei-c.org/ns/1.0"><forename type="first">Florian</forename><surname>Reinel</surname></persName>
		</author>
		<author>
			<persName xmlns="http://www.tei-c.org/ns/1.0"><surname>Wogenstein</surname></persName>
		</author>
	</analytic>
	<monogr>
		<title level="m">Proceedings of the First International Workshop on Issues of Sentiment Discovery and Opinion Mining (WISDOM)</title>
		<meeting>the First International Workshop on Issues of Sentiment Discovery and Opinion Mining (WISDOM)<address><addrLine>Beijing, China</addrLine></address></meeting>
		<imprint>
			<date type="published" when="2012" />
		</imprint>
	</monogr>
</biblStruct>

<biblStruct >
	<analytic>
		<title level="a" type="main">Ordering adverbs by their scaling effect on adjective intensity</title>
		<author>
			<persName xmlns="http://www.tei-c.org/ns/1.0"><forename type="first">Josef</forename><surname>Ruppenhofer</surname></persName>
		</author>
		<author>
			<persName xmlns="http://www.tei-c.org/ns/1.0"><forename type="first">Jasper</forename><surname>Brandes</surname></persName>
		</author>
		<author>
			<persName xmlns="http://www.tei-c.org/ns/1.0"><forename type="first">Petra</forename><surname>Steiner</surname></persName>
		</author>
		<author>
			<persName xmlns="http://www.tei-c.org/ns/1.0"><forename type="first">Michael</forename><surname>Wiegand</surname></persName>
		</author>
	</analytic>
	<monogr>
		<title level="m">Proceedings of the International Conference Recent Advances in Natural Language Processing</title>
		<meeting>the International Conference Recent Advances in Natural Language Processing<address><addrLine>Hissar, Bulgaria</addrLine></address></meeting>
		<imprint>
			<date type="published" when="2015" />
			<biblScope unit="page" from="545" to="554" />
		</imprint>
	</monogr>
</biblStruct>

<biblStruct >
	<analytic>
		<title level="a" type="main">Comparing methods for deriving intensity scores for adjectives</title>
		<author>
			<persName xmlns="http://www.tei-c.org/ns/1.0"><forename type="first">Josef</forename><surname>Ruppenhofer</surname></persName>
		</author>
		<author>
			<persName xmlns="http://www.tei-c.org/ns/1.0"><forename type="first">Michael</forename><surname>Wiegand</surname></persName>
		</author>
		<author>
			<persName xmlns="http://www.tei-c.org/ns/1.0"><forename type="first">Jasper</forename><surname>Brandes</surname></persName>
		</author>
	</analytic>
	<monogr>
		<title level="m">Proceedings of the 14th Conference of the European Chapter of the Association for Computational Linguistics (EACL)</title>
		<meeting>the 14th Conference of the European Chapter of the Association for Computational Linguistics (EACL)<address><addrLine>Gothenburg, Sweden</addrLine></address></meeting>
		<imprint>
			<date type="published" when="2014" />
		</imprint>
	</monogr>
</biblStruct>

<biblStruct >
	<analytic>
		<title level="a" type="main">Adjective intensity and sentiment analysis</title>
		<author>
			<persName xmlns="http://www.tei-c.org/ns/1.0"><forename type="first">Raksha</forename><surname>Sharma</surname></persName>
		</author>
		<author>
			<persName xmlns="http://www.tei-c.org/ns/1.0"><forename type="first">Mohit</forename><surname>Gupta</surname></persName>
		</author>
		<author>
			<persName xmlns="http://www.tei-c.org/ns/1.0"><forename type="first">Astha</forename><surname>Agarwal</surname></persName>
		</author>
		<author>
			<persName xmlns="http://www.tei-c.org/ns/1.0"><forename type="first">Pushpak</forename><surname>Bhattacharyya</surname></persName>
		</author>
	</analytic>
	<monogr>
		<title level="m">Proceedings of the 2015 Conference on Empirical Methods for Natural Language Processing</title>
		<meeting>the 2015 Conference on Empirical Methods for Natural Language Processing<address><addrLine>Lisbon, Portugal</addrLine></address></meeting>
		<imprint>
			<date type="published" when="2015" />
		</imprint>
	</monogr>
</biblStruct>

<biblStruct >
	<monogr>
		<title level="m" type="main">Large, huge or gigantic? Identifying and encoding intensity relations among adjectives in WordNet. Language resources and evaluation</title>
		<author>
			<persName xmlns="http://www.tei-c.org/ns/1.0"><forename type="first">Vera</forename><surname>Sheinman</surname></persName>
		</author>
		<author>
			<persName xmlns="http://www.tei-c.org/ns/1.0"><forename type="first">Christiane</forename><surname>Fellbaum</surname></persName>
		</author>
		<author>
			<persName xmlns="http://www.tei-c.org/ns/1.0"><forename type="first">Isaac</forename><surname>Julien</surname></persName>
		</author>
		<imprint>
			<date type="published" when="2013" />
			<biblScope unit="volume">47</biblScope>
			<biblScope unit="page" from="797" to="816" />
		</imprint>
	</monogr>
	<note>Peter Schulam, and Takenobu Tokunaga</note>
</biblStruct>

<biblStruct >
	<analytic>
		<title level="a" type="main">Adjscales: Visualizing differences between adjectives for language learners</title>
		<author>
			<persName xmlns="http://www.tei-c.org/ns/1.0"><forename type="first">Vera</forename><surname>Sheinman</surname></persName>
		</author>
		<author>
			<persName xmlns="http://www.tei-c.org/ns/1.0"><forename type="first">Takenobu</forename><surname>Tokunaga</surname></persName>
		</author>
	</analytic>
	<monogr>
		<title level="j">IEICE TRANSACTIONS on Information and Systems</title>
		<imprint>
			<biblScope unit="volume">92</biblScope>
			<biblScope unit="issue">8</biblScope>
			<biblScope unit="page" from="1542" to="1550" />
			<date type="published" when="2009" />
		</imprint>
	</monogr>
</biblStruct>

<biblStruct >
	<analytic>
		<title level="a" type="main">Corpus-based discovery of semantic intensity scales</title>
		<author>
			<persName xmlns="http://www.tei-c.org/ns/1.0"><forename type="first">P</forename><surname>Chaitanya</surname></persName>
		</author>
		<author>
			<persName xmlns="http://www.tei-c.org/ns/1.0"><forename type="first">Marie-Catherine</forename><surname>Shivade</surname></persName>
		</author>
		<author>
			<persName xmlns="http://www.tei-c.org/ns/1.0"><forename type="first">Eric</forename><surname>De Marneffe</surname></persName>
		</author>
		<author>
			<persName xmlns="http://www.tei-c.org/ns/1.0"><forename type="first">Albert</forename><forename type="middle">M</forename><surname>Fosler-Lussier</surname></persName>
		</author>
		<author>
			<persName xmlns="http://www.tei-c.org/ns/1.0"><surname>Lai</surname></persName>
		</author>
	</analytic>
	<monogr>
		<title level="m">Proceedings of the 2015 Conference of the North American Chapter of the Association for Computational Linguistics Human Language Technologies (NAACL HLT)</title>
		<meeting>the 2015 Conference of the North American Chapter of the Association for Computational Linguistics Human Language Technologies (NAACL HLT)<address><addrLine>Denver, Colorado</addrLine></address></meeting>
		<imprint>
			<date type="published" when="2015" />
			<biblScope unit="page" from="483" to="493" />
		</imprint>
	</monogr>
</biblStruct>

<biblStruct >
	<analytic>
		<title level="a" type="main">Lexicon-based methods for sentiment analysis</title>
		<author>
			<persName xmlns="http://www.tei-c.org/ns/1.0"><forename type="first">Maite</forename><surname>Taboada</surname></persName>
		</author>
		<author>
			<persName xmlns="http://www.tei-c.org/ns/1.0"><forename type="first">Julian</forename><surname>Brooke</surname></persName>
		</author>
		<author>
			<persName xmlns="http://www.tei-c.org/ns/1.0"><forename type="first">Milan</forename><surname>Tofiloski</surname></persName>
		</author>
		<author>
			<persName xmlns="http://www.tei-c.org/ns/1.0"><forename type="first">Kimberly</forename><surname>Voll</surname></persName>
		</author>
		<author>
			<persName xmlns="http://www.tei-c.org/ns/1.0"><forename type="first">Manfred</forename><surname>Stede</surname></persName>
		</author>
	</analytic>
	<monogr>
		<title level="j">Computational linguistics</title>
		<imprint>
			<biblScope unit="volume">37</biblScope>
			<biblScope unit="issue">2</biblScope>
			<biblScope unit="page" from="267" to="307" />
			<date type="published" when="2011" />
		</imprint>
	</monogr>
</biblStruct>

<biblStruct >
	<monogr>
		<title level="m" type="main">Identifying and Ordering Scalar Adjectives Using Lexical Substitution</title>
		<author>
			<persName xmlns="http://www.tei-c.org/ns/1.0"><forename type="first">Bryan</forename><surname>Wilkinson</surname></persName>
		</author>
		<imprint>
			<date type="published" when="2017" />
			<pubPlace>Baltimore County</pubPlace>
		</imprint>
		<respStmt>
			<orgName>University of Maryland</orgName>
		</respStmt>
	</monogr>
<note type="report_type">Ph.D. thesis</note>
</biblStruct>

<biblStruct >
	<analytic>
		<title level="a" type="main">A gold standard for scalar adjectives</title>
		<author>
			<persName xmlns="http://www.tei-c.org/ns/1.0"><forename type="first">Bryan</forename><surname>Wilkinson</surname></persName>
		</author>
		<author>
			<persName xmlns="http://www.tei-c.org/ns/1.0"><forename type="first">Tim</forename><surname>Oates</surname></persName>
		</author>
	</analytic>
	<monogr>
		<title level="m">Proceedings of the Tenth International Conference on Language Resources and Evaluation (LREC)</title>
		<meeting>the Tenth International Conference on Language Resources and Evaluation (LREC)<address><addrLine>Portoro, Slovenia</addrLine></address></meeting>
		<imprint>
			<date type="published" when="2016" />
		</imprint>
	</monogr>
</biblStruct>

			</listBibl>
		</back>
	</text>
</TEI>
