<?xml version="1.0" ?>
<TEI xmlns="http://www.tei-c.org/ns/1.0" xmlns:xlink="http://www.w3.org/1999/xlink" 
 xmlns:mml="http://www.w3.org/1998/Math/MathML">
	<teiHeader>
		<fileDesc xml:id="f_1380"/>
	</teiHeader>
	<text>
		<front/>
		<body/>
		<back>
			<listBibl>
<biblStruct >
	<analytic>
		<title level="a" type="main">Alzheimer&apos;s &amp; dementia : the journal of the</title>
	</analytic>
	<monogr>
		<title level="j">Alzheimer&apos;s Association</title>
		<imprint>
			<biblScope unit="volume">13</biblScope>
			<biblScope unit="issue">4</biblScope>
			<biblScope unit="page" from="325" to="373" />
			<date type="published" when="2018" />
		</imprint>
	</monogr>
	<note>Alzheimer&apos;s disease facts and figures</note>
</biblStruct>

<biblStruct >
	<analytic>
		<title level="a" type="main">Alzheimer&apos;s disease</title>
		<author>
			<persName xmlns="http://www.tei-c.org/ns/1.0"><forename type="first">Clive</forename><surname>Ballard</surname></persName>
		</author>
		<author>
			<persName xmlns="http://www.tei-c.org/ns/1.0"><forename type="first">Serge</forename><surname>Gauthier</surname></persName>
		</author>
		<author>
			<persName xmlns="http://www.tei-c.org/ns/1.0"><forename type="first">Anne</forename><surname>Corbett</surname></persName>
		</author>
		<author>
			<persName xmlns="http://www.tei-c.org/ns/1.0"><forename type="first">Carol</forename><surname>Brayne</surname></persName>
		</author>
		<author>
			<persName xmlns="http://www.tei-c.org/ns/1.0"><forename type="first">Dag</forename><surname>Aarsland</surname></persName>
		</author>
		<author>
			<persName xmlns="http://www.tei-c.org/ns/1.0"><forename type="first">Emma</forename><surname>Jones</surname></persName>
		</author>
	</analytic>
	<monogr>
		<title level="j">Lancet</title>
		<imprint>
			<biblScope unit="volume">377</biblScope>
			<biblScope unit="issue">9770</biblScope>
			<biblScope unit="page" from="1019" to="1050" />
			<date type="published" when="2011" />
		</imprint>
	</monogr>
</biblStruct>

<biblStruct >
	<analytic>
		<title level="a" type="main">The Natural History of Alzheimer&apos;s Disease: Description of Study Cohort and Accuracy of Diagnosis</title>
		<author>
			<persName xmlns="http://www.tei-c.org/ns/1.0"><forename type="first">James</forename><forename type="middle">T</forename><surname>Becker</surname></persName>
		</author>
		<author>
			<persName xmlns="http://www.tei-c.org/ns/1.0"><forename type="first">Francois</forename><surname>Boller</surname></persName>
		</author>
		<author>
			<persName xmlns="http://www.tei-c.org/ns/1.0"><forename type="first">Oscar</forename><forename type="middle">I</forename><surname>Lopez</surname></persName>
		</author>
		<author>
			<persName xmlns="http://www.tei-c.org/ns/1.0"><forename type="first">Judith</forename><surname>Saxton</surname></persName>
		</author>
		<author>
			<persName xmlns="http://www.tei-c.org/ns/1.0"><forename type="first">Karen</forename><forename type="middle">L</forename><surname>Mcgonigle</surname></persName>
		</author>
	</analytic>
	<monogr>
		<title level="j">Archives of Neurology</title>
		<imprint>
			<biblScope unit="volume">51</biblScope>
			<biblScope unit="issue">6</biblScope>
			<biblScope unit="page" from="585" to="594" />
			<date type="published" when="1994" />
		</imprint>
	</monogr>
</biblStruct>

<biblStruct >
	<analytic>
		<title level="a" type="main">Learning Multiview Embeddings of Twitter Users</title>
		<author>
			<persName xmlns="http://www.tei-c.org/ns/1.0"><forename type="first">Adrian</forename><surname>Benton</surname></persName>
		</author>
		<author>
			<persName xmlns="http://www.tei-c.org/ns/1.0"><forename type="first">Raman</forename><surname>Arora</surname></persName>
		</author>
		<author>
			<persName xmlns="http://www.tei-c.org/ns/1.0"><forename type="first">Mark</forename><surname>Dredze</surname></persName>
		</author>
	</analytic>
	<monogr>
		<title level="m">Proceedings of the 54th Annual Meeting of the Association for Computational Linguistics</title>
		<meeting>the 54th Annual Meeting of the Association for Computational Linguistics<address><addrLine>Stroudsburg, PA, USA</addrLine></address></meeting>
		<imprint>
			<publisher>Association for Computational Linguistics</publisher>
			<date type="published" when="2016" />
			<biblScope unit="volume">2</biblScope>
			<biblScope unit="page" from="14" to="19" />
		</imprint>
	</monogr>
</biblStruct>

<biblStruct >
	<monogr>
				<author>
			<persName xmlns="http://www.tei-c.org/ns/1.0"><forename type="first">Adrian</forename><surname>Benton</surname></persName>
		</author>
		<author>
			<persName xmlns="http://www.tei-c.org/ns/1.0"><forename type="first">Huda</forename><surname>Khayrallah</surname></persName>
		</author>
		<author>
			<persName xmlns="http://www.tei-c.org/ns/1.0"><forename type="first">Biman</forename><surname>Gujral</surname></persName>
		</author>
		<author>
			<persName xmlns="http://www.tei-c.org/ns/1.0"><forename type="first">Dee</forename><forename type="middle">Ann</forename><surname>Reisinger</surname></persName>
		</author>
		<author>
			<persName xmlns="http://www.tei-c.org/ns/1.0"><forename type="first">Sheng</forename><surname>Zhang</surname></persName>
		</author>
		<author>
			<persName xmlns="http://www.tei-c.org/ns/1.0"><forename type="first">Raman</forename><surname>Arora</surname></persName>
		</author>
		<idno type="arXiv">arXiv:1702.02519</idno>
		<title level="m">Deep Generalized Canonical Correlation Analysis</title>
		<imprint>
			<date type="published" when="2017" />
		</imprint>
	</monogr>
<note type="report_type">arXiv preprint</note>
</biblStruct>

<biblStruct >
	<analytic>
		<title level="a" type="main">Latent Dirichlet allocation</title>
		<author>
			<persName xmlns="http://www.tei-c.org/ns/1.0"><forename type="first">David</forename><forename type="middle">M</forename><surname>Blei</surname></persName>
		</author>
		<author>
			<persName xmlns="http://www.tei-c.org/ns/1.0"><forename type="first">Andrew</forename><forename type="middle">Y</forename><surname>Ng</surname></persName>
		</author>
		<author>
			<persName xmlns="http://www.tei-c.org/ns/1.0"><forename type="first">Michael I Jordan</forename></persName>
		</author>
	</analytic>
	<monogr>
		<title level="j">Journal of Machine Learning Research</title>
		<imprint>
			<biblScope unit="volume">3</biblScope>
			<biblScope unit="page" from="993" to="1022" />
			<date type="published" when="2003" />
		</imprint>
	</monogr>
</biblStruct>

<biblStruct >
	<analytic>
		<title level="a" type="main">Mini-mental state&quot;. A practical method for grading the cognitive state of patients for the clinician</title>
		<author>
			<persName xmlns="http://www.tei-c.org/ns/1.0"><forename type="first">Marshal</forename><forename type="middle">F</forename><surname>Folstein</surname></persName>
		</author>
		<author>
			<persName xmlns="http://www.tei-c.org/ns/1.0"><forename type="first">Susan</forename><forename type="middle">E</forename><surname>Folstein</surname></persName>
		</author>
		<author>
			<persName xmlns="http://www.tei-c.org/ns/1.0"><forename type="first">Paul</forename><forename type="middle">R</forename><surname>Mchugh</surname></persName>
		</author>
	</analytic>
	<monogr>
		<title level="j">Journal of Psychiatric research</title>
		<imprint>
			<biblScope unit="volume">12</biblScope>
			<biblScope unit="issue">3</biblScope>
			<biblScope unit="page" from="189" to="198" />
			<date type="published" when="1975" />
		</imprint>
	</monogr>
</biblStruct>

<biblStruct >
	<analytic>
		<title level="a" type="main">Linguistic features identify Alzheimer&apos;s disease in narrative speech</title>
		<author>
			<persName xmlns="http://www.tei-c.org/ns/1.0"><forename type="first">Kathleen</forename><forename type="middle">C</forename><surname>Fraser</surname></persName>
		</author>
		<author>
			<persName xmlns="http://www.tei-c.org/ns/1.0"><forename type="first">Jed</forename><forename type="middle">A</forename><surname>Meltzer</surname></persName>
		</author>
		<author>
			<persName xmlns="http://www.tei-c.org/ns/1.0"><forename type="first">Frank</forename><surname>Rudzicz</surname></persName>
		</author>
	</analytic>
	<monogr>
		<title level="j">Journal of Alzheimer&apos;s Disease</title>
		<imprint>
			<biblScope unit="volume">49</biblScope>
			<biblScope unit="issue">2</biblScope>
			<biblScope unit="page" from="407" to="422" />
			<date type="published" when="2015" />
		</imprint>
	</monogr>
</biblStruct>

<biblStruct >
	<analytic>
		<title level="a" type="main">Age-ofacquisition, imagery, concreteness, familiarity, and ambiguity measures for 1,944 words. Behavior Research</title>
		<author>
			<persName xmlns="http://www.tei-c.org/ns/1.0"><forename type="first">K</forename><forename type="middle">J</forename><surname>Gilhooly</surname></persName>
		</author>
		<author>
			<persName xmlns="http://www.tei-c.org/ns/1.0"><forename type="first">R</forename><forename type="middle">H</forename><surname>Logie</surname></persName>
		</author>
	</analytic>
	<monogr>
		<title level="j">Methods &amp; Instrumentation</title>
		<imprint>
			<biblScope unit="volume">12</biblScope>
			<biblScope unit="issue">4</biblScope>
			<biblScope unit="page" from="395" to="427" />
			<date type="published" when="1980" />
		</imprint>
	</monogr>
</biblStruct>

<biblStruct >
	<monogr>
		<title level="m" type="main">Boston Diagnostic Aphasia Examination</title>
		<author>
			<persName xmlns="http://www.tei-c.org/ns/1.0"><forename type="first">Harold</forename><surname>Goodglass</surname></persName>
		</author>
		<author>
			<persName xmlns="http://www.tei-c.org/ns/1.0"><forename type="first">Edith</forename><surname>Kaplan</surname></persName>
		</author>
		<imprint>
			<date type="published" when="1983" />
		</imprint>
	</monogr>
</biblStruct>

<biblStruct >
	<analytic>
		<title level="a" type="main">Computer-based evaluation of Alzheimer&apos;s disease and mild cognitive impairment patients during a picture description task</title>
		<author>
			<persName xmlns="http://www.tei-c.org/ns/1.0"><forename type="first">Laura</forename><surname>Hernández-Domínguez</surname></persName>
		</author>
		<author>
			<persName xmlns="http://www.tei-c.org/ns/1.0"><forename type="first">Sylvie</forename><surname>Ratté</surname></persName>
		</author>
		<author>
			<persName xmlns="http://www.tei-c.org/ns/1.0"><forename type="first">Gerardo</forename><surname>Sierra-Martínez</surname></persName>
		</author>
		<author>
			<persName xmlns="http://www.tei-c.org/ns/1.0"><forename type="first">Andrés</forename><surname>Roche-Bergua</surname></persName>
		</author>
	</analytic>
	<monogr>
		<title level="j">Assessment &amp; Disease Monitoring</title>
		<imprint>
			<biblScope unit="volume">10</biblScope>
			<biblScope unit="page" from="260" to="268" />
			<date type="published" when="2018" />
		</imprint>
	</monogr>
	<note>Alzheimer&apos;s &amp; Dementia: Diagnosis</note>
</biblStruct>

<biblStruct >
	<analytic>
		<title level="a" type="main">Longitudinal clinical score prediction in Alzheimer&apos;s disease with softsplit sparse regression based random forest</title>
		<author>
			<persName xmlns="http://www.tei-c.org/ns/1.0"><forename type="first">Lei</forename><surname>Huang</surname></persName>
		</author>
		<author>
			<persName xmlns="http://www.tei-c.org/ns/1.0"><forename type="first">Yan</forename><surname>Jin</surname></persName>
		</author>
		<author>
			<persName xmlns="http://www.tei-c.org/ns/1.0"><forename type="first">Yaozong</forename><surname>Gao</surname></persName>
		</author>
		<author>
			<persName xmlns="http://www.tei-c.org/ns/1.0"><forename type="first">Kim-Han</forename><surname>Thung</surname></persName>
		</author>
		<author>
			<persName xmlns="http://www.tei-c.org/ns/1.0"><forename type="first">Dinggang</forename><surname>Shen</surname></persName>
		</author>
	</analytic>
	<monogr>
		<title level="j">Neurobiology of Aging</title>
		<imprint>
			<biblScope unit="volume">46</biblScope>
			<biblScope unit="page" from="180" to="191" />
			<date type="published" when="2016" />
		</imprint>
	</monogr>
</biblStruct>

<biblStruct >
	<analytic>
		<title level="a" type="main">Association for the Advancement of Artificial Intelligence</title>
		<author>
			<persName xmlns="http://www.tei-c.org/ns/1.0"><forename type="first">Hector</forename><forename type="middle">J</forename><surname>Levesque</surname></persName>
		</author>
		<author>
			<persName xmlns="http://www.tei-c.org/ns/1.0"><forename type="first">Ernest</forename><surname>Davis</surname></persName>
		</author>
		<author>
			<persName xmlns="http://www.tei-c.org/ns/1.0"><forename type="first">Leora</forename><surname>Morgenstern</surname></persName>
		</author>
	</analytic>
	<monogr>
		<title level="m">AAAI spring symposium: Logical formalizations of commonsense reasoning</title>
		<imprint>
			<publisher>AAAI</publisher>
			<date type="published" when="2011" />
			<biblScope unit="volume">46</biblScope>
			<biblScope unit="page">47</biblScope>
		</imprint>
	</monogr>
	<note>The Winograd schema challenge</note>
</biblStruct>

<biblStruct >
	<analytic>
		<title level="a" type="main">WordNet: a lexical database for English</title>
		<author>
			<persName xmlns="http://www.tei-c.org/ns/1.0"><forename type="first">George</forename><forename type="middle">A</forename><surname>Miller</surname></persName>
		</author>
	</analytic>
	<monogr>
		<title level="j">Communications of the Association for Computing Machinery</title>
		<imprint>
			<biblScope unit="volume">38</biblScope>
			<biblScope unit="issue">11</biblScope>
			<biblScope unit="page" from="39" to="41" />
			<date type="published" when="1995" />
		</imprint>
	</monogr>
</biblStruct>

<biblStruct >
	<analytic>
		<title level="a" type="main">The Kaldi Speech Recognition Toolkit</title>
		<author>
			<persName xmlns="http://www.tei-c.org/ns/1.0"><forename type="first">Daniel</forename><surname>Povey</surname></persName>
		</author>
		<author>
			<persName xmlns="http://www.tei-c.org/ns/1.0"><forename type="first">Arnab</forename><surname>Ghoshal</surname></persName>
		</author>
		<author>
			<persName xmlns="http://www.tei-c.org/ns/1.0"><forename type="first">Gilles</forename><surname>Boulianne</surname></persName>
		</author>
		<author>
			<persName xmlns="http://www.tei-c.org/ns/1.0"><forename type="first">Lukas</forename><surname>Burget</surname></persName>
		</author>
		<author>
			<persName xmlns="http://www.tei-c.org/ns/1.0"><forename type="first">Ondrej</forename><surname>Glembek</surname></persName>
		</author>
		<author>
			<persName xmlns="http://www.tei-c.org/ns/1.0"><forename type="first">Nagendra</forename><surname>Goel</surname></persName>
		</author>
		<author>
			<persName xmlns="http://www.tei-c.org/ns/1.0"><forename type="first">Mirko</forename><surname>Hannemann</surname></persName>
		</author>
		<author>
			<persName xmlns="http://www.tei-c.org/ns/1.0"><forename type="first">Petr</forename><surname>Motlicek</surname></persName>
		</author>
		<author>
			<persName xmlns="http://www.tei-c.org/ns/1.0"><forename type="first">Yanmin</forename><surname>Qian</surname></persName>
		</author>
		<author>
			<persName xmlns="http://www.tei-c.org/ns/1.0"><forename type="first">Petr</forename><surname>Schwarz</surname></persName>
		</author>
		<author>
			<persName xmlns="http://www.tei-c.org/ns/1.0"><forename type="first">Jan</forename><surname>Silovsky</surname></persName>
		</author>
		<author>
			<persName xmlns="http://www.tei-c.org/ns/1.0"><forename type="first">Georg</forename><surname>Stemmer</surname></persName>
		</author>
		<author>
			<persName xmlns="http://www.tei-c.org/ns/1.0"><forename type="first">Karel</forename><surname>Vesely</surname></persName>
		</author>
	</analytic>
	<monogr>
		<title level="m">Proceedings of the IEEE 2011 Workshop on Automatic Speech Recognition and Understanding</title>
		<meeting>the IEEE 2011 Workshop on Automatic Speech Recognition and Understanding<address><addrLine>Waikoloa, Hawaii, USA</addrLine></address></meeting>
		<imprint>
			<publisher>Signal Processing Society</publisher>
			<date type="published" when="2011" />
		</imprint>
	</monogr>
</biblStruct>

<biblStruct >
	<analytic>
		<title level="a" type="main">The Bristol norms for age of acquisition, imageability, and familiarity</title>
		<author>
			<persName xmlns="http://www.tei-c.org/ns/1.0"><forename type="first">Hans</forename><surname>Stadthagen</surname></persName>
		</author>
		<author>
			<persName xmlns="http://www.tei-c.org/ns/1.0"><forename type="first">-</forename><surname>Gonzalez</surname></persName>
		</author>
		<author>
			<persName xmlns="http://www.tei-c.org/ns/1.0"><forename type="first">Colin</forename><forename type="middle">J</forename><surname>Davis</surname></persName>
		</author>
	</analytic>
	<monogr>
		<title level="j">Behavior Research Methods</title>
		<imprint>
			<biblScope unit="volume">38</biblScope>
			<biblScope unit="issue">4</biblScope>
			<biblScope unit="page" from="598" to="605" />
			<date type="published" when="2006" />
		</imprint>
	</monogr>
</biblStruct>

<biblStruct >
	<analytic>
		<title level="a" type="main">Relationship between the Montreal Cognitive Assessment and Mini-mental State Examination for assessment of mild cognitive impairment in older adults</title>
		<author>
			<persName xmlns="http://www.tei-c.org/ns/1.0"><forename type="first">Helen</forename><surname>Paula T Trzepacz</surname></persName>
		</author>
		<author>
			<persName xmlns="http://www.tei-c.org/ns/1.0"><forename type="first">Shufang</forename><surname>Hochstetler</surname></persName>
		</author>
		<author>
			<persName xmlns="http://www.tei-c.org/ns/1.0"><forename type="first">Brett</forename><surname>Wang</surname></persName>
		</author>
		<author>
			<persName xmlns="http://www.tei-c.org/ns/1.0"><forename type="first">Andrew</forename><forename type="middle">J</forename><surname>Walker</surname></persName>
		</author>
		<author>
			<persName xmlns="http://www.tei-c.org/ns/1.0"><surname>Saykin</surname></persName>
		</author>
	</analytic>
	<monogr>
		<title level="j">BioMed Central Geriatrics</title>
		<imprint>
			<biblScope unit="volume">15</biblScope>
			<biblScope unit="issue">1</biblScope>
			<biblScope unit="page">107</biblScope>
			<date type="published" when="2015" />
		</imprint>
	</monogr>
</biblStruct>

<biblStruct >
	<analytic>
		<title level="a" type="main">An N-Gram Based Approach to the Automatic Diagnosis of Alzheimer&apos;s Disease from Spoken Language</title>
		<author>
			<persName xmlns="http://www.tei-c.org/ns/1.0"><forename type="first">Sebastian</forename><surname>Wankerl</surname></persName>
		</author>
		<author>
			<persName xmlns="http://www.tei-c.org/ns/1.0"><forename type="first">Elmar</forename><surname>Nöth</surname></persName>
		</author>
		<author>
			<persName xmlns="http://www.tei-c.org/ns/1.0"><forename type="first">Stefan</forename><surname>Evert</surname></persName>
		</author>
	</analytic>
	<monogr>
		<title level="m">Proceedings of Interspeech 2017</title>
		<meeting>Interspeech 2017<address><addrLine>Stockholm, Sweden</addrLine></address></meeting>
		<imprint>
			<date type="published" when="2017" />
			<biblScope unit="page" from="3162" to="3166" />
		</imprint>
	</monogr>
	<note>International Speech and Communication Association</note>
</biblStruct>

<biblStruct >
	<analytic>
		<title level="a" type="main">Using linguistic features longitudinally to predict clinical scores for Alzheimer&apos;s disease and related dementias</title>
		<author>
			<persName xmlns="http://www.tei-c.org/ns/1.0"><forename type="first">Maria</forename><surname>Yancheva</surname></persName>
		</author>
		<author>
			<persName xmlns="http://www.tei-c.org/ns/1.0"><forename type="first">Kathleen</forename><forename type="middle">C</forename><surname>Fraser</surname></persName>
		</author>
		<author>
			<persName xmlns="http://www.tei-c.org/ns/1.0"><forename type="first">Frank</forename><surname>Rudzicz</surname></persName>
		</author>
	</analytic>
	<monogr>
		<title level="m">Proceedings of the 6th Workshop on Speech and Language Processing for Assistive Technologies</title>
		<meeting>the 6th Workshop on Speech and Language Processing for Assistive Technologies<address><addrLine>Dresden</addrLine></address></meeting>
		<imprint>
			<date type="published" when="2015" />
			<biblScope unit="page">134</biblScope>
		</imprint>
	</monogr>
	<note>Germany. Speech and Language Processing and Assistive Technologies (SLPAT)</note>
</biblStruct>

			</listBibl>
		</back>
	</text>
</TEI>
