<?xml version="1.0" ?>
<TEI xmlns="http://www.tei-c.org/ns/1.0" xmlns:xlink="http://www.w3.org/1999/xlink" 
 xmlns:mml="http://www.w3.org/1998/Math/MathML">
	<teiHeader>
		<fileDesc xml:id="f_628"/>
	</teiHeader>
	<text>
		<front/>
		<body/>
		<back>
			<listBibl>
<biblStruct >
	<analytic>
		<title level="a" type="main">A large annotated corpus for learning natural language inference</title>
		<author>
			<persName xmlns="http://www.tei-c.org/ns/1.0"><forename type="first">R</forename><surname>Samuel</surname></persName>
		</author>
		<author>
			<persName xmlns="http://www.tei-c.org/ns/1.0"><forename type="first">Gabor</forename><surname>Bowman</surname></persName>
		</author>
		<author>
			<persName xmlns="http://www.tei-c.org/ns/1.0"><forename type="first">Christopher</forename><surname>Angeli</surname></persName>
		</author>
		<author>
			<persName xmlns="http://www.tei-c.org/ns/1.0"><forename type="first">Christopher</forename><forename type="middle">D</forename><surname>Potts</surname></persName>
		</author>
		<author>
			<persName xmlns="http://www.tei-c.org/ns/1.0"><surname>Manning</surname></persName>
		</author>
	</analytic>
	<monogr>
		<title level="m">Proceedings of the 2015 Conference on Empirical Methods in Natural Language Processing</title>
		<meeting>the 2015 Conference on Empirical Methods in Natural Language Processing<address><addrLine>Lisbon, Portugal</addrLine></address></meeting>
		<imprint>
			<date type="published" when="2015" />
			<biblScope unit="page" from="632" to="642" />
		</imprint>
	</monogr>
</biblStruct>

<biblStruct >
	<analytic>
		<title level="a" type="main">A fast unified model for parsing and sentence understanding</title>
		<author>
			<persName xmlns="http://www.tei-c.org/ns/1.0"><forename type="first">R</forename><surname>Samuel</surname></persName>
		</author>
		<author>
			<persName xmlns="http://www.tei-c.org/ns/1.0"><forename type="first">Jon</forename><surname>Bowman</surname></persName>
		</author>
		<author>
			<persName xmlns="http://www.tei-c.org/ns/1.0"><forename type="first">Abhinav</forename><surname>Gauthier</surname></persName>
		</author>
		<author>
			<persName xmlns="http://www.tei-c.org/ns/1.0"><forename type="first">Raghav</forename><surname>Rastogi</surname></persName>
		</author>
		<author>
			<persName xmlns="http://www.tei-c.org/ns/1.0"><forename type="first">Christopher</forename><forename type="middle">D</forename><surname>Gupta</surname></persName>
		</author>
		<author>
			<persName xmlns="http://www.tei-c.org/ns/1.0"><forename type="first">Christopher</forename><surname>Manning</surname></persName>
		</author>
		<author>
			<persName xmlns="http://www.tei-c.org/ns/1.0"><surname>Potts</surname></persName>
		</author>
	</analytic>
	<monogr>
		<title level="m">Proceedings of the 54th Annual Meeting of the Association for Computational Linguistics</title>
		<meeting>the 54th Annual Meeting of the Association for Computational Linguistics<address><addrLine>Berlin, Germany</addrLine></address></meeting>
		<imprint>
			<date type="published" when="2016" />
			<biblScope unit="volume">1</biblScope>
			<biblScope unit="page" from="1466" to="1477" />
		</imprint>
	</monogr>
	<note>Long Papers)</note>
</biblStruct>

<biblStruct >
	<analytic>
		<title level="a" type="main">Enhanced LSTM for natural language inference</title>
		<author>
			<persName xmlns="http://www.tei-c.org/ns/1.0"><forename type="first">Qian</forename><surname>Chen</surname></persName>
		</author>
		<author>
			<persName xmlns="http://www.tei-c.org/ns/1.0"><forename type="first">Xiaodan</forename><surname>Zhu</surname></persName>
		</author>
		<author>
			<persName xmlns="http://www.tei-c.org/ns/1.0"><forename type="first">Zhen-Hua</forename><surname>Ling</surname></persName>
		</author>
		<author>
			<persName xmlns="http://www.tei-c.org/ns/1.0"><forename type="first">Si</forename><surname>Wei</surname></persName>
		</author>
		<author>
			<persName xmlns="http://www.tei-c.org/ns/1.0"><forename type="first">Hui</forename><surname>Jiang</surname></persName>
		</author>
		<author>
			<persName xmlns="http://www.tei-c.org/ns/1.0"><forename type="first">Diana</forename><surname>Inkpen</surname></persName>
		</author>
	</analytic>
	<monogr>
		<title level="m">Proceedings of the 55th Annual Meeting of the Association for Computational Linguistics</title>
		<meeting>the 55th Annual Meeting of the Association for Computational Linguistics<address><addrLine>Vancouver, Canada</addrLine></address></meeting>
		<imprint>
			<publisher>Long Papers</publisher>
			<date type="published" when="2017" />
			<biblScope unit="volume">1</biblScope>
			<biblScope unit="page" from="1657" to="1668" />
		</imprint>
	</monogr>
</biblStruct>

<biblStruct >
	<monogr>
		<title level="m" type="main">Enhancing and combining sequential and tree LSTM for natural language inference</title>
		<author>
			<persName xmlns="http://www.tei-c.org/ns/1.0"><forename type="first">Qian</forename><surname>Chen</surname></persName>
		</author>
		<author>
			<persName xmlns="http://www.tei-c.org/ns/1.0"><forename type="first">Xiaodan</forename><surname>Zhu</surname></persName>
		</author>
		<author>
			<persName xmlns="http://www.tei-c.org/ns/1.0"><forename type="first">Zhenhua</forename><surname>Ling</surname></persName>
		</author>
		<author>
			<persName xmlns="http://www.tei-c.org/ns/1.0"><forename type="first">Si</forename><surname>Wei</surname></persName>
		</author>
		<author>
			<persName xmlns="http://www.tei-c.org/ns/1.0"><forename type="first">Hui</forename><surname>Jiang</surname></persName>
		</author>
		<idno type="arXiv">arXiv:1609.06038</idno>
		<imprint>
			<date type="published" when="2016" />
		</imprint>
	</monogr>
<note type="report_type">arXiv preprint</note>
</biblStruct>

<biblStruct >
	<analytic>
		<title level="a" type="main">Long short-term memory-networks for machine reading</title>
		<author>
			<persName xmlns="http://www.tei-c.org/ns/1.0"><forename type="first">Jianpeng</forename><surname>Cheng</surname></persName>
		</author>
		<author>
			<persName xmlns="http://www.tei-c.org/ns/1.0"><forename type="first">Li</forename><surname>Dong</surname></persName>
		</author>
		<author>
			<persName xmlns="http://www.tei-c.org/ns/1.0"><forename type="first">Mirella</forename><surname>Lapata</surname></persName>
		</author>
	</analytic>
	<monogr>
		<title level="m">Proceedings of the 2016 Conference on Empirical Methods in Natural Language Processing</title>
		<meeting>the 2016 Conference on Empirical Methods in Natural Language Processing<address><addrLine>Austin, Texas</addrLine></address></meeting>
		<imprint>
			<date type="published" when="2016" />
			<biblScope unit="page" from="551" to="561" />
		</imprint>
	</monogr>
</biblStruct>

<biblStruct >
	<analytic>
		<title level="a" type="main">Learning to compose task-specific tree structures</title>
		<author>
			<persName xmlns="http://www.tei-c.org/ns/1.0"><forename type="first">Jihun</forename><surname>Choi</surname></persName>
		</author>
		<author>
			<persName xmlns="http://www.tei-c.org/ns/1.0"><forename type="first">Sang</forename><surname>Kang Min Yoo</surname></persName>
		</author>
		<author>
			<persName xmlns="http://www.tei-c.org/ns/1.0"><surname>Lee</surname></persName>
		</author>
	</analytic>
	<monogr>
		<title level="m">Proceedings of the 32nd AAAI Conference on Artificial Intelligence</title>
		<meeting>the 32nd AAAI Conference on Artificial Intelligence<address><addrLine>New Orleans, Louisiana</addrLine></address></meeting>
		<imprint>
			<date type="published" when="2018" />
			<biblScope unit="page" from="5094" to="5101" />
		</imprint>
	</monogr>
</biblStruct>

<biblStruct >
	<monogr>
		<title level="m" type="main">Syntactic structures</title>
		<author>
			<persName xmlns="http://www.tei-c.org/ns/1.0"><forename type="first">Noam</forename><surname>Chomsky</surname></persName>
		</author>
		<imprint>
			<date type="published" when="2002" />
			<publisher>Walter de Gruyter</publisher>
		</imprint>
	</monogr>
</biblStruct>

<biblStruct >
	<analytic>
		<title level="a" type="main">Shared logistic normal distributions for soft parameter tying in unsupervised grammar induction</title>
		<author>
			<persName xmlns="http://www.tei-c.org/ns/1.0"><forename type="first">Shay</forename><surname>Cohen</surname></persName>
		</author>
		<author>
			<persName xmlns="http://www.tei-c.org/ns/1.0"><forename type="first">Noah</forename><forename type="middle">A</forename><surname>Smith</surname></persName>
		</author>
	</analytic>
	<monogr>
		<title level="m">Proceedings of Human Language Technologies: The</title>
		<meeting>Human Language Technologies: The</meeting>
		<imprint>
			<date type="published" when="2009" />
		</imprint>
	</monogr>
</biblStruct>

<biblStruct >
	<monogr>
				<title level="m">Annual Conference of the North American Chapter of the Association for Computational Linguistics</title>
		<meeting><address><addrLine>Boulder, Colorado</addrLine></address></meeting>
		<imprint>
			<biblScope unit="page" from="74" to="82" />
		</imprint>
	</monogr>
</biblStruct>

<biblStruct >
	<analytic>
		<title level="a" type="main">Span-based constituency parsing with a structure-label system and provably optimal dynamic oracles</title>
		<author>
			<persName xmlns="http://www.tei-c.org/ns/1.0"><forename type="first">James</forename><surname>Cross</surname></persName>
		</author>
		<author>
			<persName xmlns="http://www.tei-c.org/ns/1.0"><forename type="first">Liang</forename><surname>Huang</surname></persName>
		</author>
	</analytic>
	<monogr>
		<title level="m">Proceedings of the 2016 Conference on Empirical Methods in Natural Language Processing</title>
		<meeting>the 2016 Conference on Empirical Methods in Natural Language Processing<address><addrLine>Austin, Texas</addrLine></address></meeting>
		<imprint>
			<date type="published" when="2016" />
			<biblScope unit="page" from="1" to="11" />
		</imprint>
	</monogr>
</biblStruct>

<biblStruct >
	<analytic>
		<title level="a" type="main">Parameter learning with truncated message-passing</title>
		<author>
			<persName xmlns="http://www.tei-c.org/ns/1.0"><forename type="first">Justin</forename><surname>Domke</surname></persName>
		</author>
	</analytic>
	<monogr>
		<title level="m">Proceedings of the 2011 IEEE Conference on Computer Vision and Pattern Recognition</title>
		<meeting>the 2011 IEEE Conference on Computer Vision and Pattern Recognition<address><addrLine>Colorado Springs, Colorado</addrLine></address></meeting>
		<imprint>
			<date type="published" when="2011" />
			<biblScope unit="page" from="2937" to="2943" />
		</imprint>
	</monogr>
</biblStruct>

<biblStruct >
	<analytic>
		<title level="a" type="main">Adaptive subgradient methods for online learning and stochastic optimization</title>
		<author>
			<persName xmlns="http://www.tei-c.org/ns/1.0"><forename type="first">John</forename><surname>Duchi</surname></persName>
		</author>
		<author>
			<persName xmlns="http://www.tei-c.org/ns/1.0"><forename type="first">Elad</forename><surname>Hazan</surname></persName>
		</author>
		<author>
			<persName xmlns="http://www.tei-c.org/ns/1.0"><forename type="first">Yoram</forename><surname>Singer</surname></persName>
		</author>
	</analytic>
	<monogr>
		<title level="j">Journal of Machine Learning Research</title>
		<imprint>
			<biblScope unit="volume">12</biblScope>
			<biblScope unit="page" from="2121" to="2159" />
			<date type="published" when="2011" />
		</imprint>
	</monogr>
</biblStruct>

<biblStruct >
	<analytic>
		<title level="a" type="main">Efficient, feature-based, conditional random field parsing</title>
		<author>
			<persName xmlns="http://www.tei-c.org/ns/1.0"><forename type="first">Jenny</forename><forename type="middle">Rose</forename><surname>Finkel</surname></persName>
		</author>
		<author>
			<persName xmlns="http://www.tei-c.org/ns/1.0"><forename type="first">Alex</forename><surname>Kleeman</surname></persName>
		</author>
		<author>
			<persName xmlns="http://www.tei-c.org/ns/1.0"><forename type="first">Christopher</forename><forename type="middle">D</forename><surname>Manning</surname></persName>
		</author>
	</analytic>
	<monogr>
		<title level="m">Proceedings of ACL08: HLT</title>
		<meeting>ACL08: HLT<address><addrLine>Columbus, Ohio</addrLine></address></meeting>
		<imprint>
			<date type="published" when="2008" />
			<biblScope unit="page" from="959" to="967" />
		</imprint>
	</monogr>
</biblStruct>

<biblStruct >
	<monogr>
		<title level="m" type="main">Natural language inference over interaction space</title>
		<author>
			<persName xmlns="http://www.tei-c.org/ns/1.0"><forename type="first">Yichen</forename><surname>Gong</surname></persName>
		</author>
		<author>
			<persName xmlns="http://www.tei-c.org/ns/1.0"><forename type="first">Heng</forename><surname>Luo</surname></persName>
		</author>
		<author>
			<persName xmlns="http://www.tei-c.org/ns/1.0"><forename type="first">Jian</forename><surname>Zhang</surname></persName>
		</author>
		<idno type="arXiv">arXiv:1709.04348</idno>
		<imprint>
			<date type="published" when="2017" />
		</imprint>
	</monogr>
<note type="report_type">arXiv preprint</note>
</biblStruct>

<biblStruct >
	<analytic>
		<title level="a" type="main">Approximation-aware dependency parsing by belief propagation</title>
		<author>
			<persName xmlns="http://www.tei-c.org/ns/1.0"><forename type="first">Matthew</forename><surname>Gormley</surname></persName>
		</author>
		<author>
			<persName xmlns="http://www.tei-c.org/ns/1.0"><forename type="first">Mark</forename><surname>Dredze</surname></persName>
		</author>
		<author>
			<persName xmlns="http://www.tei-c.org/ns/1.0"><forename type="first">Jason</forename><surname>Eisner</surname></persName>
		</author>
	</analytic>
	<monogr>
		<title level="j">Transactions of the Association for Computational Linguistics</title>
		<imprint>
			<biblScope unit="volume">3</biblScope>
			<biblScope unit="page" from="489" to="501" />
			<date type="published" when="2015" />
		</imprint>
	</monogr>
</biblStruct>

<biblStruct >
	<analytic>
		<title level="a" type="main">Pairwise word interaction modeling with deep neural networks for semantic similarity measurement</title>
		<author>
			<persName xmlns="http://www.tei-c.org/ns/1.0"><forename type="first">Hua</forename><surname>He</surname></persName>
		</author>
		<author>
			<persName xmlns="http://www.tei-c.org/ns/1.0"><forename type="first">Jimmy</forename><surname>Lin</surname></persName>
		</author>
	</analytic>
	<monogr>
		<title level="m">Proceedings of the 2016 Conference of the North American Chapter of the Association for Computational Linguistics: Human Language Technologies</title>
		<meeting>the 2016 Conference of the North American Chapter of the Association for Computational Linguistics: Human Language Technologies<address><addrLine>San Diego, California</addrLine></address></meeting>
		<imprint>
			<date type="published" when="2016" />
			<biblScope unit="page" from="937" to="948" />
		</imprint>
	</monogr>
</biblStruct>

<biblStruct >
	<analytic>
		<title level="a" type="main">Long short-term memory</title>
		<author>
			<persName xmlns="http://www.tei-c.org/ns/1.0"><forename type="first">Sepp</forename><surname>Hochreiter</surname></persName>
		</author>
		<author>
			<persName xmlns="http://www.tei-c.org/ns/1.0"><forename type="first">Jürgen</forename><surname>Schmidhuber</surname></persName>
		</author>
	</analytic>
	<monogr>
		<title level="j">Neural computation</title>
		<imprint>
			<biblScope unit="volume">9</biblScope>
			<biblScope unit="issue">8</biblScope>
			<biblScope unit="page" from="1735" to="1780" />
			<date type="published" when="1997" />
		</imprint>
	</monogr>
</biblStruct>

<biblStruct >
	<analytic>
		<title level="a" type="main">Unsupervised neural dependency parsing</title>
		<author>
			<persName xmlns="http://www.tei-c.org/ns/1.0"><forename type="first">Yong</forename><surname>Jiang</surname></persName>
		</author>
		<author>
			<persName xmlns="http://www.tei-c.org/ns/1.0"><forename type="first">Wenjuan</forename><surname>Han</surname></persName>
		</author>
		<author>
			<persName xmlns="http://www.tei-c.org/ns/1.0"><forename type="first">Kewei</forename><surname>Tu</surname></persName>
		</author>
	</analytic>
	<monogr>
		<title level="m">Proceedings of the 2016 Conference on Empirical Methods in Natural Language Processing</title>
		<meeting>the 2016 Conference on Empirical Methods in Natural Language Processing<address><addrLine>Austin, Texas</addrLine></address></meeting>
		<imprint>
			<date type="published" when="2016" />
			<biblScope unit="page" from="763" to="771" />
		</imprint>
	</monogr>
</biblStruct>

<biblStruct >
	<analytic>
		<title level="a" type="main">Triviaqa: A large scale distantly supervised challenge dataset for reading comprehension</title>
		<author>
			<persName xmlns="http://www.tei-c.org/ns/1.0"><forename type="first">Mandar</forename><surname>Joshi</surname></persName>
		</author>
		<author>
			<persName xmlns="http://www.tei-c.org/ns/1.0"><forename type="first">Eunsol</forename><surname>Choi</surname></persName>
		</author>
		<author>
			<persName xmlns="http://www.tei-c.org/ns/1.0"><forename type="first">Daniel</forename><surname>Weld</surname></persName>
		</author>
		<author>
			<persName xmlns="http://www.tei-c.org/ns/1.0"><forename type="first">Luke</forename><surname>Zettlemoyer</surname></persName>
		</author>
	</analytic>
	<monogr>
		<title level="m">Proceedings of the 55th Annual Meeting of the Association for Computational Linguistics</title>
		<meeting>the 55th Annual Meeting of the Association for Computational Linguistics<address><addrLine>Vancouver, Canada</addrLine></address></meeting>
		<imprint>
			<date type="published" when="2017" />
			<biblScope unit="page" from="1601" to="1611" />
		</imprint>
	</monogr>
	<note>Long Papers)</note>
</biblStruct>

<biblStruct >
	<analytic>
		<title level="a" type="main">Structured attention networks</title>
		<author>
			<persName xmlns="http://www.tei-c.org/ns/1.0"><forename type="first">Yoon</forename><surname>Kim</surname></persName>
		</author>
		<author>
			<persName xmlns="http://www.tei-c.org/ns/1.0"><forename type="first">Carl</forename><surname>Denton</surname></persName>
		</author>
		<author>
			<persName xmlns="http://www.tei-c.org/ns/1.0"><forename type="first">Luong</forename><surname>Hoang</surname></persName>
		</author>
		<author>
			<persName xmlns="http://www.tei-c.org/ns/1.0"><forename type="first">Alexander M</forename><surname>Rush</surname></persName>
		</author>
	</analytic>
	<monogr>
		<title level="m">Proceedings of the 5th International Cofnerence on Learning Representations</title>
		<meeting>the 5th International Cofnerence on Learning Representations<address><addrLine>Toulon, France</addrLine></address></meeting>
		<imprint>
			<date type="published" when="2017" />
		</imprint>
	</monogr>
</biblStruct>

<biblStruct >
	<analytic>
		<title level="a" type="main">Corpusbased induction of syntactic structure: Models of dependency and constituency</title>
		<author>
			<persName xmlns="http://www.tei-c.org/ns/1.0"><forename type="first">Dan</forename><surname>Klein</surname></persName>
		</author>
		<author>
			<persName xmlns="http://www.tei-c.org/ns/1.0"><forename type="first">Christopher</forename><surname>Manning</surname></persName>
		</author>
	</analytic>
	<monogr>
		<title level="m">Proceedings of the 42nd Meeting of the Association for Computational Linguistics, Main Volume</title>
		<meeting>the 42nd Meeting of the Association for Computational Linguistics, Main Volume<address><addrLine>Barcelona, Spain</addrLine></address></meeting>
		<imprint>
			<date type="published" when="2004" />
			<biblScope unit="page" from="478" to="485" />
		</imprint>
	</monogr>
</biblStruct>

<biblStruct >
	<analytic>
		<title level="a" type="main">Fast exact inference with a factored model for natural language parsing</title>
		<author>
			<persName xmlns="http://www.tei-c.org/ns/1.0"><forename type="first">Dan</forename><surname>Klein</surname></persName>
		</author>
		<author>
			<persName xmlns="http://www.tei-c.org/ns/1.0"><surname>Christopher</surname></persName>
		</author>
		<author>
			<persName xmlns="http://www.tei-c.org/ns/1.0"><surname>Manning</surname></persName>
		</author>
	</analytic>
	<monogr>
		<title level="m">Advances in Neural Information Processing Systems</title>
		<imprint>
			<publisher>MIT Press</publisher>
			<date type="published" when="2003" />
			<biblScope unit="volume">15</biblScope>
			<biblScope unit="page" from="3" to="10" />
		</imprint>
	</monogr>
</biblStruct>

<biblStruct >
	<analytic>
		<title level="a" type="main">Conditional random fields: Probabilistic models for segmenting and labeling sequence data</title>
		<author>
			<persName xmlns="http://www.tei-c.org/ns/1.0"><forename type="first">John</forename><surname>Lafferty</surname></persName>
		</author>
		<author>
			<persName xmlns="http://www.tei-c.org/ns/1.0"><forename type="first">Andrew</forename><surname>Mccallum</surname></persName>
		</author>
		<author>
			<persName xmlns="http://www.tei-c.org/ns/1.0"><forename type="first">Fernando</forename><forename type="middle">C N</forename><surname>Pereira</surname></persName>
		</author>
	</analytic>
	<monogr>
		<title level="m">Proceedings of the 18th International Conference on Machine Learning</title>
		<meeting>the 18th International Conference on Machine Learning<address><addrLine>Williamstown, Massachusetts</addrLine></address></meeting>
		<imprint>
			<date type="published" when="2001" />
			<biblScope unit="page" from="282" to="289" />
		</imprint>
	</monogr>
</biblStruct>

<biblStruct >
	<analytic>
		<title level="a" type="main">Neural architectures for named entity recognition</title>
		<author>
			<persName xmlns="http://www.tei-c.org/ns/1.0"><forename type="first">Guillaume</forename><surname>Lample</surname></persName>
		</author>
		<author>
			<persName xmlns="http://www.tei-c.org/ns/1.0"><forename type="first">Miguel</forename><surname>Ballesteros</surname></persName>
		</author>
		<author>
			<persName xmlns="http://www.tei-c.org/ns/1.0"><forename type="first">Sandeep</forename><surname>Subramanian</surname></persName>
		</author>
		<author>
			<persName xmlns="http://www.tei-c.org/ns/1.0"><forename type="first">Kazuya</forename><surname>Kawakami</surname></persName>
		</author>
		<author>
			<persName xmlns="http://www.tei-c.org/ns/1.0"><forename type="first">Chris</forename><surname>Dyer</surname></persName>
		</author>
	</analytic>
	<monogr>
		<title level="m">Proceedings of the 2016 Conference of the North American Chapter of the Association for Computational Linguistics: Human Language Technologies</title>
		<meeting>the 2016 Conference of the North American Chapter of the Association for Computational Linguistics: Human Language Technologies<address><addrLine>San Diego, California</addrLine></address></meeting>
		<imprint>
			<date type="published" when="2016" />
			<biblScope unit="page" from="260" to="270" />
		</imprint>
	</monogr>
</biblStruct>

<biblStruct >
	<analytic>
		<title level="a" type="main">First-and secondorder expectation semirings with applications to minimum-risk training on translation forests</title>
		<author>
			<persName xmlns="http://www.tei-c.org/ns/1.0"><forename type="first">Zhifei</forename><surname>Li</surname></persName>
		</author>
		<author>
			<persName xmlns="http://www.tei-c.org/ns/1.0"><forename type="first">Jason</forename><surname>Eisner</surname></persName>
		</author>
	</analytic>
	<monogr>
		<title level="m">Proceedings of the 2009 Conference on Empirical Methods in Natural Language Processing</title>
		<meeting>the 2009 Conference on Empirical Methods in Natural Language Processing<address><addrLine>Singapore</addrLine></address></meeting>
		<imprint>
			<date type="published" when="2009" />
			<biblScope unit="page" from="40" to="51" />
		</imprint>
	</monogr>
</biblStruct>

<biblStruct >
	<monogr>
		<title level="m" type="main">A structured self-attentive sentence embedding</title>
		<author>
			<persName xmlns="http://www.tei-c.org/ns/1.0"><forename type="first">Zhouhan</forename><surname>Lin</surname></persName>
		</author>
		<author>
			<persName xmlns="http://www.tei-c.org/ns/1.0"><forename type="first">Minwei</forename><surname>Feng</surname></persName>
		</author>
		<author>
			<persName xmlns="http://www.tei-c.org/ns/1.0"><forename type="first">Cicero</forename><surname>Nogueira</surname></persName>
		</author>
		<author>
			<persName xmlns="http://www.tei-c.org/ns/1.0"><forename type="first">Mo</forename><surname>Santos</surname></persName>
		</author>
		<author>
			<persName xmlns="http://www.tei-c.org/ns/1.0"><forename type="first">Bing</forename><surname>Yu</surname></persName>
		</author>
		<author>
			<persName xmlns="http://www.tei-c.org/ns/1.0"><forename type="first">Bowen</forename><surname>Xiang</surname></persName>
		</author>
		<author>
			<persName xmlns="http://www.tei-c.org/ns/1.0"><forename type="first">Yoshua</forename><surname>Zhou</surname></persName>
		</author>
		<author>
			<persName xmlns="http://www.tei-c.org/ns/1.0"><surname>Bengio</surname></persName>
		</author>
		<idno type="arXiv">arXiv:1703.03130</idno>
		<imprint>
			<date type="published" when="2017" />
		</imprint>
	</monogr>
<note type="report_type">arXiv preprint</note>
</biblStruct>

<biblStruct >
	<analytic>
		<title level="a" type="main">Learning contextually informed representations for linear-time discourse parsing</title>
		<author>
			<persName xmlns="http://www.tei-c.org/ns/1.0"><forename type="first">Yang</forename><surname>Liu</surname></persName>
		</author>
		<author>
			<persName xmlns="http://www.tei-c.org/ns/1.0"><forename type="first">Mirella</forename><surname>Lapata</surname></persName>
		</author>
	</analytic>
	<monogr>
		<title level="m">Proceedings of the 2017 Conference on Empirical Methods in Natural Language Processing</title>
		<meeting>the 2017 Conference on Empirical Methods in Natural Language Processing<address><addrLine>Copenhagen, Denmark</addrLine></address></meeting>
		<imprint>
			<date type="published" when="2017" />
			<biblScope unit="page" from="1289" to="1298" />
		</imprint>
	</monogr>
</biblStruct>

<biblStruct >
	<analytic>
		<title level="a" type="main">Learning structured text representations</title>
		<author>
			<persName xmlns="http://www.tei-c.org/ns/1.0"><forename type="first">Yang</forename><surname>Liu</surname></persName>
		</author>
		<author>
			<persName xmlns="http://www.tei-c.org/ns/1.0"><forename type="first">Mirella</forename><surname>Lapata</surname></persName>
		</author>
	</analytic>
	<monogr>
		<title level="j">Transactions of the Association for Computational Linguistics</title>
		<imprint>
			<biblScope unit="volume">6</biblScope>
			<biblScope unit="page" from="63" to="75" />
			<date type="published" when="2018" />
		</imprint>
	</monogr>
</biblStruct>

<biblStruct >
	<analytic>
		<title level="a" type="main">An extended model of natural logic</title>
		<author>
			<persName xmlns="http://www.tei-c.org/ns/1.0"><forename type="first">Bill</forename><surname>Maccartney</surname></persName>
		</author>
		<author>
			<persName xmlns="http://www.tei-c.org/ns/1.0"><surname>Christopher</surname></persName>
		</author>
		<author>
			<persName xmlns="http://www.tei-c.org/ns/1.0"><surname>Manning</surname></persName>
		</author>
	</analytic>
	<monogr>
		<title level="m">Proceedings of the international conference on computational semantics</title>
		<meeting>the international conference on computational semantics</meeting>
		<imprint>
			<date type="published" when="2009" />
		</imprint>
	</monogr>
</biblStruct>

<biblStruct >
	<analytic>
		<title level="a" type="main">The stanford corenlp natural language processing toolkit</title>
		<author>
			<persName xmlns="http://www.tei-c.org/ns/1.0"><forename type="first">Christopher</forename><surname>Manning</surname></persName>
		</author>
		<author>
			<persName xmlns="http://www.tei-c.org/ns/1.0"><forename type="first">Mihai</forename><surname>Surdeanu</surname></persName>
		</author>
		<author>
			<persName xmlns="http://www.tei-c.org/ns/1.0"><forename type="first">John</forename><surname>Bauer</surname></persName>
		</author>
		<author>
			<persName xmlns="http://www.tei-c.org/ns/1.0"><forename type="first">Jenny</forename><surname>Finkel</surname></persName>
		</author>
		<author>
			<persName xmlns="http://www.tei-c.org/ns/1.0"><forename type="first">Steven</forename><surname>Bethard</surname></persName>
		</author>
		<author>
			<persName xmlns="http://www.tei-c.org/ns/1.0"><forename type="first">David</forename><surname>Mcclosky</surname></persName>
		</author>
	</analytic>
	<monogr>
		<title level="m">Proceedings of 52nd Annual Meeting of the Association for Computational Linguistics: System Demonstrations</title>
		<meeting>52nd Annual Meeting of the Association for Computational Linguistics: System Demonstrations<address><addrLine>Maryland</addrLine></address></meeting>
		<imprint>
			<date type="published" when="2014" />
			<biblScope unit="page" from="55" to="60" />
		</imprint>
	</monogr>
	<note>Baltimore</note>
</biblStruct>

<biblStruct >
	<monogr>
		<title level="m" type="main">Foundations of statistical natural language processing</title>
		<author>
			<persName xmlns="http://www.tei-c.org/ns/1.0"><forename type="first">Hinrich</forename><surname>Christopher D Manning</surname></persName>
		</author>
		<author>
			<persName xmlns="http://www.tei-c.org/ns/1.0"><surname>Schütze</surname></persName>
		</author>
		<imprint>
			<date type="published" when="1999" />
			<publisher>MIT Press</publisher>
			<biblScope unit="volume">999</biblScope>
		</imprint>
	</monogr>
</biblStruct>

<biblStruct >
	<monogr>
				<author>
			<persName xmlns="http://www.tei-c.org/ns/1.0"><forename type="first">Nikita</forename><surname>Nangia</surname></persName>
		</author>
		<author>
			<persName xmlns="http://www.tei-c.org/ns/1.0"><forename type="first">Adina</forename><surname>Williams</surname></persName>
		</author>
		<author>
			<persName xmlns="http://www.tei-c.org/ns/1.0"><forename type="first">Angeliki</forename><surname>Lazaridou</surname></persName>
		</author>
		<author>
			<persName xmlns="http://www.tei-c.org/ns/1.0"><forename type="first">Samuel R</forename><surname>Bowman</surname></persName>
		</author>
		<idno type="arXiv">arXiv:1707.08172</idno>
		<title level="m">The repeval 2017 shared task: Multi-genre natural language inference with sentence representations</title>
		<imprint>
			<date type="published" when="2017" />
		</imprint>
	</monogr>
<note type="report_type">arXiv preprint</note>
</biblStruct>

<biblStruct >
	<analytic>
		<title level="a" type="main">A decomposable attention model for natural language inference</title>
		<author>
			<persName xmlns="http://www.tei-c.org/ns/1.0"><forename type="first">Ankur</forename><surname>Parikh</surname></persName>
		</author>
		<author>
			<persName xmlns="http://www.tei-c.org/ns/1.0"><forename type="first">Oscar</forename><surname>Täckström</surname></persName>
		</author>
		<author>
			<persName xmlns="http://www.tei-c.org/ns/1.0"><forename type="first">Dipanjan</forename><surname>Das</surname></persName>
		</author>
		<author>
			<persName xmlns="http://www.tei-c.org/ns/1.0"><forename type="first">Jakob</forename><surname>Uszkoreit</surname></persName>
		</author>
	</analytic>
	<monogr>
		<title level="m">Proceedings of the 2016 Conference on Empirical Methods in Natural Language Processing</title>
		<meeting>the 2016 Conference on Empirical Methods in Natural Language Processing<address><addrLine>Austin, Texas</addrLine></address></meeting>
		<imprint>
			<date type="published" when="2016" />
			<biblScope unit="page" from="2249" to="2255" />
		</imprint>
	</monogr>
</biblStruct>

<biblStruct >
	<analytic>
		<title level="a" type="main">Glove: Global vectors for word representation</title>
		<author>
			<persName xmlns="http://www.tei-c.org/ns/1.0"><forename type="first">Jeffrey</forename><surname>Pennington</surname></persName>
		</author>
		<author>
			<persName xmlns="http://www.tei-c.org/ns/1.0"><forename type="first">Richard</forename><surname>Socher</surname></persName>
		</author>
		<author>
			<persName xmlns="http://www.tei-c.org/ns/1.0"><forename type="first">Christopher</forename><surname>Manning</surname></persName>
		</author>
	</analytic>
	<monogr>
		<title level="m">Proceedings of the 2014 Conference on Empirical Methods in Natural Language Processing (EMNLP)</title>
		<meeting>the 2014 Conference on Empirical Methods in Natural Language Processing (EMNLP)<address><addrLine>Doha, Qatar</addrLine></address></meeting>
		<imprint>
			<date type="published" when="2014" />
			<biblScope unit="page" from="1532" to="1543" />
		</imprint>
	</monogr>
</biblStruct>

<biblStruct >
	<analytic>
		<title level="a" type="main">Squad: 100,000+ questions for machine comprehension of text</title>
		<author>
			<persName xmlns="http://www.tei-c.org/ns/1.0"><forename type="first">Pranav</forename><surname>Rajpurkar</surname></persName>
		</author>
		<author>
			<persName xmlns="http://www.tei-c.org/ns/1.0"><forename type="first">Jian</forename><surname>Zhang</surname></persName>
		</author>
		<author>
			<persName xmlns="http://www.tei-c.org/ns/1.0"><forename type="first">Konstantin</forename><surname>Lopyrev</surname></persName>
		</author>
		<author>
			<persName xmlns="http://www.tei-c.org/ns/1.0"><forename type="first">Percy</forename><surname>Liang</surname></persName>
		</author>
	</analytic>
	<monogr>
		<title level="m">Proceedings of the 2016 Conference on Empirical Methods in Natural Language Processing</title>
		<meeting>the 2016 Conference on Empirical Methods in Natural Language Processing<address><addrLine>Austin, Texas</addrLine></address></meeting>
		<imprint>
			<date type="published" when="2016" />
			<biblScope unit="page" from="2383" to="2392" />
		</imprint>
	</monogr>
</biblStruct>

<biblStruct >
	<analytic>
		<title level="a" type="main">Noisecontrastive estimation for answer selection with deep neural networks</title>
		<author>
			<persName xmlns="http://www.tei-c.org/ns/1.0"><forename type="first">Jinfeng</forename><surname>Rao</surname></persName>
		</author>
		<author>
			<persName xmlns="http://www.tei-c.org/ns/1.0"><forename type="first">Hua</forename><surname>He</surname></persName>
		</author>
		<author>
			<persName xmlns="http://www.tei-c.org/ns/1.0"><forename type="first">Jimmy</forename><surname>Lin</surname></persName>
		</author>
	</analytic>
	<monogr>
		<title level="m">Proceedings of the 25th ACM International on Conference on Information and Knowledge Management Conference</title>
		<meeting>the 25th ACM International on Conference on Information and Knowledge Management Conference<address><addrLine>Indianapolis, Indiana</addrLine></address></meeting>
		<imprint>
			<date type="published" when="2016" />
			<biblScope unit="page" from="1913" to="1916" />
		</imprint>
	</monogr>
</biblStruct>

<biblStruct >
	<analytic>
		<title level="a" type="main">Reasoning about entailment with neural attention</title>
		<author>
			<persName xmlns="http://www.tei-c.org/ns/1.0"><forename type="first">Tim</forename><surname>Rocktäschel</surname></persName>
		</author>
		<author>
			<persName xmlns="http://www.tei-c.org/ns/1.0"><forename type="first">Edward</forename><surname>Grefenstette</surname></persName>
		</author>
		<author>
			<persName xmlns="http://www.tei-c.org/ns/1.0"><forename type="first">Karl</forename><forename type="middle">Moritz</forename><surname>Hermann</surname></persName>
		</author>
		<author>
			<persName xmlns="http://www.tei-c.org/ns/1.0"><forename type="first">Tomáš</forename><surname>Kočisk</surname></persName>
		</author>
	</analytic>
	<monogr>
		<title level="m">Proceedings of the 4th International Cofnerence on Learning Representations</title>
		<meeting>the 4th International Cofnerence on Learning Representations<address><addrLine>San Juan, Puerto Rico</addrLine></address></meeting>
		<imprint>
			<date type="published" when="2016" />
		</imprint>
	</monogr>
	<note>Kočisk`y, and Phil Blunsom</note>
</biblStruct>

<biblStruct >
	<monogr>
				<author>
			<persName xmlns="http://www.tei-c.org/ns/1.0"><forename type="first">Ming</forename><surname>Cicero Dos Santos</surname></persName>
		</author>
		<author>
			<persName xmlns="http://www.tei-c.org/ns/1.0"><forename type="first">Bing</forename><surname>Tan</surname></persName>
		</author>
		<author>
			<persName xmlns="http://www.tei-c.org/ns/1.0"><forename type="first">Bowen</forename><surname>Xiang</surname></persName>
		</author>
		<author>
			<persName xmlns="http://www.tei-c.org/ns/1.0"><surname>Zhou</surname></persName>
		</author>
		<idno type="arXiv">arXiv:1602.03609</idno>
		<title level="m">Attentive pooling networks</title>
		<imprint>
			<date type="published" when="2016" />
		</imprint>
	</monogr>
<note type="report_type">arXiv preprint</note>
</biblStruct>

<biblStruct >
	<analytic>
		<title level="a" type="main">Bidirectional attention flow for machine comprehension</title>
		<author>
			<persName xmlns="http://www.tei-c.org/ns/1.0"><forename type="first">Minjoon</forename><surname>Seo</surname></persName>
		</author>
		<author>
			<persName xmlns="http://www.tei-c.org/ns/1.0"><forename type="first">Aniruddha</forename><surname>Kembhavi</surname></persName>
		</author>
		<author>
			<persName xmlns="http://www.tei-c.org/ns/1.0"><forename type="first">Ali</forename><surname>Farhadi</surname></persName>
		</author>
		<author>
			<persName xmlns="http://www.tei-c.org/ns/1.0"><forename type="first">Hannaneh</forename><surname>Hajishirzi</surname></persName>
		</author>
	</analytic>
	<monogr>
		<title level="m">Proceeding of the 5th International Cofnerence on Learning Representations</title>
		<meeting>eeding of the 5th International Cofnerence on Learning Representations<address><addrLine>Toulon, France</addrLine></address></meeting>
		<imprint>
			<date type="published" when="2017" />
		</imprint>
	</monogr>
</biblStruct>

<biblStruct >
	<analytic>
		<title level="a" type="main">Improved semantic representations from tree-structured long short-term memory networks</title>
		<author>
			<persName xmlns="http://www.tei-c.org/ns/1.0"><forename type="first">Kai Sheng</forename><surname>Tai</surname></persName>
		</author>
		<author>
			<persName xmlns="http://www.tei-c.org/ns/1.0"><forename type="first">Richard</forename><surname>Socher</surname></persName>
		</author>
		<author>
			<persName xmlns="http://www.tei-c.org/ns/1.0"><forename type="first">Christopher</forename><forename type="middle">D</forename><surname>Manning</surname></persName>
		</author>
	</analytic>
	<monogr>
		<title level="m">Proceedings of the 53rd Annual Meeting of the Association for Computational Linguistics and the 7th International Joint Conference on Natural Language Processing</title>
		<meeting>the 53rd Annual Meeting of the Association for Computational Linguistics and the 7th International Joint Conference on Natural Language Processing<address><addrLine>Beijing, China</addrLine></address></meeting>
		<imprint>
			<publisher>Long Papers</publisher>
			<date type="published" when="2015" />
			<biblScope unit="volume">1</biblScope>
			<biblScope unit="page" from="1556" to="1566" />
		</imprint>
	</monogr>
</biblStruct>

<biblStruct >
	<analytic>
		<title level="a" type="main">Improved representation learning for question answer matching</title>
		<author>
			<persName xmlns="http://www.tei-c.org/ns/1.0"><forename type="first">Ming</forename><surname>Tan</surname></persName>
		</author>
		<author>
			<persName xmlns="http://www.tei-c.org/ns/1.0"><forename type="first">Bing</forename><surname>Cicero Dos Santos</surname></persName>
		</author>
		<author>
			<persName xmlns="http://www.tei-c.org/ns/1.0"><forename type="first">Bowen</forename><surname>Xiang</surname></persName>
		</author>
		<author>
			<persName xmlns="http://www.tei-c.org/ns/1.0"><surname>Zhou</surname></persName>
		</author>
	</analytic>
	<monogr>
		<title level="m">Proceedings of the 54th Annual Meeting of the Association for Computational Linguistics</title>
		<meeting>the 54th Annual Meeting of the Association for Computational Linguistics<address><addrLine>Berlin, Germany</addrLine></address></meeting>
		<imprint>
			<publisher>Long Papers</publisher>
			<date type="published" when="2016" />
			<biblScope unit="volume">1</biblScope>
			<biblScope unit="page" from="464" to="473" />
		</imprint>
	</monogr>
</biblStruct>

			</listBibl>
		</back>
	</text>
</TEI>
