<?xml version="1.0" ?>
<TEI xmlns="http://www.tei-c.org/ns/1.0" xmlns:xlink="http://www.w3.org/1999/xlink" 
 xmlns:mml="http://www.w3.org/1998/Math/MathML">
	<teiHeader>
		<fileDesc xml:id="f_1538"/>
	</teiHeader>
	<text>
		<front/>
		<body/>
		<back>
			<listBibl>
<biblStruct >
	<analytic>
		<title level="a" type="main">Coherent citation-based summarization of scientific papers</title>
		<author>
			<persName xmlns="http://www.tei-c.org/ns/1.0"><forename type="first">Amjad</forename><surname>Abu</surname></persName>
		</author>
		<author>
			<persName xmlns="http://www.tei-c.org/ns/1.0"><forename type="first">-Jbara</forename></persName>
		</author>
		<author>
			<persName xmlns="http://www.tei-c.org/ns/1.0"><forename type="first">Dragomir</forename><surname>Radev</surname></persName>
		</author>
	</analytic>
	<monogr>
		<title level="m">Proc. Annual Meeting of the Association for Computational Linguistics: Human Language Technologies</title>
		<meeting>Annual Meeting of the Association for Computational Linguistics: Human Language Technologies</meeting>
		<imprint>
			<date type="published" when="2011" />
			<biblScope unit="volume">1</biblScope>
			<biblScope unit="page" from="500" to="509" />
		</imprint>
	</monogr>
</biblStruct>

<biblStruct >
	<analytic>
		<title level="a" type="main">Global normalization of convolutional neural networks for joint entity and relation classification</title>
		<author>
			<persName xmlns="http://www.tei-c.org/ns/1.0"><forename type="first">Heike</forename><surname>Adel</surname></persName>
		</author>
		<author>
			<persName xmlns="http://www.tei-c.org/ns/1.0"><forename type="first">Hinrich</forename><surname>Schütze</surname></persName>
		</author>
	</analytic>
	<monogr>
		<title level="m">Proc. Conf. Empirical Methods Natural Language Process. (EMNLP)</title>
		<meeting>Conf. Empirical Methods Natural Language ess. (EMNLP)</meeting>
		<imprint>
			<date type="published" when="2017" />
			<biblScope unit="page" from="1723" to="1729" />
		</imprint>
	</monogr>
</biblStruct>

<biblStruct >
	<analytic>
		<title level="a" type="main">Construction of the literature graph in semantic scholar</title>
		<author>
			<persName xmlns="http://www.tei-c.org/ns/1.0"><forename type="first">Waleed</forename><surname>Ammar</surname></persName>
		</author>
		<author>
			<persName xmlns="http://www.tei-c.org/ns/1.0"><forename type="first">Dirk</forename><surname>Groeneveld</surname></persName>
		</author>
		<author>
			<persName xmlns="http://www.tei-c.org/ns/1.0"><forename type="first">Chandra</forename><surname>Bhagavatula</surname></persName>
		</author>
		<author>
			<persName xmlns="http://www.tei-c.org/ns/1.0"><forename type="first">Iz</forename><surname>Beltagy</surname></persName>
		</author>
		<author>
			<persName xmlns="http://www.tei-c.org/ns/1.0"><forename type="first">Miles</forename><surname>Crawford</surname></persName>
		</author>
		<author>
			<persName xmlns="http://www.tei-c.org/ns/1.0"><forename type="first">Doug</forename><surname>Downey</surname></persName>
		</author>
		<author>
			<persName xmlns="http://www.tei-c.org/ns/1.0"><forename type="first">Jason</forename><surname>Dunkelberger</surname></persName>
		</author>
		<author>
			<persName xmlns="http://www.tei-c.org/ns/1.0"><forename type="first">Ahmed</forename><surname>Elgohary</surname></persName>
		</author>
		<author>
			<persName xmlns="http://www.tei-c.org/ns/1.0"><forename type="first">Sergey</forename><surname>Feldman</surname></persName>
		</author>
		<author>
			<persName xmlns="http://www.tei-c.org/ns/1.0"><forename type="first">Vu</forename><surname>Ha</surname></persName>
		</author>
	</analytic>
	<monogr>
		<title level="m">Proc. Conf. North American Assoc. for Computational Linguistics: Human Language Technologies (NAACL-HLT), (Industry Papers)</title>
		<meeting>Conf. North American Assoc. for Computational Linguistics: Human Language Technologies (NAACL-HLT), (Industry Papers)</meeting>
		<imprint>
			<date type="published" when="2018" />
			<biblScope unit="page" from="84" to="91" />
		</imprint>
	</monogr>
</biblStruct>

<biblStruct >
	<analytic>
		<title level="a" type="main">The ai2 system at semeval-2017 task 10 (scienceie): semi-supervised end-to-end entity and relation extraction</title>
		<author>
			<persName xmlns="http://www.tei-c.org/ns/1.0"><forename type="first">Waleed</forename><surname>Ammar</surname></persName>
		</author>
		<author>
			<persName xmlns="http://www.tei-c.org/ns/1.0"><forename type="first">Matthew</forename><surname>Peters</surname></persName>
		</author>
		<author>
			<persName xmlns="http://www.tei-c.org/ns/1.0"><forename type="first">Chandra</forename><surname>Bhagavatula</surname></persName>
		</author>
		<author>
			<persName xmlns="http://www.tei-c.org/ns/1.0"><forename type="first">Russell</forename><surname>Power</surname></persName>
		</author>
	</analytic>
	<monogr>
		<title level="m">Proc. Int. Workshop on Semantic Evaluation (SemEval)</title>
		<meeting>Int. Workshop on Semantic Evaluation (SemEval)</meeting>
		<imprint>
			<date type="published" when="2017" />
			<biblScope unit="page" from="592" to="596" />
		</imprint>
	</monogr>
</biblStruct>

<biblStruct >
	<analytic>
		<title level="a" type="main">Towards a computational history of the ACL: 1980-2008</title>
		<author>
			<persName xmlns="http://www.tei-c.org/ns/1.0"><forename type="first">Ashton</forename><surname>Anderson</surname></persName>
		</author>
		<author>
			<persName xmlns="http://www.tei-c.org/ns/1.0"><forename type="first">Dan</forename><surname>Mcfarland</surname></persName>
		</author>
		<author>
			<persName xmlns="http://www.tei-c.org/ns/1.0"><forename type="first">Dan</forename><surname>Jurafsky</surname></persName>
		</author>
	</analytic>
	<monogr>
		<title level="m">Proc. ACL Special Workshop on Rediscovering 50 Years of Discoveries</title>
		<meeting>ACL Special Workshop on Rediscovering 50 Years of Discoveries</meeting>
		<imprint>
			<date type="published" when="2012" />
			<biblScope unit="page" from="13" to="21" />
		</imprint>
	</monogr>
</biblStruct>

<biblStruct >
	<analytic>
		<title level="a" type="main">Contextenhanced citation sentiment detection</title>
		<author>
			<persName xmlns="http://www.tei-c.org/ns/1.0"><forename type="first">Awais</forename><surname>Athar</surname></persName>
		</author>
		<author>
			<persName xmlns="http://www.tei-c.org/ns/1.0"><forename type="first">Simone</forename><surname>Teufel</surname></persName>
		</author>
	</analytic>
	<monogr>
		<title level="m">Proc</title>
		<meeting>null</meeting>
		<imprint>
			<date type="published" when="2012" />
		</imprint>
	</monogr>
</biblStruct>

<biblStruct >
	<monogr>
				<title level="m">Conf. North American Assoc. for Computational Linguistics: Human Language Technologies (NAACLHLT)</title>
		<imprint>
			<biblScope unit="page" from="597" to="601" />
		</imprint>
	</monogr>
</biblStruct>

<biblStruct >
	<analytic>
		<title level="a" type="main">Detection of implicit citations for sentiment detection</title>
		<author>
			<persName xmlns="http://www.tei-c.org/ns/1.0"><forename type="first">Awais</forename><surname>Athar</surname></persName>
		</author>
		<author>
			<persName xmlns="http://www.tei-c.org/ns/1.0"><forename type="first">Simone</forename><surname>Teufel</surname></persName>
		</author>
	</analytic>
	<monogr>
		<title level="m">Proc</title>
		<meeting>null</meeting>
		<imprint>
			<date type="published" when="2012" />
		</imprint>
	</monogr>
</biblStruct>

<biblStruct >
	<monogr>
				<title level="m">ACL Workshop on Detecting Structure in Scholarly Discourse</title>
		<imprint>
			<biblScope unit="page" from="18" to="26" />
		</imprint>
	</monogr>
</biblStruct>

<biblStruct >
	<analytic>
		<title level="a" type="main">Semeval 2017 task 10: ScienceIE-extracting keyphrases and relations from scientific publications</title>
		<author>
			<persName xmlns="http://www.tei-c.org/ns/1.0"><forename type="first">Isabelle</forename><surname>Augenstein</surname></persName>
		</author>
		<author>
			<persName xmlns="http://www.tei-c.org/ns/1.0"><forename type="first">Mrinal</forename><surname>Das</surname></persName>
		</author>
		<author>
			<persName xmlns="http://www.tei-c.org/ns/1.0"><forename type="first">Sebastian</forename><surname>Riedel</surname></persName>
		</author>
		<author>
			<persName xmlns="http://www.tei-c.org/ns/1.0"><forename type="first">Lakshmi</forename><surname>Vikraman</surname></persName>
		</author>
		<author>
			<persName xmlns="http://www.tei-c.org/ns/1.0"><forename type="first">Andrew</forename><surname>Mccallum</surname></persName>
		</author>
	</analytic>
	<monogr>
		<title level="m">Proc. Int. Workshop on Semantic Evaluation</title>
		<meeting>Int. Workshop on Semantic Evaluation<address><addrLine>SemEval</addrLine></address></meeting>
		<imprint>
			<date type="published" when="2017" />
		</imprint>
	</monogr>
</biblStruct>

<biblStruct >
	<analytic>
		<title level="a" type="main">Multitask learning of keyphrase boundary classification</title>
		<author>
			<persName xmlns="http://www.tei-c.org/ns/1.0"><forename type="first">Isabelle</forename><surname>Augenstein</surname></persName>
		</author>
		<author>
			<persName xmlns="http://www.tei-c.org/ns/1.0"><forename type="first">Anders</forename><surname>Søgaard</surname></persName>
		</author>
	</analytic>
	<monogr>
		<title level="m">Proc. Annu. Meeting Assoc. for Computational Linguistics (ACL)</title>
		<meeting>Annu. Meeting Assoc. for Computational Linguistics (ACL)</meeting>
		<imprint>
			<date type="published" when="2017" />
			<biblScope unit="page" from="341" to="346" />
		</imprint>
	</monogr>
</biblStruct>

<biblStruct >
	<monogr>
		<title level="m" type="main">Improving coreference resolution by learning entity-level distributed representations</title>
		<author>
			<persName xmlns="http://www.tei-c.org/ns/1.0"><forename type="first">Kevin</forename><surname>Clark</surname></persName>
		</author>
		<author>
			<persName xmlns="http://www.tei-c.org/ns/1.0"><forename type="first">Christopher</forename><forename type="middle">D</forename><surname>Manning</surname></persName>
		</author>
		<idno>CoRR abs/1606.01323</idno>
		<imprint>
			<date type="published" when="2016" />
		</imprint>
	</monogr>
</biblStruct>

<biblStruct >
	<analytic>
		<title level="a" type="main">A unified architecture for natural language processing: Deep neural networks with multitask learning</title>
		<author>
			<persName xmlns="http://www.tei-c.org/ns/1.0"><forename type="first">Ronan</forename><surname>Collobert</surname></persName>
		</author>
		<author>
			<persName xmlns="http://www.tei-c.org/ns/1.0"><forename type="first">Jason</forename><surname>Weston</surname></persName>
		</author>
	</analytic>
	<monogr>
		<title level="m">Proc. Int. Conf. Machine Learning (ICML)</title>
		<meeting>Int. Conf. Machine Learning (ICML)</meeting>
		<imprint>
			<date type="published" when="2008" />
			<biblScope unit="page" from="160" to="167" />
		</imprint>
	</monogr>
</biblStruct>

<biblStruct >
	<analytic>
		<title level="a" type="main">Extracting and matching authors and affiliations in scholarly documents</title>
		<author>
			<persName xmlns="http://www.tei-c.org/ns/1.0"><forename type="first">Huy</forename><surname>Hoang Nhat Do</surname></persName>
		</author>
		<author>
			<persName xmlns="http://www.tei-c.org/ns/1.0"><forename type="first">Muthu</forename><surname>Kumar Chandrasekaran</surname></persName>
		</author>
		<author>
			<persName xmlns="http://www.tei-c.org/ns/1.0"><forename type="first">Philip</forename><forename type="middle">S</forename><surname>Cho</surname></persName>
		</author>
		<author>
			<persName xmlns="http://www.tei-c.org/ns/1.0"><forename type="first">Min</forename><forename type="middle">Yen</forename><surname>Kan</surname></persName>
		</author>
	</analytic>
	<monogr>
		<title level="m">Proc. ACM/IEEE-CS Joint Conference on Digital libraries</title>
		<meeting>ACM/IEEE-CS Joint Conference on Digital libraries</meeting>
		<imprint>
			<date type="published" when="2013" />
			<biblScope unit="page" from="219" to="228" />
		</imprint>
	</monogr>
</biblStruct>

<biblStruct >
	<analytic>
		<title level="a" type="main">Semeval-2018 Task 7: Semantic relation extraction and classification in scientific papers</title>
		<author>
			<persName xmlns="http://www.tei-c.org/ns/1.0"><forename type="first">Kata</forename><surname>Gábor</surname></persName>
		</author>
		<author>
			<persName xmlns="http://www.tei-c.org/ns/1.0"><forename type="first">Davide</forename><surname>Buscaldi</surname></persName>
		</author>
		<author>
			<persName xmlns="http://www.tei-c.org/ns/1.0"><forename type="first">Anne-Kathrin</forename><surname>Schumann</surname></persName>
		</author>
		<author>
			<persName xmlns="http://www.tei-c.org/ns/1.0"><forename type="first">Behrang</forename><surname>Qasemizadeh</surname></persName>
		</author>
		<author>
			<persName xmlns="http://www.tei-c.org/ns/1.0"><forename type="first">Ha¨ıfaha¨ıfa</forename><surname>Zargayouna</surname></persName>
		</author>
		<author>
			<persName xmlns="http://www.tei-c.org/ns/1.0"><forename type="first">Thierry</forename><surname>Charnois</surname></persName>
		</author>
	</analytic>
	<monogr>
		<title level="m">Proc. Int. Workshop on Semantic Evaluation (SemEval)</title>
		<meeting>Int. Workshop on Semantic Evaluation (SemEval)</meeting>
		<imprint>
			<date type="published" when="2018" />
		</imprint>
	</monogr>
</biblStruct>

<biblStruct >
	<analytic>
		<title level="a" type="main">Semantic annotation of the ACL anthology corpus for the automatic analysis of scientific literature</title>
		<author>
			<persName xmlns="http://www.tei-c.org/ns/1.0"><forename type="first">Kata</forename><surname>Gabor</surname></persName>
		</author>
		<author>
			<persName xmlns="http://www.tei-c.org/ns/1.0"><forename type="first">Haifa</forename><surname>Zargayouna</surname></persName>
		</author>
		<author>
			<persName xmlns="http://www.tei-c.org/ns/1.0"><forename type="first">Davide</forename><surname>Buscaldi</surname></persName>
		</author>
	</analytic>
	<monogr>
		<title level="m">Proc. Language Resources and Evaluation Conference (LREC)</title>
		<meeting>Language Resources and Evaluation Conference (LREC)</meeting>
		<imprint>
			<date type="published" when="2016" />
		</imprint>
	</monogr>
	<note>Isabelle Tellier, and Thierry Charnois</note>
</biblStruct>

<biblStruct >
	<analytic>
		<title level="a" type="main">Unsupervised relation extraction in specialized corpora using sequence mining</title>
		<author>
			<persName xmlns="http://www.tei-c.org/ns/1.0"><forename type="first">Kata</forename><surname>Gábor</surname></persName>
		</author>
		<author>
			<persName xmlns="http://www.tei-c.org/ns/1.0"><forename type="first">Ha¨ıfaha¨ıfa</forename><surname>Zargayouna</surname></persName>
		</author>
		<author>
			<persName xmlns="http://www.tei-c.org/ns/1.0"><forename type="first">Isabelle</forename><surname>Tellier</surname></persName>
		</author>
		<author>
			<persName xmlns="http://www.tei-c.org/ns/1.0"><forename type="first">Davide</forename><surname>Buscaldi</surname></persName>
		</author>
		<author>
			<persName xmlns="http://www.tei-c.org/ns/1.0"><forename type="first">Thierry</forename><surname>Charnois</surname></persName>
		</author>
	</analytic>
	<monogr>
		<title level="m">International Symposium on Intelligent Data Analysis</title>
		<imprint>
			<publisher>Springer</publisher>
			<date type="published" when="2016" />
			<biblScope unit="page" from="237" to="248" />
		</imprint>
	</monogr>
</biblStruct>

<biblStruct >
	<analytic>
		<title level="a" type="main">A theoretically grounded application of dropout in recurrent neural networks</title>
		<author>
			<persName xmlns="http://www.tei-c.org/ns/1.0"><forename type="first">Yarin</forename><surname>Gal</surname></persName>
		</author>
		<author>
			<persName xmlns="http://www.tei-c.org/ns/1.0"><forename type="first">Zoubin</forename><surname>Ghahramani</surname></persName>
		</author>
	</analytic>
	<monogr>
		<title level="m">Proc. Annu. Conf. Neural Inform. Process. Syst. (NIPS)</title>
		<meeting>Annu. Conf. Neural Inform. ess. Syst. (NIPS)</meeting>
		<imprint>
			<date type="published" when="2016" />
		</imprint>
	</monogr>
</biblStruct>

<biblStruct >
	<analytic>
		<title level="a" type="main">Analyzing the dynamics of research by extracting key aspects of scientific papers</title>
		<author>
			<persName xmlns="http://www.tei-c.org/ns/1.0"><forename type="first">Sonal</forename><surname>Gupta</surname></persName>
		</author>
		<author>
			<persName xmlns="http://www.tei-c.org/ns/1.0"><surname>Christopher</surname></persName>
		</author>
		<author>
			<persName xmlns="http://www.tei-c.org/ns/1.0"><surname>Manning</surname></persName>
		</author>
	</analytic>
	<monogr>
		<title level="m">Proc. IJCNLP</title>
		<meeting>IJCNLP</meeting>
		<imprint>
			<date type="published" when="2011" />
			<biblScope unit="page" from="1" to="9" />
		</imprint>
	</monogr>
</biblStruct>

<biblStruct >
	<analytic>
		<title level="a" type="main">Jointly predicting predicates and arguments in neural semantic role labeling</title>
		<author>
			<persName xmlns="http://www.tei-c.org/ns/1.0"><forename type="first">Luheng</forename><surname>He</surname></persName>
		</author>
		<author>
			<persName xmlns="http://www.tei-c.org/ns/1.0"><forename type="first">Kenton</forename><surname>Lee</surname></persName>
		</author>
		<author>
			<persName xmlns="http://www.tei-c.org/ns/1.0"><forename type="first">Omer</forename><surname>Levy</surname></persName>
		</author>
		<author>
			<persName xmlns="http://www.tei-c.org/ns/1.0"><forename type="first">Luke</forename><surname>Zettlemoyer</surname></persName>
		</author>
	</analytic>
	<monogr>
		<title level="m">ACL</title>
		<imprint>
			<date type="published" when="2018" />
		</imprint>
	</monogr>
</biblStruct>

<biblStruct >
	<analytic>
		<title level="a" type="main">Long short-term memory</title>
		<author>
			<persName xmlns="http://www.tei-c.org/ns/1.0"><forename type="first">Sepp</forename><surname>Hochreiter</surname></persName>
		</author>
		<author>
			<persName xmlns="http://www.tei-c.org/ns/1.0"><forename type="first">Jürgen</forename><surname>Schmidhuber</surname></persName>
		</author>
	</analytic>
	<monogr>
		<title level="j">Neural computation</title>
		<imprint>
			<biblScope unit="volume">9</biblScope>
			<biblScope unit="issue">8</biblScope>
			<biblScope unit="page" from="1735" to="1780" />
			<date type="published" when="1997" />
		</imprint>
	</monogr>
</biblStruct>

<biblStruct >
	<analytic>
		<title level="a" type="main">The computational linguistics summarization pilot task</title>
		<author>
			<persName xmlns="http://www.tei-c.org/ns/1.0"><forename type="first">Kokil</forename><surname>Jaidka</surname></persName>
		</author>
		<author>
			<persName xmlns="http://www.tei-c.org/ns/1.0"><forename type="first">Muthu</forename><surname>Kumar Chandrasekaran</surname></persName>
		</author>
		<author>
			<persName xmlns="http://www.tei-c.org/ns/1.0"><forename type="first">Beatriz</forename><forename type="middle">Fisas</forename><surname>Elizalde</surname></persName>
		</author>
		<author>
			<persName xmlns="http://www.tei-c.org/ns/1.0"><forename type="first">Rahul</forename><surname>Jha</surname></persName>
		</author>
		<author>
			<persName xmlns="http://www.tei-c.org/ns/1.0"><forename type="first">Christopher</forename><surname>Jones</surname></persName>
		</author>
		<author>
			<persName xmlns="http://www.tei-c.org/ns/1.0"><forename type="first">Min-Yen</forename><surname>Kan</surname></persName>
		</author>
		<author>
			<persName xmlns="http://www.tei-c.org/ns/1.0"><forename type="first">Ankur</forename><surname>Khanna</surname></persName>
		</author>
		<author>
			<persName xmlns="http://www.tei-c.org/ns/1.0"><forename type="first">Diego</forename><surname>Molla-Aliod</surname></persName>
		</author>
		<author>
			<persName xmlns="http://www.tei-c.org/ns/1.0"><forename type="first">Francesco</forename><surname>Dragomir R Radev</surname></persName>
		</author>
		<author>
			<persName xmlns="http://www.tei-c.org/ns/1.0"><surname>Ronzano</surname></persName>
		</author>
	</analytic>
	<monogr>
		<title level="m">Proc. Text Analysis Conference</title>
		<meeting>Text Analysis Conference</meeting>
		<imprint>
			<date type="published" when="2014" />
		</imprint>
	</monogr>
</biblStruct>

<biblStruct >
	<monogr>
		<title level="m" type="main">Structures and statistics of citation networks</title>
		<author>
			<persName xmlns="http://www.tei-c.org/ns/1.0"><forename type="first">Miray</forename><surname>Kas</surname></persName>
		</author>
		<imprint>
			<date type="published" when="2011" />
			<publisher>DTIC Document</publisher>
		</imprint>
	</monogr>
<note type="report_type">Technical report</note>
</biblStruct>

<biblStruct >
	<analytic>
		<title level="a" type="main">Going out on a limb: Joint extraction of entity mentions and relations without dependency trees</title>
		<author>
			<persName xmlns="http://www.tei-c.org/ns/1.0"><forename type="first">Arzoo</forename><surname>Katiyar</surname></persName>
		</author>
		<author>
			<persName xmlns="http://www.tei-c.org/ns/1.0"><forename type="first">Claire</forename><surname>Cardie</surname></persName>
		</author>
	</analytic>
	<monogr>
		<title level="m">Proc</title>
		<meeting>null</meeting>
		<imprint>
			<date type="published" when="2017" />
		</imprint>
	</monogr>
</biblStruct>

<biblStruct >
	<analytic>
		<title/>
	</analytic>
	<monogr>
		<title level="j">Annu. Meeting Assoc. for Computational Linguistics (ACL)</title>
		<imprint>
			<biblScope unit="volume">1</biblScope>
			<biblScope unit="page" from="917" to="928" />
		</imprint>
	</monogr>
</biblStruct>

<biblStruct >
	<analytic>
		<title level="a" type="main">Improving sentence compression by learning to predict gaze</title>
		<author>
			<persName xmlns="http://www.tei-c.org/ns/1.0"><forename type="first">Sigrid</forename><surname>Klerke</surname></persName>
		</author>
		<author>
			<persName xmlns="http://www.tei-c.org/ns/1.0"><forename type="first">Yoav</forename><surname>Goldberg</surname></persName>
		</author>
		<author>
			<persName xmlns="http://www.tei-c.org/ns/1.0"><forename type="first">Anders</forename><surname>Søgaard</surname></persName>
		</author>
	</analytic>
	<monogr>
		<title level="m">HLT-NAACL</title>
		<imprint>
			<date type="published" when="2016" />
		</imprint>
	</monogr>
</biblStruct>

<biblStruct >
	<analytic>
		<title level="a" type="main">Neural architectures for named entity recognition</title>
		<author>
			<persName xmlns="http://www.tei-c.org/ns/1.0"><forename type="first">Guillaume</forename><surname>Lample</surname></persName>
		</author>
		<author>
			<persName xmlns="http://www.tei-c.org/ns/1.0"><forename type="first">Miguel</forename><surname>Ballesteros</surname></persName>
		</author>
		<author>
			<persName xmlns="http://www.tei-c.org/ns/1.0"><forename type="first">Sandeep</forename><surname>Subramanian</surname></persName>
		</author>
		<author>
			<persName xmlns="http://www.tei-c.org/ns/1.0"><forename type="first">Kazuya</forename><surname>Kawakami</surname></persName>
		</author>
		<author>
			<persName xmlns="http://www.tei-c.org/ns/1.0"><forename type="first">Chris</forename><surname>Dyer</surname></persName>
		</author>
	</analytic>
	<monogr>
		<title level="m">Proc. Conf. North American Assoc. for Computational Linguistics (NAACL)</title>
		<meeting>Conf. North American Assoc. for Computational Linguistics (NAACL)</meeting>
		<imprint>
			<date type="published" when="2016" />
		</imprint>
	</monogr>
</biblStruct>

<biblStruct >
	<analytic>
		<title level="a" type="main">End-to-end neural coreference resolution</title>
		<author>
			<persName xmlns="http://www.tei-c.org/ns/1.0"><forename type="first">Kenton</forename><surname>Lee</surname></persName>
		</author>
		<author>
			<persName xmlns="http://www.tei-c.org/ns/1.0"><forename type="first">Luheng</forename><surname>He</surname></persName>
		</author>
		<author>
			<persName xmlns="http://www.tei-c.org/ns/1.0"><forename type="first">Mike</forename><surname>Lewis</surname></persName>
		</author>
		<author>
			<persName xmlns="http://www.tei-c.org/ns/1.0"><forename type="first">Luke</forename><forename type="middle">S</forename><surname>Zettlemoyer</surname></persName>
		</author>
	</analytic>
	<monogr>
		<title level="m">EMNLP</title>
		<imprint>
			<date type="published" when="2017" />
		</imprint>
	</monogr>
</biblStruct>

<biblStruct >
	<analytic>
		<title level="a" type="main">Higher-order coreference resolution with coarse-tofine inference</title>
		<author>
			<persName xmlns="http://www.tei-c.org/ns/1.0"><forename type="first">Kenton</forename><surname>Lee</surname></persName>
		</author>
		<author>
			<persName xmlns="http://www.tei-c.org/ns/1.0"><forename type="first">Luheng</forename><surname>He</surname></persName>
		</author>
		<author>
			<persName xmlns="http://www.tei-c.org/ns/1.0"><forename type="first">Luke</forename><surname>Zettlemoyer</surname></persName>
		</author>
	</analytic>
	<monogr>
		<title level="m">NAACL</title>
		<imprint>
			<date type="published" when="2018" />
		</imprint>
	</monogr>
</biblStruct>

<biblStruct >
	<analytic>
		<title level="a" type="main">Multi-task learning for speaker-role adaptation in neural conversation models</title>
		<author>
			<persName xmlns="http://www.tei-c.org/ns/1.0"><forename type="first">Yi</forename><surname>Luan</surname></persName>
		</author>
		<author>
			<persName xmlns="http://www.tei-c.org/ns/1.0"><forename type="first">Chris</forename><surname>Brockett</surname></persName>
		</author>
		<author>
			<persName xmlns="http://www.tei-c.org/ns/1.0"><forename type="first">Bill</forename><surname>Dolan</surname></persName>
		</author>
		<author>
			<persName xmlns="http://www.tei-c.org/ns/1.0"><forename type="first">Jianfeng</forename><surname>Gao</surname></persName>
		</author>
		<author>
			<persName xmlns="http://www.tei-c.org/ns/1.0"><forename type="first">Michel</forename><surname>Galley</surname></persName>
		</author>
	</analytic>
	<monogr>
		<title level="m">Proc. IJCNLP</title>
		<meeting>IJCNLP</meeting>
		<imprint>
			<date type="published" when="2017" />
		</imprint>
	</monogr>
</biblStruct>

<biblStruct >
	<analytic>
		<title level="a" type="main">Multiplicative representations for unsupervised semantic role induction</title>
		<author>
			<persName xmlns="http://www.tei-c.org/ns/1.0"><forename type="first">Yi</forename><surname>Luan</surname></persName>
		</author>
		<author>
			<persName xmlns="http://www.tei-c.org/ns/1.0"><forename type="first">Yangfeng</forename><surname>Ji</surname></persName>
		</author>
		<author>
			<persName xmlns="http://www.tei-c.org/ns/1.0"><forename type="first">Hannaneh</forename><surname>Hajishirzi</surname></persName>
		</author>
		<author>
			<persName xmlns="http://www.tei-c.org/ns/1.0"><forename type="first">Boyang</forename><surname>Li</surname></persName>
		</author>
	</analytic>
	<monogr>
		<title level="m">Proc</title>
		<meeting>null</meeting>
		<imprint>
			<date type="published" when="2016" />
		</imprint>
	</monogr>
</biblStruct>

<biblStruct >
	<monogr>
				<author>
			<persName xmlns="http://www.tei-c.org/ns/1.0"><surname>Annu</surname></persName>
		</author>
		<title level="m">Meeting Assoc. for Computational Linguistics (ACL)</title>
		<imprint>
			<biblScope unit="page">118</biblScope>
		</imprint>
	</monogr>
</biblStruct>

<biblStruct >
	<analytic>
		<title level="a" type="main">Scientific information extraction with semisupervised neural tagging</title>
		<author>
			<persName xmlns="http://www.tei-c.org/ns/1.0"><forename type="first">Yi</forename><surname>Luan</surname></persName>
		</author>
		<author>
			<persName xmlns="http://www.tei-c.org/ns/1.0"><forename type="first">Mari</forename><surname>Ostendorf</surname></persName>
		</author>
		<author>
			<persName xmlns="http://www.tei-c.org/ns/1.0"><forename type="first">Hannaneh</forename><surname>Hajishirzi</surname></persName>
		</author>
	</analytic>
	<monogr>
		<title level="m">Proc. Conf. Empirical Methods Natural Language Process. (EMNLP)</title>
		<meeting>Conf. Empirical Methods Natural Language ess. (EMNLP)</meeting>
		<imprint>
			<date type="published" when="2017" />
		</imprint>
	</monogr>
</biblStruct>

<biblStruct >
	<analytic>
		<title level="a" type="main">The uwnlp system at semeval-2018 task 7: Neural relation extraction model with selectively incorporated concept embeddings</title>
		<author>
			<persName xmlns="http://www.tei-c.org/ns/1.0"><forename type="first">Yi</forename><surname>Luan</surname></persName>
		</author>
		<author>
			<persName xmlns="http://www.tei-c.org/ns/1.0"><forename type="first">Mari</forename><surname>Ostendorf</surname></persName>
		</author>
		<author>
			<persName xmlns="http://www.tei-c.org/ns/1.0"><forename type="first">Hannaneh</forename><surname>Hajishirzi</surname></persName>
		</author>
	</analytic>
	<monogr>
		<title level="m">Proc. Int. Workshop on Semantic Evaluation (SemEval)</title>
		<meeting>Int. Workshop on Semantic Evaluation (SemEval)</meeting>
		<imprint>
			<date type="published" when="2018" />
			<biblScope unit="page" from="788" to="792" />
		</imprint>
	</monogr>
</biblStruct>

<biblStruct >
	<analytic>
		<title level="a" type="main">End-to-end relation extraction using lstms on sequences and tree structures</title>
		<author>
			<persName xmlns="http://www.tei-c.org/ns/1.0"><forename type="first">Makoto</forename><surname>Miwa</surname></persName>
		</author>
		<author>
			<persName xmlns="http://www.tei-c.org/ns/1.0"><forename type="first">Mohit</forename><surname>Bansal</surname></persName>
		</author>
	</analytic>
	<monogr>
		<title level="m">Proc. Annu. Meeting Assoc. for Computational Linguistics (ACL)</title>
		<meeting>Annu. Meeting Assoc. for Computational Linguistics (ACL)</meeting>
		<imprint>
			<date type="published" when="2016" />
			<biblScope unit="page" from="1105" to="1116" />
		</imprint>
	</monogr>
</biblStruct>

<biblStruct >
	<analytic>
		<title level="a" type="main">Cross-sentence n-ary relation extraction with graph lstms</title>
		<author>
			<persName xmlns="http://www.tei-c.org/ns/1.0"><forename type="first">Nanyun</forename><surname>Peng</surname></persName>
		</author>
		<author>
			<persName xmlns="http://www.tei-c.org/ns/1.0"><forename type="first">Hoifung</forename><surname>Poon</surname></persName>
		</author>
		<author>
			<persName xmlns="http://www.tei-c.org/ns/1.0"><forename type="first">Chris</forename><surname>Quirk</surname></persName>
		</author>
		<author>
			<persName xmlns="http://www.tei-c.org/ns/1.0"><forename type="first">Kristina</forename><surname>Toutanova</surname></persName>
		</author>
		<author>
			<persName xmlns="http://www.tei-c.org/ns/1.0"><forename type="first">Wen-Tau</forename><surname>Yih</surname></persName>
		</author>
	</analytic>
	<monogr>
		<title level="j">Trans. Assoc. for Computational Linguistics (TACL)</title>
		<imprint>
			<biblScope unit="volume">5</biblScope>
			<biblScope unit="page" from="101" to="115" />
			<date type="published" when="2017" />
		</imprint>
	</monogr>
</biblStruct>

<biblStruct >
	<analytic>
		<title level="a" type="main">Semi-supervised sequence tagging with bidirectional language models</title>
		<author>
			<persName xmlns="http://www.tei-c.org/ns/1.0"><forename type="first">Matthew</forename><surname>Peters</surname></persName>
		</author>
		<author>
			<persName xmlns="http://www.tei-c.org/ns/1.0"><forename type="first">Waleed</forename><surname>Ammar</surname></persName>
		</author>
		<author>
			<persName xmlns="http://www.tei-c.org/ns/1.0"><forename type="first">Chandra</forename><surname>Bhagavatula</surname></persName>
		</author>
		<author>
			<persName xmlns="http://www.tei-c.org/ns/1.0"><forename type="first">Russell</forename><surname>Power</surname></persName>
		</author>
	</analytic>
	<monogr>
		<title level="m">Proc. Annu. Meeting Assoc. for Computational Linguistics (ACL)</title>
		<meeting>Annu. Meeting Assoc. for Computational Linguistics (ACL)</meeting>
		<imprint>
			<date type="published" when="2017" />
			<biblScope unit="volume">1</biblScope>
			<biblScope unit="page" from="1756" to="1765" />
		</imprint>
	</monogr>
</biblStruct>

<biblStruct >
	<analytic>
		<title level="a" type="main">Deep contextualized word representations</title>
		<author>
			<persName xmlns="http://www.tei-c.org/ns/1.0"><forename type="first">Matthew</forename><forename type="middle">E</forename><surname>Peters</surname></persName>
		</author>
		<author>
			<persName xmlns="http://www.tei-c.org/ns/1.0"><forename type="first">Mark</forename><surname>Neumann</surname></persName>
		</author>
		<author>
			<persName xmlns="http://www.tei-c.org/ns/1.0"><forename type="first">Mohit</forename><surname>Iyyer</surname></persName>
		</author>
		<author>
			<persName xmlns="http://www.tei-c.org/ns/1.0"><forename type="first">Matt</forename><surname>Gardner</surname></persName>
		</author>
		<author>
			<persName xmlns="http://www.tei-c.org/ns/1.0"><forename type="first">Christopher</forename><surname>Clark</surname></persName>
		</author>
		<author>
			<persName xmlns="http://www.tei-c.org/ns/1.0"><forename type="first">Kenton</forename><surname>Lee</surname></persName>
		</author>
		<author>
			<persName xmlns="http://www.tei-c.org/ns/1.0"><forename type="first">Luke</forename><surname>Zettlemoyer</surname></persName>
		</author>
	</analytic>
	<monogr>
		<title level="m">NAACL</title>
		<imprint>
			<date type="published" when="2018" />
		</imprint>
	</monogr>
</biblStruct>

<biblStruct >
	<analytic>
		<title level="a" type="main">The ACL RD-TEC 2.0: A language resource for evaluating term extraction and entity recognition methods</title>
		<author>
			<persName xmlns="http://www.tei-c.org/ns/1.0"><forename type="first">Behrang</forename><surname>Qasemizadeh</surname></persName>
		</author>
		<author>
			<persName xmlns="http://www.tei-c.org/ns/1.0"><forename type="first">Anne-Kathrin</forename><surname>Schumann</surname></persName>
		</author>
	</analytic>
	<monogr>
		<title level="m">LREC</title>
		<imprint>
			<date type="published" when="2016" />
		</imprint>
	</monogr>
</biblStruct>

<biblStruct >
	<analytic>
		<title level="a" type="main">Distant supervision for relation extraction beyond the sentence boundary</title>
		<author>
			<persName xmlns="http://www.tei-c.org/ns/1.0"><forename type="first">Chris</forename><surname>Quirk</surname></persName>
		</author>
		<author>
			<persName xmlns="http://www.tei-c.org/ns/1.0"><forename type="first">Hoifung</forename><surname>Poon</surname></persName>
		</author>
	</analytic>
	<monogr>
		<title level="m">Proc. European Chapter Assoc. for Computational Linguistics (EACL)</title>
		<meeting>European Chapter Assoc. for Computational Linguistics (EACL)</meeting>
		<imprint>
			<date type="published" when="2017" />
			<biblScope unit="page" from="1171" to="1182" />
		</imprint>
	</monogr>
</biblStruct>

<biblStruct >
	<analytic>
		<title level="a" type="main">Semi-supervised multitask learning for sequence labeling</title>
		<author>
			<persName xmlns="http://www.tei-c.org/ns/1.0"><forename type="first">Marek</forename><surname>Rei</surname></persName>
		</author>
	</analytic>
	<monogr>
		<title level="m">Proc. Annu. Meeting Assoc. for Computational Linguistics (ACL)</title>
		<meeting>Annu. Meeting Assoc. for Computational Linguistics (ACL)</meeting>
		<imprint>
			<date type="published" when="2017" />
		</imprint>
	</monogr>
</biblStruct>

<biblStruct >
	<analytic>
		<title level="a" type="main">Discovering factions in the computational linguistics community</title>
		<author>
			<persName xmlns="http://www.tei-c.org/ns/1.0"><forename type="first">Yanchuan</forename><surname>Sim</surname></persName>
		</author>
		<author>
			<persName xmlns="http://www.tei-c.org/ns/1.0"><forename type="first">A</forename><surname>Noah</surname></persName>
		</author>
		<author>
			<persName xmlns="http://www.tei-c.org/ns/1.0"><forename type="first">David A</forename><surname>Smith</surname></persName>
		</author>
		<author>
			<persName xmlns="http://www.tei-c.org/ns/1.0"><surname>Smith</surname></persName>
		</author>
	</analytic>
	<monogr>
		<title level="m">Proc. ACL Special Workshop on Rediscovering 50 Years of Discoveries</title>
		<meeting>ACL Special Workshop on Rediscovering 50 Years of Discoveries</meeting>
		<imprint>
			<date type="published" when="2012" />
			<biblScope unit="page" from="22" to="32" />
		</imprint>
	</monogr>
</biblStruct>

<biblStruct >
	<analytic>
		<title level="a" type="main">Joint inference of entities, relations, and coreference</title>
		<author>
			<persName xmlns="http://www.tei-c.org/ns/1.0"><forename type="first">Sameer</forename><surname>Singh</surname></persName>
		</author>
		<author>
			<persName xmlns="http://www.tei-c.org/ns/1.0"><forename type="first">Sebastian</forename><surname>Riedel</surname></persName>
		</author>
		<author>
			<persName xmlns="http://www.tei-c.org/ns/1.0"><forename type="first">Brian</forename><surname>Martin</surname></persName>
		</author>
		<author>
			<persName xmlns="http://www.tei-c.org/ns/1.0"><forename type="first">Jiaping</forename><surname>Zheng</surname></persName>
		</author>
		<author>
			<persName xmlns="http://www.tei-c.org/ns/1.0"><forename type="first">Andrew</forename><surname>Mccallum</surname></persName>
		</author>
	</analytic>
	<monogr>
		<title level="m">Proc. of the 2013 workshop on Automated knowledge base construction</title>
		<meeting>of the 2013 workshop on Automated knowledge base construction</meeting>
		<imprint>
			<publisher>ACM</publisher>
			<date type="published" when="2013" />
			<biblScope unit="page" from="1" to="6" />
		</imprint>
	</monogr>
</biblStruct>

<biblStruct >
	<analytic>
		<title level="a" type="main">Brat: a web-based tool for nlp-assisted text annotation</title>
		<author>
			<persName xmlns="http://www.tei-c.org/ns/1.0"><forename type="first">Pontus</forename><surname>Stenetorp</surname></persName>
		</author>
		<author>
			<persName xmlns="http://www.tei-c.org/ns/1.0"><forename type="first">Sampo</forename><surname>Pyysalo</surname></persName>
		</author>
		<author>
			<persName xmlns="http://www.tei-c.org/ns/1.0"><forename type="first">Goran</forename><surname>Topi´ctopi´c</surname></persName>
		</author>
		<author>
			<persName xmlns="http://www.tei-c.org/ns/1.0"><forename type="first">Tomoko</forename><surname>Ohta</surname></persName>
		</author>
		<author>
			<persName xmlns="http://www.tei-c.org/ns/1.0"><forename type="first">Sophia</forename><surname>Ananiadou</surname></persName>
		</author>
		<author>
			<persName xmlns="http://www.tei-c.org/ns/1.0"><forename type="first">Jun&amp;apos;ichi</forename><surname>Tsujii</surname></persName>
		</author>
	</analytic>
	<monogr>
		<title level="m">Proc. European Chapter Assoc. for Computational Linguistics (EACL)</title>
		<meeting>European Chapter Assoc. for Computational Linguistics (EACL)</meeting>
		<imprint>
			<date type="published" when="2012" />
			<biblScope unit="page" from="102" to="107" />
		</imprint>
	</monogr>
</biblStruct>

<biblStruct >
	<monogr>
		<title level="m" type="main">Frame-semantic parsing with softmax-margin segmental rnns and a syntactic scaffold</title>
		<author>
			<persName xmlns="http://www.tei-c.org/ns/1.0"><forename type="first">Swabha</forename><surname>Swayamdipta</surname></persName>
		</author>
		<author>
			<persName xmlns="http://www.tei-c.org/ns/1.0"><forename type="first">Sam</forename><surname>Thomson</surname></persName>
		</author>
		<author>
			<persName xmlns="http://www.tei-c.org/ns/1.0"><forename type="first">Chris</forename><surname>Dyer</surname></persName>
		</author>
		<author>
			<persName xmlns="http://www.tei-c.org/ns/1.0"><forename type="first">Noah</forename><forename type="middle">A</forename><surname>Smith</surname></persName>
		</author>
		<imprint>
			<date type="published" when="2017" />
		</imprint>
	</monogr>
	<note>CoRR abs/1706.09528</note>
</biblStruct>

<biblStruct >
	<analytic>
		<title level="a" type="main">Concept-based analysis of scientific literature</title>
		<author>
			<persName xmlns="http://www.tei-c.org/ns/1.0"><forename type="first">Chen-Tse</forename><surname>Tsai</surname></persName>
		</author>
		<author>
			<persName xmlns="http://www.tei-c.org/ns/1.0"><forename type="first">Gourab</forename><surname>Kundu</surname></persName>
		</author>
		<author>
			<persName xmlns="http://www.tei-c.org/ns/1.0"><forename type="first">Dan</forename><surname>Roth</surname></persName>
		</author>
	</analytic>
	<monogr>
		<title level="m">Proc. ACM Int. Conference on Information &amp; Knowledge Management</title>
		<meeting>ACM Int. Conference on Information &amp; Knowledge Management</meeting>
		<imprint>
			<publisher>ACM</publisher>
			<date type="published" when="2013" />
			<biblScope unit="page" from="1733" to="1738" />
		</imprint>
	</monogr>
</biblStruct>

<biblStruct >
	<analytic>
		<title level="a" type="main">He said, she said: Gender in the ACL anthology</title>
		<author>
			<persName xmlns="http://www.tei-c.org/ns/1.0"><forename type="first">Adam</forename><surname>Vogel</surname></persName>
		</author>
		<author>
			<persName xmlns="http://www.tei-c.org/ns/1.0"><forename type="first">Dan</forename><surname>Jurafsky</surname></persName>
		</author>
	</analytic>
	<monogr>
		<title level="m">Proc. ACL Special Workshop on Rediscovering 50 Years of Discoveries</title>
		<meeting>ACL Special Workshop on Rediscovering 50 Years of Discoveries</meeting>
		<imprint>
			<date type="published" when="2012" />
			<biblScope unit="page" from="33" to="41" />
		</imprint>
	</monogr>
</biblStruct>

<biblStruct >
	<monogr>
		<title/>
		<author>
			<persName xmlns="http://www.tei-c.org/ns/1.0"><forename type="first">Sam</forename><surname>Wiseman</surname></persName>
		</author>
		<author>
			<persName xmlns="http://www.tei-c.org/ns/1.0"><forename type="first">Alexander</forename><forename type="middle">M</forename><surname>Rush</surname></persName>
		</author>
		<author>
			<persName xmlns="http://www.tei-c.org/ns/1.0"><forename type="first">Stuart</forename><forename type="middle">M</forename></persName>
		</author>
		<imprint/>
	</monogr>
</biblStruct>

<biblStruct >
	<analytic>
		<title level="a" type="main">Learning global features for coreference resolution</title>
		<author>
			<persName xmlns="http://www.tei-c.org/ns/1.0"><surname>Shieber</surname></persName>
		</author>
	</analytic>
	<monogr>
		<title level="m">HLT-NAACL</title>
		<imprint>
			<date type="published" when="2016" />
		</imprint>
	</monogr>
</biblStruct>

<biblStruct >
	<analytic>
		<title level="a" type="main">Improved relation classification by deep recurrent neural networks with data augmentation</title>
		<author>
			<persName xmlns="http://www.tei-c.org/ns/1.0"><forename type="first">Yan</forename><surname>Xu</surname></persName>
		</author>
		<author>
			<persName xmlns="http://www.tei-c.org/ns/1.0"><forename type="first">Ran</forename><surname>Jia</surname></persName>
		</author>
		<author>
			<persName xmlns="http://www.tei-c.org/ns/1.0"><forename type="first">Lili</forename><surname>Mou</surname></persName>
		</author>
		<author>
			<persName xmlns="http://www.tei-c.org/ns/1.0"><forename type="first">Ge</forename><surname>Li</surname></persName>
		</author>
		<author>
			<persName xmlns="http://www.tei-c.org/ns/1.0"><forename type="first">Yunchuan</forename><surname>Chen</surname></persName>
		</author>
		<author>
			<persName xmlns="http://www.tei-c.org/ns/1.0"><forename type="first">Yangyang</forename><surname>Lu</surname></persName>
		</author>
		<author>
			<persName xmlns="http://www.tei-c.org/ns/1.0"><forename type="first">Zhi</forename><surname>Jin</surname></persName>
		</author>
	</analytic>
	<monogr>
		<title level="m">Proc. Int. Conf. Computational Linguistics (COLING)</title>
		<meeting>Int. Conf. Computational Linguistics (COLING)</meeting>
		<imprint>
			<date type="published" when="2016" />
			<biblScope unit="page" from="1461" to="1470" />
		</imprint>
	</monogr>
</biblStruct>

<biblStruct >
	<analytic>
		<title level="a" type="main">Exploiting parallel news streams for unsupervised event extraction</title>
		<author>
			<persName xmlns="http://www.tei-c.org/ns/1.0"><forename type="first">Congle</forename><surname>Zhang</surname></persName>
		</author>
		<author>
			<persName xmlns="http://www.tei-c.org/ns/1.0"><forename type="first">Stephen</forename><surname>Soderland</surname></persName>
		</author>
		<author>
			<persName xmlns="http://www.tei-c.org/ns/1.0"><forename type="first">Daniel</forename><forename type="middle">S</forename><surname>Weld</surname></persName>
		</author>
	</analytic>
	<monogr>
		<title level="j">TACL</title>
		<imprint>
			<biblScope unit="volume">3</biblScope>
			<biblScope unit="page" from="117" to="129" />
			<date type="published" when="2015" />
		</imprint>
	</monogr>
</biblStruct>

<biblStruct >
	<analytic>
		<title level="a" type="main">End-to-end neural relation extraction with global optimization</title>
		<author>
			<persName xmlns="http://www.tei-c.org/ns/1.0"><forename type="first">Meishan</forename><surname>Zhang</surname></persName>
		</author>
		<author>
			<persName xmlns="http://www.tei-c.org/ns/1.0"><forename type="first">Yue</forename><surname>Zhang</surname></persName>
		</author>
		<author>
			<persName xmlns="http://www.tei-c.org/ns/1.0"><forename type="first">Guohong</forename><surname>Fu</surname></persName>
		</author>
	</analytic>
	<monogr>
		<title level="m">Proc. Conf. Empirical Methods Natural Language Process. (EMNLP)</title>
		<meeting>Conf. Empirical Methods Natural Language ess. (EMNLP)</meeting>
		<imprint>
			<date type="published" when="2017" />
			<biblScope unit="page" from="1730" to="1740" />
		</imprint>
	</monogr>
</biblStruct>

<biblStruct >
	<analytic>
		<title level="a" type="main">Joint extraction of entities and relations based on a novel tagging scheme</title>
		<author>
			<persName xmlns="http://www.tei-c.org/ns/1.0"><forename type="first">Suncong</forename><surname>Zheng</surname></persName>
		</author>
		<author>
			<persName xmlns="http://www.tei-c.org/ns/1.0"><forename type="first">Feng</forename><surname>Wang</surname></persName>
		</author>
		<author>
			<persName xmlns="http://www.tei-c.org/ns/1.0"><forename type="first">Hongyun</forename><surname>Bao</surname></persName>
		</author>
		<author>
			<persName xmlns="http://www.tei-c.org/ns/1.0"><forename type="first">Yuexing</forename><surname>Hao</surname></persName>
		</author>
		<author>
			<persName xmlns="http://www.tei-c.org/ns/1.0"><forename type="first">Peng</forename><surname>Zhou</surname></persName>
		</author>
		<author>
			<persName xmlns="http://www.tei-c.org/ns/1.0"><forename type="first">Bo</forename><surname>Xu</surname></persName>
		</author>
	</analytic>
	<monogr>
		<title level="m">Proc. Annu. Meeting Assoc. for Computational Linguistics (ACL)</title>
		<meeting>Annu. Meeting Assoc. for Computational Linguistics (ACL)</meeting>
		<imprint>
			<date type="published" when="2017" />
			<biblScope unit="volume">1</biblScope>
			<biblScope unit="page" from="1227" to="1236" />
		</imprint>
	</monogr>
</biblStruct>

<biblStruct >
	<analytic>
		<title level="a" type="main">with the extention that spans can be embedded in longer spans, only if the shorter span is involved in a relation</title>
	</analytic>
	<monogr>
		<title level="m">A.4 Notes 1. Entity boundary annotation follows the ACL RD-TEC Annotation Guideline (QasemiZadeh and Schumann</title>
		<imprint>
			<date type="published" when="2016" />
		</imprint>
	</monogr>
</biblStruct>

<biblStruct >
	<monogr>
		<title level="m" type="main">Do not include determinators (such as the, a), or adjective pronouns (such as this,its, these, such) to the span. If generic phrases are not involved in a relation</title>
		<imprint/>
	</monogr>
	<note>do not tag them</note>
</biblStruct>

<biblStruct >
	<monogr>
		<title level="m" type="main">Do not tag relation if one entity is: • Variable bound: We introduce a neural based approach</title>
		<imprint/>
	</monogr>
</biblStruct>

<biblStruct >
	<monogr>
		<title level="m" type="main">Its benefit is</title>
		<imprint/>
	</monogr>
</biblStruct>

<biblStruct >
	<monogr>
		<title level="m" type="main">The word which: We introduce a neural based approach, which is a</title>
		<imprint/>
	</monogr>
</biblStruct>

<biblStruct >
	<monogr>
		<title level="m" type="main">Do not tag coreference if the entity is • Generically-used Other-ScientificTerm: ...advantage gained from local smoothness which</title>
		<imprint/>
	</monogr>
	<note>We present algorithms exploiting local smoothness in more aggressive ways</note>
</biblStruct>

<biblStruct >
	<monogr>
		<title level="m" type="main">Same scientific term but refer to different examples: We use a data structure, we also use another data structure</title>
		<imprint/>
	</monogr>
</biblStruct>

			</listBibl>
		</back>
	</text>
</TEI>
