<?xml version="1.0" ?>
<TEI xmlns="http://www.tei-c.org/ns/1.0" xmlns:xlink="http://www.w3.org/1999/xlink" 
 xmlns:mml="http://www.w3.org/1998/Math/MathML">
	<teiHeader>
		<fileDesc xml:id="f_129"/>
	</teiHeader>
	<text>
		<front/>
		<body/>
		<back>
			<listBibl>
<biblStruct >
	<analytic>
		<title level="a" type="main">Wiki deployment in corporate settings</title>
		<author>
			<persName xmlns="http://www.tei-c.org/ns/1.0"><forename type="first">Ofer</forename><surname>Arazy</surname></persName>
		</author>
		<author>
			<persName xmlns="http://www.tei-c.org/ns/1.0"><forename type="first">Ian</forename><surname>Gellatly</surname></persName>
		</author>
		<author>
			<persName xmlns="http://www.tei-c.org/ns/1.0"><forename type="first">Soobaek</forename><surname>Jang</surname></persName>
		</author>
		<author>
			<persName xmlns="http://www.tei-c.org/ns/1.0"><forename type="first">Raymond</forename><surname>Patterson</surname></persName>
		</author>
	</analytic>
	<monogr>
		<title level="j">IEEE Technology and Society Magazine</title>
		<imprint>
			<biblScope unit="volume">28</biblScope>
			<biblScope unit="issue">2</biblScope>
			<biblScope unit="page" from="57" to="64" />
			<date type="published" when="2009" />
		</imprint>
	</monogr>
</biblStruct>

<biblStruct >
	<analytic>
		<title level="a" type="main">Inter-Coder Agreement for Computational Linguistics</title>
		<author>
			<persName xmlns="http://www.tei-c.org/ns/1.0"><forename type="first">Ron</forename><surname>Artstein</surname></persName>
		</author>
		<author>
			<persName xmlns="http://www.tei-c.org/ns/1.0"><forename type="first">Massimo</forename><surname>Poesio</surname></persName>
		</author>
	</analytic>
	<monogr>
		<title level="j">Computational Linguistics</title>
		<imprint>
			<biblScope unit="volume">34</biblScope>
			<biblScope unit="issue">4</biblScope>
			<biblScope unit="page" from="555" to="596" />
			<date type="published" when="2008" />
		</imprint>
	</monogr>
</biblStruct>

<biblStruct >
	<monogr>
		<title level="m" type="main">Random Forests. Machine Learning</title>
		<author>
			<persName xmlns="http://www.tei-c.org/ns/1.0"><forename type="first">Leo</forename><surname>Breiman</surname></persName>
		</author>
		<imprint>
			<date type="published" when="2001" />
			<biblScope unit="volume">45</biblScope>
			<biblScope unit="page" from="5" to="32" />
		</imprint>
	</monogr>
</biblStruct>

<biblStruct >
	<analytic>
		<title level="a" type="main">User Edits Classification Using Document Revision Histories</title>
		<author>
			<persName xmlns="http://www.tei-c.org/ns/1.0"><forename type="first">Amit</forename><surname>Bronner</surname></persName>
		</author>
		<author>
			<persName xmlns="http://www.tei-c.org/ns/1.0"><forename type="first">Christof</forename><surname>Monz</surname></persName>
		</author>
	</analytic>
	<monogr>
		<title level="m">European Chapter of the Association for Computational Linguistics (EACL 2012)</title>
		<meeting><address><addrLine>Avignon, France</addrLine></address></meeting>
		<imprint>
			<date type="published" when="2012" />
			<biblScope unit="page" from="356" to="366" />
		</imprint>
	</monogr>
</biblStruct>

<biblStruct >
	<analytic>
		<title level="a" type="main">A Corpus-Based Study of Edit Categories in Featured and Non-Featured Wikipedia Articles</title>
		<author>
			<persName xmlns="http://www.tei-c.org/ns/1.0"><forename type="first">Johannes</forename><surname>Daxenberger</surname></persName>
		</author>
		<author>
			<persName xmlns="http://www.tei-c.org/ns/1.0"><forename type="first">Iryna</forename><surname>Gurevych</surname></persName>
		</author>
	</analytic>
	<monogr>
		<title level="m">Proceedings of the 24th International Conference on Computational Linguistics</title>
		<meeting>the 24th International Conference on Computational Linguistics<address><addrLine>Mumbai, India</addrLine></address></meeting>
		<imprint>
			<date type="published" when="2012" />
			<biblScope unit="page" from="711" to="726" />
		</imprint>
	</monogr>
</biblStruct>

<biblStruct >
	<analytic>
		<title level="a" type="main">Automatically Classifying Edit Categories in Wikipedia Revisions</title>
		<author>
			<persName xmlns="http://www.tei-c.org/ns/1.0"><forename type="first">Johannes</forename><surname>Daxenberger</surname></persName>
		</author>
		<author>
			<persName xmlns="http://www.tei-c.org/ns/1.0"><forename type="first">Iryna</forename><surname>Gurevych</surname></persName>
		</author>
	</analytic>
	<monogr>
		<title level="m">Proceedings of the Conference on Empirical Methods in Natural Language Processing</title>
		<meeting>the Conference on Empirical Methods in Natural Language Processing<address><addrLine>Seattle, WA, USA</addrLine></address></meeting>
		<imprint>
			<date type="published" when="2013" />
			<biblScope unit="page" from="578" to="589" />
		</imprint>
	</monogr>
</biblStruct>

<biblStruct >
	<analytic>
		<title level="a" type="main">DKPro TC: A Java-based Framework for Supervised Learning Experiments on Textual Data</title>
		<author>
			<persName xmlns="http://www.tei-c.org/ns/1.0"><forename type="first">Johannes</forename><surname>Daxenberger</surname></persName>
		</author>
		<author>
			<persName xmlns="http://www.tei-c.org/ns/1.0"><forename type="first">Oliver</forename><surname>Ferschke</surname></persName>
		</author>
		<author>
			<persName xmlns="http://www.tei-c.org/ns/1.0"><forename type="first">Iryna</forename><surname>Gurevych</surname></persName>
		</author>
		<author>
			<persName xmlns="http://www.tei-c.org/ns/1.0"><forename type="first">Torsten</forename><surname>Zesch</surname></persName>
		</author>
	</analytic>
	<monogr>
		<title level="m">Proceedings of the 52nd Annual Meeting of the Association for Computational Linguistics</title>
		<meeting>the 52nd Annual Meeting of the Association for Computational Linguistics<address><addrLine>Baltimore, MD, USA</addrLine></address></meeting>
		<imprint>
			<date type="published" when="2014" />
		</imprint>
	</monogr>
	<note>System Demonstrations, page (to appear</note>
</biblStruct>

<biblStruct >
	<analytic>
		<title level="a" type="main">Design and implementation of the Sweble Wikitext parser</title>
		<author>
			<persName xmlns="http://www.tei-c.org/ns/1.0"><forename type="first">Hannes</forename><surname>Dohrn</surname></persName>
		</author>
		<author>
			<persName xmlns="http://www.tei-c.org/ns/1.0"><forename type="first">Dirk</forename><surname>Riehle</surname></persName>
		</author>
	</analytic>
	<monogr>
		<title level="m">Proceedings of the International Symposium on Wikis and Open Collaboration (WikiSym &apos;11)</title>
		<meeting>the International Symposium on Wikis and Open Collaboration (WikiSym &apos;11)<address><addrLine>Mountain View, CA, USA</addrLine></address></meeting>
		<imprint>
			<date type="published" when="2011" />
			<biblScope unit="page" from="72" to="81" />
		</imprint>
	</monogr>
</biblStruct>

<biblStruct >
	<analytic>
		<title level="a" type="main">Coordination processes in computer supported collaborative writing</title>
		<author>
			<persName xmlns="http://www.tei-c.org/ns/1.0"><forename type="first">Gijsbert</forename><surname>Erkens</surname></persName>
		</author>
		<author>
			<persName xmlns="http://www.tei-c.org/ns/1.0"><forename type="first">Jos</forename><surname>Jaspers</surname></persName>
		</author>
		<author>
			<persName xmlns="http://www.tei-c.org/ns/1.0"><forename type="first">Maaike</forename><surname>Prangsma</surname></persName>
		</author>
		<author>
			<persName xmlns="http://www.tei-c.org/ns/1.0"><forename type="first">Gellof</forename><surname>Kanselaar</surname></persName>
		</author>
	</analytic>
	<monogr>
		<title level="j">Computers in Human Behavior</title>
		<imprint>
			<biblScope unit="volume">21</biblScope>
			<biblScope unit="issue">3</biblScope>
			<biblScope unit="page" from="463" to="486" />
			<date type="published" when="2005" />
		</imprint>
	</monogr>
</biblStruct>

<biblStruct >
	<analytic>
		<title level="a" type="main">Beyond the encyclopedia: Collective memories in Wikipedia</title>
		<author>
			<persName xmlns="http://www.tei-c.org/ns/1.0"><forename type="first">Michela</forename><surname>Ferron</surname></persName>
		</author>
		<author>
			<persName xmlns="http://www.tei-c.org/ns/1.0"><forename type="first">Paolo</forename><surname>Massa</surname></persName>
		</author>
	</analytic>
	<monogr>
		<title level="j">Memory Studies</title>
		<imprint>
			<biblScope unit="volume">7</biblScope>
			<biblScope unit="issue">1</biblScope>
			<biblScope unit="page" from="22" to="45" />
			<date type="published" when="2014" />
		</imprint>
	</monogr>
</biblStruct>

<biblStruct >
	<analytic>
		<title level="a" type="main">Behind the Article: Recognizing Dialog Acts in Wikipedia Talk Pages</title>
		<author>
			<persName xmlns="http://www.tei-c.org/ns/1.0"><forename type="first">Oliver</forename><surname>Ferschke</surname></persName>
		</author>
		<author>
			<persName xmlns="http://www.tei-c.org/ns/1.0"><forename type="first">Iryna</forename><surname>Gurevych</surname></persName>
		</author>
		<author>
			<persName xmlns="http://www.tei-c.org/ns/1.0"><forename type="first">Yevgen</forename><surname>Chebotar</surname></persName>
		</author>
	</analytic>
	<monogr>
		<title level="m">Proceedings of the 13th Conference of the European Chapter of the Association for Computational Linguistics</title>
		<meeting>the 13th Conference of the European Chapter of the Association for Computational Linguistics<address><addrLine>Avignon, France</addrLine></address></meeting>
		<imprint>
			<date type="published" when="2012" />
			<biblScope unit="page" from="777" to="786" />
		</imprint>
	</monogr>
</biblStruct>

<biblStruct >
	<monogr>
				<author>
			<persName xmlns="http://www.tei-c.org/ns/1.0"><forename type="first">Mark</forename><surname>Hall</surname></persName>
		</author>
		<author>
			<persName xmlns="http://www.tei-c.org/ns/1.0"><forename type="first">Eibe</forename><surname>Frank</surname></persName>
		</author>
		<author>
			<persName xmlns="http://www.tei-c.org/ns/1.0"><forename type="first">Geoffrey</forename><surname>Holmes</surname></persName>
		</author>
		<author>
			<persName xmlns="http://www.tei-c.org/ns/1.0"><forename type="first">Bernhard</forename><surname>Pfahringer</surname></persName>
		</author>
		<author>
			<persName xmlns="http://www.tei-c.org/ns/1.0"><forename type="first">Peter</forename><surname>Reutemann</surname></persName>
		</author>
		<author>
			<persName xmlns="http://www.tei-c.org/ns/1.0"><forename type="first">Ian</forename><surname>Witten</surname></persName>
		</author>
		<title level="m">The WEKA Data Mining Software: An Update. SIGKDD Explorations</title>
		<imprint>
			<date type="published" when="2009" />
			<biblScope unit="volume">11</biblScope>
			<biblScope unit="page" from="10" to="18" />
		</imprint>
	</monogr>
</biblStruct>

<biblStruct >
	<analytic>
		<title level="a" type="main">There is No Deadline-Time Evolution of Wikipedia Discussions</title>
		<author>
			<persName xmlns="http://www.tei-c.org/ns/1.0"><forename type="first">Andreas</forename><surname>Kaltenbrunner</surname></persName>
		</author>
		<author>
			<persName xmlns="http://www.tei-c.org/ns/1.0"><forename type="first">David</forename><surname>Laniado</surname></persName>
		</author>
	</analytic>
	<monogr>
		<title level="m">Proceedings of the Annual International Symposium on Wikis and Open Collaboration</title>
		<meeting>the Annual International Symposium on Wikis and Open Collaboration<address><addrLine>Linz, Austria</addrLine></address></meeting>
		<imprint>
			<date type="published" when="2012" />
		</imprint>
	</monogr>
</biblStruct>

<biblStruct >
	<analytic>
		<title level="a" type="main">Harnessing the wisdom of crowds in wikipedia: quality through coordination</title>
		<author>
			<persName xmlns="http://www.tei-c.org/ns/1.0"><forename type="first">Aniket</forename><surname>Kittur</surname></persName>
		</author>
		<author>
			<persName xmlns="http://www.tei-c.org/ns/1.0"><forename type="first">Robert</forename><forename type="middle">E</forename><surname>Kraut</surname></persName>
		</author>
	</analytic>
	<monogr>
		<title level="m">Proceedings of the 2008 ACM Conference on Computer Supported Cooperative Work</title>
		<meeting>the 2008 ACM Conference on Computer Supported Cooperative Work<address><addrLine>San Diego, CA, USA</addrLine></address></meeting>
		<imprint>
			<date type="published" when="2008" />
			<biblScope unit="page" from="37" to="46" />
		</imprint>
	</monogr>
</biblStruct>

<biblStruct >
	<analytic>
		<title level="a" type="main">A theoretical basis to the automated detection of copying between texts, and its practical implementation in the Ferret plagiarism and collusion detector</title>
		<author>
			<persName xmlns="http://www.tei-c.org/ns/1.0"><forename type="first">C</forename><surname>Lyon</surname></persName>
		</author>
		<author>
			<persName xmlns="http://www.tei-c.org/ns/1.0"><forename type="first">R</forename><surname>Barrett</surname></persName>
		</author>
		<author>
			<persName xmlns="http://www.tei-c.org/ns/1.0"><forename type="first">J</forename><surname>Malcolm</surname></persName>
		</author>
	</analytic>
	<monogr>
		<title level="m">Plagiarism: Prevention, Practice and Policy Conference</title>
		<meeting><address><addrLine>Newcastle, UK</addrLine></address></meeting>
		<imprint>
			<date type="published" when="2004" />
		</imprint>
	</monogr>
</biblStruct>

<biblStruct >
	<analytic>
		<title level="a" type="main">Fast training of support vector machines using sequential minimal optimization</title>
		<author>
			<persName xmlns="http://www.tei-c.org/ns/1.0"><forename type="first">C</forename><surname>John</surname></persName>
		</author>
		<author>
			<persName xmlns="http://www.tei-c.org/ns/1.0"><surname>Platt</surname></persName>
		</author>
	</analytic>
	<monogr>
		<title level="m">Advances in Kernel Methods: Support Vector Learning</title>
		<editor>Bernhard Schölkopf, Christopher J. C. Burges, and Alexander J. Smola</editor>
		<imprint>
			<publisher>MIT Press</publisher>
			<date type="published" when="1998" />
			<biblScope unit="page" from="185" to="208" />
		</imprint>
	</monogr>
</biblStruct>

<biblStruct >
	<analytic>
		<title level="a" type="main">A Content Analysis: How Wikipedia Talk Pages Are Used</title>
		<author>
			<persName xmlns="http://www.tei-c.org/ns/1.0"><forename type="first">Jodi</forename><surname>Schneider</surname></persName>
		</author>
		<author>
			<persName xmlns="http://www.tei-c.org/ns/1.0"><forename type="first">Alexandre</forename><surname>Passant</surname></persName>
		</author>
		<author>
			<persName xmlns="http://www.tei-c.org/ns/1.0"><forename type="first">John</forename><forename type="middle">G</forename><surname>Breslin</surname></persName>
		</author>
	</analytic>
	<monogr>
		<title level="m">Proceedings of the 2nd International Conference of Web Science</title>
		<meeting>the 2nd International Conference of Web Science<address><addrLine>Raleigh, NC, USA</addrLine></address></meeting>
		<imprint>
			<date type="published" when="2010" />
			<biblScope unit="page" from="1" to="7" />
		</imprint>
	</monogr>
</biblStruct>

<biblStruct >
	<analytic>
		<title level="a" type="main">Talk Before You Type: Coordination in Wikipedia</title>
		<author>
			<persName xmlns="http://www.tei-c.org/ns/1.0"><forename type="first">Fernanda</forename><forename type="middle">B</forename><surname>Viégas</surname></persName>
		</author>
		<author>
			<persName xmlns="http://www.tei-c.org/ns/1.0"><forename type="first">Martin</forename><surname>Wattenberg</surname></persName>
		</author>
		<author>
			<persName xmlns="http://www.tei-c.org/ns/1.0"><forename type="first">Jesse</forename><surname>Kriss</surname></persName>
		</author>
		<author>
			<persName xmlns="http://www.tei-c.org/ns/1.0"><forename type="first">Frank</forename><surname>Ham</surname></persName>
		</author>
	</analytic>
	<monogr>
		<title level="m">Proceedings of the 40th</title>
		<meeting>the 40th</meeting>
		<imprint>
			<date type="published" when="2007" />
		</imprint>
	</monogr>
</biblStruct>

<biblStruct >
	<monogr>
				<title level="m">Annual Hawaii International Conference on System Sciences</title>
		<meeting><address><addrLine>Big Island, HI, USA</addrLine></address></meeting>
		<imprint>
			<biblScope unit="page" from="78" to="78" />
		</imprint>
	</monogr>
</biblStruct>

<biblStruct >
	<analytic>
		<title level="a" type="main">Extracting Lexical Semantic Knowledge from Wikipedia and Wiktionary</title>
		<author>
			<persName xmlns="http://www.tei-c.org/ns/1.0"><forename type="first">Torsten</forename><surname>Zesch</surname></persName>
		</author>
		<author>
			<persName xmlns="http://www.tei-c.org/ns/1.0"><forename type="first">Christof</forename><surname>Müller</surname></persName>
		</author>
		<author>
			<persName xmlns="http://www.tei-c.org/ns/1.0"><forename type="first">Iryna</forename><surname>Gurevych</surname></persName>
		</author>
	</analytic>
	<monogr>
		<title level="m">Proceedings of the 6th International Conference on Language Resources and Evaluation</title>
		<meeting>the 6th International Conference on Language Resources and Evaluation<address><addrLine>Marrakech, Morocco</addrLine></address></meeting>
		<imprint>
			<date type="published" when="2008" />
		</imprint>
	</monogr>
</biblStruct>

			</listBibl>
		</back>
	</text>
</TEI>
