<?xml version="1.0" ?>
<TEI xmlns="http://www.tei-c.org/ns/1.0" xmlns:xlink="http://www.w3.org/1999/xlink" 
 xmlns:mml="http://www.w3.org/1998/Math/MathML">
	<teiHeader>
		<fileDesc xml:id="f_867"/>
	</teiHeader>
	<text>
		<front/>
		<body/>
		<back>
			<listBibl>
<biblStruct >
	<analytic>
		<title level="a" type="main">Structural prediction in incremental dependency parsing</title>
		<author>
			<persName xmlns="http://www.tei-c.org/ns/1.0"><forename type="first">Niels</forename><surname>Beuck</surname></persName>
		</author>
		<author>
			<persName xmlns="http://www.tei-c.org/ns/1.0"><forename type="first">Wolfgang</forename><surname>Menzel</surname></persName>
		</author>
	</analytic>
	<monogr>
		<title level="m">Computational Linguistics and Intelligent Text Processing</title>
		<editor>Alexander Gelbukh</editor>
		<meeting><address><addrLine>Berlin Heidelberg</addrLine></address></meeting>
		<imprint>
			<publisher>Springer</publisher>
			<date type="published" when="2013" />
			<biblScope unit="volume">7816</biblScope>
			<biblScope unit="page" from="245" to="257" />
		</imprint>
	</monogr>
</biblStruct>

<biblStruct >
	<analytic>
		<title level="a" type="main">Incremental parsing and the evaluation of partial dependency analyses</title>
		<author>
			<persName xmlns="http://www.tei-c.org/ns/1.0"><forename type="first">Niels</forename><surname>Beuck</surname></persName>
		</author>
		<author>
			<persName xmlns="http://www.tei-c.org/ns/1.0"><forename type="first">Arne</forename><surname>Köhn</surname></persName>
		</author>
		<author>
			<persName xmlns="http://www.tei-c.org/ns/1.0"><forename type="first">Wolfgang</forename><surname>Menzel</surname></persName>
		</author>
	</analytic>
	<monogr>
		<title level="m">Proceedings of the 1st International Conference on Dependency Linguistics. Depling</title>
		<meeting>the 1st International Conference on Dependency Linguistics. Depling</meeting>
		<imprint>
			<date type="published" when="2011" />
		</imprint>
	</monogr>
</biblStruct>

<biblStruct >
	<analytic>
		<title level="a" type="main">Predictive incremental parsing and its evaluation</title>
		<author>
			<persName xmlns="http://www.tei-c.org/ns/1.0"><forename type="first">Niels</forename><surname>Beuck</surname></persName>
		</author>
		<author>
			<persName xmlns="http://www.tei-c.org/ns/1.0"><forename type="first">Arne</forename><surname>Köhn</surname></persName>
		</author>
		<author>
			<persName xmlns="http://www.tei-c.org/ns/1.0"><forename type="first">Wolfgang</forename><surname>Menzel</surname></persName>
		</author>
	</analytic>
	<monogr>
		<title level="m">Computational Dependency Theory</title>
		<editor>Kim Gerdes, Eva Hajičová, and Leo Wanner</editor>
		<imprint>
			<publisher>IOS press</publisher>
			<date type="published" when="2013" />
			<biblScope unit="volume">258</biblScope>
			<biblScope unit="page" from="186" to="206" />
		</imprint>
	</monogr>
</biblStruct>

<biblStruct >
	<monogr>
		<title level="m" type="main">A Broad-Coverage Model of Prediction in Human Sentence Processing</title>
		<author>
			<persName xmlns="http://www.tei-c.org/ns/1.0"><surname>Vera Demberg-Winterfors</surname></persName>
		</author>
		<imprint>
			<date type="published" when="2010" />
		</imprint>
		<respStmt>
			<orgName>University of Edinburgh</orgName>
		</respStmt>
	</monogr>
<note type="report_type">Ph.D. thesis</note>
</biblStruct>

<biblStruct >
	<analytic>
		<title level="a" type="main">The Hamburg Dependency Treebank</title>
		<author>
			<persName xmlns="http://www.tei-c.org/ns/1.0"><forename type="first">A</forename><surname>Kilian</surname></persName>
		</author>
		<author>
			<persName xmlns="http://www.tei-c.org/ns/1.0"><forename type="first">Niels</forename><surname>Foth</surname></persName>
		</author>
		<author>
			<persName xmlns="http://www.tei-c.org/ns/1.0"><forename type="first">Arne</forename><surname>Beuck</surname></persName>
		</author>
		<author>
			<persName xmlns="http://www.tei-c.org/ns/1.0"><forename type="first">Wolfgang</forename><surname>Köhn</surname></persName>
		</author>
		<author>
			<persName xmlns="http://www.tei-c.org/ns/1.0"><surname>Menzel</surname></persName>
		</author>
	</analytic>
	<monogr>
		<title level="m">Proceedings of the Language Resources and Evaluation Conference 2014. LREC, European Language Resources Association (ELRA)</title>
		<meeting>the Language Resources and Evaluation Conference 2014. LREC, European Language Resources Association (ELRA)</meeting>
		<imprint>
			<date type="published" when="2014" />
		</imprint>
	</monogr>
</biblStruct>

<biblStruct >
	<analytic>
		<title level="a" type="main">Lexicalized semi-incremental dependency parsing</title>
		<author>
			<persName xmlns="http://www.tei-c.org/ns/1.0"><forename type="first">Hany</forename><surname>Hassan</surname></persName>
		</author>
		<author>
			<persName xmlns="http://www.tei-c.org/ns/1.0"><forename type="first">Andy</forename><surname>Way</surname></persName>
		</author>
	</analytic>
	<monogr>
		<title level="m">Proceedings of the International Conference RANLP-2009</title>
		<meeting>the International Conference RANLP-2009<address><addrLine>Borovets, Bulgaria</addrLine></address></meeting>
		<imprint>
			<date type="published" when="2009-09" />
			<biblScope unit="page" from="128" to="134" />
		</imprint>
	</monogr>
	<note>Association for Computational Linguistics</note>
</biblStruct>

<biblStruct >
	<analytic>
		<title level="a" type="main">Extended constituent-to-dependency conversion for English</title>
		<author>
			<persName xmlns="http://www.tei-c.org/ns/1.0"><forename type="first">Richard</forename><surname>Johansson</surname></persName>
		</author>
		<author>
			<persName xmlns="http://www.tei-c.org/ns/1.0"><forename type="first">Pierre</forename><surname>Nugues</surname></persName>
		</author>
	</analytic>
	<monogr>
		<title level="m">Proceedings of NODALIDA 2007</title>
		<meeting>NODALIDA 2007<address><addrLine>Tartu, Estonia</addrLine></address></meeting>
		<imprint>
			<date type="published" when="2007-05-25" />
			<biblScope unit="page" from="105" to="112" />
		</imprint>
	</monogr>
</biblStruct>

<biblStruct >
	<analytic>
		<title level="a" type="main">Incremental and predictive dependency parsing under real-time conditions</title>
		<author>
			<persName xmlns="http://www.tei-c.org/ns/1.0"><forename type="first">Arne</forename><surname>Köhn</surname></persName>
		</author>
		<author>
			<persName xmlns="http://www.tei-c.org/ns/1.0"><forename type="first">Wolfgang</forename><surname>Menzel</surname></persName>
		</author>
	</analytic>
	<monogr>
		<title level="m">Proceedings of the International Conference Recent Advances in Natural Language Processing RANLP 2013</title>
		<meeting>the International Conference Recent Advances in Natural Language Processing RANLP 2013</meeting>
		<imprint>
			<date type="published" when="2013-09" />
			<biblScope unit="page" from="373" to="381" />
		</imprint>
	</monogr>
	<note>Hissar, Bulgaria. INCOMA Ltd. Shoumen, BULGARIA</note>
</biblStruct>

<biblStruct >
	<analytic>
		<title level="a" type="main">The Penn Treebank: Annotating predicate argument structure</title>
		<author>
			<persName xmlns="http://www.tei-c.org/ns/1.0"><forename type="first">Mitchell</forename><surname>Marcus</surname></persName>
		</author>
		<author>
			<persName xmlns="http://www.tei-c.org/ns/1.0"><forename type="first">Grace</forename><surname>Kim</surname></persName>
		</author>
		<author>
			<persName xmlns="http://www.tei-c.org/ns/1.0"><forename type="first">Mary</forename><forename type="middle">Ann</forename><surname>Marcinkiewicz</surname></persName>
		</author>
		<author>
			<persName xmlns="http://www.tei-c.org/ns/1.0"><forename type="first">Robert</forename><surname>Macintyre</surname></persName>
		</author>
		<author>
			<persName xmlns="http://www.tei-c.org/ns/1.0"><forename type="first">Ann</forename><surname>Bies</surname></persName>
		</author>
		<author>
			<persName xmlns="http://www.tei-c.org/ns/1.0"><forename type="first">Mark</forename><surname>Ferguson</surname></persName>
		</author>
		<author>
			<persName xmlns="http://www.tei-c.org/ns/1.0"><forename type="first">Karen</forename><surname>Katz</surname></persName>
		</author>
		<author>
			<persName xmlns="http://www.tei-c.org/ns/1.0"><forename type="first">Britta</forename><surname>Schasberger</surname></persName>
		</author>
	</analytic>
	<monogr>
		<title level="m">Proceedings of the Workshop on Human Language Technology, HLT &apos;94</title>
		<meeting>the Workshop on Human Language Technology, HLT &apos;94<address><addrLine>Stroudsburg, PA, USA</addrLine></address></meeting>
		<imprint>
			<publisher>Association for Computational Linguistics</publisher>
			<date type="published" when="1994" />
			<biblScope unit="page" from="114" to="119" />
		</imprint>
	</monogr>
</biblStruct>

<biblStruct >
	<analytic>
		<title level="a" type="main">Turning on the turbo: Fast third-order nonprojective turbo parsers</title>
		<author>
			<persName xmlns="http://www.tei-c.org/ns/1.0"><forename type="first">Andre</forename><surname>Martins</surname></persName>
		</author>
		<author>
			<persName xmlns="http://www.tei-c.org/ns/1.0"><forename type="first">Miguel</forename><surname>Almeida</surname></persName>
		</author>
		<author>
			<persName xmlns="http://www.tei-c.org/ns/1.0"><forename type="first">Noah</forename><forename type="middle">A</forename><surname>Smith</surname></persName>
		</author>
	</analytic>
	<monogr>
		<title level="m">Proceedings of the 51st Annual Meeting of the Association for Computational Linguistics</title>
		<meeting>the 51st Annual Meeting of the Association for Computational Linguistics<address><addrLine>Sofia, Bulgaria</addrLine></address></meeting>
		<imprint>
			<date type="published" when="2013-08" />
			<biblScope unit="volume">2</biblScope>
			<biblScope unit="page" from="617" to="622" />
		</imprint>
	</monogr>
	<note>Short Papers)</note>
</biblStruct>

<biblStruct >
	<analytic>
		<title level="a" type="main">Maltparser: A language-independent system for data-driven dependency parsing</title>
		<author>
			<persName xmlns="http://www.tei-c.org/ns/1.0"><forename type="first">Joakim</forename><surname>Nivre</surname></persName>
		</author>
		<author>
			<persName xmlns="http://www.tei-c.org/ns/1.0"><forename type="first">Johan</forename><surname>Hall</surname></persName>
		</author>
		<author>
			<persName xmlns="http://www.tei-c.org/ns/1.0"><forename type="first">Jens</forename><surname>Nilsson</surname></persName>
		</author>
		<author>
			<persName xmlns="http://www.tei-c.org/ns/1.0"><forename type="first">Atanas</forename><surname>Chanev</surname></persName>
		</author>
		<author>
			<persName xmlns="http://www.tei-c.org/ns/1.0"><forename type="first">Gülsen</forename><surname>Eryigit</surname></persName>
		</author>
		<author>
			<persName xmlns="http://www.tei-c.org/ns/1.0"><forename type="first">Sandra</forename><surname>Kübler</surname></persName>
		</author>
		<author>
			<persName xmlns="http://www.tei-c.org/ns/1.0"><forename type="first">Svetoslav</forename><surname>Marinov</surname></persName>
		</author>
		<author>
			<persName xmlns="http://www.tei-c.org/ns/1.0"><forename type="first">Erwin</forename><surname>Marsi</surname></persName>
		</author>
	</analytic>
	<monogr>
		<title level="j">Natural Language Engineering</title>
		<imprint>
			<biblScope unit="volume">13</biblScope>
			<biblScope unit="issue">2</biblScope>
			<biblScope unit="page" from="95" to="135" />
			<date type="published" when="2007" />
		</imprint>
	</monogr>
</biblStruct>

<biblStruct >
	<analytic>
		<title level="a" type="main">A general, abstract model of incremental dialogue processing</title>
		<author>
			<persName xmlns="http://www.tei-c.org/ns/1.0"><forename type="first">Davin</forename><surname>Schlangen</surname></persName>
		</author>
		<author>
			<persName xmlns="http://www.tei-c.org/ns/1.0"><forename type="first">Gabriel</forename><surname>Skantze</surname></persName>
		</author>
	</analytic>
	<monogr>
		<title level="j">Dialogue and Discourse</title>
		<imprint>
			<biblScope unit="volume">2</biblScope>
			<biblScope unit="issue">1</biblScope>
			<biblScope unit="page" from="83" to="111" />
			<date type="published" when="2011" />
		</imprint>
	</monogr>
</biblStruct>

<biblStruct >
	<analytic>
		<title level="a" type="main">Processing coordinated structures: Incrementality and connectedness</title>
		<author>
			<persName xmlns="http://www.tei-c.org/ns/1.0"><forename type="first">Patrick</forename><surname>Sturt</surname></persName>
		</author>
		<author>
			<persName xmlns="http://www.tei-c.org/ns/1.0"><forename type="first">Vincenzo</forename><surname>Lombardo</surname></persName>
		</author>
	</analytic>
	<monogr>
		<title level="j">Cognitive Science</title>
		<imprint>
			<biblScope unit="volume">29</biblScope>
			<biblScope unit="issue">2</biblScope>
			<biblScope unit="page" from="291" to="305" />
			<date type="published" when="2005" />
		</imprint>
	</monogr>
</biblStruct>

			</listBibl>
		</back>
	</text>
</TEI>
