<?xml version="1.0" ?>
<TEI xmlns="http://www.tei-c.org/ns/1.0" xmlns:xlink="http://www.w3.org/1999/xlink" 
 xmlns:mml="http://www.w3.org/1998/Math/MathML">
	<teiHeader>
		<fileDesc xml:id="f_813"/>
	</teiHeader>
	<text>
		<front/>
		<body/>
		<back>
			<listBibl>
<biblStruct >
	<analytic>
		<title level="a" type="main">Latent Dirichlet Allocation</title>
		<author>
			<persName xmlns="http://www.tei-c.org/ns/1.0"><forename type="first">David</forename><surname>Blei</surname></persName>
		</author>
		<author>
			<persName xmlns="http://www.tei-c.org/ns/1.0"><forename type="first">Andrew</forename><surname>Ng</surname></persName>
		</author>
		<author>
			<persName xmlns="http://www.tei-c.org/ns/1.0"><forename type="first">Michael</forename><surname>Jordan</surname></persName>
		</author>
	</analytic>
	<monogr>
		<title level="j">Journal of Machine Learning Research</title>
		<imprint>
			<biblScope unit="volume">3</biblScope>
			<biblScope unit="page" from="993" to="1022" />
			<date type="published" when="2003" />
		</imprint>
	</monogr>
</biblStruct>

<biblStruct >
	<analytic>
		<title level="a" type="main">Quantifying the value of pronunciation lexicons for keyword search in low resource languages</title>
		<author>
			<persName xmlns="http://www.tei-c.org/ns/1.0"><forename type="first">Guoguo</forename><surname>Chen</surname></persName>
		</author>
		<author>
			<persName xmlns="http://www.tei-c.org/ns/1.0"><forename type="first">Sanjeev</forename><surname>Khudanpur</surname></persName>
		</author>
		<author>
			<persName xmlns="http://www.tei-c.org/ns/1.0"><forename type="first">Daniel</forename><surname>Povey</surname></persName>
		</author>
		<author>
			<persName xmlns="http://www.tei-c.org/ns/1.0"><forename type="first">Jan</forename><surname>Trmal</surname></persName>
		</author>
		<author>
			<persName xmlns="http://www.tei-c.org/ns/1.0"><forename type="first">David</forename><surname>Yarowsky</surname></persName>
		</author>
		<author>
			<persName xmlns="http://www.tei-c.org/ns/1.0"><forename type="first">Oguz</forename><surname>Yilmaz</surname></persName>
		</author>
	</analytic>
	<monogr>
		<title level="m">International Conference on Acoustics, Speech and Signal Processing (ICASSP)</title>
		<imprint>
			<publisher>IEEE</publisher>
			<date type="published" when="2013" />
		</imprint>
	</monogr>
</biblStruct>

<biblStruct >
	<analytic>
		<title level="a" type="main">Latent topic modelling of word co-occurence information for spoken document retrieval</title>
		<author>
			<persName xmlns="http://www.tei-c.org/ns/1.0"><surname>Berlin Chen</surname></persName>
		</author>
	</analytic>
	<monogr>
		<title level="m">Proceedings of the International Conference on Acoustics, Speech and Signal Processing (ICASSP)</title>
		<meeting>the International Conference on Acoustics, Speech and Signal Processing (ICASSP)</meeting>
		<imprint>
			<publisher>IEEE</publisher>
			<date type="published" when="2009" />
			<biblScope unit="page" from="3961" to="3964" />
		</imprint>
	</monogr>
</biblStruct>

<biblStruct >
	<analytic>
		<title level="a" type="main">Using conversational word bursts in spoken term detection</title>
		<author>
			<persName xmlns="http://www.tei-c.org/ns/1.0"><forename type="first">Justin</forename><surname>Chiu</surname></persName>
		</author>
		<author>
			<persName xmlns="http://www.tei-c.org/ns/1.0"><forename type="first">Alexander</forename><surname>Rudnicky</surname></persName>
		</author>
	</analytic>
	<monogr>
		<title level="m">Proceedings of the 14th Annual Conference of the International Speech Communication Association</title>
		<meeting>the 14th Annual Conference of the International Speech Communication Association</meeting>
		<imprint>
			<date type="published" when="2013" />
			<biblScope unit="page" from="2247" to="2251" />
		</imprint>
	</monogr>
	<note>ISCA</note>
</biblStruct>

<biblStruct >
	<analytic>
		<title level="a" type="main">Poisson Mixtures</title>
		<author>
			<persName xmlns="http://www.tei-c.org/ns/1.0"><forename type="first">Kenneth</forename><surname>Church</surname></persName>
		</author>
		<author>
			<persName xmlns="http://www.tei-c.org/ns/1.0"><forename type="first">William</forename><surname>Gale</surname></persName>
		</author>
	</analytic>
	<monogr>
		<title level="j">Natural Language Engineering</title>
		<imprint>
			<biblScope unit="volume">1</biblScope>
			<biblScope unit="issue">2</biblScope>
			<biblScope unit="page" from="163" to="190" />
			<date type="published" when="1995" />
		</imprint>
	</monogr>
</biblStruct>

<biblStruct >
	<analytic>
		<title level="a" type="main">Inverse Focument Frequency (IDF): A measure of deviations from Poisson</title>
		<author>
			<persName xmlns="http://www.tei-c.org/ns/1.0"><forename type="first">Kenneth</forename><surname>Church</surname></persName>
		</author>
		<author>
			<persName xmlns="http://www.tei-c.org/ns/1.0"><forename type="first">William</forename><surname>Gale</surname></persName>
		</author>
	</analytic>
	<monogr>
		<title level="m">Natural Language Processing Using Very Large Corpora</title>
		<imprint>
			<publisher>Springer</publisher>
			<date type="published" when="1999" />
			<biblScope unit="page" from="283" to="295" />
		</imprint>
	</monogr>
</biblStruct>

<biblStruct >
	<analytic>
		<title level="a" type="main">Empirical estimates of adaptation: the chance of two Noriegas is closer to p/2 than p 2</title>
		<author>
			<persName xmlns="http://www.tei-c.org/ns/1.0"><forename type="first">Kenneth</forename><surname>Church</surname></persName>
		</author>
	</analytic>
	<monogr>
		<title level="m">Proceedings of the 18th Conference on Computational Linguistics</title>
		<meeting>the 18th Conference on Computational Linguistics</meeting>
		<imprint>
			<publisher>ACL</publisher>
			<date type="published" when="2000" />
			<biblScope unit="volume">1</biblScope>
			<biblScope unit="page" from="180" to="186" />
		</imprint>
	</monogr>
</biblStruct>

<biblStruct >
	<analytic>
		<title level="a" type="main">Dynamic nonlocal language modeling via hierarchical topicbased adaptation</title>
		<author>
			<persName xmlns="http://www.tei-c.org/ns/1.0"><forename type="first">Radu</forename><surname>Florian</surname></persName>
		</author>
		<author>
			<persName xmlns="http://www.tei-c.org/ns/1.0"><forename type="first">David</forename><surname>Yarowsky</surname></persName>
		</author>
	</analytic>
	<monogr>
		<title level="m">Proceedings of the 37th annual meeting of the Association for Computational Linguistics</title>
		<meeting>the 37th annual meeting of the Association for Computational Linguistics</meeting>
		<imprint>
			<publisher>ACL</publisher>
			<date type="published" when="1999" />
			<biblScope unit="page" from="167" to="174" />
		</imprint>
	</monogr>
</biblStruct>

<biblStruct >
	<monogr>
		<title level="m" type="main">IARPA Solicitation IARPABAA-11-02</title>
		<author>
			<persName xmlns="http://www.tei-c.org/ns/1.0"><forename type="first">Mary</forename><surname>Harper</surname></persName>
		</author>
		<ptr target="http://www.iarpa.gov/solicitations_babel.html" />
		<imprint>
			<date type="published" when="2011" />
		</imprint>
	</monogr>
</biblStruct>

<biblStruct >
	<analytic>
		<title level="a" type="main">Unsupervised learning by probabilistic latent semantic analysis</title>
		<author>
			<persName xmlns="http://www.tei-c.org/ns/1.0"><forename type="first">Thomas</forename><surname>Hofmann</surname></persName>
		</author>
	</analytic>
	<monogr>
		<title level="m">Machine Learning</title>
		<imprint>
			<date type="published" when="2001" />
			<biblScope unit="volume">42</biblScope>
			<biblScope unit="page" from="177" to="196" />
		</imprint>
	</monogr>
</biblStruct>

<biblStruct >
	<analytic>
		<title level="a" type="main">Style &amp; topic language model adaptation using HMM-LDA</title>
		<author>
			<persName xmlns="http://www.tei-c.org/ns/1.0"><forename type="first">Bo-June Paul</forename><surname>Hsu</surname></persName>
		</author>
		<author>
			<persName xmlns="http://www.tei-c.org/ns/1.0"><forename type="first">James</forename><surname>Glass</surname></persName>
		</author>
	</analytic>
	<monogr>
		<title level="m">Proceedings of the 2006 Conference on Empirical Methods in Natural Language Processing. ACL</title>
		<meeting>the 2006 Conference on Empirical Methods in Natural Language Processing. ACL</meeting>
		<imprint>
			<date type="published" when="2006" />
		</imprint>
	</monogr>
</biblStruct>

<biblStruct >
	<monogr>
		<title level="m" type="main">Statistical Methods for Speech Recognition</title>
		<author>
			<persName xmlns="http://www.tei-c.org/ns/1.0"><forename type="first">Fred</forename><surname>Jelinek</surname></persName>
		</author>
		<imprint>
			<date type="published" when="1997" />
			<publisher>MIT Press</publisher>
		</imprint>
	</monogr>
</biblStruct>

<biblStruct >
	<analytic>
		<title level="a" type="main">Distribution of content words and phrases in text and language modelling</title>
		<author>
			<persName xmlns="http://www.tei-c.org/ns/1.0"><forename type="first">Slava</forename><surname>Katz</surname></persName>
		</author>
	</analytic>
	<monogr>
		<title level="j">Natural Language Engineering</title>
		<imprint>
			<biblScope unit="volume">2</biblScope>
			<biblScope unit="issue">1</biblScope>
			<biblScope unit="page" from="15" to="59" />
			<date type="published" when="1996" />
		</imprint>
	</monogr>
</biblStruct>

<biblStruct >
	<analytic>
		<title level="a" type="main">A maximum entropy language model integrating n-grams and topic dependencies for conversational speech recognition</title>
		<author>
			<persName xmlns="http://www.tei-c.org/ns/1.0"><forename type="first">Sanjeev</forename><surname>Khudanpur</surname></persName>
		</author>
		<author>
			<persName xmlns="http://www.tei-c.org/ns/1.0"><forename type="first">Jun</forename><surname>Wu</surname></persName>
		</author>
	</analytic>
	<monogr>
		<title level="m">Proceedings of the International Conference on Acoustics, Speech, and Signal Processing (ICASSP)</title>
		<meeting>the International Conference on Acoustics, Speech, and Signal Processing (ICASSP)</meeting>
		<imprint>
			<publisher>IEEE</publisher>
			<date type="published" when="1999" />
			<biblScope unit="volume">1</biblScope>
			<biblScope unit="page" from="553" to="556" />
		</imprint>
	</monogr>
</biblStruct>

<biblStruct >
	<analytic>
		<title level="a" type="main">On the dynamic adaptation of stochastic language models</title>
		<author>
			<persName xmlns="http://www.tei-c.org/ns/1.0"><forename type="first">Reinhard</forename><surname>Kneser</surname></persName>
		</author>
		<author>
			<persName xmlns="http://www.tei-c.org/ns/1.0"><forename type="first">Volker</forename><surname>Steinbiss</surname></persName>
		</author>
	</analytic>
	<monogr>
		<title level="m">Proceedings of the International Conference on Acoustics, Speech, and Signal Processing</title>
		<meeting>the International Conference on Acoustics, Speech, and Signal Processing</meeting>
		<imprint>
			<publisher>IEEE</publisher>
			<date type="published" when="1993" />
			<biblScope unit="volume">2</biblScope>
			<biblScope unit="page" from="586" to="589" />
		</imprint>
	</monogr>
</biblStruct>

<biblStruct >
	<analytic>
		<title level="a" type="main">A cachebased natural language model for speech recognition</title>
		<author>
			<persName xmlns="http://www.tei-c.org/ns/1.0"><forename type="first">Roland</forename><surname>Kuhn</surname></persName>
		</author>
		<author>
			<persName xmlns="http://www.tei-c.org/ns/1.0"><forename type="first">Renato</forename><forename type="middle">De</forename><surname>Mori</surname></persName>
		</author>
	</analytic>
	<monogr>
		<title level="j">Transactions on Pattern Analysis and Machine Intelligence</title>
		<imprint>
			<biblScope unit="volume">12</biblScope>
			<biblScope unit="issue">6</biblScope>
			<biblScope unit="page" from="570" to="583" />
			<date type="published" when="1990" />
		</imprint>
	</monogr>
</biblStruct>

<biblStruct >
	<analytic>
		<title level="a" type="main">Unsupervised language model adaptation via topic modeling based on named entity hypotheses</title>
		<author>
			<persName xmlns="http://www.tei-c.org/ns/1.0"><forename type="first">Yang</forename><surname>Liu</surname></persName>
		</author>
		<author>
			<persName xmlns="http://www.tei-c.org/ns/1.0"><forename type="first">Feifan</forename><surname>Liu</surname></persName>
		</author>
	</analytic>
	<monogr>
		<title level="m">Proceedings of the International Conference on Acoustics, Speech and Signal Processing</title>
		<meeting>the International Conference on Acoustics, Speech and Signal Processing</meeting>
		<imprint>
			<publisher>IEEE</publisher>
			<date type="published" when="2008" />
			<biblScope unit="page" from="4921" to="4924" />
		</imprint>
	</monogr>
</biblStruct>

<biblStruct >
	<analytic>
		<title level="a" type="main">Topic-dependent-class-based n-gram language model</title>
		<author>
			<persName xmlns="http://www.tei-c.org/ns/1.0"><forename type="first">Welly</forename><surname>Naptali</surname></persName>
		</author>
		<author>
			<persName xmlns="http://www.tei-c.org/ns/1.0"><forename type="first">Masatoshi</forename><surname>Tsuchiya</surname></persName>
		</author>
		<author>
			<persName xmlns="http://www.tei-c.org/ns/1.0"><forename type="first">Seiichi</forename><surname>Nakagawa</surname></persName>
		</author>
	</analytic>
	<monogr>
		<title level="j">Transactions on Audio, Speech, and Language Processing</title>
		<imprint>
			<biblScope unit="volume">20</biblScope>
			<biblScope unit="issue">5</biblScope>
			<biblScope unit="page" from="1513" to="1525" />
			<date type="published" when="2012" />
		</imprint>
	</monogr>
</biblStruct>

<biblStruct >
	<monogr>
		<title level="m" type="main">The Spoken Term Detection (STD)</title>
		<author>
			<persName xmlns="http://www.tei-c.org/ns/1.0"><forename type="first">Nist</forename></persName>
		</author>
		<ptr target="http://www.itl.nist.gov/iad/mig/tests/std/2006/docs/std06-evalplan-v10.pdf" />
		<imprint>
			<date type="published" when="2006" />
		</imprint>
	</monogr>
	<note>Evaluation Plan</note>
</biblStruct>

<biblStruct >
	<analytic>
		<title level="a" type="main">The Kaldi speech recognition toolkit</title>
		<author>
			<persName xmlns="http://www.tei-c.org/ns/1.0"><forename type="first">Daniel</forename><surname>Povey</surname></persName>
		</author>
		<author>
			<persName xmlns="http://www.tei-c.org/ns/1.0"><forename type="first">Arnab</forename><surname>Ghoshal</surname></persName>
		</author>
		<author>
			<persName xmlns="http://www.tei-c.org/ns/1.0"><forename type="first">Gilles</forename><surname>Boulianne</surname></persName>
		</author>
		<author>
			<persName xmlns="http://www.tei-c.org/ns/1.0"><forename type="first">Lukas</forename><surname>Burget</surname></persName>
		</author>
		<author>
			<persName xmlns="http://www.tei-c.org/ns/1.0"><forename type="first">Ondrej</forename><surname>Glembek</surname></persName>
		</author>
		<author>
			<persName xmlns="http://www.tei-c.org/ns/1.0"><forename type="first">Nagendra</forename><surname>Goel</surname></persName>
		</author>
		<author>
			<persName xmlns="http://www.tei-c.org/ns/1.0"><forename type="first">Mirko</forename><surname>Hannemann</surname></persName>
		</author>
		<author>
			<persName xmlns="http://www.tei-c.org/ns/1.0"><forename type="first">Petr</forename><surname>Motlicek</surname></persName>
		</author>
		<author>
			<persName xmlns="http://www.tei-c.org/ns/1.0"><forename type="first">Yanmin</forename><surname>Qian</surname></persName>
		</author>
		<author>
			<persName xmlns="http://www.tei-c.org/ns/1.0"><forename type="first">Petr</forename><surname>Schwarz</surname></persName>
		</author>
	</analytic>
	<monogr>
		<title level="m">Proceedings of the Automatic Speech Recognition and Understanding Workshop (ASRU)</title>
		<meeting>the Automatic Speech Recognition and Understanding Workshop (ASRU)</meeting>
		<imprint>
			<date type="published" when="2011" />
		</imprint>
	</monogr>
</biblStruct>

<biblStruct >
	<analytic>
		<title level="a" type="main">LDA-based document models for ad-hoc retrieval</title>
		<author>
			<persName xmlns="http://www.tei-c.org/ns/1.0"><forename type="first">Xing</forename><surname>Wei</surname></persName>
		</author>
		<author>
			<persName xmlns="http://www.tei-c.org/ns/1.0"><forename type="first">Bruce</forename><surname>Croft</surname></persName>
		</author>
	</analytic>
	<monogr>
		<title level="m">Proceedings of the ACM SIGIR Conference on Research and Development in Information Retrieval</title>
		<meeting>the ACM SIGIR Conference on Research and Development in Information Retrieval</meeting>
		<imprint>
			<publisher>ACM</publisher>
			<date type="published" when="2006" />
			<biblScope unit="page" from="178" to="185" />
		</imprint>
	</monogr>
</biblStruct>

			</listBibl>
		</back>
	</text>
</TEI>
