<?xml version="1.0" ?>
<TEI xmlns="http://www.tei-c.org/ns/1.0" xmlns:xlink="http://www.w3.org/1999/xlink" 
 xmlns:mml="http://www.w3.org/1998/Math/MathML">
	<teiHeader>
		<fileDesc xml:id="f_337"/>
	</teiHeader>
	<text>
		<front/>
		<body/>
		<back>
			<listBibl>
<biblStruct >
	<analytic>
		<title level="a" type="main">A new dataset for fine-grained citation field extraction</title>
		<author>
			<persName xmlns="http://www.tei-c.org/ns/1.0"><forename type="first">Sam</forename><surname>Anzaroot</surname></persName>
		</author>
		<author>
			<persName xmlns="http://www.tei-c.org/ns/1.0"><forename type="first">Andrew</forename><surname>Mccallum</surname></persName>
		</author>
	</analytic>
	<monogr>
		<title level="m">ICML Workshop on Peer Reviewing and Publishing Models</title>
		<imprint>
			<date type="published" when="2013" />
		</imprint>
	</monogr>
</biblStruct>

<biblStruct >
	<monogr>
				<author>
			<persName xmlns="http://www.tei-c.org/ns/1.0"><forename type="first">Poythress</forename><surname>Stephen</surname></persName>
		</author>
		<author>
			<persName xmlns="http://www.tei-c.org/ns/1.0"><forename type="first">Lieven</forename><surname>Boyd</surname></persName>
		</author>
		<author>
			<persName xmlns="http://www.tei-c.org/ns/1.0"><surname>Vandenberghe</surname></persName>
		</author>
		<title level="m">Convex optimization</title>
		<imprint>
			<publisher>Cambridge university press</publisher>
			<date type="published" when="2004" />
		</imprint>
	</monogr>
</biblStruct>

<biblStruct >
	<analytic>
		<title level="a" type="main">Collective information extraction with relational markov networks</title>
		<author>
			<persName xmlns="http://www.tei-c.org/ns/1.0"><forename type="first">Razvan</forename><surname>Bunescu</surname></persName>
		</author>
		<author>
			<persName xmlns="http://www.tei-c.org/ns/1.0"><surname>Raymond</surname></persName>
		</author>
		<author>
			<persName xmlns="http://www.tei-c.org/ns/1.0"><surname>Mooney</surname></persName>
		</author>
	</analytic>
	<monogr>
		<title level="m">Proceedings of the 42nd Annual Meeting on Association for Computational Linguistics, page 438</title>
		<meeting>the 42nd Annual Meeting on Association for Computational Linguistics, page 438</meeting>
		<imprint>
			<publisher>Association for Computational Linguistics</publisher>
			<date type="published" when="2004" />
		</imprint>
	</monogr>
</biblStruct>

<biblStruct >
	<monogr>
		<title level="m" type="main">Structured learning with constrained conditional models. Machine Learning</title>
		<author>
			<persName xmlns="http://www.tei-c.org/ns/1.0"><forename type="first">M</forename><surname>Chang</surname></persName>
		</author>
		<author>
			<persName xmlns="http://www.tei-c.org/ns/1.0"><forename type="first">L</forename><surname>Ratinov</surname></persName>
		</author>
		<author>
			<persName xmlns="http://www.tei-c.org/ns/1.0"><forename type="first">D</forename><surname>Roth</surname></persName>
		</author>
		<imprint>
			<date type="published" when="2012" />
			<biblScope unit="volume">88</biblScope>
			<biblScope unit="page" from="399" to="431" />
		</imprint>
	</monogr>
</biblStruct>

<biblStruct >
	<monogr>
		<title level="m" type="main">Combining local and non-local information with dual decomposition for named entity recognition from text</title>
		<author>
			<persName xmlns="http://www.tei-c.org/ns/1.0"><forename type="first">Hai</forename><surname>Leong Chieu</surname></persName>
		</author>
		<author>
			<persName xmlns="http://www.tei-c.org/ns/1.0"><forename type="first">Loo-Nin</forename><surname>Teow</surname></persName>
		</author>
		<imprint>
			<date type="published" when="2012" />
		</imprint>
	</monogr>
</biblStruct>

<biblStruct >
	<monogr>
				<title level="m">Information Fusion (FUSION), 2012 15th International Conference on</title>
		<imprint>
			<publisher>IEEE</publisher>
			<biblScope unit="page" from="231" to="238" />
		</imprint>
	</monogr>
</biblStruct>

<biblStruct >
	<analytic>
		<title level="a" type="main">Discriminative training methods for hidden markov models: Theory and experiments with perceptron algorithms</title>
		<author>
			<persName xmlns="http://www.tei-c.org/ns/1.0"><forename type="first">Michael</forename><surname>Collins</surname></persName>
		</author>
	</analytic>
	<monogr>
		<title level="m">Proceedings of the ACL-02 conference on Empirical methods in natural language processing</title>
		<meeting>the ACL-02 conference on Empirical methods in natural language processing</meeting>
		<imprint>
			<publisher>Association for Computational Linguistics</publisher>
			<date type="published" when="2002" />
			<biblScope unit="volume">10</biblScope>
			<biblScope unit="page" from="1" to="8" />
		</imprint>
	</monogr>
</biblStruct>

<biblStruct >
	<analytic>
		<title level="a" type="main">Supportvector networks</title>
		<author>
			<persName xmlns="http://www.tei-c.org/ns/1.0"><forename type="first">Corinna</forename><surname>Cortes</surname></persName>
		</author>
		<author>
			<persName xmlns="http://www.tei-c.org/ns/1.0"><forename type="first">Vladimir</forename><surname>Vapnik</surname></persName>
		</author>
	</analytic>
	<monogr>
		<title level="j">Machine learning</title>
		<imprint>
			<biblScope unit="volume">20</biblScope>
			<biblScope unit="issue">3</biblScope>
			<biblScope unit="page" from="273" to="297" />
			<date type="published" when="1995" />
		</imprint>
	</monogr>
</biblStruct>

<biblStruct >
	<analytic>
		<title level="a" type="main">Incorporating non-local information into information extraction systems by gibbs sampling</title>
		<author>
			<persName xmlns="http://www.tei-c.org/ns/1.0"><forename type="first">Jenny</forename><forename type="middle">Rose</forename><surname>Finkel</surname></persName>
		</author>
		<author>
			<persName xmlns="http://www.tei-c.org/ns/1.0"><forename type="first">Trond</forename><surname>Grenager</surname></persName>
		</author>
		<author>
			<persName xmlns="http://www.tei-c.org/ns/1.0"><forename type="first">Christopher</forename><surname>Manning</surname></persName>
		</author>
	</analytic>
	<monogr>
		<title level="m">Proceedings of the 43rd Annual Meeting on Association for Computational Linguistics</title>
		<meeting>the 43rd Annual Meeting on Association for Computational Linguistics</meeting>
		<imprint>
			<date type="published" when="2005" />
			<biblScope unit="page" from="363" to="370" />
		</imprint>
	</monogr>
	<note>Association for Computational Linguistics</note>
</biblStruct>

<biblStruct >
	<analytic>
		<title level="a" type="main">A simple method for citation metadata extraction using hidden markov models</title>
		<author>
			<persName xmlns="http://www.tei-c.org/ns/1.0"><forename type="first">Erik</forename><surname>Hetzner</surname></persName>
		</author>
	</analytic>
	<monogr>
		<title level="m">Proceedings of the 8th ACM/IEEE-CS joint conference on Digital libraries</title>
		<meeting>the 8th ACM/IEEE-CS joint conference on Digital libraries</meeting>
		<imprint>
			<publisher>ACM</publisher>
			<date type="published" when="2008" />
			<biblScope unit="page" from="280" to="284" />
		</imprint>
	</monogr>
</biblStruct>

<biblStruct >
	<monogr>
		<title level="m" type="main">Probabilistic graphical models: principles and techniques</title>
		<author>
			<persName xmlns="http://www.tei-c.org/ns/1.0"><forename type="first">Daphne</forename><surname>Koller</surname></persName>
		</author>
		<author>
			<persName xmlns="http://www.tei-c.org/ns/1.0"><forename type="first">Nir</forename><surname>Friedman</surname></persName>
		</author>
		<imprint>
			<date type="published" when="2009" />
			<publisher>The MIT Press</publisher>
		</imprint>
	</monogr>
</biblStruct>

<biblStruct >
	<analytic>
		<title level="a" type="main">Mrf optimization via dual decomposition: Message-passing revisited. In Computer Vision</title>
		<author>
			<persName xmlns="http://www.tei-c.org/ns/1.0"><forename type="first">Nikos</forename><surname>Komodakis</surname></persName>
		</author>
		<author>
			<persName xmlns="http://www.tei-c.org/ns/1.0"><forename type="first">Nikos</forename><surname>Paragios</surname></persName>
		</author>
		<author>
			<persName xmlns="http://www.tei-c.org/ns/1.0"><forename type="first">Georgios</forename><surname>Tziritas</surname></persName>
		</author>
	</analytic>
	<monogr>
		<title level="m">IEEE 11th International Conference on</title>
		<imprint>
			<publisher>IEEE</publisher>
			<date type="published" when="2007" />
			<biblScope unit="page" from="1" to="8" />
		</imprint>
	</monogr>
</biblStruct>

<biblStruct >
	<analytic>
		<title level="a" type="main">Dual decomposition for parsing with non-projective head automata</title>
		<author>
			<persName xmlns="http://www.tei-c.org/ns/1.0"><forename type="first">Terry</forename><surname>Koo</surname></persName>
		</author>
		<author>
			<persName xmlns="http://www.tei-c.org/ns/1.0"><forename type="first">Alexander</forename><forename type="middle">M</forename><surname>Rush</surname></persName>
		</author>
		<author>
			<persName xmlns="http://www.tei-c.org/ns/1.0"><forename type="first">Michael</forename><surname>Collins</surname></persName>
		</author>
		<author>
			<persName xmlns="http://www.tei-c.org/ns/1.0"><forename type="first">Tommi</forename><surname>Jaakkola</surname></persName>
		</author>
		<author>
			<persName xmlns="http://www.tei-c.org/ns/1.0"><forename type="first">David</forename><surname>Sontag</surname></persName>
		</author>
	</analytic>
	<monogr>
		<title level="m">Proceedings of the 2010 Conference on Empirical Methods in Natural Language Processing</title>
		<meeting>the 2010 Conference on Empirical Methods in Natural Language Processing</meeting>
		<imprint>
			<date type="published" when="2010" />
			<biblScope unit="page" from="1288" to="1298" />
		</imprint>
	</monogr>
	<note>Association for Computational Linguistics</note>
</biblStruct>

<biblStruct >
	<analytic>
		<title level="a" type="main">Implicitly intersecting weighted automata using dual decomposition</title>
		<author>
			<persName xmlns="http://www.tei-c.org/ns/1.0"><forename type="first">J</forename><surname>Michael</surname></persName>
		</author>
		<author>
			<persName xmlns="http://www.tei-c.org/ns/1.0"><forename type="first">Jason</forename><surname>Paul</surname></persName>
		</author>
		<author>
			<persName xmlns="http://www.tei-c.org/ns/1.0"><surname>Eisner</surname></persName>
		</author>
	</analytic>
	<monogr>
		<title level="m">Proceedings of the 2012 Conference of the North American Chapter of the Association for Computational Linguistics: Human Language Technologies</title>
		<meeting>the 2012 Conference of the North American Chapter of the Association for Computational Linguistics: Human Language Technologies</meeting>
		<imprint>
			<date type="published" when="2012" />
			<biblScope unit="page" from="232" to="242" />
		</imprint>
	</monogr>
	<note>Association for Computational Linguistics</note>
</biblStruct>

<biblStruct >
	<analytic>
		<title level="a" type="main">Accurate information extraction from research papers using conditional random fields</title>
		<author>
			<persName xmlns="http://www.tei-c.org/ns/1.0"><forename type="first">Fuchun</forename><surname>Peng</surname></persName>
		</author>
		<author>
			<persName xmlns="http://www.tei-c.org/ns/1.0"><forename type="first">Andrew</forename><surname>Mccallum</surname></persName>
		</author>
	</analytic>
	<monogr>
		<title level="m">HLT-NAACL 2004: Main Proceedings</title>
		<editor>Daniel Marcu Susan Dumais and Salim Roukos</editor>
		<meeting><address><addrLine>Boston, Massachusetts, USA</addrLine></address></meeting>
		<imprint>
			<publisher>Association for Computational Linguistics</publisher>
			<date type="published" when="2004-05-02" />
			<biblScope unit="page" from="329" to="336" />
		</imprint>
	</monogr>
</biblStruct>

<biblStruct >
	<monogr>
		<title level="m" type="main">A linear programming formulation for global inference in natural language tasks. Defense Technical Information Center</title>
		<author>
			<persName xmlns="http://www.tei-c.org/ns/1.0"><forename type="first">Dan</forename><surname>Roth</surname></persName>
		</author>
		<author>
			<persName xmlns="http://www.tei-c.org/ns/1.0"><forename type="first">Wen-Tau</forename><surname>Yih</surname></persName>
		</author>
		<imprint>
			<date type="published" when="2004" />
		</imprint>
	</monogr>
</biblStruct>

<biblStruct >
	<analytic>
		<title level="a" type="main">A tutorial on dual decomposition and lagrangian relaxation for inference in natural language processing</title>
		<author>
			<persName xmlns="http://www.tei-c.org/ns/1.0"><forename type="first">Alexander</forename><forename type="middle">M</forename><surname>Rush</surname></persName>
		</author>
		<author>
			<persName xmlns="http://www.tei-c.org/ns/1.0"><forename type="first">Michael</forename><surname>Collins</surname></persName>
		</author>
	</analytic>
	<monogr>
		<title level="j">J. Artif. Intell. Res. (JAIR)</title>
		<imprint>
			<biblScope unit="volume">45</biblScope>
			<biblScope unit="page" from="305" to="362" />
			<date type="published" when="2012" />
		</imprint>
	</monogr>
</biblStruct>

<biblStruct >
	<analytic>
		<title level="a" type="main">On dual decomposition and linear programming relaxations for natural language processing</title>
		<author>
			<persName xmlns="http://www.tei-c.org/ns/1.0"><forename type="first">David</forename><surname>Alexander M Rush</surname></persName>
		</author>
		<author>
			<persName xmlns="http://www.tei-c.org/ns/1.0"><forename type="first">Michael</forename><surname>Sontag</surname></persName>
		</author>
		<author>
			<persName xmlns="http://www.tei-c.org/ns/1.0"><forename type="first">Tommi</forename><surname>Collins</surname></persName>
		</author>
		<author>
			<persName xmlns="http://www.tei-c.org/ns/1.0"><surname>Jaakkola</surname></persName>
		</author>
	</analytic>
	<monogr>
		<title level="m">Proceedings of the 2010 Conference on Empirical Methods in Natural Language Processing</title>
		<meeting>the 2010 Conference on Empirical Methods in Natural Language Processing</meeting>
		<imprint>
			<date type="published" when="2010" />
			<biblScope unit="page" from="1" to="11" />
		</imprint>
	</monogr>
	<note>Association for Computational Linguistics</note>
</biblStruct>

<biblStruct >
	<analytic>
		<title level="a" type="main">Improved parsing and pos tagging using inter-sentence consistency constraints</title>
		<author>
			<persName xmlns="http://www.tei-c.org/ns/1.0"><forename type="first">Roi</forename><surname>Alexander M Rush</surname></persName>
		</author>
		<author>
			<persName xmlns="http://www.tei-c.org/ns/1.0"><forename type="first">Michael</forename><surname>Reichart</surname></persName>
		</author>
		<author>
			<persName xmlns="http://www.tei-c.org/ns/1.0"><forename type="first">Amir</forename><surname>Collins</surname></persName>
		</author>
		<author>
			<persName xmlns="http://www.tei-c.org/ns/1.0"><surname>Globerson</surname></persName>
		</author>
	</analytic>
	<monogr>
		<title level="m">Proceedings of the 2012 Joint Conference on Empirical Methods in Natural Language Processing and Computational Natural Language Learning</title>
		<meeting>the 2012 Joint Conference on Empirical Methods in Natural Language Processing and Computational Natural Language Learning</meeting>
		<imprint>
			<date type="published" when="2012" />
			<biblScope unit="page" from="1434" to="1444" />
		</imprint>
	</monogr>
</biblStruct>

<biblStruct >
	<analytic>
		<title level="a" type="main">Learning hidden markov model structure for information extraction</title>
		<author>
			<persName xmlns="http://www.tei-c.org/ns/1.0"><forename type="first">Kristie</forename><surname>Seymore</surname></persName>
		</author>
		<author>
			<persName xmlns="http://www.tei-c.org/ns/1.0"><forename type="first">Andrew</forename><surname>Mccallum</surname></persName>
		</author>
		<author>
			<persName xmlns="http://www.tei-c.org/ns/1.0"><forename type="first">Roni</forename><surname>Rosenfeld</surname></persName>
		</author>
	</analytic>
	<monogr>
		<title level="m">AAAI-99 Workshop on Machine Learning for Information Extraction</title>
		<imprint>
			<date type="published" when="1999" />
			<biblScope unit="page" from="37" to="42" />
		</imprint>
	</monogr>
</biblStruct>

<biblStruct >
	<analytic>
		<title level="a" type="main">Introduction to dual decomposition for inference</title>
		<author>
			<persName xmlns="http://www.tei-c.org/ns/1.0"><forename type="first">David</forename><surname>Sontag</surname></persName>
		</author>
		<author>
			<persName xmlns="http://www.tei-c.org/ns/1.0"><forename type="first">Amir</forename><surname>Globerson</surname></persName>
		</author>
		<author>
			<persName xmlns="http://www.tei-c.org/ns/1.0"><forename type="first">Tommi</forename><surname>Jaakkola</surname></persName>
		</author>
	</analytic>
	<monogr>
		<title level="m">Optimization for Machine Learning</title>
		<editor>Suvrit Sra, Sebastian Nowozin, and Stephen J. Wright</editor>
		<imprint>
			<publisher>MIT Press</publisher>
			<date type="published" when="2011" />
		</imprint>
	</monogr>
</biblStruct>

<biblStruct >
	<monogr>
		<title level="m" type="main">Approximate Inference in Graphical Models using LP Relaxations</title>
		<author>
			<persName xmlns="http://www.tei-c.org/ns/1.0"><forename type="first">David</forename><surname>Sontag</surname></persName>
		</author>
		<imprint>
			<date type="published" when="2010" />
		</imprint>
		<respStmt>
			<orgName>Massachusetts Institute of Technology, Department of Electrical Engineering and Computer Science</orgName>
		</respStmt>
	</monogr>
<note type="report_type">Ph.D. thesis</note>
</biblStruct>

<biblStruct >
	<monogr>
		<title level="m" type="main">Collective segmentation and labeling of distant entities in information extraction</title>
		<author>
			<persName xmlns="http://www.tei-c.org/ns/1.0"><forename type="first">Charles</forename><surname>Sutton</surname></persName>
		</author>
		<author>
			<persName xmlns="http://www.tei-c.org/ns/1.0"><forename type="first">Andrew</forename><surname>Mccallum</surname></persName>
		</author>
		<imprint>
			<date type="published" when="2004" />
			<publisher>DTIC Document</publisher>
		</imprint>
	</monogr>
<note type="report_type">Technical report</note>
</biblStruct>

<biblStruct >
	<analytic>
		<title level="a" type="main">Support vector machine learning for interdependent and structured output spaces</title>
		<author>
			<persName xmlns="http://www.tei-c.org/ns/1.0"><forename type="first">Ioannis</forename><surname>Tsochantaridis</surname></persName>
		</author>
		<author>
			<persName xmlns="http://www.tei-c.org/ns/1.0"><forename type="first">Thomas</forename><surname>Hofmann</surname></persName>
		</author>
		<author>
			<persName xmlns="http://www.tei-c.org/ns/1.0"><forename type="first">Thorsten</forename><surname>Joachims</surname></persName>
		</author>
		<author>
			<persName xmlns="http://www.tei-c.org/ns/1.0"><forename type="first">Yasemin</forename><surname>Altun</surname></persName>
		</author>
	</analytic>
	<monogr>
		<title level="m">Proceedings of the twenty-first international conference on Machine learning</title>
		<meeting>the twenty-first international conference on Machine learning</meeting>
		<imprint>
			<publisher>ACM</publisher>
			<date type="published" when="2004" />
			<biblScope unit="page">104</biblScope>
		</imprint>
	</monogr>
</biblStruct>

			</listBibl>
		</back>
	</text>
</TEI>
