<?xml version="1.0" ?>
<TEI xmlns="http://www.tei-c.org/ns/1.0" xmlns:xlink="http://www.w3.org/1999/xlink" 
 xmlns:mml="http://www.w3.org/1998/Math/MathML">
	<teiHeader>
		<fileDesc xml:id="f_1080"/>
	</teiHeader>
	<text>
		<front/>
		<body/>
		<back>
			<listBibl>
<biblStruct >
	<analytic>
		<title level="a" type="main">Homophily and latent attribute inference: Inferring latent attributes of twitter users from neighbors</title>
		<author>
			<persName xmlns="http://www.tei-c.org/ns/1.0"><forename type="first">Faiyaz</forename><surname>Zamal</surname></persName>
		</author>
		<author>
			<persName xmlns="http://www.tei-c.org/ns/1.0"><forename type="first">Wendy</forename><surname>Liu</surname></persName>
		</author>
		<author>
			<persName xmlns="http://www.tei-c.org/ns/1.0"><forename type="first">Derek</forename><surname>Ruths</surname></persName>
		</author>
	</analytic>
	<monogr>
		<title level="m">ICWSM</title>
		<imprint>
			<date type="published" when="2012" />
		</imprint>
	</monogr>
</biblStruct>

<biblStruct >
	<analytic>
		<title level="a" type="main">Event discovery in social media feeds</title>
		<author>
			<persName xmlns="http://www.tei-c.org/ns/1.0"><forename type="first">Edward</forename><surname>Benson</surname></persName>
		</author>
		<author>
			<persName xmlns="http://www.tei-c.org/ns/1.0"><forename type="first">Aria</forename><surname>Haghighi</surname></persName>
		</author>
		<author>
			<persName xmlns="http://www.tei-c.org/ns/1.0"><forename type="first">Regina</forename><surname>Barzilay</surname></persName>
		</author>
	</analytic>
	<monogr>
		<title level="m">Proceedings of the 49th Annual Meeting of the Association for Computational Linguistics: Human Language Technologies</title>
		<meeting>the 49th Annual Meeting of the Association for Computational Linguistics: Human Language Technologies</meeting>
		<imprint>
			<date type="published" when="2011" />
			<biblScope unit="volume">1</biblScope>
			<biblScope unit="page" from="389" to="398" />
		</imprint>
	</monogr>
	<note>Association for Computational Linguistics</note>
</biblStruct>

<biblStruct >
	<analytic>
		<title level="a" type="main">Extracting patterns and relations from the world wide web</title>
		<author>
			<persName xmlns="http://www.tei-c.org/ns/1.0"><surname>Sergey Brin</surname></persName>
		</author>
	</analytic>
	<monogr>
		<title level="m">The World Wide Web and Databases</title>
		<imprint>
			<date type="published" when="1999" />
		</imprint>
	</monogr>
</biblStruct>

<biblStruct >
	<analytic>
		<title level="a" type="main">Gender inference of twitter users in nonenglish contexts</title>
		<author>
			<persName xmlns="http://www.tei-c.org/ns/1.0"><forename type="first">Morgane</forename><surname>Ciot</surname></persName>
		</author>
		<author>
			<persName xmlns="http://www.tei-c.org/ns/1.0"><forename type="first">Morgan</forename><surname>Sonderegger</surname></persName>
		</author>
		<author>
			<persName xmlns="http://www.tei-c.org/ns/1.0"><forename type="first">Derek</forename><surname>Ruths</surname></persName>
		</author>
	</analytic>
	<monogr>
		<title level="m">Proceedings of the 2013 Conference on Empirical Methods in Natural Language Processing</title>
		<meeting>the 2013 Conference on Empirical Methods in Natural Language Processing<address><addrLine>Seattle, Wash</addrLine></address></meeting>
		<imprint>
			<date type="published" when="2013" />
			<biblScope unit="page" from="18" to="21" />
		</imprint>
	</monogr>
</biblStruct>

<biblStruct >
	<analytic>
		<title level="a" type="main">Political polarization on twitter</title>
		<author>
			<persName xmlns="http://www.tei-c.org/ns/1.0"><forename type="first">Michael</forename><surname>Conover</surname></persName>
		</author>
		<author>
			<persName xmlns="http://www.tei-c.org/ns/1.0"><forename type="first">Jacob</forename><surname>Ratkiewicz</surname></persName>
		</author>
		<author>
			<persName xmlns="http://www.tei-c.org/ns/1.0"><forename type="first">Matthew</forename><surname>Francisco</surname></persName>
		</author>
		<author>
			<persName xmlns="http://www.tei-c.org/ns/1.0"><forename type="first">Bruno</forename><surname>Gonçalves</surname></persName>
		</author>
		<author>
			<persName xmlns="http://www.tei-c.org/ns/1.0"><forename type="first">Filippo</forename><surname>Menczer</surname></persName>
		</author>
		<author>
			<persName xmlns="http://www.tei-c.org/ns/1.0"><forename type="first">Alessandro</forename><surname>Flammini</surname></persName>
		</author>
	</analytic>
	<monogr>
		<title level="m">ICWSM</title>
		<imprint>
			<date type="published" when="2011" />
		</imprint>
	</monogr>
</biblStruct>

<biblStruct >
	<analytic>
		<title level="a" type="main">Constructing biological knowledge bases by extracting information from text sources</title>
		<author>
			<persName xmlns="http://www.tei-c.org/ns/1.0"><forename type="first">Mark</forename><surname>Craven</surname></persName>
		</author>
		<author>
			<persName xmlns="http://www.tei-c.org/ns/1.0"><forename type="first">Johan</forename><surname>Kumlien</surname></persName>
		</author>
	</analytic>
	<monogr>
		<title level="m">ISMB</title>
		<imprint>
			<date type="published" when="1999" />
			<biblScope unit="volume">1999</biblScope>
			<biblScope unit="page" from="77" to="86" />
		</imprint>
	</monogr>
</biblStruct>

<biblStruct >
	<monogr>
		<title level="m" type="main">Twitter sentiment classification using distant supervision</title>
		<author>
			<persName xmlns="http://www.tei-c.org/ns/1.0"><forename type="first">Alec</forename><surname>Go</surname></persName>
		</author>
		<author>
			<persName xmlns="http://www.tei-c.org/ns/1.0"><forename type="first">Richa</forename><surname>Bhayani</surname></persName>
		</author>
		<author>
			<persName xmlns="http://www.tei-c.org/ns/1.0"><forename type="first">Lei</forename><surname>Huang</surname></persName>
		</author>
		<imprint>
			<date type="published" when="2009" />
			<biblScope unit="page" from="1" to="12" />
			<pubPlace>Stanford</pubPlace>
		</imprint>
	</monogr>
<note type="report_type">CS224N Project Report</note>
</biblStruct>

<biblStruct >
	<analytic>
		<title level="a" type="main">Social media recommendation based on people and tags</title>
		<author>
			<persName xmlns="http://www.tei-c.org/ns/1.0"><forename type="first">Ido</forename><surname>Guy</surname></persName>
		</author>
		<author>
			<persName xmlns="http://www.tei-c.org/ns/1.0"><forename type="first">Naama</forename><surname>Zwerdling</surname></persName>
		</author>
		<author>
			<persName xmlns="http://www.tei-c.org/ns/1.0"><forename type="first">Inbal</forename><surname>Ronen</surname></persName>
		</author>
		<author>
			<persName xmlns="http://www.tei-c.org/ns/1.0"><forename type="first">David</forename><surname>Carmel</surname></persName>
		</author>
		<author>
			<persName xmlns="http://www.tei-c.org/ns/1.0"><forename type="first">Erel</forename><surname>Uziel</surname></persName>
		</author>
	</analytic>
	<monogr>
		<title level="m">Proceedings of the 33rd international ACM SIGIR conference on Research and development in information retrieval</title>
		<meeting>the 33rd international ACM SIGIR conference on Research and development in information retrieval</meeting>
		<imprint>
			<publisher>ACM</publisher>
			<date type="published" when="2010" />
			<biblScope unit="page" from="194" to="201" />
		</imprint>
	</monogr>
</biblStruct>

<biblStruct >
	<analytic>
		<title level="a" type="main">Knowledgebased weak supervision for information extraction of overlapping relations</title>
		<author>
			<persName xmlns="http://www.tei-c.org/ns/1.0"><forename type="first">Raphael</forename><surname>Hoffmann</surname></persName>
		</author>
		<author>
			<persName xmlns="http://www.tei-c.org/ns/1.0"><forename type="first">Congle</forename><surname>Zhang</surname></persName>
		</author>
		<author>
			<persName xmlns="http://www.tei-c.org/ns/1.0"><forename type="first">Xiao</forename><surname>Ling</surname></persName>
		</author>
		<author>
			<persName xmlns="http://www.tei-c.org/ns/1.0"><forename type="first">S</forename><surname>Luke</surname></persName>
		</author>
		<author>
			<persName xmlns="http://www.tei-c.org/ns/1.0"><surname>Zettlemoyer</surname></persName>
		</author>
		<author>
			<persName xmlns="http://www.tei-c.org/ns/1.0"><surname>Weld</surname></persName>
		</author>
	</analytic>
	<monogr>
		<title level="m">ACL</title>
		<imprint>
			<date type="published" when="2011" />
			<biblScope unit="page" from="541" to="550" />
		</imprint>
	</monogr>
</biblStruct>

<biblStruct >
	<analytic>
		<title level="a" type="main">Timeline generation: Tracking individuals on twitter</title>
		<author>
			<persName xmlns="http://www.tei-c.org/ns/1.0"><forename type="first">Jiwei</forename><surname>Li</surname></persName>
		</author>
		<author>
			<persName xmlns="http://www.tei-c.org/ns/1.0"><forename type="first">Claire</forename><surname>Cardie</surname></persName>
		</author>
	</analytic>
	<monogr>
		<title level="m">Proceedings of the 23rd international conference on World wide web</title>
		<meeting>the 23rd international conference on World wide web</meeting>
		<imprint>
			<date type="published" when="2013" />
		</imprint>
	</monogr>
</biblStruct>

<biblStruct >
	<analytic>
		<title level="a" type="main">Structure compilation: trading structure for features</title>
		<author>
			<persName xmlns="http://www.tei-c.org/ns/1.0"><forename type="first">Percy</forename><surname>Liang</surname></persName>
		</author>
		<author>
			<persName xmlns="http://www.tei-c.org/ns/1.0"><forename type="first">Hal</forename><surname>Daumé</surname></persName>
		</author>
		<author>
			<persName xmlns="http://www.tei-c.org/ns/1.0"><forename type="first">Iii</forename></persName>
		</author>
		<author>
			<persName xmlns="http://www.tei-c.org/ns/1.0"><forename type="first">Dan</forename><surname>Klein</surname></persName>
		</author>
	</analytic>
	<monogr>
		<title level="m">Proceedings of the 25th international conference on Machine learning</title>
		<meeting>the 25th international conference on Machine learning</meeting>
		<imprint>
			<date type="published" when="2008" />
		</imprint>
	</monogr>
</biblStruct>

<biblStruct >
	<analytic>
		<title level="a" type="main">Whats in a name? using first names as features for gender inference in twitter</title>
		<author>
			<persName xmlns="http://www.tei-c.org/ns/1.0"><forename type="first">Wendy</forename><surname>Liu</surname></persName>
		</author>
		<author>
			<persName xmlns="http://www.tei-c.org/ns/1.0"><forename type="first">Derek</forename><surname>Ruths</surname></persName>
		</author>
	</analytic>
	<monogr>
		<title level="j">AAAI Spring Symposium Series</title>
		<imprint>
			<date type="published" when="2013" />
		</imprint>
	</monogr>
</biblStruct>

<biblStruct >
	<analytic>
		<title level="a" type="main">Using social media to infer gender composition of commuter populations</title>
		<author>
			<persName xmlns="http://www.tei-c.org/ns/1.0"><forename type="first">Wendy</forename><surname>Liu</surname></persName>
		</author>
		<author>
			<persName xmlns="http://www.tei-c.org/ns/1.0"><forename type="first">Faiyaz</forename><surname>Zamal</surname></persName>
		</author>
		<author>
			<persName xmlns="http://www.tei-c.org/ns/1.0"><forename type="first">Derek</forename><surname>Ruths</surname></persName>
		</author>
	</analytic>
	<monogr>
		<title level="m">Proceedings of the When the City Meets the Citizen Workshop, the International Conference on Weblogs and Social Media</title>
		<meeting>the When the City Meets the Citizen Workshop, the International Conference on Weblogs and Social Media</meeting>
		<imprint>
			<date type="published" when="2012" />
		</imprint>
	</monogr>
</biblStruct>

<biblStruct >
	<analytic>
		<title level="a" type="main">Birds of a feather: Homophily in social networks</title>
		<author>
			<persName xmlns="http://www.tei-c.org/ns/1.0"><forename type="first">Lynn</forename><surname>Miller Mcpherson</surname></persName>
		</author>
		<author>
			<persName xmlns="http://www.tei-c.org/ns/1.0"><forename type="first">James M</forename><surname>Smith-Lovin</surname></persName>
		</author>
		<author>
			<persName xmlns="http://www.tei-c.org/ns/1.0"><surname>Cook</surname></persName>
		</author>
	</analytic>
	<monogr>
		<title level="j">Annual review of sociology</title>
		<imprint>
			<biblScope unit="page" from="415" to="444" />
			<date type="published" when="2001" />
		</imprint>
	</monogr>
</biblStruct>

<biblStruct >
	<analytic>
		<title level="a" type="main">Distant supervision for relation extraction without labeled data</title>
		<author>
			<persName xmlns="http://www.tei-c.org/ns/1.0"><forename type="first">Mike</forename><surname>Mintz</surname></persName>
		</author>
		<author>
			<persName xmlns="http://www.tei-c.org/ns/1.0"><forename type="first">Steven</forename><surname>Bills</surname></persName>
		</author>
		<author>
			<persName xmlns="http://www.tei-c.org/ns/1.0"><forename type="first">Rion</forename><surname>Snow</surname></persName>
		</author>
		<author>
			<persName xmlns="http://www.tei-c.org/ns/1.0"><forename type="first">Dan</forename><surname>Jurafsky</surname></persName>
		</author>
	</analytic>
	<monogr>
		<title level="m">Proceedings of the Joint Conference of the 47th Annual Meeting of the ACL and the 4th International Joint Conference on Natural Language Processing of the AFNLP</title>
		<meeting>the Joint Conference of the 47th Annual Meeting of the ACL and the 4th International Joint Conference on Natural Language Processing of the AFNLP</meeting>
		<imprint>
			<publisher>Association for Computational Linguistics</publisher>
			<date type="published" when="2009" />
			<biblScope unit="volume">2</biblScope>
			<biblScope unit="page" from="1003" to="1011" />
		</imprint>
	</monogr>
</biblStruct>

<biblStruct >
	<analytic>
		<title level="a" type="main">You are who you know: inferring user profiles in online social networks</title>
		<author>
			<persName xmlns="http://www.tei-c.org/ns/1.0"><forename type="first">Alan</forename><surname>Mislove</surname></persName>
		</author>
		<author>
			<persName xmlns="http://www.tei-c.org/ns/1.0"><forename type="first">Bimal</forename><surname>Viswanath</surname></persName>
		</author>
		<author>
			<persName xmlns="http://www.tei-c.org/ns/1.0"><forename type="first">Krishna</forename><surname>Gummadi</surname></persName>
		</author>
		<author>
			<persName xmlns="http://www.tei-c.org/ns/1.0"><forename type="first">Peter</forename><surname>Druschel</surname></persName>
		</author>
	</analytic>
	<monogr>
		<title level="m">Proceedings of the third ACM international conference on Web search and data mining</title>
		<meeting>the third ACM international conference on Web search and data mining</meeting>
		<imprint>
			<publisher>ACM</publisher>
			<date type="published" when="2010" />
			<biblScope unit="page" from="251" to="260" />
		</imprint>
	</monogr>
</biblStruct>

<biblStruct >
	<analytic>
		<title level="a" type="main">Improved part-of-speech tagging for online conversational text with word clusters</title>
		<author>
			<persName xmlns="http://www.tei-c.org/ns/1.0"><forename type="first">Olutobi</forename><surname>Owoputi</surname></persName>
		</author>
		<author>
			<persName xmlns="http://www.tei-c.org/ns/1.0"><forename type="first">Brendan</forename><surname>Oconnor</surname></persName>
		</author>
		<author>
			<persName xmlns="http://www.tei-c.org/ns/1.0"><forename type="first">Chris</forename><surname>Dyer</surname></persName>
		</author>
		<author>
			<persName xmlns="http://www.tei-c.org/ns/1.0"><forename type="first">Kevin</forename><surname>Gimpel</surname></persName>
		</author>
		<author>
			<persName xmlns="http://www.tei-c.org/ns/1.0"><forename type="first">Nathan</forename><surname>Schneider</surname></persName>
		</author>
		<author>
			<persName xmlns="http://www.tei-c.org/ns/1.0"><forename type="first">Noah A</forename><surname>Smith</surname></persName>
		</author>
	</analytic>
	<monogr>
		<title level="m">Proceedings of NAACL-HLT</title>
		<meeting>NAACL-HLT</meeting>
		<imprint>
			<date type="published" when="2013" />
			<biblScope unit="page" from="380" to="390" />
		</imprint>
	</monogr>
</biblStruct>

<biblStruct >
	<analytic>
		<title level="a" type="main">A machine learning approach to twitter user classification</title>
		<author>
			<persName xmlns="http://www.tei-c.org/ns/1.0"><forename type="first">Marco</forename><surname>Pennacchiotti</surname></persName>
		</author>
		<author>
			<persName xmlns="http://www.tei-c.org/ns/1.0"><forename type="first">Ana</forename><surname>Popescu</surname></persName>
		</author>
	</analytic>
	<monogr>
		<title level="m">ICWSM</title>
		<imprint>
			<date type="published" when="2011" />
		</imprint>
	</monogr>
</biblStruct>

<biblStruct >
	<analytic>
		<title level="a" type="main">A multipass sieve for coreference resolution</title>
		<author>
			<persName xmlns="http://www.tei-c.org/ns/1.0"><forename type="first">Heeyoung</forename><surname>Karthik Raghunathan</surname></persName>
		</author>
		<author>
			<persName xmlns="http://www.tei-c.org/ns/1.0"><surname>Lee</surname></persName>
		</author>
		<author>
			<persName xmlns="http://www.tei-c.org/ns/1.0"><forename type="first">Nathanael</forename><surname>Sudarshan Rangarajan</surname></persName>
		</author>
		<author>
			<persName xmlns="http://www.tei-c.org/ns/1.0"><forename type="first">Mihai</forename><surname>Chambers</surname></persName>
		</author>
		<author>
			<persName xmlns="http://www.tei-c.org/ns/1.0"><forename type="first">Dan</forename><surname>Surdeanu</surname></persName>
		</author>
		<author>
			<persName xmlns="http://www.tei-c.org/ns/1.0"><forename type="first">Christopher</forename><surname>Jurafsky</surname></persName>
		</author>
		<author>
			<persName xmlns="http://www.tei-c.org/ns/1.0"><surname>Manning</surname></persName>
		</author>
	</analytic>
	<monogr>
		<title level="m">Proceedings of the 2010 Conference on Empirical Methods in Natural Language Processing</title>
		<meeting>the 2010 Conference on Empirical Methods in Natural Language Processing</meeting>
		<imprint>
			<date type="published" when="2010" />
		</imprint>
	</monogr>
</biblStruct>

<biblStruct >
	<analytic>
		<title level="a" type="main">Detecting latent user properties in social media</title>
		<author>
			<persName xmlns="http://www.tei-c.org/ns/1.0"><forename type="first">Delip</forename><surname>Rao</surname></persName>
		</author>
		<author>
			<persName xmlns="http://www.tei-c.org/ns/1.0"><forename type="first">David</forename><surname>Yarowsky</surname></persName>
		</author>
	</analytic>
	<monogr>
		<title level="m">Proc. of the NIPS MLSN Workshop</title>
		<meeting>of the NIPS MLSN Workshop</meeting>
		<imprint>
			<date type="published" when="2010" />
		</imprint>
	</monogr>
</biblStruct>

<biblStruct >
	<analytic>
		<title level="a" type="main">Classifying latent user attributes in twitter</title>
		<author>
			<persName xmlns="http://www.tei-c.org/ns/1.0"><forename type="first">Delip</forename><surname>Rao</surname></persName>
		</author>
		<author>
			<persName xmlns="http://www.tei-c.org/ns/1.0"><forename type="first">David</forename><surname>Yarowsky</surname></persName>
		</author>
		<author>
			<persName xmlns="http://www.tei-c.org/ns/1.0"><forename type="first">Abhishek</forename><surname>Shreevats</surname></persName>
		</author>
		<author>
			<persName xmlns="http://www.tei-c.org/ns/1.0"><forename type="first">Manaswi</forename><surname>Gupta</surname></persName>
		</author>
	</analytic>
	<monogr>
		<title level="m">Proceedings of the 2nd international workshop on Search and mining usergenerated contents</title>
		<meeting>the 2nd international workshop on Search and mining usergenerated contents</meeting>
		<imprint>
			<publisher>ACM</publisher>
			<date type="published" when="2010" />
			<biblScope unit="page" from="37" to="44" />
		</imprint>
	</monogr>
</biblStruct>

<biblStruct >
	<analytic>
		<title level="a" type="main">Hierarchical bayesian models for latent attribute detection in social media</title>
		<author>
			<persName xmlns="http://www.tei-c.org/ns/1.0"><forename type="first">Delip</forename><surname>Rao</surname></persName>
		</author>
		<author>
			<persName xmlns="http://www.tei-c.org/ns/1.0"><forename type="first">Michael</forename><surname>Paul</surname></persName>
		</author>
		<author>
			<persName xmlns="http://www.tei-c.org/ns/1.0"><forename type="first">Clayton</forename><surname>Fink</surname></persName>
		</author>
		<author>
			<persName xmlns="http://www.tei-c.org/ns/1.0"><forename type="first">David</forename><surname>Yarowsky</surname></persName>
		</author>
		<author>
			<persName xmlns="http://www.tei-c.org/ns/1.0"><forename type="first">Timothy</forename><surname>Oates</surname></persName>
		</author>
		<author>
			<persName xmlns="http://www.tei-c.org/ns/1.0"><forename type="first">Glen</forename><surname>Coppersmith</surname></persName>
		</author>
	</analytic>
	<monogr>
		<title level="m">ICWSM</title>
		<imprint>
			<date type="published" when="2011" />
		</imprint>
	</monogr>
</biblStruct>

<biblStruct >
	<analytic>
		<title level="a" type="main">Literature mining of protein-residue associations with graph rules learned through distant supervision</title>
		<author>
			<persName xmlns="http://www.tei-c.org/ns/1.0"><forename type="first">Haibin</forename><surname>Liu</surname></persName>
		</author>
		<author>
			<persName xmlns="http://www.tei-c.org/ns/1.0"><forename type="first">Michael</forename><surname>Wall</surname></persName>
		</author>
		<author>
			<persName xmlns="http://www.tei-c.org/ns/1.0"><forename type="first">Karin</forename><surname>Verspoor</surname></persName>
		</author>
	</analytic>
	<monogr>
		<title level="j">Journal of biomedical semantics</title>
		<imprint>
			<biblScope unit="volume">3</biblScope>
			<biblScope unit="page">2</biblScope>
			<date type="published" when="2012" />
		</imprint>
	</monogr>
	<note>Suppl 3</note>
</biblStruct>

<biblStruct >
	<analytic>
		<title level="a" type="main">Named entity recognition in tweets: an experimental study</title>
		<author>
			<persName xmlns="http://www.tei-c.org/ns/1.0"><forename type="first">Alan</forename><surname>Ritter</surname></persName>
		</author>
		<author>
			<persName xmlns="http://www.tei-c.org/ns/1.0"><forename type="first">Sam</forename><surname>Clark</surname></persName>
		</author>
		<author>
			<persName xmlns="http://www.tei-c.org/ns/1.0"><forename type="first">Oren</forename><surname>Mausam</surname></persName>
		</author>
		<author>
			<persName xmlns="http://www.tei-c.org/ns/1.0"><surname>Etzioni</surname></persName>
		</author>
	</analytic>
	<monogr>
		<title level="m">Proceedings of the Conference on Empirical Methods in Natural Language Processing</title>
		<meeting>the Conference on Empirical Methods in Natural Language Processing</meeting>
		<imprint>
			<date type="published" when="2011" />
			<biblScope unit="page" from="1524" to="1534" />
		</imprint>
	</monogr>
	<note>Association for Computational Linguistics</note>
</biblStruct>

<biblStruct >
	<monogr>
		<title level="m" type="main">Modeling missing data in distant supervision for information extraction</title>
		<author>
			<persName xmlns="http://www.tei-c.org/ns/1.0"><forename type="first">Alan</forename><surname>Ritter</surname></persName>
		</author>
		<author>
			<persName xmlns="http://www.tei-c.org/ns/1.0"><forename type="first">Luke</forename><surname>Zettlemoyer</surname></persName>
		</author>
		<author>
			<persName xmlns="http://www.tei-c.org/ns/1.0"><forename type="first">Mausam</forename></persName>
		</author>
		<author>
			<persName xmlns="http://www.tei-c.org/ns/1.0"><forename type="first">Oren</forename><surname>Etzioni</surname></persName>
		</author>
		<imprint>
			<date type="published" when="2013" />
		</imprint>
	</monogr>
</biblStruct>

<biblStruct >
	<analytic>
		<title level="a" type="main">Multi-instance multi-label learning for relation extraction</title>
		<author>
			<persName xmlns="http://www.tei-c.org/ns/1.0"><forename type="first">Mihai</forename><surname>Surdeanu</surname></persName>
		</author>
		<author>
			<persName xmlns="http://www.tei-c.org/ns/1.0"><forename type="first">Julie</forename><surname>Tibshirani</surname></persName>
		</author>
		<author>
			<persName xmlns="http://www.tei-c.org/ns/1.0"><forename type="first">Ramesh</forename><surname>Nallapati</surname></persName>
		</author>
		<author>
			<persName xmlns="http://www.tei-c.org/ns/1.0"><forename type="first">Christopher</forename><surname>Manning</surname></persName>
		</author>
	</analytic>
	<monogr>
		<title level="m">Proceedings of the 2012 Joint Conference on Empirical Methods in Natural Language Processing and Computational Natural Language Learning</title>
		<meeting>the 2012 Joint Conference on Empirical Methods in Natural Language Processing and Computational Natural Language Learning</meeting>
		<imprint>
			<publisher>Association for Computational Linguistics</publisher>
			<date type="published" when="2012" />
			<biblScope unit="page" from="455" to="465" />
		</imprint>
	</monogr>
</biblStruct>

<biblStruct >
	<analytic>
		<title level="a" type="main">Reducing wrong labels in distant supervision for relation extraction</title>
		<author>
			<persName xmlns="http://www.tei-c.org/ns/1.0"><forename type="first">Shingo</forename><surname>Takamatsu</surname></persName>
		</author>
		<author>
			<persName xmlns="http://www.tei-c.org/ns/1.0"><forename type="first">Issei</forename><surname>Sato</surname></persName>
		</author>
		<author>
			<persName xmlns="http://www.tei-c.org/ns/1.0"><forename type="first">Hiroshi</forename><surname>Nakagawa</surname></persName>
		</author>
	</analytic>
	<monogr>
		<title level="m">Proceedings of the 50th Annual Meeting of the Association for Computational Linguistics: Long Papers</title>
		<meeting>the 50th Annual Meeting of the Association for Computational Linguistics: Long Papers</meeting>
		<imprint>
			<date type="published" when="2012" />
			<biblScope unit="volume">1</biblScope>
			<biblScope unit="page" from="721" to="729" />
		</imprint>
	</monogr>
	<note>Association for Computational Linguistics</note>
</biblStruct>

<biblStruct >
	<analytic>
		<title level="a" type="main">Autonomously semantifying wikipedia</title>
		<author>
			<persName xmlns="http://www.tei-c.org/ns/1.0"><forename type="first">Fei</forename><surname>Wu</surname></persName>
		</author>
		<author>
			<persName xmlns="http://www.tei-c.org/ns/1.0"><surname>Daniel S Weld</surname></persName>
		</author>
	</analytic>
	<monogr>
		<title level="m">Proceedings of the sixteenth ACM conference on Conference on information and knowledge management</title>
		<meeting>the sixteenth ACM conference on Conference on information and knowledge management</meeting>
		<imprint>
			<publisher>ACM</publisher>
			<date type="published" when="2007" />
			<biblScope unit="page" from="41" to="50" />
		</imprint>
	</monogr>
</biblStruct>

<biblStruct >
	<analytic>
		<title level="a" type="main">Overlapping community detection at scale: A nonnegative matrix factorization approach</title>
		<author>
			<persName xmlns="http://www.tei-c.org/ns/1.0"><forename type="first">Jaewon</forename><surname>Yang</surname></persName>
		</author>
		<author>
			<persName xmlns="http://www.tei-c.org/ns/1.0"><forename type="first">Jure</forename><surname>Leskovec</surname></persName>
		</author>
	</analytic>
	<monogr>
		<title level="m">Proceedings of the sixth ACM international conference on Web search and data mining</title>
		<meeting>the sixth ACM international conference on Web search and data mining</meeting>
		<imprint>
			<publisher>ACM</publisher>
			<date type="published" when="2013" />
			<biblScope unit="page" from="587" to="596" />
		</imprint>
	</monogr>
</biblStruct>

			</listBibl>
		</back>
	</text>
</TEI>
