<?xml version="1.0" ?>
<TEI xmlns="http://www.tei-c.org/ns/1.0" xmlns:xlink="http://www.w3.org/1999/xlink" 
 xmlns:mml="http://www.w3.org/1998/Math/MathML">
	<teiHeader>
		<fileDesc xml:id="f_1343"/>
	</teiHeader>
	<text>
		<front/>
		<body/>
		<back>
			<listBibl>
<biblStruct >
	<analytic>
		<title level="a" type="main">Sentence generation as planning with probabilistic LTAG</title>
		<author>
			<persName xmlns="http://www.tei-c.org/ns/1.0"><forename type="first">D</forename><surname>Bauer</surname></persName>
		</author>
		<author>
			<persName xmlns="http://www.tei-c.org/ns/1.0"><forename type="first">A</forename><surname>Koller</surname></persName>
		</author>
	</analytic>
	<monogr>
		<title level="m">Proceedings of the 10th International Workshop on Tree Adjoining Grammar and Related Formalisms</title>
		<meeting>the 10th International Workshop on Tree Adjoining Grammar and Related Formalisms<address><addrLine>New Haven, CT</addrLine></address></meeting>
		<imprint>
			<date type="published" when="2010" />
		</imprint>
	</monogr>
</biblStruct>

<biblStruct >
	<monogr>
		<title level="m" type="main">Fast planning through planning graph analysis. Artificial intelligence</title>
		<author>
			<persName xmlns="http://www.tei-c.org/ns/1.0"><forename type="first">A</forename><forename type="middle">L</forename><surname>Blum</surname></persName>
		</author>
		<author>
			<persName xmlns="http://www.tei-c.org/ns/1.0"><forename type="first">M</forename><forename type="middle">L</forename><surname>Furst</surname></persName>
		</author>
		<imprint>
			<date type="published" when="1997" />
			<biblScope unit="volume">90</biblScope>
			<biblScope unit="page" from="281" to="300" />
		</imprint>
	</monogr>
</biblStruct>

<biblStruct >
	<analytic>
		<title level="a" type="main">R-MAX-a general polynomial time algorithm for near-optimal reinforcement learning</title>
		<author>
			<persName xmlns="http://www.tei-c.org/ns/1.0"><forename type="first">R</forename><forename type="middle">I</forename><surname>Brafman</surname></persName>
		</author>
		<author>
			<persName xmlns="http://www.tei-c.org/ns/1.0"><forename type="first">M</forename><surname>Tennenholtz</surname></persName>
		</author>
	</analytic>
	<monogr>
		<title level="j">Journal of Machine Learning Research</title>
		<imprint>
			<biblScope unit="volume">3</biblScope>
			<biblScope unit="page" from="213" to="231" />
			<date type="published" when="2003" />
		</imprint>
	</monogr>
</biblStruct>

<biblStruct >
	<analytic>
		<title level="a" type="main">PDDL2.1: An extension to PDDL for expressing temporal planning domains</title>
		<author>
			<persName xmlns="http://www.tei-c.org/ns/1.0"><forename type="first">M</forename><surname>Fox</surname></persName>
		</author>
		<author>
			<persName xmlns="http://www.tei-c.org/ns/1.0"><forename type="first">D</forename><surname>Long</surname></persName>
		</author>
	</analytic>
	<monogr>
		<title level="j">Journal of Artificial Intelligence Research</title>
		<imprint>
			<biblScope unit="volume">20</biblScope>
			<biblScope unit="page" from="61" to="124" />
			<date type="published" when="2003" />
		</imprint>
	</monogr>
</biblStruct>

<biblStruct >
	<analytic>
		<title level="a" type="main">The FF planning system: fast plan generation through heuristic search</title>
		<author>
			<persName xmlns="http://www.tei-c.org/ns/1.0"><forename type="first">Jorg</forename><surname>Hoffmann</surname></persName>
		</author>
		<author>
			<persName xmlns="http://www.tei-c.org/ns/1.0"><forename type="first">Bernhard</forename><surname>Nebel</surname></persName>
		</author>
	</analytic>
	<monogr>
		<title level="j">Journal of Artificial Intelligence Research</title>
		<imprint>
			<biblScope unit="volume">14</biblScope>
			<biblScope unit="issue">1</biblScope>
			<biblScope unit="page" from="253" to="302" />
			<date type="published" when="2001-05" />
		</imprint>
	</monogr>
</biblStruct>

<biblStruct >
	<analytic>
		<title level="a" type="main">Chart generation</title>
		<author>
			<persName xmlns="http://www.tei-c.org/ns/1.0"><forename type="first">Martin</forename><surname>Kay</surname></persName>
		</author>
	</analytic>
	<monogr>
		<title level="m">Proceedings of the 34th annual meeting on Association for Computational Linguistics, ACL &apos;96</title>
		<meeting>the 34th annual meeting on Association for Computational Linguistics, ACL &apos;96<address><addrLine>Stroudsburg, PA, USA</addrLine></address></meeting>
		<imprint>
			<date type="published" when="1996" />
			<biblScope unit="page" from="200" to="204" />
		</imprint>
	</monogr>
	<note>Association for Computational Linguistics</note>
</biblStruct>

<biblStruct >
	<analytic>
		<title level="a" type="main">A sparse sampling algorithm for near-optimal planning in large Markov decision processes</title>
		<author>
			<persName xmlns="http://www.tei-c.org/ns/1.0"><forename type="first">M</forename><surname>Kearns</surname></persName>
		</author>
		<author>
			<persName xmlns="http://www.tei-c.org/ns/1.0"><forename type="first">Y</forename><surname>Mansour</surname></persName>
		</author>
		<author>
			<persName xmlns="http://www.tei-c.org/ns/1.0"><forename type="first">A</forename><forename type="middle">Y</forename><surname>Ng</surname></persName>
		</author>
	</analytic>
	<monogr>
		<title level="m">International Joint Conference on Artificial Intelligence</title>
		<imprint>
			<publisher>Lawrence Erlbaum Associates Ltd</publisher>
			<date type="published" when="1999" />
			<biblScope unit="volume">16</biblScope>
			<biblScope unit="page" from="1324" to="1331" />
		</imprint>
	</monogr>
</biblStruct>

<biblStruct >
	<analytic>
		<title level="a" type="main">Two-level, many-paths generation</title>
		<author>
			<persName xmlns="http://www.tei-c.org/ns/1.0"><forename type="first">K</forename><surname>Knight</surname></persName>
		</author>
		<author>
			<persName xmlns="http://www.tei-c.org/ns/1.0"><forename type="first">V</forename><surname>Hatzivassiloglou</surname></persName>
		</author>
	</analytic>
	<monogr>
		<title level="m">Proceedings of the 33rd annual meeting on Association for Computational Linguistics</title>
		<meeting>the 33rd annual meeting on Association for Computational Linguistics</meeting>
		<imprint>
			<date type="published" when="1995" />
			<biblScope unit="page" from="252" to="260" />
		</imprint>
	</monogr>
	<note>Association for Computational Linguistics</note>
</biblStruct>

<biblStruct >
	<analytic>
		<title level="a" type="main">Bandit based Monte-Carlo planning</title>
		<author>
			<persName xmlns="http://www.tei-c.org/ns/1.0"><forename type="first">Levente</forename><surname>Kocsis</surname></persName>
		</author>
		<author>
			<persName xmlns="http://www.tei-c.org/ns/1.0"><forename type="first">Csaba</forename><surname>Szepesvari</surname></persName>
		</author>
	</analytic>
	<monogr>
		<title level="m">Proceedings of the Seventeenth European Conference on Machine Learning</title>
		<meeting>the Seventeenth European Conference on Machine Learning</meeting>
		<imprint>
			<publisher>Springer</publisher>
			<date type="published" when="2006" />
			<biblScope unit="page" from="282" to="293" />
		</imprint>
	</monogr>
</biblStruct>

<biblStruct >
	<analytic>
		<title level="a" type="main">Experiences with planning for natural language generation</title>
		<author>
			<persName xmlns="http://www.tei-c.org/ns/1.0"><forename type="first">Alexander</forename><surname>Koller</surname></persName>
		</author>
		<author>
			<persName xmlns="http://www.tei-c.org/ns/1.0"><forename type="first">Ronald</forename><forename type="middle">P A</forename><surname>Petrick</surname></persName>
		</author>
	</analytic>
	<monogr>
		<title level="j">Computational Intelligence</title>
		<imprint>
			<biblScope unit="volume">27</biblScope>
			<biblScope unit="issue">1</biblScope>
			<biblScope unit="page" from="23" to="40" />
			<date type="published" when="2011" />
		</imprint>
	</monogr>
</biblStruct>

<biblStruct >
	<analytic>
		<title level="a" type="main">Sentence generation as a planning problem</title>
		<author>
			<persName xmlns="http://www.tei-c.org/ns/1.0"><forename type="first">A</forename><surname>Koller</surname></persName>
		</author>
		<author>
			<persName xmlns="http://www.tei-c.org/ns/1.0"><forename type="first">M</forename><surname>Stone</surname></persName>
		</author>
	</analytic>
	<monogr>
		<title level="m">Proceedings of the 45th Annual Meeting of the Association for Computational Linguistics</title>
		<meeting>the 45th Annual Meeting of the Association for Computational Linguistics</meeting>
		<imprint>
			<date type="published" when="2007" />
			<biblScope unit="volume">45</biblScope>
			<biblScope unit="page">336</biblScope>
		</imprint>
	</monogr>
</biblStruct>

<biblStruct >
	<analytic>
		<title level="a" type="main">An empirical verification of coverage and correctness for a general-purpose sentence generator</title>
		<author>
			<persName xmlns="http://www.tei-c.org/ns/1.0"><forename type="first">I</forename><surname>Langkilde-Geary</surname></persName>
		</author>
	</analytic>
	<monogr>
		<title level="m">Proceedings of the 12th International Natural Language Generation Workshop</title>
		<meeting>the 12th International Natural Language Generation Workshop</meeting>
		<imprint>
			<date type="published" when="2002" />
			<biblScope unit="page" from="17" to="24" />
		</imprint>
	</monogr>
</biblStruct>

<biblStruct >
	<analytic>
		<title level="a" type="main">Learning what to say and how to say it: joint optimization of spoken dialogue management and natural language generation</title>
		<author>
			<persName xmlns="http://www.tei-c.org/ns/1.0"><forename type="first">Oliver</forename><surname>Lemon</surname></persName>
		</author>
	</analytic>
	<monogr>
		<title level="j">Computer Speech and Language</title>
		<imprint>
			<biblScope unit="volume">25</biblScope>
			<biblScope unit="issue">2</biblScope>
			<biblScope unit="page" from="210" to="221" />
			<date type="published" when="2011" />
		</imprint>
	</monogr>
</biblStruct>

<biblStruct >
	<analytic>
		<title level="a" type="main">Natural language generation with tree conditional random fields</title>
		<author>
			<persName xmlns="http://www.tei-c.org/ns/1.0"><forename type="first">W</forename><surname>Lu</surname></persName>
		</author>
		<author>
			<persName xmlns="http://www.tei-c.org/ns/1.0"><forename type="first">H</forename><forename type="middle">T</forename><surname>Ng</surname></persName>
		</author>
		<author>
			<persName xmlns="http://www.tei-c.org/ns/1.0"><forename type="first">W</forename><forename type="middle">S</forename><surname>Lee</surname></persName>
		</author>
	</analytic>
	<monogr>
		<title level="m">Proceedings of the 2009 Conference on Empirical Methods in Natural Language Processing</title>
		<meeting>the 2009 Conference on Empirical Methods in Natural Language Processing</meeting>
		<imprint>
			<date type="published" when="2009" />
			<biblScope unit="volume">1</biblScope>
			<biblScope unit="page" from="400" to="409" />
		</imprint>
	</monogr>
	<note>Association for Computational Linguistics</note>
</biblStruct>

<biblStruct >
	<monogr>
		<title level="m" type="main">Markov decision processes: Discrete stochastic dynamic programming</title>
		<author>
			<persName xmlns="http://www.tei-c.org/ns/1.0"><forename type="first">M</forename><forename type="middle">L</forename><surname>Puterman</surname></persName>
		</author>
		<imprint>
			<date type="published" when="1994" />
			<publisher>John Wiley &amp; Sons, Inc</publisher>
		</imprint>
	</monogr>
</biblStruct>

<biblStruct >
	<monogr>
		<title level="m" type="main">Building Natural Language Generation Systems</title>
		<author>
			<persName xmlns="http://www.tei-c.org/ns/1.0"><forename type="first">Ehud</forename><surname>Reiter</surname></persName>
		</author>
		<author>
			<persName xmlns="http://www.tei-c.org/ns/1.0"><forename type="first">Robert</forename><surname>Dale</surname></persName>
		</author>
		<imprint>
			<date type="published" when="2000-01" />
			<publisher>Cambridge University Press</publisher>
		</imprint>
	</monogr>
</biblStruct>

<biblStruct >
	<analytic>
		<title level="a" type="main">A uniform architecture for parsing and generation</title>
		<author>
			<persName xmlns="http://www.tei-c.org/ns/1.0"><forename type="first">M</forename><surname>Stuart</surname></persName>
		</author>
		<author>
			<persName xmlns="http://www.tei-c.org/ns/1.0"><surname>Shieber</surname></persName>
		</author>
	</analytic>
	<monogr>
		<title level="m">Proceedings of the 12th conference on Computational linguistics</title>
		<meeting>the 12th conference on Computational linguistics<address><addrLine>Stroudsburg, PA, USA</addrLine></address></meeting>
		<imprint>
			<publisher>Association for Computational Linguistics</publisher>
			<date type="published" when="1988" />
			<biblScope unit="volume">2</biblScope>
			<biblScope unit="page" from="614" to="619" />
		</imprint>
	</monogr>
</biblStruct>

<biblStruct >
	<analytic>
		<title level="a" type="main">Microplanning with communicative intentions: The SPUD system</title>
		<author>
			<persName xmlns="http://www.tei-c.org/ns/1.0"><forename type="first">Matthew</forename><surname>Stone</surname></persName>
		</author>
		<author>
			<persName xmlns="http://www.tei-c.org/ns/1.0"><forename type="first">Christine</forename><surname>Doran</surname></persName>
		</author>
		<author>
			<persName xmlns="http://www.tei-c.org/ns/1.0"><forename type="first">Bonnie</forename><surname>Webber</surname></persName>
		</author>
		<author>
			<persName xmlns="http://www.tei-c.org/ns/1.0"><forename type="first">Tonia</forename><surname>Bleam</surname></persName>
		</author>
		<author>
			<persName xmlns="http://www.tei-c.org/ns/1.0"><forename type="first">Martha</forename><surname>Palmer</surname></persName>
		</author>
	</analytic>
	<monogr>
		<title level="j">Computational Intelligence</title>
		<imprint>
			<biblScope unit="volume">19</biblScope>
			<biblScope unit="issue">4</biblScope>
			<biblScope unit="page" from="311" to="381" />
			<date type="published" when="2003" />
		</imprint>
	</monogr>
</biblStruct>

<biblStruct >
	<analytic>
		<title level="a" type="main">Adapting chart realization to CCG</title>
		<author>
			<persName xmlns="http://www.tei-c.org/ns/1.0"><forename type="first">M</forename><surname>White</surname></persName>
		</author>
		<author>
			<persName xmlns="http://www.tei-c.org/ns/1.0"><forename type="first">J</forename><surname>Baldridge</surname></persName>
		</author>
	</analytic>
	<monogr>
		<title level="m">Proceedings of the 9th European Workshop on Natural Language Generation</title>
		<meeting>the 9th European Workshop on Natural Language Generation</meeting>
		<imprint>
			<date type="published" when="2003" />
			<biblScope unit="page" from="119" to="126" />
		</imprint>
	</monogr>
</biblStruct>

			</listBibl>
		</back>
	</text>
</TEI>
