<?xml version="1.0" ?>
<TEI xmlns="http://www.tei-c.org/ns/1.0" xmlns:xlink="http://www.w3.org/1999/xlink" 
 xmlns:mml="http://www.w3.org/1998/Math/MathML">
	<teiHeader>
		<fileDesc xml:id="f_102"/>
	</teiHeader>
	<text>
		<front/>
		<body/>
		<back>
			<listBibl>
<biblStruct >
	<analytic>
		<title level="a" type="main">Distributional learning of vowel categories is supported by prosody in infant-directed speech</title>
		<author>
			<persName xmlns="http://www.tei-c.org/ns/1.0"><forename type="first">Frans</forename><surname>Adriaans</surname></persName>
		</author>
		<author>
			<persName xmlns="http://www.tei-c.org/ns/1.0"><forename type="first">Daniel</forename><surname>Swingley</surname></persName>
		</author>
	</analytic>
	<monogr>
		<title level="m">Proceedings of the 34th Annual Conference of the Cognitive Science Society (CogSci)</title>
		<meeting>the 34th Annual Conference of the Cognitive Science Society (CogSci)</meeting>
		<imprint>
			<date type="published" when="2012" />
		</imprint>
	</monogr>
</biblStruct>

<biblStruct >
	<analytic>
		<title level="a" type="main">At 6-9 months, human infants know the meanings of many 1081 common nouns</title>
		<author>
			<persName xmlns="http://www.tei-c.org/ns/1.0"><forename type="first">E</forename><surname>Bergelson</surname></persName>
		</author>
		<author>
			<persName xmlns="http://www.tei-c.org/ns/1.0"><forename type="first">D</forename><surname>Swingley</surname></persName>
		</author>
	</analytic>
	<monogr>
		<title level="j">Proceedings of the National Academy of Sciences</title>
		<imprint>
			<biblScope unit="volume">109</biblScope>
			<biblScope unit="issue">9</biblScope>
			<biblScope unit="page" from="3253" to="3258" />
			<date type="published" when="2012-02" />
		</imprint>
	</monogr>
</biblStruct>

<biblStruct >
	<analytic>
		<title level="a" type="main">Hierarchical topic models and the nested Chinese restaurant process</title>
		<author>
			<persName xmlns="http://www.tei-c.org/ns/1.0"><forename type="first">David</forename><forename type="middle">M</forename><surname>Blei</surname></persName>
		</author>
		<author>
			<persName xmlns="http://www.tei-c.org/ns/1.0"><forename type="first">Thomas</forename><forename type="middle">L</forename><surname>Griffiths</surname></persName>
		</author>
		<author>
			<persName xmlns="http://www.tei-c.org/ns/1.0"><forename type="first">Michael</forename><forename type="middle">I</forename><surname>Jordan</surname></persName>
		</author>
		<author>
			<persName xmlns="http://www.tei-c.org/ns/1.0"><forename type="first">Joshua</forename><forename type="middle">B</forename><surname>Tenenbaum</surname></persName>
		</author>
	</analytic>
	<monogr>
		<title level="m">Advances in Neural Information Processing Systems</title>
		<imprint>
			<date type="published" when="2003" />
			<biblScope unit="volume">16</biblScope>
		</imprint>
	</monogr>
</biblStruct>

<biblStruct >
	<analytic>
		<title level="a" type="main">The role of exposure to isolated words in early vocabulary development</title>
		<author>
			<persName xmlns="http://www.tei-c.org/ns/1.0"><forename type="first">R</forename><surname>Michael</surname></persName>
		</author>
		<author>
			<persName xmlns="http://www.tei-c.org/ns/1.0"><forename type="first">Jeffrey</forename><forename type="middle">M</forename><surname>Brent</surname></persName>
		</author>
		<author>
			<persName xmlns="http://www.tei-c.org/ns/1.0"><surname>Siskind</surname></persName>
		</author>
	</analytic>
	<monogr>
		<title level="j">Cognition</title>
		<imprint>
			<biblScope unit="volume">81</biblScope>
			<biblScope unit="issue">2</biblScope>
			<biblScope unit="page" from="33" to="44" />
			<date type="published" when="2001" />
		</imprint>
	</monogr>
</biblStruct>

<biblStruct >
	<analytic>
		<title level="a" type="main">Two decades of unsupervised POS induction: How far have we come?</title>
		<author>
			<persName xmlns="http://www.tei-c.org/ns/1.0"><forename type="first">Christos</forename><surname>Christodoulopoulos</surname></persName>
		</author>
		<author>
			<persName xmlns="http://www.tei-c.org/ns/1.0"><forename type="first">Sharon</forename><surname>Goldwater</surname></persName>
		</author>
		<author>
			<persName xmlns="http://www.tei-c.org/ns/1.0"><forename type="first">Mark</forename><surname>Steedman</surname></persName>
		</author>
	</analytic>
	<monogr>
		<title level="m">Proceedings of the 48th Annual Meeting of the Association for Computational Linguistics (ACL)</title>
		<meeting>the 48th Annual Meeting of the Association for Computational Linguistics (ACL)<address><addrLine>Cambridge, MA</addrLine></address></meeting>
		<imprint>
			<biblScope unit="page" from="575" to="584" />
		</imprint>
	</monogr>
	<note>October 2010. Association for Computational Linguistics</note>
</biblStruct>

<biblStruct >
	<analytic>
		<title level="a" type="main">Investigating the role of infant-directed speech with a computer model</title>
		<author>
			<persName xmlns="http://www.tei-c.org/ns/1.0"><forename type="first">Patricia</forename><forename type="middle">K</forename><surname>Bart De Boer</surname></persName>
		</author>
		<author>
			<persName xmlns="http://www.tei-c.org/ns/1.0"><surname>Kuhl</surname></persName>
		</author>
	</analytic>
	<monogr>
		<title level="j">Acoustics Research Letters Online</title>
		<imprint>
			<biblScope unit="volume">4</biblScope>
			<biblScope unit="issue">4</biblScope>
			<biblScope unit="page">129</biblScope>
			<date type="published" when="2003" />
		</imprint>
	</monogr>
</biblStruct>

<biblStruct >
	<analytic>
		<title level="a" type="main">A single-stage approach to learning phonological categories: Insights from Inuktitut</title>
		<author>
			<persName xmlns="http://www.tei-c.org/ns/1.0"><forename type="first">Brian</forename><surname>Dillon</surname></persName>
		</author>
		<author>
			<persName xmlns="http://www.tei-c.org/ns/1.0"><forename type="first">Ewan</forename><surname>Dunbar</surname></persName>
		</author>
		<author>
			<persName xmlns="http://www.tei-c.org/ns/1.0"><forename type="first">William</forename><surname>Idsardi</surname></persName>
		</author>
	</analytic>
	<monogr>
		<title level="j">Cognitive Science</title>
		<imprint>
			<biblScope unit="volume">37</biblScope>
			<biblScope unit="issue">2</biblScope>
			<biblScope unit="page" from="344" to="377" />
			<date type="published" when="2013-03" />
		</imprint>
	</monogr>
</biblStruct>

<biblStruct >
	<analytic>
		<title level="a" type="main">A cognitive model of early lexical acquisition with phonetic variability</title>
		<author>
			<persName xmlns="http://www.tei-c.org/ns/1.0"><forename type="first">Micha</forename><surname>Elsner</surname></persName>
		</author>
		<author>
			<persName xmlns="http://www.tei-c.org/ns/1.0"><forename type="first">Sharon</forename><surname>Goldwater</surname></persName>
		</author>
		<author>
			<persName xmlns="http://www.tei-c.org/ns/1.0"><forename type="first">Naomi</forename><surname>Feldman</surname></persName>
		</author>
		<author>
			<persName xmlns="http://www.tei-c.org/ns/1.0"><forename type="first">Frank</forename><surname>Wood</surname></persName>
		</author>
	</analytic>
	<monogr>
		<title level="m">Proceedings of the 18th Conference on Empirical Methods in Natural Language Processing (EMNLP)</title>
		<meeting>the 18th Conference on Empirical Methods in Natural Language Processing (EMNLP)</meeting>
		<imprint>
			<date type="published" when="2013" />
		</imprint>
	</monogr>
</biblStruct>

<biblStruct >
	<analytic>
		<title level="a" type="main">A role for the developing lexicon in phonetic category acquisition</title>
		<author>
			<persName xmlns="http://www.tei-c.org/ns/1.0"><forename type="first">Naomi</forename><forename type="middle">H</forename><surname>Feldman</surname></persName>
		</author>
		<author>
			<persName xmlns="http://www.tei-c.org/ns/1.0"><forename type="first">Thomas</forename><forename type="middle">L</forename><surname>Griffiths</surname></persName>
		</author>
		<author>
			<persName xmlns="http://www.tei-c.org/ns/1.0"><forename type="first">Sharon</forename><surname>Goldwater</surname></persName>
		</author>
		<author>
			<persName xmlns="http://www.tei-c.org/ns/1.0"><forename type="first">James</forename><forename type="middle">L</forename><surname>Morgan</surname></persName>
		</author>
	</analytic>
	<monogr>
		<title level="j">Psychological Review</title>
		<imprint>
			<date type="published" when="2013" />
		</imprint>
	</monogr>
</biblStruct>

<biblStruct >
	<analytic>
		<title level="a" type="main">Word-level information influences phonetic learning in adults and infants</title>
		<author>
			<persName xmlns="http://www.tei-c.org/ns/1.0"><forename type="first">Naomi</forename><forename type="middle">H</forename><surname>Feldman</surname></persName>
		</author>
		<author>
			<persName xmlns="http://www.tei-c.org/ns/1.0"><forename type="first">Emily</forename><forename type="middle">B</forename><surname>Myers</surname></persName>
		</author>
		<author>
			<persName xmlns="http://www.tei-c.org/ns/1.0"><forename type="first">Katherine</forename><forename type="middle">S</forename><surname>White</surname></persName>
		</author>
		<author>
			<persName xmlns="http://www.tei-c.org/ns/1.0"><forename type="first">Thomas</forename><forename type="middle">L</forename><surname>Griffiths</surname></persName>
		</author>
		<author>
			<persName xmlns="http://www.tei-c.org/ns/1.0"><forename type="first">James</forename><forename type="middle">L</forename><surname>Morgan</surname></persName>
		</author>
	</analytic>
	<monogr>
		<title level="j">Cognition</title>
		<imprint>
			<biblScope unit="volume">127</biblScope>
			<biblScope unit="issue">3</biblScope>
			<biblScope unit="page" from="427" to="438" />
			<date type="published" when="2013" />
		</imprint>
	</monogr>
</biblStruct>

<biblStruct >
	<monogr>
		<title level="m" type="main">A rudimentary lexicon and semantics help bootstrap phoneme acquisition</title>
		<author>
			<persName xmlns="http://www.tei-c.org/ns/1.0"><forename type="first">Abdellah</forename><surname>Fourtassi</surname></persName>
		</author>
		<author>
			<persName xmlns="http://www.tei-c.org/ns/1.0"><forename type="first">Emmanuel</forename><surname>Dupoux</surname></persName>
		</author>
		<imprint/>
	</monogr>
	<note>Submitted</note>
</biblStruct>

<biblStruct >
	<analytic>
		<title level="a" type="main">Using speakers&apos; referential intentions to model early cross-situational word learning</title>
		<author>
			<persName xmlns="http://www.tei-c.org/ns/1.0"><forename type="first">C</forename><surname>Michael</surname></persName>
		</author>
		<author>
			<persName xmlns="http://www.tei-c.org/ns/1.0"><forename type="first">Noah</forename><forename type="middle">D</forename><surname>Frank</surname></persName>
		</author>
		<author>
			<persName xmlns="http://www.tei-c.org/ns/1.0"><forename type="first">Joshua</forename><forename type="middle">B</forename><surname>Goodman</surname></persName>
		</author>
		<author>
			<persName xmlns="http://www.tei-c.org/ns/1.0"><surname>Tenenbaum</surname></persName>
		</author>
	</analytic>
	<monogr>
		<title level="j">Psychological Science</title>
		<imprint>
			<biblScope unit="volume">20</biblScope>
			<biblScope unit="issue">5</biblScope>
			<biblScope unit="page" from="578" to="585" />
			<date type="published" when="2009" />
		</imprint>
	</monogr>
</biblStruct>

<biblStruct >
	<analytic>
		<title level="a" type="main">Word learning in 6-month-olds: Fast encoding-weak retention</title>
		<author>
			<persName xmlns="http://www.tei-c.org/ns/1.0"><forename type="first">Manuela</forename><surname>Friedrich</surname></persName>
		</author>
		<author>
			<persName xmlns="http://www.tei-c.org/ns/1.0"><forename type="first">Angela</forename><forename type="middle">D</forename><surname>Friederici</surname></persName>
		</author>
	</analytic>
	<monogr>
		<title level="j">Journal of Cognitive Neuroscience</title>
		<imprint>
			<biblScope unit="volume">23</biblScope>
			<biblScope unit="issue">11</biblScope>
			<biblScope unit="page" from="3228" to="3240" />
			<date type="published" when="2011-11" />
		</imprint>
	</monogr>
</biblStruct>

<biblStruct >
	<analytic>
		<title level="a" type="main">Intersensory redundancy and 7-month-old infants&apos; memory for arbitrary syllable-object relations</title>
		<author>
			<persName xmlns="http://www.tei-c.org/ns/1.0"><forename type="first">J</forename><surname>Lakshmi</surname></persName>
		</author>
		<author>
			<persName xmlns="http://www.tei-c.org/ns/1.0"><forename type="first">Lorraine</forename><forename type="middle">E</forename><surname>Gogate</surname></persName>
		</author>
		<author>
			<persName xmlns="http://www.tei-c.org/ns/1.0"><surname>Bahrick</surname></persName>
		</author>
	</analytic>
	<monogr>
		<title level="j">Infancy</title>
		<imprint>
			<biblScope unit="volume">2</biblScope>
			<biblScope unit="issue">2</biblScope>
			<biblScope unit="page" from="219" to="231" />
			<date type="published" when="2001-04" />
		</imprint>
	</monogr>
</biblStruct>

<biblStruct >
	<analytic>
		<title level="a" type="main">Acoustic characteristics of American English vowels</title>
		<author>
			<persName xmlns="http://www.tei-c.org/ns/1.0"><forename type="first">J</forename><surname>Hillenbrand</surname></persName>
		</author>
		<author>
			<persName xmlns="http://www.tei-c.org/ns/1.0"><forename type="first">L</forename><forename type="middle">A</forename><surname>Getty</surname></persName>
		</author>
		<author>
			<persName xmlns="http://www.tei-c.org/ns/1.0"><forename type="first">M</forename><forename type="middle">J</forename><surname>Clark</surname></persName>
		</author>
		<author>
			<persName xmlns="http://www.tei-c.org/ns/1.0"><forename type="first">K</forename><surname>Wheeler</surname></persName>
		</author>
	</analytic>
	<monogr>
		<title level="j">Journal of the Acoustical Society of America</title>
		<imprint>
			<biblScope unit="volume">97</biblScope>
			<biblScope unit="issue">5</biblScope>
			<biblScope unit="page" from="3099" to="3111" />
			<date type="published" when="1995-05" />
		</imprint>
	</monogr>
	<note>Pt 1</note>
</biblStruct>

<biblStruct >
	<analytic>
		<title level="a" type="main">Infants&apos; memory for spoken words</title>
		<author>
			<persName xmlns="http://www.tei-c.org/ns/1.0"><forename type="first">P</forename><forename type="middle">W</forename><surname>Jusczyk</surname></persName>
		</author>
		<author>
			<persName xmlns="http://www.tei-c.org/ns/1.0"><forename type="first">Elizabeth</forename><forename type="middle">A</forename><surname>Hohne</surname></persName>
		</author>
	</analytic>
	<monogr>
		<title level="j">Science</title>
		<imprint>
			<biblScope unit="volume">277</biblScope>
			<biblScope unit="issue">5334</biblScope>
			<biblScope unit="page" from="1984" to="1986" />
			<date type="published" when="1997-09" />
		</imprint>
	</monogr>
</biblStruct>

<biblStruct >
	<analytic>
		<title level="a" type="main">Linguistic experience alters phonetic perception in infants by 6 months of age</title>
		<author>
			<persName xmlns="http://www.tei-c.org/ns/1.0"><forename type="first">Patricia</forename><forename type="middle">K</forename><surname>Kuhl</surname></persName>
		</author>
		<author>
			<persName xmlns="http://www.tei-c.org/ns/1.0"><forename type="first">Karen</forename><forename type="middle">A</forename><surname>Williams</surname></persName>
		</author>
		<author>
			<persName xmlns="http://www.tei-c.org/ns/1.0"><forename type="first">Francisco</forename><surname>Lacerda</surname></persName>
		</author>
		<author>
			<persName xmlns="http://www.tei-c.org/ns/1.0"><forename type="first">Kenneth</forename><forename type="middle">N</forename><surname>Stevens</surname></persName>
		</author>
		<author>
			<persName xmlns="http://www.tei-c.org/ns/1.0"><forename type="first">Bjorn</forename><surname>Lindblom</surname></persName>
		</author>
	</analytic>
	<monogr>
		<title level="j">Science</title>
		<imprint>
			<biblScope unit="volume">255</biblScope>
			<biblScope unit="issue">5044</biblScope>
			<biblScope unit="page" from="606" to="608" />
			<date type="published" when="1992" />
		</imprint>
	</monogr>
</biblStruct>

<biblStruct >
	<analytic>
		<title level="a" type="main">The CHILDES Project: Tools for Analyzing Talk</title>
		<author>
			<persName xmlns="http://www.tei-c.org/ns/1.0"><forename type="first">Brian</forename><surname>Macwhinney</surname></persName>
		</author>
	</analytic>
	<monogr>
		<title level="j">Lawrence Erlbaum Associates</title>
		<imprint>
			<date type="published" when="2000" />
		</imprint>
	</monogr>
</biblStruct>

<biblStruct >
	<analytic>
		<title level="a" type="main">Infants&apos; recognition of the sound patterns of their own names</title>
		<author>
			<persName xmlns="http://www.tei-c.org/ns/1.0"><forename type="first">D</forename><forename type="middle">R</forename><surname>Mandel</surname></persName>
		</author>
		<author>
			<persName xmlns="http://www.tei-c.org/ns/1.0"><forename type="first">P</forename><forename type="middle">W</forename><surname>Jusczyk</surname></persName>
		</author>
		<author>
			<persName xmlns="http://www.tei-c.org/ns/1.0"><forename type="first">D</forename><forename type="middle">B</forename><surname>Pisoni</surname></persName>
		</author>
	</analytic>
	<monogr>
		<title level="j">Psychological Science</title>
		<imprint>
			<biblScope unit="volume">6</biblScope>
			<biblScope unit="issue">5</biblScope>
			<biblScope unit="page" from="314" to="317" />
			<date type="published" when="1995-09" />
		</imprint>
	</monogr>
</biblStruct>

<biblStruct >
	<analytic>
		<title level="a" type="main">Twelve-montholds know their cups from their keps and tups</title>
		<author>
			<persName xmlns="http://www.tei-c.org/ns/1.0"><forename type="first">Nivedita</forename><surname>Mani</surname></persName>
		</author>
		<author>
			<persName xmlns="http://www.tei-c.org/ns/1.0"><forename type="first">Kim</forename><surname>Plunkett</surname></persName>
		</author>
	</analytic>
	<monogr>
		<title level="j">Infancy</title>
		<imprint>
			<biblScope unit="volume">15</biblScope>
			<biblScope unit="issue">5</biblScope>
			<biblScope unit="page">445470</biblScope>
			<date type="published" when="2010-09" />
		</imprint>
	</monogr>
</biblStruct>

<biblStruct >
	<analytic>
		<title level="a" type="main">Statistical phonetic learning in infants: facilitation and feature generalization</title>
		<author>
			<persName xmlns="http://www.tei-c.org/ns/1.0"><forename type="first">Jessica</forename><surname>Maye</surname></persName>
		</author>
		<author>
			<persName xmlns="http://www.tei-c.org/ns/1.0"><forename type="first">Daniel</forename><forename type="middle">J</forename><surname>Weiss</surname></persName>
		</author>
		<author>
			<persName xmlns="http://www.tei-c.org/ns/1.0"><forename type="first">Richard</forename><forename type="middle">N</forename><surname>Aslin</surname></persName>
		</author>
	</analytic>
	<monogr>
		<title level="j">Developmental Science</title>
		<imprint>
			<biblScope unit="volume">11</biblScope>
			<biblScope unit="issue">1</biblScope>
			<biblScope unit="page" from="122" to="134" />
			<date type="published" when="2008-01" />
		</imprint>
	</monogr>
</biblStruct>

<biblStruct >
	<analytic>
		<title level="a" type="main">Infant sensitivity to distributional information can affect phonetic discrimination</title>
		<author>
			<persName xmlns="http://www.tei-c.org/ns/1.0"><forename type="first">Jessica</forename><surname>Maye</surname></persName>
		</author>
		<author>
			<persName xmlns="http://www.tei-c.org/ns/1.0"><forename type="first">Janet</forename><forename type="middle">F</forename><surname>Werker</surname></persName>
		</author>
		<author>
			<persName xmlns="http://www.tei-c.org/ns/1.0"><forename type="first">Louann</forename><surname>Gerken</surname></persName>
		</author>
	</analytic>
	<monogr>
		<title level="j">Cognition</title>
		<imprint>
			<biblScope unit="volume">82</biblScope>
			<biblScope unit="issue">3</biblScope>
			<biblScope unit="page" from="101" to="111" />
			<date type="published" when="2002-01" />
		</imprint>
	</monogr>
</biblStruct>

<biblStruct >
	<monogr>
		<title level="m" type="main">MALLET: A machine learning for language toolkit</title>
		<author>
			<persName xmlns="http://www.tei-c.org/ns/1.0"><forename type="first">Andrew</forename><surname>Mccallum</surname></persName>
		</author>
		<imprint>
			<date type="published" when="2002" />
		</imprint>
	</monogr>
</biblStruct>

<biblStruct >
	<analytic>
		<title level="a" type="main">Statistical learning of phonetic categories: insights from a computational approach</title>
		<author>
			<persName xmlns="http://www.tei-c.org/ns/1.0"><forename type="first">Bob</forename><surname>Mcmurray</surname></persName>
		</author>
		<author>
			<persName xmlns="http://www.tei-c.org/ns/1.0"><forename type="first">Richard</forename><forename type="middle">N</forename><surname>Aslin</surname></persName>
		</author>
		<author>
			<persName xmlns="http://www.tei-c.org/ns/1.0"><forename type="first">Joseph</forename><forename type="middle">C</forename><surname>Toscano</surname></persName>
		</author>
	</analytic>
	<monogr>
		<title level="j">Developmental Science</title>
		<imprint>
			<biblScope unit="volume">12</biblScope>
			<biblScope unit="issue">3</biblScope>
			<biblScope unit="page" from="369" to="378" />
			<date type="published" when="2009-05" />
		</imprint>
	</monogr>
</biblStruct>

<biblStruct >
	<monogr>
		<title level="m" type="main">How words can and cannot be learned by observation. Proceedings of the National Academy of Sciences</title>
		<author>
			<persName xmlns="http://www.tei-c.org/ns/1.0"><forename type="first">Tamara</forename><forename type="middle">Nicol</forename><surname>Medina</surname></persName>
		</author>
		<author>
			<persName xmlns="http://www.tei-c.org/ns/1.0"><forename type="first">Jesse</forename><surname>Snedeker</surname></persName>
		</author>
		<author>
			<persName xmlns="http://www.tei-c.org/ns/1.0"><forename type="first">John</forename><forename type="middle">C</forename><surname>Trueswell</surname></persName>
		</author>
		<author>
			<persName xmlns="http://www.tei-c.org/ns/1.0"><forename type="first">Lila</forename><forename type="middle">R</forename><surname>Gleitman</surname></persName>
		</author>
		<imprint>
			<date type="published" when="2011" />
			<biblScope unit="volume">108</biblScope>
			<biblScope unit="page" from="9014" to="9019" />
		</imprint>
	</monogr>
</biblStruct>

<biblStruct >
	<analytic>
		<title level="a" type="main">Markov chain sampling methods for Dirichlet process mixture models</title>
		<author>
			<persName xmlns="http://www.tei-c.org/ns/1.0"><forename type="first">Radford</forename><surname>Neal</surname></persName>
		</author>
	</analytic>
	<monogr>
		<title level="j">Journal of Computational and Graphical Statistics</title>
		<imprint>
			<biblScope unit="volume">9</biblScope>
			<biblScope unit="page" from="249" to="265" />
			<date type="published" when="2000" />
		</imprint>
	</monogr>
</biblStruct>

<biblStruct >
	<analytic>
		<title level="a" type="main">Developmental changes in perception of nonnative vowel contrasts</title>
		<author>
			<persName xmlns="http://www.tei-c.org/ns/1.0"><forename type="first">Linda</forename><surname>Polka</surname></persName>
		</author>
		<author>
			<persName xmlns="http://www.tei-c.org/ns/1.0"><forename type="first">Janet</forename><forename type="middle">F</forename><surname>Werker</surname></persName>
		</author>
	</analytic>
	<monogr>
		<title level="j">Journal of Experimental Psychology: Human Perception and Performance</title>
		<imprint>
			<biblScope unit="volume">20</biblScope>
			<biblScope unit="issue">2</biblScope>
			<biblScope unit="page" from="421" to="435" />
			<date type="published" when="1994" />
		</imprint>
	</monogr>
</biblStruct>

<biblStruct >
	<analytic>
		<title level="a" type="main">The infinite Gaussian mixture model</title>
		<author>
			<persName xmlns="http://www.tei-c.org/ns/1.0"><forename type="first">Carl</forename><surname>Rasmussen</surname></persName>
		</author>
	</analytic>
	<monogr>
		<title level="m">Advances in Neural Information Processing Systems 13</title>
		<imprint>
			<date type="published" when="2000" />
		</imprint>
	</monogr>
</biblStruct>

<biblStruct >
	<analytic>
		<title level="a" type="main">Vmeasure: A conditional entropy-based external cluster evaluation measure</title>
		<author>
			<persName xmlns="http://www.tei-c.org/ns/1.0"><forename type="first">Andrew</forename><surname>Rosenberg</surname></persName>
		</author>
		<author>
			<persName xmlns="http://www.tei-c.org/ns/1.0"><forename type="first">Julia</forename><surname>Hirschberg</surname></persName>
		</author>
	</analytic>
	<monogr>
		<title level="m">Proceedings of the 12th Conference on Empirical Methods in Natural Language Processing (EMNLP)</title>
		<meeting>the 12th Conference on Empirical Methods in Natural Language Processing (EMNLP)</meeting>
		<imprint>
			<date type="published" when="2007" />
		</imprint>
	</monogr>
</biblStruct>

<biblStruct >
	<analytic>
		<title level="a" type="main">Relating activity contexts to early word learning in dense longitudinal data</title>
		<author>
			<persName xmlns="http://www.tei-c.org/ns/1.0"><forename type="first">C</forename><surname>Brandon</surname></persName>
		</author>
		<author>
			<persName xmlns="http://www.tei-c.org/ns/1.0"><forename type="first">Michael</forename><forename type="middle">C</forename><surname>Roy</surname></persName>
		</author>
		<author>
			<persName xmlns="http://www.tei-c.org/ns/1.0"><forename type="first">Deb</forename><surname>Frank</surname></persName>
		</author>
		<author>
			<persName xmlns="http://www.tei-c.org/ns/1.0"><surname>Roy</surname></persName>
		</author>
	</analytic>
	<monogr>
		<title level="m">Proceedings of the 34th Annual Conference of the Cognitive Science Society (CogSci)</title>
		<meeting>the 34th Annual Conference of the Cognitive Science Society (CogSci)</meeting>
		<imprint>
			<date type="published" when="2012" />
		</imprint>
	</monogr>
</biblStruct>

<biblStruct >
	<analytic>
		<title level="a" type="main">The basis of preference for lexical words in 6-month-old infants</title>
		<author>
			<persName xmlns="http://www.tei-c.org/ns/1.0"><forename type="first">Rushen</forename><surname>Shi</surname></persName>
		</author>
		<author>
			<persName xmlns="http://www.tei-c.org/ns/1.0"><forename type="first">Janet</forename><forename type="middle">F</forename><surname>Werker</surname></persName>
		</author>
	</analytic>
	<monogr>
		<title level="j">Developmental Science</title>
		<imprint>
			<biblScope unit="volume">6</biblScope>
			<biblScope unit="issue">5</biblScope>
			<biblScope unit="page" from="484" to="488" />
			<date type="published" when="2003" />
		</imprint>
	</monogr>
</biblStruct>

<biblStruct >
	<analytic>
		<title level="a" type="main">Prosody guides the rapid mapping of auditory word forms onto visual objects in 6-mo-old infants</title>
		<author>
			<persName xmlns="http://www.tei-c.org/ns/1.0"><forename type="first">M</forename><surname>Shukla</surname></persName>
		</author>
		<author>
			<persName xmlns="http://www.tei-c.org/ns/1.0"><forename type="first">K</forename><forename type="middle">S</forename><surname>White</surname></persName>
		</author>
		<author>
			<persName xmlns="http://www.tei-c.org/ns/1.0"><forename type="first">R</forename><forename type="middle">N</forename><surname>Aslin</surname></persName>
		</author>
	</analytic>
	<monogr>
		<title level="m">Proceedings of the National Academy of Sciences</title>
		<meeting>the National Academy of Sciences</meeting>
		<imprint>
			<date type="published" when="2011-04" />
			<biblScope unit="volume">108</biblScope>
			<biblScope unit="page" from="6038" to="6043" />
		</imprint>
	</monogr>
</biblStruct>

<biblStruct >
	<analytic>
		<title level="a" type="main">Infants rapidly learn word-referent mappings via cross-situational statistics</title>
		<author>
			<persName xmlns="http://www.tei-c.org/ns/1.0"><forename type="first">Linda</forename><forename type="middle">B</forename><surname>Smith</surname></persName>
		</author>
		<author>
			<persName xmlns="http://www.tei-c.org/ns/1.0"><forename type="first">Chen</forename><surname>Yu</surname></persName>
		</author>
	</analytic>
	<monogr>
		<title level="j">Cognition</title>
		<imprint>
			<biblScope unit="volume">106</biblScope>
			<biblScope unit="issue">3</biblScope>
			<biblScope unit="page" from="1558" to="1568" />
			<date type="published" when="2008" />
		</imprint>
	</monogr>
</biblStruct>

<biblStruct >
	<analytic>
		<title level="a" type="main">Infants listen for more phonetic detail in speech perception than in word-learning tasks</title>
		<author>
			<persName xmlns="http://www.tei-c.org/ns/1.0"><forename type="first">Christine</forename><forename type="middle">L</forename><surname>Stager</surname></persName>
		</author>
		<author>
			<persName xmlns="http://www.tei-c.org/ns/1.0"><forename type="first">Janet</forename><forename type="middle">F</forename><surname>Werker</surname></persName>
		</author>
	</analytic>
	<monogr>
		<title level="j">Nature</title>
		<imprint>
			<biblScope unit="volume">388</biblScope>
			<biblScope unit="page" from="381" to="382" />
			<date type="published" when="1997" />
		</imprint>
	</monogr>
</biblStruct>

<biblStruct >
	<analytic>
		<title level="a" type="main">Contributions of infant word learning to language development</title>
		<author>
			<persName xmlns="http://www.tei-c.org/ns/1.0"><forename type="first">D</forename><surname>Swingley</surname></persName>
		</author>
	</analytic>
	<monogr>
		<title level="j">Philosophical Transactions of the Royal Society B: Biological Sciences</title>
		<imprint>
			<biblScope unit="volume">364</biblScope>
			<biblScope unit="page" from="3617" to="3632" />
			<date type="published" when="1536-11" />
		</imprint>
	</monogr>
</biblStruct>

<biblStruct >
	<analytic>
		<title level="a" type="main">A hierarchical Bayesian language model based on Pitman-Yor processes</title>
		<author>
			<persName xmlns="http://www.tei-c.org/ns/1.0"><forename type="first">Yee Whye</forename><surname>Teh</surname></persName>
		</author>
	</analytic>
	<monogr>
		<title level="m">Proceedings of the 44th Annual Meeting of the Association for Computational Linguistics (ACL)</title>
		<meeting>the 44th Annual Meeting of the Association for Computational Linguistics (ACL)<address><addrLine>Sydney</addrLine></address></meeting>
		<imprint>
			<date type="published" when="2006" />
			<biblScope unit="page" from="985" to="992" />
		</imprint>
	</monogr>
</biblStruct>

<biblStruct >
	<analytic>
		<title level="a" type="main">Visual speech contributes to phonetic learning in 6-month-old infants</title>
		<author>
			<persName xmlns="http://www.tei-c.org/ns/1.0"><forename type="first">Tuomas</forename><surname>Teinonen</surname></persName>
		</author>
		<author>
			<persName xmlns="http://www.tei-c.org/ns/1.0"><forename type="first">Richard</forename><forename type="middle">N</forename><surname>Aslin</surname></persName>
		</author>
		<author>
			<persName xmlns="http://www.tei-c.org/ns/1.0"><forename type="first">Paavo</forename><surname>Alku</surname></persName>
		</author>
		<author>
			<persName xmlns="http://www.tei-c.org/ns/1.0"><forename type="first">Gergely</forename><surname>Csibra</surname></persName>
		</author>
	</analytic>
	<monogr>
		<title level="j">Cognition</title>
		<imprint>
			<biblScope unit="volume">108</biblScope>
			<biblScope unit="page" from="850" to="855" />
			<date type="published" when="2008" />
		</imprint>
	</monogr>
</biblStruct>

<biblStruct >
	<analytic>
		<title level="a" type="main">The effect of distributional information on children&apos;s use of phonemic contrasts</title>
		<author>
			<persName xmlns="http://www.tei-c.org/ns/1.0"><forename type="first">Erik</forename><forename type="middle">D</forename><surname>Thiessen</surname></persName>
		</author>
	</analytic>
	<monogr>
		<title level="j">Journal of Memory and Language</title>
		<imprint>
			<biblScope unit="volume">56</biblScope>
			<biblScope unit="issue">1</biblScope>
			<biblScope unit="page" from="16" to="34" />
			<date type="published" when="2007-01" />
		</imprint>
	</monogr>
</biblStruct>

<biblStruct >
	<analytic>
		<title level="a" type="main">Some beginnings of word comprehension in 6-month-olds</title>
		<author>
			<persName xmlns="http://www.tei-c.org/ns/1.0"><forename type="first">R</forename><surname>Tincoff</surname></persName>
		</author>
		<author>
			<persName xmlns="http://www.tei-c.org/ns/1.0"><forename type="first">P</forename><forename type="middle">W</forename><surname>Jusczyk</surname></persName>
		</author>
	</analytic>
	<monogr>
		<title level="j">Psychological Science</title>
		<imprint>
			<biblScope unit="volume">10</biblScope>
			<biblScope unit="issue">2</biblScope>
			<biblScope unit="page" from="172" to="175" />
			<date type="published" when="1999-03" />
		</imprint>
	</monogr>
</biblStruct>

<biblStruct >
	<analytic>
		<title level="a" type="main">Six-montholds comprehend words that refer to parts of the body</title>
		<author>
			<persName xmlns="http://www.tei-c.org/ns/1.0"><forename type="first">Ruth</forename><surname>Tincoff</surname></persName>
		</author>
		<author>
			<persName xmlns="http://www.tei-c.org/ns/1.0"><forename type="first">Peter</forename><forename type="middle">W</forename><surname>Jusczyk</surname></persName>
		</author>
	</analytic>
	<monogr>
		<title level="j">Infancy</title>
		<imprint>
			<biblScope unit="volume">17</biblScope>
			<biblScope unit="issue">4</biblScope>
			<biblScope unit="page">432444</biblScope>
			<date type="published" when="2012-07" />
		</imprint>
	</monogr>
</biblStruct>

<biblStruct >
	<monogr>
		<title level="m" type="main">Grundzüge der Phonologie. Vandenhoeck und Ruprecht</title>
		<author>
			<persName xmlns="http://www.tei-c.org/ns/1.0"><forename type="first">N</forename><forename type="middle">S</forename><surname>Trubetzkoy</surname></persName>
		</author>
		<imprint>
			<date type="published" when="1939" />
			<pubPlace>Göttingen</pubPlace>
		</imprint>
	</monogr>
</biblStruct>

<biblStruct >
	<analytic>
		<title level="a" type="main">Propose but verify: Fast mapping meets cross-situational word learning</title>
		<author>
			<persName xmlns="http://www.tei-c.org/ns/1.0"><forename type="first">John</forename><forename type="middle">C</forename><surname>Trueswell</surname></persName>
		</author>
		<author>
			<persName xmlns="http://www.tei-c.org/ns/1.0"><forename type="first">Tamara</forename><forename type="middle">Nicol</forename><surname>Medina</surname></persName>
		</author>
		<author>
			<persName xmlns="http://www.tei-c.org/ns/1.0"><forename type="first">Alon</forename><surname>Hafri</surname></persName>
		</author>
		<author>
			<persName xmlns="http://www.tei-c.org/ns/1.0"><forename type="first">Lila</forename><forename type="middle">R</forename><surname>Gleitman</surname></persName>
		</author>
	</analytic>
	<monogr>
		<title level="j">Cognitive Psychology</title>
		<imprint>
			<biblScope unit="volume">66</biblScope>
			<biblScope unit="page" from="126" to="156" />
			<date type="published" when="2013" />
		</imprint>
	</monogr>
</biblStruct>

<biblStruct >
	<analytic>
		<title level="a" type="main">Unsupervised learning of vowel categories from infant-directed speech</title>
		<author>
			<persName xmlns="http://www.tei-c.org/ns/1.0"><forename type="first">G</forename><forename type="middle">K</forename><surname>Vallabha</surname></persName>
		</author>
		<author>
			<persName xmlns="http://www.tei-c.org/ns/1.0"><forename type="first">J</forename><forename type="middle">L</forename><surname>Mcclelland</surname></persName>
		</author>
		<author>
			<persName xmlns="http://www.tei-c.org/ns/1.0"><forename type="first">F</forename><surname>Pons</surname></persName>
		</author>
		<author>
			<persName xmlns="http://www.tei-c.org/ns/1.0"><forename type="first">J</forename><forename type="middle">F</forename><surname>Werker</surname></persName>
		</author>
		<author>
			<persName xmlns="http://www.tei-c.org/ns/1.0"><forename type="first">S</forename><surname>Amano</surname></persName>
		</author>
	</analytic>
	<monogr>
		<title level="j">Proceedings of the National Academy of Sciences</title>
		<imprint>
			<biblScope unit="volume">104</biblScope>
			<biblScope unit="issue">33</biblScope>
			<biblScope unit="page" from="13273" to="13278" />
			<date type="published" when="2007-08" />
		</imprint>
	</monogr>
</biblStruct>

<biblStruct >
	<analytic>
		<title level="a" type="main">Crosslanguage speech perception: Evidence for perceptual reorganization during the first year of life</title>
		<author>
			<persName xmlns="http://www.tei-c.org/ns/1.0"><forename type="first">Janet</forename><forename type="middle">F</forename><surname>Werker</surname></persName>
		</author>
		<author>
			<persName xmlns="http://www.tei-c.org/ns/1.0"><forename type="first">Richard</forename><forename type="middle">C</forename><surname>Tees</surname></persName>
		</author>
	</analytic>
	<monogr>
		<title level="j">Infant Behavior and Development</title>
		<imprint>
			<biblScope unit="volume">7</biblScope>
			<biblScope unit="page" from="49" to="63" />
			<date type="published" when="1984" />
		</imprint>
	</monogr>
</biblStruct>

<biblStruct >
	<analytic>
		<title level="a" type="main">Learning words&apos; sounds before learning how words sound: 9-month-olds use distinct objects as cues to categorize speech information</title>
		<author>
			<persName xmlns="http://www.tei-c.org/ns/1.0"><forename type="first">H</forename></persName>
		</author>
		<author>
			<persName xmlns="http://www.tei-c.org/ns/1.0"><forename type="first">Henny</forename><surname>Yeung</surname></persName>
		</author>
		<author>
			<persName xmlns="http://www.tei-c.org/ns/1.0"><forename type="first">Janet</forename><forename type="middle">F</forename><surname>Werker</surname></persName>
		</author>
	</analytic>
	<monogr>
		<title level="j">Cognition</title>
		<imprint>
			<biblScope unit="volume">113</biblScope>
			<biblScope unit="issue">2</biblScope>
			<biblScope unit="page" from="234" to="243" />
			<date type="published" when="2009-11" />
		</imprint>
	</monogr>
</biblStruct>

<biblStruct >
	<analytic>
		<title level="a" type="main">Rapid word learning under uncertainty via cross-situational statistics</title>
		<author>
			<persName xmlns="http://www.tei-c.org/ns/1.0"><forename type="first">Chen</forename><surname>Yu</surname></persName>
		</author>
		<author>
			<persName xmlns="http://www.tei-c.org/ns/1.0"><forename type="first">Linda</forename><forename type="middle">B</forename><surname>Smith</surname></persName>
		</author>
	</analytic>
	<monogr>
		<title level="j">Psychological Science</title>
		<imprint>
			<biblScope unit="volume">18</biblScope>
			<biblScope unit="issue">5</biblScope>
			<biblScope unit="page" from="414" to="420" />
			<date type="published" when="2007" />
		</imprint>
	</monogr>
</biblStruct>

			</listBibl>
		</back>
	</text>
</TEI>
