<?xml version="1.0" ?>
<TEI xmlns="http://www.tei-c.org/ns/1.0" xmlns:xlink="http://www.w3.org/1999/xlink" 
 xmlns:mml="http://www.w3.org/1998/Math/MathML">
	<teiHeader>
		<fileDesc xml:id="f_772"/>
	</teiHeader>
	<text>
		<front/>
		<body/>
		<back>
			<listBibl>
<biblStruct >
	<analytic>
		<title level="a" type="main">Comparative experiments using supervised learning and machine translation for multilingual sentiment analysis</title>
		<author>
			<persName xmlns="http://www.tei-c.org/ns/1.0"><forename type="first">Alexandra</forename><surname>Balahur</surname></persName>
		</author>
		<author>
			<persName xmlns="http://www.tei-c.org/ns/1.0"><forename type="first">Marco</forename><surname>Turchi</surname></persName>
		</author>
	</analytic>
	<monogr>
		<title level="j">Computer Speech &amp; Language</title>
		<imprint>
			<biblScope unit="volume">28</biblScope>
			<biblScope unit="issue">1</biblScope>
			<biblScope unit="page" from="56" to="75" />
			<date type="published" when="2014" />
		</imprint>
	</monogr>
</biblStruct>

<biblStruct >
	<analytic>
		<title level="a" type="main">Cross-lingual sentiment analysis for Indian languages using linked wordnets</title>
		<author>
			<persName xmlns="http://www.tei-c.org/ns/1.0"><forename type="first">A</forename><forename type="middle">R</forename><surname>Balamurali</surname></persName>
		</author>
		<author>
			<persName xmlns="http://www.tei-c.org/ns/1.0"><forename type="first">Aditya</forename><surname>Joshi</surname></persName>
		</author>
		<author>
			<persName xmlns="http://www.tei-c.org/ns/1.0"><forename type="first">Pushpak</forename><surname>Bhattacharyya</surname></persName>
		</author>
	</analytic>
	<monogr>
		<title level="m">Proc. of the International Conference on Computational Linguistics (COLING)</title>
		<meeting>of the International Conference on Computational Linguistics (COLING)<address><addrLine>Mumbai, India</addrLine></address></meeting>
		<imprint>
			<date type="published" when="2012" />
			<biblScope unit="page" from="73" to="82" />
		</imprint>
	</monogr>
</biblStruct>

<biblStruct >
	<analytic>
		<title level="a" type="main">Lost in Translation: Viability of Machine Translation for Cross Language Sentiment Analysis</title>
		<author>
			<persName xmlns="http://www.tei-c.org/ns/1.0"><forename type="first">A</forename><forename type="middle">R</forename><surname>Balamurali</surname></persName>
		</author>
		<author>
			<persName xmlns="http://www.tei-c.org/ns/1.0"><forename type="first">M</forename><surname>Mitesh</surname></persName>
		</author>
		<author>
			<persName xmlns="http://www.tei-c.org/ns/1.0"><forename type="first">Pushpak</forename><surname>Khapra</surname></persName>
		</author>
		<author>
			<persName xmlns="http://www.tei-c.org/ns/1.0"><surname>Battacharyya</surname></persName>
		</author>
	</analytic>
	<monogr>
		<title level="m">Proc. of International Conference on Intelligent Text Processing and Computational Linguistics (CICLing)</title>
		<meeting>of International Conference on Intelligent Text essing and Computational Linguistics (CICLing)<address><addrLine>Samos, Greece</addrLine></address></meeting>
		<imprint>
			<date type="published" when="2013" />
			<biblScope unit="page" from="38" to="49" />
		</imprint>
	</monogr>
</biblStruct>

<biblStruct >
	<analytic>
		<title level="a" type="main">A bootstrapping method for building subjectivity lexicons for languages with scarce resources</title>
		<author>
			<persName xmlns="http://www.tei-c.org/ns/1.0"><forename type="first">Carmen</forename><surname>Banea</surname></persName>
		</author>
		<author>
			<persName xmlns="http://www.tei-c.org/ns/1.0"><forename type="first">Rada</forename><surname>Mihalcea</surname></persName>
		</author>
		<author>
			<persName xmlns="http://www.tei-c.org/ns/1.0"><forename type="first">Janyce</forename><surname>Wiebe</surname></persName>
		</author>
	</analytic>
	<monogr>
		<title level="m">Proc. of the International Conference on Linguistic Resources and Evaluation (LREC)</title>
		<meeting>of the International Conference on Linguistic Resources and Evaluation (LREC)<address><addrLine>Marrakech, Morocco</addrLine></address></meeting>
		<imprint>
			<date type="published" when="2008-05" />
			<biblScope unit="page" from="2764" to="2767" />
		</imprint>
	</monogr>
</biblStruct>

<biblStruct >
	<analytic>
		<title level="a" type="main">Multilingual subjectivity: Are more languages better?</title>
		<author>
			<persName xmlns="http://www.tei-c.org/ns/1.0"><forename type="first">Carmen</forename><surname>Banea</surname></persName>
		</author>
		<author>
			<persName xmlns="http://www.tei-c.org/ns/1.0"><forename type="first">Rada</forename><surname>Mihalcea</surname></persName>
		</author>
		<author>
			<persName xmlns="http://www.tei-c.org/ns/1.0"><forename type="first">Janyce</forename><surname>Wiebe</surname></persName>
		</author>
	</analytic>
	<monogr>
		<title level="m">Proc. of the International Conference on Computational Linguistics (COLING)</title>
		<meeting>of the International Conference on Computational Linguistics (COLING)<address><addrLine>Beijing, China</addrLine></address></meeting>
		<imprint>
			<date type="published" when="2010" />
			<biblScope unit="page" from="28" to="36" />
		</imprint>
	</monogr>
</biblStruct>

<biblStruct >
	<analytic>
		<title level="a" type="main">Multilingual sentiment and subjectivity analysis</title>
		<author>
			<persName xmlns="http://www.tei-c.org/ns/1.0"><forename type="first">Carmen</forename><surname>Banea</surname></persName>
		</author>
		<author>
			<persName xmlns="http://www.tei-c.org/ns/1.0"><forename type="first">Rada</forename><surname>Mihalcea</surname></persName>
		</author>
		<author>
			<persName xmlns="http://www.tei-c.org/ns/1.0"><forename type="first">Janyce</forename><surname>Wiebe</surname></persName>
		</author>
	</analytic>
	<monogr>
		<title level="m">Multilingual Natural Language Applications: From Theory to Practice</title>
		<editor>D. M. Bikel and I. Zitouni</editor>
		<imprint>
			<publisher>Prentice-Hall</publisher>
			<date type="published" when="2011" />
		</imprint>
	</monogr>
</biblStruct>

<biblStruct >
	<analytic>
		<title level="a" type="main">International sentiment analysis for news and blogs</title>
		<author>
			<persName xmlns="http://www.tei-c.org/ns/1.0"><forename type="first">Mikhail</forename><surname>Bautin</surname></persName>
		</author>
		<author>
			<persName xmlns="http://www.tei-c.org/ns/1.0"><forename type="first">Lohit</forename><surname>Vijayarenu</surname></persName>
		</author>
		<author>
			<persName xmlns="http://www.tei-c.org/ns/1.0"><forename type="first">Steven</forename><surname>Skiena</surname></persName>
		</author>
	</analytic>
	<monogr>
		<title level="m">Proc. of the International Conference on Weblogs and Social Media</title>
		<meeting>of the International Conference on Weblogs and Social Media<address><addrLine>Seattle, U.S.A</addrLine></address></meeting>
		<imprint>
			<date type="published" when="2008" />
			<biblScope unit="page" from="19" to="26" />
		</imprint>
	</monogr>
</biblStruct>

<biblStruct >
	<analytic>
		<title level="a" type="main">Cross-Linguistic Sentiment Analysis: From English to Spanish</title>
		<author>
			<persName xmlns="http://www.tei-c.org/ns/1.0"><forename type="first">Julian</forename><surname>Brooke</surname></persName>
		</author>
		<author>
			<persName xmlns="http://www.tei-c.org/ns/1.0"><forename type="first">Milan</forename><surname>Tofiloski</surname></persName>
		</author>
		<author>
			<persName xmlns="http://www.tei-c.org/ns/1.0"><forename type="first">Maite</forename><surname>Taboada</surname></persName>
		</author>
	</analytic>
	<monogr>
		<title level="m">Proc. of the International Conference on Recent Advances in Natural Language Processing (RANLP)</title>
		<meeting>of the International Conference on Recent Advances in Natural Language essing (RANLP)<address><addrLine>Borovets, Bulgaria</addrLine></address></meeting>
		<imprint>
			<date type="published" when="2009" />
			<biblScope unit="page" from="50" to="54" />
		</imprint>
	</monogr>
</biblStruct>

<biblStruct >
	<analytic>
		<title level="a" type="main">Crosslingual Polarity Detection with Machine Translation</title>
		<author>
			<persName xmlns="http://www.tei-c.org/ns/1.0"><forename type="first">Erkin</forename><surname>Demirtas</surname></persName>
		</author>
		<author>
			<persName xmlns="http://www.tei-c.org/ns/1.0"><forename type="first">Mykola</forename><surname>Pechenizkiy</surname></persName>
		</author>
	</analytic>
	<monogr>
		<title level="m">Proc. of the International Workshop on Issues of Sentiment Discovery and Opinion Mining-WISDOM &apos;13</title>
		<meeting>of the International Workshop on Issues of Sentiment Discovery and Opinion Mining-WISDOM &apos;13<address><addrLine>8, Chicago, Illinois, USA</addrLine></address></meeting>
		<imprint>
			<publisher>ACM Press</publisher>
			<date type="published" when="2013" />
			<biblScope unit="volume">9</biblScope>
			<biblScope unit="page" from="1" to="9" />
		</imprint>
	</monogr>
</biblStruct>

<biblStruct >
	<analytic>
		<title level="a" type="main">A Mixed Model for Cross Lingual Opinion Analysis</title>
		<author>
			<persName xmlns="http://www.tei-c.org/ns/1.0"><forename type="first">Lin</forename><surname>Gui</surname></persName>
		</author>
		<author>
			<persName xmlns="http://www.tei-c.org/ns/1.0"><forename type="first">Ruifeng</forename><surname>Xu</surname></persName>
		</author>
		<author>
			<persName xmlns="http://www.tei-c.org/ns/1.0"><forename type="first">Jun</forename><surname>Xu</surname></persName>
		</author>
		<author>
			<persName xmlns="http://www.tei-c.org/ns/1.0"><forename type="first">Li</forename><surname>Yuan</surname></persName>
		</author>
		<author>
			<persName xmlns="http://www.tei-c.org/ns/1.0"><forename type="first">Yuanlin</forename><surname>Yao</surname></persName>
		</author>
		<author>
			<persName xmlns="http://www.tei-c.org/ns/1.0"><forename type="first">Jiyun</forename><surname>Zhou</surname></persName>
		</author>
		<author>
			<persName xmlns="http://www.tei-c.org/ns/1.0"><forename type="first">Qiaoyun</forename><surname>Qiu</surname></persName>
		</author>
		<author>
			<persName xmlns="http://www.tei-c.org/ns/1.0"><forename type="first">Shuwei</forename><surname>Wang</surname></persName>
		</author>
		<author>
			<persName xmlns="http://www.tei-c.org/ns/1.0"><forename type="first">Kam-Fai</forename><surname>Wong</surname></persName>
		</author>
		<author>
			<persName xmlns="http://www.tei-c.org/ns/1.0"><forename type="first">Ricky</forename><surname>Cheung</surname></persName>
		</author>
	</analytic>
	<monogr>
		<title level="m">Second CCF Conference, Natural Language Processing and Chinese Computing</title>
		<imprint>
			<date type="published" when="2013" />
			<biblScope unit="page" from="93" to="104" />
		</imprint>
	</monogr>
</biblStruct>

<biblStruct >
	<analytic>
		<title level="a" type="main">Cross-lingual opinion analysis via negative transfer detection</title>
		<author>
			<persName xmlns="http://www.tei-c.org/ns/1.0"><forename type="first">Lin</forename><surname>Gui</surname></persName>
		</author>
		<author>
			<persName xmlns="http://www.tei-c.org/ns/1.0"><forename type="first">Ruifeng</forename><surname>Xu</surname></persName>
		</author>
		<author>
			<persName xmlns="http://www.tei-c.org/ns/1.0"><forename type="first">Qin</forename><surname>Lu</surname></persName>
		</author>
		<author>
			<persName xmlns="http://www.tei-c.org/ns/1.0"><forename type="first">Jun</forename><surname>Xu</surname></persName>
		</author>
		<author>
			<persName xmlns="http://www.tei-c.org/ns/1.0"><forename type="first">Jian</forename><surname>Xu</surname></persName>
		</author>
		<author>
			<persName xmlns="http://www.tei-c.org/ns/1.0"><forename type="first">Bin</forename><surname>Liu</surname></persName>
		</author>
		<author>
			<persName xmlns="http://www.tei-c.org/ns/1.0"><forename type="first">Xiaolong</forename><surname>Wang</surname></persName>
		</author>
	</analytic>
	<monogr>
		<title level="m">Proc. of the Annual Meeting of the Association for Computational Linguistics</title>
		<meeting>of the Annual Meeting of the Association for Computational Linguistics<address><addrLine>Baltimore, Maryland</addrLine></address></meeting>
		<imprint>
			<date type="published" when="2014" />
			<biblScope unit="page" from="860" to="865" />
		</imprint>
	</monogr>
</biblStruct>

<biblStruct >
	<analytic>
		<title level="a" type="main">Subsentential sentiment on a shoestring: A crosslingual analysis of compositional classification</title>
		<author>
			<persName xmlns="http://www.tei-c.org/ns/1.0"><forename type="first">Michael</forename><surname>Haas</surname></persName>
		</author>
		<author>
			<persName xmlns="http://www.tei-c.org/ns/1.0"><forename type="first">Yannick</forename><surname>Versley</surname></persName>
		</author>
	</analytic>
	<monogr>
		<title level="m">Proc. of the North American Chapter of the Association for Computational Linguistics: Human Language Technologies</title>
		<meeting>of the North American Chapter of the Association for Computational Linguistics: Human Language Technologies<address><addrLine>Denver, Colorado</addrLine></address></meeting>
		<imprint>
			<date type="published" when="2015" />
			<biblScope unit="page" from="694" to="704" />
		</imprint>
	</monogr>
</biblStruct>

<biblStruct >
	<monogr>
				<author>
			<persName xmlns="http://www.tei-c.org/ns/1.0"><forename type="first">Mark</forename><surname>Hall</surname></persName>
		</author>
		<author>
			<persName xmlns="http://www.tei-c.org/ns/1.0"><forename type="first">Eibe</forename><surname>Frank</surname></persName>
		</author>
		<author>
			<persName xmlns="http://www.tei-c.org/ns/1.0"><forename type="first">Geoffrey</forename><surname>Holmes</surname></persName>
		</author>
		<author>
			<persName xmlns="http://www.tei-c.org/ns/1.0"><forename type="first">Bernhard</forename><surname>Pfahringer</surname></persName>
		</author>
		<author>
			<persName xmlns="http://www.tei-c.org/ns/1.0"><forename type="first">Peter</forename><surname>Reutemann</surname></persName>
		</author>
		<author>
			<persName xmlns="http://www.tei-c.org/ns/1.0"><forename type="first">Ian</forename><forename type="middle">H</forename><surname>Witten</surname></persName>
		</author>
		<title level="m">The weka data mining software: An update. SIGKDD Explorations</title>
		<imprint>
			<date type="published" when="2009" />
			<biblScope unit="page">11</biblScope>
		</imprint>
	</monogr>
</biblStruct>

<biblStruct >
	<analytic>
		<title level="a" type="main">Identifying the semantic orientation of foreign words</title>
		<author>
			<persName xmlns="http://www.tei-c.org/ns/1.0"><forename type="first">Ahmed</forename><surname>Hassan</surname></persName>
		</author>
		<author>
			<persName xmlns="http://www.tei-c.org/ns/1.0"><forename type="first">Amjad</forename><surname>Abujbara</surname></persName>
		</author>
		<author>
			<persName xmlns="http://www.tei-c.org/ns/1.0"><forename type="first">Rahul</forename><surname>Jha</surname></persName>
		</author>
		<author>
			<persName xmlns="http://www.tei-c.org/ns/1.0"><forename type="first">Dragomir</forename><surname>Radev</surname></persName>
		</author>
	</analytic>
	<monogr>
		<title level="m">Proc. of the Annual Meeting of the Association for Computational Linguistics: Human Language Technologies</title>
		<meeting>of the Annual Meeting of the Association for Computational Linguistics: Human Language Technologies<address><addrLine>Portland, Oregon, USA</addrLine></address></meeting>
		<imprint>
			<date type="published" when="2011-06" />
			<biblScope unit="page" from="592" to="597" />
		</imprint>
	</monogr>
</biblStruct>

<biblStruct >
	<analytic>
		<title level="a" type="main">Moses: Open source toolkit for statistical machine translation</title>
		<author>
			<persName xmlns="http://www.tei-c.org/ns/1.0"><forename type="first">Philipp</forename><surname>Koehn</surname></persName>
		</author>
		<author>
			<persName xmlns="http://www.tei-c.org/ns/1.0"><forename type="first">Hieu</forename><surname>Hoang</surname></persName>
		</author>
		<author>
			<persName xmlns="http://www.tei-c.org/ns/1.0"><forename type="first">Alexandra</forename><surname>Birch</surname></persName>
		</author>
		<author>
			<persName xmlns="http://www.tei-c.org/ns/1.0"><forename type="first">Chris</forename><surname>Callison-Burch</surname></persName>
		</author>
		<author>
			<persName xmlns="http://www.tei-c.org/ns/1.0"><forename type="first">Marcello</forename><surname>Federico</surname></persName>
		</author>
		<author>
			<persName xmlns="http://www.tei-c.org/ns/1.0"><forename type="first">Nicola</forename><surname>Bertoldi</surname></persName>
		</author>
		<author>
			<persName xmlns="http://www.tei-c.org/ns/1.0"><forename type="first">Brooke</forename><surname>Cowan</surname></persName>
		</author>
		<author>
			<persName xmlns="http://www.tei-c.org/ns/1.0"><forename type="first">Wade</forename><surname>Shen</surname></persName>
		</author>
		<author>
			<persName xmlns="http://www.tei-c.org/ns/1.0"><forename type="first">Christine</forename><surname>Moran</surname></persName>
		</author>
		<author>
			<persName xmlns="http://www.tei-c.org/ns/1.0"><forename type="first">Richard</forename><surname>Zens</surname></persName>
		</author>
		<author>
			<persName xmlns="http://www.tei-c.org/ns/1.0"><forename type="first">Chris</forename><surname>Dyer</surname></persName>
		</author>
		<author>
			<persName xmlns="http://www.tei-c.org/ns/1.0"><forename type="first">Ondrej</forename><surname>Bojar</surname></persName>
		</author>
		<author>
			<persName xmlns="http://www.tei-c.org/ns/1.0"><forename type="first">Alexandra</forename><surname>Constantin</surname></persName>
		</author>
		<author>
			<persName xmlns="http://www.tei-c.org/ns/1.0"><forename type="first">Evan</forename><surname>Herbst</surname></persName>
		</author>
	</analytic>
	<monogr>
		<title level="m">Proc. of the 45th Annual Meeting of the Association for Computational Linguistics (Demo and Poster Sessions)</title>
		<meeting>of the 45th Annual Meeting of the Association for Computational Linguistics (Demo and Poster Sessions)<address><addrLine>Prague, Czech Republic</addrLine></address></meeting>
		<imprint>
			<date type="published" when="2007-06" />
			<biblScope unit="page" from="177" to="180" />
		</imprint>
	</monogr>
	<note>Association for Computational Linguistics</note>
</biblStruct>

<biblStruct >
	<analytic>
		<title level="a" type="main">An experimental management system</title>
		<author>
			<persName xmlns="http://www.tei-c.org/ns/1.0"><forename type="first">Philipp</forename><surname>Koehn</surname></persName>
		</author>
	</analytic>
	<monogr>
		<title level="m">Prague Bulletin of Mathematical Linguistics (PBML)</title>
		<imprint>
			<date type="published" when="2010" />
			<biblScope unit="page" from="87" to="96" />
		</imprint>
	</monogr>
</biblStruct>

<biblStruct >
	<analytic>
		<title level="a" type="main">A crosslingual joint aspect/sentiment model for sentiment analysis</title>
		<author>
			<persName xmlns="http://www.tei-c.org/ns/1.0"><forename type="first">Zheng</forename><surname>Lin</surname></persName>
		</author>
		<author>
			<persName xmlns="http://www.tei-c.org/ns/1.0"><forename type="first">Xiaolong</forename><surname>Jin</surname></persName>
		</author>
		<author>
			<persName xmlns="http://www.tei-c.org/ns/1.0"><forename type="first">Xueke</forename><surname>Xu</surname></persName>
		</author>
		<author>
			<persName xmlns="http://www.tei-c.org/ns/1.0"><forename type="first">Yuanzhuo</forename><surname>Wang</surname></persName>
		</author>
		<author>
			<persName xmlns="http://www.tei-c.org/ns/1.0"><forename type="first">Weiping</forename><surname>Wang</surname></persName>
		</author>
		<author>
			<persName xmlns="http://www.tei-c.org/ns/1.0"><forename type="first">Xueqi</forename><surname>Cheng</surname></persName>
		</author>
	</analytic>
	<monogr>
		<title level="m">Proc. of the ACM International Conference on Conference on Information and Knowledge Management, CIKM &apos;14</title>
		<editor>Shanghai</editor>
		<meeting>of the ACM International Conference on Conference on Information and Knowledge Management, CIKM &apos;14<address><addrLine>China</addrLine></address></meeting>
		<imprint>
			<date type="published" when="2014" />
			<biblScope unit="page" from="1089" to="1098" />
		</imprint>
	</monogr>
</biblStruct>

<biblStruct >
	<analytic>
		<title level="a" type="main">Sentiment Analysis and Opinion Mining</title>
		<author>
			<persName xmlns="http://www.tei-c.org/ns/1.0"><forename type="first">Bing</forename><surname>Liu</surname></persName>
		</author>
	</analytic>
	<monogr>
		<title level="j">Synthesis Lectures on Human Language Technologies</title>
		<imprint>
			<date type="published" when="2012" />
			<publisher>Morgan &amp; Claypool Publishers</publisher>
		</imprint>
	</monogr>
</biblStruct>

<biblStruct >
	<analytic>
		<title level="a" type="main">Joint bilingual sentiment classification with unlabeled parallel corpora</title>
		<author>
			<persName xmlns="http://www.tei-c.org/ns/1.0"><forename type="first">Bin</forename><surname>Lu</surname></persName>
		</author>
		<author>
			<persName xmlns="http://www.tei-c.org/ns/1.0"><forename type="first">Chenhao</forename><surname>Tan</surname></persName>
		</author>
		<author>
			<persName xmlns="http://www.tei-c.org/ns/1.0"><forename type="first">Claire</forename><surname>Cardie</surname></persName>
		</author>
		<author>
			<persName xmlns="http://www.tei-c.org/ns/1.0"><forename type="first">Benjamin</forename><forename type="middle">K</forename><surname>Tsou</surname></persName>
		</author>
	</analytic>
	<monogr>
		<title level="m">Proc. of the Annual Meeting of the Association for Computational Linguistics: Human Language Technologies</title>
		<meeting>of the Annual Meeting of the Association for Computational Linguistics: Human Language Technologies<address><addrLine>Portland, Oregon, USA</addrLine></address></meeting>
		<imprint>
			<date type="published" when="2011" />
			<biblScope unit="page" from="320" to="330" />
		</imprint>
	</monogr>
</biblStruct>

<biblStruct >
	<analytic>
		<title level="a" type="main">Cross-lingual mixture model for sentiment classification</title>
		<author>
			<persName xmlns="http://www.tei-c.org/ns/1.0"><forename type="first">Xinfan</forename><surname>Meng</surname></persName>
		</author>
		<author>
			<persName xmlns="http://www.tei-c.org/ns/1.0"><forename type="first">Furu</forename><surname>Wei</surname></persName>
		</author>
		<author>
			<persName xmlns="http://www.tei-c.org/ns/1.0"><forename type="first">Xiaohua</forename><surname>Liu</surname></persName>
		</author>
		<author>
			<persName xmlns="http://www.tei-c.org/ns/1.0"><forename type="first">Ming</forename><surname>Zhou</surname></persName>
		</author>
		<author>
			<persName xmlns="http://www.tei-c.org/ns/1.0"><forename type="first">Ge</forename><surname>Xu</surname></persName>
		</author>
		<author>
			<persName xmlns="http://www.tei-c.org/ns/1.0"><forename type="first">Houfeng</forename><surname>Wang</surname></persName>
		</author>
	</analytic>
	<monogr>
		<title level="m">Proc. of the Annual Meeting of the Association for Computational Linguistics</title>
		<meeting>of the Annual Meeting of the Association for Computational Linguistics<address><addrLine>Jeju Island, Korea</addrLine></address></meeting>
		<imprint>
			<date type="published" when="2012" />
			<biblScope unit="page" from="572" to="581" />
		</imprint>
	</monogr>
</biblStruct>

<biblStruct >
	<analytic>
		<title level="a" type="main">Learning multilingual subjective language via cross-lingual projections</title>
		<author>
			<persName xmlns="http://www.tei-c.org/ns/1.0"><forename type="first">Rada</forename><surname>Mihalcea</surname></persName>
		</author>
		<author>
			<persName xmlns="http://www.tei-c.org/ns/1.0"><forename type="first">Carmen</forename><surname>Banea</surname></persName>
		</author>
		<author>
			<persName xmlns="http://www.tei-c.org/ns/1.0"><forename type="first">Janyce</forename><surname>Wiebe</surname></persName>
		</author>
	</analytic>
	<monogr>
		<title level="m">Proc. of the Annual Meeting of the Association for Computational Linguistics</title>
		<meeting>of the Annual Meeting of the Association for Computational Linguistics<address><addrLine>Prague, Czech Republic</addrLine></address></meeting>
		<imprint>
			<date type="published" when="2007-06" />
			<biblScope unit="page" from="976" to="983" />
		</imprint>
	</monogr>
</biblStruct>

<biblStruct >
	<analytic>
		<title level="a" type="main">Intelligent selection of language model training data</title>
		<author>
			<persName xmlns="http://www.tei-c.org/ns/1.0"><forename type="first">C</forename><surname>Robert</surname></persName>
		</author>
		<author>
			<persName xmlns="http://www.tei-c.org/ns/1.0"><forename type="first">William</forename><surname>Moore</surname></persName>
		</author>
		<author>
			<persName xmlns="http://www.tei-c.org/ns/1.0"><surname>Lewis</surname></persName>
		</author>
	</analytic>
	<monogr>
		<title level="m">Proceedings of the ACL 2010 Conference Short Papers</title>
		<meeting>the ACL 2010 Conference Short Papers<address><addrLine>Uppsala, Sweden</addrLine></address></meeting>
		<imprint>
			<date type="published" when="2010" />
			<biblScope unit="page" from="220" to="224" />
		</imprint>
	</monogr>
</biblStruct>

<biblStruct >
	<analytic>
		<title level="a" type="main">Learning sentiment lexicons in spanish</title>
		<author>
			<persName xmlns="http://www.tei-c.org/ns/1.0"><forename type="first">Veronica</forename><surname>Perez-Rosas</surname></persName>
		</author>
		<author>
			<persName xmlns="http://www.tei-c.org/ns/1.0"><forename type="first">Carmen</forename><surname>Banea</surname></persName>
		</author>
		<author>
			<persName xmlns="http://www.tei-c.org/ns/1.0"><forename type="first">Rada</forename><surname>Mihalcea</surname></persName>
		</author>
	</analytic>
	<monogr>
		<title level="m">Proc. of the International Conference on Linguistic Resources and Evaluation (LREC)</title>
		<meeting>of the International Conference on Linguistic Resources and Evaluation (LREC)<address><addrLine>Istanbul, Turkey</addrLine></address></meeting>
		<imprint>
			<date type="published" when="2012-05" />
			<biblScope unit="page" from="3077" to="3081" />
		</imprint>
	</monogr>
</biblStruct>

<biblStruct >
	<analytic>
		<title level="a" type="main">The haves and the have-nots: Leveraging unlabelled corpora for sentiment analysis</title>
		<author>
			<persName xmlns="http://www.tei-c.org/ns/1.0"><forename type="first">Kashyap</forename><surname>Popat</surname></persName>
		</author>
		<author>
			<persName xmlns="http://www.tei-c.org/ns/1.0"><forename type="first">A</forename><forename type="middle">R</forename><surname>Balamurali</surname></persName>
		</author>
		<author>
			<persName xmlns="http://www.tei-c.org/ns/1.0"><forename type="first">Pushpak</forename><surname>Bhattacharyya</surname></persName>
		</author>
		<author>
			<persName xmlns="http://www.tei-c.org/ns/1.0"><forename type="first">Gholamreza</forename><surname>Haffari</surname></persName>
		</author>
	</analytic>
	<monogr>
		<title level="m">Proc. of the Annual Meeting of the Association for Computational Linguistics</title>
		<meeting>of the Annual Meeting of the Association for Computational Linguistics<address><addrLine>Sofia, Bulgaria</addrLine></address></meeting>
		<imprint>
			<date type="published" when="2013" />
			<biblScope unit="page" from="412" to="422" />
		</imprint>
	</monogr>
</biblStruct>

<biblStruct >
	<analytic>
		<title level="a" type="main">Crosslanguage text classification using structural correspondence learning</title>
		<author>
			<persName xmlns="http://www.tei-c.org/ns/1.0"><forename type="first">Peter</forename><surname>Prettenhofer</surname></persName>
		</author>
		<author>
			<persName xmlns="http://www.tei-c.org/ns/1.0"><forename type="first">Benno</forename><surname>Stein</surname></persName>
		</author>
	</analytic>
	<monogr>
		<title level="m">Proc. of the Annual Meeting of the Association for Computational Linguistics</title>
		<meeting>of the Annual Meeting of the Association for Computational Linguistics<address><addrLine>Uppsala, Sweden</addrLine></address></meeting>
		<imprint>
			<publisher>Association for Computational Linguistics</publisher>
			<date type="published" when="2010" />
			<biblScope unit="page" from="1118" to="1127" />
		</imprint>
	</monogr>
</biblStruct>

<biblStruct >
	<analytic>
		<title level="a" type="main">XenC: An Open-Source Tool for Data Selection in Natural Language Processing</title>
		<author>
			<persName xmlns="http://www.tei-c.org/ns/1.0"><forename type="first">A</forename><surname>Rousseau</surname></persName>
		</author>
	</analytic>
	<monogr>
		<title level="j">Prague Bulletin of Mathematical Linguistics (PBML)</title>
		<imprint>
			<biblScope unit="issue">100</biblScope>
			<biblScope unit="page" from="73" to="82" />
			<date type="published" when="2013" />
		</imprint>
	</monogr>
</biblStruct>

<biblStruct >
	<analytic>
		<title level="a" type="main">Sentiment translation through multi-edge graphs</title>
		<author>
			<persName xmlns="http://www.tei-c.org/ns/1.0"><forename type="first">Christian</forename><surname>Scheible</surname></persName>
		</author>
		<author>
			<persName xmlns="http://www.tei-c.org/ns/1.0"><forename type="first">Florian</forename><surname>Laws</surname></persName>
		</author>
		<author>
			<persName xmlns="http://www.tei-c.org/ns/1.0"><forename type="first">Lukas</forename><surname>Michelbacher</surname></persName>
		</author>
		<author>
			<persName xmlns="http://www.tei-c.org/ns/1.0"><forename type="first">Hinrich</forename><surname>Schütze</surname></persName>
		</author>
	</analytic>
	<monogr>
		<title level="m">Proc. of the International Conference on Computational Linguistics (COLING)</title>
		<meeting>of the International Conference on Computational Linguistics (COLING)<address><addrLine>Beijing, China</addrLine></address></meeting>
		<imprint>
			<publisher>August</publisher>
			<date type="published" when="2010" />
			<biblScope unit="page" from="1104" to="1112" />
		</imprint>
	</monogr>
</biblStruct>

<biblStruct >
	<analytic>
		<title level="a" type="main">Creating sentiment dictionaries via triangulation</title>
		<author>
			<persName xmlns="http://www.tei-c.org/ns/1.0"><forename type="first">Josef</forename><surname>Steinberger</surname></persName>
		</author>
		<author>
			<persName xmlns="http://www.tei-c.org/ns/1.0"><forename type="first">Mohamed</forename><surname>Ebrahim</surname></persName>
		</author>
		<author>
			<persName xmlns="http://www.tei-c.org/ns/1.0"><forename type="first">Maud</forename><surname>Ehrmann</surname></persName>
		</author>
		<author>
			<persName xmlns="http://www.tei-c.org/ns/1.0"><forename type="first">Ali</forename><surname>Hurriyetoglu</surname></persName>
		</author>
		<author>
			<persName xmlns="http://www.tei-c.org/ns/1.0"><forename type="first">Mijail</forename><surname>Kabadjov</surname></persName>
		</author>
		<author>
			<persName xmlns="http://www.tei-c.org/ns/1.0"><forename type="first">Polina</forename><surname>Lenkova</surname></persName>
		</author>
		<author>
			<persName xmlns="http://www.tei-c.org/ns/1.0"><forename type="first">Ralf</forename><surname>Steinberger</surname></persName>
		</author>
		<author>
			<persName xmlns="http://www.tei-c.org/ns/1.0"><forename type="first">Hristo</forename><surname>Tanev</surname></persName>
		</author>
		<author>
			<persName xmlns="http://www.tei-c.org/ns/1.0"><forename type="first">Silvia</forename><surname>Vázquez</surname></persName>
		</author>
		<author>
			<persName xmlns="http://www.tei-c.org/ns/1.0"><forename type="first">Vanni</forename><surname>Zavarella</surname></persName>
		</author>
	</analytic>
	<monogr>
		<title level="j">Decision Support Systems</title>
		<imprint>
			<biblScope unit="volume">53</biblScope>
			<biblScope unit="issue">4</biblScope>
			<biblScope unit="page" from="689" to="694" />
			<date type="published" when="2012" />
		</imprint>
	</monogr>
</biblStruct>

<biblStruct >
	<analytic>
		<title level="a" type="main">Co-training for cross-lingual sentiment classification</title>
		<author>
			<persName xmlns="http://www.tei-c.org/ns/1.0"><forename type="first">Xiaojun</forename><surname>Wan</surname></persName>
		</author>
	</analytic>
	<monogr>
		<title level="m">Proceedings of the Joint Conference of the 47th Annual Meeting of the ACL and the 4th International Joint Conference on Natural Language Processing of the AFNLP</title>
		<meeting>the Joint Conference of the 47th Annual Meeting of the ACL and the 4th International Joint Conference on Natural Language Processing of the AFNLP<address><addrLine>Suntec, Singapore</addrLine></address></meeting>
		<imprint>
			<date type="published" when="2009" />
			<biblScope unit="page" from="235" to="243" />
		</imprint>
	</monogr>
</biblStruct>

<biblStruct >
	<analytic>
		<title level="a" type="main">Cross lingual adaptation: An experiment on sentiment classifications</title>
		<author>
			<persName xmlns="http://www.tei-c.org/ns/1.0"><forename type="first">Bin</forename><surname>Wei</surname></persName>
		</author>
		<author>
			<persName xmlns="http://www.tei-c.org/ns/1.0"><forename type="first">Christopher</forename><surname>Pal</surname></persName>
		</author>
	</analytic>
	<monogr>
		<title level="m">Proc. of the Annual Meeting of the Association for Computational Linguistics</title>
		<meeting>of the Annual Meeting of the Association for Computational Linguistics<address><addrLine>Uppsala, Sweden</addrLine></address></meeting>
		<imprint>
			<date type="published" when="2010" />
			<biblScope unit="page" from="258" to="262" />
		</imprint>
	</monogr>
	<note>Proc. of the ACL 2010 Conference Short Papers</note>
</biblStruct>

<biblStruct >
	<analytic>
		<title level="a" type="main">Multi-view adaboost for multilingual subjectivity analysis</title>
		<author>
			<persName xmlns="http://www.tei-c.org/ns/1.0"><forename type="first">Min</forename><surname>Xiao</surname></persName>
		</author>
		<author>
			<persName xmlns="http://www.tei-c.org/ns/1.0"><forename type="first">Yuhong</forename><surname>Guo</surname></persName>
		</author>
	</analytic>
	<monogr>
		<title level="m">Proc. of the International Conference on Computational Linguistics (COLING)</title>
		<meeting>of the International Conference on Computational Linguistics (COLING)<address><addrLine>Mumbai, India</addrLine></address></meeting>
		<imprint>
			<date type="published" when="2012" />
			<biblScope unit="page" from="2851" to="2866" />
		</imprint>
	</monogr>
</biblStruct>

<biblStruct >
	<analytic>
		<title level="a" type="main">Cross-Language Opinion Target Extraction in Review Texts</title>
		<author>
			<persName xmlns="http://www.tei-c.org/ns/1.0"><forename type="first">Xinjie</forename><surname>Zhou</surname></persName>
		</author>
		<author>
			<persName xmlns="http://www.tei-c.org/ns/1.0"><forename type="first">Xiaojun</forename><surname>Wan</surname></persName>
		</author>
		<author>
			<persName xmlns="http://www.tei-c.org/ns/1.0"><forename type="first">Jianguo</forename><surname>Xiao</surname></persName>
		</author>
	</analytic>
	<monogr>
		<title level="m">IEEE 12th International Conference on Data Mining</title>
		<meeting><address><addrLine>Brussels, Belgium</addrLine></address></meeting>
		<imprint>
			<date type="published" when="2012" />
			<biblScope unit="page" from="1200" to="1205" />
		</imprint>
	</monogr>
</biblStruct>

			</listBibl>
		</back>
	</text>
</TEI>
