<?xml version="1.0" ?>
<TEI xmlns="http://www.tei-c.org/ns/1.0" xmlns:xlink="http://www.w3.org/1999/xlink" 
 xmlns:mml="http://www.w3.org/1998/Math/MathML">
	<teiHeader>
		<fileDesc xml:id="f_1587"/>
	</teiHeader>
	<text>
		<front/>
		<body/>
		<back>
			<listBibl>
<biblStruct >
	<analytic>
		<title level="a" type="main">Compositional matrix-space models for sentiment analysis</title>
		<author>
			<persName xmlns="http://www.tei-c.org/ns/1.0"><forename type="first">Ainur</forename><surname>Yessenalina</surname></persName>
		</author>
		<author>
			<persName xmlns="http://www.tei-c.org/ns/1.0"><forename type="first">Claire</forename><surname>Cardie</surname></persName>
		</author>
	</analytic>
	<monogr>
		<title level="m">Association for Computational Linguistics</title>
		<imprint>
			<date type="published" when="2011" />
			<biblScope unit="page" from="172" to="182" />
		</imprint>
	</monogr>
	<note>EMNLP</note>
</biblStruct>

<biblStruct >
	<analytic>
		<title level="a" type="main">Clustering by fast search and find of density peaks</title>
		<author>
			<persName xmlns="http://www.tei-c.org/ns/1.0"><forename type="first">Alex</forename><surname>Rodriguez</surname></persName>
		</author>
		<author>
			<persName xmlns="http://www.tei-c.org/ns/1.0"><forename type="first">Alessandro</forename><surname>Laio</surname></persName>
		</author>
	</analytic>
	<monogr>
		<title level="j">Science</title>
		<imprint>
			<biblScope unit="volume">344</biblScope>
			<biblScope unit="issue">6191</biblScope>
			<biblScope unit="page" from="1492" to="1496" />
			<date type="published" when="2014" />
		</imprint>
	</monogr>
</biblStruct>

<biblStruct >
	<monogr>
		<title level="m" type="main">A fast and simple algorithm for training neural probabilistic language models</title>
		<author>
			<persName xmlns="http://www.tei-c.org/ns/1.0"><forename type="first">Andriy</forename><surname>Mnih</surname></persName>
		</author>
		<author>
			<persName xmlns="http://www.tei-c.org/ns/1.0"><forename type="first">Yee</forename><forename type="middle">Whye</forename><surname>Teh</surname></persName>
		</author>
		<idno type="arXiv">arXiv:1206.6426</idno>
		<imprint>
			<date type="published" when="2012" />
		</imprint>
	</monogr>
<note type="report_type">arXiv preprint</note>
</biblStruct>

<biblStruct >
	<analytic>
		<title level="a" type="main">Short text classification in twitter to improve information filtering</title>
		<author>
			<persName xmlns="http://www.tei-c.org/ns/1.0"><forename type="first">Bharath</forename><surname>Sriram</surname></persName>
		</author>
		<author>
			<persName xmlns="http://www.tei-c.org/ns/1.0"><forename type="first">Dave</forename><surname>Fuhry</surname></persName>
		</author>
		<author>
			<persName xmlns="http://www.tei-c.org/ns/1.0"><forename type="first">Engin</forename><surname>Demir</surname></persName>
		</author>
	</analytic>
	<monogr>
		<title level="m">SIGIR</title>
		<imprint>
			<publisher>ACM</publisher>
			<date type="published" when="2010" />
			<biblScope unit="page" from="841" to="842" />
		</imprint>
	</monogr>
	<note>Hakan Ferhatosmanoglu, and Murat Demirbas</note>
</biblStruct>

<biblStruct >
	<analytic>
		<title level="a" type="main">Relation classification via convolutional deep neural network</title>
		<author>
			<persName xmlns="http://www.tei-c.org/ns/1.0"><forename type="first">Daojian</forename><surname>Zeng</surname></persName>
		</author>
		<author>
			<persName xmlns="http://www.tei-c.org/ns/1.0"><forename type="first">Kang</forename><surname>Liu</surname></persName>
		</author>
		<author>
			<persName xmlns="http://www.tei-c.org/ns/1.0"><forename type="first">Siwei</forename><surname>Lai</surname></persName>
		</author>
		<author>
			<persName xmlns="http://www.tei-c.org/ns/1.0"><forename type="first">Guangyou</forename><surname>Zhou</surname></persName>
		</author>
		<author>
			<persName xmlns="http://www.tei-c.org/ns/1.0"><forename type="first">Jun</forename><surname>Zhao</surname></persName>
		</author>
	</analytic>
	<monogr>
		<title level="m">Proceedings of COLING</title>
		<meeting>COLING</meeting>
		<imprint>
			<date type="published" when="2014" />
			<biblScope unit="page" from="2335" to="2344" />
		</imprint>
	</monogr>
</biblStruct>

<biblStruct >
	<analytic>
		<title/>
		<author>
			<persName xmlns="http://www.tei-c.org/ns/1.0"><forename type="first">M</forename><surname>David</surname></persName>
		</author>
		<author>
			<persName xmlns="http://www.tei-c.org/ns/1.0"><surname>Blei</surname></persName>
		</author>
		<author>
			<persName xmlns="http://www.tei-c.org/ns/1.0"><forename type="first">Y</forename><surname>Andrew</surname></persName>
		</author>
		<author>
			<persName xmlns="http://www.tei-c.org/ns/1.0"><forename type="first">Michael I Jordan</forename><surname>Ng</surname></persName>
		</author>
	</analytic>
	<monogr>
		<title level="j">Latent dirichlet allocation. the Journal of machine Learning research</title>
		<imprint>
			<biblScope unit="volume">3</biblScope>
			<biblScope unit="page" from="993" to="1022" />
			<date type="published" when="2003" />
		</imprint>
	</monogr>
</biblStruct>

<biblStruct >
	<monogr>
		<title level="m" type="main">Improving neural networks by preventing coadaptation of feature detectors</title>
		<author>
			<persName xmlns="http://www.tei-c.org/ns/1.0"><forename type="first">Nitish</forename><surname>Geoffrey E Hinton</surname></persName>
		</author>
		<author>
			<persName xmlns="http://www.tei-c.org/ns/1.0"><forename type="first">Alex</forename><surname>Srivastava</surname></persName>
		</author>
		<author>
			<persName xmlns="http://www.tei-c.org/ns/1.0"><forename type="first">Ilya</forename><surname>Krizhevsky</surname></persName>
		</author>
		<author>
			<persName xmlns="http://www.tei-c.org/ns/1.0"><surname>Sutskever</surname></persName>
		</author>
		<author>
			<persName xmlns="http://www.tei-c.org/ns/1.0"><surname>Salakhutdinov</surname></persName>
		</author>
		<idno>arX- iv:1207.0580</idno>
		<imprint>
			<date type="published" when="2012" />
		</imprint>
	</monogr>
<note type="report_type">arXiv preprint</note>
</biblStruct>

<biblStruct >
	<analytic>
		<title level="a" type="main">Composition in distributional models of semantics</title>
		<author>
			<persName xmlns="http://www.tei-c.org/ns/1.0"><forename type="first">Jeff</forename><surname>Mitchell</surname></persName>
		</author>
		<author>
			<persName xmlns="http://www.tei-c.org/ns/1.0"><forename type="first">Mirella</forename><surname>Lapata</surname></persName>
		</author>
	</analytic>
	<monogr>
		<title level="j">Cognitive science</title>
		<imprint>
			<biblScope unit="volume">34</biblScope>
			<biblScope unit="issue">8</biblScope>
			<biblScope unit="page" from="1388" to="1429" />
			<date type="published" when="2010" />
		</imprint>
	</monogr>
</biblStruct>

<biblStruct >
	<analytic>
		<title level="a" type="main">Adaptive subgradient methods for online learning and stochastic optimization</title>
		<author>
			<persName xmlns="http://www.tei-c.org/ns/1.0"><forename type="first">John</forename><surname>Duchi</surname></persName>
		</author>
		<author>
			<persName xmlns="http://www.tei-c.org/ns/1.0"><forename type="first">Elad</forename><surname>Hazan</surname></persName>
		</author>
		<author>
			<persName xmlns="http://www.tei-c.org/ns/1.0"><forename type="first">Yoram</forename><surname>Singer</surname></persName>
		</author>
	</analytic>
	<monogr>
		<title level="j">The Journal of Machine Learning Research</title>
		<imprint>
			<biblScope unit="volume">12</biblScope>
			<biblScope unit="page" from="2121" to="2159" />
			<date type="published" when="2011" />
		</imprint>
	</monogr>
</biblStruct>

<biblStruct >
	<analytic>
		<title level="a" type="main">Word representations: a simple and general method for semi-supervised learning</title>
		<author>
			<persName xmlns="http://www.tei-c.org/ns/1.0"><forename type="first">Joseph</forename><surname>Turian</surname></persName>
		</author>
		<author>
			<persName xmlns="http://www.tei-c.org/ns/1.0"><forename type="first">Lev</forename><surname>Ratinov</surname></persName>
		</author>
		<author>
			<persName xmlns="http://www.tei-c.org/ns/1.0"><forename type="first">Yoshua</forename><surname>Bengio</surname></persName>
		</author>
	</analytic>
	<monogr>
		<title level="m">ACL</title>
		<imprint>
			<publisher>Association for Computational Linguistics</publisher>
			<date type="published" when="2010" />
			<biblScope unit="page" from="384" to="394" />
		</imprint>
	</monogr>
</biblStruct>

<biblStruct >
	<analytic>
		<title level="a" type="main">A web-based kernel function for measuring the similarity of short text snippets</title>
		<author>
			<persName xmlns="http://www.tei-c.org/ns/1.0"><forename type="first">Mehran</forename><surname>Sahami</surname></persName>
		</author>
		<author>
			<persName xmlns="http://www.tei-c.org/ns/1.0"><forename type="first">Timothy</forename><forename type="middle">D</forename><surname>Heilman</surname></persName>
		</author>
	</analytic>
	<monogr>
		<title level="m">Proceedings of the 15th international conference on World Wide Web</title>
		<meeting>the 15th international conference on World Wide Web</meeting>
		<imprint>
			<publisher>AcM</publisher>
			<date type="published" when="2006" />
			<biblScope unit="page" from="377" to="386" />
		</imprint>
	</monogr>
</biblStruct>

<biblStruct >
	<analytic>
		<title level="a" type="main">Short text classification improved by learning multigranularity topics</title>
		<author>
			<persName xmlns="http://www.tei-c.org/ns/1.0"><forename type="first">Mengen</forename><surname>Chen</surname></persName>
		</author>
		<author>
			<persName xmlns="http://www.tei-c.org/ns/1.0"><forename type="first">Xiaoming</forename><surname>Jin</surname></persName>
		</author>
		<author>
			<persName xmlns="http://www.tei-c.org/ns/1.0"><forename type="first">Dou</forename><surname>Shen</surname></persName>
		</author>
	</analytic>
	<monogr>
		<title level="m">IJCAI</title>
		<imprint>
			<publisher>Citeseer</publisher>
			<date type="published" when="2011" />
			<biblScope unit="page" from="1776" to="1781" />
		</imprint>
	</monogr>
</biblStruct>

<biblStruct >
	<monogr>
		<title level="m" type="main">A convolutional neural network for modelling sentences</title>
		<author>
			<persName xmlns="http://www.tei-c.org/ns/1.0"><forename type="first">Nal</forename><surname>Kalchbrenner</surname></persName>
		</author>
		<author>
			<persName xmlns="http://www.tei-c.org/ns/1.0"><forename type="first">Edward</forename><surname>Grefenstette</surname></persName>
		</author>
		<author>
			<persName xmlns="http://www.tei-c.org/ns/1.0"><forename type="first">Phil</forename><surname>Blunsom</surname></persName>
		</author>
		<idno type="arXiv">arXiv:1404.2188</idno>
		<imprint>
			<date type="published" when="2014" />
		</imprint>
	</monogr>
<note type="report_type">arXiv preprint</note>
</biblStruct>

<biblStruct >
	<monogr>
		<title level="m" type="main">Distributed representations of sentences and documents</title>
		<author>
			<persName xmlns="http://www.tei-c.org/ns/1.0"><forename type="first">V</forename><surname>Quoc</surname></persName>
		</author>
		<author>
			<persName xmlns="http://www.tei-c.org/ns/1.0"><forename type="first">Tomas</forename><surname>Le</surname></persName>
		</author>
		<author>
			<persName xmlns="http://www.tei-c.org/ns/1.0"><surname>Mikolov</surname></persName>
		</author>
		<idno type="arXiv">arXiv:1405.4053</idno>
		<imprint>
			<date type="published" when="2014" />
		</imprint>
	</monogr>
<note type="report_type">arXiv preprint</note>
</biblStruct>

<biblStruct >
	<analytic>
		<title level="a" type="main">Recursive deep models for semantic compositionality over a sentiment treebank</title>
		<author>
			<persName xmlns="http://www.tei-c.org/ns/1.0"><forename type="first">Richard</forename><surname>Socher</surname></persName>
		</author>
		<author>
			<persName xmlns="http://www.tei-c.org/ns/1.0"><forename type="first">Alex</forename><surname>Perelygin</surname></persName>
		</author>
		<author>
			<persName xmlns="http://www.tei-c.org/ns/1.0"><forename type="first">Y</forename><surname>Jean</surname></persName>
		</author>
		<author>
			<persName xmlns="http://www.tei-c.org/ns/1.0"><forename type="first">Jason</forename><surname>Wu</surname></persName>
		</author>
		<author>
			<persName xmlns="http://www.tei-c.org/ns/1.0"><surname>Chuang</surname></persName>
		</author>
		<author>
			<persName xmlns="http://www.tei-c.org/ns/1.0"><forename type="first">D</forename><surname>Christopher</surname></persName>
		</author>
		<author>
			<persName xmlns="http://www.tei-c.org/ns/1.0"><surname>Manning</surname></persName>
		</author>
		<author>
			<persName xmlns="http://www.tei-c.org/ns/1.0"><forename type="first">Y</forename><surname>Andrew</surname></persName>
		</author>
		<author>
			<persName xmlns="http://www.tei-c.org/ns/1.0"><forename type="first">Christopher</forename><surname>Ng</surname></persName>
		</author>
		<author>
			<persName xmlns="http://www.tei-c.org/ns/1.0"><surname>Potts</surname></persName>
		</author>
	</analytic>
	<monogr>
		<title level="m">EMNLP</title>
		<imprint>
			<date type="published" when="2013" />
			<biblScope unit="volume">1631</biblScope>
		</imprint>
	</monogr>
	<note>page 1642. Citeseer</note>
</biblStruct>

<biblStruct >
	<analytic>
		<title level="a" type="main">Natural language processing (almost) from scratch</title>
		<author>
			<persName xmlns="http://www.tei-c.org/ns/1.0"><forename type="first">Ronan</forename><surname>Collobert</surname></persName>
		</author>
		<author>
			<persName xmlns="http://www.tei-c.org/ns/1.0"><forename type="first">Jason</forename><surname>Weston</surname></persName>
		</author>
		<author>
			<persName xmlns="http://www.tei-c.org/ns/1.0"><forename type="first">Léon</forename><surname>Bottou</surname></persName>
		</author>
		<author>
			<persName xmlns="http://www.tei-c.org/ns/1.0"><forename type="first">Michael</forename><surname>Karlen</surname></persName>
		</author>
		<author>
			<persName xmlns="http://www.tei-c.org/ns/1.0"><forename type="first">Koray</forename><surname>Kavukcuoglu</surname></persName>
		</author>
		<author>
			<persName xmlns="http://www.tei-c.org/ns/1.0"><forename type="first">Pavel</forename><surname>Kuksa</surname></persName>
		</author>
	</analytic>
	<monogr>
		<title level="j">The Journal of Machine Learning Research</title>
		<imprint>
			<biblScope unit="volume">12</biblScope>
			<biblScope unit="page" from="2493" to="2537" />
			<date type="published" when="2011" />
		</imprint>
	</monogr>
</biblStruct>

<biblStruct >
	<monogr>
		<title level="m" type="main">Efficient estimation of word representations in vector space</title>
		<author>
			<persName xmlns="http://www.tei-c.org/ns/1.0"><forename type="first">Tomas</forename><surname>Mikolov</surname></persName>
		</author>
		<author>
			<persName xmlns="http://www.tei-c.org/ns/1.0"><forename type="first">Kai</forename><surname>Chen</surname></persName>
		</author>
		<author>
			<persName xmlns="http://www.tei-c.org/ns/1.0"><forename type="first">Greg</forename><surname>Corrado</surname></persName>
		</author>
		<author>
			<persName xmlns="http://www.tei-c.org/ns/1.0"><forename type="first">Jeffrey</forename><surname>Dean</surname></persName>
		</author>
		<idno type="arXiv">arXiv:1301.3781</idno>
		<imprint>
			<date type="published" when="2013" />
		</imprint>
	</monogr>
<note type="report_type">arXiv preprint</note>
</biblStruct>

<biblStruct >
	<analytic>
		<title level="a" type="main">Distributed representations of words and phrases and their compositionality</title>
		<author>
			<persName xmlns="http://www.tei-c.org/ns/1.0"><forename type="first">Tomas</forename><surname>Mikolov</surname></persName>
		</author>
		<author>
			<persName xmlns="http://www.tei-c.org/ns/1.0"><forename type="first">Ilya</forename><surname>Sutskever</surname></persName>
		</author>
		<author>
			<persName xmlns="http://www.tei-c.org/ns/1.0"><forename type="first">Kai</forename><surname>Chen</surname></persName>
		</author>
		<author>
			<persName xmlns="http://www.tei-c.org/ns/1.0"><forename type="first">Greg</forename><forename type="middle">S</forename><surname>Corrado</surname></persName>
		</author>
		<author>
			<persName xmlns="http://www.tei-c.org/ns/1.0"><forename type="first">Jeff</forename><surname>Dean</surname></persName>
		</author>
	</analytic>
	<monogr>
		<title level="m">Advances in Neural Information Processing Systems</title>
		<imprint>
			<date type="published" when="2013" />
			<biblScope unit="page" from="3111" to="3119" />
		</imprint>
	</monogr>
</biblStruct>

<biblStruct >
	<analytic>
		<title level="a" type="main">Linguistic regularities in continuous space word representations</title>
		<author>
			<persName xmlns="http://www.tei-c.org/ns/1.0"><forename type="first">Tomas</forename><surname>Mikolov</surname></persName>
		</author>
		<author>
			<persName xmlns="http://www.tei-c.org/ns/1.0"><forename type="first">Geoffrey</forename><surname>Wen-Tau Yih</surname></persName>
		</author>
		<author>
			<persName xmlns="http://www.tei-c.org/ns/1.0"><surname>Zweig</surname></persName>
		</author>
	</analytic>
	<monogr>
		<title level="m">HLT-NAACL</title>
		<imprint>
			<date type="published" when="2013" />
			<biblScope unit="page" from="746" to="751" />
		</imprint>
	</monogr>
</biblStruct>

<biblStruct >
	<analytic>
		<title level="a" type="main">A biterm topic model for short texts</title>
		<author>
			<persName xmlns="http://www.tei-c.org/ns/1.0"><forename type="first">Xiaohui</forename><surname>Yan</surname></persName>
		</author>
		<author>
			<persName xmlns="http://www.tei-c.org/ns/1.0"><forename type="first">Jiafeng</forename><surname>Guo</surname></persName>
		</author>
		<author>
			<persName xmlns="http://www.tei-c.org/ns/1.0"><forename type="first">Yanyan</forename><surname>Lan</surname></persName>
		</author>
		<author>
			<persName xmlns="http://www.tei-c.org/ns/1.0"><forename type="first">Xueqi</forename><surname>Cheng</surname></persName>
		</author>
	</analytic>
	<monogr>
		<title level="m">International World Wide Web Conferences Steering Committee</title>
		<imprint>
			<date type="published" when="2013" />
			<biblScope unit="page" from="1445" to="1456" />
		</imprint>
	</monogr>
	<note>WWW</note>
</biblStruct>

<biblStruct >
	<analytic>
		<title level="a" type="main">Learning question classifiers</title>
		<author>
			<persName xmlns="http://www.tei-c.org/ns/1.0"><forename type="first">Xin</forename><surname>Li</surname></persName>
		</author>
		<author>
			<persName xmlns="http://www.tei-c.org/ns/1.0"><forename type="first">Dan</forename><surname>Roth</surname></persName>
		</author>
	</analytic>
	<monogr>
		<title level="m">Proceedings of the 19th international conference on Computational linguistics</title>
		<meeting>the 19th international conference on Computational linguistics</meeting>
		<imprint>
			<publisher>Association for Computational Linguistics</publisher>
			<date type="published" when="2002" />
			<biblScope unit="volume">1</biblScope>
			<biblScope unit="page" from="1" to="7" />
		</imprint>
	</monogr>
</biblStruct>

<biblStruct >
	<analytic>
		<title level="a" type="main">Learning to classify short and sparse text &amp; web with hidden topics from large-scale data collections</title>
		<author>
			<persName xmlns="http://www.tei-c.org/ns/1.0"><forename type="first">Xuan-Hieu</forename><surname>Phan</surname></persName>
		</author>
		<author>
			<persName xmlns="http://www.tei-c.org/ns/1.0"><forename type="first">Le-Minh</forename><surname>Nguyen</surname></persName>
		</author>
		<author>
			<persName xmlns="http://www.tei-c.org/ns/1.0"><forename type="first">Susumu</forename><surname>Horiguchi</surname></persName>
		</author>
	</analytic>
	<monogr>
		<title level="m">Proceedings of the 17th international conference on World Wide Web</title>
		<meeting>the 17th international conference on World Wide Web</meeting>
		<imprint>
			<publisher>ACM</publisher>
			<date type="published" when="2008" />
			<biblScope unit="page" from="91" to="100" />
		</imprint>
	</monogr>
</biblStruct>

<biblStruct >
	<analytic>
		<title level="a" type="main">Gradient-based learning applied to document recognition</title>
		<author>
			<persName xmlns="http://www.tei-c.org/ns/1.0"><forename type="first">Yann</forename><surname>Lecun</surname></persName>
		</author>
		<author>
			<persName xmlns="http://www.tei-c.org/ns/1.0"><forename type="first">Léon</forename><surname>Bottou</surname></persName>
		</author>
		<author>
			<persName xmlns="http://www.tei-c.org/ns/1.0"><forename type="first">Yoshua</forename><surname>Bengio</surname></persName>
		</author>
		<author>
			<persName xmlns="http://www.tei-c.org/ns/1.0"><forename type="first">Patrick</forename><surname>Haffner</surname></persName>
		</author>
	</analytic>
	<monogr>
		<title level="j">Proceedings of the IEEE</title>
		<imprint>
			<biblScope unit="volume">86</biblScope>
			<biblScope unit="issue">11</biblScope>
			<biblScope unit="page" from="2278" to="2324" />
			<date type="published" when="1998" />
		</imprint>
	</monogr>
</biblStruct>

<biblStruct >
	<monogr>
		<title level="m" type="main">Convolutional neural networks for sentence classification</title>
		<author>
			<persName xmlns="http://www.tei-c.org/ns/1.0"><forename type="first">Yoon</forename><surname>Kim</surname></persName>
		</author>
		<idno type="arXiv">arXiv:1408.5882</idno>
		<imprint/>
	</monogr>
<note type="report_type">arXiv preprint</note>
</biblStruct>

<biblStruct >
	<analytic>
		<title level="a" type="main">A neural probabilistic language model</title>
		<author>
			<persName xmlns="http://www.tei-c.org/ns/1.0"><forename type="first">Yoshua</forename><surname>Bengio</surname></persName>
		</author>
		<author>
			<persName xmlns="http://www.tei-c.org/ns/1.0"><forename type="first">Réjean</forename><surname>Ducharme</surname></persName>
		</author>
		<author>
			<persName xmlns="http://www.tei-c.org/ns/1.0"><forename type="first">Pascal</forename><surname>Vincent</surname></persName>
		</author>
		<author>
			<persName xmlns="http://www.tei-c.org/ns/1.0"><forename type="first">Christian</forename><surname>Janvin</surname></persName>
		</author>
	</analytic>
	<monogr>
		<title level="j">The Journal of Machine Learning Research</title>
		<imprint>
			<biblScope unit="volume">3</biblScope>
			<biblScope unit="page" from="1137" to="1155" />
			<date type="published" when="2003" />
		</imprint>
	</monogr>
</biblStruct>

<biblStruct >
	<analytic>
		<title level="a" type="main">From symbolic to sub-symbolic information in question classification</title>
		<author>
			<persName xmlns="http://www.tei-c.org/ns/1.0"><forename type="first">Joao</forename><surname>Silva</surname></persName>
		</author>
		<author>
			<persName xmlns="http://www.tei-c.org/ns/1.0"><forename type="first">Luísa</forename><surname>Coheur</surname></persName>
		</author>
		<author>
			<persName xmlns="http://www.tei-c.org/ns/1.0"><forename type="first">Ana</forename><forename type="middle">Cristina</forename><surname>Mendes</surname></persName>
		</author>
		<author>
			<persName xmlns="http://www.tei-c.org/ns/1.0"><forename type="first">Andreas</forename><surname>Wichert</surname></persName>
		</author>
	</analytic>
	<monogr>
		<title level="j">Artificial Intelligence Review</title>
		<imprint>
			<biblScope unit="volume">35</biblScope>
			<biblScope unit="issue">2</biblScope>
			<biblScope unit="page" from="137" to="154" />
			<date type="published" when="2011" />
		</imprint>
	</monogr>
</biblStruct>

<biblStruct >
	<monogr>
		<title level="m" type="main">Effective use of word order for text categorization with convolutional neural networks</title>
		<author>
			<persName xmlns="http://www.tei-c.org/ns/1.0"><forename type="first">Rie</forename><surname>Johnson</surname></persName>
		</author>
		<author>
			<persName xmlns="http://www.tei-c.org/ns/1.0"><forename type="first">Tong</forename><surname>Zhang</surname></persName>
		</author>
		<idno type="arXiv">arXiv:1412.1058</idno>
		<imprint>
			<date type="published" when="2014" />
		</imprint>
	</monogr>
<note type="report_type">arXiv preprint</note>
</biblStruct>

			</listBibl>
		</back>
	</text>
</TEI>
