<?xml version="1.0" ?>
<TEI xmlns="http://www.tei-c.org/ns/1.0" xmlns:xlink="http://www.w3.org/1999/xlink" 
 xmlns:mml="http://www.w3.org/1998/Math/MathML">
	<teiHeader>
		<fileDesc xml:id="f_1017"/>
	</teiHeader>
	<text>
		<front/>
		<body/>
		<back>
			<listBibl>
<biblStruct >
	<monogr>
		<title level="m" type="main">LAPACK Users&apos; guide</title>
		<author>
			<persName xmlns="http://www.tei-c.org/ns/1.0"><forename type="first">Anderson</forename></persName>
		</author>
		<imprint>
			<date type="published" when="1999" />
			<publisher>SIAM</publisher>
			<biblScope unit="volume">9</biblScope>
		</imprint>
	</monogr>
</biblStruct>

<biblStruct >
	<analytic>
		<title level="a" type="main">Bayesian PCA</title>
		<author>
			<persName xmlns="http://www.tei-c.org/ns/1.0"><forename type="first">M</forename><surname>Christopher</surname></persName>
		</author>
		<author>
			<persName xmlns="http://www.tei-c.org/ns/1.0"><surname>Bishop</surname></persName>
		</author>
	</analytic>
	<monogr>
		<title level="m">Advances in Neural Information Processing Systems</title>
		<imprint>
			<date type="published" when="1999" />
			<biblScope unit="page" from="382" to="388" />
		</imprint>
	</monogr>
</biblStruct>

<biblStruct >
	<analytic>
		<title level="a" type="main">Exact matrix completion via convex optimization</title>
		<author>
			<persName xmlns="http://www.tei-c.org/ns/1.0"><surname>Candès</surname></persName>
		</author>
		<author>
			<persName xmlns="http://www.tei-c.org/ns/1.0"><forename type="first">J</forename><surname>Emmanuel</surname></persName>
		</author>
		<author>
			<persName xmlns="http://www.tei-c.org/ns/1.0"><forename type="first">Benjamin</forename><surname>Candès</surname></persName>
		</author>
		<author>
			<persName xmlns="http://www.tei-c.org/ns/1.0"><surname>Recht</surname></persName>
		</author>
	</analytic>
	<monogr>
		<title level="j">Foundations of Computational mathematics</title>
		<imprint>
			<biblScope unit="volume">9</biblScope>
			<biblScope unit="issue">6</biblScope>
			<biblScope unit="page" from="717" to="772" />
			<date type="published" when="2009" />
		</imprint>
	</monogr>
</biblStruct>

<biblStruct >
	<analytic>
		<title level="a" type="main">Transduction with matrix completion: Three birds with one stone</title>
		<author>
			<persName xmlns="http://www.tei-c.org/ns/1.0"><forename type="first">[</forename><surname>Goldberg</surname></persName>
		</author>
	</analytic>
	<monogr>
		<title level="m">Advances in Neural Information Processing Systems</title>
		<imprint>
			<date type="published" when="2010" />
			<biblScope unit="volume">23</biblScope>
			<biblScope unit="page" from="757" to="765" />
		</imprint>
	</monogr>
</biblStruct>

<biblStruct >
	<analytic>
		<title level="a" type="main">Low-rank tensors for scoring dependency structures</title>
		<author>
			<persName xmlns="http://www.tei-c.org/ns/1.0"><forename type="first">[</forename><surname>Lei</surname></persName>
		</author>
	</analytic>
	<monogr>
		<title level="m">Proceedings of the 52nd Annual Meeting of the Association for Computational Linguistics</title>
		<meeting>the 52nd Annual Meeting of the Association for Computational Linguistics</meeting>
		<imprint>
			<date type="published" when="2014" />
			<biblScope unit="page" from="1381" to="1391" />
		</imprint>
	</monogr>
</biblStruct>

<biblStruct >
	<analytic>
		<title level="a" type="main">A three-way model for collective learning on multi-relational data</title>
		<author>
			<persName xmlns="http://www.tei-c.org/ns/1.0"><surname>Nickel</surname></persName>
		</author>
	</analytic>
	<monogr>
		<title level="m">Proceedings of the 28th International Conference on Machine Learning (ICML-11)</title>
		<meeting>the 28th International Conference on Machine Learning (ICML-11)</meeting>
		<imprint>
			<date type="published" when="2011" />
			<biblScope unit="page" from="809" to="816" />
		</imprint>
	</monogr>
</biblStruct>

<biblStruct >
	<analytic>
		<title level="a" type="main">Glove: Global vectors for word representation</title>
		<author>
			<persName xmlns="http://www.tei-c.org/ns/1.0"><surname>Pennington</surname></persName>
		</author>
	</analytic>
	<monogr>
		<title level="m">Proceedings of the 2014 Conference on Empirical Methods in Natural Language Processing</title>
		<meeting>the 2014 Conference on Empirical Methods in Natural Language Processing</meeting>
		<imprint>
			<date type="published" when="2014" />
		</imprint>
	</monogr>
</biblStruct>

<biblStruct >
	<analytic>
		<title level="a" type="main">Bpr: Bayesian personalized ranking from implicit feedback</title>
		<author>
			<persName xmlns="http://www.tei-c.org/ns/1.0"><forename type="first">[</forename><surname>Rendle</surname></persName>
		</author>
	</analytic>
	<monogr>
		<title level="m">Proceedings of the Twenty-Fifth Conference on Uncertainty in Artificial Intelligence</title>
		<meeting>the Twenty-Fifth Conference on Uncertainty in Artificial Intelligence</meeting>
		<imprint>
			<date type="published" when="2009" />
			<biblScope unit="page" from="452" to="461" />
		</imprint>
	</monogr>
</biblStruct>

<biblStruct >
	<analytic>
		<title level="a" type="main">Injecting Logical Background Knowledge into Embeddings for Relation Extraction</title>
		<author>
			<persName xmlns="http://www.tei-c.org/ns/1.0"><surname>Riedel</surname></persName>
		</author>
	</analytic>
	<monogr>
		<title level="m">Proceedings of the 2013 Conference of the North American Chapter of the Association for Computational Linguistics: Human Language Technologies</title>
		<meeting>the 2013 Conference of the North American Chapter of the Association for Computational Linguistics: Human Language Technologies<address><addrLine>Atlanta, GA; Bernardino Romera</addrLine></address></meeting>
		<imprint>
			<date type="published" when="2013" />
		</imprint>
	</monogr>
	<note>Proceedings of the 2015 Human Language Technology Conference of the North American Chapter of the Association of Computational Linguistics. Romera-Paredes et al.2013</note>
</biblStruct>

<biblStruct >
	<analytic>
		<title level="a" type="main">Multilinear multitask learning</title>
		<author>
			<persName xmlns="http://www.tei-c.org/ns/1.0"><forename type="first">Hane</forename><surname>Paredes</surname></persName>
		</author>
		<author>
			<persName xmlns="http://www.tei-c.org/ns/1.0"><forename type="first">Nadia</forename><surname>Aung</surname></persName>
		</author>
		<author>
			<persName xmlns="http://www.tei-c.org/ns/1.0"><forename type="first">Massimiliano</forename><surname>Bianchi-Berthouze</surname></persName>
		</author>
		<author>
			<persName xmlns="http://www.tei-c.org/ns/1.0"><surname>Pontil</surname></persName>
		</author>
	</analytic>
	<monogr>
		<title level="m">Proceedings of the 30th International Conference on Machine Learning</title>
		<meeting>the 30th International Conference on Machine Learning</meeting>
		<imprint>
			<date type="published" when="2013" />
			<biblScope unit="page" from="1444" to="1452" />
		</imprint>
	</monogr>
</biblStruct>

<biblStruct >
	<analytic>
		<title level="a" type="main">Relational learning via collective matrix factorization</title>
		<author>
			<persName xmlns="http://www.tei-c.org/ns/1.0"><forename type="first">P</forename><surname>Ajit</surname></persName>
		</author>
		<author>
			<persName xmlns="http://www.tei-c.org/ns/1.0"><forename type="first">Geoffrey</forename><forename type="middle">J</forename><surname>Singh</surname></persName>
		</author>
		<author>
			<persName xmlns="http://www.tei-c.org/ns/1.0"><surname>Gordon</surname></persName>
		</author>
	</analytic>
	<monogr>
		<title level="m">Proceedings of the 14th ACM SIGKDD International Conference on Knowledge Discovery and Data Mining</title>
		<meeting>the 14th ACM SIGKDD International Conference on Knowledge Discovery and Data Mining</meeting>
		<imprint>
			<date type="published" when="2008" />
			<biblScope unit="page" from="650" to="658" />
		</imprint>
	</monogr>
	<note>Singh and Gordon2008</note>
</biblStruct>

<biblStruct >
	<analytic>
		<title level="a" type="main">Exploring topic coherence over many models and many topics</title>
		<author>
			<persName xmlns="http://www.tei-c.org/ns/1.0"><surname>Stevens</surname></persName>
		</author>
	</analytic>
	<monogr>
		<title level="m">Proceedings of the 2012 Joint Conference on Empirical Methods in Natural Language Processing and Computational Natural Language Learning</title>
		<meeting>the 2012 Joint Conference on Empirical Methods in Natural Language Processing and Computational Natural Language Learning</meeting>
		<imprint>
			<date type="published" when="2012" />
			<biblScope unit="page" from="952" to="961" />
		</imprint>
	</monogr>
</biblStruct>

			</listBibl>
		</back>
	</text>
</TEI>
