<?xml version="1.0" ?>
<TEI xmlns="http://www.tei-c.org/ns/1.0" xmlns:xlink="http://www.w3.org/1999/xlink" 
 xmlns:mml="http://www.w3.org/1998/Math/MathML">
	<teiHeader>
		<fileDesc xml:id="f_474"/>
	</teiHeader>
	<text>
		<front/>
		<body/>
		<back>
			<listBibl>
<biblStruct >
	<analytic>
		<title level="a" type="main">Using logic in the generation of referring expressions</title>
		<author>
			<persName xmlns="http://www.tei-c.org/ns/1.0"><forename type="first">C</forename><surname>Areces</surname></persName>
		</author>
		<author>
			<persName xmlns="http://www.tei-c.org/ns/1.0"><forename type="first">S</forename><surname>Figueira</surname></persName>
		</author>
		<author>
			<persName xmlns="http://www.tei-c.org/ns/1.0"><forename type="first">D</forename><surname>Gorín</surname></persName>
		</author>
	</analytic>
	<monogr>
		<title level="m">Proceedings of the 6th International Conference on Logical Aspects of Computational Linguistics (LACL 2011)</title>
		<meeting>the 6th International Conference on Logical Aspects of Computational Linguistics (LACL 2011)<address><addrLine>Montpelier</addrLine></address></meeting>
		<imprint>
			<publisher>Springer</publisher>
			<date type="published" when="2011" />
			<biblScope unit="page" from="17" to="32" />
		</imprint>
	</monogr>
</biblStruct>

<biblStruct >
	<analytic>
		<title level="a" type="main">Overspecification facilitates object identification</title>
		<author>
			<persName xmlns="http://www.tei-c.org/ns/1.0"><forename type="first">A</forename><surname>Arts</surname></persName>
		</author>
		<author>
			<persName xmlns="http://www.tei-c.org/ns/1.0"><forename type="first">A</forename><surname>Maes</surname></persName>
		</author>
		<author>
			<persName xmlns="http://www.tei-c.org/ns/1.0"><forename type="first">L</forename><forename type="middle">G M</forename><surname>Noordman</surname></persName>
		</author>
		<author>
			<persName xmlns="http://www.tei-c.org/ns/1.0"><forename type="first">C</forename><surname>Jansen</surname></persName>
		</author>
	</analytic>
	<monogr>
		<title level="j">Journal of Pragmatics</title>
		<imprint>
			<biblScope unit="volume">43</biblScope>
			<biblScope unit="issue">1</biblScope>
			<biblScope unit="page" from="361" to="374" />
			<date type="published" when="2011" />
		</imprint>
	</monogr>
</biblStruct>

<biblStruct >
	<analytic>
		<title level="a" type="main">Tracking the time course of multidimensional stimulus discrimination</title>
		<author>
			<persName xmlns="http://www.tei-c.org/ns/1.0"><forename type="first">E</forename><surname>Belke</surname></persName>
		</author>
		<author>
			<persName xmlns="http://www.tei-c.org/ns/1.0"><forename type="first">A</forename><surname>Meyer</surname></persName>
		</author>
	</analytic>
	<monogr>
		<title level="j">European Journal of Cognitive Psychology</title>
		<imprint>
			<biblScope unit="volume">14</biblScope>
			<biblScope unit="issue">2</biblScope>
			<biblScope unit="page" from="237" to="266" />
			<date type="published" when="2002" />
		</imprint>
	</monogr>
</biblStruct>

<biblStruct >
	<analytic>
		<title level="a" type="main">Generating instructions in virtual environments (GIVE): A challenge and evaluation testbed for NLG</title>
		<author>
			<persName xmlns="http://www.tei-c.org/ns/1.0"><forename type="first">D</forename><surname>Byron</surname></persName>
		</author>
		<author>
			<persName xmlns="http://www.tei-c.org/ns/1.0"><forename type="first">A</forename><surname>Koller</surname></persName>
		</author>
		<author>
			<persName xmlns="http://www.tei-c.org/ns/1.0"><forename type="first">J</forename><surname>Oberlander</surname></persName>
		</author>
		<author>
			<persName xmlns="http://www.tei-c.org/ns/1.0"><forename type="first">L</forename><surname>Stoia</surname></persName>
		</author>
		<author>
			<persName xmlns="http://www.tei-c.org/ns/1.0"><forename type="first">K</forename><surname>Striegnitz</surname></persName>
		</author>
	</analytic>
	<monogr>
		<title level="m">Workshop on Shared Tasks and Comparative Evaluation in Natural Language Generation</title>
		<imprint>
			<date type="published" when="2007" />
		</imprint>
	</monogr>
</biblStruct>

<biblStruct >
	<analytic>
		<title level="a" type="main">Referring as a collaborative process</title>
		<author>
			<persName xmlns="http://www.tei-c.org/ns/1.0"><forename type="first">H</forename><surname>Clark</surname></persName>
		</author>
		<author>
			<persName xmlns="http://www.tei-c.org/ns/1.0"><forename type="first">D</forename><surname>Wilkes-Gibbs</surname></persName>
		</author>
	</analytic>
	<monogr>
		<title level="j">Cognition</title>
		<imprint>
			<biblScope unit="volume">22</biblScope>
			<biblScope unit="page" from="1" to="39" />
			<date type="published" when="1986" />
		</imprint>
	</monogr>
</biblStruct>

<biblStruct >
	<analytic>
		<title level="a" type="main">Content determination in the generation of referring expressions</title>
		<author>
			<persName xmlns="http://www.tei-c.org/ns/1.0"><forename type="first">R</forename><surname>Dale</surname></persName>
		</author>
		<author>
			<persName xmlns="http://www.tei-c.org/ns/1.0"><forename type="first">N</forename><forename type="middle">J</forename><surname>Haddock</surname></persName>
		</author>
	</analytic>
	<monogr>
		<title level="j">Computational Intelligence</title>
		<imprint>
			<biblScope unit="volume">7</biblScope>
			<biblScope unit="issue">4</biblScope>
			<biblScope unit="page" from="252" to="265" />
			<date type="published" when="1991" />
		</imprint>
	</monogr>
</biblStruct>

<biblStruct >
	<analytic>
		<title level="a" type="main">Computational interpretations of the Gricean maxims in the generation of referring expressions</title>
		<author>
			<persName xmlns="http://www.tei-c.org/ns/1.0"><forename type="first">R</forename><surname>Dale</surname></persName>
		</author>
		<author>
			<persName xmlns="http://www.tei-c.org/ns/1.0"><forename type="first">E</forename><surname>Reiter</surname></persName>
		</author>
	</analytic>
	<monogr>
		<title level="j">Cognitive Science</title>
		<imprint>
			<biblScope unit="volume">19</biblScope>
			<biblScope unit="issue">2</biblScope>
			<biblScope unit="page" from="233" to="263" />
			<date type="published" when="1995" />
		</imprint>
	</monogr>
</biblStruct>

<biblStruct >
	<analytic>
		<title level="a" type="main">Referring expression generation through attribute-based heuristics</title>
		<author>
			<persName xmlns="http://www.tei-c.org/ns/1.0"><forename type="first">Robert</forename><surname>Dale</surname></persName>
		</author>
		<author>
			<persName xmlns="http://www.tei-c.org/ns/1.0"><forename type="first">Jette</forename><surname>Viethen</surname></persName>
		</author>
	</analytic>
	<monogr>
		<title level="m">Proceedings of ENLG-2009</title>
		<meeting>ENLG-2009</meeting>
		<imprint>
			<date type="published" when="2009" />
			<biblScope unit="page" from="58" to="65" />
		</imprint>
	</monogr>
</biblStruct>

<biblStruct >
	<analytic>
		<title level="a" type="main">Cooking up referring expressions</title>
		<author>
			<persName xmlns="http://www.tei-c.org/ns/1.0"><forename type="first">Robert</forename><surname>Dale</surname></persName>
		</author>
	</analytic>
	<monogr>
		<title level="m">Proceedings of the 27th Annual Meeting of the Association for Computational Linguistics</title>
		<meeting>the 27th Annual Meeting of the Association for Computational Linguistics</meeting>
		<imprint>
			<date type="published" when="2002" />
			<biblScope unit="page" from="68" to="75" />
		</imprint>
	</monogr>
</biblStruct>

<biblStruct >
	<analytic>
		<title level="a" type="main">From semantic properties to surface text: The generation of domain object descriptions. Inteligencia Artificial</title>
		<author>
			<persName xmlns="http://www.tei-c.org/ns/1.0"><forename type="first">Diego</forename><surname>Jesus De Lucena</surname></persName>
		</author>
		<author>
			<persName xmlns="http://www.tei-c.org/ns/1.0"><forename type="first">Ivandré</forename><surname>Paraboni</surname></persName>
		</author>
		<author>
			<persName xmlns="http://www.tei-c.org/ns/1.0"><forename type="first">Daniel Bastos</forename><surname>Pereira</surname></persName>
		</author>
	</analytic>
	<monogr>
		<title level="j">Revista Iberoamericana de Inteligencia Artificial</title>
		<imprint>
			<biblScope unit="volume">14</biblScope>
			<biblScope unit="issue">45</biblScope>
			<biblScope unit="page" from="48" to="58" />
			<date type="published" when="2010" />
		</imprint>
	</monogr>
</biblStruct>

<biblStruct >
	<analytic>
		<title level="a" type="main">Measures of the amount of ecologic association between species</title>
		<author>
			<persName xmlns="http://www.tei-c.org/ns/1.0"><forename type="first">L</forename><forename type="middle">R</forename><surname>Dice</surname></persName>
		</author>
	</analytic>
	<monogr>
		<title level="j">Ecology</title>
		<imprint>
			<biblScope unit="volume">26</biblScope>
			<biblScope unit="issue">3</biblScope>
			<biblScope unit="page" from="297" to="302" />
			<date type="published" when="1945" />
		</imprint>
	</monogr>
</biblStruct>

<biblStruct >
	<analytic>
		<title level="a" type="main">Generating spatial referring expressions in interactive 3D worlds</title>
		<author>
			<persName xmlns="http://www.tei-c.org/ns/1.0"><forename type="first">Diego</forename></persName>
		</author>
		<author>
			<persName xmlns="http://www.tei-c.org/ns/1.0"><forename type="first">Santos</forename><surname>Silva</surname></persName>
		</author>
		<author>
			<persName xmlns="http://www.tei-c.org/ns/1.0"><forename type="first">Ivandré</forename><surname>Paraboni</surname></persName>
		</author>
	</analytic>
	<monogr>
		<title level="j">Spatial Cognition and Computation</title>
		<imprint>
			<date type="published" when="2015" />
		</imprint>
	</monogr>
</biblStruct>

<biblStruct >
	<analytic>
		<title level="a" type="main">Do speakers and listeners observe the Gricean maxim of quantity?</title>
		<author>
			<persName xmlns="http://www.tei-c.org/ns/1.0"><forename type="first">P</forename><forename type="middle">E</forename><surname>Engelhardt</surname></persName>
		</author>
		<author>
			<persName xmlns="http://www.tei-c.org/ns/1.0"><forename type="first">K</forename><surname>Baileyand</surname></persName>
		</author>
		<author>
			<persName xmlns="http://www.tei-c.org/ns/1.0"><forename type="first">F</forename><surname>Ferreira</surname></persName>
		</author>
	</analytic>
	<monogr>
		<title level="j">Journal of Memory and Language</title>
		<imprint>
			<biblScope unit="volume">54</biblScope>
			<biblScope unit="issue">4</biblScope>
			<biblScope unit="page" from="554" to="573" />
			<date type="published" when="2006" />
		</imprint>
	</monogr>
</biblStruct>

<biblStruct >
	<analytic>
		<title level="a" type="main">Over-specified referring expressions impair comprehension: An ERP study</title>
		<author>
			<persName xmlns="http://www.tei-c.org/ns/1.0"><forename type="first">P</forename><forename type="middle">E</forename><surname>Engelhardt</surname></persName>
		</author>
		<author>
			<persName xmlns="http://www.tei-c.org/ns/1.0"><forename type="first">S</forename><forename type="middle">B</forename><surname>Demiral</surname></persName>
		</author>
		<author>
			<persName xmlns="http://www.tei-c.org/ns/1.0"><forename type="first">Fernanda</forename><surname>Ferreira</surname></persName>
		</author>
	</analytic>
	<monogr>
		<title level="j">Brain and Cognition</title>
		<imprint>
			<biblScope unit="volume">77</biblScope>
			<biblScope unit="issue">2</biblScope>
			<biblScope unit="page" from="304" to="314" />
			<date type="published" when="2011" />
		</imprint>
	</monogr>
</biblStruct>

<biblStruct >
	<analytic>
		<title level="a" type="main">Referring expression generation: taking speakers&apos; preferences into account</title>
		<author>
			<persName xmlns="http://www.tei-c.org/ns/1.0"><forename type="first">Castro</forename><surname>Thiago</surname></persName>
		</author>
		<author>
			<persName xmlns="http://www.tei-c.org/ns/1.0"><forename type="first">Ivandré</forename><surname>Ferreira</surname></persName>
		</author>
		<author>
			<persName xmlns="http://www.tei-c.org/ns/1.0"><surname>Paraboni</surname></persName>
		</author>
	</analytic>
	<monogr>
		<title level="j">Lecture Notes in Artificial Intelligence</title>
		<imprint>
			<biblScope unit="volume">8655</biblScope>
			<biblScope unit="page" from="539" to="546" />
			<date type="published" when="2014" />
		</imprint>
	</monogr>
</biblStruct>

<biblStruct >
	<analytic>
		<title level="a" type="main">Generating minimal definite descriptions</title>
		<author>
			<persName xmlns="http://www.tei-c.org/ns/1.0"><forename type="first">C</forename><surname>Gardent</surname></persName>
		</author>
	</analytic>
	<monogr>
		<title level="m">Proceedings of the 40th Annual Meeting of the Association for Computational Linguistics</title>
		<meeting>the 40th Annual Meeting of the Association for Computational Linguistics</meeting>
		<imprint>
			<date type="published" when="2002" />
			<biblScope unit="page" from="96" to="103" />
		</imprint>
	</monogr>
</biblStruct>

<biblStruct >
	<analytic>
		<title level="a" type="main">The attribute selection for GRE challenge: Overview and evaluation results</title>
		<author>
			<persName xmlns="http://www.tei-c.org/ns/1.0"><forename type="first">Albert</forename><surname>Gatt</surname></persName>
		</author>
		<author>
			<persName xmlns="http://www.tei-c.org/ns/1.0"><forename type="first">Anja</forename><surname>Belz</surname></persName>
		</author>
	</analytic>
	<monogr>
		<title level="m">UCNLG+MT: Language Generation and Machine Translation</title>
		<imprint>
			<date type="published" when="2007" />
		</imprint>
	</monogr>
</biblStruct>

<biblStruct >
	<analytic>
		<title level="a" type="main">Production of referring expressions: Preference trumps discrimination</title>
		<author>
			<persName xmlns="http://www.tei-c.org/ns/1.0"><forename type="first">Albert</forename><surname>Gatt</surname></persName>
		</author>
		<author>
			<persName xmlns="http://www.tei-c.org/ns/1.0"><forename type="first">,</forename><forename type="middle">E</forename><surname>Krahmer</surname></persName>
		</author>
		<author>
			<persName xmlns="http://www.tei-c.org/ns/1.0"><forename type="first">R</forename><surname>Van Gompel</surname></persName>
		</author>
		<author>
			<persName xmlns="http://www.tei-c.org/ns/1.0"><forename type="first">K</forename><surname>Van Deemter</surname></persName>
		</author>
	</analytic>
	<monogr>
		<title level="m">35th Meeting of the Cognitive Science Society</title>
		<imprint>
			<date type="published" when="2013" />
			<biblScope unit="page" from="483" to="488" />
		</imprint>
	</monogr>
</biblStruct>

<biblStruct >
	<analytic>
		<title level="a" type="main">Logic and conversation</title>
		<author>
			<persName xmlns="http://www.tei-c.org/ns/1.0"><forename type="first">H</forename><forename type="middle">P</forename><surname>Grice</surname></persName>
		</author>
	</analytic>
	<monogr>
		<title level="m">Syntax and semantics</title>
		<editor>Peter Cole and Jerry L. Morgan</editor>
		<meeting><address><addrLine>New York</addrLine></address></meeting>
		<imprint>
			<publisher>Academic Press</publisher>
			<date type="published" when="1975" />
			<biblScope unit="volume">3</biblScope>
		</imprint>
	</monogr>
</biblStruct>

<biblStruct >
	<analytic>
		<title level="a" type="main">Incremental generation of spatial referring expressions in situated dialog</title>
		<author>
			<persName xmlns="http://www.tei-c.org/ns/1.0"><forename type="first">J</forename><forename type="middle">D</forename><surname>Kelleher</surname></persName>
		</author>
		<author>
			<persName xmlns="http://www.tei-c.org/ns/1.0"><forename type="first">G</forename><surname>Kruijff</surname></persName>
		</author>
	</analytic>
	<monogr>
		<title level="m">Proceedings of the 21st International Conference on Computational Linguistics and 44th Annual Meeting of the ACL</title>
		<meeting>the 21st International Conference on Computational Linguistics and 44th Annual Meeting of the ACL</meeting>
		<imprint>
			<date type="published" when="2006" />
			<biblScope unit="page" from="1041" to="1048" />
		</imprint>
	</monogr>
</biblStruct>

<biblStruct >
	<analytic>
		<title level="a" type="main">Factors causing overspecification in definite descriptions</title>
		<author>
			<persName xmlns="http://www.tei-c.org/ns/1.0"><forename type="first">Ruud</forename><surname>Koolen</surname></persName>
		</author>
		<author>
			<persName xmlns="http://www.tei-c.org/ns/1.0"><forename type="first">Albert</forename><surname>Gatt</surname></persName>
		</author>
		<author>
			<persName xmlns="http://www.tei-c.org/ns/1.0"><forename type="first">Martijn</forename><surname>Goudbeek</surname></persName>
		</author>
		<author>
			<persName xmlns="http://www.tei-c.org/ns/1.0"><forename type="first">Emiel</forename><surname>Krahmer</surname></persName>
		</author>
	</analytic>
	<monogr>
		<title level="j">Journal of Pragmatics</title>
		<imprint>
			<biblScope unit="volume">43</biblScope>
			<biblScope unit="issue">13</biblScope>
			<biblScope unit="page" from="3231" to="3250" />
			<date type="published" when="2011" />
		</imprint>
	</monogr>
</biblStruct>

<biblStruct >
	<analytic>
		<title level="a" type="main">Efficient context-sensitive generation of referring expressions</title>
		<author>
			<persName xmlns="http://www.tei-c.org/ns/1.0"><forename type="first">Emiel</forename><surname>Krahmer</surname></persName>
		</author>
		<author>
			<persName xmlns="http://www.tei-c.org/ns/1.0"><forename type="first">Mariet</forename><surname>Theune</surname></persName>
		</author>
	</analytic>
	<monogr>
		<title level="m">Information Sharing: Reference and Presupposition in Language Generation and Interpretation</title>
		<editor>Kees van Deemter and Rodger Kibble</editor>
		<meeting><address><addrLine>Stanford, CA</addrLine></address></meeting>
		<imprint>
			<publisher>CSLI Publications</publisher>
			<date type="published" when="2002" />
			<biblScope unit="page" from="223" to="264" />
		</imprint>
	</monogr>
</biblStruct>

<biblStruct >
	<analytic>
		<title level="a" type="main">Computational generation of referring expressions: A survey</title>
		<author>
			<persName xmlns="http://www.tei-c.org/ns/1.0"><forename type="first">E</forename><surname>Krahmer</surname></persName>
		</author>
		<author>
			<persName xmlns="http://www.tei-c.org/ns/1.0"><forename type="first">Kees</forename><surname>Van Deemter</surname></persName>
		</author>
	</analytic>
	<monogr>
		<title level="j">Computational Linguistics</title>
		<imprint>
			<biblScope unit="volume">38</biblScope>
			<biblScope unit="issue">1</biblScope>
			<biblScope unit="page" from="173" to="218" />
			<date type="published" when="2012" />
		</imprint>
	</monogr>
</biblStruct>

<biblStruct >
	<analytic>
		<title level="a" type="main">Graph-based generation of referring expressions</title>
		<author>
			<persName xmlns="http://www.tei-c.org/ns/1.0"><forename type="first">Emiel</forename><surname>Krahmer</surname></persName>
		</author>
		<author>
			<persName xmlns="http://www.tei-c.org/ns/1.0"><forename type="first">Andre</forename><surname>Sebastiaan Van Erk</surname></persName>
		</author>
		<author>
			<persName xmlns="http://www.tei-c.org/ns/1.0"><surname>Verleg</surname></persName>
		</author>
	</analytic>
	<monogr>
		<title level="j">Computational Linguistics</title>
		<imprint>
			<biblScope unit="volume">29</biblScope>
			<biblScope unit="issue">1</biblScope>
			<biblScope unit="page" from="53" to="72" />
			<date type="published" when="2003" />
		</imprint>
	</monogr>
</biblStruct>

<biblStruct >
	<monogr>
		<title level="m" type="main">Speaking: From intention to articulation</title>
		<author>
			<persName xmlns="http://www.tei-c.org/ns/1.0"><forename type="first">W</forename><surname>Levelt</surname></persName>
		</author>
		<imprint>
			<date type="published" when="1989" />
			<publisher>MIT press</publisher>
			<pubPlace>Cambridge, Ma</pubPlace>
		</imprint>
	</monogr>
</biblStruct>

<biblStruct >
	<analytic>
		<title level="a" type="main">Language and thought: aspects of a cognitive theory of semantics</title>
		<author>
			<persName xmlns="http://www.tei-c.org/ns/1.0"><forename type="first">D</forename><forename type="middle">R</forename><surname>Olson</surname></persName>
		</author>
	</analytic>
	<monogr>
		<title level="j">Psychological Review</title>
		<imprint>
			<biblScope unit="volume">77</biblScope>
			<biblScope unit="issue">4</biblScope>
			<biblScope unit="page" from="257" to="273" />
			<date type="published" when="1970" />
		</imprint>
	</monogr>
</biblStruct>

<biblStruct >
	<analytic>
		<title level="a" type="main">Reference and the facilitation of search in spatial domains. Language</title>
		<author>
			<persName xmlns="http://www.tei-c.org/ns/1.0"><forename type="first">Ivandré</forename><surname>Paraboni</surname></persName>
		</author>
		<author>
			<persName xmlns="http://www.tei-c.org/ns/1.0"><surname>Kees Van Deemter</surname></persName>
		</author>
	</analytic>
	<monogr>
		<title level="j">Cognition and Neuroscience</title>
		<imprint>
			<biblScope unit="volume">29</biblScope>
			<biblScope unit="issue">8</biblScope>
			<biblScope unit="page" from="1002" to="1017" />
			<date type="published" when="2014" />
		</imprint>
	</monogr>
</biblStruct>

<biblStruct >
	<analytic>
		<title level="a" type="main">Overspecified reference in hierarchical domains: measuring the benefits for readers</title>
		<author>
			<persName xmlns="http://www.tei-c.org/ns/1.0"><forename type="first">Ivandré</forename><surname>Paraboni</surname></persName>
		</author>
		<author>
			<persName xmlns="http://www.tei-c.org/ns/1.0"><forename type="first">Judith</forename><surname>Masthoff</surname></persName>
		</author>
		<author>
			<persName xmlns="http://www.tei-c.org/ns/1.0"><forename type="first">Kees</forename><surname>Van Deemter</surname></persName>
		</author>
	</analytic>
	<monogr>
		<title level="m">Proc. of INLG-2006</title>
		<meeting>of INLG-2006<address><addrLine>Sydney</addrLine></address></meeting>
		<imprint>
			<date type="published" when="2006" />
			<biblScope unit="page" from="55" to="62" />
		</imprint>
	</monogr>
</biblStruct>

<biblStruct >
	<analytic>
		<title level="a" type="main">Incremental speech production and referential overspecification</title>
		<author>
			<persName xmlns="http://www.tei-c.org/ns/1.0"><forename type="first">T</forename><surname>Pechmann</surname></persName>
		</author>
	</analytic>
	<monogr>
		<title level="j">Linguistics</title>
		<imprint>
			<biblScope unit="volume">27</biblScope>
			<biblScope unit="issue">1</biblScope>
			<biblScope unit="page" from="98" to="110" />
			<date type="published" when="1989" />
		</imprint>
	</monogr>
</biblStruct>

<biblStruct >
	<analytic>
		<title level="a" type="main">Referential overspecification: Colour is not that special</title>
		<author>
			<persName xmlns="http://www.tei-c.org/ns/1.0"><forename type="first">Sammie</forename><surname>Tarenskeen</surname></persName>
		</author>
		<author>
			<persName xmlns="http://www.tei-c.org/ns/1.0"><forename type="first">Mirjam</forename><surname>Broersma</surname></persName>
		</author>
		<author>
			<persName xmlns="http://www.tei-c.org/ns/1.0"><forename type="first">Bart</forename><surname>Geurts</surname></persName>
		</author>
	</analytic>
	<monogr>
		<title level="j">In RefNet Workshop on Psychological and Computational Models of Reference Comprehension and Production</title>
		<imprint>
			<date type="published" when="2014" />
		</imprint>
	</monogr>
</biblStruct>

<biblStruct >
	<analytic>
		<title level="a" type="main">Generating relational descriptions involving mutual disambiguation</title>
		<author>
			<persName xmlns="http://www.tei-c.org/ns/1.0"><forename type="first">V</forename><forename type="middle">M</forename><surname>Caio</surname></persName>
		</author>
		<author>
			<persName xmlns="http://www.tei-c.org/ns/1.0"><forename type="first">Ivandré</forename><surname>Teixeira</surname></persName>
		</author>
		<author>
			<persName xmlns="http://www.tei-c.org/ns/1.0"><surname>Paraboni</surname></persName>
		</author>
		<author>
			<persName xmlns="http://www.tei-c.org/ns/1.0"><forename type="first">S</forename><forename type="middle">R</forename><surname>Adriano</surname></persName>
		</author>
		<author>
			<persName xmlns="http://www.tei-c.org/ns/1.0"><forename type="first">Alan</forename><forename type="middle">K</forename><surname>Da Silva</surname></persName>
		</author>
		<author>
			<persName xmlns="http://www.tei-c.org/ns/1.0"><surname>Yamasaki</surname></persName>
		</author>
	</analytic>
	<monogr>
		<title level="j">Lecture Notes in Computer Science</title>
		<imprint>
			<biblScope unit="volume">8403</biblScope>
			<biblScope unit="page" from="492" to="502" />
			<date type="published" when="2014" />
		</imprint>
	</monogr>
</biblStruct>

<biblStruct >
	<analytic>
		<title level="a" type="main">PRO: A computational model of referential overspecification</title>
		<author>
			<persName xmlns="http://www.tei-c.org/ns/1.0"><forename type="first">R</forename><surname>Van Gompel</surname></persName>
		</author>
		<author>
			<persName xmlns="http://www.tei-c.org/ns/1.0"><forename type="first">Albert</forename><surname>Gatt</surname></persName>
		</author>
		<author>
			<persName xmlns="http://www.tei-c.org/ns/1.0"><forename type="first">E</forename><surname>Krahmer</surname></persName>
		</author>
		<author>
			<persName xmlns="http://www.tei-c.org/ns/1.0"><forename type="first">K</forename><surname>Van Deemter</surname></persName>
		</author>
	</analytic>
	<monogr>
		<title level="m">Proceedings of AMLAP-2012</title>
		<meeting>AMLAP-2012</meeting>
		<imprint>
			<date type="published" when="2012" />
		</imprint>
	</monogr>
</biblStruct>

<biblStruct >
	<analytic>
		<title level="a" type="main">Testing computational models of reference generation as models of human language production: The case of size contrast</title>
		<author>
			<persName xmlns="http://www.tei-c.org/ns/1.0"><forename type="first">Albert</forename><surname>Roger Van Gompel</surname></persName>
		</author>
		<author>
			<persName xmlns="http://www.tei-c.org/ns/1.0"><forename type="first">Emiel</forename><surname>Gatt</surname></persName>
		</author>
		<author>
			<persName xmlns="http://www.tei-c.org/ns/1.0"><forename type="first">Kees</forename><surname>Krahmer</surname></persName>
		</author>
		<author>
			<persName xmlns="http://www.tei-c.org/ns/1.0"><surname>Van Deemter</surname></persName>
		</author>
	</analytic>
	<monogr>
		<title level="j">In RefNet Workshop on Psychological and Computational Models of Reference Comprehension and Production</title>
		<imprint>
			<date type="published" when="2014" />
		</imprint>
	</monogr>
</biblStruct>

<biblStruct >
	<analytic>
		<title level="a" type="main">GRE3D7: A corpus of distinguishing descriptions for objects in visual scenes</title>
		<author>
			<persName xmlns="http://www.tei-c.org/ns/1.0"><forename type="first">Jette</forename><surname>Viethen</surname></persName>
		</author>
		<author>
			<persName xmlns="http://www.tei-c.org/ns/1.0"><forename type="first">Robert</forename><surname>Dale</surname></persName>
		</author>
	</analytic>
	<monogr>
		<title level="m">Proceedings of UCNLG+Eval-2011</title>
		<meeting>UCNLG+Eval-2011</meeting>
		<imprint>
			<date type="published" when="2011" />
			<biblScope unit="page" from="12" to="22" />
		</imprint>
	</monogr>
</biblStruct>

<biblStruct >
	<analytic>
		<title level="a" type="main">The impact of colour difference and colour codability on reference production</title>
		<author>
			<persName xmlns="http://www.tei-c.org/ns/1.0"><forename type="first">Jette</forename><surname>Viethen</surname></persName>
		</author>
		<author>
			<persName xmlns="http://www.tei-c.org/ns/1.0"><forename type="first">Martijn</forename><surname>Goudbeek</surname></persName>
		</author>
		<author>
			<persName xmlns="http://www.tei-c.org/ns/1.0"><forename type="first">Emiel</forename><surname>Krahmer</surname></persName>
		</author>
	</analytic>
	<monogr>
		<title level="m">Proceedings of CogSci-2012</title>
		<meeting>CogSci-2012</meeting>
		<imprint>
			<date type="published" when="2012" />
			<biblScope unit="page" from="1084" to="1098" />
		</imprint>
	</monogr>
</biblStruct>

<biblStruct >
	<analytic>
		<title level="a" type="main">Graphs and spatial relations in the generation of referring expressions</title>
		<author>
			<persName xmlns="http://www.tei-c.org/ns/1.0"><forename type="first">Jette</forename><surname>Viethen</surname></persName>
		</author>
		<author>
			<persName xmlns="http://www.tei-c.org/ns/1.0"><forename type="first">Margaret</forename><surname>Mitchell</surname></persName>
		</author>
		<author>
			<persName xmlns="http://www.tei-c.org/ns/1.0"><forename type="first">Emiel</forename><surname>Krahmer</surname></persName>
		</author>
	</analytic>
	<monogr>
		<title level="m">Proceedings of the 14th</title>
		<meeting>the 14th</meeting>
		<imprint>
			<date type="published" when="2013" />
		</imprint>
	</monogr>
</biblStruct>

<biblStruct >
	<analytic>
		<title level="a" type="main">Association for Computational Linguistics</title>
	</analytic>
	<monogr>
		<title level="j">European Workshop on Natural Language Generation</title>
		<imprint>
			<biblScope unit="page" from="72" to="81" />
		</imprint>
	</monogr>
</biblStruct>

			</listBibl>
		</back>
	</text>
</TEI>
