<?xml version="1.0" ?>
<TEI xmlns="http://www.tei-c.org/ns/1.0" xmlns:xlink="http://www.w3.org/1999/xlink" 
 xmlns:mml="http://www.w3.org/1998/Math/MathML">
	<teiHeader>
		<fileDesc xml:id="f_1474"/>
	</teiHeader>
	<text>
		<front/>
		<body/>
		<back>
			<listBibl>
<biblStruct >
	<analytic>
		<title level="a" type="main">Irony as relevant inappropriateness</title>
		<author>
			<persName xmlns="http://www.tei-c.org/ns/1.0"><forename type="first">Salvatore</forename><surname>Attardo</surname></persName>
		</author>
	</analytic>
	<monogr>
		<title level="j">Journal of pragmatics</title>
		<imprint>
			<biblScope unit="volume">32</biblScope>
			<biblScope unit="issue">6</biblScope>
			<biblScope unit="page" from="793" to="826" />
			<date type="published" when="2000" />
		</imprint>
	</monogr>
</biblStruct>

<biblStruct >
	<analytic>
		<title level="a" type="main">Modelling Irony in Twitter: Feature Analysis and Evaluation</title>
		<author>
			<persName xmlns="http://www.tei-c.org/ns/1.0"><forename type="first">Francesco</forename><surname>Barbieri</surname></persName>
		</author>
		<author>
			<persName xmlns="http://www.tei-c.org/ns/1.0"><forename type="first">Horacio</forename><surname>Saggion</surname></persName>
		</author>
	</analytic>
	<monogr>
		<title level="m">Proceedings of Language Resources and Evaluation Conference (LREC)</title>
		<meeting>Language Resources and Evaluation Conference (LREC)</meeting>
		<imprint>
			<date type="published" when="2014" />
			<biblScope unit="page" from="4258" to="4264" />
		</imprint>
	</monogr>
</biblStruct>

<biblStruct >
	<monogr>
		<title/>
		<author>
			<persName xmlns="http://www.tei-c.org/ns/1.0"><forename type="first">Farah</forename><surname>Benamara</surname></persName>
		</author>
		<author>
			<persName xmlns="http://www.tei-c.org/ns/1.0"><forename type="first">Véronique</forename><surname>Moriceau</surname></persName>
		</author>
		<imprint/>
	</monogr>
</biblStruct>

<biblStruct >
	<monogr>
		<title level="m" type="main">Fine-grained semantic categorization of opinion expressions for consensus detection (Catégorisation sémantique fine des expressions d&apos;opinion pour la détection de consensus)</title>
		<author>
			<persName xmlns="http://www.tei-c.org/ns/1.0"><forename type="first">Yvette Yannick</forename><surname>Mathieu</surname></persName>
		</author>
		<imprint>
			<date type="published" when="2014" />
		</imprint>
	</monogr>
	<note>in French</note>
</biblStruct>

<biblStruct >
	<monogr>
				<title level="m">Workshop DEFT 2014 : D ´ Efi Fouille de Textes (DEFT 2014 Workshop: Text Mining Challenge)</title>
		<imprint>
			<biblScope unit="page" from="36" to="44" />
		</imprint>
	</monogr>
</biblStruct>

<biblStruct >
	<analytic>
		<title level="a" type="main">Automatic satire detection: Are you having a laugh?</title>
		<author>
			<persName xmlns="http://www.tei-c.org/ns/1.0"><forename type="first">Clint</forename><surname>Burfoot</surname></persName>
		</author>
		<author>
			<persName xmlns="http://www.tei-c.org/ns/1.0"><forename type="first">Clint</forename><surname>Baldwin</surname></persName>
		</author>
	</analytic>
	<monogr>
		<title level="m">Proceedings of the ACL-IJCNLP 2009 conference short papers</title>
		<meeting>the ACL-IJCNLP 2009 conference short papers</meeting>
		<imprint>
			<date type="published" when="2009" />
			<biblScope unit="page" from="161" to="164" />
		</imprint>
	</monogr>
	<note>Association for Computational Linguistics</note>
</biblStruct>

<biblStruct >
	<analytic>
		<title level="a" type="main">An Impact Analysis of Features in a Classification Approach to Irony Detection in Product Reviews</title>
		<author>
			<persName xmlns="http://www.tei-c.org/ns/1.0"><forename type="first">Konstantin</forename><surname>Buschmeier</surname></persName>
		</author>
		<author>
			<persName xmlns="http://www.tei-c.org/ns/1.0"><forename type="first">Philipp</forename><surname>Cimiano</surname></persName>
		</author>
		<author>
			<persName xmlns="http://www.tei-c.org/ns/1.0"><forename type="first">Roman</forename><surname>Klinger</surname></persName>
		</author>
	</analytic>
	<monogr>
		<title level="m">Proceedings of the 5th Workshop on Computational Approaches to Subjectivity, Sentiment and Social Media Analysis</title>
		<meeting>the 5th Workshop on Computational Approaches to Subjectivity, Sentiment and Social Media Analysis</meeting>
		<imprint>
			<date type="published" when="2014" />
			<biblScope unit="page" from="42" to="49" />
		</imprint>
	</monogr>
</biblStruct>

<biblStruct >
	<monogr>
		<title level="m" type="main">Clues for detecting irony in user-generated contents: oh</title>
		<author>
			<persName xmlns="http://www.tei-c.org/ns/1.0"><forename type="first">Paula</forename><surname>Carvalho</surname></persName>
		</author>
		<author>
			<persName xmlns="http://www.tei-c.org/ns/1.0"><forename type="first">Luís</forename><surname>Sarmento</surname></persName>
		</author>
		<author>
			<persName xmlns="http://www.tei-c.org/ns/1.0"><forename type="first">J</forename><surname>Mário</surname></persName>
		</author>
		<author>
			<persName xmlns="http://www.tei-c.org/ns/1.0"><forename type="first">Eugénio De</forename><surname>Silva</surname></persName>
		</author>
		<author>
			<persName xmlns="http://www.tei-c.org/ns/1.0"><surname>Oliveira</surname></persName>
		</author>
		<imprint>
			<date type="published" when="2009" />
		</imprint>
	</monogr>
</biblStruct>

<biblStruct >
	<analytic>
		<title level="a" type="main">s so easy;-)</title>
		<author>
			<persName xmlns="http://www.tei-c.org/ns/1.0"><forename type="first">!!</forename><surname>It</surname></persName>
		</author>
	</analytic>
	<monogr>
		<title level="m">Proceedings of the 1st international CIKM workshop on Topic-sentiment analysis for mass opinion</title>
		<meeting>the 1st international CIKM workshop on Topic-sentiment analysis for mass opinion</meeting>
		<imprint>
			<publisher>ACM</publisher>
			<biblScope unit="page" from="53" to="56" />
		</imprint>
	</monogr>
</biblStruct>

<biblStruct >
	<analytic>
		<title level="a" type="main">On the pretense theory of irony</title>
		<author>
			<persName xmlns="http://www.tei-c.org/ns/1.0"><forename type="first">H</forename><surname>Herbert</surname></persName>
		</author>
		<author>
			<persName xmlns="http://www.tei-c.org/ns/1.0"><forename type="first">Richard J</forename><surname>Clark</surname></persName>
		</author>
		<author>
			<persName xmlns="http://www.tei-c.org/ns/1.0"><surname>Gerrig</surname></persName>
		</author>
	</analytic>
	<monogr>
		<title level="j">Journal of Experimental Psychology: General</title>
		<imprint>
			<biblScope unit="volume">113</biblScope>
			<biblScope unit="issue">1</biblScope>
			<biblScope unit="page" from="121" to="126" />
			<date type="published" when="1984" />
		</imprint>
	</monogr>
</biblStruct>

<biblStruct >
	<analytic>
		<title level="a" type="main">Semi-supervised Recognition of Sarcastic Sentences in Twitter and Amazon</title>
		<author>
			<persName xmlns="http://www.tei-c.org/ns/1.0"><forename type="first">Dmitry</forename><surname>Davidov</surname></persName>
		</author>
		<author>
			<persName xmlns="http://www.tei-c.org/ns/1.0"><forename type="first">Oren</forename><surname>Tsur</surname></persName>
		</author>
		<author>
			<persName xmlns="http://www.tei-c.org/ns/1.0"><forename type="first">Ari</forename><surname>Rappoport</surname></persName>
		</author>
	</analytic>
	<monogr>
		<title level="m">Proceedings of the Fourteenth Conference on Computational Natural Language Learning, CoNLL &apos;10</title>
		<meeting>the Fourteenth Conference on Computational Natural Language Learning, CoNLL &apos;10</meeting>
		<imprint>
			<date type="published" when="2010" />
			<biblScope unit="page" from="107" to="116" />
		</imprint>
	</monogr>
</biblStruct>

<biblStruct >
	<analytic>
		<title level="a" type="main">Semeval-2015 task 11: Sentiment Analysis of Figurative Language in Twitter</title>
		<author>
			<persName xmlns="http://www.tei-c.org/ns/1.0"><forename type="first">Aniruddha</forename><surname>Ghosh</surname></persName>
		</author>
		<author>
			<persName xmlns="http://www.tei-c.org/ns/1.0"><forename type="first">Guofu</forename><surname>Li</surname></persName>
		</author>
		<author>
			<persName xmlns="http://www.tei-c.org/ns/1.0"><forename type="first">Tony</forename><surname>Veale</surname></persName>
		</author>
		<author>
			<persName xmlns="http://www.tei-c.org/ns/1.0"><forename type="first">Paolo</forename><surname>Rosso</surname></persName>
		</author>
		<author>
			<persName xmlns="http://www.tei-c.org/ns/1.0"><forename type="first">Ekaterina</forename><surname>Shutova</surname></persName>
		</author>
		<author>
			<persName xmlns="http://www.tei-c.org/ns/1.0"><forename type="first">John</forename><surname>Barnden</surname></persName>
		</author>
		<author>
			<persName xmlns="http://www.tei-c.org/ns/1.0"><forename type="first">Antonio</forename><surname>Reyes</surname></persName>
		</author>
	</analytic>
	<monogr>
		<title level="m">Co-located with NAACL, page 470478. Association for Computational Linguistics</title>
		<imprint>
			<date type="published" when="2015" />
		</imprint>
	</monogr>
	<note>Proc. 9th Int. Workshop on Semantic Evaluation</note>
</biblStruct>

<biblStruct >
	<monogr>
		<title level="m" type="main">Irony in talk among friends. Metaphor and symbol</title>
		<author>
			<persName xmlns="http://www.tei-c.org/ns/1.0"><surname>Raymond W Gibbs</surname></persName>
		</author>
		<imprint>
			<date type="published" when="2000" />
			<biblScope unit="volume">15</biblScope>
			<biblScope unit="page" from="5" to="27" />
		</imprint>
	</monogr>
</biblStruct>

<biblStruct >
	<analytic>
		<title level="a" type="main">Identifying sarcasm in Twitter: a closer look</title>
		<author>
			<persName xmlns="http://www.tei-c.org/ns/1.0"><forename type="first">Roberto</forename><surname>Gonzalez-Ibanez</surname></persName>
		</author>
		<author>
			<persName xmlns="http://www.tei-c.org/ns/1.0"><forename type="first">Smaranda</forename><surname>Muresan</surname></persName>
		</author>
		<author>
			<persName xmlns="http://www.tei-c.org/ns/1.0"><forename type="first">Nina</forename><surname>Wacholde</surname></persName>
		</author>
	</analytic>
	<monogr>
		<title level="m">Proceedings of the 49th Annual Meeting of the Association for Computational Linguistics: Human Language Technologies: short papers</title>
		<meeting>the 49th Annual Meeting of the Association for Computational Linguistics: Human Language Technologies: short papers</meeting>
		<imprint>
			<publisher>Association for Computational Linguistics</publisher>
			<date type="published" when="2011" />
			<biblScope unit="volume">2</biblScope>
			<biblScope unit="page" from="581" to="586" />
		</imprint>
	</monogr>
</biblStruct>

<biblStruct >
	<analytic>
		<title/>
		<author>
			<persName xmlns="http://www.tei-c.org/ns/1.0"><forename type="first">H</forename><surname>Paul Grice</surname></persName>
		</author>
		<author>
			<persName xmlns="http://www.tei-c.org/ns/1.0"><forename type="first">Peter</forename><surname>Cole</surname></persName>
		</author>
		<author>
			<persName xmlns="http://www.tei-c.org/ns/1.0"><forename type="first">Jerry L</forename><surname>Morgan</surname></persName>
		</author>
	</analytic>
	<monogr>
		<title level="j">Syntax and semantics. Logic and conversation</title>
		<imprint>
			<biblScope unit="volume">3</biblScope>
			<biblScope unit="page" from="41" to="58" />
			<date type="published" when="1975" />
		</imprint>
	</monogr>
</biblStruct>

<biblStruct >
	<analytic>
		<title level="a" type="main">A speech act analysis of irony</title>
		<author>
			<persName xmlns="http://www.tei-c.org/ns/1.0"><forename type="first">Henk</forename><surname>Haverkate</surname></persName>
		</author>
	</analytic>
	<monogr>
		<title level="j">Journal of Pragmatics</title>
		<imprint>
			<biblScope unit="volume">14</biblScope>
			<biblScope unit="issue">1</biblScope>
			<biblScope unit="page" from="77" to="109" />
			<date type="published" when="1990" />
		</imprint>
	</monogr>
</biblStruct>

<biblStruct >
	<analytic>
		<title level="a" type="main">The perfect solution for detecting sarcasm in tweets# not</title>
		<author>
			<persName xmlns="http://www.tei-c.org/ns/1.0"><forename type="first">Christine</forename><surname>Liebrecht</surname></persName>
		</author>
		<author>
			<persName xmlns="http://www.tei-c.org/ns/1.0"><forename type="first">Florian</forename><surname>Kunneman</surname></persName>
		</author>
		<author>
			<persName xmlns="http://www.tei-c.org/ns/1.0"><forename type="first">Bosch</forename></persName>
		</author>
	</analytic>
	<monogr>
		<title level="m">Proceedings of the 4th Workshop on Computational Approaches to Subjectivity, Sentiment and Social Media Analysis</title>
		<meeting>the 4th Workshop on Computational Approaches to Subjectivity, Sentiment and Social Media Analysis<address><addrLine>New Brunswick, NJ</addrLine></address></meeting>
		<imprint>
			<publisher>ACL</publisher>
			<date type="published" when="2013" />
			<biblScope unit="page" from="29" to="37" />
		</imprint>
	</monogr>
	<note>Antal van den</note>
</biblStruct>

<biblStruct >
	<analytic>
		<title level="a" type="main">LCC Tools for Question Answering</title>
		<author>
			<persName xmlns="http://www.tei-c.org/ns/1.0"><forename type="first">Sanda</forename><forename type="middle">M</forename><surname>Dan I Moldovan</surname></persName>
		</author>
		<author>
			<persName xmlns="http://www.tei-c.org/ns/1.0"><forename type="first">Roxana</forename><surname>Harabagiu</surname></persName>
		</author>
		<author>
			<persName xmlns="http://www.tei-c.org/ns/1.0"><forename type="first">Paul</forename><surname>Girju</surname></persName>
		</author>
		<author>
			<persName xmlns="http://www.tei-c.org/ns/1.0"><forename type="first">Finley</forename><surname>Morarescu</surname></persName>
		</author>
		<author>
			<persName xmlns="http://www.tei-c.org/ns/1.0"><forename type="first">Adrian</forename><surname>Lacatusu</surname></persName>
		</author>
		<author>
			<persName xmlns="http://www.tei-c.org/ns/1.0"><forename type="first">Adriana</forename><surname>Novischi</surname></persName>
		</author>
		<author>
			<persName xmlns="http://www.tei-c.org/ns/1.0"><forename type="first">Orest</forename><surname>Badulescu</surname></persName>
		</author>
		<author>
			<persName xmlns="http://www.tei-c.org/ns/1.0"><surname>Bolohan</surname></persName>
		</author>
	</analytic>
	<monogr>
		<title level="m">TREC</title>
		<imprint>
			<date type="published" when="2002" />
		</imprint>
	</monogr>
</biblStruct>

<biblStruct >
	<analytic>
		<title level="a" type="main">Making objective decisions from subjective data: Detecting irony in customer reviews</title>
		<author>
			<persName xmlns="http://www.tei-c.org/ns/1.0"><forename type="first">Antonio</forename><surname>Reyes</surname></persName>
		</author>
		<author>
			<persName xmlns="http://www.tei-c.org/ns/1.0"><forename type="first">Paolo</forename><surname>Rosso</surname></persName>
		</author>
	</analytic>
	<monogr>
		<title level="j">Decision Support Systems</title>
		<imprint>
			<biblScope unit="volume">53</biblScope>
			<biblScope unit="issue">4</biblScope>
			<biblScope unit="page" from="754" to="760" />
			<date type="published" when="2012" />
		</imprint>
	</monogr>
</biblStruct>

<biblStruct >
	<monogr>
		<title level="m" type="main">A multidimensional approach for detecting irony in twitter. Language resources and evaluation</title>
		<author>
			<persName xmlns="http://www.tei-c.org/ns/1.0"><forename type="first">Antonio</forename><surname>Reyes</surname></persName>
		</author>
		<author>
			<persName xmlns="http://www.tei-c.org/ns/1.0"><forename type="first">Paolo</forename><surname>Rosso</surname></persName>
		</author>
		<author>
			<persName xmlns="http://www.tei-c.org/ns/1.0"><forename type="first">Tony</forename><surname>Veale</surname></persName>
		</author>
		<imprint>
			<date type="published" when="2013" />
			<biblScope unit="volume">47</biblScope>
			<biblScope unit="page" from="239" to="268" />
		</imprint>
	</monogr>
</biblStruct>

<biblStruct >
	<analytic>
		<title level="a" type="main">Sarcasm as Contrast between a Positive Sentiment and Negative Situation</title>
		<author>
			<persName xmlns="http://www.tei-c.org/ns/1.0"><forename type="first">Ellen</forename><surname>Riloff</surname></persName>
		</author>
		<author>
			<persName xmlns="http://www.tei-c.org/ns/1.0"><forename type="first">Ashequl</forename><surname>Qadir</surname></persName>
		</author>
		<author>
			<persName xmlns="http://www.tei-c.org/ns/1.0"><forename type="first">Prafulla</forename><surname>Surve</surname></persName>
		</author>
		<author>
			<persName xmlns="http://www.tei-c.org/ns/1.0"><forename type="first">Lalindra De</forename><surname>Silva</surname></persName>
		</author>
		<author>
			<persName xmlns="http://www.tei-c.org/ns/1.0"><forename type="first">Nathan</forename><surname>Gilbert</surname></persName>
		</author>
		<author>
			<persName xmlns="http://www.tei-c.org/ns/1.0"><forename type="first">Ruihong</forename><surname>Huang</surname></persName>
		</author>
	</analytic>
	<monogr>
		<title level="m">EMNLP</title>
		<imprint>
			<date type="published" when="2013" />
			<biblScope unit="page" from="704" to="714" />
		</imprint>
	</monogr>
</biblStruct>

<biblStruct >
	<monogr>
		<title level="m" type="main">Lexconn: A French lexicon of discourse connectives. Discours, Multidisciplinary Perspectives on Signalling Text Organisation</title>
		<author>
			<persName xmlns="http://www.tei-c.org/ns/1.0"><forename type="first">Charlotte</forename><surname>Roze</surname></persName>
		</author>
		<author>
			<persName xmlns="http://www.tei-c.org/ns/1.0"><forename type="first">Laurence</forename><surname>Danlos</surname></persName>
		</author>
		<author>
			<persName xmlns="http://www.tei-c.org/ns/1.0"><forename type="first">Philippe</forename><surname>Muller</surname></persName>
		</author>
		<imprint>
			<date type="published" when="2012" />
			<biblScope unit="volume">10</biblScope>
		</imprint>
	</monogr>
	<note>on line</note>
</biblStruct>

<biblStruct >
	<monogr>
		<title level="m" type="main">Expression and meaning: Studies in the theory of speech acts</title>
		<author>
			<persName xmlns="http://www.tei-c.org/ns/1.0"><forename type="first">J</forename><surname>Searle</surname></persName>
		</author>
		<imprint>
			<date type="published" when="1979" />
		</imprint>
		<respStmt>
			<orgName>Cambridge University</orgName>
		</respStmt>
	</monogr>
</biblStruct>

<biblStruct >
	<analytic>
		<title level="a" type="main">The bicoherence theory of situational irony</title>
		<author>
			<persName xmlns="http://www.tei-c.org/ns/1.0"><forename type="first">Cameron</forename><surname>Shelley</surname></persName>
		</author>
	</analytic>
	<monogr>
		<title level="j">Cognitive Science</title>
		<imprint>
			<biblScope unit="volume">25</biblScope>
			<biblScope unit="issue">5</biblScope>
			<biblScope unit="page" from="775" to="818" />
			<date type="published" when="2001" />
		</imprint>
	</monogr>
</biblStruct>

<biblStruct >
	<monogr>
		<title level="m" type="main">Irony and the use-mention distinction</title>
		<author>
			<persName xmlns="http://www.tei-c.org/ns/1.0"><forename type="first">Dan</forename><surname>Sperber</surname></persName>
		</author>
		<author>
			<persName xmlns="http://www.tei-c.org/ns/1.0"><forename type="first">Deirdre</forename><surname>Wilson</surname></persName>
		</author>
		<imprint>
			<date type="published" when="1981" />
			<biblScope unit="volume">49</biblScope>
			<biblScope unit="page" from="295" to="318" />
		</imprint>
	</monogr>
	<note>Radical pragmatics</note>
</biblStruct>

<biblStruct >
	<analytic>
		<title level="a" type="main">ICWSM-A Great Catchy Name: Semi-Supervised Recognition of Sarcastic Sentences in Online Product Reviews</title>
		<author>
			<persName xmlns="http://www.tei-c.org/ns/1.0"><forename type="first">Oren</forename><surname>Tsur</surname></persName>
		</author>
		<author>
			<persName xmlns="http://www.tei-c.org/ns/1.0"><forename type="first">Dmitry</forename><surname>Davidov</surname></persName>
		</author>
		<author>
			<persName xmlns="http://www.tei-c.org/ns/1.0"><forename type="first">Ari</forename><surname>Rappoport</surname></persName>
		</author>
	</analytic>
	<monogr>
		<title level="m">ICWSM</title>
		<imprint>
			<date type="published" when="2010" />
		</imprint>
	</monogr>
</biblStruct>

<biblStruct >
	<analytic>
		<title level="a" type="main">A unified theory of irony and its computational formalization</title>
		<author>
			<persName xmlns="http://www.tei-c.org/ns/1.0"><forename type="first">Akira</forename><surname>Utsumi</surname></persName>
		</author>
	</analytic>
	<monogr>
		<title level="m">Proceedings of the 16th conference on Computational linguistics</title>
		<meeting>the 16th conference on Computational linguistics</meeting>
		<imprint>
			<date type="published" when="1996" />
			<biblScope unit="volume">2</biblScope>
			<biblScope unit="page" from="962" to="967" />
		</imprint>
	</monogr>
	<note>Association for Computational Linguistics</note>
</biblStruct>

<biblStruct >
	<analytic>
		<title level="a" type="main">Stylistic and contextual effects in irony processing</title>
		<author>
			<persName xmlns="http://www.tei-c.org/ns/1.0"><forename type="first">Akira</forename><surname>Utsumi</surname></persName>
		</author>
	</analytic>
	<monogr>
		<title level="m">Proceedings of the 26th Annual Meeting of the Cognitive Science Society</title>
		<meeting>the 26th Annual Meeting of the Cognitive Science Society</meeting>
		<imprint>
			<date type="published" when="2004" />
			<biblScope unit="page" from="1369" to="1374" />
		</imprint>
	</monogr>
</biblStruct>

<biblStruct >
	<monogr>
		<title level="m" type="main">#Irony or #Sarcasm-A Quantitative and Qualitative Study Based on Twitter</title>
		<author>
			<persName xmlns="http://www.tei-c.org/ns/1.0"><forename type="first">Po-Ya Angela</forename><surname>Wang</surname></persName>
		</author>
		<imprint>
			<date type="published" when="2013" />
		</imprint>
	</monogr>
</biblStruct>

<biblStruct >
	<analytic>
		<title level="a" type="main">A Survey on the Role of Negation in Sentiment Analysis</title>
		<author>
			<persName xmlns="http://www.tei-c.org/ns/1.0"><forename type="first">Michael</forename><surname>Wiegand</surname></persName>
		</author>
		<author>
			<persName xmlns="http://www.tei-c.org/ns/1.0"><forename type="first">Alexandra</forename><surname>Balahur</surname></persName>
		</author>
		<author>
			<persName xmlns="http://www.tei-c.org/ns/1.0"><forename type="first">Benjamin</forename><surname>Roth</surname></persName>
		</author>
		<author>
			<persName xmlns="http://www.tei-c.org/ns/1.0"><forename type="first">Dietrich</forename><surname>Klakow</surname></persName>
		</author>
		<author>
			<persName xmlns="http://www.tei-c.org/ns/1.0"><forename type="first">Andrés</forename><surname>Montoyo</surname></persName>
		</author>
	</analytic>
	<monogr>
		<title level="m">Proceedings of the Workshop on Negation and Speculation in Natural Language Processing</title>
		<meeting>the Workshop on Negation and Speculation in Natural Language Processing</meeting>
		<imprint>
			<publisher>Association for Computational Linguistics</publisher>
			<date type="published" when="2010" />
			<biblScope unit="page" from="60" to="68" />
		</imprint>
	</monogr>
</biblStruct>

			</listBibl>
		</back>
	</text>
</TEI>
