<?xml version="1.0" ?>
<TEI xmlns="http://www.tei-c.org/ns/1.0" xmlns:xlink="http://www.w3.org/1999/xlink" 
 xmlns:mml="http://www.w3.org/1998/Math/MathML">
	<teiHeader>
		<fileDesc xml:id="f_1813"/>
	</teiHeader>
	<text>
		<front/>
		<body/>
		<back>
			<listBibl>
<biblStruct >
	<analytic>
		<title level="a" type="main">Freebase: A Collaboratively Created Graph Database for Structuring Human Knowledge</title>
		<author>
			<persName xmlns="http://www.tei-c.org/ns/1.0"><forename type="first">Kurt</forename><surname>Bollacker</surname></persName>
		</author>
		<author>
			<persName xmlns="http://www.tei-c.org/ns/1.0"><forename type="first">Colin</forename><surname>Evans</surname></persName>
		</author>
		<author>
			<persName xmlns="http://www.tei-c.org/ns/1.0"><forename type="first">Praveen</forename><surname>Paritosh</surname></persName>
		</author>
		<author>
			<persName xmlns="http://www.tei-c.org/ns/1.0"><forename type="first">Tim</forename><surname>Sturge</surname></persName>
		</author>
		<author>
			<persName xmlns="http://www.tei-c.org/ns/1.0"><forename type="first">Jamie</forename><surname>Taylor</surname></persName>
		</author>
	</analytic>
	<monogr>
		<title level="m">Proc. of SIGMOD</title>
		<meeting>of SIGMOD</meeting>
		<imprint>
			<date type="published" when="2008" />
			<biblScope unit="page" from="1247" to="1250" />
		</imprint>
	</monogr>
</biblStruct>

<biblStruct >
	<analytic>
		<title level="a" type="main">The Automatic Content Extraction (ACE) Program-Tasks, Data, and Evaluation</title>
		<author>
			<persName xmlns="http://www.tei-c.org/ns/1.0"><forename type="first">Alexis</forename><surname>George R Doddington</surname></persName>
		</author>
		<author>
			<persName xmlns="http://www.tei-c.org/ns/1.0"><surname>Mitchell</surname></persName>
		</author>
		<author>
			<persName xmlns="http://www.tei-c.org/ns/1.0"><forename type="first">A</forename><surname>Mark</surname></persName>
		</author>
		<author>
			<persName xmlns="http://www.tei-c.org/ns/1.0"><surname>Przybocki</surname></persName>
		</author>
		<author>
			<persName xmlns="http://www.tei-c.org/ns/1.0"><forename type="first">Stephanie</forename><surname>Lance A Ramshaw</surname></persName>
		</author>
		<author>
			<persName xmlns="http://www.tei-c.org/ns/1.0"><forename type="first">Ralph M</forename><surname>Strassel</surname></persName>
		</author>
		<author>
			<persName xmlns="http://www.tei-c.org/ns/1.0"><surname>Weischedel</surname></persName>
		</author>
	</analytic>
	<monogr>
		<title level="m">Proc. of LREC</title>
		<meeting>of LREC</meeting>
		<imprint>
			<date type="published" when="2004" />
		</imprint>
	</monogr>
</biblStruct>

<biblStruct >
	<monogr>
		<title level="m" type="main">Information Extraction: Capabilities and Challenges</title>
		<author>
			<persName xmlns="http://www.tei-c.org/ns/1.0"><forename type="first">Ralph</forename><surname>Grishman</surname></persName>
		</author>
		<imprint>
			<date type="published" when="2012" />
		</imprint>
		<respStmt>
			<orgName>NYU Dept. CS</orgName>
		</respStmt>
	</monogr>
<note type="report_type">Technical report</note>
</biblStruct>

<biblStruct >
	<analytic>
		<title level="a" type="main">Large-Scale Learning of RelationExtraction Rules with Distant Supervision from the Web</title>
		<author>
			<persName xmlns="http://www.tei-c.org/ns/1.0"><forename type="first">Sebastian</forename><surname>Krause</surname></persName>
		</author>
		<author>
			<persName xmlns="http://www.tei-c.org/ns/1.0"><forename type="first">Hong</forename><surname>Li</surname></persName>
		</author>
		<author>
			<persName xmlns="http://www.tei-c.org/ns/1.0"><forename type="first">Hans</forename><surname>Uszkoreit</surname></persName>
		</author>
		<author>
			<persName xmlns="http://www.tei-c.org/ns/1.0"><forename type="first">Feiyu</forename><surname>Xu</surname></persName>
		</author>
	</analytic>
	<monogr>
		<title level="m">Proc. of ISWC</title>
		<meeting>of ISWC</meeting>
		<imprint>
			<date type="published" when="2012" />
			<biblScope unit="page" from="263" to="278" />
		</imprint>
	</monogr>
</biblStruct>

<biblStruct >
	<analytic>
		<title level="a" type="main">Distant Supervision for Relation Extraction Without Labeled Data</title>
		<author>
			<persName xmlns="http://www.tei-c.org/ns/1.0"><forename type="first">Mike</forename><surname>Mintz</surname></persName>
		</author>
		<author>
			<persName xmlns="http://www.tei-c.org/ns/1.0"><forename type="first">Steven</forename><surname>Bills</surname></persName>
		</author>
	</analytic>
	<monogr>
		<title level="m">Proc. of ACLIJCNLP</title>
		<meeting>of ACLIJCNLP</meeting>
		<imprint>
			<date type="published" when="2009" />
			<biblScope unit="page" from="1003" to="1011" />
		</imprint>
	</monogr>
	<note>Rion Snow, and Dan Jurafsky</note>
</biblStruct>

<biblStruct >
	<analytic>
		<title level="a" type="main">Semantic Rule Filtering for Web-Scale Relation Extraction</title>
		<author>
			<persName xmlns="http://www.tei-c.org/ns/1.0"><forename type="first">Andrea</forename><surname>Moro</surname></persName>
		</author>
		<author>
			<persName xmlns="http://www.tei-c.org/ns/1.0"><forename type="first">Hong</forename><surname>Li</surname></persName>
		</author>
		<author>
			<persName xmlns="http://www.tei-c.org/ns/1.0"><forename type="first">Sebastian</forename><surname>Krause</surname></persName>
		</author>
		<author>
			<persName xmlns="http://www.tei-c.org/ns/1.0"><forename type="first">Feiyu</forename><surname>Xu</surname></persName>
		</author>
		<author>
			<persName xmlns="http://www.tei-c.org/ns/1.0"><forename type="first">Roberto</forename><surname>Navigli</surname></persName>
		</author>
		<author>
			<persName xmlns="http://www.tei-c.org/ns/1.0"><forename type="first">Hans</forename><surname>Uszkoreit</surname></persName>
		</author>
	</analytic>
	<monogr>
		<title level="m">Proc. of ISWC</title>
		<meeting>of ISWC</meeting>
		<imprint>
			<date type="published" when="2013" />
			<biblScope unit="page" from="347" to="362" />
		</imprint>
	</monogr>
</biblStruct>

<biblStruct >
	<analytic>
		<title level="a" type="main">Modeling Missing Data in Distant Supervision for Information Extraction</title>
		<author>
			<persName xmlns="http://www.tei-c.org/ns/1.0"><forename type="first">Alan</forename><surname>Ritter</surname></persName>
		</author>
		<author>
			<persName xmlns="http://www.tei-c.org/ns/1.0"><forename type="first">Luke</forename><surname>Zettlemoyer</surname></persName>
		</author>
		<author>
			<persName xmlns="http://www.tei-c.org/ns/1.0"><forename type="first">Mausam</forename></persName>
		</author>
		<author>
			<persName xmlns="http://www.tei-c.org/ns/1.0"><forename type="first">Oren</forename><surname>Etzioni</surname></persName>
		</author>
	</analytic>
	<monogr>
		<title level="j">TACL</title>
		<imprint>
			<biblScope unit="volume">1</biblScope>
			<biblScope unit="page" from="367" to="378" />
			<date type="published" when="2013" />
		</imprint>
	</monogr>
</biblStruct>

<biblStruct >
	<analytic>
		<title level="a" type="main">A semantic approach to IE pattern induction</title>
		<author>
			<persName xmlns="http://www.tei-c.org/ns/1.0"><forename type="first">Mark</forename><surname>Stevenson</surname></persName>
		</author>
		<author>
			<persName xmlns="http://www.tei-c.org/ns/1.0"><forename type="first">Mark</forename><surname>Greenwood</surname></persName>
		</author>
	</analytic>
	<monogr>
		<title level="m">Proc. of ACL</title>
		<meeting>of ACL</meeting>
		<imprint>
			<date type="published" when="2005" />
			<biblScope unit="page" from="379" to="386" />
		</imprint>
	</monogr>
</biblStruct>

<biblStruct >
	<analytic>
		<title level="a" type="main">Multi-instance Multi-label Learning for Relation Extraction</title>
		<author>
			<persName xmlns="http://www.tei-c.org/ns/1.0"><forename type="first">Mihai</forename><surname>Surdeanu</surname></persName>
		</author>
		<author>
			<persName xmlns="http://www.tei-c.org/ns/1.0"><forename type="first">Julie</forename><surname>Tibshirani</surname></persName>
		</author>
		<author>
			<persName xmlns="http://www.tei-c.org/ns/1.0"><forename type="first">Ramesh</forename><surname>Nallapati</surname></persName>
		</author>
		<author>
			<persName xmlns="http://www.tei-c.org/ns/1.0"><forename type="first">Christopher</forename><forename type="middle">D</forename><surname>Manning</surname></persName>
		</author>
	</analytic>
	<monogr>
		<title level="m">Proc. of EMNLP</title>
		<meeting>of EMNLP</meeting>
		<imprint>
			<date type="published" when="2012" />
			<biblScope unit="page" from="455" to="465" />
		</imprint>
	</monogr>
</biblStruct>

<biblStruct >
	<analytic>
		<title level="a" type="main">From Strings to Things-Sar-Graphs: A New Type of Resource for Connecting Knowledge and Language</title>
		<author>
			<persName xmlns="http://www.tei-c.org/ns/1.0"><forename type="first">Hans</forename><surname>Uszkoreit</surname></persName>
		</author>
		<author>
			<persName xmlns="http://www.tei-c.org/ns/1.0"><forename type="first">Feiyu</forename><surname>Xu</surname></persName>
		</author>
	</analytic>
	<monogr>
		<title level="m">Proc. of WS on NLP and DBpedia</title>
		<meeting>of WS on NLP and DBpedia</meeting>
		<imprint>
			<date type="published" when="2013" />
		</imprint>
	</monogr>
</biblStruct>

<biblStruct >
	<analytic>
		<title level="a" type="main">A Seed-driven Bottom-up Machine Learning Framework for Extracting Relations of Various Complexity</title>
		<author>
			<persName xmlns="http://www.tei-c.org/ns/1.0"><forename type="first">Feiyu</forename><surname>Xu</surname></persName>
		</author>
		<author>
			<persName xmlns="http://www.tei-c.org/ns/1.0"><forename type="first">Hans</forename><surname>Uszkoreit</surname></persName>
		</author>
		<author>
			<persName xmlns="http://www.tei-c.org/ns/1.0"><forename type="first">Hong</forename><surname>Li</surname></persName>
		</author>
	</analytic>
	<monogr>
		<title level="m">Proc. of ACL</title>
		<meeting>of ACL</meeting>
		<imprint>
			<date type="published" when="2007" />
			<biblScope unit="page" from="584" to="591" />
		</imprint>
	</monogr>
</biblStruct>

			</listBibl>
		</back>
	</text>
</TEI>
