<?xml version="1.0" ?>
<TEI xmlns="http://www.tei-c.org/ns/1.0" xmlns:xlink="http://www.w3.org/1999/xlink" 
 xmlns:mml="http://www.w3.org/1998/Math/MathML">
	<teiHeader>
		<fileDesc xml:id="f_1153"/>
	</teiHeader>
	<text>
		<front/>
		<body/>
		<back>
			<listBibl>
<biblStruct >
	<monogr>
		<title level="m" type="main">Linguistic Theories of Humor</title>
		<author>
			<persName xmlns="http://www.tei-c.org/ns/1.0"><forename type="first">Salvatore</forename><surname>Attardo</surname></persName>
		</author>
		<imprint>
			<date type="published" when="1994" />
			<publisher>Mouton de Gruyter</publisher>
		</imprint>
	</monogr>
</biblStruct>

<biblStruct >
	<analytic>
		<title level="a" type="main">An enhanced Lesk word sense disam727 biguation algorithm through a distributional semantic model</title>
		<author>
			<persName xmlns="http://www.tei-c.org/ns/1.0"><forename type="first">Pierpaolo</forename><surname>Basile</surname></persName>
		</author>
		<author>
			<persName xmlns="http://www.tei-c.org/ns/1.0"><forename type="first">Annalina</forename><surname>Caputo</surname></persName>
		</author>
		<author>
			<persName xmlns="http://www.tei-c.org/ns/1.0"><forename type="first">Giovanni</forename><surname>Semeraro</surname></persName>
		</author>
	</analytic>
	<monogr>
		<title level="m">Proceedings of the 25th International Conference on Computational Linguistics (COLING 2014)</title>
		<meeting>the 25th International Conference on Computational Linguistics (COLING 2014)</meeting>
		<imprint>
			<date type="published" when="2014" />
			<biblScope unit="page" from="1591" to="1600" />
		</imprint>
	</monogr>
</biblStruct>

<biblStruct >
	<analytic>
		<title level="a" type="main">Why clowns taste funny: The relationship between humor and semantic ambiguity</title>
		<author>
			<persName xmlns="http://www.tei-c.org/ns/1.0"><forename type="first">Tristan</forename><forename type="middle">A</forename><surname>Bekinschtein</surname></persName>
		</author>
		<author>
			<persName xmlns="http://www.tei-c.org/ns/1.0"><forename type="first">Matthew</forename><forename type="middle">H</forename><surname>Davis</surname></persName>
		</author>
		<author>
			<persName xmlns="http://www.tei-c.org/ns/1.0"><forename type="first">Jennifer</forename><forename type="middle">M</forename><surname>Rodd</surname></persName>
		</author>
		<author>
			<persName xmlns="http://www.tei-c.org/ns/1.0"><forename type="first">Adrian</forename><forename type="middle">M</forename><surname>Owen</surname></persName>
		</author>
	</analytic>
	<monogr>
		<title level="j">The Journal of Neuroscience</title>
		<imprint>
			<biblScope unit="volume">31</biblScope>
			<biblScope unit="issue">26</biblScope>
			<biblScope unit="page" from="9665" to="9671" />
			<date type="published" when="2011-06" />
		</imprint>
	</monogr>
</biblStruct>

<biblStruct >
	<analytic>
		<title level="a" type="main">Wordplay in church marquees</title>
		<author>
			<persName xmlns="http://www.tei-c.org/ns/1.0"><forename type="first">Nancy</forename><forename type="middle">D</forename><surname>Bell</surname></persName>
		</author>
		<author>
			<persName xmlns="http://www.tei-c.org/ns/1.0"><forename type="first">Scott</forename><surname>Crossley</surname></persName>
		</author>
		<author>
			<persName xmlns="http://www.tei-c.org/ns/1.0"><forename type="first">Christian</forename><forename type="middle">F</forename><surname>Hempelmann</surname></persName>
		</author>
	</analytic>
	<monogr>
		<title level="j">Humor: International Journal of Humor Research</title>
		<imprint>
			<biblScope unit="volume">24</biblScope>
			<biblScope unit="issue">2</biblScope>
			<biblScope unit="page" from="187" to="202" />
			<date type="published" when="2011-04" />
		</imprint>
	</monogr>
</biblStruct>

<biblStruct >
	<analytic>
		<title level="a" type="main">Lexical and syntactic ambiguity as a source of humor: The case of newspaper headlines</title>
		<author>
			<persName xmlns="http://www.tei-c.org/ns/1.0"><forename type="first">Chiara</forename><surname>Bucaria</surname></persName>
		</author>
	</analytic>
	<monogr>
		<title level="j">Humor: International Journal of Humor Research</title>
		<imprint>
			<biblScope unit="volume">17</biblScope>
			<biblScope unit="issue">3</biblScope>
			<biblScope unit="page" from="279" to="309" />
			<date type="published" when="2004" />
		</imprint>
	</monogr>
</biblStruct>

<biblStruct >
	<analytic>
		<title level="a" type="main">Reducing lexical semantic complexity with systematic polysemous classes and underspecification</title>
		<author>
			<persName xmlns="http://www.tei-c.org/ns/1.0"><forename type="first">Paul</forename><surname>Buitelaar</surname></persName>
		</author>
	</analytic>
	<monogr>
		<title level="m">Proceedings of the 2000 NAACLANLP Workshop on Syntactic and Semantic Complexity in Natural Language Processing Systems</title>
		<meeting>the 2000 NAACLANLP Workshop on Syntactic and Semantic Complexity in Natural Language Processing Systems</meeting>
		<imprint>
			<date type="published" when="2000" />
			<biblScope unit="volume">1</biblScope>
			<biblScope unit="page" from="14" to="19" />
		</imprint>
	</monogr>
</biblStruct>

<biblStruct >
	<monogr>
		<title level="m" type="main">On Puns: The Foundation of Letters</title>
		<editor>Jonathan D. Culler</editor>
		<imprint>
			<date type="published" when="1988" />
			<pubPlace>Basil Blackwell, Oxford</pubPlace>
		</imprint>
	</monogr>
</biblStruct>

<biblStruct >
	<monogr>
		<title level="m" type="main">Traductio: Essays on Punning and Translation</title>
		<editor>Dirk Delabastita</editor>
		<imprint>
			<date type="published" when="1997" />
			<pubPlace>St. Jerome, Manchester</pubPlace>
		</imprint>
	</monogr>
</biblStruct>

<biblStruct >
	<monogr>
		<title level="m" type="main">WordNet: An Electronic Lexical Database</title>
		<editor>Christiane Fellbaum</editor>
		<imprint>
			<date type="published" when="1998" />
			<publisher>MIT Press</publisher>
			<pubPlace>Cambridge, MA</pubPlace>
		</imprint>
	</monogr>
</biblStruct>

<biblStruct >
	<analytic>
		<title level="a" type="main">Estimating upper and lower bounds on the performance of word-sense disambiguation programs</title>
		<author>
			<persName xmlns="http://www.tei-c.org/ns/1.0"><forename type="first">William</forename><surname>Gale</surname></persName>
		</author>
		<author>
			<persName xmlns="http://www.tei-c.org/ns/1.0"><forename type="first">Kenneth</forename><forename type="middle">Ward</forename><surname>Church</surname></persName>
		</author>
		<author>
			<persName xmlns="http://www.tei-c.org/ns/1.0"><forename type="first">David</forename><surname>Yarowsky</surname></persName>
		</author>
	</analytic>
	<monogr>
		<title level="m">Proceedings of the 30th Annual Meeting of the Association of Computational Linguistics (ACL 1992)</title>
		<meeting>the 30th Annual Meeting of the Association of Computational Linguistics (ACL 1992)</meeting>
		<imprint>
			<date type="published" when="1992" />
			<biblScope unit="page" from="249" to="256" />
		</imprint>
	</monogr>
</biblStruct>

<biblStruct >
	<monogr>
				<author>
			<persName xmlns="http://www.tei-c.org/ns/1.0"><forename type="first">Christian</forename><forename type="middle">F</forename><surname>Hempelmann</surname></persName>
		</author>
		<title level="m">Paronomasic Puns: Target Recoverability Towards Automatic Generation</title>
		<imprint>
			<date type="published" when="2003" />
		</imprint>
		<respStmt>
			<orgName>Purdue University</orgName>
		</respStmt>
	</monogr>
<note type="report_type">Ph.D. thesis</note>
</biblStruct>

<biblStruct >
	<analytic>
		<title level="a" type="main">Automatically extracting word relationships as templates for pun generation</title>
		<author>
			<persName xmlns="http://www.tei-c.org/ns/1.0"><forename type="first">Anthony</forename><surname>Bryan</surname></persName>
		</author>
		<author>
			<persName xmlns="http://www.tei-c.org/ns/1.0"><forename type="first">Ethel</forename><surname>Hong</surname></persName>
		</author>
		<author>
			<persName xmlns="http://www.tei-c.org/ns/1.0"><surname>Ong</surname></persName>
		</author>
	</analytic>
	<monogr>
		<title level="m">Proceedings of the 1st Workshop on Computational Approaches to Linguistic Creativity (CALC 2009)</title>
		<meeting>the 1st Workshop on Computational Approaches to Linguistic Creativity (CALC 2009)</meeting>
		<imprint>
			<date type="published" when="2009-06" />
			<biblScope unit="page" from="24" to="31" />
		</imprint>
	</monogr>
</biblStruct>

<biblStruct >
	<analytic>
		<title level="a" type="main">SemEval2013 Task 13: Word sense induction for graded and non-graded senses</title>
		<author>
			<persName xmlns="http://www.tei-c.org/ns/1.0"><forename type="first">David</forename><surname>Jurgens</surname></persName>
		</author>
		<author>
			<persName xmlns="http://www.tei-c.org/ns/1.0"><forename type="first">Ioannis</forename><surname>Klapaftis</surname></persName>
		</author>
	</analytic>
	<monogr>
		<title level="m">Proceedings of the 7th International Workshop on Semantic Evaluation</title>
		<meeting>the 7th International Workshop on Semantic Evaluation</meeting>
		<imprint>
			<date type="published" when="2013-06" />
			<biblScope unit="page" from="290" to="299" />
		</imprint>
	</monogr>
</biblStruct>

<biblStruct >
	<analytic>
		<title level="a" type="main">An analysis of ambiguity in word sense annotations</title>
		<author>
			<persName xmlns="http://www.tei-c.org/ns/1.0"><forename type="first">David</forename><surname>Jurgens</surname></persName>
		</author>
	</analytic>
	<monogr>
		<title level="m">Proceedings of the 9th International Conference on Language Resources and Evaluation (LREC 2014)</title>
		<meeting>the 9th International Conference on Language Resources and Evaluation (LREC 2014)</meeting>
		<imprint>
			<date type="published" when="2014-05" />
			<biblScope unit="page" from="3006" to="3012" />
		</imprint>
	</monogr>
</biblStruct>

<biblStruct >
	<analytic>
		<title level="a" type="main">Comprensión del humorismo en inglés: Estudio de las estrategias de inferencia utilizadas por estudiantes avanzados de inglés como lengua extranjera en la interpretación de los retruécanos en historietas cómicas en lengua inglesa</title>
		<author>
			<persName xmlns="http://www.tei-c.org/ns/1.0"><forename type="first">Nora</forename><surname>Kaplan</surname></persName>
		</author>
		<author>
			<persName xmlns="http://www.tei-c.org/ns/1.0"><forename type="first">Teresa</forename><surname>Lucas</surname></persName>
		</author>
	</analytic>
	<monogr>
		<title level="j">Anales de la Universidad Metropolitana</title>
		<imprint>
			<biblScope unit="volume">1</biblScope>
			<biblScope unit="issue">2</biblScope>
			<biblScope unit="page" from="245" to="258" />
			<date type="published" when="2001" />
		</imprint>
	</monogr>
</biblStruct>

<biblStruct >
	<analytic>
		<title level="a" type="main">The Development of Shakespeare&apos;s Rhetoric: A Study of Nine Plays</title>
		<author>
			<persName xmlns="http://www.tei-c.org/ns/1.0"><forename type="first">Stefan</forename><forename type="middle">Daniel</forename><surname>Keller</surname></persName>
		</author>
	</analytic>
	<monogr>
		<title level="j">Swiss Studies in English. Narr</title>
		<imprint>
			<biblScope unit="volume">136</biblScope>
			<date type="published" when="2009" />
		</imprint>
	</monogr>
</biblStruct>

<biblStruct >
	<analytic>
		<title level="a" type="main">Framework and results for English SENSEVAL</title>
		<author>
			<persName xmlns="http://www.tei-c.org/ns/1.0"><forename type="first">Adam</forename><surname>Kilgarriff</surname></persName>
		</author>
		<author>
			<persName xmlns="http://www.tei-c.org/ns/1.0"><forename type="first">Joseph</forename><surname>Rosenzweig</surname></persName>
		</author>
	</analytic>
	<monogr>
		<title level="j">Computers and the Humanities</title>
		<imprint>
			<biblScope unit="volume">34</biblScope>
			<biblScope unit="page" from="15" to="48" />
			<date type="published" when="2000" />
		</imprint>
	</monogr>
</biblStruct>

<biblStruct >
	<monogr>
		<title level="m" type="main">Content Analysis: An Introduction to its Methodology</title>
		<author>
			<persName xmlns="http://www.tei-c.org/ns/1.0"><forename type="first">Klaus</forename><surname>Krippendorff</surname></persName>
		</author>
		<imprint>
			<date type="published" when="1980" />
			<pubPlace>Sage, Beverly Hills, CA</pubPlace>
		</imprint>
	</monogr>
</biblStruct>

<biblStruct >
	<analytic>
		<title level="a" type="main">Deliberate ambiguity in slogans: Recognition and appreciation</title>
		<author>
			<persName xmlns="http://www.tei-c.org/ns/1.0"><forename type="first">Luuk</forename><surname>Lagerwerf</surname></persName>
		</author>
	</analytic>
	<monogr>
		<title level="j">Document Design</title>
		<imprint>
			<biblScope unit="volume">3</biblScope>
			<biblScope unit="issue">3</biblScope>
			<biblScope unit="page" from="245" to="260" />
			<date type="published" when="2002" />
		</imprint>
	</monogr>
</biblStruct>

<biblStruct >
	<analytic>
		<title level="a" type="main">Automatic sense disambiguation using machine readable dictionaries: How to tell a pine cone from a ice cream cone</title>
		<author>
			<persName xmlns="http://www.tei-c.org/ns/1.0"><forename type="first">Michael</forename><surname>Lesk</surname></persName>
		</author>
	</analytic>
	<monogr>
		<title level="m">Proceedings of the 5th Annual International Conference of Systems Documentation (SIGDOC 1986)</title>
		<meeting>the 5th Annual International Conference of Systems Documentation (SIGDOC 1986)</meeting>
		<imprint>
			<date type="published" when="1986" />
			<biblScope unit="page" from="24" to="26" />
		</imprint>
	</monogr>
</biblStruct>

<biblStruct >
	<analytic>
		<title level="a" type="main">Cleverness versus funniness</title>
		<author>
			<persName xmlns="http://www.tei-c.org/ns/1.0"><forename type="first">Greg</forename><surname>Lessard</surname></persName>
		</author>
		<author>
			<persName xmlns="http://www.tei-c.org/ns/1.0"><forename type="first">Michael</forename><surname>Levison</surname></persName>
		</author>
		<author>
			<persName xmlns="http://www.tei-c.org/ns/1.0"><forename type="first">Chris</forename><surname>Venour</surname></persName>
		</author>
	</analytic>
	<monogr>
		<title level="m">Proceedings of the 20th Twente Workshop on Language Technology</title>
		<meeting>the 20th Twente Workshop on Language Technology</meeting>
		<imprint>
			<date type="published" when="2002" />
			<biblScope unit="page" from="137" to="145" />
		</imprint>
	</monogr>
</biblStruct>

<biblStruct >
	<analytic>
		<title level="a" type="main">Automatic retrieval and clustering of similar words</title>
		<author>
			<persName xmlns="http://www.tei-c.org/ns/1.0"><forename type="first">Dekang</forename><surname>Lin</surname></persName>
		</author>
	</analytic>
	<monogr>
		<title level="m">Proceedings of the 36th Annual Meeting of the Association for Computational Linguistics (ACL 1998) and the 17th International Conference on Computational Linguistics</title>
		<meeting>the 36th Annual Meeting of the Association for Computational Linguistics (ACL 1998) and the 17th International Conference on Computational Linguistics</meeting>
		<imprint>
			<date type="published" when="1998" />
			<biblScope unit="volume">2</biblScope>
			<biblScope unit="page" from="768" to="774" />
		</imprint>
	</monogr>
</biblStruct>

<biblStruct >
	<monogr>
		<title level="m" type="main">Deciphering the Meaning of Puns in Learning English as a Second Language: A Study of Triadic Interaction</title>
		<author>
			<persName xmlns="http://www.tei-c.org/ns/1.0"><forename type="first">Teresa</forename><surname>Lucas</surname></persName>
		</author>
		<imprint>
			<date type="published" when="2004" />
		</imprint>
		<respStmt>
			<orgName>Florida State University</orgName>
		</respStmt>
	</monogr>
<note type="report_type">Ph.D. thesis</note>
</biblStruct>

<biblStruct >
	<analytic>
		<title level="a" type="main">Semantic Ambiguity and Underspecification (review)</title>
		<author>
			<persName xmlns="http://www.tei-c.org/ns/1.0"><forename type="first">J</forename><surname>Peter</surname></persName>
		</author>
		<author>
			<persName xmlns="http://www.tei-c.org/ns/1.0"><surname>Ludlow</surname></persName>
		</author>
	</analytic>
	<monogr>
		<title level="j">Computational Linguistics</title>
		<imprint>
			<biblScope unit="volume">3</biblScope>
			<biblScope unit="issue">23</biblScope>
			<biblScope unit="page" from="476" to="482" />
			<date type="published" when="1996" />
		</imprint>
	</monogr>
</biblStruct>

<biblStruct >
	<analytic>
		<title level="a" type="main">A language-independent sense clustering approach for enhanced WSD</title>
		<author>
			<persName xmlns="http://www.tei-c.org/ns/1.0"><forename type="first">Michael</forename><surname>Matuschek</surname></persName>
		</author>
		<author>
			<persName xmlns="http://www.tei-c.org/ns/1.0"><forename type="first">Tristan</forename><surname>Miller</surname></persName>
		</author>
		<author>
			<persName xmlns="http://www.tei-c.org/ns/1.0"><forename type="first">Iryna</forename><surname>Gurevych</surname></persName>
		</author>
	</analytic>
	<monogr>
		<title level="m">Proceedings of the 12th Konferenz zur Verarbeitung natürlicher Sprache (KONVENS 2014)</title>
		<meeting>the 12th Konferenz zur Verarbeitung natürlicher Sprache (KONVENS 2014)</meeting>
		<imprint>
			<date type="published" when="2014-10" />
			<biblScope unit="page" from="11" to="21" />
		</imprint>
	</monogr>
</biblStruct>

<biblStruct >
	<analytic>
		<title level="a" type="main">DKPro Agreement: An open-source Java library for measuring inter-rater agreement</title>
		<author>
			<persName xmlns="http://www.tei-c.org/ns/1.0"><forename type="first">Christian</forename><forename type="middle">M</forename><surname>Meyer</surname></persName>
		</author>
		<author>
			<persName xmlns="http://www.tei-c.org/ns/1.0"><forename type="first">Margot</forename><surname>Mieskes</surname></persName>
		</author>
		<author>
			<persName xmlns="http://www.tei-c.org/ns/1.0"><forename type="first">Christian</forename><surname>Stab</surname></persName>
		</author>
		<author>
			<persName xmlns="http://www.tei-c.org/ns/1.0"><forename type="first">Iryna</forename><surname>Gurevych</surname></persName>
		</author>
	</analytic>
	<monogr>
		<title level="m">Proceedings of the 25th International Conference on Computational Linguistics (System Demonstrations) (COLING 2014)</title>
		<meeting>the 25th International Conference on Computational Linguistics (System Demonstrations) (COLING 2014)</meeting>
		<imprint>
			<date type="published" when="2014-08" />
			<biblScope unit="page" from="105" to="109" />
		</imprint>
	</monogr>
</biblStruct>

<biblStruct >
	<analytic>
		<title level="a" type="main">Making computers laugh: Investigations in automatic humor recognition</title>
		<author>
			<persName xmlns="http://www.tei-c.org/ns/1.0"><forename type="first">Rada</forename><surname>Mihalcea</surname></persName>
		</author>
		<author>
			<persName xmlns="http://www.tei-c.org/ns/1.0"><forename type="first">Carlo</forename><surname>Strapparava</surname></persName>
		</author>
	</analytic>
	<monogr>
		<title level="m">Proceedings of the 11th Human Language Technology Conference and the 10th Conference on Empirical Methods in Natural Language Processing (HLT-EMNLP 2005)</title>
		<meeting>the 11th Human Language Technology Conference and the 10th Conference on Empirical Methods in Natural Language Processing (HLT-EMNLP 2005)<address><addrLine>October</addrLine></address></meeting>
		<imprint>
			<date type="published" when="2005" />
			<biblScope unit="page" from="531" to="538" />
		</imprint>
	</monogr>
</biblStruct>

<biblStruct >
	<analytic>
		<title level="a" type="main">Learning to laugh (automatically): Computational models for humor recognition</title>
		<author>
			<persName xmlns="http://www.tei-c.org/ns/1.0"><forename type="first">Rada</forename><surname>Mihalcea</surname></persName>
		</author>
		<author>
			<persName xmlns="http://www.tei-c.org/ns/1.0"><forename type="first">Carlo</forename><surname>Strapparava</surname></persName>
		</author>
	</analytic>
	<monogr>
		<title level="j">Computational Intelligence</title>
		<imprint>
			<biblScope unit="volume">22</biblScope>
			<biblScope unit="issue">2</biblScope>
			<biblScope unit="page" from="126" to="142" />
			<date type="published" when="2006" />
		</imprint>
	</monogr>
</biblStruct>

<biblStruct >
	<analytic>
		<title level="a" type="main">Computational models for incongruity detection in humour</title>
		<author>
			<persName xmlns="http://www.tei-c.org/ns/1.0"><forename type="first">Rada</forename><surname>Mihalcea</surname></persName>
		</author>
		<author>
			<persName xmlns="http://www.tei-c.org/ns/1.0"><forename type="first">Carlo</forename><surname>Strapparava</surname></persName>
		</author>
		<author>
			<persName xmlns="http://www.tei-c.org/ns/1.0"><forename type="first">Stephen</forename><surname>Pulman</surname></persName>
		</author>
	</analytic>
	<monogr>
		<title level="m">Proceedings of the 11th International Conference on Computational Linguistics and Intelligent Text Processing</title>
		<meeting>the 11th International Conference on Computational Linguistics and Intelligent Text Processing</meeting>
		<imprint>
			<publisher>Springer</publisher>
			<date type="published" when="2010-03" />
			<biblScope unit="volume">6008</biblScope>
			<biblScope unit="page" from="364" to="374" />
		</imprint>
	</monogr>
</biblStruct>

<biblStruct >
	<analytic>
		<title level="a" type="main">Towards the automatic detection and identification of English puns</title>
		<author>
			<persName xmlns="http://www.tei-c.org/ns/1.0"><forename type="first">Tristan</forename><surname>Miller</surname></persName>
		</author>
		<author>
			<persName xmlns="http://www.tei-c.org/ns/1.0"><forename type="first">Mladen</forename><surname>Turkovi´cturkovi´c</surname></persName>
		</author>
	</analytic>
	<monogr>
		<title level="j">European Journal of Humour Research</title>
		<imprint>
			<date type="published" when="2015" />
		</imprint>
	</monogr>
	<note>To appear</note>
</biblStruct>

<biblStruct >
	<analytic>
		<title level="a" type="main">Using distributional similarity for lexical expansion in knowledge-based word sense disambiguation</title>
		<author>
			<persName xmlns="http://www.tei-c.org/ns/1.0"><forename type="first">Tristan</forename><surname>Miller</surname></persName>
		</author>
		<author>
			<persName xmlns="http://www.tei-c.org/ns/1.0"><forename type="first">Chris</forename><surname>Biemann</surname></persName>
		</author>
		<author>
			<persName xmlns="http://www.tei-c.org/ns/1.0"><forename type="first">Torsten</forename><surname>Zesch</surname></persName>
		</author>
		<author>
			<persName xmlns="http://www.tei-c.org/ns/1.0"><forename type="first">Iryna</forename><surname>Gurevych</surname></persName>
		</author>
	</analytic>
	<monogr>
		<title level="m">Proceedings of the 24th International Conference on Computational Linguistics (COLING 2012)</title>
		<meeting>the 24th International Conference on Computational Linguistics (COLING 2012)</meeting>
		<imprint>
			<date type="published" when="2012-12" />
			<biblScope unit="page" from="1781" to="1796" />
		</imprint>
	</monogr>
</biblStruct>

<biblStruct >
	<analytic>
		<title level="a" type="main">DKPro WSD: A generalized UIMA-based framework for word sense disambiguation</title>
		<author>
			<persName xmlns="http://www.tei-c.org/ns/1.0"><forename type="first">Tristan</forename><surname>Miller</surname></persName>
		</author>
		<author>
			<persName xmlns="http://www.tei-c.org/ns/1.0"><forename type="first">Nicolai</forename><surname>Erbs</surname></persName>
		</author>
		<author>
			<persName xmlns="http://www.tei-c.org/ns/1.0"><forename type="first">Hans-Peter</forename><surname>Zorn</surname></persName>
		</author>
		<author>
			<persName xmlns="http://www.tei-c.org/ns/1.0"><forename type="first">Torsten</forename><surname>Zesch</surname></persName>
		</author>
		<author>
			<persName xmlns="http://www.tei-c.org/ns/1.0"><forename type="first">Iryna</forename><surname>Gurevych</surname></persName>
		</author>
	</analytic>
	<monogr>
		<title level="m">Proceedings of the 51st Annual Meeting of the Association for Computational Linguistics (System Demonstrations) (ACL 2013)</title>
		<meeting>the 51st Annual Meeting of the Association for Computational Linguistics (System Demonstrations) (ACL 2013)</meeting>
		<imprint>
			<date type="published" when="2013-08" />
			<biblScope unit="page" from="37" to="42" />
		</imprint>
	</monogr>
</biblStruct>

<biblStruct >
	<monogr>
		<title level="m" type="main">Puns in advertising: Ambiguity as verbal aggression. Maledicta</title>
		<author>
			<persName xmlns="http://www.tei-c.org/ns/1.0"><forename type="first">Michel</forename><surname>Monnot</surname></persName>
		</author>
		<imprint>
			<date type="published" when="1982" />
			<biblScope unit="volume">6</biblScope>
			<biblScope unit="page" from="7" to="20" />
		</imprint>
	</monogr>
</biblStruct>

<biblStruct >
	<analytic>
		<title level="a" type="main">SemEval-2007 Task 07: Coarsegrained English All-words Task</title>
		<author>
			<persName xmlns="http://www.tei-c.org/ns/1.0"><forename type="first">Roberto</forename><surname>Navigli</surname></persName>
		</author>
		<author>
			<persName xmlns="http://www.tei-c.org/ns/1.0"><forename type="first">Kenneth</forename><forename type="middle">C</forename><surname>Litkowski</surname></persName>
		</author>
		<author>
			<persName xmlns="http://www.tei-c.org/ns/1.0"><forename type="first">Orin</forename><surname>Hargraves</surname></persName>
		</author>
	</analytic>
	<monogr>
		<title level="m">Proceedings of the 4th International Workshop on Semantic Evaluations (SemEval-2007)</title>
		<meeting>the 4th International Workshop on Semantic Evaluations (SemEval-2007)</meeting>
		<imprint>
			<date type="published" when="2007-06" />
			<biblScope unit="page" from="30" to="35" />
		</imprint>
	</monogr>
</biblStruct>

<biblStruct >
	<analytic>
		<title level="a" type="main">English tasks: All-words and verb lexical sample</title>
		<author>
			<persName xmlns="http://www.tei-c.org/ns/1.0"><forename type="first">Martha</forename><surname>Palmer</surname></persName>
		</author>
		<author>
			<persName xmlns="http://www.tei-c.org/ns/1.0"><forename type="first">Christiane</forename><surname>Fellbaum</surname></persName>
		</author>
		<author>
			<persName xmlns="http://www.tei-c.org/ns/1.0"><forename type="first">Scott</forename><surname>Cotton</surname></persName>
		</author>
		<author>
			<persName xmlns="http://www.tei-c.org/ns/1.0"><forename type="first">Lauren</forename><surname>Delfs</surname></persName>
		</author>
		<author>
			<persName xmlns="http://www.tei-c.org/ns/1.0"><forename type="first">Hoa</forename><forename type="middle">Trang</forename><surname>Dang</surname></persName>
		</author>
	</analytic>
	<monogr>
		<title level="m">Proceedings of Senseval-2: 2nd International Workshop on Evaluating Word Sense Disambiguation Systems</title>
		<meeting>Senseval-2: 2nd International Workshop on Evaluating Word Sense Disambiguation Systems</meeting>
		<imprint>
			<date type="published" when="2001-07" />
			<biblScope unit="page" from="21" to="24" />
		</imprint>
	</monogr>
</biblStruct>

<biblStruct >
	<analytic>
		<title level="a" type="main">Evaluation of WSD systems</title>
		<author>
			<persName xmlns="http://www.tei-c.org/ns/1.0"><forename type="first">Martha</forename><surname>Palmer</surname></persName>
		</author>
		<author>
			<persName xmlns="http://www.tei-c.org/ns/1.0"><forename type="first">Hwee</forename><forename type="middle">Tou</forename><surname>Ng</surname></persName>
		</author>
		<author>
			<persName xmlns="http://www.tei-c.org/ns/1.0"><forename type="first">Hoa</forename><forename type="middle">Trang</forename><surname>Dang</surname></persName>
		</author>
	</analytic>
	<monogr>
		<title level="m">Word Sense Disambiguation: Algorithms and Applications</title>
		<editor>Eneko Agirre and Philip Edmonds</editor>
		<imprint>
			<publisher>Springer</publisher>
			<date type="published" when="2006" />
			<biblScope unit="volume">33</biblScope>
		</imprint>
	</monogr>
	<note>of Text, Speech, and Language Technology</note>
</biblStruct>

<biblStruct >
	<analytic>
		<title level="a" type="main">Inter-annotator agreement on a multilingual semantic annotation task</title>
		<author>
			<persName xmlns="http://www.tei-c.org/ns/1.0"><forename type="first">Rebecca</forename><forename type="middle">J</forename><surname>Passonneau</surname></persName>
		</author>
	</analytic>
	<monogr>
		<title level="m">Proceedings of the 5th International Conference on Language Resources and Evaluations (LREC 2006)</title>
		<meeting>the 5th International Conference on Language Resources and Evaluations (LREC 2006)</meeting>
		<imprint>
			<date type="published" when="2006" />
			<biblScope unit="page" from="1951" to="1956" />
		</imprint>
	</monogr>
	<note>Nizar Habash, and Owen Rambow</note>
</biblStruct>

<biblStruct >
	<analytic>
		<title level="a" type="main">Measuring agreement on set-valued items (MASI) for semantic and pragmatic annotation</title>
		<author>
			<persName xmlns="http://www.tei-c.org/ns/1.0"><forename type="first">Rebecca</forename><forename type="middle">J</forename><surname>Passonneau</surname></persName>
		</author>
	</analytic>
	<monogr>
		<title level="m">Proceedings of the 5th International Conference on Language Resources and Evaluations (LREC 2006)</title>
		<meeting>the 5th International Conference on Language Resources and Evaluations (LREC 2006)</meeting>
		<imprint>
			<date type="published" when="2006" />
			<biblScope unit="page" from="831" to="836" />
		</imprint>
	</monogr>
</biblStruct>

<biblStruct >
	<analytic>
		<title level="a" type="main">Knowledge-rich word sense disambiguation rivaling supervised systems</title>
		<author>
			<persName xmlns="http://www.tei-c.org/ns/1.0"><forename type="first">Paolo</forename><surname>Simone</surname></persName>
		</author>
		<author>
			<persName xmlns="http://www.tei-c.org/ns/1.0"><forename type="first">Roberto</forename><surname>Ponzetto</surname></persName>
		</author>
		<author>
			<persName xmlns="http://www.tei-c.org/ns/1.0"><surname>Navigli</surname></persName>
		</author>
	</analytic>
	<monogr>
		<title level="m">Proceedings of the 48th Annual Meeting of the Association for Computational Linguistics (ACL 2010)</title>
		<meeting>the 48th Annual Meeting of the Association for Computational Linguistics (ACL 2010)</meeting>
		<imprint>
			<date type="published" when="2010" />
			<biblScope unit="page" from="1522" to="1531" />
		</imprint>
	</monogr>
</biblStruct>

<biblStruct >
	<monogr>
				<author>
			<persName xmlns="http://www.tei-c.org/ns/1.0"><surname>Vitor Raskin</surname></persName>
		</author>
		<title level="m">Semantic Mechanisms of Humor. D. Reidel</title>
		<meeting><address><addrLine>Dordrecht, the Netherlands</addrLine></address></meeting>
		<imprint>
			<date type="published" when="1985" />
		</imprint>
	</monogr>
</biblStruct>

<biblStruct >
	<monogr>
		<title level="m" type="main">Puns. Basil Blackwell</title>
		<author>
			<persName xmlns="http://www.tei-c.org/ns/1.0"><surname>Walter Redfern</surname></persName>
		</author>
		<imprint>
			<date type="published" when="1984" />
			<pubPlace>Oxford</pubPlace>
		</imprint>
	</monogr>
</biblStruct>

<biblStruct >
	<monogr>
		<title level="m" type="main">Shun the Pun, Rescue the Rhyme? The Dubbing and Subtitling of LanguagePlay in Film</title>
		<author>
			<persName xmlns="http://www.tei-c.org/ns/1.0"><forename type="first">Thorsten</forename><surname>Schröter</surname></persName>
		</author>
		<imprint>
			<date type="published" when="2005" />
		</imprint>
		<respStmt>
			<orgName>Karlstad University</orgName>
		</respStmt>
	</monogr>
	<note>Ph.D. thesis</note>
</biblStruct>

<biblStruct >
	<analytic>
		<title level="a" type="main">The English all-words task</title>
		<author>
			<persName xmlns="http://www.tei-c.org/ns/1.0"><forename type="first">Benjamin</forename><surname>Snyder</surname></persName>
		</author>
		<author>
			<persName xmlns="http://www.tei-c.org/ns/1.0"><forename type="first">Martha</forename><surname>Palmer</surname></persName>
		</author>
	</analytic>
	<monogr>
		<title level="m">Proceedings of the 3rd International Workshop on the Evaluation of Systems for the Semantic Analysis of Text (Senseval-3)</title>
		<meeting>the 3rd International Workshop on the Evaluation of Systems for the Semantic Analysis of Text (Senseval-3)</meeting>
		<imprint>
			<date type="published" when="2004-07" />
			<biblScope unit="page" from="41" to="43" />
		</imprint>
	</monogr>
</biblStruct>

<biblStruct >
	<analytic>
		<title level="a" type="main">Computationally recognizing wordplay in jokes</title>
		<author>
			<persName xmlns="http://www.tei-c.org/ns/1.0"><forename type="first">Julia</forename><forename type="middle">M</forename><surname>Taylor</surname></persName>
		</author>
		<author>
			<persName xmlns="http://www.tei-c.org/ns/1.0"><forename type="first">Lawrence</forename><forename type="middle">J</forename><surname>Mazlack</surname></persName>
		</author>
	</analytic>
	<monogr>
		<title level="m">Proceedings of the 26th Annual Conference of the Cognitive Science Society</title>
		<meeting>the 26th Annual Conference of the Cognitive Science Society</meeting>
		<imprint>
			<date type="published" when="2004-08" />
			<biblScope unit="page" from="1315" to="1320" />
		</imprint>
	</monogr>
</biblStruct>

<biblStruct >
	<analytic>
		<title level="a" type="main">Feature-rich part-of-speech tagging with a cyclic dependency network</title>
		<author>
			<persName xmlns="http://www.tei-c.org/ns/1.0"><forename type="first">Kristina</forename><surname>Toutanova</surname></persName>
		</author>
		<author>
			<persName xmlns="http://www.tei-c.org/ns/1.0"><forename type="first">Dan</forename><surname>Klein</surname></persName>
		</author>
		<author>
			<persName xmlns="http://www.tei-c.org/ns/1.0"><forename type="first">Christopher</forename><surname>Manning</surname></persName>
		</author>
		<author>
			<persName xmlns="http://www.tei-c.org/ns/1.0"><forename type="first">Yoram</forename><surname>Singer</surname></persName>
		</author>
	</analytic>
	<monogr>
		<title level="m">Proceedings of the 3rd Conference of the North American Chapter of the Association for Computational Linguistics and the 9th Human Language Technologies Conference (HLT-NAACL 2003)</title>
		<meeting>the 3rd Conference of the North American Chapter of the Association for Computational Linguistics and the 9th Human Language Technologies Conference (HLT-NAACL 2003)</meeting>
		<imprint>
			<date type="published" when="2003" />
			<biblScope unit="page" from="252" to="259" />
		</imprint>
	</monogr>
</biblStruct>

<biblStruct >
	<analytic>
		<title level="a" type="main">Textual affect sensing for computational advertising</title>
		<author>
			<persName xmlns="http://www.tei-c.org/ns/1.0"><forename type="first">Alessandro</forename><surname>Valitutti</surname></persName>
		</author>
		<author>
			<persName xmlns="http://www.tei-c.org/ns/1.0"><forename type="first">Carlo</forename><surname>Strapparava</surname></persName>
		</author>
		<author>
			<persName xmlns="http://www.tei-c.org/ns/1.0"><forename type="first">Oliviero</forename><surname>Stock</surname></persName>
		</author>
	</analytic>
	<monogr>
		<title level="m">Proceedings of the AAAI Spring Symposium on Creative Intelligent Systems</title>
		<meeting>the AAAI Spring Symposium on Creative Intelligent Systems</meeting>
		<imprint>
			<date type="published" when="2008-03" />
			<biblScope unit="page" from="117" to="122" />
		</imprint>
	</monogr>
</biblStruct>

<biblStruct >
	<monogr>
		<title level="m" type="main">The computational generation of a class of puns</title>
		<author>
			<persName xmlns="http://www.tei-c.org/ns/1.0"><forename type="first">Chris</forename><surname>Venour</surname></persName>
		</author>
		<imprint>
			<date type="published" when="1999" />
			<pubPlace>Kingston, ON</pubPlace>
		</imprint>
		<respStmt>
			<orgName>Queen&apos;s University</orgName>
		</respStmt>
	</monogr>
	<note>Master&apos;s thesis</note>
</biblStruct>

<biblStruct >
	<analytic>
		<title level="a" type="main">Japanese pun analyzer using articulation similarities</title>
		<author>
			<persName xmlns="http://www.tei-c.org/ns/1.0"><forename type="first">Toshihiko</forename><surname>Yokogawa</surname></persName>
		</author>
	</analytic>
	<monogr>
		<title level="m">Proceedings of the 11th IEEE International Conference on Fuzzy Systems (FUZZ 2002</title>
		<meeting>the 11th IEEE International Conference on Fuzzy Systems (FUZZ 2002</meeting>
		<imprint>
			<date type="published" when="2002-05" />
			<biblScope unit="volume">2</biblScope>
			<biblScope unit="page" from="1114" to="1119" />
		</imprint>
	</monogr>
</biblStruct>

<biblStruct >
	<monogr>
		<title level="m" type="main">Imperfect puns, markedness, and phonological similarity: With fronds like these, who needs anemones? Folia Linguistica</title>
		<author>
			<persName xmlns="http://www.tei-c.org/ns/1.0"><forename type="first">M</forename><surname>Arnold</surname></persName>
		</author>
		<author>
			<persName xmlns="http://www.tei-c.org/ns/1.0"><forename type="first">Elizabeth</forename><forename type="middle">D</forename><surname>Zwicky</surname></persName>
		</author>
		<author>
			<persName xmlns="http://www.tei-c.org/ns/1.0"><surname>Zwicky</surname></persName>
		</author>
		<imprint>
			<date type="published" when="1986" />
			<biblScope unit="volume">20</biblScope>
			<biblScope unit="page" from="493" to="503" />
		</imprint>
	</monogr>
</biblStruct>

			</listBibl>
		</back>
	</text>
</TEI>
