<?xml version="1.0" ?>
<TEI xmlns="http://www.tei-c.org/ns/1.0" xmlns:xlink="http://www.w3.org/1999/xlink" 
 xmlns:mml="http://www.w3.org/1998/Math/MathML">
	<teiHeader>
		<fileDesc xml:id="f_1454"/>
	</teiHeader>
	<text>
		<front/>
		<body/>
		<back>
			<listBibl>
<biblStruct >
	<analytic>
		<title level="a" type="main">Class-based n-gram models of natural language</title>
		<author>
			<persName xmlns="http://www.tei-c.org/ns/1.0"><surname>Peter F Brown</surname></persName>
		</author>
		<author>
			<persName xmlns="http://www.tei-c.org/ns/1.0"><forename type="first">V</forename><surname>Peter</surname></persName>
		</author>
		<author>
			<persName xmlns="http://www.tei-c.org/ns/1.0"><forename type="first">Robert</forename><forename type="middle">L</forename><surname>Desouza</surname></persName>
		</author>
		<author>
			<persName xmlns="http://www.tei-c.org/ns/1.0"><forename type="first">Vincent J Della</forename><surname>Mercer</surname></persName>
		</author>
		<author>
			<persName xmlns="http://www.tei-c.org/ns/1.0"><forename type="first">Jenifer C</forename><surname>Pietra</surname></persName>
		</author>
		<author>
			<persName xmlns="http://www.tei-c.org/ns/1.0"><surname>Lai</surname></persName>
		</author>
	</analytic>
	<monogr>
		<title level="j">Computational linguistics</title>
		<imprint>
			<biblScope unit="volume">18</biblScope>
			<biblScope unit="issue">4</biblScope>
			<biblScope unit="page" from="467" to="479" />
			<date type="published" when="1992" />
		</imprint>
	</monogr>
</biblStruct>

<biblStruct >
	<analytic>
		<title level="a" type="main">Edit detection and parsing for transcribed speech</title>
		<author>
			<persName xmlns="http://www.tei-c.org/ns/1.0"><forename type="first">Eugene</forename><surname>Charniak</surname></persName>
		</author>
		<author>
			<persName xmlns="http://www.tei-c.org/ns/1.0"><forename type="first">Mark</forename><surname>Johnson</surname></persName>
		</author>
	</analytic>
	<monogr>
		<title level="m">Proceedings of the second meeting of the North American Chapter of the Association for Computational Linguistics on Language technologies</title>
		<meeting>the second meeting of the North American Chapter of the Association for Computational Linguistics on Language technologies</meeting>
		<imprint>
			<date type="published" when="2001" />
			<biblScope unit="page" from="1" to="9" />
		</imprint>
	</monogr>
	<note>Association for Computational Linguistics</note>
</biblStruct>

<biblStruct >
	<analytic>
		<title level="a" type="main">Discriminative training methods for hidden markov models: Theory and experiments with perceptron algorithms</title>
		<author>
			<persName xmlns="http://www.tei-c.org/ns/1.0"><forename type="first">Michael</forename><surname>Collins</surname></persName>
		</author>
	</analytic>
	<monogr>
		<title level="m">Proceedings of the ACL-02 conference on Empirical methods in natural language processing</title>
		<meeting>the ACL-02 conference on Empirical methods in natural language processing</meeting>
		<imprint>
			<publisher>Association for Computational Linguistics</publisher>
			<date type="published" when="2002" />
			<biblScope unit="volume">10</biblScope>
			<biblScope unit="page" from="1" to="8" />
		</imprint>
	</monogr>
</biblStruct>

<biblStruct >
	<analytic>
		<title level="a" type="main">Generating typed dependency parses from phrase structure parses</title>
		<author>
			<persName xmlns="http://www.tei-c.org/ns/1.0"><forename type="first">Marie-Catherine De</forename><surname>Marneffe</surname></persName>
		</author>
		<author>
			<persName xmlns="http://www.tei-c.org/ns/1.0"><forename type="first">Bill</forename><surname>Maccartney</surname></persName>
		</author>
		<author>
			<persName xmlns="http://www.tei-c.org/ns/1.0"><forename type="first">Christopher</forename><forename type="middle">D</forename><surname>Manning</surname></persName>
		</author>
	</analytic>
	<monogr>
		<title level="m">Proceedings of LREC</title>
		<meeting>LREC</meeting>
		<imprint>
			<date type="published" when="2006" />
			<biblScope unit="volume">6</biblScope>
			<biblScope unit="page" from="449" to="454" />
		</imprint>
	</monogr>
</biblStruct>

<biblStruct >
	<analytic>
		<title level="a" type="main">Using integer linear programming for detecting speech disfluencies</title>
		<author>
			<persName xmlns="http://www.tei-c.org/ns/1.0"><forename type="first">Kallirroi</forename><surname>Georgila</surname></persName>
		</author>
	</analytic>
	<monogr>
		<title level="m">Proceedings of Human Language Technologies: The 2009 Annual Conference of the North American Chapter of the Association for Computational Linguistics, Companion Volume: Short Papers</title>
		<meeting>Human Language Technologies: The 2009 Annual Conference of the North American Chapter of the Association for Computational Linguistics, Companion Volume: Short Papers</meeting>
		<imprint>
			<date type="published" when="2009" />
			<biblScope unit="page" from="109" to="112" />
		</imprint>
	</monogr>
	<note>Association for Computational Linguistics</note>
</biblStruct>

<biblStruct >
	<analytic>
		<title level="a" type="main">Joint incremental disfluency detection and dependency parsing</title>
		<author>
			<persName xmlns="http://www.tei-c.org/ns/1.0"><forename type="first">Matthew</forename><surname>Honnibal</surname></persName>
		</author>
		<author>
			<persName xmlns="http://www.tei-c.org/ns/1.0"><forename type="first">Mark</forename><surname>Johnson</surname></persName>
		</author>
	</analytic>
	<monogr>
		<title level="j">Transactions of the Association for Computational Linguistics</title>
		<imprint>
			<biblScope unit="volume">2</biblScope>
			<biblScope unit="page" from="131" to="142" />
			<date type="published" when="2014" />
		</imprint>
	</monogr>
</biblStruct>

<biblStruct >
	<analytic>
		<title level="a" type="main">A tagbased noisy channel model of speech repairs</title>
		<author>
			<persName xmlns="http://www.tei-c.org/ns/1.0"><forename type="first">Mark</forename><surname>Johnson</surname></persName>
		</author>
		<author>
			<persName xmlns="http://www.tei-c.org/ns/1.0"><forename type="first">Eugene</forename><surname>Charniak</surname></persName>
		</author>
	</analytic>
	<monogr>
		<title level="m">Proceedings of the 42nd Annual Meeting on Association for Computational Linguistics, page 33. Association for Computational Linguistics</title>
		<meeting>the 42nd Annual Meeting on Association for Computational Linguistics, page 33. Association for Computational Linguistics</meeting>
		<imprint>
			<date type="published" when="2004" />
		</imprint>
	</monogr>
</biblStruct>

<biblStruct >
	<analytic>
		<title level="a" type="main">An improved model for recognizing disfluencies in conversational speech</title>
		<author>
			<persName xmlns="http://www.tei-c.org/ns/1.0"><forename type="first">Mark</forename><surname>Johnson</surname></persName>
		</author>
		<author>
			<persName xmlns="http://www.tei-c.org/ns/1.0"><forename type="first">Eugene</forename><surname>Charniak</surname></persName>
		</author>
		<author>
			<persName xmlns="http://www.tei-c.org/ns/1.0"><forename type="first">Matthew</forename><surname>Lease</surname></persName>
		</author>
	</analytic>
	<monogr>
		<title level="m">Proceedings of Rich Transcription Workshop</title>
		<meeting>Rich Transcription Workshop</meeting>
		<imprint>
			<date type="published" when="2004" />
		</imprint>
	</monogr>
</biblStruct>

<biblStruct >
	<analytic>
		<title level="a" type="main">Effective use of prosody in parsing conversational speech</title>
		<author>
			<persName xmlns="http://www.tei-c.org/ns/1.0"><forename type="first">Matthew</forename><surname>Jeremy G Kahn</surname></persName>
		</author>
		<author>
			<persName xmlns="http://www.tei-c.org/ns/1.0"><forename type="first">Eugene</forename><surname>Lease</surname></persName>
		</author>
		<author>
			<persName xmlns="http://www.tei-c.org/ns/1.0"><forename type="first">Mark</forename><surname>Charniak</surname></persName>
		</author>
		<author>
			<persName xmlns="http://www.tei-c.org/ns/1.0"><forename type="first">Mari</forename><surname>Johnson</surname></persName>
		</author>
		<author>
			<persName xmlns="http://www.tei-c.org/ns/1.0"><surname>Ostendorf</surname></persName>
		</author>
	</analytic>
	<monogr>
		<title level="m">Proceedings of the conference on human language technology and empirical methods in natural language processing</title>
		<meeting>the conference on human language technology and empirical methods in natural language processing</meeting>
		<imprint>
			<publisher>Association for Computational Linguistics</publisher>
			<date type="published" when="2005" />
			<biblScope unit="page" from="233" to="240" />
		</imprint>
	</monogr>
</biblStruct>

<biblStruct >
	<analytic>
		<title level="a" type="main">Early deletion of fillers in processing conversational speech</title>
		<author>
			<persName xmlns="http://www.tei-c.org/ns/1.0"><forename type="first">Matthew</forename><surname>Lease</surname></persName>
		</author>
		<author>
			<persName xmlns="http://www.tei-c.org/ns/1.0"><forename type="first">Mark</forename><surname>Johnson</surname></persName>
		</author>
	</analytic>
	<monogr>
		<title level="m">Proceedings of the Human Language Technology Conference of the NAACL, Companion Volume: Short Papers</title>
		<meeting>the Human Language Technology Conference of the NAACL, Companion Volume: Short Papers</meeting>
		<imprint>
			<date type="published" when="2006" />
			<biblScope unit="page" from="73" to="76" />
		</imprint>
	</monogr>
	<note>Association for Computational Linguistics</note>
</biblStruct>

<biblStruct >
	<analytic>
		<title level="a" type="main">Enriching speech recognition with automatic detection of sentence boundaries and disfluencies. Audio, Speech, and Language Processing</title>
		<author>
			<persName xmlns="http://www.tei-c.org/ns/1.0"><forename type="first">Yang</forename><surname>Liu</surname></persName>
		</author>
		<author>
			<persName xmlns="http://www.tei-c.org/ns/1.0"><forename type="first">Elizabeth</forename><surname>Shriberg</surname></persName>
		</author>
		<author>
			<persName xmlns="http://www.tei-c.org/ns/1.0"><forename type="first">Andreas</forename><surname>Stolcke</surname></persName>
		</author>
		<author>
			<persName xmlns="http://www.tei-c.org/ns/1.0"><forename type="first">Dustin</forename><surname>Hillard</surname></persName>
		</author>
		<author>
			<persName xmlns="http://www.tei-c.org/ns/1.0"><forename type="first">Mari</forename><surname>Ostendorf</surname></persName>
		</author>
		<author>
			<persName xmlns="http://www.tei-c.org/ns/1.0"><forename type="first">Mary</forename><surname>Harper</surname></persName>
		</author>
	</analytic>
	<monogr>
		<title level="j">IEEE Transactions on</title>
		<imprint>
			<biblScope unit="volume">14</biblScope>
			<biblScope unit="issue">5</biblScope>
			<biblScope unit="page" from="1526" to="1540" />
			<date type="published" when="2006" />
		</imprint>
	</monogr>
</biblStruct>

<biblStruct >
	<analytic>
		<title level="a" type="main">Building a large annotated corpus of english: The penn treebank</title>
		<author>
			<persName xmlns="http://www.tei-c.org/ns/1.0"><forename type="first">Mary</forename><forename type="middle">Ann</forename><surname>Mitchell P Marcus</surname></persName>
		</author>
		<author>
			<persName xmlns="http://www.tei-c.org/ns/1.0"><forename type="first">Beatrice</forename><surname>Marcinkiewicz</surname></persName>
		</author>
		<author>
			<persName xmlns="http://www.tei-c.org/ns/1.0"><surname>Santorini</surname></persName>
		</author>
	</analytic>
	<monogr>
		<title level="j">Computational linguistics</title>
		<imprint>
			<biblScope unit="volume">19</biblScope>
			<biblScope unit="issue">2</biblScope>
			<biblScope unit="page" from="313" to="330" />
			<date type="published" when="1993" />
		</imprint>
	</monogr>
</biblStruct>

<biblStruct >
	<analytic>
		<title level="a" type="main">Online large-margin training of dependency parsers</title>
		<author>
			<persName xmlns="http://www.tei-c.org/ns/1.0"><forename type="first">Ryan</forename><surname>Mcdonald</surname></persName>
		</author>
		<author>
			<persName xmlns="http://www.tei-c.org/ns/1.0"><forename type="first">Koby</forename><surname>Crammer</surname></persName>
		</author>
		<author>
			<persName xmlns="http://www.tei-c.org/ns/1.0"><forename type="first">Fernando</forename><surname>Pereira</surname></persName>
		</author>
	</analytic>
	<monogr>
		<title level="m">Proceedings of the 43rd annual meeting on association for computational linguistics</title>
		<meeting>the 43rd annual meeting on association for computational linguistics</meeting>
		<imprint>
			<date type="published" when="2005" />
			<biblScope unit="page" from="91" to="98" />
		</imprint>
	</monogr>
	<note>Association for Computational Linguistics</note>
</biblStruct>

<biblStruct >
	<monogr>
		<title level="m" type="main">Dysfluency annotation stylebook for the switchboard corpus</title>
		<author>
			<persName xmlns="http://www.tei-c.org/ns/1.0"><forename type="first">Ann</forename><forename type="middle">A</forename><surname>Marie W Meteer</surname></persName>
		</author>
		<author>
			<persName xmlns="http://www.tei-c.org/ns/1.0"><forename type="first">Robert</forename><surname>Taylor</surname></persName>
		</author>
		<author>
			<persName xmlns="http://www.tei-c.org/ns/1.0"><forename type="first">Rukmini</forename><surname>Macintyre</surname></persName>
		</author>
		<author>
			<persName xmlns="http://www.tei-c.org/ns/1.0"><surname>Iyer</surname></persName>
		</author>
		<imprint>
			<date type="published" when="1995" />
		</imprint>
		<respStmt>
			<orgName>University of Pennsylvania</orgName>
		</respStmt>
	</monogr>
</biblStruct>

<biblStruct >
	<analytic>
		<title level="a" type="main">A unified syntactic model for parsing fluent and disfluent speech</title>
		<author>
			<persName xmlns="http://www.tei-c.org/ns/1.0"><forename type="first">Tim</forename><surname>Miller</surname></persName>
		</author>
		<author>
			<persName xmlns="http://www.tei-c.org/ns/1.0"><forename type="first">William</forename><surname>Schuler</surname></persName>
		</author>
	</analytic>
	<monogr>
		<title level="m">Proceedings of the 46th Annual Meeting of the Association for Computational Linguistics on Human Language Technologies: Short Papers</title>
		<meeting>the 46th Annual Meeting of the Association for Computational Linguistics on Human Language Technologies: Short Papers</meeting>
		<imprint>
			<publisher>Association for Computational Linguistics</publisher>
			<date type="published" when="2008" />
			<biblScope unit="page" from="105" to="108" />
		</imprint>
	</monogr>
</biblStruct>

<biblStruct >
	<analytic>
		<title level="a" type="main">Disfluency detection using multi-step stacked learning</title>
		<author>
			<persName xmlns="http://www.tei-c.org/ns/1.0"><forename type="first">Xian</forename><surname>Qian</surname></persName>
		</author>
		<author>
			<persName xmlns="http://www.tei-c.org/ns/1.0"><forename type="first">Yang</forename><surname>Liu</surname></persName>
		</author>
	</analytic>
	<monogr>
		<title level="m">HLT-NAACL</title>
		<imprint>
			<date type="published" when="2013" />
			<biblScope unit="page" from="820" to="825" />
		</imprint>
	</monogr>
</biblStruct>

<biblStruct >
	<analytic>
		<title level="a" type="main">Joint parsing and disfluency detection in linear time</title>
		<author>
			<persName xmlns="http://www.tei-c.org/ns/1.0"><forename type="first">Mohammad</forename><surname>Sadegh Rasooli</surname></persName>
		</author>
		<author>
			<persName xmlns="http://www.tei-c.org/ns/1.0"><forename type="first">Joel</forename><forename type="middle">R</forename><surname>Tetreault</surname></persName>
		</author>
	</analytic>
	<monogr>
		<title level="m">EMNLP</title>
		<imprint>
			<date type="published" when="2013" />
			<biblScope unit="page" from="124" to="129" />
		</imprint>
	</monogr>
</biblStruct>

<biblStruct >
	<analytic>
		<title level="a" type="main">A beam-search decoder for disfluency detection</title>
		<author>
			<persName xmlns="http://www.tei-c.org/ns/1.0"><forename type="first">Xuancong</forename><surname>Wang</surname></persName>
		</author>
		<author>
			<persName xmlns="http://www.tei-c.org/ns/1.0"><forename type="first">Hwee</forename><forename type="middle">Tou</forename><surname>Ng</surname></persName>
		</author>
		<author>
			<persName xmlns="http://www.tei-c.org/ns/1.0"><forename type="first">Khe Chai</forename><surname>Sim</surname></persName>
		</author>
	</analytic>
	<monogr>
		<title level="m">Proc. of COLING</title>
		<meeting>of COLING</meeting>
		<imprint>
			<date type="published" when="2014" />
		</imprint>
	</monogr>
</biblStruct>

<biblStruct >
	<analytic>
		<title level="a" type="main">A tale of two parsers: investigating and combining graphbased and transition-based dependency parsing using beam-search</title>
		<author>
			<persName xmlns="http://www.tei-c.org/ns/1.0"><forename type="first">Yue</forename><surname>Zhang</surname></persName>
		</author>
		<author>
			<persName xmlns="http://www.tei-c.org/ns/1.0"><forename type="first">Stephen</forename><surname>Clark</surname></persName>
		</author>
	</analytic>
	<monogr>
		<title level="m">Proceedings of the Conference on Empirical Methods in Natural Language Processing</title>
		<meeting>the Conference on Empirical Methods in Natural Language Processing</meeting>
		<imprint>
			<date type="published" when="2008" />
			<biblScope unit="page" from="562" to="571" />
		</imprint>
	</monogr>
	<note>Association for Computational Linguistics</note>
</biblStruct>

<biblStruct >
	<analytic>
		<title level="a" type="main">Transition-based dependency parsing with rich non-local features</title>
		<author>
			<persName xmlns="http://www.tei-c.org/ns/1.0"><forename type="first">Yue</forename><surname>Zhang</surname></persName>
		</author>
		<author>
			<persName xmlns="http://www.tei-c.org/ns/1.0"><forename type="first">Joakim</forename><surname>Nivre</surname></persName>
		</author>
	</analytic>
	<monogr>
		<title level="m">Proceedings of the 49th Annual Meeting of the Association for Computational Linguistics: Human Language Technologies: short papers</title>
		<meeting>the 49th Annual Meeting of the Association for Computational Linguistics: Human Language Technologies: short papers</meeting>
		<imprint>
			<date type="published" when="2011" />
			<biblScope unit="volume">2</biblScope>
			<biblScope unit="page" from="188" to="193" />
		</imprint>
	</monogr>
	<note>Association for Computational Linguistics</note>
</biblStruct>

<biblStruct >
	<analytic>
		<title level="a" type="main">A progressive feature selection algorithm for ultra large feature spaces</title>
		<author>
			<persName xmlns="http://www.tei-c.org/ns/1.0"><forename type="first">Qi</forename><surname>Zhang</surname></persName>
		</author>
		<author>
			<persName xmlns="http://www.tei-c.org/ns/1.0"><forename type="first">Fuliang</forename><surname>Weng</surname></persName>
		</author>
		<author>
			<persName xmlns="http://www.tei-c.org/ns/1.0"><forename type="first">Zhe</forename><surname>Feng</surname></persName>
		</author>
	</analytic>
	<monogr>
		<title level="m">Proceedings of the 21st International Conference on Computational Linguistics and the 44th annual meeting of the Association for Computational Linguistics</title>
		<meeting>the 21st International Conference on Computational Linguistics and the 44th annual meeting of the Association for Computational Linguistics</meeting>
		<imprint>
			<publisher>Association for Computational Linguistics</publisher>
			<date type="published" when="2006" />
			<biblScope unit="page" from="561" to="568" />
		</imprint>
	</monogr>
</biblStruct>

<biblStruct >
	<analytic>
		<title level="a" type="main">Punctuation prediction with transition-based parsing</title>
		<author>
			<persName xmlns="http://www.tei-c.org/ns/1.0"><forename type="first">Dongdong</forename><surname>Zhang</surname></persName>
		</author>
		<author>
			<persName xmlns="http://www.tei-c.org/ns/1.0"><forename type="first">Shuangzhi</forename><surname>Wu</surname></persName>
		</author>
		<author>
			<persName xmlns="http://www.tei-c.org/ns/1.0"><forename type="first">Nan</forename><surname>Yang</surname></persName>
		</author>
		<author>
			<persName xmlns="http://www.tei-c.org/ns/1.0"><forename type="first">Mu</forename><surname>Li</surname></persName>
		</author>
	</analytic>
	<monogr>
		<title level="m">ACL (1)</title>
		<imprint>
			<date type="published" when="2013" />
			<biblScope unit="page" from="752" to="760" />
		</imprint>
	</monogr>
</biblStruct>

<biblStruct >
	<analytic>
		<title level="a" type="main">The impact of language models and loss functions on repair disfluency detection</title>
		<author>
			<persName xmlns="http://www.tei-c.org/ns/1.0"><forename type="first">Simon</forename><surname>Zwarts</surname></persName>
		</author>
		<author>
			<persName xmlns="http://www.tei-c.org/ns/1.0"><forename type="first">Mark</forename><surname>Johnson</surname></persName>
		</author>
	</analytic>
	<monogr>
		<title level="m">Proceedings of the 49th Annual Meeting of the Association for Computational Linguistics: Human Language Technologies</title>
		<meeting>the 49th Annual Meeting of the Association for Computational Linguistics: Human Language Technologies</meeting>
		<imprint>
			<date type="published" when="2011" />
			<biblScope unit="volume">1</biblScope>
			<biblScope unit="page" from="703" to="711" />
		</imprint>
	</monogr>
	<note>Association for Computational Linguistics</note>
</biblStruct>

			</listBibl>
		</back>
	</text>
</TEI>
