<?xml version="1.0" ?>
<TEI xmlns="http://www.tei-c.org/ns/1.0" xmlns:xlink="http://www.w3.org/1999/xlink" 
 xmlns:mml="http://www.w3.org/1998/Math/MathML">
	<teiHeader>
		<fileDesc xml:id="f_1605"/>
	</teiHeader>
	<text>
		<front/>
		<body/>
		<back>
			<listBibl>
<biblStruct >
	<analytic>
		<title level="a" type="main">A generic unsupervised method for decomposing multi-author documents</title>
		<author>
			<persName xmlns="http://www.tei-c.org/ns/1.0"><forename type="first">Navot</forename><surname>Akiva</surname></persName>
		</author>
		<author>
			<persName xmlns="http://www.tei-c.org/ns/1.0"><forename type="first">Moshe</forename><surname>Koppel</surname></persName>
		</author>
	</analytic>
	<monogr>
		<title level="j">Journal of the American Society for Information Science and Technology</title>
		<imprint>
			<biblScope unit="volume">64</biblScope>
			<biblScope unit="issue">11</biblScope>
			<biblScope unit="page" from="2256" to="2264" />
			<date type="published" when="2013" />
		</imprint>
	</monogr>
</biblStruct>

<biblStruct >
	<analytic>
		<title level="a" type="main">A gentle tutorial of the em algorithm and its application to parameter estimation for gaussian mixture and hidden markov models</title>
		<author>
			<persName xmlns="http://www.tei-c.org/ns/1.0"><surname>Jeff A Bilmes</surname></persName>
		</author>
	</analytic>
	<monogr>
		<title level="j">Computer Science Institute</title>
		<imprint>
			<biblScope unit="volume">4</biblScope>
			<biblScope unit="issue">510</biblScope>
			<biblScope unit="page">126</biblScope>
			<date type="published" when="1998" />
		</imprint>
	</monogr>
</biblStruct>

<biblStruct >
	<analytic>
		<title level="a" type="main">Topic-based document segmentation with probabilistic latent semantic analysis</title>
		<author>
			<persName xmlns="http://www.tei-c.org/ns/1.0"><forename type="first">Thorsten</forename><surname>Brants</surname></persName>
		</author>
		<author>
			<persName xmlns="http://www.tei-c.org/ns/1.0"><forename type="first">Francine</forename><surname>Chen</surname></persName>
		</author>
		<author>
			<persName xmlns="http://www.tei-c.org/ns/1.0"><forename type="first">Ioannis</forename><surname>Tsochantaridis</surname></persName>
		</author>
	</analytic>
	<monogr>
		<title level="m">Proceedings of the eleventh international conference on Information and knowledge management</title>
		<meeting>the eleventh international conference on Information and knowledge management</meeting>
		<imprint>
			<publisher>ACM</publisher>
			<date type="published" when="2002" />
			<biblScope unit="page" from="211" to="218" />
		</imprint>
	</monogr>
</biblStruct>

<biblStruct >
	<analytic>
		<title level="a" type="main">Advances in domain independent linear text segmentation</title>
		<author>
			<persName xmlns="http://www.tei-c.org/ns/1.0"><forename type="first">Y</forename><forename type="middle">Y</forename><surname>Freddy</surname></persName>
		</author>
		<author>
			<persName xmlns="http://www.tei-c.org/ns/1.0"><surname>Choi</surname></persName>
		</author>
	</analytic>
	<monogr>
		<title level="m">Proceedings of the 1st North American chapter of the Association for Computational Linguistics conference</title>
		<meeting>the 1st North American chapter of the Association for Computational Linguistics conference</meeting>
		<imprint>
			<publisher>Association for Computational Linguistics</publisher>
			<date type="published" when="2000" />
			<biblScope unit="page" from="26" to="33" />
		</imprint>
	</monogr>
</biblStruct>

<biblStruct >
	<analytic>
		<title level="a" type="main">Topicbased multi-document summarization with probabilistic latent semantic analysis</title>
		<author>
			<persName xmlns="http://www.tei-c.org/ns/1.0"><forename type="first">Leonhard</forename><surname>Hennig</surname></persName>
		</author>
		<author>
			<persName xmlns="http://www.tei-c.org/ns/1.0"><forename type="first">Dai</forename><surname>Labor</surname></persName>
		</author>
	</analytic>
	<monogr>
		<title level="m">RANLP</title>
		<imprint>
			<date type="published" when="2009" />
			<biblScope unit="page" from="144" to="149" />
		</imprint>
	</monogr>
</biblStruct>

<biblStruct >
	<analytic>
		<title level="a" type="main">Unsupervised decomposition of a document into authorial components</title>
		<author>
			<persName xmlns="http://www.tei-c.org/ns/1.0"><forename type="first">Moshe</forename><surname>Koppel</surname></persName>
		</author>
		<author>
			<persName xmlns="http://www.tei-c.org/ns/1.0"><forename type="first">Navot</forename><surname>Akiva</surname></persName>
		</author>
		<author>
			<persName xmlns="http://www.tei-c.org/ns/1.0"><forename type="first">Idan</forename><surname>Dershowitz</surname></persName>
		</author>
		<author>
			<persName xmlns="http://www.tei-c.org/ns/1.0"><forename type="first">Nachum</forename><surname>Dershowitz</surname></persName>
		</author>
	</analytic>
	<monogr>
		<title level="m">Proceedings of the 49th Annual Meeting of the Association for Computational Linguistics: Human Language Technologies</title>
		<meeting>the 49th Annual Meeting of the Association for Computational Linguistics: Human Language Technologies</meeting>
		<imprint>
			<publisher>Association for Computational Linguistics</publisher>
			<date type="published" when="2011" />
			<biblScope unit="volume">1</biblScope>
			<biblScope unit="page" from="1356" to="1364" />
		</imprint>
	</monogr>
</biblStruct>

<biblStruct >
	<analytic>
		<title level="a" type="main">Automated unsupervised authorship analysis using evidence accumulation clustering</title>
		<author>
			<persName xmlns="http://www.tei-c.org/ns/1.0"><forename type="first">Robert</forename><surname>Layton</surname></persName>
		</author>
		<author>
			<persName xmlns="http://www.tei-c.org/ns/1.0"><forename type="first">Paul</forename><surname>Watters</surname></persName>
		</author>
		<author>
			<persName xmlns="http://www.tei-c.org/ns/1.0"><forename type="first">Richard</forename><surname>Dazeley</surname></persName>
		</author>
	</analytic>
	<monogr>
		<title level="j">Natural Language Engineering</title>
		<imprint>
			<biblScope unit="volume">19</biblScope>
			<biblScope unit="issue">01</biblScope>
			<biblScope unit="page" from="95" to="120" />
			<date type="published" when="2013" />
		</imprint>
	</monogr>
</biblStruct>

<biblStruct >
	<analytic>
		<title level="a" type="main">Text segmentation via topic modeling: an analytical study</title>
		<author>
			<persName xmlns="http://www.tei-c.org/ns/1.0"><forename type="first">Hemant</forename><surname>Misra</surname></persName>
		</author>
		<author>
			<persName xmlns="http://www.tei-c.org/ns/1.0"><forename type="first">François</forename><surname>Yvon</surname></persName>
		</author>
		<author>
			<persName xmlns="http://www.tei-c.org/ns/1.0"><forename type="first">M</forename><surname>Joemon</surname></persName>
		</author>
		<author>
			<persName xmlns="http://www.tei-c.org/ns/1.0"><forename type="first">Olivier</forename><surname>Jose</surname></persName>
		</author>
		<author>
			<persName xmlns="http://www.tei-c.org/ns/1.0"><surname>Cappe</surname></persName>
		</author>
	</analytic>
	<monogr>
		<title level="m">Proceedings of the 18th ACM conference on Information and knowledge management</title>
		<meeting>the 18th ACM conference on Information and knowledge management</meeting>
		<imprint>
			<publisher>ACM</publisher>
			<date type="published" when="2009" />
			<biblScope unit="page" from="1553" to="1556" />
		</imprint>
	</monogr>
</biblStruct>

<biblStruct >
	<analytic>
		<title level="a" type="main">An open-set size-adjusted bayesian classifier for authorship attribution</title>
		<author>
			<persName xmlns="http://www.tei-c.org/ns/1.0"><forename type="first">G</forename><surname>Bruce Schaalje</surname></persName>
		</author>
		<author>
			<persName xmlns="http://www.tei-c.org/ns/1.0"><forename type="first">Natalie</forename><forename type="middle">J</forename><surname>Blades</surname></persName>
		</author>
		<author>
			<persName xmlns="http://www.tei-c.org/ns/1.0"><forename type="first">Tomohiko</forename><surname>Funai</surname></persName>
		</author>
	</analytic>
	<monogr>
		<title level="j">Journal of the American Society for Information Science and Technology</title>
		<imprint>
			<biblScope unit="volume">64</biblScope>
			<biblScope unit="issue">9</biblScope>
			<biblScope unit="page" from="1815" to="1825" />
			<date type="published" when="2013" />
		</imprint>
	</monogr>
</biblStruct>

<biblStruct >
	<monogr>
				<author>
			<persName xmlns="http://www.tei-c.org/ns/1.0"><forename type="first">Santiago</forename><surname>Segarra</surname></persName>
		</author>
		<author>
			<persName xmlns="http://www.tei-c.org/ns/1.0"><forename type="first">Mark</forename><surname>Eisen</surname></persName>
		</author>
		<author>
			<persName xmlns="http://www.tei-c.org/ns/1.0"><forename type="first">Alejandro</forename><surname>Ribeiro</surname></persName>
		</author>
		<idno type="arXiv">arXiv:1406.4469</idno>
		<title level="m">Authorship attribution through function word adjacency networks</title>
		<imprint>
			<date type="published" when="2014" />
		</imprint>
	</monogr>
<note type="report_type">arXiv preprint</note>
</biblStruct>

			</listBibl>
		</back>
	</text>
</TEI>
