<?xml version="1.0" ?>
<TEI xmlns="http://www.tei-c.org/ns/1.0" xmlns:xlink="http://www.w3.org/1999/xlink" 
 xmlns:mml="http://www.w3.org/1998/Math/MathML">
	<teiHeader>
		<fileDesc xml:id="f_801"/>
	</teiHeader>
	<text>
		<front/>
		<body/>
		<back>
			<listBibl>
<biblStruct >
	<monogr>
				<author>
			<persName xmlns="http://www.tei-c.org/ns/1.0"><forename type="first">Mary</forename><surname>Beckman</surname></persName>
		</author>
		<author>
			<persName xmlns="http://www.tei-c.org/ns/1.0"><forename type="first">Julia</forename><surname>Hirschberg</surname></persName>
		</author>
		<ptr target="http://www.ling.ohio-state.edu/˜tobi/ame_tobi/annotation_conventions.html" />
		<title level="m">The ToBI Annotation Conventions</title>
		<imprint>
			<date type="published" when="1999" />
		</imprint>
	</monogr>
</biblStruct>

<biblStruct >
	<analytic>
		<title level="a" type="main">The Extended DIRNDL Corpus as a Resource for Coreference and Bridging Resolution</title>
		<author>
			<persName xmlns="http://www.tei-c.org/ns/1.0"><forename type="first">Anders</forename><surname>Björkelund</surname></persName>
		</author>
		<author>
			<persName xmlns="http://www.tei-c.org/ns/1.0"><forename type="first">Kerstin</forename><surname>Eckart</surname></persName>
		</author>
		<author>
			<persName xmlns="http://www.tei-c.org/ns/1.0"><forename type="first">Arndt</forename><surname>Riester</surname></persName>
		</author>
		<author>
			<persName xmlns="http://www.tei-c.org/ns/1.0"><forename type="first">Nadja</forename><surname>Schauffler</surname></persName>
		</author>
		<author>
			<persName xmlns="http://www.tei-c.org/ns/1.0"><forename type="first">Katrin</forename><surname>Schweitzer</surname></persName>
		</author>
	</analytic>
	<monogr>
		<title level="m">LREC</title>
		<imprint>
			<date type="published" when="2014" />
		</imprint>
	</monogr>
</biblStruct>

<biblStruct >
	<analytic>
		<title level="a" type="main">A modified &quot;PaIntE&quot; model for Italian TTS</title>
		<author>
			<persName xmlns="http://www.tei-c.org/ns/1.0"><forename type="first">P</forename><surname>Cosi</surname></persName>
		</author>
		<author>
			<persName xmlns="http://www.tei-c.org/ns/1.0"><forename type="first">C</forename><surname>Avesani</surname></persName>
		</author>
		<author>
			<persName xmlns="http://www.tei-c.org/ns/1.0"><forename type="first">F</forename><surname>Tesser</surname></persName>
		</author>
		<author>
			<persName xmlns="http://www.tei-c.org/ns/1.0"><forename type="first">R</forename><surname>Gretter</surname></persName>
		</author>
		<author>
			<persName xmlns="http://www.tei-c.org/ns/1.0"><forename type="first">F</forename><surname>Pianesi</surname></persName>
		</author>
	</analytic>
	<monogr>
		<title level="m">Proceedings of 2002 IEEE Workshop on</title>
		<meeting>2002 IEEE Workshop on</meeting>
		<imprint>
			<date type="published" when="2002" />
			<biblScope unit="page" from="131" to="134" />
		</imprint>
	</monogr>
	<note>Speech Synthesis</note>
</biblStruct>

<biblStruct >
	<analytic>
		<title level="a" type="main">An Infrastructure for More Reliable Corpus Analysis</title>
		<author>
			<persName xmlns="http://www.tei-c.org/ns/1.0"><forename type="first">Kerstin</forename><surname>Eckart</surname></persName>
		</author>
		<author>
			<persName xmlns="http://www.tei-c.org/ns/1.0"><forename type="first">Kurt</forename><surname>Eberle</surname></persName>
		</author>
		<author>
			<persName xmlns="http://www.tei-c.org/ns/1.0"><forename type="first">Ulrich</forename><surname>Heid</surname></persName>
		</author>
	</analytic>
	<monogr>
		<title level="m">LREC: Workshop on Web Services and Processing Pipelines in HLT</title>
		<meeting><address><addrLine>Valletta</addrLine></address></meeting>
		<imprint>
			<date type="published" when="2010" />
			<biblScope unit="page" from="8" to="14" />
		</imprint>
	</monogr>
</biblStruct>

<biblStruct >
	<analytic>
		<title level="a" type="main">A Discourse Information Radio News Database for Linguistic Analysis</title>
		<author>
			<persName xmlns="http://www.tei-c.org/ns/1.0"><forename type="first">Kerstin</forename><surname>Eckart</surname></persName>
		</author>
		<author>
			<persName xmlns="http://www.tei-c.org/ns/1.0"><forename type="first">Arndt</forename><surname>Riester</surname></persName>
		</author>
		<author>
			<persName xmlns="http://www.tei-c.org/ns/1.0"><forename type="first">Katrin</forename><surname>Schweitzer</surname></persName>
		</author>
	</analytic>
	<monogr>
		<title level="m">Linked Data in Linguistics</title>
		<editor>Christian Chiarcos, Sebastian Nordhoff, and Sebastian Hellmann</editor>
		<imprint>
			<date type="published" when="2012" />
			<biblScope unit="page">65</biblScope>
		</imprint>
	</monogr>
</biblStruct>

<biblStruct >
	<monogr>
		<title/>
		<author>
			<persName xmlns="http://www.tei-c.org/ns/1.0"><forename type="first">Heidelberg</forename><surname>Springer</surname></persName>
		</author>
		<imprint/>
	</monogr>
</biblStruct>

<biblStruct >
	<analytic>
		<title level="a" type="main">The TREC Spoken Document Retrieval Track: A Success Story</title>
		<author>
			<persName xmlns="http://www.tei-c.org/ns/1.0"><forename type="first">John</forename><forename type="middle">S</forename><surname>Garofolo</surname></persName>
		</author>
		<author>
			<persName xmlns="http://www.tei-c.org/ns/1.0"><forename type="first">Cedric</forename><forename type="middle">G P</forename><surname>Auzanne</surname></persName>
		</author>
		<author>
			<persName xmlns="http://www.tei-c.org/ns/1.0"><forename type="first">Ellen</forename><forename type="middle">M</forename><surname>Voorhees</surname></persName>
		</author>
	</analytic>
	<monogr>
		<title level="m">Text Retrieval Conference (TREC)</title>
		<imprint>
			<date type="published" when="2000" />
			<biblScope unit="volume">8</biblScope>
			<biblScope unit="page" from="16" to="19" />
		</imprint>
	</monogr>
</biblStruct>

<biblStruct >
	<analytic>
		<title level="a" type="main">ICARUS-An Extensible Graphical Search Tool for Dependency Treebanks</title>
		<author>
			<persName xmlns="http://www.tei-c.org/ns/1.0"><forename type="first">Markus</forename><surname>Gärtner</surname></persName>
		</author>
		<author>
			<persName xmlns="http://www.tei-c.org/ns/1.0"><forename type="first">Gregor</forename><surname>Thiele</surname></persName>
		</author>
		<author>
			<persName xmlns="http://www.tei-c.org/ns/1.0"><forename type="first">Wolfgang</forename><surname>Seeker</surname></persName>
		</author>
		<author>
			<persName xmlns="http://www.tei-c.org/ns/1.0"><forename type="first">Anders</forename><surname>Björkelund</surname></persName>
		</author>
		<author>
			<persName xmlns="http://www.tei-c.org/ns/1.0"><forename type="first">Jonas</forename><surname>Kuhn</surname></persName>
		</author>
	</analytic>
	<monogr>
		<title level="m">ACL: System Demonstrations</title>
		<meeting><address><addrLine>Sofia, Bulgaria</addrLine></address></meeting>
		<imprint>
			<date type="published" when="2013" />
			<biblScope unit="page" from="55" to="60" />
		</imprint>
	</monogr>
</biblStruct>

<biblStruct >
	<analytic>
		<title level="a" type="main">Visualization, Search, and Error Analysis for Coreference Annotations</title>
		<author>
			<persName xmlns="http://www.tei-c.org/ns/1.0"><forename type="first">Markus</forename><surname>Gärtner</surname></persName>
		</author>
		<author>
			<persName xmlns="http://www.tei-c.org/ns/1.0"><forename type="first">Anders</forename><surname>Björkelund</surname></persName>
		</author>
		<author>
			<persName xmlns="http://www.tei-c.org/ns/1.0"><forename type="first">Gregor</forename><surname>Thiele</surname></persName>
		</author>
		<author>
			<persName xmlns="http://www.tei-c.org/ns/1.0"><forename type="first">Wolfgang</forename><surname>Seeker</surname></persName>
		</author>
		<author>
			<persName xmlns="http://www.tei-c.org/ns/1.0"><forename type="first">Jonas</forename><surname>Kuhn</surname></persName>
		</author>
	</analytic>
	<monogr>
		<title level="m">ACL: System Demonstrations</title>
		<meeting><address><addrLine>Baltimore, Maryland</addrLine></address></meeting>
		<imprint>
			<date type="published" when="2014" />
			<biblScope unit="page" from="7" to="12" />
		</imprint>
	</monogr>
</biblStruct>

<biblStruct >
	<analytic>
		<title level="a" type="main">Examining Lexical Tonal Contrast in Norwegian Using Intonation Modelling</title>
		<author>
			<persName xmlns="http://www.tei-c.org/ns/1.0"><forename type="first">Niamh</forename><surname>Kelly</surname></persName>
		</author>
		<author>
			<persName xmlns="http://www.tei-c.org/ns/1.0"><forename type="first">Katrin</forename><surname>Schweitzer</surname></persName>
		</author>
	</analytic>
	<monogr>
		<title level="m">Proceedings of the 18th International Congress of Phonetic Sciences</title>
		<meeting>the 18th International Congress of Phonetic Sciences<address><addrLine>Glasgow, UK.</addrLine></address></meeting>
		<imprint/>
	</monogr>
	<note>in press</note>
</biblStruct>

<biblStruct >
	<analytic>
		<title level="a" type="main">Describing intonation with a parametric model</title>
		<author>
			<persName xmlns="http://www.tei-c.org/ns/1.0"><forename type="first">Gregor</forename><surname>Möhler</surname></persName>
		</author>
	</analytic>
	<monogr>
		<title level="m">ICSLP</title>
		<imprint>
			<date type="published" when="1998" />
			<biblScope unit="volume">7</biblScope>
			<biblScope unit="page" from="2851" to="2854" />
		</imprint>
	</monogr>
</biblStruct>

<biblStruct >
	<analytic>
		<title level="a" type="main">Improvements of the PaIntE model for F 0 parametrization</title>
		<author>
			<persName xmlns="http://www.tei-c.org/ns/1.0"><forename type="first">Gregor</forename><surname>Möhler</surname></persName>
		</author>
	</analytic>
	<monogr>
		<title level="m">stitute of Natural Language Processing</title>
		<imprint>
			<date type="published" when="2001" />
		</imprint>
		<respStmt>
			<orgName>University of Stuttgart. Draft version</orgName>
		</respStmt>
	</monogr>
<note type="report_type">Technical report</note>
</biblStruct>

<biblStruct >
	<analytic>
		<title level="a" type="main">System for Querying Syntactically Annotated Corpora</title>
		<author>
			<persName xmlns="http://www.tei-c.org/ns/1.0"><forename type="first">Petr</forename><surname>Pajas</surname></persName>
		</author>
		<author>
			<persName xmlns="http://www.tei-c.org/ns/1.0"><forename type="first">Jaň</forename><surname>Stěpánek</surname></persName>
		</author>
	</analytic>
	<monogr>
		<title level="m">ACLIJCNLP: Software Demonstrations</title>
		<meeting><address><addrLine>Suntec, Singapore</addrLine></address></meeting>
		<imprint>
			<date type="published" when="2009" />
			<biblScope unit="page" from="33" to="36" />
		</imprint>
	</monogr>
</biblStruct>

<biblStruct >
	<analytic>
		<title level="a" type="main">CoNLL-2011 Shared Task: Modeling Unrestricted Coreference in OntoNotes</title>
		<author>
			<persName xmlns="http://www.tei-c.org/ns/1.0"><forename type="first">Lance</forename><surname>Sameer Pradhan</surname></persName>
		</author>
		<author>
			<persName xmlns="http://www.tei-c.org/ns/1.0"><forename type="first">Mitchell</forename><surname>Ramshaw</surname></persName>
		</author>
		<author>
			<persName xmlns="http://www.tei-c.org/ns/1.0"><forename type="first">Martha</forename><surname>Marcus</surname></persName>
		</author>
		<author>
			<persName xmlns="http://www.tei-c.org/ns/1.0"><forename type="first">Ralph</forename><surname>Palmer</surname></persName>
		</author>
		<author>
			<persName xmlns="http://www.tei-c.org/ns/1.0"><forename type="first">Nianwen</forename><surname>Weischedel</surname></persName>
		</author>
		<author>
			<persName xmlns="http://www.tei-c.org/ns/1.0"><surname>Xue</surname></persName>
		</author>
	</analytic>
	<monogr>
		<title level="m">CoNLL: Shared Task</title>
		<meeting><address><addrLine>Portland, Oregon, USA</addrLine></address></meeting>
		<imprint>
			<date type="published" when="2011" />
			<biblScope unit="page" from="1" to="27" />
		</imprint>
	</monogr>
</biblStruct>

<biblStruct >
	<analytic>
		<title level="a" type="main">CoNLL2012 Shared Task: Modeling Multilingual Unrestricted Coreference in OntoNotes</title>
		<author>
			<persName xmlns="http://www.tei-c.org/ns/1.0"><forename type="first">Alessandro</forename><surname>Sameer Pradhan</surname></persName>
		</author>
		<author>
			<persName xmlns="http://www.tei-c.org/ns/1.0"><forename type="first">Nianwen</forename><surname>Moschitti</surname></persName>
		</author>
		<author>
			<persName xmlns="http://www.tei-c.org/ns/1.0"><forename type="first">Olga</forename><surname>Xue</surname></persName>
		</author>
		<author>
			<persName xmlns="http://www.tei-c.org/ns/1.0"><forename type="first">Yuchen</forename><surname>Uryupina</surname></persName>
		</author>
		<author>
			<persName xmlns="http://www.tei-c.org/ns/1.0"><surname>Zhang</surname></persName>
		</author>
	</analytic>
	<monogr>
		<title level="m">EMNLPCoNLL: Shared Task</title>
		<meeting><address><addrLine>Jeju Island</addrLine></address></meeting>
		<imprint>
			<publisher>Korea</publisher>
			<date type="published" when="2012" />
			<biblScope unit="page" from="1" to="40" />
		</imprint>
	</monogr>
</biblStruct>

<biblStruct >
	<monogr>
				<author>
			<persName xmlns="http://www.tei-c.org/ns/1.0"><forename type="first">Arndt</forename><surname>Riester</surname></persName>
		</author>
		<author>
			<persName xmlns="http://www.tei-c.org/ns/1.0"><forename type="first">Jörn</forename><surname>Piontek</surname></persName>
		</author>
		<title level="m">press. Anarchy in the NP. When new nouns get deaccented and given nouns don&apos;t. Lingua</title>
		<imprint/>
	</monogr>
</biblStruct>

<biblStruct >
	<analytic>
		<title level="a" type="main">Exploring the relationship between intonation and the lexicon: Evidence for lexicalised storage of intonation</title>
		<author>
			<persName xmlns="http://www.tei-c.org/ns/1.0"><forename type="first">Katrin</forename><surname>Schweitzer</surname></persName>
		</author>
		<author>
			<persName xmlns="http://www.tei-c.org/ns/1.0"><forename type="first">Michael</forename><surname>Walsh</surname></persName>
		</author>
		<author>
			<persName xmlns="http://www.tei-c.org/ns/1.0"><forename type="first">Sasha</forename><surname>Calhoun</surname></persName>
		</author>
		<author>
			<persName xmlns="http://www.tei-c.org/ns/1.0"><forename type="first">Hinrich</forename><surname>Schütze</surname></persName>
		</author>
		<author>
			<persName xmlns="http://www.tei-c.org/ns/1.0"><forename type="first">Bernd</forename><surname>Möbius</surname></persName>
		</author>
	</analytic>
	<monogr>
		<title level="j">Speech Communication</title>
		<imprint>
			<biblScope unit="volume">66</biblScope>
			<biblScope unit="issue">0</biblScope>
			<biblScope unit="page" from="65" to="81" />
			<date type="published" when="2015" />
		</imprint>
	</monogr>
	<note>Antje Schweitzer, and Grzegorz Dogil</note>
</biblStruct>

<biblStruct >
	<analytic>
		<title level="a" type="main">Automatic ToBI Prediction and Alignment to Speed Manual Labeling of Prosody</title>
		<author>
			<persName xmlns="http://www.tei-c.org/ns/1.0"><forename type="first">Ann</forename><forename type="middle">K</forename><surname>Syrdal</surname></persName>
		</author>
		<author>
			<persName xmlns="http://www.tei-c.org/ns/1.0"><forename type="first">Julia</forename><surname>Hirschberg</surname></persName>
		</author>
		<author>
			<persName xmlns="http://www.tei-c.org/ns/1.0"><forename type="first">Julie</forename><surname>Mcgory</surname></persName>
		</author>
		<author>
			<persName xmlns="http://www.tei-c.org/ns/1.0"><forename type="first">Mary</forename><surname>Beckman</surname></persName>
		</author>
	</analytic>
	<monogr>
		<title level="j">Speech Commun</title>
		<imprint>
			<biblScope unit="volume">33</biblScope>
			<biblScope unit="issue">1-2</biblScope>
			<biblScope unit="page" from="135" to="151" />
			<date type="published" when="2001" />
		</imprint>
	</monogr>
</biblStruct>

<biblStruct >
	<analytic>
		<title level="a" type="main">Givenness and Locality</title>
		<author>
			<persName xmlns="http://www.tei-c.org/ns/1.0"><forename type="first">Michael</forename><surname>Wagner</surname></persName>
		</author>
	</analytic>
	<monogr>
		<title level="m">Proceedings of SALT XVI</title>
		<editor>Masayuki Gibson and Jonathan Howell</editor>
		<meeting>SALT XVI</meeting>
		<imprint>
			<date type="published" when="2006" />
			<biblScope unit="page" from="295" to="312" />
		</imprint>
	</monogr>
</biblStruct>

<biblStruct >
	<analytic>
		<title level="a" type="main">ELAN: a Professional Framework for Multimodality Research</title>
		<author>
			<persName xmlns="http://www.tei-c.org/ns/1.0"><forename type="first">P</forename><surname>Wittenburg</surname></persName>
		</author>
		<author>
			<persName xmlns="http://www.tei-c.org/ns/1.0"><forename type="first">H</forename><surname>Brugman</surname></persName>
		</author>
		<author>
			<persName xmlns="http://www.tei-c.org/ns/1.0"><forename type="first">A</forename><surname>Russel</surname></persName>
		</author>
		<author>
			<persName xmlns="http://www.tei-c.org/ns/1.0"><forename type="first">A</forename><surname>Klassmann</surname></persName>
		</author>
		<author>
			<persName xmlns="http://www.tei-c.org/ns/1.0"><forename type="first">H</forename><surname>Sloetjes</surname></persName>
		</author>
	</analytic>
	<monogr>
		<title level="m">LREC</title>
		<imprint>
			<date type="published" when="2006" />
		</imprint>
	</monogr>
</biblStruct>

<biblStruct >
	<analytic>
		<title level="a" type="main">ANNIS: A Search Tool for MultiLayer Annotated Corpora</title>
		<author>
			<persName xmlns="http://www.tei-c.org/ns/1.0"><forename type="first">Amir</forename><surname>Zeldes</surname></persName>
		</author>
		<author>
			<persName xmlns="http://www.tei-c.org/ns/1.0"><forename type="first">Julia</forename><surname>Ritz</surname></persName>
		</author>
	</analytic>
	<monogr>
		<title level="m">Proceedings of Corpus Linguistics</title>
		<meeting>Corpus Linguistics</meeting>
		<imprint>
			<date type="published" when="2009" />
		</imprint>
	</monogr>
	<note>Anke Lüdeling, and Christian Chiarcos</note>
</biblStruct>

			</listBibl>
		</back>
	</text>
</TEI>
