<?xml version="1.0" ?>
<TEI xmlns="http://www.tei-c.org/ns/1.0" xmlns:xlink="http://www.w3.org/1999/xlink" 
 xmlns:mml="http://www.w3.org/1998/Math/MathML">
	<teiHeader>
		<fileDesc xml:id="f_312"/>
	</teiHeader>
	<text>
		<front/>
		<body/>
		<back>
			<listBibl>
<biblStruct >
	<analytic>
		<title level="a" type="main">Knowledge sharing and yahoo answers: Everyone knows something</title>
		<author>
			<persName xmlns="http://www.tei-c.org/ns/1.0"><forename type="first">A</forename><surname>Lada</surname></persName>
		</author>
		<author>
			<persName xmlns="http://www.tei-c.org/ns/1.0"><forename type="first">Jun</forename><surname>Adamic</surname></persName>
		</author>
		<author>
			<persName xmlns="http://www.tei-c.org/ns/1.0"><forename type="first">Eytan</forename><surname>Zhang</surname></persName>
		</author>
		<author>
			<persName xmlns="http://www.tei-c.org/ns/1.0"><forename type="first">Mark</forename><forename type="middle">S</forename><surname>Bakshy</surname></persName>
		</author>
		<author>
			<persName xmlns="http://www.tei-c.org/ns/1.0"><surname>Ackerman</surname></persName>
		</author>
	</analytic>
	<monogr>
		<title level="m">Proceedings of WWW</title>
		<meeting>WWW</meeting>
		<imprint>
			<date type="published" when="2008" />
			<biblScope unit="page" from="665" to="674" />
		</imprint>
	</monogr>
</biblStruct>

<biblStruct >
	<analytic>
		<title level="a" type="main">A neural probabilistic language model</title>
		<author>
			<persName xmlns="http://www.tei-c.org/ns/1.0"><forename type="first">Yoshua</forename><surname>Bengio</surname></persName>
		</author>
		<author>
			<persName xmlns="http://www.tei-c.org/ns/1.0"><forename type="first">Réjean</forename><surname>Ducharme</surname></persName>
		</author>
		<author>
			<persName xmlns="http://www.tei-c.org/ns/1.0"><forename type="first">Pascal</forename><surname>Vincent</surname></persName>
		</author>
		<author>
			<persName xmlns="http://www.tei-c.org/ns/1.0"><forename type="first">Christian</forename><surname>Janvin</surname></persName>
		</author>
	</analytic>
	<monogr>
		<title level="j">J. Mach. Learn. Res</title>
		<imprint>
			<biblScope unit="page">3</biblScope>
			<date type="published" when="2003" />
		</imprint>
	</monogr>
</biblStruct>

<biblStruct >
	<analytic>
		<title level="a" type="main">Combining lexical semantic resources with question &amp; answer archives for translation-based answer finding</title>
		<author>
			<persName xmlns="http://www.tei-c.org/ns/1.0"><forename type="first">Delphine</forename><surname>Bernhard</surname></persName>
		</author>
		<author>
			<persName xmlns="http://www.tei-c.org/ns/1.0"><forename type="first">Iryna</forename><surname>Gurevych</surname></persName>
		</author>
	</analytic>
	<monogr>
		<title level="m">Proceedings of ACL-IJCNLP</title>
		<meeting>ACL-IJCNLP</meeting>
		<imprint>
			<date type="published" when="2009" />
		</imprint>
	</monogr>
</biblStruct>

<biblStruct >
	<analytic>
		<title level="a" type="main">Learning the latent topics for question retrieval in community qa</title>
		<author>
			<persName xmlns="http://www.tei-c.org/ns/1.0"><forename type="first">Li</forename><surname>Cai</surname></persName>
		</author>
		<author>
			<persName xmlns="http://www.tei-c.org/ns/1.0"><forename type="first">Guangyou</forename><surname>Zhou</surname></persName>
		</author>
		<author>
			<persName xmlns="http://www.tei-c.org/ns/1.0"><forename type="first">Kang</forename><surname>Liu</surname></persName>
		</author>
	</analytic>
	<monogr>
		<title level="m">Proceedings of IJCNLP</title>
		<meeting>IJCNLP</meeting>
		<imprint>
			<date type="published" when="2011" />
			<biblScope unit="page" from="273" to="281" />
		</imprint>
	</monogr>
</biblStruct>

<biblStruct >
	<analytic>
		<title level="a" type="main">A generalized framework of exploring category information for question retrieval in community question answer archives</title>
		<author>
			<persName xmlns="http://www.tei-c.org/ns/1.0"><forename type="first">Xin</forename><surname>Cao</surname></persName>
		</author>
		<author>
			<persName xmlns="http://www.tei-c.org/ns/1.0"><forename type="first">Gao</forename><surname>Cong</surname></persName>
		</author>
		<author>
			<persName xmlns="http://www.tei-c.org/ns/1.0"><forename type="first">Bin</forename><surname>Cui</surname></persName>
		</author>
		<author>
			<persName xmlns="http://www.tei-c.org/ns/1.0"><forename type="first">Christian</forename><forename type="middle">S</forename><surname>Jensen</surname></persName>
		</author>
	</analytic>
	<monogr>
		<title level="m">Proceedings of WWW</title>
		<meeting>WWW</meeting>
		<imprint>
			<date type="published" when="2010" />
			<biblScope unit="page" from="201" to="210" />
		</imprint>
	</monogr>
</biblStruct>

<biblStruct >
	<analytic>
		<title level="a" type="main">Improving term weighting for community question answering search using syntactic analysis</title>
		<author>
			<persName xmlns="http://www.tei-c.org/ns/1.0"><forename type="first">David</forename><surname>Carmel</surname></persName>
		</author>
		<author>
			<persName xmlns="http://www.tei-c.org/ns/1.0"><forename type="first">Avihai</forename><surname>Mejer</surname></persName>
		</author>
		<author>
			<persName xmlns="http://www.tei-c.org/ns/1.0"><forename type="first">Yuval</forename><surname>Pinter</surname></persName>
		</author>
		<author>
			<persName xmlns="http://www.tei-c.org/ns/1.0"><forename type="first">Idan</forename><surname>Szpektor</surname></persName>
		</author>
	</analytic>
	<monogr>
		<title level="m">Proceedings of CIKM</title>
		<meeting>CIKM</meeting>
		<imprint>
			<date type="published" when="2014" />
			<biblScope unit="page" from="351" to="360" />
		</imprint>
	</monogr>
</biblStruct>

<biblStruct >
	<analytic>
		<title level="a" type="main">Aggregating continuous word embeddings for information retrieval</title>
		<author>
			<persName xmlns="http://www.tei-c.org/ns/1.0"><forename type="first">Stephane</forename><surname>Clinchant</surname></persName>
		</author>
		<author>
			<persName xmlns="http://www.tei-c.org/ns/1.0"><forename type="first">Florent</forename><surname>Perronnin</surname></persName>
		</author>
	</analytic>
	<monogr>
		<title level="m">Proceedings of the Workshop on Continuous Vector Space Models and their Compositionality</title>
		<meeting>the Workshop on Continuous Vector Space Models and their Compositionality</meeting>
		<imprint>
			<date type="published" when="2013" />
			<biblScope unit="page" from="100" to="109" />
		</imprint>
	</monogr>
</biblStruct>

<biblStruct >
	<analytic>
		<title level="a" type="main">Searching questions by identifying question topic and question focus</title>
		<author>
			<persName xmlns="http://www.tei-c.org/ns/1.0"><forename type="first">Yunbo</forename><surname>Huizhong Duan</surname></persName>
		</author>
		<author>
			<persName xmlns="http://www.tei-c.org/ns/1.0"><surname>Cao</surname></persName>
		</author>
		<author>
			<persName xmlns="http://www.tei-c.org/ns/1.0"><forename type="first">Yong</forename><surname>Chin Yew Lin</surname></persName>
		</author>
		<author>
			<persName xmlns="http://www.tei-c.org/ns/1.0"><surname>Yu</surname></persName>
		</author>
	</analytic>
	<monogr>
		<title level="m">Proceedings of ACL</title>
		<meeting>ACL</meeting>
		<imprint>
			<date type="published" when="2008" />
		</imprint>
	</monogr>
</biblStruct>

<biblStruct >
	<analytic>
		<title level="a" type="main">Improving word representations via global context and multiple word prototypes</title>
		<author>
			<persName xmlns="http://www.tei-c.org/ns/1.0"><forename type="first">Eric</forename><forename type="middle">H</forename><surname>Huang</surname></persName>
		</author>
		<author>
			<persName xmlns="http://www.tei-c.org/ns/1.0"><forename type="first">Richard</forename><surname>Socher</surname></persName>
		</author>
		<author>
			<persName xmlns="http://www.tei-c.org/ns/1.0"><forename type="first">Christopher</forename><forename type="middle">D</forename><surname>Manning</surname></persName>
		</author>
		<author>
			<persName xmlns="http://www.tei-c.org/ns/1.0"><forename type="first">Andrew</forename><forename type="middle">Y</forename><surname>Ng</surname></persName>
		</author>
	</analytic>
	<monogr>
		<title level="m">Proceedings of ACL</title>
		<meeting>ACL</meeting>
		<imprint>
			<date type="published" when="2012" />
			<biblScope unit="page" from="873" to="882" />
		</imprint>
	</monogr>
</biblStruct>

<biblStruct >
	<analytic>
		<title level="a" type="main">Finding similar questions in large question and answer archives</title>
		<author>
			<persName xmlns="http://www.tei-c.org/ns/1.0"><forename type="first">W</forename><forename type="middle">Bruce</forename><surname>Jiwoon Jeon</surname></persName>
		</author>
		<author>
			<persName xmlns="http://www.tei-c.org/ns/1.0"><forename type="first">Joon Ho</forename><surname>Croft</surname></persName>
		</author>
		<author>
			<persName xmlns="http://www.tei-c.org/ns/1.0"><surname>Lee</surname></persName>
		</author>
	</analytic>
	<monogr>
		<title level="m">Proceedings of CIKM</title>
		<meeting>CIKM</meeting>
		<imprint>
			<date type="published" when="2005" />
		</imprint>
	</monogr>
</biblStruct>

<biblStruct >
	<analytic>
		<title level="a" type="main">Question-answer topic model for question retrieval in community question answering</title>
		<author>
			<persName xmlns="http://www.tei-c.org/ns/1.0"><forename type="first">Zongcheng</forename><surname>Ji</surname></persName>
		</author>
		<author>
			<persName xmlns="http://www.tei-c.org/ns/1.0"><forename type="first">Fei</forename><surname>Xu</surname></persName>
		</author>
		<author>
			<persName xmlns="http://www.tei-c.org/ns/1.0"><forename type="first">Bin</forename><surname>Wang</surname></persName>
		</author>
		<author>
			<persName xmlns="http://www.tei-c.org/ns/1.0"><forename type="first">Ben</forename><surname>He</surname></persName>
		</author>
	</analytic>
	<monogr>
		<title level="m">Proceedings of CIKM</title>
		<meeting>CIKM</meeting>
		<imprint>
			<date type="published" when="2012" />
			<biblScope unit="page" from="2471" to="2474" />
		</imprint>
	</monogr>
</biblStruct>

<biblStruct >
	<analytic>
		<title level="a" type="main">Bridging lexical gaps between queries and questions on large online q&amp;a collections with compact translation models</title>
		<author>
			<persName xmlns="http://www.tei-c.org/ns/1.0"><forename type="first">Jung-Tae</forename><surname>Lee</surname></persName>
		</author>
		<author>
			<persName xmlns="http://www.tei-c.org/ns/1.0"><forename type="first">Sang-Bum</forename><surname>Kim</surname></persName>
		</author>
	</analytic>
	<monogr>
		<title level="m">Proceedings of EMNLP</title>
		<editor>Song, and Hae-Chang Rim</editor>
		<meeting>EMNLP</meeting>
		<imprint>
			<date type="published" when="2008" />
			<biblScope unit="page" from="410" to="418" />
		</imprint>
	</monogr>
</biblStruct>

<biblStruct >
	<analytic>
		<title level="a" type="main">Learning word vectors for sentiment analysis</title>
		<author>
			<persName xmlns="http://www.tei-c.org/ns/1.0"><forename type="first">Andrew</forename><forename type="middle">L</forename><surname>Maas</surname></persName>
		</author>
		<author>
			<persName xmlns="http://www.tei-c.org/ns/1.0"><forename type="first">Raymond</forename><forename type="middle">E</forename><surname>Daly</surname></persName>
		</author>
		<author>
			<persName xmlns="http://www.tei-c.org/ns/1.0"><forename type="first">Peter</forename><forename type="middle">T</forename><surname>Pham</surname></persName>
		</author>
		<author>
			<persName xmlns="http://www.tei-c.org/ns/1.0"><forename type="first">Dan</forename><surname>Huang</surname></persName>
		</author>
		<author>
			<persName xmlns="http://www.tei-c.org/ns/1.0"><forename type="first">Andrew</forename><forename type="middle">Y</forename><surname>Ng</surname></persName>
		</author>
		<author>
			<persName xmlns="http://www.tei-c.org/ns/1.0"><forename type="first">Christopher</forename><surname>Potts</surname></persName>
		</author>
	</analytic>
	<monogr>
		<title level="m">Proceedings of ACL</title>
		<meeting>ACL</meeting>
		<imprint>
			<date type="published" when="2011" />
			<biblScope unit="page" from="142" to="150" />
		</imprint>
	</monogr>
</biblStruct>

<biblStruct >
	<analytic>
		<title level="a" type="main">Distributed representations of words and phrases and their compositionality</title>
		<author>
			<persName xmlns="http://www.tei-c.org/ns/1.0"><forename type="first">Tomas</forename><surname>Mikolov</surname></persName>
		</author>
		<author>
			<persName xmlns="http://www.tei-c.org/ns/1.0"><forename type="first">Ilya</forename><surname>Sutskever</surname></persName>
		</author>
		<author>
			<persName xmlns="http://www.tei-c.org/ns/1.0"><forename type="first">Kai</forename><surname>Chen</surname></persName>
		</author>
		<author>
			<persName xmlns="http://www.tei-c.org/ns/1.0"><forename type="first">Greg</forename><forename type="middle">S</forename><surname>Corrado</surname></persName>
		</author>
		<author>
			<persName xmlns="http://www.tei-c.org/ns/1.0"><forename type="first">Jeff</forename><surname>Dean</surname></persName>
		</author>
	</analytic>
	<monogr>
		<title level="m">Proceedings of NIPS</title>
		<meeting>NIPS</meeting>
		<imprint>
			<date type="published" when="2013" />
			<biblScope unit="page" from="3111" to="3119" />
		</imprint>
	</monogr>
</biblStruct>

<biblStruct >
	<analytic>
		<title level="a" type="main">Statistical machine translation for query expansion in answer retrieval</title>
		<author>
			<persName xmlns="http://www.tei-c.org/ns/1.0"><forename type="first">Stefan</forename><surname>Riezler</surname></persName>
		</author>
		<author>
			<persName xmlns="http://www.tei-c.org/ns/1.0"><forename type="first">Er</forename><surname>Vasserman</surname></persName>
		</author>
		<author>
			<persName xmlns="http://www.tei-c.org/ns/1.0"><forename type="first">Ioannis</forename><surname>Tsochantaridis</surname></persName>
		</author>
		<author>
			<persName xmlns="http://www.tei-c.org/ns/1.0"><forename type="first">Vibhu</forename><surname>Mittal</surname></persName>
		</author>
		<author>
			<persName xmlns="http://www.tei-c.org/ns/1.0"><forename type="first">Yi</forename><surname>Liu</surname></persName>
		</author>
	</analytic>
	<monogr>
		<title level="m">Proceedings of ACL</title>
		<meeting>ACL</meeting>
		<imprint>
			<date type="published" when="2007" />
		</imprint>
	</monogr>
</biblStruct>

<biblStruct >
	<analytic>
		<title level="a" type="main">Okapi at trec-3</title>
		<author>
			<persName xmlns="http://www.tei-c.org/ns/1.0"><forename type="first">S</forename><surname>Robertson</surname></persName>
		</author>
		<author>
			<persName xmlns="http://www.tei-c.org/ns/1.0"><forename type="first">S</forename><surname>Walker</surname></persName>
		</author>
		<author>
			<persName xmlns="http://www.tei-c.org/ns/1.0"><forename type="first">S</forename><surname>Jones</surname></persName>
		</author>
		<author>
			<persName xmlns="http://www.tei-c.org/ns/1.0"><forename type="first">M</forename><surname>Hancockbeaulieu</surname></persName>
		</author>
		<author>
			<persName xmlns="http://www.tei-c.org/ns/1.0"><forename type="first">M</forename><surname>Gatford</surname></persName>
		</author>
	</analytic>
	<monogr>
		<title level="m">Proceedings of TREC</title>
		<meeting>TREC</meeting>
		<imprint>
			<date type="published" when="1994" />
			<biblScope unit="page" from="109" to="126" />
		</imprint>
	</monogr>
</biblStruct>

<biblStruct >
	<analytic>
		<title level="a" type="main">Image classification with the fisher vector: Theory and practice</title>
		<author>
			<persName xmlns="http://www.tei-c.org/ns/1.0"><forename type="first">Jorge</forename><surname>Sanchez</surname></persName>
		</author>
		<author>
			<persName xmlns="http://www.tei-c.org/ns/1.0"><forename type="first">Florent</forename><surname>Perronnin</surname></persName>
		</author>
		<author>
			<persName xmlns="http://www.tei-c.org/ns/1.0"><forename type="first">Thomas</forename><surname>Mensink</surname></persName>
		</author>
		<author>
			<persName xmlns="http://www.tei-c.org/ns/1.0"><forename type="first">Jakob</forename><forename type="middle">J</forename><surname>Verbeek</surname></persName>
		</author>
	</analytic>
	<monogr>
		<title level="j">International Journal of Computer Vision</title>
		<imprint>
			<biblScope unit="page" from="222" to="245" />
			<date type="published" when="2013" />
		</imprint>
	</monogr>
</biblStruct>

<biblStruct >
	<analytic>
		<title level="a" type="main">Entity based q&amp;a retrieval</title>
		<author>
			<persName xmlns="http://www.tei-c.org/ns/1.0"><forename type="first">A</forename><surname>Singh</surname></persName>
		</author>
	</analytic>
	<monogr>
		<title level="m">Proceedings of EMNLP</title>
		<meeting>EMNLP</meeting>
		<imprint>
			<date type="published" when="2012" />
			<biblScope unit="page" from="1266" to="1277" />
		</imprint>
	</monogr>
</biblStruct>

<biblStruct >
	<analytic>
		<title level="a" type="main">Learning to rank answers on large online qa collections</title>
		<author>
			<persName xmlns="http://www.tei-c.org/ns/1.0"><forename type="first">M</forename><surname>Surdeanu</surname></persName>
		</author>
		<author>
			<persName xmlns="http://www.tei-c.org/ns/1.0"><forename type="first">M</forename><surname>Ciaramita</surname></persName>
		</author>
		<author>
			<persName xmlns="http://www.tei-c.org/ns/1.0"><forename type="first">H</forename><surname>Zaragoza</surname></persName>
		</author>
	</analytic>
	<monogr>
		<title level="m">Proceedings of ACL</title>
		<meeting>ACL</meeting>
		<imprint>
			<date type="published" when="2008" />
			<biblScope unit="page" from="719" to="727" />
		</imprint>
	</monogr>
</biblStruct>

<biblStruct >
	<analytic>
		<title level="a" type="main">Word representations: A simple and general method for semi-supervised learning</title>
		<author>
			<persName xmlns="http://www.tei-c.org/ns/1.0"><forename type="first">Joseph</forename><surname>Turian</surname></persName>
		</author>
		<author>
			<persName xmlns="http://www.tei-c.org/ns/1.0"><forename type="first">Lev-Arie</forename><surname>Ratinov</surname></persName>
		</author>
		<author>
			<persName xmlns="http://www.tei-c.org/ns/1.0"><forename type="first">Yoshua</forename><surname>Bengio</surname></persName>
		</author>
	</analytic>
	<monogr>
		<title level="m">Proceedings of ACL</title>
		<meeting>ACL</meeting>
		<imprint>
			<date type="published" when="2010" />
		</imprint>
	</monogr>
</biblStruct>

<biblStruct >
	<analytic>
		<title level="a" type="main">A syntactic tree matching approach to finding similar questions in community-based qa services</title>
		<author>
			<persName xmlns="http://www.tei-c.org/ns/1.0"><forename type="first">Kai</forename><surname>Wang</surname></persName>
		</author>
		<author>
			<persName xmlns="http://www.tei-c.org/ns/1.0"><forename type="first">Zhaoyan</forename><surname>Ming</surname></persName>
		</author>
		<author>
			<persName xmlns="http://www.tei-c.org/ns/1.0"><forename type="first">Tat-Seng</forename><surname>Chua</surname></persName>
		</author>
	</analytic>
	<monogr>
		<title level="m">Proceedings of SIGIR</title>
		<meeting>SIGIR</meeting>
		<imprint>
			<date type="published" when="2009" />
			<biblScope unit="page" from="187" to="194" />
		</imprint>
	</monogr>
</biblStruct>

<biblStruct >
	<analytic>
		<title level="a" type="main">Modeling semantic relevance for question-answer pairs in web social communities</title>
		<author>
			<persName xmlns="http://www.tei-c.org/ns/1.0"><forename type="first">B</forename><surname>Wang</surname></persName>
		</author>
		<author>
			<persName xmlns="http://www.tei-c.org/ns/1.0"><forename type="first">X</forename><surname>Wang</surname></persName>
		</author>
		<author>
			<persName xmlns="http://www.tei-c.org/ns/1.0"><forename type="first">C</forename><surname>Sun</surname></persName>
		</author>
		<author>
			<persName xmlns="http://www.tei-c.org/ns/1.0"><forename type="first">B</forename><surname>Liu</surname></persName>
		</author>
		<author>
			<persName xmlns="http://www.tei-c.org/ns/1.0"><forename type="first">L</forename><surname>Sun</surname></persName>
		</author>
	</analytic>
	<monogr>
		<title level="m">ACL</title>
		<imprint>
			<date type="published" when="2010" />
		</imprint>
	</monogr>
</biblStruct>

<biblStruct >
	<analytic>
		<title level="a" type="main">Rcnet: A general framework for incorporating knowledge into word representations</title>
		<author>
			<persName xmlns="http://www.tei-c.org/ns/1.0"><forename type="first">Chang</forename><surname>Xu</surname></persName>
		</author>
		<author>
			<persName xmlns="http://www.tei-c.org/ns/1.0"><forename type="first">Yalong</forename><surname>Bai</surname></persName>
		</author>
		<author>
			<persName xmlns="http://www.tei-c.org/ns/1.0"><forename type="first">Jiang</forename><surname>Bian</surname></persName>
		</author>
		<author>
			<persName xmlns="http://www.tei-c.org/ns/1.0"><forename type="first">Bin</forename><surname>Gao</surname></persName>
		</author>
		<author>
			<persName xmlns="http://www.tei-c.org/ns/1.0"><forename type="first">Gang</forename><surname>Wang</surname></persName>
		</author>
		<author>
			<persName xmlns="http://www.tei-c.org/ns/1.0"><forename type="first">Xiaoguang</forename><surname>Liu</surname></persName>
		</author>
		<author>
			<persName xmlns="http://www.tei-c.org/ns/1.0"><forename type="first">Tie-Yan</forename><surname>Liu</surname></persName>
		</author>
	</analytic>
	<monogr>
		<title level="m">Proceedings of CIKM</title>
		<meeting>CIKM</meeting>
		<imprint>
			<date type="published" when="2014" />
			<biblScope unit="page" from="1219" to="1228" />
		</imprint>
	</monogr>
</biblStruct>

<biblStruct >
	<analytic>
		<title level="a" type="main">Retrieval models for question and answer archives</title>
		<author>
			<persName xmlns="http://www.tei-c.org/ns/1.0"><forename type="first">Xiaobing</forename><surname>Xue</surname></persName>
		</author>
		<author>
			<persName xmlns="http://www.tei-c.org/ns/1.0"><forename type="first">Jiwoon</forename><surname>Jeon</surname></persName>
		</author>
		<author>
			<persName xmlns="http://www.tei-c.org/ns/1.0"><forename type="first">W</forename><forename type="middle">Bruce</forename><surname>Croft</surname></persName>
		</author>
	</analytic>
	<monogr>
		<title level="m">Proceedings of SIGIR</title>
		<meeting>SIGIR</meeting>
		<imprint>
			<date type="published" when="2008" />
			<biblScope unit="page" from="475" to="482" />
		</imprint>
	</monogr>
</biblStruct>

<biblStruct >
	<analytic>
		<title level="a" type="main">Improving lexical embeddings with semantic knowledge</title>
		<author>
			<persName xmlns="http://www.tei-c.org/ns/1.0"><forename type="first">Mo</forename><surname>Yu</surname></persName>
		</author>
		<author>
			<persName xmlns="http://www.tei-c.org/ns/1.0"><forename type="first">Mark</forename><surname>Dredze</surname></persName>
		</author>
	</analytic>
	<monogr>
		<title level="m">Proceedings of ACL</title>
		<meeting>ACL</meeting>
		<imprint>
			<date type="published" when="2014" />
			<biblScope unit="page" from="545" to="550" />
		</imprint>
	</monogr>
</biblStruct>

<biblStruct >
	<analytic>
		<title level="a" type="main">A study of smoothing methods for language models applied to ad hoc information retrieval</title>
		<author>
			<persName xmlns="http://www.tei-c.org/ns/1.0"><forename type="first">Chengxiang</forename><surname>Zhai</surname></persName>
		</author>
		<author>
			<persName xmlns="http://www.tei-c.org/ns/1.0"><forename type="first">John</forename><surname>Lafferty</surname></persName>
		</author>
	</analytic>
	<monogr>
		<title level="m">Proceedings of SIGIR</title>
		<meeting>SIGIR</meeting>
		<imprint>
			<date type="published" when="2001" />
			<biblScope unit="page" from="334" to="342" />
		</imprint>
	</monogr>
</biblStruct>

<biblStruct >
	<analytic>
		<title level="a" type="main">Question retrieval with high quality answers in community question answering</title>
		<author>
			<persName xmlns="http://www.tei-c.org/ns/1.0"><forename type="first">Kai</forename><surname>Zhang</surname></persName>
		</author>
		<author>
			<persName xmlns="http://www.tei-c.org/ns/1.0"><forename type="first">Wei</forename><surname>Wu</surname></persName>
		</author>
		<author>
			<persName xmlns="http://www.tei-c.org/ns/1.0"><forename type="first">Haocheng</forename><surname>Wu</surname></persName>
		</author>
		<author>
			<persName xmlns="http://www.tei-c.org/ns/1.0"><forename type="first">Zhoujun</forename><surname>Li</surname></persName>
		</author>
		<author>
			<persName xmlns="http://www.tei-c.org/ns/1.0"><forename type="first">Ming</forename><surname>Zhou</surname></persName>
		</author>
	</analytic>
	<monogr>
		<title level="m">Proceedings of CIKM</title>
		<meeting>CIKM</meeting>
		<imprint>
			<date type="published" when="2014" />
			<biblScope unit="page" from="371" to="380" />
		</imprint>
	</monogr>
</biblStruct>

<biblStruct >
	<analytic>
		<title level="a" type="main">Continuous word embeddings for detecting local text reuses at the semantic level</title>
		<author>
			<persName xmlns="http://www.tei-c.org/ns/1.0"><forename type="first">Qi</forename><surname>Zhang</surname></persName>
		</author>
		<author>
			<persName xmlns="http://www.tei-c.org/ns/1.0"><forename type="first">Jihua</forename><surname>Kang</surname></persName>
		</author>
		<author>
			<persName xmlns="http://www.tei-c.org/ns/1.0"><forename type="first">Jin</forename><surname>Qian</surname></persName>
		</author>
		<author>
			<persName xmlns="http://www.tei-c.org/ns/1.0"><forename type="first">Xuanjing</forename><surname>Huang</surname></persName>
		</author>
	</analytic>
	<monogr>
		<title level="m">Proceedings of the 37th International ACM SIGIR Conference on Research &amp; Development in Information Retrieval, SIGIR &apos;14</title>
		<meeting>the 37th International ACM SIGIR Conference on Research &amp; Development in Information Retrieval, SIGIR &apos;14</meeting>
		<imprint>
			<date type="published" when="2014" />
			<biblScope unit="page" from="797" to="806" />
		</imprint>
	</monogr>
</biblStruct>

<biblStruct >
	<analytic>
		<title level="a" type="main">Phrase-based translation model for question retrieval in community question answer archives</title>
		<author>
			<persName xmlns="http://www.tei-c.org/ns/1.0"><forename type="first">Guangyou</forename><surname>Zhou</surname></persName>
		</author>
		<author>
			<persName xmlns="http://www.tei-c.org/ns/1.0"><forename type="first">Li</forename><surname>Cai</surname></persName>
		</author>
		<author>
			<persName xmlns="http://www.tei-c.org/ns/1.0"><forename type="first">Jun</forename><surname>Zhao</surname></persName>
		</author>
		<author>
			<persName xmlns="http://www.tei-c.org/ns/1.0"><forename type="first">Kang</forename><surname>Liu</surname></persName>
		</author>
	</analytic>
	<monogr>
		<title level="m">Proceedings of ACL</title>
		<meeting>ACL</meeting>
		<imprint>
			<date type="published" when="2011" />
			<biblScope unit="page" from="653" to="662" />
		</imprint>
	</monogr>
</biblStruct>

<biblStruct >
	<analytic>
		<title level="a" type="main">Towards faster and better retrieval models for question search</title>
		<author>
			<persName xmlns="http://www.tei-c.org/ns/1.0"><forename type="first">Guangyou</forename><surname>Zhou</surname></persName>
		</author>
		<author>
			<persName xmlns="http://www.tei-c.org/ns/1.0"><forename type="first">Yubo</forename><surname>Chen</surname></persName>
		</author>
		<author>
			<persName xmlns="http://www.tei-c.org/ns/1.0"><forename type="first">Daojian</forename><surname>Zeng</surname></persName>
		</author>
		<author>
			<persName xmlns="http://www.tei-c.org/ns/1.0"><forename type="first">Jun</forename><surname>Zhao</surname></persName>
		</author>
	</analytic>
	<monogr>
		<title level="m">Proceedings of CIKM</title>
		<meeting>CIKM</meeting>
		<imprint>
			<date type="published" when="2013" />
			<biblScope unit="page" from="2139" to="2148" />
		</imprint>
	</monogr>
</biblStruct>

			</listBibl>
		</back>
	</text>
</TEI>
