<?xml version="1.0" ?>
<TEI xmlns="http://www.tei-c.org/ns/1.0" xmlns:xlink="http://www.w3.org/1999/xlink" 
 xmlns:mml="http://www.w3.org/1998/Math/MathML">
	<teiHeader>
		<fileDesc xml:id="f_973"/>
	</teiHeader>
	<text>
		<front/>
		<body/>
		<back>
			<listBibl>
<biblStruct >
	<analytic>
		<title level="a" type="main">Semeval-2012 task 6: A pilot on semantic textual similarity</title>
		<author>
			<persName xmlns="http://www.tei-c.org/ns/1.0"><forename type="first">Eneko</forename><surname>Agirre</surname></persName>
		</author>
		<author>
			<persName xmlns="http://www.tei-c.org/ns/1.0"><forename type="first">Mona</forename><surname>Diab</surname></persName>
		</author>
		<author>
			<persName xmlns="http://www.tei-c.org/ns/1.0"><forename type="first">Daniel</forename><surname>Cer</surname></persName>
		</author>
		<author>
			<persName xmlns="http://www.tei-c.org/ns/1.0"><forename type="first">Aitor</forename><surname>Gonzalez-Agirre</surname></persName>
		</author>
	</analytic>
	<monogr>
		<title level="m">Proceedings of the First Joint Conference on Lexical and Computational Semantics</title>
		<meeting>the First Joint Conference on Lexical and Computational Semantics</meeting>
		<imprint>
			<date type="published" when="2012" />
			<biblScope unit="volume">1</biblScope>
			<biblScope unit="page" from="385" to="393" />
		</imprint>
	</monogr>
	<note>Proceedings of the Sixth International Workshop on Semantic Evaluation</note>
</biblStruct>

<biblStruct >
	<analytic>
		<title level="a" type="main">2013. sem 2013 shared task: Semantic textual similarity, including a pilot on typed-similarity</title>
		<author>
			<persName xmlns="http://www.tei-c.org/ns/1.0"><forename type="first">Eneko</forename><surname>Agirre</surname></persName>
		</author>
		<author>
			<persName xmlns="http://www.tei-c.org/ns/1.0"><forename type="first">Daniel</forename><surname>Cer</surname></persName>
		</author>
		<author>
			<persName xmlns="http://www.tei-c.org/ns/1.0"><forename type="first">Mona</forename><surname>Diab</surname></persName>
		</author>
		<author>
			<persName xmlns="http://www.tei-c.org/ns/1.0"><forename type="first">Aitor</forename><surname>Gonzalezagirre</surname></persName>
		</author>
		<author>
			<persName xmlns="http://www.tei-c.org/ns/1.0"><forename type="first">Weiwei</forename><surname>Guo</surname></persName>
		</author>
	</analytic>
	<monogr>
		<title level="m">* SEM 2013: The Second Joint Conference on Lexical and Computational Semantics</title>
		<imprint/>
	</monogr>
</biblStruct>

<biblStruct >
	<analytic>
		<title level="a" type="main">Semeval-2014 task 10: Multilingual semantic textual similarity</title>
		<author>
			<persName xmlns="http://www.tei-c.org/ns/1.0"><forename type="first">Eneko</forename><surname>Agirre</surname></persName>
		</author>
		<author>
			<persName xmlns="http://www.tei-c.org/ns/1.0"><forename type="first">Carmen</forename><surname>Banea</surname></persName>
		</author>
		<author>
			<persName xmlns="http://www.tei-c.org/ns/1.0"><forename type="first">Claire</forename><surname>Cardie</surname></persName>
		</author>
		<author>
			<persName xmlns="http://www.tei-c.org/ns/1.0"><forename type="first">Daniel</forename><surname>Cer</surname></persName>
		</author>
		<author>
			<persName xmlns="http://www.tei-c.org/ns/1.0"><forename type="first">Mona</forename><surname>Diab</surname></persName>
		</author>
		<author>
			<persName xmlns="http://www.tei-c.org/ns/1.0"><forename type="first">Aitor</forename><surname>Gonzalez-Agirre</surname></persName>
		</author>
		<author>
			<persName xmlns="http://www.tei-c.org/ns/1.0"><forename type="first">Weiwei</forename><surname>Guo</surname></persName>
		</author>
		<author>
			<persName xmlns="http://www.tei-c.org/ns/1.0"><forename type="first">Rada</forename><surname>Mihalcea</surname></persName>
		</author>
		<author>
			<persName xmlns="http://www.tei-c.org/ns/1.0"><forename type="first">German</forename><surname>Rigau</surname></persName>
		</author>
		<author>
			<persName xmlns="http://www.tei-c.org/ns/1.0"><forename type="first">Janyce</forename><surname>Wiebe</surname></persName>
		</author>
	</analytic>
	<monogr>
		<title level="m">Proceedings of the 8th international workshop on semantic evaluation</title>
		<meeting>the 8th international workshop on semantic evaluation</meeting>
		<imprint>
			<date type="published" when="2014" />
			<biblScope unit="page" from="81" to="91" />
		</imprint>
	</monogr>
</biblStruct>

<biblStruct >
	<analytic>
		<title level="a" type="main">Semeval-2015 task 2: Semantic textual similarity, english, spanish and pilot on interpretability</title>
		<author>
			<persName xmlns="http://www.tei-c.org/ns/1.0"><forename type="first">Eneko</forename><surname>Agirre</surname></persName>
		</author>
		<author>
			<persName xmlns="http://www.tei-c.org/ns/1.0"><forename type="first">Carmen</forename><surname>Banea</surname></persName>
		</author>
		<author>
			<persName xmlns="http://www.tei-c.org/ns/1.0"><forename type="first">Claire</forename><surname>Cardie</surname></persName>
		</author>
		<author>
			<persName xmlns="http://www.tei-c.org/ns/1.0"><forename type="first">Daniel</forename><surname>Cer</surname></persName>
		</author>
		<author>
			<persName xmlns="http://www.tei-c.org/ns/1.0"><forename type="first">Mona</forename><surname>Diab</surname></persName>
		</author>
		<author>
			<persName xmlns="http://www.tei-c.org/ns/1.0"><forename type="first">Aitor</forename><surname>Gonzalez-Agirre</surname></persName>
		</author>
		<author>
			<persName xmlns="http://www.tei-c.org/ns/1.0"><forename type="first">Weiwei</forename><surname>Guo</surname></persName>
		</author>
		<author>
			<persName xmlns="http://www.tei-c.org/ns/1.0"><forename type="first">Inigo</forename><surname>Lopez-Gazpioa</surname></persName>
		</author>
		<author>
			<persName xmlns="http://www.tei-c.org/ns/1.0"><forename type="first">Montse</forename><surname>Maritxalar</surname></persName>
		</author>
		<author>
			<persName xmlns="http://www.tei-c.org/ns/1.0"><forename type="first">Rada</forename><surname>Mihalcea</surname></persName>
		</author>
	</analytic>
	<monogr>
		<title level="m">Proceedings of the 9th international workshop on semantic evaluation (SemEval 2015)</title>
		<meeting>the 9th international workshop on semantic evaluation (SemEval 2015)</meeting>
		<imprint>
			<date type="published" when="2015" />
			<biblScope unit="page" from="252" to="263" />
		</imprint>
	</monogr>
</biblStruct>

<biblStruct >
	<analytic>
		<title level="a" type="main">Nouns are vectors, adjectives are matrices: Representing adjective-noun constructions in semantic space</title>
		<author>
			<persName xmlns="http://www.tei-c.org/ns/1.0"><forename type="first">Marco</forename><surname>Baroni</surname></persName>
		</author>
		<author>
			<persName xmlns="http://www.tei-c.org/ns/1.0"><forename type="first">Roberto</forename><surname>Zamparelli</surname></persName>
		</author>
	</analytic>
	<monogr>
		<title level="m">Proceedings of the 2010 Conference on Empirical Methods in Natural Language Processing</title>
		<meeting>the 2010 Conference on Empirical Methods in Natural Language Processing</meeting>
		<imprint>
			<date type="published" when="2010" />
			<biblScope unit="page" from="1183" to="1193" />
		</imprint>
	</monogr>
</biblStruct>

<biblStruct >
	<analytic>
		<title level="a" type="main">Don&apos;t count, predict! a systematic comparison of context-counting vs. context-predicting semantic vectors</title>
		<author>
			<persName xmlns="http://www.tei-c.org/ns/1.0"><forename type="first">Marco</forename><surname>Baroni</surname></persName>
		</author>
		<author>
			<persName xmlns="http://www.tei-c.org/ns/1.0"><forename type="first">Georgiana</forename><surname>Dinu</surname></persName>
		</author>
		<author>
			<persName xmlns="http://www.tei-c.org/ns/1.0"><forename type="first">Germán</forename><surname>Kruszewski</surname></persName>
		</author>
	</analytic>
	<monogr>
		<title level="m">Proceedings of the ACL</title>
		<meeting>the ACL</meeting>
		<imprint>
			<date type="published" when="2014" />
		</imprint>
	</monogr>
</biblStruct>

<biblStruct >
	<monogr>
		<title level="m" type="main">Paraphrasing and Translation</title>
		<author>
			<persName xmlns="http://www.tei-c.org/ns/1.0"><forename type="first">Chris</forename><surname>Callison-Burch</surname></persName>
		</author>
		<imprint>
			<date type="published" when="2007" />
		</imprint>
		<respStmt>
			<orgName>University of Edinburgh</orgName>
		</respStmt>
	</monogr>
	<note>Ph.D. thesis</note>
</biblStruct>

<biblStruct >
	<analytic>
		<title level="a" type="main">Improving Statistical Machine Translation using Word Sense Disambiguation</title>
		<author>
			<persName xmlns="http://www.tei-c.org/ns/1.0"><forename type="first">Marine</forename><surname>Carpuat</surname></persName>
		</author>
		<author>
			<persName xmlns="http://www.tei-c.org/ns/1.0"><forename type="first">Dekai</forename><surname>Wu</surname></persName>
		</author>
	</analytic>
	<monogr>
		<title level="m">Proceedings of the 2007 Joint Conference on Empirical Methods in Natural Language Processing and Computational Natural Language Learning</title>
		<meeting>the 2007 Joint Conference on Empirical Methods in Natural Language Processing and Computational Natural Language Learning<address><addrLine>Prague</addrLine></address></meeting>
		<imprint>
			<date type="published" when="2007-06" />
			<biblScope unit="page" from="61" to="72" />
		</imprint>
	</monogr>
</biblStruct>

<biblStruct >
	<analytic>
		<title level="a" type="main">Relieving the data acquisition bottleneck in word sense disambiguation</title>
		<author>
			<persName xmlns="http://www.tei-c.org/ns/1.0"><forename type="first">Mona</forename><surname>Diab</surname></persName>
		</author>
	</analytic>
	<monogr>
		<title level="m">Proceedings of the 42nd Annual Meeting of the Association for Computational Linguistics</title>
		<meeting>the 42nd Annual Meeting of the Association for Computational Linguistics</meeting>
		<imprint>
			<date type="published" when="2004" />
		</imprint>
	</monogr>
</biblStruct>

<biblStruct >
	<analytic>
		<title level="a" type="main">A compositional and interpretable semantic space</title>
		<author>
			<persName xmlns="http://www.tei-c.org/ns/1.0"><forename type="first">Alona</forename><surname>Fyshe</surname></persName>
		</author>
		<author>
			<persName xmlns="http://www.tei-c.org/ns/1.0"><forename type="first">Leila</forename><surname>Wehbe</surname></persName>
		</author>
		<author>
			<persName xmlns="http://www.tei-c.org/ns/1.0"><forename type="first">Partha</forename><forename type="middle">P</forename><surname>Talukdar</surname></persName>
		</author>
		<author>
			<persName xmlns="http://www.tei-c.org/ns/1.0"><forename type="first">Brian</forename><surname>Murphy</surname></persName>
		</author>
		<author>
			<persName xmlns="http://www.tei-c.org/ns/1.0"><forename type="first">Tom M</forename><surname>Mitchell</surname></persName>
		</author>
	</analytic>
	<monogr>
		<title level="m">Proc. of NAACL</title>
		<meeting>of NAACL</meeting>
		<imprint>
			<date type="published" when="2015" />
		</imprint>
	</monogr>
</biblStruct>

<biblStruct >
	<analytic>
		<title level="a" type="main">Ppdb: The paraphrase database</title>
		<author>
			<persName xmlns="http://www.tei-c.org/ns/1.0"><forename type="first">Juri</forename><surname>Ganitkevitch</surname></persName>
		</author>
		<author>
			<persName xmlns="http://www.tei-c.org/ns/1.0"><forename type="first">Benjamin</forename><surname>Van Durme</surname></persName>
		</author>
		<author>
			<persName xmlns="http://www.tei-c.org/ns/1.0"><forename type="first">Chris</forename><surname>Callison-Burch</surname></persName>
		</author>
	</analytic>
	<monogr>
		<title level="m">HLT-NAACL</title>
		<imprint>
			<date type="published" when="2013" />
			<biblScope unit="page" from="758" to="764" />
		</imprint>
	</monogr>
</biblStruct>

<biblStruct >
	<monogr>
				<author>
			<persName xmlns="http://www.tei-c.org/ns/1.0"><forename type="first">Stephan</forename><surname>Gouws</surname></persName>
		</author>
		<author>
			<persName xmlns="http://www.tei-c.org/ns/1.0"><forename type="first">Yoshua</forename><surname>Bengio</surname></persName>
		</author>
		<author>
			<persName xmlns="http://www.tei-c.org/ns/1.0"><forename type="first">Greg</forename><surname>Corrado</surname></persName>
		</author>
		<idno type="arXiv">arXiv:1410.2455</idno>
		<title level="m">Bilbowa: Fast bilingual distributed representations without word alignments</title>
		<imprint>
			<date type="published" when="2014" />
		</imprint>
	</monogr>
<note type="report_type">arXiv preprint</note>
</biblStruct>

<biblStruct >
	<analytic>
		<title level="a" type="main">Multilingual models for compositional distributed semantics</title>
	</analytic>
	<monogr>
		<title level="m">Association for Computational Linguistics (ACL)</title>
		<editor>Karl Moritz Hermann and Phil Blunsom</editor>
		<imprint>
			<date type="published" when="2014" />
		</imprint>
	</monogr>
</biblStruct>

<biblStruct >
	<analytic>
		<title level="a" type="main">An unsupervised ranking model for noun-noun compositionality</title>
		<author>
			<persName xmlns="http://www.tei-c.org/ns/1.0"><forename type="first">Karl</forename><surname>Moritz Hermann</surname></persName>
		</author>
		<author>
			<persName xmlns="http://www.tei-c.org/ns/1.0"><forename type="first">Phil</forename><surname>Blunsom</surname></persName>
		</author>
		<author>
			<persName xmlns="http://www.tei-c.org/ns/1.0"><forename type="first">Stephen</forename><surname>Pulman</surname></persName>
		</author>
	</analytic>
	<monogr>
		<title level="m">Proceedings of the First Joint Conference on Lexical and Computational Semantics</title>
		<meeting>the First Joint Conference on Lexical and Computational Semantics</meeting>
		<imprint>
			<date type="published" when="2012" />
			<biblScope unit="volume">1</biblScope>
			<biblScope unit="page" from="132" to="141" />
		</imprint>
	</monogr>
	<note>Proceedings of the Sixth International Workshop on Semantic Evaluation</note>
</biblStruct>

<biblStruct >
	<analytic>
		<title level="a" type="main">A neural network for factoid question answering over paragraphs</title>
		<author>
			<persName xmlns="http://www.tei-c.org/ns/1.0"><forename type="first">Mohit</forename><surname>Iyyer</surname></persName>
		</author>
		<author>
			<persName xmlns="http://www.tei-c.org/ns/1.0"><forename type="first">Jordan</forename><forename type="middle">L</forename><surname>Boyd-Graber</surname></persName>
		</author>
		<author>
			<persName xmlns="http://www.tei-c.org/ns/1.0"><forename type="first">Leonardo</forename><forename type="middle">Max</forename><surname>Batista Claudino</surname></persName>
		</author>
		<author>
			<persName xmlns="http://www.tei-c.org/ns/1.0"><forename type="first">Richard</forename><surname>Socher</surname></persName>
		</author>
		<author>
			<persName xmlns="http://www.tei-c.org/ns/1.0"><forename type="first">Hal</forename><surname>Daumé</surname></persName>
		</author>
		<author>
			<persName xmlns="http://www.tei-c.org/ns/1.0"><forename type="first">Iii</forename></persName>
		</author>
	</analytic>
	<monogr>
		<title level="m">EMNLP</title>
		<imprint>
			<date type="published" when="2014" />
			<biblScope unit="page" from="633" to="644" />
		</imprint>
	</monogr>
</biblStruct>

<biblStruct >
	<analytic>
		<title level="a" type="main">Deep unordered composition rivals syntactic methods for text classification</title>
		<author>
			<persName xmlns="http://www.tei-c.org/ns/1.0"><forename type="first">Mohit</forename><surname>Iyyer</surname></persName>
		</author>
		<author>
			<persName xmlns="http://www.tei-c.org/ns/1.0"><forename type="first">Varun</forename><surname>Manjunatha</surname></persName>
		</author>
		<author>
			<persName xmlns="http://www.tei-c.org/ns/1.0"><forename type="first">Jordan</forename><surname>Boyd-Graber</surname></persName>
		</author>
		<author>
			<persName xmlns="http://www.tei-c.org/ns/1.0"><forename type="first">Hal</forename><surname>Daumé</surname></persName>
		</author>
		<author>
			<persName xmlns="http://www.tei-c.org/ns/1.0"><forename type="first">Iii</forename></persName>
		</author>
	</analytic>
	<monogr>
		<title level="m">Proceedings of the 53rd Annual Meeting of the Association for Computational Linguistics and the 7th International Joint Conference on Natural Language Processing</title>
		<meeting>the 53rd Annual Meeting of the Association for Computational Linguistics and the 7th International Joint Conference on Natural Language Processing</meeting>
		<imprint>
			<date type="published" when="2015" />
			<biblScope unit="volume">1</biblScope>
			<biblScope unit="page" from="1681" to="1691" />
		</imprint>
	</monogr>
</biblStruct>

<biblStruct >
	<analytic>
		<title level="a" type="main">Moses: Open source toolkit for statistical machine translation</title>
		<author>
			<persName xmlns="http://www.tei-c.org/ns/1.0"><forename type="first">Philipp</forename><surname>Koehn</surname></persName>
		</author>
		<author>
			<persName xmlns="http://www.tei-c.org/ns/1.0"><forename type="first">Hieu</forename><surname>Hoang</surname></persName>
		</author>
		<author>
			<persName xmlns="http://www.tei-c.org/ns/1.0"><forename type="first">Alexandra</forename><surname>Birch</surname></persName>
		</author>
		<author>
			<persName xmlns="http://www.tei-c.org/ns/1.0"><forename type="first">Chris</forename><surname>Callison-Burch</surname></persName>
		</author>
		<author>
			<persName xmlns="http://www.tei-c.org/ns/1.0"><forename type="first">Marcello</forename><surname>Federico</surname></persName>
		</author>
		<author>
			<persName xmlns="http://www.tei-c.org/ns/1.0"><forename type="first">Nicola</forename><surname>Bertoldi</surname></persName>
		</author>
		<author>
			<persName xmlns="http://www.tei-c.org/ns/1.0"><forename type="first">Brooke</forename><surname>Cowan</surname></persName>
		</author>
		<author>
			<persName xmlns="http://www.tei-c.org/ns/1.0"><forename type="first">Wade</forename><surname>Shen</surname></persName>
		</author>
		<author>
			<persName xmlns="http://www.tei-c.org/ns/1.0"><forename type="first">Christine</forename><surname>Moran</surname></persName>
		</author>
		<author>
			<persName xmlns="http://www.tei-c.org/ns/1.0"><forename type="first">Richard</forename><surname>Zens</surname></persName>
		</author>
	</analytic>
	<monogr>
		<title level="m">Proceedings of the 45th annual meeting of the ACL on interactive poster and demonstration sessions</title>
		<meeting>the 45th annual meeting of the ACL on interactive poster and demonstration sessions</meeting>
		<imprint>
			<date type="published" when="2007" />
			<biblScope unit="page" from="177" to="180" />
		</imprint>
	</monogr>
</biblStruct>

<biblStruct >
	<analytic>
		<title level="a" type="main">Europarl: A parallel corpus for statistical machine translation</title>
		<author>
			<persName xmlns="http://www.tei-c.org/ns/1.0"><forename type="first">Philipp</forename><surname>Koehn</surname></persName>
		</author>
	</analytic>
	<monogr>
		<title level="m">MT summit</title>
		<imprint>
			<date type="published" when="2005" />
			<biblScope unit="volume">5</biblScope>
			<biblScope unit="page" from="79" to="86" />
		</imprint>
	</monogr>
</biblStruct>

<biblStruct >
	<analytic>
		<title level="a" type="main">An autoencoder approach to learning bilingual word representations</title>
		<author>
			<persName xmlns="http://www.tei-c.org/ns/1.0"><forename type="first">Stanislas</forename><surname>Lauly</surname></persName>
		</author>
		<author>
			<persName xmlns="http://www.tei-c.org/ns/1.0"><forename type="first">Hugo</forename><surname>Larochelle</surname></persName>
		</author>
		<author>
			<persName xmlns="http://www.tei-c.org/ns/1.0"><forename type="first">Mitesh</forename><surname>Khapra</surname></persName>
		</author>
		<author>
			<persName xmlns="http://www.tei-c.org/ns/1.0"><forename type="first">Balaraman</forename><surname>Ravindran</surname></persName>
		</author>
		<author>
			<persName xmlns="http://www.tei-c.org/ns/1.0"><forename type="first">C</forename><surname>Vikas</surname></persName>
		</author>
		<author>
			<persName xmlns="http://www.tei-c.org/ns/1.0"><forename type="first">Amrita</forename><surname>Raykar</surname></persName>
		</author>
		<author>
			<persName xmlns="http://www.tei-c.org/ns/1.0"><surname>Saha</surname></persName>
		</author>
	</analytic>
	<monogr>
		<title level="m">Advances in Neural Information Processing Systems</title>
		<imprint>
			<date type="published" when="2014" />
			<biblScope unit="page" from="1853" to="1861" />
		</imprint>
	</monogr>
</biblStruct>

<biblStruct >
	<monogr>
		<title level="m" type="main">Semeval-2014 task 1: Evaluation of compositional distributional semantic models on full sentences through semantic relatedness and textual entailment</title>
		<author>
			<persName xmlns="http://www.tei-c.org/ns/1.0"><forename type="first">Marco</forename><surname>Marelli</surname></persName>
		</author>
		<author>
			<persName xmlns="http://www.tei-c.org/ns/1.0"><forename type="first">Luisa</forename><surname>Bentivogli</surname></persName>
		</author>
		<author>
			<persName xmlns="http://www.tei-c.org/ns/1.0"><forename type="first">Marco</forename><surname>Baroni</surname></persName>
		</author>
		<author>
			<persName xmlns="http://www.tei-c.org/ns/1.0"><forename type="first">Raffaella</forename><surname>Bernardi</surname></persName>
		</author>
		<author>
			<persName xmlns="http://www.tei-c.org/ns/1.0"><forename type="first">Stefano</forename><surname>Menini</surname></persName>
		</author>
		<author>
			<persName xmlns="http://www.tei-c.org/ns/1.0"><forename type="first">Roberto</forename><surname>Zamparelli</surname></persName>
		</author>
		<imprint>
			<date type="published" when="2014" />
		</imprint>
	</monogr>
	<note>SemEval-2014</note>
</biblStruct>

<biblStruct >
	<analytic>
		<title level="a" type="main">Composition in distributional models of semantics</title>
		<author>
			<persName xmlns="http://www.tei-c.org/ns/1.0"><forename type="first">Jeff</forename><surname>Mitchell</surname></persName>
		</author>
		<author>
			<persName xmlns="http://www.tei-c.org/ns/1.0"><forename type="first">Mirella</forename><surname>Lapata</surname></persName>
		</author>
	</analytic>
	<monogr>
		<title level="j">Cognitive science</title>
		<imprint>
			<biblScope unit="volume">34</biblScope>
			<biblScope unit="issue">8</biblScope>
			<biblScope unit="page" from="1388" to="1429" />
			<date type="published" when="2010" />
		</imprint>
	</monogr>
</biblStruct>

<biblStruct >
	<analytic>
		<title level="a" type="main">Glove: Global vectors for word representation</title>
		<author>
			<persName xmlns="http://www.tei-c.org/ns/1.0"><forename type="first">Jeffrey</forename><surname>Pennington</surname></persName>
		</author>
		<author>
			<persName xmlns="http://www.tei-c.org/ns/1.0"><forename type="first">Richard</forename><surname>Socher</surname></persName>
		</author>
		<author>
			<persName xmlns="http://www.tei-c.org/ns/1.0"><forename type="first">Christopher D</forename><surname>Manning</surname></persName>
		</author>
	</analytic>
	<monogr>
		<title level="m">EMNLP</title>
		<imprint>
			<date type="published" when="2014" />
			<biblScope unit="volume">14</biblScope>
			<biblScope unit="page" from="1532" to="1543" />
		</imprint>
	</monogr>
</biblStruct>

<biblStruct >
	<analytic>
		<title level="a" type="main">Kočisk`y, and Phil Blunsom</title>
		<author>
			<persName xmlns="http://www.tei-c.org/ns/1.0"><forename type="first">Tim</forename><surname>Rocktäschel</surname></persName>
		</author>
		<author>
			<persName xmlns="http://www.tei-c.org/ns/1.0"><forename type="first">Edward</forename><surname>Grefenstette</surname></persName>
		</author>
		<author>
			<persName xmlns="http://www.tei-c.org/ns/1.0"><forename type="first">Karl</forename><forename type="middle">Moritz</forename><surname>Hermann</surname></persName>
		</author>
		<author>
			<persName xmlns="http://www.tei-c.org/ns/1.0"><forename type="first">Tomáš</forename><surname>Kočisk</surname></persName>
		</author>
		<idno type="arXiv">arXiv:1509.06664</idno>
	</analytic>
	<monogr>
		<title level="m">Reasoning about entailment with neural attention</title>
		<imprint>
			<date type="published" when="2015" />
		</imprint>
	</monogr>
<note type="report_type">arXiv preprint</note>
</biblStruct>

<biblStruct >
	<analytic>
		<title level="a" type="main">Recursive deep models for semantic compositionality over a sentiment treebank</title>
		<author>
			<persName xmlns="http://www.tei-c.org/ns/1.0"><forename type="first">Richard</forename><surname>Socher</surname></persName>
		</author>
		<author>
			<persName xmlns="http://www.tei-c.org/ns/1.0"><forename type="first">Alex</forename><surname>Perelygin</surname></persName>
		</author>
		<author>
			<persName xmlns="http://www.tei-c.org/ns/1.0"><forename type="first">Y</forename><surname>Jean</surname></persName>
		</author>
		<author>
			<persName xmlns="http://www.tei-c.org/ns/1.0"><forename type="first">Jason</forename><surname>Wu</surname></persName>
		</author>
		<author>
			<persName xmlns="http://www.tei-c.org/ns/1.0"><surname>Chuang</surname></persName>
		</author>
		<author>
			<persName xmlns="http://www.tei-c.org/ns/1.0"><forename type="first">D</forename><surname>Christopher</surname></persName>
		</author>
		<author>
			<persName xmlns="http://www.tei-c.org/ns/1.0"><surname>Manning</surname></persName>
		</author>
		<author>
			<persName xmlns="http://www.tei-c.org/ns/1.0"><forename type="first">Y</forename><surname>Andrew</surname></persName>
		</author>
		<author>
			<persName xmlns="http://www.tei-c.org/ns/1.0"><forename type="first">Christopher</forename><surname>Ng</surname></persName>
		</author>
		<author>
			<persName xmlns="http://www.tei-c.org/ns/1.0"><surname>Potts</surname></persName>
		</author>
	</analytic>
	<monogr>
		<title level="m">Proceedings of the conference on empirical methods in natural language processing</title>
		<meeting>the conference on empirical methods in natural language processing</meeting>
		<imprint>
			<date type="published" when="2013" />
			<biblScope unit="volume">1631</biblScope>
			<biblScope unit="page">1642</biblScope>
		</imprint>
	</monogr>
</biblStruct>

<biblStruct >
	<monogr>
		<title level="m" type="main">Improved semantic representations from tree-structured long short-term memory networks</title>
		<author>
			<persName xmlns="http://www.tei-c.org/ns/1.0"><forename type="first">Kai Sheng</forename><surname>Tai</surname></persName>
		</author>
		<author>
			<persName xmlns="http://www.tei-c.org/ns/1.0"><forename type="first">Richard</forename><surname>Socher</surname></persName>
		</author>
		<author>
			<persName xmlns="http://www.tei-c.org/ns/1.0"><forename type="first">Christopher D</forename><surname>Manning</surname></persName>
		</author>
		<idno type="arXiv">arXiv:1503.00075</idno>
		<imprint>
			<date type="published" when="2015" />
		</imprint>
	</monogr>
<note type="report_type">arXiv preprint</note>
</biblStruct>

<biblStruct >
	<analytic>
		<title level="a" type="main">Towards universal paraphrastic sentence embeddings</title>
		<author>
			<persName xmlns="http://www.tei-c.org/ns/1.0"><forename type="first">John</forename><surname>Wieting</surname></persName>
		</author>
		<author>
			<persName xmlns="http://www.tei-c.org/ns/1.0"><forename type="first">Mohit</forename><surname>Bansal</surname></persName>
		</author>
		<author>
			<persName xmlns="http://www.tei-c.org/ns/1.0"><forename type="first">Kevin</forename><surname>Gimpel</surname></persName>
		</author>
		<author>
			<persName xmlns="http://www.tei-c.org/ns/1.0"><forename type="first">Karen</forename><surname>Livescu</surname></persName>
		</author>
	</analytic>
	<monogr>
		<title level="m">International Conference on Learning Representations (ICLR)</title>
		<imprint>
			<date type="published" when="2016" />
		</imprint>
	</monogr>
</biblStruct>

<biblStruct >
	<analytic>
		<title level="a" type="main">Expectations of word sense in parallel corpora</title>
		<author>
			<persName xmlns="http://www.tei-c.org/ns/1.0"><forename type="first">Xuchen</forename><surname>Yao</surname></persName>
		</author>
		<author>
			<persName xmlns="http://www.tei-c.org/ns/1.0"><forename type="first">Benjamin</forename><surname>Van Durme</surname></persName>
		</author>
		<author>
			<persName xmlns="http://www.tei-c.org/ns/1.0"><forename type="first">Chris</forename><surname>Callison-Burch</surname></persName>
		</author>
	</analytic>
	<monogr>
		<title level="m">Proceedings of the 2012 Conference of the North American Chapter of the Association for Computational Linguistics: Human Language Technologies</title>
		<meeting>the 2012 Conference of the North American Chapter of the Association for Computational Linguistics: Human Language Technologies<address><addrLine>Montréal, Canada</addrLine></address></meeting>
		<imprint>
			<date type="published" when="2012-06" />
			<biblScope unit="page" from="621" to="625" />
		</imprint>
	</monogr>
	<note>Association for Computational Linguistics</note>
</biblStruct>

<biblStruct >
	<analytic>
		<title level="a" type="main">Bilingual word embeddings for phrase-based machine translation</title>
		<author>
			<persName xmlns="http://www.tei-c.org/ns/1.0"><forename type="first">Y</forename><surname>Will</surname></persName>
		</author>
		<author>
			<persName xmlns="http://www.tei-c.org/ns/1.0"><forename type="first">Richard</forename><surname>Zou</surname></persName>
		</author>
		<author>
			<persName xmlns="http://www.tei-c.org/ns/1.0"><surname>Socher</surname></persName>
		</author>
		<author>
			<persName xmlns="http://www.tei-c.org/ns/1.0"><forename type="first">M</forename><surname>Daniel</surname></persName>
		</author>
		<author>
			<persName xmlns="http://www.tei-c.org/ns/1.0"><forename type="first">Christopher D</forename><surname>Cer</surname></persName>
		</author>
		<author>
			<persName xmlns="http://www.tei-c.org/ns/1.0"><surname>Manning</surname></persName>
		</author>
	</analytic>
	<monogr>
		<title level="m">EMNLP</title>
		<imprint>
			<date type="published" when="2013" />
			<biblScope unit="page" from="1393" to="1398" />
		</imprint>
	</monogr>
</biblStruct>

			</listBibl>
		</back>
	</text>
</TEI>
