<?xml version="1.0" ?>
<TEI xmlns="http://www.tei-c.org/ns/1.0" xmlns:xlink="http://www.w3.org/1999/xlink" 
 xmlns:mml="http://www.w3.org/1998/Math/MathML">
	<teiHeader>
		<fileDesc xml:id="f_394"/>
	</teiHeader>
	<text>
		<front/>
		<body/>
		<back>
			<listBibl>
<biblStruct >
	<analytic>
		<title level="a" type="main">Toward conversational humancomputer interaction</title>
		<author>
			<persName xmlns="http://www.tei-c.org/ns/1.0"><forename type="first">James</forename><forename type="middle">F</forename><surname>Allen</surname></persName>
		</author>
		<author>
			<persName xmlns="http://www.tei-c.org/ns/1.0"><forename type="first">Donna</forename><forename type="middle">K</forename><surname>Byron</surname></persName>
		</author>
		<author>
			<persName xmlns="http://www.tei-c.org/ns/1.0"><forename type="first">Myroslava</forename><surname>Dzikovska</surname></persName>
		</author>
		<author>
			<persName xmlns="http://www.tei-c.org/ns/1.0"><forename type="first">George</forename><surname>Ferguson</surname></persName>
		</author>
		<author>
			<persName xmlns="http://www.tei-c.org/ns/1.0"><forename type="first">Lucian</forename><surname>Galescu</surname></persName>
		</author>
		<author>
			<persName xmlns="http://www.tei-c.org/ns/1.0"><forename type="first">Amanda</forename><surname>Stent</surname></persName>
		</author>
	</analytic>
	<monogr>
		<title level="j">AI magazine</title>
		<imprint>
			<biblScope unit="volume">22</biblScope>
			<biblScope unit="issue">4</biblScope>
			<biblScope unit="page">27</biblScope>
			<date type="published" when="2001" />
		</imprint>
	</monogr>
</biblStruct>

<biblStruct >
	<analytic>
		<title level="a" type="main">Language-based games</title>
		<author>
			<persName xmlns="http://www.tei-c.org/ns/1.0"><forename type="first">Adam</forename><surname>Bjorndahl</surname></persName>
		</author>
		<author>
			<persName xmlns="http://www.tei-c.org/ns/1.0"><forename type="first">Y</forename><surname>Joseph</surname></persName>
		</author>
		<author>
			<persName xmlns="http://www.tei-c.org/ns/1.0"><forename type="first">Rafael</forename><surname>Halpern</surname></persName>
		</author>
		<author>
			<persName xmlns="http://www.tei-c.org/ns/1.0"><surname>Pass</surname></persName>
		</author>
	</analytic>
	<monogr>
		<title level="m">Proc. of the 23rd Int. Joint Conf. on Artificial Intelligence</title>
		<meeting>of the 23rd Int. Joint Conf. on Artificial Intelligence</meeting>
		<imprint>
			<date type="published" when="2013" />
			<biblScope unit="page" from="2967" to="2971" />
		</imprint>
	</monogr>
</biblStruct>

<biblStruct >
	<analytic>
		<title level="a" type="main">Choosing persuasive arguments for action</title>
		<author>
			<persName xmlns="http://www.tei-c.org/ns/1.0"><forename type="first">Elizabeth</forename><surname>Black</surname></persName>
		</author>
		<author>
			<persName xmlns="http://www.tei-c.org/ns/1.0"><forename type="first">Katie</forename><surname>Atkinson</surname></persName>
		</author>
	</analytic>
	<monogr>
		<title level="m">10th Int. Conf. on Autonomous Agents and Multiagent Systems</title>
		<imprint>
			<date type="published" when="2011" />
			<biblScope unit="page" from="905" to="912" />
		</imprint>
	</monogr>
</biblStruct>

<biblStruct >
	<monogr>
		<title level="m" type="main">Intention, Plans, and Practical Reason. Center for the Study of Language and Information</title>
		<author>
			<persName xmlns="http://www.tei-c.org/ns/1.0"><forename type="first">Michael</forename><surname>Bratman</surname></persName>
		</author>
		<imprint>
			<date type="published" when="1987" />
		</imprint>
	</monogr>
</biblStruct>

<biblStruct >
	<analytic>
		<title level="a" type="main">The abc of computational pragmatics. Abduction, Belief and Context in Dialogue</title>
		<author>
			<persName xmlns="http://www.tei-c.org/ns/1.0"><forename type="first">Harry</forename><surname>Bunt</surname></persName>
		</author>
		<author>
			<persName xmlns="http://www.tei-c.org/ns/1.0"><forename type="first">William</forename><surname>Black</surname></persName>
		</author>
	</analytic>
	<monogr>
		<title level="m">Studies in Computational Pragmatics</title>
		<imprint>
			<date type="published" when="2000" />
			<biblScope unit="page" from="1" to="46" />
		</imprint>
	</monogr>
</biblStruct>

<biblStruct >
	<analytic>
		<title level="a" type="main">Towards an iso standard for dialogue act annotation</title>
		<author>
			<persName xmlns="http://www.tei-c.org/ns/1.0"><forename type="first">Harry</forename><surname>Bunt</surname></persName>
		</author>
		<author>
			<persName xmlns="http://www.tei-c.org/ns/1.0"><forename type="first">Jan</forename><surname>Alexandersson</surname></persName>
		</author>
		<author>
			<persName xmlns="http://www.tei-c.org/ns/1.0"><forename type="first">Jean</forename><surname>Carletta</surname></persName>
		</author>
		<author>
			<persName xmlns="http://www.tei-c.org/ns/1.0"><forename type="first">Jaewoong</forename><surname>Choe</surname></persName>
		</author>
		<author>
			<persName xmlns="http://www.tei-c.org/ns/1.0"><forename type="first">Alex</forename><forename type="middle">Chengyu</forename><surname>Fang</surname></persName>
		</author>
		<author>
			<persName xmlns="http://www.tei-c.org/ns/1.0"><forename type="first">Koiti</forename><surname>Hasida</surname></persName>
		</author>
		<author>
			<persName xmlns="http://www.tei-c.org/ns/1.0"><forename type="first">Kiyong</forename><surname>Lee</surname></persName>
		</author>
		<author>
			<persName xmlns="http://www.tei-c.org/ns/1.0"><forename type="first">Volha</forename><surname>Petukhova</surname></persName>
		</author>
		<author>
			<persName xmlns="http://www.tei-c.org/ns/1.0"><forename type="first">Andrei</forename><surname>Popescubelis</surname></persName>
		</author>
		<author>
			<persName xmlns="http://www.tei-c.org/ns/1.0"><forename type="first">Laurent</forename><surname>Romary</surname></persName>
		</author>
	</analytic>
	<monogr>
		<title level="m">Seventh conference on International Language Resources and Evaluation (LREC&apos;10)</title>
		<imprint>
			<date type="published" when="2010" />
		</imprint>
	</monogr>
</biblStruct>

<biblStruct >
	<analytic>
		<title level="a" type="main">Intention is choice with commitment</title>
		<author>
			<persName xmlns="http://www.tei-c.org/ns/1.0"><forename type="first">R</forename><surname>Philip</surname></persName>
		</author>
		<author>
			<persName xmlns="http://www.tei-c.org/ns/1.0"><forename type="first">Hector</forename><forename type="middle">J</forename><surname>Cohen</surname></persName>
		</author>
		<author>
			<persName xmlns="http://www.tei-c.org/ns/1.0"><surname>Levesque</surname></persName>
		</author>
	</analytic>
	<monogr>
		<title level="j">Artif. Intell</title>
		<imprint>
			<biblScope unit="volume">42</biblScope>
			<biblScope unit="issue">23</biblScope>
			<biblScope unit="page" from="213" to="261" />
			<date type="published" when="1990" />
		</imprint>
	</monogr>
</biblStruct>

<biblStruct >
	<analytic>
		<title level="a" type="main">A natural language question answering system as a participant in human q&amp;a portals</title>
		<author>
			<persName xmlns="http://www.tei-c.org/ns/1.0"><forename type="first">Tiansi</forename><surname>Dong</surname></persName>
		</author>
		<author>
			<persName xmlns="http://www.tei-c.org/ns/1.0"><forename type="first">Ulrich</forename><surname>Furbach</surname></persName>
		</author>
		<author>
			<persName xmlns="http://www.tei-c.org/ns/1.0"><forename type="first">Ingo</forename><surname>Glöckner</surname></persName>
		</author>
		<author>
			<persName xmlns="http://www.tei-c.org/ns/1.0"><forename type="first">Björn</forename><surname>Pelzer</surname></persName>
		</author>
	</analytic>
	<monogr>
		<title level="m">Proc. of the 22nd Int. Joint Conf. on Artificial Intelligence</title>
		<meeting>of the 22nd Int. Joint Conf. on Artificial Intelligence</meeting>
		<imprint>
			<date type="published" when="2011" />
			<biblScope unit="page" from="2430" to="2435" />
		</imprint>
	</monogr>
</biblStruct>

<biblStruct >
	<analytic>
		<title level="a" type="main">The belief-desire-intention model of agency</title>
		<author>
			<persName xmlns="http://www.tei-c.org/ns/1.0"><forename type="first">P</forename><surname>Michael</surname></persName>
		</author>
		<author>
			<persName xmlns="http://www.tei-c.org/ns/1.0"><forename type="first">Barney</forename><surname>Georgeff</surname></persName>
		</author>
		<author>
			<persName xmlns="http://www.tei-c.org/ns/1.0"><forename type="first">Martha</forename><forename type="middle">E</forename><surname>Pell</surname></persName>
		</author>
		<author>
			<persName xmlns="http://www.tei-c.org/ns/1.0"><forename type="first">Milind</forename><surname>Pollack</surname></persName>
		</author>
		<author>
			<persName xmlns="http://www.tei-c.org/ns/1.0"><forename type="first">Michael</forename><surname>Tambe</surname></persName>
		</author>
		<author>
			<persName xmlns="http://www.tei-c.org/ns/1.0"><surname>Wooldridge</surname></persName>
		</author>
	</analytic>
	<monogr>
		<title level="m">Proc. of the 5th Int. Workshop on Intelligent Agents V, Agent Theories, Architectures, and Languages</title>
		<meeting>of the 5th Int. Workshop on Intelligent Agents V, Agent Theories, Architectures, and Languages</meeting>
		<imprint>
			<date type="published" when="1998" />
			<biblScope unit="page" from="1" to="10" />
		</imprint>
	</monogr>
</biblStruct>

<biblStruct >
	<analytic>
		<title level="a" type="main">Collaborative plans for complex group action</title>
		<author>
			<persName xmlns="http://www.tei-c.org/ns/1.0"><forename type="first">J</forename><surname>Barbara</surname></persName>
		</author>
		<author>
			<persName xmlns="http://www.tei-c.org/ns/1.0"><forename type="first">Sarit</forename><surname>Grosz</surname></persName>
		</author>
		<author>
			<persName xmlns="http://www.tei-c.org/ns/1.0"><surname>Kraus</surname></persName>
		</author>
	</analytic>
	<monogr>
		<title level="j">Artificial Intelligence</title>
		<imprint>
			<biblScope unit="volume">86</biblScope>
			<biblScope unit="issue">2</biblScope>
			<biblScope unit="page" from="269" to="357" />
			<date type="published" when="1996" />
		</imprint>
	</monogr>
</biblStruct>

<biblStruct >
	<analytic>
		<title level="a" type="main">Attention, intentions, and the structure of discourse</title>
		<author>
			<persName xmlns="http://www.tei-c.org/ns/1.0"><forename type="first">J</forename><surname>Barbara</surname></persName>
		</author>
		<author>
			<persName xmlns="http://www.tei-c.org/ns/1.0"><forename type="first">Candace</forename><forename type="middle">L</forename><surname>Grosz</surname></persName>
		</author>
		<author>
			<persName xmlns="http://www.tei-c.org/ns/1.0"><surname>Sidner</surname></persName>
		</author>
	</analytic>
	<monogr>
		<title level="j">Comput. Linguist</title>
		<imprint>
			<biblScope unit="volume">12</biblScope>
			<biblScope unit="issue">3</biblScope>
			<biblScope unit="page" from="175" to="204" />
			<date type="published" when="1986" />
		</imprint>
	</monogr>
</biblStruct>

<biblStruct >
	<analytic>
		<title level="a" type="main">Opponent modelling in persuasion dialogues</title>
		<author>
			<persName xmlns="http://www.tei-c.org/ns/1.0"><forename type="first">Christos</forename><surname>Hadjinikolis</surname></persName>
		</author>
		<author>
			<persName xmlns="http://www.tei-c.org/ns/1.0"><forename type="first">Yiannis</forename><surname>Siantos</surname></persName>
		</author>
		<author>
			<persName xmlns="http://www.tei-c.org/ns/1.0"><forename type="first">Sanjay</forename><surname>Modgil</surname></persName>
		</author>
		<author>
			<persName xmlns="http://www.tei-c.org/ns/1.0"><forename type="first">Elizabeth</forename><surname>Black</surname></persName>
		</author>
		<author>
			<persName xmlns="http://www.tei-c.org/ns/1.0"><forename type="first">Peter</forename><surname>Mcburney</surname></persName>
		</author>
	</analytic>
	<monogr>
		<title level="m">Proc. of the 23rd Int. Joint Conf. on Artificial Intelligence</title>
		<meeting>of the 23rd Int. Joint Conf. on Artificial Intelligence</meeting>
		<imprint>
			<date type="published" when="2013" />
			<biblScope unit="page" from="164" to="170" />
		</imprint>
	</monogr>
</biblStruct>

<biblStruct >
	<analytic>
		<title level="a" type="main">Predicting and eliciting addressee&apos;s emotion in online dialogue</title>
		<author>
			<persName xmlns="http://www.tei-c.org/ns/1.0"><forename type="first">Takayuki</forename><surname>Hasegawa</surname></persName>
		</author>
		<author>
			<persName xmlns="http://www.tei-c.org/ns/1.0"><forename type="first">Nobuhiro</forename><surname>Kaji</surname></persName>
		</author>
		<author>
			<persName xmlns="http://www.tei-c.org/ns/1.0"><forename type="first">Naoki</forename><surname>Yoshinaga</surname></persName>
		</author>
		<author>
			<persName xmlns="http://www.tei-c.org/ns/1.0"><forename type="first">Masashi</forename><surname>Toyoda</surname></persName>
		</author>
	</analytic>
	<monogr>
		<title level="m">Proc. of the 51st Annual Meeting of the Association for Computational Linguistics</title>
		<meeting>of the 51st Annual Meeting of the Association for Computational Linguistics</meeting>
		<imprint>
			<date type="published" when="2013" />
			<biblScope unit="page" from="964" to="972" />
		</imprint>
	</monogr>
</biblStruct>

<biblStruct >
	<analytic>
		<title level="a" type="main">Why is Discourse Coherent?: Technical Note 176</title>
		<author>
			<persName xmlns="http://www.tei-c.org/ns/1.0"><forename type="first">R</forename><surname>Jerry</surname></persName>
		</author>
		<author>
			<persName xmlns="http://www.tei-c.org/ns/1.0"><surname>Hobbs</surname></persName>
		</author>
	</analytic>
	<monogr>
		<title level="j">Stanford Research Inst</title>
		<imprint>
			<date type="published" when="1978" />
		</imprint>
	</monogr>
</biblStruct>

<biblStruct >
	<analytic>
		<title level="a" type="main">Approaches to the planning of coherent text</title>
		<author>
			<persName xmlns="http://www.tei-c.org/ns/1.0"><forename type="first">Eduard</forename><forename type="middle">H</forename><surname>Hovy</surname></persName>
		</author>
	</analytic>
	<monogr>
		<title level="j">The Kluwer International Series in Engineering and Computer Science</title>
		<imprint>
			<biblScope unit="volume">119</biblScope>
			<biblScope unit="page" from="83" to="102" />
			<date type="published" when="1991" />
			<publisher>Springer</publisher>
		</imprint>
	</monogr>
</biblStruct>

<biblStruct >
	<monogr>
		<title level="m" type="main">Automated discourse generation using discourse structure relations</title>
		<author>
			<persName xmlns="http://www.tei-c.org/ns/1.0"><forename type="first">Eduard</forename><forename type="middle">H</forename><surname>Hovy</surname></persName>
		</author>
		<imprint>
			<date type="published" when="1993" />
			<publisher>MIT Press</publisher>
			<biblScope unit="page" from="341" to="385" />
		</imprint>
	</monogr>
</biblStruct>

<biblStruct >
	<analytic>
		<title level="a" type="main">Cooperating to be noncooperative: The dialog system pracma</title>
		<author>
			<persName xmlns="http://www.tei-c.org/ns/1.0"><forename type="first">Anthony</forename><surname>Jameson</surname></persName>
		</author>
		<author>
			<persName xmlns="http://www.tei-c.org/ns/1.0"><forename type="first">Bernhard</forename><surname>Kipper</surname></persName>
		</author>
		<author>
			<persName xmlns="http://www.tei-c.org/ns/1.0"><forename type="first">Alassane</forename><surname>Ndiaye</surname></persName>
		</author>
		<author>
			<persName xmlns="http://www.tei-c.org/ns/1.0"><forename type="first">Ralph</forename><surname>Schäfer</surname></persName>
		</author>
		<author>
			<persName xmlns="http://www.tei-c.org/ns/1.0"><forename type="first">Joep</forename><surname>Simons</surname></persName>
		</author>
		<author>
			<persName xmlns="http://www.tei-c.org/ns/1.0"><forename type="first">Thomas</forename><surname>Weis</surname></persName>
		</author>
		<author>
			<persName xmlns="http://www.tei-c.org/ns/1.0"><forename type="first">Detlev</forename><surname>Zimmermann</surname></persName>
		</author>
	</analytic>
	<monogr>
		<title level="m">Proc. of KI</title>
		<meeting>of KI</meeting>
		<imprint>
			<publisher>Springer</publisher>
			<date type="published" when="1994" />
		</imprint>
	</monogr>
</biblStruct>

<biblStruct >
	<monogr>
		<title level="m" type="main">Speaking: From intention to articulation</title>
		<author>
			<persName xmlns="http://www.tei-c.org/ns/1.0"><forename type="first">J</forename><forename type="middle">M</forename><surname>Willem</surname></persName>
		</author>
		<author>
			<persName xmlns="http://www.tei-c.org/ns/1.0"><surname>Levelt</surname></persName>
		</author>
		<imprint>
			<date type="published" when="1993" />
			<publisher>MIT press</publisher>
			<biblScope unit="volume">1</biblScope>
		</imprint>
	</monogr>
</biblStruct>

<biblStruct >
	<analytic>
		<title level="a" type="main">Deceptive answer prediction with user preference graph</title>
		<author>
			<persName xmlns="http://www.tei-c.org/ns/1.0"><forename type="first">Fangtao</forename><surname>Li</surname></persName>
		</author>
		<author>
			<persName xmlns="http://www.tei-c.org/ns/1.0"><forename type="first">Yang</forename><surname>Gao</surname></persName>
		</author>
		<author>
			<persName xmlns="http://www.tei-c.org/ns/1.0"><forename type="first">Shuchang</forename><surname>Zhou</surname></persName>
		</author>
		<author>
			<persName xmlns="http://www.tei-c.org/ns/1.0"><forename type="first">Xiance</forename><surname>Si</surname></persName>
		</author>
		<author>
			<persName xmlns="http://www.tei-c.org/ns/1.0"><forename type="first">Decheng</forename><surname>Dai</surname></persName>
		</author>
	</analytic>
	<monogr>
		<title level="m">ACL (1)</title>
		<imprint>
			<publisher>Citeseer</publisher>
			<date type="published" when="2013" />
			<biblScope unit="page" from="1723" to="1732" />
		</imprint>
	</monogr>
</biblStruct>

<biblStruct >
	<analytic>
		<title level="a" type="main">A collaborative planning model of intentional structure</title>
		<author>
			<persName xmlns="http://www.tei-c.org/ns/1.0"><forename type="first">Karen</forename><forename type="middle">E</forename><surname>Lochbaum</surname></persName>
		</author>
	</analytic>
	<monogr>
		<title level="j">Comput. Linguist</title>
		<imprint>
			<biblScope unit="volume">24</biblScope>
			<biblScope unit="issue">4</biblScope>
			<biblScope unit="page" from="525" to="572" />
			<date type="published" when="1998" />
		</imprint>
	</monogr>
</biblStruct>

<biblStruct >
	<analytic>
		<title level="a" type="main">Assertions from discourse structure</title>
		<author>
			<persName xmlns="http://www.tei-c.org/ns/1.0"><forename type="first">C</forename><surname>William</surname></persName>
		</author>
		<author>
			<persName xmlns="http://www.tei-c.org/ns/1.0"><forename type="first">Sandra</forename><forename type="middle">A</forename><surname>Mann</surname></persName>
		</author>
		<author>
			<persName xmlns="http://www.tei-c.org/ns/1.0"><surname>Thompson</surname></persName>
		</author>
	</analytic>
	<monogr>
		<title level="m">Proc. of Workshop on Strategic comp. natural language</title>
		<meeting>of Workshop on Strategic comp. natural language</meeting>
		<imprint>
			<date type="published" when="1986" />
			<biblScope unit="page" from="257" to="270" />
		</imprint>
	</monogr>
</biblStruct>

<biblStruct >
	<analytic>
		<title level="a" type="main">Discourse strategies for generating natural-language text</title>
		<author>
			<persName xmlns="http://www.tei-c.org/ns/1.0"><forename type="first">R</forename><surname>Kathleen</surname></persName>
		</author>
		<author>
			<persName xmlns="http://www.tei-c.org/ns/1.0"><surname>Mckeown</surname></persName>
		</author>
	</analytic>
	<monogr>
		<title level="j">Artificial Intelligence</title>
		<imprint>
			<biblScope unit="volume">27</biblScope>
			<biblScope unit="issue">1</biblScope>
			<biblScope unit="page" from="1" to="41" />
			<date type="published" when="1985" />
		</imprint>
	</monogr>
</biblStruct>

<biblStruct >
	<analytic>
		<title level="a" type="main">Planning text for advisory dialogues: capturing intentional and rhetorical information</title>
		<author>
			<persName xmlns="http://www.tei-c.org/ns/1.0"><forename type="first">Johanna</forename><forename type="middle">D</forename><surname>Moore</surname></persName>
		</author>
		<author>
			<persName xmlns="http://www.tei-c.org/ns/1.0"><forename type="first">Cécile</forename><forename type="middle">L</forename><surname>Paris</surname></persName>
		</author>
	</analytic>
	<monogr>
		<title level="j">Comput. Linguist</title>
		<imprint>
			<biblScope unit="volume">19</biblScope>
			<biblScope unit="issue">4</biblScope>
			<biblScope unit="page" from="651" to="694" />
			<date type="published" when="1993" />
		</imprint>
	</monogr>
</biblStruct>

<biblStruct >
	<analytic>
		<title level="a" type="main">Non-cooperative games</title>
		<author>
			<persName xmlns="http://www.tei-c.org/ns/1.0"><forename type="first">John</forename><surname>Nash</surname></persName>
		</author>
	</analytic>
	<monogr>
		<title level="j">Annals of Mathematics</title>
		<imprint>
			<biblScope unit="volume">54</biblScope>
			<biblScope unit="issue">2</biblScope>
			<biblScope unit="page" from="286" to="295" />
			<date type="published" when="1951" />
		</imprint>
	</monogr>
</biblStruct>

<biblStruct >
	<monogr>
		<title level="m" type="main">Psychometric Theory</title>
		<author>
			<persName xmlns="http://www.tei-c.org/ns/1.0"><forename type="first">C</forename><surname>Jum</surname></persName>
		</author>
		<author>
			<persName xmlns="http://www.tei-c.org/ns/1.0"><surname>Nunnally</surname></persName>
		</author>
		<imprint>
			<date type="published" when="1967" />
			<publisher>McGraw-Hill</publisher>
			<pubPlace>New York</pubPlace>
		</imprint>
	</monogr>
</biblStruct>

<biblStruct >
	<monogr>
		<title/>
		<author>
			<persName xmlns="http://www.tei-c.org/ns/1.0"><forename type="first">Oxford</forename><surname>Dictionaries</surname></persName>
		</author>
		<ptr target="http://oxforddictionaries.com" />
		<imprint>
			<date type="published" when="2016" />
			<publisher>Oxford University Press</publisher>
		</imprint>
	</monogr>
</biblStruct>

<biblStruct >
	<analytic>
		<title level="a" type="main">Speech acts, dialogues and the common ground</title>
		<author>
			<persName xmlns="http://www.tei-c.org/ns/1.0"><forename type="first">A</forename><surname>Michel</surname></persName>
		</author>
		<author>
			<persName xmlns="http://www.tei-c.org/ns/1.0"><surname>Paquette</surname></persName>
		</author>
	</analytic>
	<monogr>
		<title level="m">FLAIRS Conference</title>
		<imprint>
			<date type="published" when="2012" />
		</imprint>
	</monogr>
</biblStruct>

<biblStruct >
	<monogr>
		<title level="m" type="main">Language and Equilibrium</title>
		<author>
			<persName xmlns="http://www.tei-c.org/ns/1.0"><forename type="first">Prashant</forename><surname>Parikh</surname></persName>
		</author>
		<imprint>
			<date type="published" when="2010" />
			<publisher>MIT Press</publisher>
		</imprint>
	</monogr>
</biblStruct>

<biblStruct >
	<analytic>
		<title level="a" type="main">Formal systems for persuasion dialogue</title>
		<author>
			<persName xmlns="http://www.tei-c.org/ns/1.0"><forename type="first">Henry</forename><surname>Prakken</surname></persName>
		</author>
	</analytic>
	<monogr>
		<title level="j">The Knowledge Engineering Review</title>
		<imprint>
			<biblScope unit="volume">21</biblScope>
			<biblScope unit="issue">02</biblScope>
			<biblScope unit="page" from="163" to="188" />
			<date type="published" when="2006" />
		</imprint>
	</monogr>
</biblStruct>

<biblStruct >
	<analytic>
		<title level="a" type="main">Bdi agents: From theory to practice</title>
		<author>
			<persName xmlns="http://www.tei-c.org/ns/1.0"><forename type="first">S</forename><surname>Anand</surname></persName>
		</author>
		<author>
			<persName xmlns="http://www.tei-c.org/ns/1.0"><forename type="first">Michael</forename><forename type="middle">P</forename><surname>Rao</surname></persName>
		</author>
		<author>
			<persName xmlns="http://www.tei-c.org/ns/1.0"><surname>Georgeff</surname></persName>
		</author>
	</analytic>
	<monogr>
		<title level="m">Proc. of the 1st Intl. Conf. on Multiagent Systems (ICMAS)</title>
		<meeting>of the 1st Intl. Conf. on Multiagent Systems (ICMAS)</meeting>
		<imprint>
			<publisher>The MIT Press</publisher>
			<date type="published" when="1995" />
			<biblScope unit="page" from="312" to="319" />
		</imprint>
	</monogr>
</biblStruct>

<biblStruct >
	<analytic>
		<title level="a" type="main">Collagen: when agents collaborate with people</title>
		<author>
			<persName xmlns="http://www.tei-c.org/ns/1.0"><forename type="first">Charles</forename><surname>Rich</surname></persName>
		</author>
		<author>
			<persName xmlns="http://www.tei-c.org/ns/1.0"><forename type="first">Candace</forename><forename type="middle">L</forename><surname>Sidner</surname></persName>
		</author>
	</analytic>
	<monogr>
		<title level="m">Proceedings of the first international conference on Autonomous agents, AGENTS &apos;97</title>
		<meeting>the first international conference on Autonomous agents, AGENTS &apos;97<address><addrLine>New York, NY, USA</addrLine></address></meeting>
		<imprint>
			<publisher>ACM</publisher>
			<date type="published" when="1997" />
			<biblScope unit="page" from="284" to="291" />
		</imprint>
	</monogr>
</biblStruct>

<biblStruct >
	<monogr>
		<title level="m" type="main">The strategy of conflict</title>
		<author>
			<persName xmlns="http://www.tei-c.org/ns/1.0"><forename type="first">C</forename><surname>Thomas</surname></persName>
		</author>
		<author>
			<persName xmlns="http://www.tei-c.org/ns/1.0"><surname>Schelling</surname></persName>
		</author>
		<imprint>
			<date type="published" when="1960" />
			<publisher>Harvard university press</publisher>
		</imprint>
	</monogr>
</biblStruct>

<biblStruct >
	<analytic>
		<title level="a" type="main">Rational choice and the structure of the environment</title>
		<author>
			<persName xmlns="http://www.tei-c.org/ns/1.0"><forename type="first">Herbert</forename><forename type="middle">A</forename><surname>Simon</surname></persName>
		</author>
	</analytic>
	<monogr>
		<title level="j">Psychological review</title>
		<imprint>
			<biblScope unit="volume">63</biblScope>
			<biblScope unit="issue">2</biblScope>
			<biblScope unit="page">129</biblScope>
			<date type="published" when="1956" />
		</imprint>
	</monogr>
</biblStruct>

<biblStruct >
	<analytic>
		<title level="a" type="main">A strategic reasoning model for generating alternative answers</title>
		<author>
			<persName xmlns="http://www.tei-c.org/ns/1.0"><forename type="first">Jon</forename><forename type="middle">Scott</forename><surname>Stevens</surname></persName>
		</author>
		<author>
			<persName xmlns="http://www.tei-c.org/ns/1.0"><forename type="first">Anton</forename><surname>Benz</surname></persName>
		</author>
		<author>
			<persName xmlns="http://www.tei-c.org/ns/1.0"><forename type="first">Sebastian</forename><surname>Reue</surname></persName>
		</author>
		<author>
			<persName xmlns="http://www.tei-c.org/ns/1.0"><forename type="first">Ralf</forename><surname>Klabunde</surname></persName>
		</author>
	</analytic>
	<monogr>
		<title level="m">The Association for Computer Linguistics</title>
		<imprint>
			<date type="published" when="2015" />
			<biblScope unit="page" from="534" to="542" />
		</imprint>
	</monogr>
	<note>ACL (1)</note>
</biblStruct>

<biblStruct >
	<monogr>
		<title level="m" type="main">The information state approach to dialogue management</title>
		<author>
			<persName xmlns="http://www.tei-c.org/ns/1.0"><forename type="first">David</forename><surname>Traum</surname></persName>
		</author>
		<author>
			<persName xmlns="http://www.tei-c.org/ns/1.0"><forename type="first">Staffan</forename><surname>Larsson</surname></persName>
		</author>
		<imprint>
			<date type="published" when="2003" />
			<publisher>Springer</publisher>
			<biblScope unit="page" from="325" to="353" />
		</imprint>
	</monogr>
</biblStruct>

<biblStruct >
	<analytic>
		<title level="a" type="main">Multi-party, multiissue, multi-strategy negotiation for multi-modal virtual agents</title>
		<author>
			<persName xmlns="http://www.tei-c.org/ns/1.0"><forename type="first">David</forename><surname>Traum</surname></persName>
		</author>
		<author>
			<persName xmlns="http://www.tei-c.org/ns/1.0"><forename type="first">C</forename><surname>Stacy</surname></persName>
		</author>
		<author>
			<persName xmlns="http://www.tei-c.org/ns/1.0"><forename type="first">Jonathan</forename><surname>Marsella</surname></persName>
		</author>
		<author>
			<persName xmlns="http://www.tei-c.org/ns/1.0"><forename type="first">Jina</forename><surname>Gratch</surname></persName>
		</author>
		<author>
			<persName xmlns="http://www.tei-c.org/ns/1.0"><forename type="first">Arno</forename><surname>Lee</surname></persName>
		</author>
		<author>
			<persName xmlns="http://www.tei-c.org/ns/1.0"><surname>Hartholt</surname></persName>
		</author>
	</analytic>
	<monogr>
		<title level="m">Intelligent Virtual Agents</title>
		<imprint>
			<publisher>Springer</publisher>
			<date type="published" when="2008" />
			<biblScope unit="page" from="117" to="130" />
		</imprint>
	</monogr>
</biblStruct>

<biblStruct >
	<analytic>
		<title level="a" type="main">What game theory can do for nlg: the case of vague language</title>
		<author>
			<persName xmlns="http://www.tei-c.org/ns/1.0"><surname>Kees Van Deemter</surname></persName>
		</author>
	</analytic>
	<monogr>
		<title level="m">Proceedings of the 12th European Workshop on Natural Language Generation</title>
		<meeting>the 12th European Workshop on Natural Language Generation</meeting>
		<imprint>
			<date type="published" when="2009" />
			<biblScope unit="page" from="154" to="161" />
		</imprint>
	</monogr>
</biblStruct>

			</listBibl>
		</back>
	</text>
</TEI>
