<?xml version="1.0" ?>
<TEI xmlns="http://www.tei-c.org/ns/1.0" xmlns:xlink="http://www.w3.org/1999/xlink" 
 xmlns:mml="http://www.w3.org/1998/Math/MathML">
	<teiHeader>
		<fileDesc xml:id="f_1189"/>
	</teiHeader>
	<text>
		<front/>
		<body/>
		<back>
			<listBibl>
<biblStruct >
	<monogr>
		<title level="m" type="main">Neural machine translation by jointly learning to align and translate</title>
		<author>
			<persName xmlns="http://www.tei-c.org/ns/1.0"><forename type="first">Dzmitry</forename><surname>Bahdanau</surname></persName>
		</author>
		<author>
			<persName xmlns="http://www.tei-c.org/ns/1.0"><forename type="first">Kyunghyun</forename><surname>Cho</surname></persName>
		</author>
		<author>
			<persName xmlns="http://www.tei-c.org/ns/1.0"><forename type="first">Yoshua</forename><surname>Bengio</surname></persName>
		</author>
		<idno type="arXiv">arXiv:1409.0473</idno>
		<imprint>
			<date type="published" when="2014" />
		</imprint>
	</monogr>
<note type="report_type">arXiv preprint</note>
</biblStruct>

<biblStruct >
	<monogr>
		<title level="m" type="main">Joint modeling for chinese event extraction with rich linguistic features</title>
		<author>
			<persName xmlns="http://www.tei-c.org/ns/1.0"><forename type="first">Chen</forename><surname>Chen</surname></persName>
		</author>
		<author>
			<persName xmlns="http://www.tei-c.org/ns/1.0"><surname>Ng</surname></persName>
		</author>
		<editor>COLING. Citeseer</editor>
		<imprint>
			<date type="published" when="2012" />
		</imprint>
	</monogr>
</biblStruct>

<biblStruct >
	<analytic>
		<title level="a" type="main">Event extraction via dynamic multi-pooling convolutional neural networks</title>
		<author>
			<persName xmlns="http://www.tei-c.org/ns/1.0"><forename type="first">Yubo</forename><surname>Chen</surname></persName>
		</author>
		<author>
			<persName xmlns="http://www.tei-c.org/ns/1.0"><forename type="first">Liheng</forename><surname>Xu</surname></persName>
		</author>
		<author>
			<persName xmlns="http://www.tei-c.org/ns/1.0"><forename type="first">Kang</forename><surname>Liu</surname></persName>
		</author>
		<author>
			<persName xmlns="http://www.tei-c.org/ns/1.0"><forename type="first">Daojian</forename><surname>Zeng</surname></persName>
		</author>
		<author>
			<persName xmlns="http://www.tei-c.org/ns/1.0"><forename type="first">Jun</forename><surname>Zhao</surname></persName>
		</author>
	</analytic>
	<monogr>
		<title level="m">Proceedings of the 53rd Annual Meeting of the Association for Computational Linguistics and the 7th International Joint Conference on Natural Language Processing</title>
		<meeting>the 53rd Annual Meeting of the Association for Computational Linguistics and the 7th International Joint Conference on Natural Language Processing</meeting>
		<imprint>
			<date type="published" when="2015" />
			<biblScope unit="volume">1</biblScope>
			<biblScope unit="page" from="167" to="176" />
		</imprint>
	</monogr>
</biblStruct>

<biblStruct >
	<analytic>
		<title level="a" type="main">Using cross-entity inference to improve event extraction</title>
		<author>
			<persName xmlns="http://www.tei-c.org/ns/1.0"><forename type="first">Yu</forename><surname>Hong</surname></persName>
		</author>
		<author>
			<persName xmlns="http://www.tei-c.org/ns/1.0"><forename type="first">Jianfeng</forename><surname>Zhang</surname></persName>
		</author>
		<author>
			<persName xmlns="http://www.tei-c.org/ns/1.0"><forename type="first">Bin</forename><surname>Ma</surname></persName>
		</author>
		<author>
			<persName xmlns="http://www.tei-c.org/ns/1.0"><forename type="first">Jianmin</forename><surname>Yao</surname></persName>
		</author>
		<author>
			<persName xmlns="http://www.tei-c.org/ns/1.0"><forename type="first">Guodong</forename><surname>Zhou</surname></persName>
		</author>
		<author>
			<persName xmlns="http://www.tei-c.org/ns/1.0"><forename type="first">Qiaoming</forename><surname>Zhu</surname></persName>
		</author>
	</analytic>
	<monogr>
		<title level="m">Proceedings of the 49th Annual Meeting of the Association for Computational Linguistics: Human Language Technologies</title>
		<meeting>the 49th Annual Meeting of the Association for Computational Linguistics: Human Language Technologies</meeting>
		<imprint>
			<publisher>Association for Computational Linguistics</publisher>
			<date type="published" when="2011" />
			<biblScope unit="volume">1</biblScope>
			<biblScope unit="page" from="1127" to="1136" />
		</imprint>
	</monogr>
</biblStruct>

<biblStruct >
	<analytic>
		<title level="a" type="main">Refining event extraction through cross-document inference</title>
		<author>
			<persName xmlns="http://www.tei-c.org/ns/1.0"><forename type="first">Heng</forename><surname>Ji</surname></persName>
		</author>
		<author>
			<persName xmlns="http://www.tei-c.org/ns/1.0"><forename type="first">Ralph</forename><surname>Grishman</surname></persName>
		</author>
	</analytic>
	<monogr>
		<title level="m">ACL</title>
		<imprint>
			<date type="published" when="2008" />
			<biblScope unit="page" from="254" to="262" />
		</imprint>
	</monogr>
</biblStruct>

<biblStruct >
	<monogr>
		<title level="m" type="main">Convolutional networks for images, speech, and time series. The handbook of brain theory and neural networks</title>
		<author>
			<persName xmlns="http://www.tei-c.org/ns/1.0"><forename type="first">Yann</forename><surname>Lecun</surname></persName>
		</author>
		<author>
			<persName xmlns="http://www.tei-c.org/ns/1.0"><forename type="first">Yoshua</forename><surname>Bengio</surname></persName>
		</author>
		<imprint>
			<date type="published" when="1995" />
			<biblScope unit="page">3361</biblScope>
		</imprint>
	</monogr>
</biblStruct>

<biblStruct >
	<analytic>
		<title level="a" type="main">Incremental joint extraction of entity mentions and relations</title>
		<author>
			<persName xmlns="http://www.tei-c.org/ns/1.0"><forename type="first">Qi</forename><surname>Li</surname></persName>
		</author>
		<author>
			<persName xmlns="http://www.tei-c.org/ns/1.0"><forename type="first">Heng</forename><surname>Ji</surname></persName>
		</author>
	</analytic>
	<monogr>
		<title level="m">Proceedings of the Association for Computational Linguistics</title>
		<meeting>the Association for Computational Linguistics</meeting>
		<imprint>
			<date type="published" when="2014" />
		</imprint>
	</monogr>
</biblStruct>

<biblStruct >
	<analytic>
		<title level="a" type="main">Joint event extraction via structured prediction with global features</title>
		<author>
			<persName xmlns="http://www.tei-c.org/ns/1.0"><forename type="first">Qi</forename><surname>Li</surname></persName>
		</author>
		<author>
			<persName xmlns="http://www.tei-c.org/ns/1.0"><forename type="first">Ji</forename><surname>Heng</surname></persName>
		</author>
		<author>
			<persName xmlns="http://www.tei-c.org/ns/1.0"><forename type="first">Liang</forename><surname>Huang</surname></persName>
		</author>
	</analytic>
	<monogr>
		<title level="m">ACL (1)</title>
		<imprint>
			<date type="published" when="2013" />
			<biblScope unit="page" from="73" to="82" />
		</imprint>
	</monogr>
</biblStruct>

<biblStruct >
	<monogr>
				<author>
			<persName xmlns="http://www.tei-c.org/ns/1.0"><forename type="first">Jiwei</forename><surname>Li</surname></persName>
		</author>
		<author>
			<persName xmlns="http://www.tei-c.org/ns/1.0"><forename type="first">Dan</forename><surname>Jurafsky</surname></persName>
		</author>
		<author>
			<persName xmlns="http://www.tei-c.org/ns/1.0"><forename type="first">Eudard</forename><surname>Hovy</surname></persName>
		</author>
		<idno type="arXiv">arXiv:1503.00185</idno>
		<title level="m">When are tree structures necessary for deep learning of representations? arXiv preprint</title>
		<imprint>
			<date type="published" when="2015" />
		</imprint>
	</monogr>
</biblStruct>

<biblStruct >
	<monogr>
				<author>
			<persName xmlns="http://www.tei-c.org/ns/1.0"><forename type="first">Jiwei</forename><surname>Li</surname></persName>
		</author>
		<author>
			<persName xmlns="http://www.tei-c.org/ns/1.0"><forename type="first">Minh-Thang</forename><surname>Luong</surname></persName>
		</author>
		<author>
			<persName xmlns="http://www.tei-c.org/ns/1.0"><forename type="first">Dan</forename><surname>Jurafsky</surname></persName>
		</author>
		<idno type="arXiv">arXiv:1506.01057</idno>
		<title level="m">2015b. A hierarchical neural autoencoder for paragraphs and documents</title>
		<imprint/>
	</monogr>
<note type="report_type">arXiv preprint</note>
</biblStruct>

<biblStruct >
	<analytic>
		<title level="a" type="main">Using document level cross-event inference to improve event extraction</title>
		<author>
			<persName xmlns="http://www.tei-c.org/ns/1.0"><forename type="first">Shasha</forename><surname>Liao</surname></persName>
		</author>
		<author>
			<persName xmlns="http://www.tei-c.org/ns/1.0"><forename type="first">Ralph</forename><surname>Grishman</surname></persName>
		</author>
	</analytic>
	<monogr>
		<title level="m">Proceedings of the 48th Annual Meeting of the Association for Computational Linguistics</title>
		<meeting>the 48th Annual Meeting of the Association for Computational Linguistics</meeting>
		<imprint>
			<date type="published" when="2010" />
			<biblScope unit="page" from="789" to="797" />
		</imprint>
	</monogr>
	<note>Association for Computational Linguistics</note>
</biblStruct>

<biblStruct >
	<analytic>
		<title level="a" type="main">Language technology platform</title>
		<author>
			<persName xmlns="http://www.tei-c.org/ns/1.0"><forename type="first">Ting</forename><surname>Liu</surname></persName>
		</author>
		<author>
			<persName xmlns="http://www.tei-c.org/ns/1.0"><forename type="first">Wanxiang</forename><surname>Che</surname></persName>
		</author>
		<author>
			<persName xmlns="http://www.tei-c.org/ns/1.0"><forename type="first">Zhenghua</forename><surname>Li</surname></persName>
		</author>
	</analytic>
	<monogr>
		<title level="j">Journal of Chinese Information Processing</title>
		<imprint>
			<biblScope unit="volume">25</biblScope>
			<biblScope unit="issue">6</biblScope>
			<biblScope unit="page" from="53" to="62" />
			<date type="published" when="2011" />
		</imprint>
	</monogr>
</biblStruct>

<biblStruct >
	<monogr>
				<author>
			<persName xmlns="http://www.tei-c.org/ns/1.0"><forename type="first">Yang</forename><surname>Liu</surname></persName>
		</author>
		<author>
			<persName xmlns="http://www.tei-c.org/ns/1.0"><forename type="first">Furu</forename><surname>Wei</surname></persName>
		</author>
		<author>
			<persName xmlns="http://www.tei-c.org/ns/1.0"><forename type="first">Sujian</forename><surname>Li</surname></persName>
		</author>
		<author>
			<persName xmlns="http://www.tei-c.org/ns/1.0"><forename type="first">Heng</forename><surname>Ji</surname></persName>
		</author>
		<author>
			<persName xmlns="http://www.tei-c.org/ns/1.0"><forename type="first">Ming</forename><surname>Zhou</surname></persName>
		</author>
		<author>
			<persName xmlns="http://www.tei-c.org/ns/1.0"><forename type="first">Houfeng</forename><surname>Wang</surname></persName>
		</author>
		<idno type="arXiv">arXiv:1507.04646</idno>
		<title level="m">A dependency-based neural network for relation classification</title>
		<imprint>
			<date type="published" when="2015" />
		</imprint>
	</monogr>
<note type="report_type">arXiv preprint</note>
</biblStruct>

<biblStruct >
	<analytic>
		<title level="a" type="main">Improving event detection with active learning</title>
		<author>
			<persName xmlns="http://www.tei-c.org/ns/1.0"><forename type="first">Fan</forename><surname>Miao</surname></persName>
		</author>
		<author>
			<persName xmlns="http://www.tei-c.org/ns/1.0"><forename type="first">Ralph</forename><surname>Grishman</surname></persName>
		</author>
	</analytic>
	<monogr>
		<title level="m">EMNLP</title>
		<imprint>
			<date type="published" when="2015" />
		</imprint>
	</monogr>
</biblStruct>

<biblStruct >
	<analytic>
		<title level="a" type="main">Recurrent neural network based language model</title>
		<author>
			<persName xmlns="http://www.tei-c.org/ns/1.0"><forename type="first">Tomas</forename><surname>Mikolov</surname></persName>
		</author>
		<author>
			<persName xmlns="http://www.tei-c.org/ns/1.0"><forename type="first">Martin</forename><surname>Karafiát</surname></persName>
		</author>
		<author>
			<persName xmlns="http://www.tei-c.org/ns/1.0"><forename type="first">Lukas</forename><surname>Burget</surname></persName>
		</author>
	</analytic>
	<monogr>
		<title level="m">INTERSPEECH</title>
		<imprint>
			<date type="published" when="2010-01" />
			<biblScope unit="volume">2</biblScope>
			<biblScope unit="page">3</biblScope>
		</imprint>
	</monogr>
	<note>Cernock`Cernock`y, and Sanjeev Khudanpur</note>
</biblStruct>

<biblStruct >
	<analytic>
		<title level="a" type="main">Distributed representations of words and phrases and their compositionality</title>
		<author>
			<persName xmlns="http://www.tei-c.org/ns/1.0"><forename type="first">Tomas</forename><surname>Mikolov</surname></persName>
		</author>
		<author>
			<persName xmlns="http://www.tei-c.org/ns/1.0"><forename type="first">Ilya</forename><surname>Sutskever</surname></persName>
		</author>
		<author>
			<persName xmlns="http://www.tei-c.org/ns/1.0"><forename type="first">Kai</forename><surname>Chen</surname></persName>
		</author>
		<author>
			<persName xmlns="http://www.tei-c.org/ns/1.0"><forename type="first">Greg</forename><forename type="middle">S</forename><surname>Corrado</surname></persName>
		</author>
		<author>
			<persName xmlns="http://www.tei-c.org/ns/1.0"><forename type="first">Jeff</forename><surname>Dean</surname></persName>
		</author>
	</analytic>
	<monogr>
		<title level="m">Advances in neural information processing systems</title>
		<imprint>
			<date type="published" when="2013" />
			<biblScope unit="page" from="3111" to="3119" />
		</imprint>
	</monogr>
</biblStruct>

<biblStruct >
	<monogr>
		<title level="m" type="main">Event detection and domain adaptation with convolutional neural networks</title>
		<author>
			<persName xmlns="http://www.tei-c.org/ns/1.0"><forename type="first">Huu</forename><surname>Thien</surname></persName>
		</author>
		<author>
			<persName xmlns="http://www.tei-c.org/ns/1.0"><forename type="first">Ralph</forename><surname>Nguyen</surname></persName>
		</author>
		<author>
			<persName xmlns="http://www.tei-c.org/ns/1.0"><surname>Grishman</surname></persName>
		</author>
		<imprint>
			<date type="published" when="2015" />
			<publisher>Short Papers</publisher>
			<biblScope unit="volume">2</biblScope>
			<biblScope unit="page">365</biblScope>
		</imprint>
	</monogr>
</biblStruct>

<biblStruct >
	<analytic>
		<title level="a" type="main">Bidirectional recurrent neural networks. Signal Processing</title>
		<author>
			<persName xmlns="http://www.tei-c.org/ns/1.0"><forename type="first">Mike</forename><surname>Schuster</surname></persName>
		</author>
		<author>
			<persName xmlns="http://www.tei-c.org/ns/1.0"><forename type="first">K</forename><surname>Kuldip</surname></persName>
		</author>
		<author>
			<persName xmlns="http://www.tei-c.org/ns/1.0"><surname>Paliwal</surname></persName>
		</author>
	</analytic>
	<monogr>
		<title level="j">IEEE Transactions on</title>
		<imprint>
			<biblScope unit="volume">45</biblScope>
			<biblScope unit="issue">11</biblScope>
			<biblScope unit="page" from="2673" to="2681" />
			<date type="published" when="1997" />
		</imprint>
	</monogr>
</biblStruct>

<biblStruct >
	<analytic>
		<title level="a" type="main">Exploiting machine learning techniques to build an event extraction system for portuguese and spanish</title>
		<author>
			<persName xmlns="http://www.tei-c.org/ns/1.0"><forename type="first">Hristo</forename><surname>Tanev</surname></persName>
		</author>
		<author>
			<persName xmlns="http://www.tei-c.org/ns/1.0"><forename type="first">Vanni</forename><surname>Zavarella</surname></persName>
		</author>
		<author>
			<persName xmlns="http://www.tei-c.org/ns/1.0"><forename type="first">Jens</forename><surname>Linge</surname></persName>
		</author>
		<author>
			<persName xmlns="http://www.tei-c.org/ns/1.0"><forename type="first">Mijail</forename><surname>Kabadjov</surname></persName>
		</author>
		<author>
			<persName xmlns="http://www.tei-c.org/ns/1.0"><forename type="first">Jakub</forename><surname>Piskorski</surname></persName>
		</author>
		<author>
			<persName xmlns="http://www.tei-c.org/ns/1.0"><forename type="first">Martin</forename><surname>Atkinson</surname></persName>
		</author>
		<author>
			<persName xmlns="http://www.tei-c.org/ns/1.0"><forename type="first">Ralf</forename><surname>Steinberger</surname></persName>
		</author>
	</analytic>
	<monogr>
		<title level="j">Linguamática</title>
		<imprint>
			<biblScope unit="volume">1</biblScope>
			<biblScope unit="issue">2</biblScope>
			<biblScope unit="page" from="55" to="66" />
			<date type="published" when="2009" />
		</imprint>
	</monogr>
</biblStruct>

<biblStruct >
	<analytic>
		<title level="a" type="main">Document modeling with gated recurrent neural network for sentiment classification</title>
		<author>
			<persName xmlns="http://www.tei-c.org/ns/1.0"><forename type="first">Duyu</forename><surname>Tang</surname></persName>
		</author>
		<author>
			<persName xmlns="http://www.tei-c.org/ns/1.0"><forename type="first">Bing</forename><surname>Qin</surname></persName>
		</author>
		<author>
			<persName xmlns="http://www.tei-c.org/ns/1.0"><forename type="first">Ting</forename><surname>Liu</surname></persName>
		</author>
	</analytic>
	<monogr>
		<title level="j">EMNLP</title>
		<imprint>
			<date type="published" when="2015" />
		</imprint>
	</monogr>
</biblStruct>

<biblStruct >
	<analytic>
		<title level="a" type="main">Document modeling with gated recurrent neural network for sentiment classification</title>
		<author>
			<persName xmlns="http://www.tei-c.org/ns/1.0"><forename type="first">Duyu</forename><surname>Tang</surname></persName>
		</author>
		<author>
			<persName xmlns="http://www.tei-c.org/ns/1.0"><forename type="first">Bing</forename><surname>Qin</surname></persName>
		</author>
		<author>
			<persName xmlns="http://www.tei-c.org/ns/1.0"><forename type="first">Ting</forename><surname>Liu</surname></persName>
		</author>
	</analytic>
	<monogr>
		<title level="m">Proceedings of the 2015 Conference on Empirical Methods in Natural Language Processing</title>
		<meeting>the 2015 Conference on Empirical Methods in Natural Language Processing</meeting>
		<imprint>
			<date type="published" when="2015" />
			<biblScope unit="page" from="1422" to="1432" />
		</imprint>
	</monogr>
</biblStruct>

<biblStruct >
	<monogr>
				<author>
			<persName xmlns="http://www.tei-c.org/ns/1.0"><surname>Matthew D Zeiler</surname></persName>
		</author>
		<idno type="arXiv">arXiv:1212.5701</idno>
		<title level="m">Adadelta: an adaptive learning rate method</title>
		<imprint>
			<date type="published" when="2012" />
		</imprint>
	</monogr>
<note type="report_type">arXiv preprint</note>
</biblStruct>

<biblStruct >
	<analytic>
		<title level="a" type="main">Relation classification via convolutional deep neural network</title>
		<author>
			<persName xmlns="http://www.tei-c.org/ns/1.0"><forename type="first">Daojian</forename><surname>Zeng</surname></persName>
		</author>
		<author>
			<persName xmlns="http://www.tei-c.org/ns/1.0"><forename type="first">Kang</forename><surname>Liu</surname></persName>
		</author>
		<author>
			<persName xmlns="http://www.tei-c.org/ns/1.0"><forename type="first">Siwei</forename><surname>Lai</surname></persName>
		</author>
		<author>
			<persName xmlns="http://www.tei-c.org/ns/1.0"><forename type="first">Guangyou</forename><surname>Zhou</surname></persName>
		</author>
		<author>
			<persName xmlns="http://www.tei-c.org/ns/1.0"><forename type="first">Jun</forename><surname>Zhao</surname></persName>
		</author>
	</analytic>
	<monogr>
		<title level="m">COLING</title>
		<imprint>
			<date type="published" when="2014" />
			<biblScope unit="page" from="2335" to="2344" />
		</imprint>
	</monogr>
</biblStruct>

			</listBibl>
		</back>
	</text>
</TEI>
