<?xml version="1.0" ?>
<TEI xmlns="http://www.tei-c.org/ns/1.0" xmlns:xlink="http://www.w3.org/1999/xlink" 
 xmlns:mml="http://www.w3.org/1998/Math/MathML">
	<teiHeader>
		<fileDesc xml:id="f_681"/>
	</teiHeader>
	<text>
		<front/>
		<body/>
		<back>
			<listBibl>
<biblStruct >
	<monogr>
		<title level="m" type="main">A microanalysis of the nonmanual components of questions in american sign language</title>
		<author>
			<persName xmlns="http://www.tei-c.org/ns/1.0"><forename type="first">Charlotte</forename><surname>Baker-Shenk</surname></persName>
		</author>
		<imprint>
			<date type="published" when="1983" />
		</imprint>
	</monogr>
</biblStruct>

<biblStruct >
	<analytic>
		<title level="a" type="main">Exploiting the full potential of jasigning to build an avatar signing train announcements</title>
		<author>
			<persName xmlns="http://www.tei-c.org/ns/1.0"><forename type="first">Sarah</forename><surname>Ebling</surname></persName>
		</author>
		<author>
			<persName xmlns="http://www.tei-c.org/ns/1.0"><forename type="first">John</forename><surname>Glauert</surname></persName>
		</author>
	</analytic>
	<monogr>
		<title level="m">Proceedings of the Third International Symposium on Sign Language Translation and Avatar Technology (SLTAT)</title>
		<meeting>the Third International Symposium on Sign Language Translation and Avatar Technology (SLTAT)<address><addrLine>Chicago, USA, October</addrLine></address></meeting>
		<imprint>
			<date type="published" when="2013" />
			<biblScope unit="volume">18</biblScope>
			<biblScope unit="page">19</biblScope>
		</imprint>
	</monogr>
</biblStruct>

<biblStruct >
	<analytic>
		<title level="a" type="main">A rule triggering system for automatic text-to-sign translation</title>
		<author>
			<persName xmlns="http://www.tei-c.org/ns/1.0"><forename type="first">Michael</forename><surname>Filhol</surname></persName>
		</author>
		<author>
			<persName xmlns="http://www.tei-c.org/ns/1.0"><forename type="first">Mohamed</forename><forename type="middle">N</forename><surname>Hadjadj</surname></persName>
		</author>
		<author>
			<persName xmlns="http://www.tei-c.org/ns/1.0"><forename type="first">Benoˆıtbenoˆıt</forename><surname>Testu</surname></persName>
		</author>
	</analytic>
	<monogr>
		<title level="j">Universal Access in the Information Society</title>
		<imprint>
			<biblScope unit="page" from="1" to="12" />
			<date type="published" when="2013" />
		</imprint>
	</monogr>
</biblStruct>

<biblStruct >
	<analytic>
		<title level="a" type="main">The signcom system for data-driven animation of interactive virtual signers: Methodology and evaluation</title>
		<author>
			<persName xmlns="http://www.tei-c.org/ns/1.0"><forename type="first">Sylvie</forename><surname>Gibet</surname></persName>
		</author>
		<author>
			<persName xmlns="http://www.tei-c.org/ns/1.0"><forename type="first">Nicolas</forename><surname>Courty</surname></persName>
		</author>
		<author>
			<persName xmlns="http://www.tei-c.org/ns/1.0"><forename type="first">Kyle</forename><surname>Duarte</surname></persName>
		</author>
		<author>
			<persName xmlns="http://www.tei-c.org/ns/1.0"><forename type="first">Thibaut</forename><forename type="middle">Le</forename><surname>Naour</surname></persName>
		</author>
	</analytic>
	<monogr>
		<title level="j">ACM Transactions on Interactive Intelligent Systems (TiiS)</title>
		<imprint>
			<biblScope unit="volume">1</biblScope>
			<biblScope unit="issue">1</biblScope>
			<biblScope unit="page">6</biblScope>
			<date type="published" when="2011" />
		</imprint>
	</monogr>
</biblStruct>

<biblStruct >
	<analytic>
		<title level="a" type="main">Embr-a realtime animation engine for interactive embodied agents</title>
		<author>
			<persName xmlns="http://www.tei-c.org/ns/1.0"><forename type="first">Alexis</forename><surname>Heloir</surname></persName>
		</author>
		<author>
			<persName xmlns="http://www.tei-c.org/ns/1.0"><forename type="first">Michael</forename><surname>Kipp</surname></persName>
		</author>
	</analytic>
	<monogr>
		<title level="m">Intelligent Virtual Agents</title>
		<imprint>
			<publisher>Springer</publisher>
			<date type="published" when="2009" />
			<biblScope unit="page" from="393" to="404" />
		</imprint>
	</monogr>
</biblStruct>

<biblStruct >
	<analytic>
		<title level="a" type="main">Release of experimental stimuli and questions for evaluating facial expressions in animations of american sign language</title>
		<author>
			<persName xmlns="http://www.tei-c.org/ns/1.0"><forename type="first">Matt</forename><surname>Huenerfauth</surname></persName>
		</author>
		<author>
			<persName xmlns="http://www.tei-c.org/ns/1.0"><forename type="first">Hernisa</forename><surname>Kacorri</surname></persName>
		</author>
	</analytic>
	<monogr>
		<title level="m">Proceedings of the 6th Workshop on the Representation and Processing of Sign Languages: Beyond the Manual Channel</title>
		<meeting>the 6th Workshop on the Representation and Processing of Sign Languages: Beyond the Manual Channel<address><addrLine>Reykjavik, Iceland</addrLine></address></meeting>
		<imprint>
			<date type="published" when="2014" />
		</imprint>
	</monogr>
	<note>The 9th International Conference on Language Resources and Evaluation (LREC 2014)</note>
</biblStruct>

<biblStruct >
	<analytic>
		<title level="a" type="main">Augmenting embr virtual human animation system with mpeg-4 controls for producing asl facial expressions</title>
		<author>
			<persName xmlns="http://www.tei-c.org/ns/1.0"><forename type="first">Matt</forename><surname>Huenerfauth</surname></persName>
		</author>
		<author>
			<persName xmlns="http://www.tei-c.org/ns/1.0"><forename type="first">Hernisa</forename><surname>Kacorri</surname></persName>
		</author>
	</analytic>
	<monogr>
		<title level="m">International Symposium on Sign Language Translation and Avatar Technology</title>
		<imprint>
			<date type="published" when="2015" />
			<biblScope unit="page">3</biblScope>
		</imprint>
	</monogr>
</biblStruct>

<biblStruct >
	<analytic>
		<title level="a" type="main">Best practices for conducting evaluations of sign language animation</title>
		<author>
			<persName xmlns="http://www.tei-c.org/ns/1.0"><forename type="first">Matt</forename><surname>Huenerfauth</surname></persName>
		</author>
		<author>
			<persName xmlns="http://www.tei-c.org/ns/1.0"><forename type="first">Hernisa</forename><surname>Kacorri</surname></persName>
		</author>
	</analytic>
	<monogr>
		<title level="j">Journal on Technology and Persons with Disabilities</title>
		<imprint>
			<biblScope unit="page">3</biblScope>
			<date type="published" when="2015" />
		</imprint>
	</monogr>
</biblStruct>

<biblStruct >
	<monogr>
		<title level="m" type="main">Information technology-Coding of audio-visual objects-Part 2: Visual. ISO 144962:1999, International Organization for Standardization</title>
		<author>
			<persName xmlns="http://www.tei-c.org/ns/1.0"><forename type="first">Iso/Iec</forename></persName>
		</author>
		<imprint>
			<date type="published" when="1999" />
			<pubPlace>Geneva, Switzerland</pubPlace>
		</imprint>
	</monogr>
</biblStruct>

<biblStruct >
	<analytic>
		<title level="a" type="main">Evaluating a dynamic time warping based scoring algorithm for facial expressions in asl animations</title>
		<author>
			<persName xmlns="http://www.tei-c.org/ns/1.0"><forename type="first">Hernisa</forename><surname>Kacorri</surname></persName>
		</author>
		<author>
			<persName xmlns="http://www.tei-c.org/ns/1.0"><forename type="first">Matt</forename><surname>Huenerfauth</surname></persName>
		</author>
	</analytic>
	<monogr>
		<title level="m">6th Workshop on Speech and Language Processing for Assistive Technologies (SLPAT)</title>
		<imprint>
			<date type="published" when="2015" />
			<biblScope unit="page">29</biblScope>
		</imprint>
	</monogr>
</biblStruct>

<biblStruct >
	<analytic>
		<title level="a" type="main">Effect of displaying human videos during an evaluation study of american sign language animation</title>
		<author>
			<persName xmlns="http://www.tei-c.org/ns/1.0"><forename type="first">Hernisa</forename><surname>Kacorri</surname></persName>
		</author>
		<author>
			<persName xmlns="http://www.tei-c.org/ns/1.0"><forename type="first">Pengfei</forename><surname>Lu</surname></persName>
		</author>
		<author>
			<persName xmlns="http://www.tei-c.org/ns/1.0"><forename type="first">Matt</forename><surname>Huenerfauth</surname></persName>
		</author>
	</analytic>
	<monogr>
		<title level="j">ACM Transactions on Accessible Computing (TACCESS)</title>
		<imprint>
			<biblScope unit="volume">5</biblScope>
			<biblScope unit="issue">2</biblScope>
			<biblScope unit="page">4</biblScope>
			<date type="published" when="2013" />
		</imprint>
	</monogr>
</biblStruct>

<biblStruct >
	<analytic>
		<title level="a" type="main">Evaluating facial expressions in american sign language animations for accessible online information</title>
		<author>
			<persName xmlns="http://www.tei-c.org/ns/1.0"><forename type="first">Hernisa</forename><surname>Kacorri</surname></persName>
		</author>
		<author>
			<persName xmlns="http://www.tei-c.org/ns/1.0"><forename type="first">Pengfei</forename><surname>Lu</surname></persName>
		</author>
		<author>
			<persName xmlns="http://www.tei-c.org/ns/1.0"><forename type="first">Matt</forename><surname>Huenerfauth</surname></persName>
		</author>
	</analytic>
	<monogr>
		<title level="m">Universal Access in Human-Computer Interaction. Design Methods, Tools, and Interaction Techniques for eInclusion</title>
		<imprint>
			<publisher>Springer</publisher>
			<date type="published" when="2013" />
			<biblScope unit="page" from="510" to="519" />
		</imprint>
	</monogr>
</biblStruct>

<biblStruct >
	<analytic>
		<title level="a" type="main">Measuring the perception of facial expressions in american sign language animations with eye tracking</title>
		<author>
			<persName xmlns="http://www.tei-c.org/ns/1.0"><forename type="first">Hernisa</forename><surname>Kacorri</surname></persName>
		</author>
		<author>
			<persName xmlns="http://www.tei-c.org/ns/1.0"><forename type="first">Allen</forename><surname>Harper</surname></persName>
		</author>
		<author>
			<persName xmlns="http://www.tei-c.org/ns/1.0"><forename type="first">Matt</forename><surname>Huenerfauth</surname></persName>
		</author>
	</analytic>
	<monogr>
		<title level="m">Universal Access in Human-Computer Interaction. Design for All and Accessibility Practice</title>
		<imprint>
			<publisher>Springer</publisher>
			<date type="published" when="2014" />
			<biblScope unit="page" from="553" to="563" />
		</imprint>
	</monogr>
</biblStruct>

			</listBibl>
		</back>
	</text>
</TEI>
