<?xml version="1.0" ?>
<TEI xmlns="http://www.tei-c.org/ns/1.0" xmlns:xlink="http://www.w3.org/1999/xlink" 
 xmlns:mml="http://www.w3.org/1998/Math/MathML">
	<teiHeader>
		<fileDesc xml:id="f_1300"/>
	</teiHeader>
	<text>
		<front/>
		<body/>
		<back>
			<listBibl>
<biblStruct >
	<analytic>
		<title level="a" type="main">Open information extraction from the web</title>
		<author>
			<persName xmlns="http://www.tei-c.org/ns/1.0"><forename type="first">Michele</forename><surname>Banko</surname></persName>
		</author>
		<author>
			<persName xmlns="http://www.tei-c.org/ns/1.0"><forename type="first">J</forename><surname>Michael</surname></persName>
		</author>
		<author>
			<persName xmlns="http://www.tei-c.org/ns/1.0"><forename type="first">Stephen</forename><surname>Cafarella</surname></persName>
		</author>
		<author>
			<persName xmlns="http://www.tei-c.org/ns/1.0"><forename type="first">Matthew</forename><surname>Soderland</surname></persName>
		</author>
		<author>
			<persName xmlns="http://www.tei-c.org/ns/1.0"><forename type="first">Oren</forename><surname>Broadhead</surname></persName>
		</author>
		<author>
			<persName xmlns="http://www.tei-c.org/ns/1.0"><surname>Etzioni</surname></persName>
		</author>
	</analytic>
	<monogr>
		<title level="m">IJCAI</title>
		<imprint>
			<date type="published" when="2007" />
			<biblScope unit="volume">7</biblScope>
			<biblScope unit="page" from="2670" to="2676" />
		</imprint>
	</monogr>
</biblStruct>

<biblStruct >
	<analytic>
		<title level="a" type="main">Conceptual biology, hypothesis discovery, and text mining: Swanson&apos;s legacy</title>
		<author>
			<persName xmlns="http://www.tei-c.org/ns/1.0"><forename type="first">B</forename><surname>Tanja</surname></persName>
		</author>
		<author>
			<persName xmlns="http://www.tei-c.org/ns/1.0"><surname>Bekhuis</surname></persName>
		</author>
	</analytic>
	<monogr>
		<title level="j">Biomedical Digital Library</title>
		<imprint>
			<biblScope unit="volume">3</biblScope>
			<biblScope unit="issue">2</biblScope>
			<date type="published" when="2006" />
		</imprint>
	</monogr>
</biblStruct>

<biblStruct >
	<analytic>
		<title level="a" type="main">Sieve-based coreference resolution in the biomedical domain</title>
		<author>
			<persName xmlns="http://www.tei-c.org/ns/1.0"><forename type="first">Dane</forename><surname>Bell</surname></persName>
		</author>
		<author>
			<persName xmlns="http://www.tei-c.org/ns/1.0"><forename type="first">Gus</forename><surname>Hahn-Powell</surname></persName>
		</author>
		<author>
			<persName xmlns="http://www.tei-c.org/ns/1.0"><forename type="first">Marco</forename><forename type="middle">A</forename><surname>Valenzuelaescárcega</surname></persName>
		</author>
		<author>
			<persName xmlns="http://www.tei-c.org/ns/1.0"><forename type="first">Mihai</forename><surname>Surdeanu</surname></persName>
		</author>
	</analytic>
	<monogr>
		<title level="m">LREC</title>
		<imprint>
			<date type="published" when="2016" />
		</imprint>
	</monogr>
</biblStruct>

<biblStruct >
	<analytic>
		<title level="a" type="main">Extracting complex biological events with rich graphbased feature sets</title>
		<author>
			<persName xmlns="http://www.tei-c.org/ns/1.0"><forename type="first">Jari</forename><surname>Björne</surname></persName>
		</author>
		<author>
			<persName xmlns="http://www.tei-c.org/ns/1.0"><forename type="first">Juho</forename><surname>Heimonen</surname></persName>
		</author>
		<author>
			<persName xmlns="http://www.tei-c.org/ns/1.0"><forename type="first">Filip</forename><surname>Ginter</surname></persName>
		</author>
		<author>
			<persName xmlns="http://www.tei-c.org/ns/1.0"><forename type="first">Antti</forename><surname>Airola</surname></persName>
		</author>
		<author>
			<persName xmlns="http://www.tei-c.org/ns/1.0"><forename type="first">Tapio</forename><surname>Pahikkala</surname></persName>
		</author>
		<author>
			<persName xmlns="http://www.tei-c.org/ns/1.0"><forename type="first">Tapio</forename><surname>Salakoski</surname></persName>
		</author>
	</analytic>
	<monogr>
		<title level="m">Proceedings of the Workshop on BioNLP: Shared Task. ACL</title>
		<meeting>the Workshop on BioNLP: Shared Task. ACL</meeting>
		<imprint>
			<date type="published" when="2009" />
			<biblScope unit="page" from="10" to="18" />
		</imprint>
	</monogr>
</biblStruct>

<biblStruct >
	<analytic>
		<title level="a" type="main">Toward an architecture for neverending language learning</title>
		<author>
			<persName xmlns="http://www.tei-c.org/ns/1.0"><forename type="first">Andrew</forename><surname>Carlson</surname></persName>
		</author>
		<author>
			<persName xmlns="http://www.tei-c.org/ns/1.0"><forename type="first">Justin</forename><surname>Betteridge</surname></persName>
		</author>
		<author>
			<persName xmlns="http://www.tei-c.org/ns/1.0"><forename type="first">Bryan</forename><surname>Kisiel</surname></persName>
		</author>
		<author>
			<persName xmlns="http://www.tei-c.org/ns/1.0"><forename type="first">Burr</forename><surname>Settles</surname></persName>
		</author>
		<author>
			<persName xmlns="http://www.tei-c.org/ns/1.0"><forename type="first">Tom M</forename><surname>Estevam R Hruschka</surname><genName>Jr</genName></persName>
		</author>
		<author>
			<persName xmlns="http://www.tei-c.org/ns/1.0"><surname>Mitchell</surname></persName>
		</author>
	</analytic>
	<monogr>
		<title level="m">AAAI</title>
		<imprint>
			<date type="published" when="2010" />
			<biblScope unit="volume">5</biblScope>
			<biblScope unit="page">3</biblScope>
		</imprint>
	</monogr>
</biblStruct>

<biblStruct >
	<analytic>
		<title level="a" type="main">Pathwaymatrix: Visualizing binary relationships between proteins in biological pathways</title>
		<author>
			<persName xmlns="http://www.tei-c.org/ns/1.0"><forename type="first">Paul</forename><surname>Tuan Nhon Dang</surname></persName>
		</author>
		<author>
			<persName xmlns="http://www.tei-c.org/ns/1.0"><forename type="first">Angus Graeme</forename><surname>Murray</surname></persName>
		</author>
		<author>
			<persName xmlns="http://www.tei-c.org/ns/1.0"><surname>Forbes</surname></persName>
		</author>
	</analytic>
	<monogr>
		<title level="m">BMC Proceedings</title>
		<imprint>
			<date type="published" when="2015" />
			<biblScope unit="volume">9</biblScope>
			<biblScope unit="page">3</biblScope>
		</imprint>
	</monogr>
</biblStruct>

<biblStruct >
	<analytic>
		<title level="a" type="main">The biopax community standard for pathway data sharing</title>
		<author>
			<persName xmlns="http://www.tei-c.org/ns/1.0"><forename type="first">Emek</forename><surname>Demir</surname></persName>
		</author>
		<author>
			<persName xmlns="http://www.tei-c.org/ns/1.0"><forename type="first">P</forename><surname>Michael</surname></persName>
		</author>
		<author>
			<persName xmlns="http://www.tei-c.org/ns/1.0"><forename type="first">Suzanne</forename><surname>Cary</surname></persName>
		</author>
		<author>
			<persName xmlns="http://www.tei-c.org/ns/1.0"><forename type="first">Ken</forename><surname>Paley</surname></persName>
		</author>
		<author>
			<persName xmlns="http://www.tei-c.org/ns/1.0"><forename type="first">Christian</forename><surname>Fukuda</surname></persName>
		</author>
		<author>
			<persName xmlns="http://www.tei-c.org/ns/1.0"><forename type="first">Imre</forename><surname>Lemer</surname></persName>
		</author>
		<author>
			<persName xmlns="http://www.tei-c.org/ns/1.0"><forename type="first">Guanming</forename><surname>Vastrik</surname></persName>
		</author>
		<author>
			<persName xmlns="http://www.tei-c.org/ns/1.0"><surname>Wu</surname></persName>
		</author>
		<author>
			<persName xmlns="http://www.tei-c.org/ns/1.0"><forename type="first">Carl</forename><surname>Peter D&amp;apos;eustachio</surname></persName>
		</author>
		<author>
			<persName xmlns="http://www.tei-c.org/ns/1.0"><forename type="first">Joanne</forename><surname>Schaefer</surname></persName>
		</author>
		<author>
			<persName xmlns="http://www.tei-c.org/ns/1.0"><surname>Luciano</surname></persName>
		</author>
	</analytic>
	<monogr>
		<title level="j">Nature biotechnology</title>
		<imprint>
			<biblScope unit="volume">28</biblScope>
			<biblScope unit="issue">9</biblScope>
			<biblScope unit="page" from="935" to="942" />
			<date type="published" when="2010" />
		</imprint>
	</monogr>
</biblStruct>

<biblStruct >
	<analytic>
		<title level="a" type="main">This before that: Causal precedence in the biomedical domain</title>
		<author>
			<persName xmlns="http://www.tei-c.org/ns/1.0"><forename type="first">Gus</forename><surname>Hahn-Powell</surname></persName>
		</author>
		<author>
			<persName xmlns="http://www.tei-c.org/ns/1.0"><forename type="first">Dane</forename><surname>Bell</surname></persName>
		</author>
		<author>
			<persName xmlns="http://www.tei-c.org/ns/1.0"><forename type="first">A</forename><surname>Marco</surname></persName>
		</author>
		<author>
			<persName xmlns="http://www.tei-c.org/ns/1.0"><forename type="first">Mihai</forename><surname>Valenzuelaescárcega</surname></persName>
		</author>
		<author>
			<persName xmlns="http://www.tei-c.org/ns/1.0"><surname>Surdeanu</surname></persName>
		</author>
	</analytic>
	<monogr>
		<title level="m">Proceedings of the 15th Workshop on Biomedical Natural Language Processing</title>
		<meeting>the 15th Workshop on Biomedical Natural Language Processing</meeting>
		<imprint>
			<date type="published" when="2016" />
		</imprint>
	</monogr>
</biblStruct>

<biblStruct >
	<analytic>
		<title level="a" type="main">The edges of understanding</title>
		<author>
			<persName xmlns="http://www.tei-c.org/ns/1.0"><forename type="first">D</forename><surname>Arthur</surname></persName>
		</author>
		<author>
			<persName xmlns="http://www.tei-c.org/ns/1.0"><surname>Lander</surname></persName>
		</author>
	</analytic>
	<monogr>
		<title level="j">BMC biology</title>
		<imprint>
			<biblScope unit="volume">8</biblScope>
			<biblScope unit="issue">1</biblScope>
			<biblScope unit="page">40</biblScope>
			<date type="published" when="2010" />
		</imprint>
	</monogr>
</biblStruct>

<biblStruct >
	<analytic>
		<title level="a" type="main">Deterministic coreference resolution based on entity-centric, precision-ranked rules</title>
		<author>
			<persName xmlns="http://www.tei-c.org/ns/1.0"><forename type="first">Heeyoung</forename><surname>Lee</surname></persName>
		</author>
		<author>
			<persName xmlns="http://www.tei-c.org/ns/1.0"><forename type="first">Angel</forename><surname>Chang</surname></persName>
		</author>
		<author>
			<persName xmlns="http://www.tei-c.org/ns/1.0"><forename type="first">Yves</forename><surname>Peirsman</surname></persName>
		</author>
		<author>
			<persName xmlns="http://www.tei-c.org/ns/1.0"><forename type="first">Nathanael</forename><surname>Chambers</surname></persName>
		</author>
		<author>
			<persName xmlns="http://www.tei-c.org/ns/1.0"><forename type="first">Mihai</forename><surname>Surdeanu</surname></persName>
		</author>
		<author>
			<persName xmlns="http://www.tei-c.org/ns/1.0"><forename type="first">Dan</forename><surname>Jurafsky</surname></persName>
		</author>
	</analytic>
	<monogr>
		<title level="j">Computational Linguistics</title>
		<imprint>
			<biblScope unit="volume">39</biblScope>
			<biblScope unit="issue">4</biblScope>
			<date type="published" when="2013" />
		</imprint>
	</monogr>
</biblStruct>

<biblStruct >
	<analytic>
				<author>
			<persName xmlns="http://www.tei-c.org/ns/1.0"><forename type="first">Claire</forename><surname>Nédellec</surname></persName>
		</author>
		<author>
			<persName xmlns="http://www.tei-c.org/ns/1.0"><forename type="first">Robert</forename><surname>Bossy</surname></persName>
		</author>
		<author>
			<persName xmlns="http://www.tei-c.org/ns/1.0"><forename type="first">Jin-Dong</forename><surname>Kim</surname></persName>
		</author>
		<author>
			<persName xmlns="http://www.tei-c.org/ns/1.0"><forename type="first">Jungjae</forename><surname>Kim</surname></persName>
		</author>
		<author>
			<persName xmlns="http://www.tei-c.org/ns/1.0"><forename type="first">Tomoko</forename><surname>Ohta</surname></persName>
		</author>
		<author>
			<persName xmlns="http://www.tei-c.org/ns/1.0"><forename type="first">Sampo</forename><surname>Pyysalo</surname></persName>
		</author>
		<author>
			<persName xmlns="http://www.tei-c.org/ns/1.0"><forename type="first">Pierre</forename><surname>Zweigenbaum</surname></persName>
		</author>
		<ptr target="http://aclweb.org/anthology/W13-2001" />
	</analytic>
	<monogr>
		<title level="m">Proceedings of the BioNLP Shared Task 2013 Workshop, Association for Computational Linguistics</title>
		<meeting>the BioNLP Shared Task 2013 Workshop, Association for Computational Linguistics</meeting>
		<imprint>
			<date type="published" when="2013" />
			<biblScope unit="page" from="1" to="7" />
		</imprint>
	</monogr>
</biblStruct>

<biblStruct >
	<analytic>
		<title level="a" type="main">Publication growth in biological sub-fields: patterns, predictability and sustainability</title>
		<author>
			<persName xmlns="http://www.tei-c.org/ns/1.0"><forename type="first">Marco</forename><surname>Pautasso</surname></persName>
		</author>
	</analytic>
	<monogr>
		<title level="j">Sustainability</title>
		<imprint>
			<biblScope unit="volume">4</biblScope>
			<biblScope unit="issue">12</biblScope>
			<biblScope unit="page" from="3234" to="3247" />
			<date type="published" when="2012" />
		</imprint>
	</monogr>
</biblStruct>

<biblStruct >
	<analytic>
		<title level="a" type="main">A machine reading system for assembling synthetic paleontological databases</title>
		<author>
			<persName xmlns="http://www.tei-c.org/ns/1.0"><forename type="first">Shanan</forename><forename type="middle">E</forename><surname>Peters</surname></persName>
		</author>
		<author>
			<persName xmlns="http://www.tei-c.org/ns/1.0"><forename type="first">Ce</forename><surname>Zhang</surname></persName>
		</author>
		<author>
			<persName xmlns="http://www.tei-c.org/ns/1.0"><forename type="first">Miron</forename><surname>Livny</surname></persName>
		</author>
		<author>
			<persName xmlns="http://www.tei-c.org/ns/1.0"><forename type="first">Christopher</forename><surname>Ré</surname></persName>
		</author>
	</analytic>
	<monogr>
		<title level="j">PLOS ONE</title>
		<imprint>
			<biblScope unit="volume">9</biblScope>
			<biblScope unit="issue">12</biblScope>
			<biblScope unit="page" from="1" to="22" />
			<date type="published" when="2014" />
		</imprint>
	</monogr>
</biblStruct>

<biblStruct >
	<monogr>
		<title/>
		<idno type="doi">10.1371/journal.pone.0113523</idno>
		<ptr target="https://doi.org/10.1371/journal.pone.0113523" />
		<imprint/>
	</monogr>
</biblStruct>

<biblStruct >
	<analytic>
		<title level="a" type="main">Using arrowsmith: a computer-assisted approach to formulating and assessing scientific hypotheses</title>
		<author>
			<persName xmlns="http://www.tei-c.org/ns/1.0"><forename type="first">R</forename><surname>Neil</surname></persName>
		</author>
		<author>
			<persName xmlns="http://www.tei-c.org/ns/1.0"><forename type="first">Don</forename><forename type="middle">R</forename><surname>Smalheiser</surname></persName>
		</author>
		<author>
			<persName xmlns="http://www.tei-c.org/ns/1.0"><surname>Swanson</surname></persName>
		</author>
	</analytic>
	<monogr>
		<title level="j">Computer methods and programs in biomedicine</title>
		<imprint>
			<biblScope unit="volume">57</biblScope>
			<biblScope unit="issue">3</biblScope>
			<biblScope unit="page" from="149" to="153" />
			<date type="published" when="1998" />
		</imprint>
	</monogr>
</biblStruct>

<biblStruct >
	<analytic>
		<title level="a" type="main">Undiscovered public knowledge</title>
		<author>
			<persName xmlns="http://www.tei-c.org/ns/1.0"><surname>Don R Swanson</surname></persName>
		</author>
	</analytic>
	<monogr>
		<title level="j">The Library Quarterly</title>
		<imprint>
			<biblScope unit="volume">56</biblScope>
			<biblScope unit="issue">2</biblScope>
			<biblScope unit="page" from="103" to="118" />
			<date type="published" when="1986" />
		</imprint>
	</monogr>
</biblStruct>

<biblStruct >
	<analytic>
		<title level="a" type="main">Odin&apos;s runes: A rule language for information extraction</title>
		<author>
			<persName xmlns="http://www.tei-c.org/ns/1.0"><forename type="first">Gustave</forename><surname>Marco A Valenzuela-Escarcega</surname></persName>
		</author>
		<author>
			<persName xmlns="http://www.tei-c.org/ns/1.0"><forename type="first">Mihai</forename><surname>Hahn-Powell</surname></persName>
		</author>
		<author>
			<persName xmlns="http://www.tei-c.org/ns/1.0"><surname>Surdeanu</surname></persName>
		</author>
	</analytic>
	<monogr>
		<title level="m">LREC</title>
		<imprint>
			<date type="published" when="2016" />
		</imprint>
	</monogr>
</biblStruct>

<biblStruct >
	<monogr>
		<title level="m" type="main">DeepDive: a data management system for automatic knowledge base construction</title>
		<author>
			<persName xmlns="http://www.tei-c.org/ns/1.0"><forename type="first">Ce</forename><surname>Zhang</surname></persName>
		</author>
		<imprint>
			<date type="published" when="2015" />
		</imprint>
	</monogr>
	<note>Ph.D. thesis, Citeseer</note>
</biblStruct>

			</listBibl>
		</back>
	</text>
</TEI>
