<?xml version="1.0" ?>
<TEI xmlns="http://www.tei-c.org/ns/1.0" xmlns:xlink="http://www.w3.org/1999/xlink" 
 xmlns:mml="http://www.w3.org/1998/Math/MathML">
	<teiHeader>
		<fileDesc xml:id="f_562"/>
	</teiHeader>
	<text>
		<front/>
		<body/>
		<back>
			<listBibl>
<biblStruct >
	<analytic>
		<title level="a" type="main">The generalized distributive law</title>
		<author>
			<persName xmlns="http://www.tei-c.org/ns/1.0"><forename type="first">M</forename><surname>Srinivas</surname></persName>
		</author>
		<author>
			<persName xmlns="http://www.tei-c.org/ns/1.0"><forename type="first">Robert J</forename><surname>Aji</surname></persName>
		</author>
		<author>
			<persName xmlns="http://www.tei-c.org/ns/1.0"><surname>Mceliece</surname></persName>
		</author>
	</analytic>
	<monogr>
		<title level="j">IEEE Transactions on Information Theory</title>
		<imprint>
			<biblScope unit="volume">46</biblScope>
			<biblScope unit="issue">2</biblScope>
			<date type="published" when="2000" />
		</imprint>
	</monogr>
</biblStruct>

<biblStruct >
	<analytic>
		<title level="a" type="main">Generalized algorithms for constructing statistical language models</title>
		<author>
			<persName xmlns="http://www.tei-c.org/ns/1.0"><forename type="first">Cyril</forename><surname>Allauzen</surname></persName>
		</author>
		<author>
			<persName xmlns="http://www.tei-c.org/ns/1.0"><forename type="first">Mehryar</forename><surname>Mohri</surname></persName>
		</author>
		<author>
			<persName xmlns="http://www.tei-c.org/ns/1.0"><forename type="first">Brian</forename><surname>Roark</surname></persName>
		</author>
	</analytic>
	<monogr>
		<title level="m">ACL</title>
		<imprint>
			<date type="published" when="2003" />
		</imprint>
	</monogr>
</biblStruct>

<biblStruct >
	<analytic>
		<title level="a" type="main">Scalable training of L 1-regularized log-linear models</title>
		<author>
			<persName xmlns="http://www.tei-c.org/ns/1.0"><forename type="first">Galen</forename><surname>Andrew</surname></persName>
		</author>
		<author>
			<persName xmlns="http://www.tei-c.org/ns/1.0"><forename type="first">Jianfeng</forename><surname>Gao</surname></persName>
		</author>
	</analytic>
	<monogr>
		<title level="m">ICML</title>
		<imprint>
			<date type="published" when="2007" />
		</imprint>
	</monogr>
</biblStruct>

<biblStruct >
	<analytic>
		<title level="a" type="main">Fextor: A feature extraction framework for natural language processing: A case study in word sense disambiguation, relation recognition and anaphora resolution</title>
		<author>
			<persName xmlns="http://www.tei-c.org/ns/1.0"><forename type="first">Bartosz</forename><surname>Broda</surname></persName>
		</author>
		<author>
			<persName xmlns="http://www.tei-c.org/ns/1.0"><forename type="first">K˛</forename><surname>Paweł</surname></persName>
		</author>
		<author>
			<persName xmlns="http://www.tei-c.org/ns/1.0"><forename type="first">Michał</forename><surname>Edzia</surname></persName>
		</author>
		<author>
			<persName xmlns="http://www.tei-c.org/ns/1.0"><forename type="first">Adam</forename><surname>Marci´nczukmarci´nczuk</surname></persName>
		</author>
		<author>
			<persName xmlns="http://www.tei-c.org/ns/1.0"><forename type="first">Radosław</forename><surname>Radziszewski</surname></persName>
		</author>
		<author>
			<persName xmlns="http://www.tei-c.org/ns/1.0"><forename type="first">Adam</forename><surname>Ramocki</surname></persName>
		</author>
		<author>
			<persName xmlns="http://www.tei-c.org/ns/1.0"><surname>Wardy´nskiwardy´nski</surname></persName>
		</author>
	</analytic>
	<monogr>
		<title level="m">Computational Linguistics</title>
		<imprint>
			<publisher>Springer</publisher>
			<date type="published" when="2013" />
			<biblScope unit="page" from="41" to="62" />
		</imprint>
	</monogr>
</biblStruct>

<biblStruct >
	<monogr>
				<author>
			<persName xmlns="http://www.tei-c.org/ns/1.0"><forename type="first">Kai-Wei</forename><surname>Chang</surname></persName>
		</author>
		<author>
			<persName xmlns="http://www.tei-c.org/ns/1.0"><forename type="first">Shyam</forename><surname>Upadhyay</surname></persName>
		</author>
		<author>
			<persName xmlns="http://www.tei-c.org/ns/1.0"><forename type="first">Ming-Wei</forename><surname>Chang</surname></persName>
		</author>
		<author>
			<persName xmlns="http://www.tei-c.org/ns/1.0"><forename type="first">Vivek</forename><surname>Srikumar</surname></persName>
		</author>
		<author>
			<persName xmlns="http://www.tei-c.org/ns/1.0"><forename type="first">Dan</forename><surname>Roth</surname></persName>
		</author>
		<idno type="arXiv">arXiv:1509.07179</idno>
		<title level="m">IllinoisSL: A JAVA library for Structured Prediction</title>
		<imprint>
			<date type="published" when="2015" />
		</imprint>
	</monogr>
<note type="report_type">arXiv preprint</note>
</biblStruct>

<biblStruct >
	<monogr>
		<title level="m" type="main">Probabilistic networks and expert systems: Exact computational methods for Bayesian networks</title>
		<author>
			<persName xmlns="http://www.tei-c.org/ns/1.0"><forename type="first">G</forename><surname>Robert</surname></persName>
		</author>
		<author>
			<persName xmlns="http://www.tei-c.org/ns/1.0"><surname>Cowell</surname></persName>
		</author>
		<imprint>
			<date type="published" when="2006" />
			<publisher>Springer Science &amp; Business Media</publisher>
		</imprint>
	</monogr>
</biblStruct>

<biblStruct >
	<analytic>
		<title level="a" type="main">Learning with feature description logics</title>
		<author>
			<persName xmlns="http://www.tei-c.org/ns/1.0"><forename type="first">M</forename><surname>Chad</surname></persName>
		</author>
		<author>
			<persName xmlns="http://www.tei-c.org/ns/1.0"><forename type="first">Dan</forename><surname>Cumby</surname></persName>
		</author>
		<author>
			<persName xmlns="http://www.tei-c.org/ns/1.0"><surname>Roth</surname></persName>
		</author>
	</analytic>
	<monogr>
		<title level="m">Inductive logic programming</title>
		<imprint>
			<publisher>Springer</publisher>
			<date type="published" when="2002" />
		</imprint>
	</monogr>
</biblStruct>

<biblStruct >
	<analytic>
		<title level="a" type="main">Compiling Comp Ling: Practical weighted dynamic programming and the Dyna language</title>
		<author>
			<persName xmlns="http://www.tei-c.org/ns/1.0"><forename type="first">Jason</forename><surname>Eisner</surname></persName>
		</author>
		<author>
			<persName xmlns="http://www.tei-c.org/ns/1.0"><forename type="first">Eric</forename><surname>Goldlust</surname></persName>
		</author>
		<author>
			<persName xmlns="http://www.tei-c.org/ns/1.0"><forename type="first">Noah A</forename><surname>Smith</surname></persName>
		</author>
	</analytic>
	<monogr>
		<title level="m">HLTEMNLP</title>
		<imprint>
			<date type="published" when="2005" />
		</imprint>
	</monogr>
</biblStruct>

<biblStruct >
	<analytic>
		<title level="a" type="main">Cube summing, approximate inference with non-local features, and dynamic programming without semirings</title>
		<author>
			<persName xmlns="http://www.tei-c.org/ns/1.0"><forename type="first">Kevin</forename><surname>Gimpel</surname></persName>
		</author>
		<author>
			<persName xmlns="http://www.tei-c.org/ns/1.0"><surname>Noah</surname></persName>
		</author>
		<author>
			<persName xmlns="http://www.tei-c.org/ns/1.0"><surname>Smith</surname></persName>
		</author>
	</analytic>
	<monogr>
		<title level="m">EACL</title>
		<imprint>
			<date type="published" when="2009" />
		</imprint>
	</monogr>
</biblStruct>

<biblStruct >
	<monogr>
		<title level="m" type="main">Semirings and their Applications</title>
		<author>
			<persName xmlns="http://www.tei-c.org/ns/1.0"><surname>Jonathan S Golan</surname></persName>
		</author>
		<imprint>
			<date type="published" when="2013" />
			<publisher>Springer Science &amp; Business Media</publisher>
		</imprint>
	</monogr>
</biblStruct>

<biblStruct >
	<monogr>
				<author>
			<persName xmlns="http://www.tei-c.org/ns/1.0"><forename type="first">Ian</forename><surname>Goodfellow</surname></persName>
		</author>
		<author>
			<persName xmlns="http://www.tei-c.org/ns/1.0"><forename type="first">Yoshua</forename><surname>Bengio</surname></persName>
		</author>
		<author>
			<persName xmlns="http://www.tei-c.org/ns/1.0"><forename type="first">Aaron</forename><surname>Courville</surname></persName>
		</author>
		<title level="m">Deep Learning</title>
		<imprint>
			<publisher>MIT Press</publisher>
			<date type="published" when="2016" />
		</imprint>
	</monogr>
</biblStruct>

<biblStruct >
	<analytic>
		<title level="a" type="main">Semiring parsing</title>
		<author>
			<persName xmlns="http://www.tei-c.org/ns/1.0"><forename type="first">Joshua</forename><surname>Goodman</surname></persName>
		</author>
	</analytic>
	<monogr>
		<title level="j">Computational Linguistics</title>
		<imprint>
			<biblScope unit="volume">25</biblScope>
			<biblScope unit="issue">4</biblScope>
			<biblScope unit="page" from="573" to="605" />
			<date type="published" when="1999" />
		</imprint>
	</monogr>
</biblStruct>

<biblStruct >
	<analytic>
		<title level="a" type="main">Improved relation extraction with feature-rich compositional embedding models</title>
		<author>
			<persName xmlns="http://www.tei-c.org/ns/1.0"><forename type="first">Matthew</forename><forename type="middle">R</forename><surname>Gormley</surname></persName>
		</author>
		<author>
			<persName xmlns="http://www.tei-c.org/ns/1.0"><forename type="first">Mo</forename><surname>Yu</surname></persName>
		</author>
		<author>
			<persName xmlns="http://www.tei-c.org/ns/1.0"><forename type="first">Mark</forename><surname>Dredze</surname></persName>
		</author>
	</analytic>
	<monogr>
		<title level="m">EMNLP</title>
		<imprint>
			<date type="published" when="2015" />
		</imprint>
	</monogr>
</biblStruct>

<biblStruct >
	<monogr>
		<title level="m" type="main">Logic synthesis and verification algorithms</title>
		<author>
			<persName xmlns="http://www.tei-c.org/ns/1.0"><forename type="first">D</forename><surname>Gary</surname></persName>
		</author>
		<author>
			<persName xmlns="http://www.tei-c.org/ns/1.0"><forename type="first">Fabio</forename><surname>Hachtel</surname></persName>
		</author>
		<author>
			<persName xmlns="http://www.tei-c.org/ns/1.0"><surname>Somenzi</surname></persName>
		</author>
		<imprint>
			<date type="published" when="2006" />
			<publisher>Springer Science &amp; Business Media</publisher>
		</imprint>
	</monogr>
</biblStruct>

<biblStruct >
	<analytic>
		<title level="a" type="main">Factor graphs and the sum-product algorithm</title>
		<author>
			<persName xmlns="http://www.tei-c.org/ns/1.0"><forename type="first">Brendan</forename><forename type="middle">J</forename><surname>Frank R Kschischang</surname></persName>
		</author>
		<author>
			<persName xmlns="http://www.tei-c.org/ns/1.0"><forename type="first">H-A</forename><surname>Frey</surname></persName>
		</author>
		<author>
			<persName xmlns="http://www.tei-c.org/ns/1.0"><surname>Loeliger</surname></persName>
		</author>
	</analytic>
	<monogr>
		<title level="j">IEEE Transactions on information theory</title>
		<imprint>
			<biblScope unit="volume">47</biblScope>
			<biblScope unit="issue">2</biblScope>
			<biblScope unit="page" from="498" to="519" />
			<date type="published" when="2001" />
		</imprint>
	</monogr>
</biblStruct>

<biblStruct >
	<analytic>
		<title level="a" type="main">Low-rank tensors for scoring dependency structures</title>
		<author>
			<persName xmlns="http://www.tei-c.org/ns/1.0"><forename type="first">Tao</forename><surname>Lei</surname></persName>
		</author>
		<author>
			<persName xmlns="http://www.tei-c.org/ns/1.0"><forename type="first">Yuan</forename><surname>Zhang</surname></persName>
		</author>
		<author>
			<persName xmlns="http://www.tei-c.org/ns/1.0"><forename type="first">Regina</forename><surname>Barzilay</surname></persName>
		</author>
		<author>
			<persName xmlns="http://www.tei-c.org/ns/1.0"><forename type="first">Tommi</forename><surname>Jaakkola</surname></persName>
		</author>
	</analytic>
	<monogr>
		<title level="m">ACL</title>
		<imprint>
			<date type="published" when="2014" />
		</imprint>
	</monogr>
</biblStruct>

<biblStruct >
	<analytic>
		<title level="a" type="main">High-order lowrank tensors for semantic role labeling</title>
		<author>
			<persName xmlns="http://www.tei-c.org/ns/1.0"><forename type="first">Tao</forename><surname>Lei</surname></persName>
		</author>
		<author>
			<persName xmlns="http://www.tei-c.org/ns/1.0"><forename type="first">Yuan</forename><surname>Zhang</surname></persName>
		</author>
		<author>
			<persName xmlns="http://www.tei-c.org/ns/1.0"><forename type="first">Lluís</forename><surname>Màrquez</surname></persName>
		</author>
		<author>
			<persName xmlns="http://www.tei-c.org/ns/1.0"><forename type="first">Alessandro</forename><surname>Moschitti</surname></persName>
		</author>
		<author>
			<persName xmlns="http://www.tei-c.org/ns/1.0"><forename type="first">Regina</forename><surname>Barzilay</surname></persName>
		</author>
	</analytic>
	<monogr>
		<title level="m">NAACL</title>
		<imprint>
			<date type="published" when="2015" />
		</imprint>
	</monogr>
</biblStruct>

<biblStruct >
	<analytic>
		<title level="a" type="main">First-and secondorder expectation semirings with applications to minimum-risk training on translation forests</title>
		<author>
			<persName xmlns="http://www.tei-c.org/ns/1.0"><forename type="first">Zhifei</forename><surname>Li</surname></persName>
		</author>
		<author>
			<persName xmlns="http://www.tei-c.org/ns/1.0"><forename type="first">Jason</forename><surname>Eisner</surname></persName>
		</author>
	</analytic>
	<monogr>
		<title level="m">EMNLP</title>
		<imprint>
			<date type="published" when="2009" />
		</imprint>
	</monogr>
</biblStruct>

<biblStruct >
	<analytic>
		<title level="a" type="main">Translation as weighted deduction</title>
		<author>
			<persName xmlns="http://www.tei-c.org/ns/1.0"><forename type="first">Adam</forename><surname>Lopez</surname></persName>
		</author>
	</analytic>
	<monogr>
		<title level="m">EACL</title>
		<imprint>
			<date type="published" when="2009" />
		</imprint>
	</monogr>
</biblStruct>

<biblStruct >
	<analytic>
		<title level="a" type="main">Structured sparsity in structured prediction</title>
		<author>
			<persName xmlns="http://www.tei-c.org/ns/1.0"><forename type="first">F</forename><forename type="middle">T</forename><surname>André</surname></persName>
		</author>
		<author>
			<persName xmlns="http://www.tei-c.org/ns/1.0"><forename type="first">Noah</forename><forename type="middle">A</forename><surname>Martins</surname></persName>
		</author>
		<author>
			<persName xmlns="http://www.tei-c.org/ns/1.0"><surname>Smith</surname></persName>
		</author>
		<author>
			<persName xmlns="http://www.tei-c.org/ns/1.0"><forename type="first">M</forename><forename type="middle">Q</forename><surname>Pedro</surname></persName>
		</author>
		<author>
			<persName xmlns="http://www.tei-c.org/ns/1.0"><surname>Aguiar</surname></persName>
		</author>
		<author>
			<persName xmlns="http://www.tei-c.org/ns/1.0"><surname>Mário</surname></persName>
		</author>
		<author>
			<persName xmlns="http://www.tei-c.org/ns/1.0"><surname>Figueiredo</surname></persName>
		</author>
	</analytic>
	<monogr>
		<title level="m">CoNLL</title>
		<imprint>
			<date type="published" when="2011" />
		</imprint>
	</monogr>
</biblStruct>

<biblStruct >
	<analytic>
		<title level="a" type="main">Factorie: Probabilistic programming via imperatively defined factor graphs</title>
		<author>
			<persName xmlns="http://www.tei-c.org/ns/1.0"><forename type="first">Andrew</forename><surname>Mccallum</surname></persName>
		</author>
		<author>
			<persName xmlns="http://www.tei-c.org/ns/1.0"><forename type="first">Karl</forename><surname>Schultz</surname></persName>
		</author>
		<author>
			<persName xmlns="http://www.tei-c.org/ns/1.0"><forename type="first">Sameer</forename><surname>Singh</surname></persName>
		</author>
	</analytic>
	<monogr>
		<title level="m">NIPS</title>
		<imprint>
			<date type="published" when="2009" />
		</imprint>
	</monogr>
</biblStruct>

<biblStruct >
	<monogr>
		<title level="m" type="main">Probabilistic reasoning in intelligent systems: networks of plausible inference</title>
		<author>
			<persName xmlns="http://www.tei-c.org/ns/1.0"><forename type="first">Judea</forename><surname>Pearl</surname></persName>
		</author>
		<imprint>
			<date type="published" when="2014" />
			<publisher>Morgan Kaufmann</publisher>
		</imprint>
	</monogr>
</biblStruct>

<biblStruct >
	<analytic>
		<title level="a" type="main">Low-rank regularization for sparse conjunctive feature spaces: An application to named entity classification</title>
		<author>
			<persName xmlns="http://www.tei-c.org/ns/1.0"><forename type="first">Audi</forename><surname>Primadhanty</surname></persName>
		</author>
		<author>
			<persName xmlns="http://www.tei-c.org/ns/1.0"><forename type="first">Xavier</forename><surname>Carreras</surname></persName>
		</author>
		<author>
			<persName xmlns="http://www.tei-c.org/ns/1.0"><forename type="first">Ariadna</forename><surname>Quattoni</surname></persName>
		</author>
	</analytic>
	<monogr>
		<title level="m">ACL</title>
		<imprint>
			<date type="published" when="2015" />
		</imprint>
	</monogr>
</biblStruct>

<biblStruct >
	<monogr>
		<title level="m" type="main">Applications of topological tensor products to infinite dimensional holomorphy</title>
		<author>
			<persName xmlns="http://www.tei-c.org/ns/1.0"><surname>Raymond A Ryan</surname></persName>
		</author>
		<imprint>
			<date type="published" when="1980" />
			<pubPlace>Trinity College</pubPlace>
		</imprint>
	</monogr>
<note type="report_type">Ph.D. thesis</note>
</biblStruct>

<biblStruct >
	<analytic>
		<title level="a" type="main">EDISON: Feature Extraction for NLP</title>
		<author>
			<persName xmlns="http://www.tei-c.org/ns/1.0"><forename type="first">Mark</forename><surname>Sammons</surname></persName>
		</author>
		<author>
			<persName xmlns="http://www.tei-c.org/ns/1.0"><forename type="first">Christos</forename><surname>Christodoulopoulos</surname></persName>
		</author>
		<author>
			<persName xmlns="http://www.tei-c.org/ns/1.0"><forename type="first">Parisa</forename><surname>Kordjamshidi</surname></persName>
		</author>
		<author>
			<persName xmlns="http://www.tei-c.org/ns/1.0"><forename type="first">Daniel</forename><surname>Khashabi</surname></persName>
		</author>
		<author>
			<persName xmlns="http://www.tei-c.org/ns/1.0"><forename type="first">Vivek</forename><surname>Srikumar</surname></persName>
		</author>
		<author>
			<persName xmlns="http://www.tei-c.org/ns/1.0"><forename type="first">Dan</forename><surname>Roth</surname></persName>
		</author>
	</analytic>
	<monogr>
		<title level="m">LREC</title>
		<imprint>
			<date type="published" when="2016" />
		</imprint>
	</monogr>
</biblStruct>

<biblStruct >
	<analytic>
		<title level="a" type="main">Learning distributed representations for structured output prediction</title>
		<author>
			<persName xmlns="http://www.tei-c.org/ns/1.0"><forename type="first">Vivek</forename><surname>Srikumar</surname></persName>
		</author>
		<author>
			<persName xmlns="http://www.tei-c.org/ns/1.0"><forename type="first">Christopher</forename><forename type="middle">D</forename><surname>Manning</surname></persName>
		</author>
	</analytic>
	<monogr>
		<title level="m">NIPS</title>
		<imprint>
			<date type="published" when="2014" />
		</imprint>
	</monogr>
</biblStruct>

<biblStruct >
	<analytic>
		<title level="a" type="main">Learning Dynamic Feature Selection for Fast Sequential Prediction</title>
		<author>
			<persName xmlns="http://www.tei-c.org/ns/1.0"><forename type="first">Emma</forename><surname>Strubell</surname></persName>
		</author>
		<author>
			<persName xmlns="http://www.tei-c.org/ns/1.0"><forename type="first">Luke</forename><surname>Vilnis</surname></persName>
		</author>
		<author>
			<persName xmlns="http://www.tei-c.org/ns/1.0"><forename type="first">Kate</forename><surname>Silverstein</surname></persName>
		</author>
		<author>
			<persName xmlns="http://www.tei-c.org/ns/1.0"><forename type="first">Andrew</forename><surname>Mccallum</surname></persName>
		</author>
	</analytic>
	<monogr>
		<title level="m">ACL</title>
		<imprint>
			<date type="published" when="2015" />
		</imprint>
	</monogr>
</biblStruct>

<biblStruct >
	<monogr>
				<author>
			<persName xmlns="http://www.tei-c.org/ns/1.0"><forename type="first">Charles</forename><surname>Sutton</surname></persName>
		</author>
		<author>
			<persName xmlns="http://www.tei-c.org/ns/1.0"><forename type="first">Andrew</forename><surname>Mccallum</surname></persName>
		</author>
		<title level="m">An introduction to conditional random fields. Foundations and Trends R in Machine Learning</title>
		<imprint>
			<date type="published" when="2012" />
			<biblScope unit="volume">4</biblScope>
			<biblScope unit="page">267</biblScope>
		</imprint>
	</monogr>
</biblStruct>

<biblStruct >
	<monogr>
				<author>
			<persName xmlns="http://www.tei-c.org/ns/1.0"><forename type="first">Erik F Tjong Kim</forename><surname>Sang</surname></persName>
		</author>
		<author>
			<persName xmlns="http://www.tei-c.org/ns/1.0"><forename type="first">Sabine</forename><surname>Buchholz</surname></persName>
		</author>
		<title level="m">Introduction to the CoNLL-2000 shared task: Chunking. In CoNLL</title>
		<imprint>
			<date type="published" when="2000" />
		</imprint>
	</monogr>
</biblStruct>

<biblStruct >
	<analytic>
		<title level="a" type="main">Graphical models, exponential families, and variational inference</title>
		<author>
			<persName xmlns="http://www.tei-c.org/ns/1.0"><forename type="first">J</forename><surname>Martin</surname></persName>
		</author>
		<author>
			<persName xmlns="http://www.tei-c.org/ns/1.0"><forename type="first">Michael I Jordan</forename><surname>Wainwright</surname></persName>
		</author>
	</analytic>
	<monogr>
		<title level="j">Foundations and Trends R in Machine Learning</title>
		<imprint>
			<biblScope unit="volume">1</biblScope>
			<biblScope unit="issue">1-2</biblScope>
			<biblScope unit="page" from="1" to="305" />
			<date type="published" when="2008" />
		</imprint>
	</monogr>
</biblStruct>

<biblStruct >
	<monogr>
				<author>
			<persName xmlns="http://www.tei-c.org/ns/1.0"><forename type="first">Christopher</forename><surname>Walker</surname></persName>
		</author>
		<author>
			<persName xmlns="http://www.tei-c.org/ns/1.0"><forename type="first">Stephanie</forename><surname>Strassel</surname></persName>
		</author>
		<author>
			<persName xmlns="http://www.tei-c.org/ns/1.0"><forename type="first">Julie</forename><surname>Medero</surname></persName>
		</author>
		<author>
			<persName xmlns="http://www.tei-c.org/ns/1.0"><forename type="first">Kazuaki</forename><surname>Maeda</surname></persName>
		</author>
		<title level="m">ACE 2005 multilingual training corpus. Linguistic Data Consortium</title>
		<meeting><address><addrLine>Philadelphia</addrLine></address></meeting>
		<imprint>
			<date type="published" when="2006" />
			<biblScope unit="volume">57</biblScope>
		</imprint>
	</monogr>
</biblStruct>

<biblStruct >
	<analytic>
		<title level="a" type="main">Combining Word Embeddings and Feature Embeddings for Fine-grained Relation Extraction</title>
		<author>
			<persName xmlns="http://www.tei-c.org/ns/1.0"><forename type="first">Mo</forename><surname>Yu</surname></persName>
		</author>
		<author>
			<persName xmlns="http://www.tei-c.org/ns/1.0"><forename type="first">Matthew</forename><forename type="middle">R</forename><surname>Gormley</surname></persName>
		</author>
		<author>
			<persName xmlns="http://www.tei-c.org/ns/1.0"><forename type="first">Mark</forename><surname>Dredze</surname></persName>
		</author>
	</analytic>
	<monogr>
		<title level="m">NAACL</title>
		<imprint>
			<date type="published" when="2015" />
		</imprint>
	</monogr>
</biblStruct>

<biblStruct >
	<analytic>
		<title level="a" type="main">Exploring various knowledge in relation extraction</title>
		<author>
			<persName xmlns="http://www.tei-c.org/ns/1.0"><forename type="first">Guodong</forename><surname>Zhou</surname></persName>
		</author>
		<author>
			<persName xmlns="http://www.tei-c.org/ns/1.0"><forename type="first">Jian</forename><surname>Su</surname></persName>
		</author>
		<author>
			<persName xmlns="http://www.tei-c.org/ns/1.0"><forename type="first">Jie</forename><surname>Zhang</surname></persName>
		</author>
		<author>
			<persName xmlns="http://www.tei-c.org/ns/1.0"><forename type="first">Min</forename><surname>Zhang</surname></persName>
		</author>
	</analytic>
	<monogr>
		<title level="m">ACL</title>
		<imprint>
			<date type="published" when="2005" />
		</imprint>
	</monogr>
</biblStruct>

			</listBibl>
		</back>
	</text>
</TEI>
