<?xml version="1.0" ?>
<TEI xmlns="http://www.tei-c.org/ns/1.0" xmlns:xlink="http://www.w3.org/1999/xlink" 
 xmlns:mml="http://www.w3.org/1998/Math/MathML">
	<teiHeader>
		<fileDesc xml:id="f_659"/>
	</teiHeader>
	<text>
		<front/>
		<body/>
		<back>
			<listBibl>
<biblStruct >
	<analytic>
		<title level="a" type="main">That&apos;s nice... what can you do with it?</title>
		<author>
			<persName xmlns="http://www.tei-c.org/ns/1.0"><forename type="first">Anja</forename><surname>Belz</surname></persName>
		</author>
	</analytic>
	<monogr>
		<title level="j">Computational Linguistics</title>
		<imprint>
			<biblScope unit="volume">35</biblScope>
			<biblScope unit="issue">1</biblScope>
			<date type="published" when="2009" />
		</imprint>
	</monogr>
</biblStruct>

<biblStruct >
	<analytic>
		<title level="a" type="main">Intricacies of Collins&apos; parsing model</title>
		<author>
			<persName xmlns="http://www.tei-c.org/ns/1.0"><forename type="first">Daniel</forename><surname>Bikel</surname></persName>
		</author>
	</analytic>
	<monogr>
		<title level="j">Computational Linguistics</title>
		<imprint>
			<biblScope unit="volume">30</biblScope>
			<biblScope unit="issue">4</biblScope>
			<date type="published" when="2004" />
		</imprint>
	</monogr>
</biblStruct>

<biblStruct >
	<analytic>
		<title level="a" type="main">Whats your ML test score? A rubric for ML production systems</title>
		<author>
			<persName xmlns="http://www.tei-c.org/ns/1.0"><forename type="first">Eric</forename><surname>Breck</surname></persName>
		</author>
		<author>
			<persName xmlns="http://www.tei-c.org/ns/1.0"><forename type="first">Shanqing</forename><surname>Cai</surname></persName>
		</author>
		<author>
			<persName xmlns="http://www.tei-c.org/ns/1.0"><forename type="first">Eric</forename><surname>Nielsen</surname></persName>
		</author>
		<author>
			<persName xmlns="http://www.tei-c.org/ns/1.0"><forename type="first">Michael</forename><surname>Salib</surname></persName>
		</author>
		<author>
			<persName xmlns="http://www.tei-c.org/ns/1.0"><forename type="first">D</forename><surname>Sculley</surname></persName>
		</author>
	</analytic>
	<monogr>
		<title level="m">Proceedings of Reliable Machine Learning in the Wild-NIPS 2016 Workshop</title>
		<meeting>Reliable Machine Learning in the Wild-NIPS 2016 Workshop</meeting>
		<imprint>
			<date type="published" when="2016" />
		</imprint>
	</monogr>
</biblStruct>

<biblStruct >
	<analytic>
		<title level="a" type="main">Rule-based information extraction is dead! long live rule-based information extraction systems</title>
		<author>
			<persName xmlns="http://www.tei-c.org/ns/1.0"><forename type="first">Laura</forename><surname>Chiticariu</surname></persName>
		</author>
		<author>
			<persName xmlns="http://www.tei-c.org/ns/1.0"><forename type="first">Yunyao</forename><surname>Li</surname></persName>
		</author>
		<author>
			<persName xmlns="http://www.tei-c.org/ns/1.0"><forename type="first">Frederick</forename><forename type="middle">R</forename><surname>Reiss</surname></persName>
		</author>
	</analytic>
	<monogr>
		<title level="m">Proceedings of EMNLP</title>
		<meeting>EMNLP</meeting>
		<imprint>
			<date type="published" when="2013" />
		</imprint>
	</monogr>
</biblStruct>

<biblStruct >
	<monogr>
		<title level="m" type="main">The Innovator&apos;s Solution: Creating and Sustaining Successful Srowth</title>
		<author>
			<persName xmlns="http://www.tei-c.org/ns/1.0"><forename type="first">M</forename><surname>Clayton</surname></persName>
		</author>
		<author>
			<persName xmlns="http://www.tei-c.org/ns/1.0"><forename type="first">Michael</forename><forename type="middle">E</forename><surname>Christensen</surname></persName>
		</author>
		<author>
			<persName xmlns="http://www.tei-c.org/ns/1.0"><surname>Raynor</surname></persName>
		</author>
		<imprint>
			<date type="published" when="2013" />
			<publisher>Harvard Business Review Press</publisher>
		</imprint>
	</monogr>
</biblStruct>

<biblStruct >
	<analytic>
		<title level="a" type="main">What can we get from 1000 tokens? A case study of multilingual POS tagging for resource-poor languages</title>
		<author>
			<persName xmlns="http://www.tei-c.org/ns/1.0"><forename type="first">Long</forename><surname>Duong</surname></persName>
		</author>
		<author>
			<persName xmlns="http://www.tei-c.org/ns/1.0"><forename type="first">Trevor</forename><surname>Cohn</surname></persName>
		</author>
		<author>
			<persName xmlns="http://www.tei-c.org/ns/1.0"><forename type="first">Karin</forename><surname>Verspoor</surname></persName>
		</author>
		<author>
			<persName xmlns="http://www.tei-c.org/ns/1.0"><forename type="first">Steven</forename><surname>Bird</surname></persName>
		</author>
		<author>
			<persName xmlns="http://www.tei-c.org/ns/1.0"><forename type="first">Paul</forename><surname>Cook</surname></persName>
		</author>
	</analytic>
	<monogr>
		<title level="m">Proceedings of EMNLP</title>
		<meeting>EMNLP</meeting>
		<imprint>
			<date type="published" when="2014" />
		</imprint>
	</monogr>
</biblStruct>

<biblStruct >
	<analytic>
		<title level="a" type="main">Learning a part-of-speech tagger from two hours of annotation</title>
		<author>
			<persName xmlns="http://www.tei-c.org/ns/1.0"><forename type="first">Dan</forename><surname>Garrette</surname></persName>
		</author>
		<author>
			<persName xmlns="http://www.tei-c.org/ns/1.0"><forename type="first">Jason</forename><surname>Baldridge</surname></persName>
		</author>
	</analytic>
	<monogr>
		<title level="m">Proceedings of HLT-NAACL</title>
		<meeting>HLT-NAACL</meeting>
		<imprint>
			<date type="published" when="2013" />
		</imprint>
	</monogr>
</biblStruct>

<biblStruct >
	<analytic>
		<title level="a" type="main">How the statistical revolution changes (computational) linguistics</title>
		<author>
			<persName xmlns="http://www.tei-c.org/ns/1.0"><forename type="first">Mark</forename><surname>Johnson</surname></persName>
		</author>
	</analytic>
	<monogr>
		<title level="m">Proceedings of the EACL 2009 Workshop on the Interaction between Linguistics and Computational Linguistics</title>
		<meeting>the EACL 2009 Workshop on the Interaction between Linguistics and Computational Linguistics</meeting>
		<imprint>
			<date type="published" when="2009" />
		</imprint>
	</monogr>
</biblStruct>

<biblStruct >
	<analytic>
		<title level="a" type="main">Improving our reviewing processes</title>
		<author>
			<persName xmlns="http://www.tei-c.org/ns/1.0"><forename type="first">Inderjeet</forename><surname>Mani</surname></persName>
		</author>
	</analytic>
	<monogr>
		<title level="j">Computational Linguistics</title>
		<imprint>
			<biblScope unit="volume">37</biblScope>
			<biblScope unit="issue">1</biblScope>
			<date type="published" when="2011" />
		</imprint>
	</monogr>
</biblStruct>

<biblStruct >
	<analytic>
		<title level="a" type="main">Arnar Mar Hrafnkelsson, Tom Boulos, and Jeremy Kubica</title>
		<author>
			<persName xmlns="http://www.tei-c.org/ns/1.0"><forename type="first">H</forename></persName>
		</author>
		<author>
			<persName xmlns="http://www.tei-c.org/ns/1.0"><forename type="first">Brendan</forename><surname>Mcmahan</surname></persName>
		</author>
		<author>
			<persName xmlns="http://www.tei-c.org/ns/1.0"><forename type="first">Gary</forename><surname>Holt</surname></persName>
		</author>
		<author>
			<persName xmlns="http://www.tei-c.org/ns/1.0"><forename type="first">D</forename><surname>Sculley</surname></persName>
		</author>
		<author>
			<persName xmlns="http://www.tei-c.org/ns/1.0"><forename type="first">Michael</forename><surname>Young</surname></persName>
		</author>
		<author>
			<persName xmlns="http://www.tei-c.org/ns/1.0"><forename type="first">Dietmar</forename><surname>Ebner</surname></persName>
		</author>
		<author>
			<persName xmlns="http://www.tei-c.org/ns/1.0"><forename type="first">Julian</forename><surname>Grady</surname></persName>
		</author>
		<author>
			<persName xmlns="http://www.tei-c.org/ns/1.0"><forename type="first">Lan</forename><surname>Nie</surname></persName>
		</author>
		<author>
			<persName xmlns="http://www.tei-c.org/ns/1.0"><forename type="first">Todd</forename><surname>Phillips</surname></persName>
		</author>
		<author>
			<persName xmlns="http://www.tei-c.org/ns/1.0"><forename type="first">Eugene</forename><surname>Davydov</surname></persName>
		</author>
		<author>
			<persName xmlns="http://www.tei-c.org/ns/1.0"><forename type="first">Daniel</forename><surname>Golovin</surname></persName>
		</author>
		<author>
			<persName xmlns="http://www.tei-c.org/ns/1.0"><forename type="first">Sharat</forename><surname>Chikkerur</surname></persName>
		</author>
		<author>
			<persName xmlns="http://www.tei-c.org/ns/1.0"><forename type="first">Dan</forename><surname>Liu</surname></persName>
		</author>
		<author>
			<persName xmlns="http://www.tei-c.org/ns/1.0"><forename type="first">Martin</forename><surname>Wattenberg</surname></persName>
		</author>
	</analytic>
	<monogr>
		<title level="m">Proceedings of ACM SIGKDD</title>
		<meeting>ACM SIGKDD</meeting>
		<imprint>
			<date type="published" when="2013" />
		</imprint>
	</monogr>
	<note>Ad click prediction: a view from the trenches</note>
</biblStruct>

<biblStruct >
	<analytic>
		<title level="a" type="main">Communication-efficient learning of deep networks from decentralized data</title>
		<author>
			<persName xmlns="http://www.tei-c.org/ns/1.0"><forename type="first">H</forename></persName>
		</author>
		<author>
			<persName xmlns="http://www.tei-c.org/ns/1.0"><forename type="first">Brendan</forename><surname>Mcmahan</surname></persName>
		</author>
		<author>
			<persName xmlns="http://www.tei-c.org/ns/1.0"><forename type="first">Eider</forename><surname>Moore</surname></persName>
		</author>
		<author>
			<persName xmlns="http://www.tei-c.org/ns/1.0"><forename type="first">Daniel</forename><surname>Ramage</surname></persName>
		</author>
		<author>
			<persName xmlns="http://www.tei-c.org/ns/1.0"><forename type="first">Seth</forename><surname>Hampson</surname></persName>
		</author>
		<author>
			<persName xmlns="http://www.tei-c.org/ns/1.0"><forename type="first">Blaise</forename><surname>Agera Y Arcas</surname></persName>
		</author>
	</analytic>
	<monogr>
		<title level="m">Proceedings of AISTATS</title>
		<meeting>AISTATS</meeting>
		<imprint>
			<date type="published" when="2016" />
		</imprint>
	</monogr>
</biblStruct>

<biblStruct >
	<analytic>
		<title/>
	</analytic>
	<monogr>
		<title level="j">MIT Technology Review</title>
		<imprint>
			<date type="published" when="2016" />
			<publisher>AI Takes Off</publisher>
		</imprint>
	</monogr>
</biblStruct>

<biblStruct >
	<monogr>
		<title level="m" type="main">Value proposition design: How to create products and services customers want</title>
		<author>
			<persName xmlns="http://www.tei-c.org/ns/1.0"><forename type="first">Alexander</forename><surname>Osterwalder</surname></persName>
		</author>
		<author>
			<persName xmlns="http://www.tei-c.org/ns/1.0"><forename type="first">Yves</forename><surname>Pigneur</surname></persName>
		</author>
		<author>
			<persName xmlns="http://www.tei-c.org/ns/1.0"><forename type="first">Gregory</forename><surname>Bernarda</surname></persName>
		</author>
		<author>
			<persName xmlns="http://www.tei-c.org/ns/1.0"><forename type="first">Alan</forename><surname>Smith</surname></persName>
		</author>
		<imprint>
			<date type="published" when="2014" />
			<publisher>John Wiley &amp; Sons</publisher>
		</imprint>
	</monogr>
</biblStruct>

<biblStruct >
	<analytic>
		<title level="a" type="main">A survey on transfer learning</title>
		<author>
			<persName xmlns="http://www.tei-c.org/ns/1.0"><forename type="first">Qiang</forename><surname>Sinno Jialin Pan</surname></persName>
		</author>
		<author>
			<persName xmlns="http://www.tei-c.org/ns/1.0"><surname>Yang</surname></persName>
		</author>
	</analytic>
	<monogr>
		<title level="j">IEEE Transactions on knowledge and data engineering</title>
		<imprint>
			<biblScope unit="volume">22</biblScope>
			<biblScope unit="issue">10</biblScope>
			<date type="published" when="2010" />
		</imprint>
	</monogr>
</biblStruct>

<biblStruct >
	<monogr>
		<title/>
		<author>
			<persName xmlns="http://www.tei-c.org/ns/1.0"><forename type="first">Nicolas</forename><surname>Papernot</surname></persName>
		</author>
		<author>
			<persName xmlns="http://www.tei-c.org/ns/1.0"><forename type="first">Martín</forename><surname>Abadi</surname></persName>
		</author>
		<author>
			<persName xmlns="http://www.tei-c.org/ns/1.0"><surname>Ulfar Erlingsson</surname></persName>
		</author>
		<imprint/>
	</monogr>
</biblStruct>

<biblStruct >
	<monogr>
		<title level="m" type="main">Semisupervised knowledge transfer for deep learning from private training data</title>
		<author>
			<persName xmlns="http://www.tei-c.org/ns/1.0"><forename type="first">Ian</forename><surname>Goodfellow</surname></persName>
		</author>
		<author>
			<persName xmlns="http://www.tei-c.org/ns/1.0"><forename type="first">Kunal</forename><surname>Talwar</surname></persName>
		</author>
		<imprint>
			<date type="published" when="2016" />
		</imprint>
	</monogr>
</biblStruct>

<biblStruct >
	<monogr>
		<title level="m" type="main">The lean startup: How today&apos;s entrepreneurs use continuous innovation to create radically successful businesses</title>
		<author>
			<persName xmlns="http://www.tei-c.org/ns/1.0"><forename type="first">Eric</forename><surname>Ries</surname></persName>
		</author>
		<imprint>
			<date type="published" when="2011" />
			<publisher>Crown Business</publisher>
		</imprint>
	</monogr>
</biblStruct>

<biblStruct >
	<analytic>
		<title level="a" type="main">Machine learning: The high interest credit card of technical debt</title>
		<author>
			<persName xmlns="http://www.tei-c.org/ns/1.0"><forename type="first">D</forename><surname>Sculley</surname></persName>
		</author>
		<author>
			<persName xmlns="http://www.tei-c.org/ns/1.0"><forename type="first">Gary</forename><surname>Holt</surname></persName>
		</author>
		<author>
			<persName xmlns="http://www.tei-c.org/ns/1.0"><forename type="first">Daniel</forename><surname>Golovin</surname></persName>
		</author>
		<author>
			<persName xmlns="http://www.tei-c.org/ns/1.0"><forename type="first">Eugene</forename><surname>Davydov</surname></persName>
		</author>
		<author>
			<persName xmlns="http://www.tei-c.org/ns/1.0"><forename type="first">Todd</forename><surname>Phillips</surname></persName>
		</author>
		<author>
			<persName xmlns="http://www.tei-c.org/ns/1.0"><forename type="first">Dietmar</forename><surname>Ebner</surname></persName>
		</author>
		<author>
			<persName xmlns="http://www.tei-c.org/ns/1.0"><forename type="first">Vinay</forename><surname>Chaudhary</surname></persName>
		</author>
		<author>
			<persName xmlns="http://www.tei-c.org/ns/1.0"><forename type="first">Michael</forename><surname>Young</surname></persName>
		</author>
	</analytic>
	<monogr>
		<title level="m">Proceedings of SE4ML: Software Engineering for Machine Learning</title>
		<meeting>SE4ML: Software Engineering for Machine Learning</meeting>
		<imprint>
			<date type="published" when="2014" />
		</imprint>
	</monogr>
</biblStruct>

<biblStruct >
	<analytic>
		<title level="a" type="main">Google&apos;s hybrid approach to research</title>
		<author>
			<persName xmlns="http://www.tei-c.org/ns/1.0"><forename type="first">Alfred</forename><surname>Spector</surname></persName>
		</author>
		<author>
			<persName xmlns="http://www.tei-c.org/ns/1.0"><forename type="first">Peter</forename><surname>Norvig</surname></persName>
		</author>
		<author>
			<persName xmlns="http://www.tei-c.org/ns/1.0"><forename type="first">Slav</forename><surname>Petrov</surname></persName>
		</author>
	</analytic>
	<monogr>
		<title level="j">Communications of the ACM</title>
		<imprint>
			<biblScope unit="volume">55</biblScope>
			<biblScope unit="issue">7</biblScope>
			<date type="published" when="2012" />
		</imprint>
	</monogr>
</biblStruct>

<biblStruct >
	<monogr>
		<title level="m" type="main">Pasteur&apos;s quadrant: Basic Science and Technological Innovation</title>
		<author>
			<persName xmlns="http://www.tei-c.org/ns/1.0"><forename type="first">Donald</forename><forename type="middle">E</forename><surname>Stokes</surname></persName>
		</author>
		<imprint>
			<date type="published" when="1997" />
			<publisher>Brookings Institution Press</publisher>
		</imprint>
	</monogr>
</biblStruct>

<biblStruct >
	<analytic>
		<title level="a" type="main">Machine learning that matters</title>
		<author>
			<persName xmlns="http://www.tei-c.org/ns/1.0"><forename type="first">Kiri</forename><surname>Wagstaff</surname></persName>
		</author>
	</analytic>
	<monogr>
		<title level="m">Proceedings of ICML</title>
		<meeting>ICML</meeting>
		<imprint>
			<date type="published" when="2012" />
		</imprint>
	</monogr>
</biblStruct>

<biblStruct >
	<analytic>
		<title level="a" type="main">Building a semantic parser overnight</title>
		<author>
			<persName xmlns="http://www.tei-c.org/ns/1.0"><forename type="first">Yushi</forename><surname>Wang</surname></persName>
		</author>
		<author>
			<persName xmlns="http://www.tei-c.org/ns/1.0"><forename type="first">Jonathan</forename><surname>Berant</surname></persName>
		</author>
		<author>
			<persName xmlns="http://www.tei-c.org/ns/1.0"><forename type="first">Percy</forename><surname>Liang</surname></persName>
		</author>
	</analytic>
	<monogr>
		<title level="m">Proceedings of ACL</title>
		<meeting>ACL</meeting>
		<imprint>
			<date type="published" when="2015" />
		</imprint>
	</monogr>
</biblStruct>

			</listBibl>
		</back>
	</text>
</TEI>
