<?xml version="1.0" ?>
<TEI xmlns="http://www.tei-c.org/ns/1.0" xmlns:xlink="http://www.w3.org/1999/xlink" 
 xmlns:mml="http://www.w3.org/1998/Math/MathML">
	<teiHeader>
		<fileDesc xml:id="f_114"/>
	</teiHeader>
	<text>
		<front/>
		<body/>
		<back>
			<listBibl>
<biblStruct >
	<analytic>
		<title level="a" type="main">Regression for sentence-level mt evaluation with pseudo references</title>
		<author>
			<persName xmlns="http://www.tei-c.org/ns/1.0"><forename type="first">Joshua</forename><surname>Albrecht</surname></persName>
		</author>
		<author>
			<persName xmlns="http://www.tei-c.org/ns/1.0"><forename type="first">Rebecca</forename><surname>Hwa</surname></persName>
		</author>
	</analytic>
	<monogr>
		<title level="m">ACL</title>
		<imprint>
			<date type="published" when="2007" />
		</imprint>
	</monogr>
</biblStruct>

<biblStruct >
	<analytic>
		<title level="a" type="main">Semi-formal evaluation of conversational characters</title>
		<author>
			<persName xmlns="http://www.tei-c.org/ns/1.0"><forename type="first">Ron</forename><surname>Artstein</surname></persName>
		</author>
		<author>
			<persName xmlns="http://www.tei-c.org/ns/1.0"><forename type="first">Sudeep</forename><surname>Gandhe</surname></persName>
		</author>
		<author>
			<persName xmlns="http://www.tei-c.org/ns/1.0"><forename type="first">Jillian</forename><surname>Gerten</surname></persName>
		</author>
		<author>
			<persName xmlns="http://www.tei-c.org/ns/1.0"><forename type="first">Anton</forename><surname>Leuski</surname></persName>
		</author>
		<author>
			<persName xmlns="http://www.tei-c.org/ns/1.0"><forename type="first">David</forename><surname>Traum</surname></persName>
		</author>
	</analytic>
	<monogr>
		<title level="m">Languages: From Formal to Natural</title>
		<imprint>
			<publisher>Springer</publisher>
			<date type="published" when="2009" />
			<biblScope unit="page" from="22" to="35" />
		</imprint>
	</monogr>
</biblStruct>

<biblStruct >
	<monogr>
		<title/>
		<author>
			<persName xmlns="http://www.tei-c.org/ns/1.0"><forename type="first">Jimmy</forename><forename type="middle">Lei</forename><surname>Ba</surname></persName>
		</author>
		<author>
			<persName xmlns="http://www.tei-c.org/ns/1.0"><forename type="first">Jamie</forename><forename type="middle">Ryan</forename><surname>Kiros</surname></persName>
		</author>
		<author>
			<persName xmlns="http://www.tei-c.org/ns/1.0"><forename type="first">Geoffrey</forename><forename type="middle">E</forename><surname>Hin</surname></persName>
		</author>
		<idno type="arXiv">arXiv:1607.06450</idno>
		<imprint/>
	</monogr>
<note type="report_type">ton. 2016. Layer normalization. arXiv preprint</note>
</biblStruct>

<biblStruct >
	<analytic>
		<title level="a" type="main">Learning long-term dependencies with gradient descent is difficult</title>
		<author>
			<persName xmlns="http://www.tei-c.org/ns/1.0"><forename type="first">Yoshua</forename><surname>Bengio</surname></persName>
		</author>
		<author>
			<persName xmlns="http://www.tei-c.org/ns/1.0"><forename type="first">Patrice</forename><surname>Simard</surname></persName>
		</author>
		<author>
			<persName xmlns="http://www.tei-c.org/ns/1.0"><forename type="first">Paolo</forename><surname>Frasconi</surname></persName>
		</author>
	</analytic>
	<monogr>
		<title level="j">IEEE transactions on neural networks</title>
		<imprint>
			<biblScope unit="volume">5</biblScope>
			<biblScope unit="issue">2</biblScope>
			<biblScope unit="page" from="157" to="166" />
			<date type="published" when="1994" />
		</imprint>
	</monogr>
</biblStruct>

<biblStruct >
	<monogr>
		<title level="m" type="main">Generating sentences from a continuous space</title>
		<author>
			<persName xmlns="http://www.tei-c.org/ns/1.0"><forename type="first">Luke</forename><surname>Samuel R Bowman</surname></persName>
		</author>
		<author>
			<persName xmlns="http://www.tei-c.org/ns/1.0"><forename type="first">Oriol</forename><surname>Vilnis</surname></persName>
		</author>
		<author>
			<persName xmlns="http://www.tei-c.org/ns/1.0"><surname>Vinyals</surname></persName>
		</author>
		<author>
			<persName xmlns="http://www.tei-c.org/ns/1.0"><forename type="first">M</forename><surname>Andrew</surname></persName>
		</author>
		<author>
			<persName xmlns="http://www.tei-c.org/ns/1.0"><forename type="first">Rafal</forename><surname>Dai</surname></persName>
		</author>
		<author>
			<persName xmlns="http://www.tei-c.org/ns/1.0"><forename type="first">Samy</forename><surname>Jozefowicz</surname></persName>
		</author>
		<author>
			<persName xmlns="http://www.tei-c.org/ns/1.0"><surname>Bengio</surname></persName>
		</author>
		<imprint>
			<date type="published" when="2016" />
			<publisher>COLING</publisher>
		</imprint>
	</monogr>
</biblStruct>

<biblStruct >
	<analytic>
		<title level="a" type="main">Findings of the 2011 workshop on statistical machine translation</title>
		<author>
			<persName xmlns="http://www.tei-c.org/ns/1.0"><forename type="first">Chris</forename><surname>Callison-Burch</surname></persName>
		</author>
		<author>
			<persName xmlns="http://www.tei-c.org/ns/1.0"><forename type="first">Philipp</forename><surname>Koehn</surname></persName>
		</author>
		<author>
			<persName xmlns="http://www.tei-c.org/ns/1.0"><forename type="first">Christof</forename><surname>Monz</surname></persName>
		</author>
		<author>
			<persName xmlns="http://www.tei-c.org/ns/1.0"><forename type="first">Omar</forename><forename type="middle">F</forename><surname>Zaidan</surname></persName>
		</author>
	</analytic>
	<monogr>
		<title level="m">Proceedings of the Sixth Workshop on Statistical Machine Translation</title>
		<meeting>the Sixth Workshop on Statistical Machine Translation</meeting>
		<imprint>
			<publisher>Association for Computational Linguistics</publisher>
			<date type="published" when="2011" />
			<biblScope unit="page" from="22" to="64" />
		</imprint>
	</monogr>
</biblStruct>

<biblStruct >
	<monogr>
				<author>
			<persName xmlns="http://www.tei-c.org/ns/1.0"><forename type="first">Tim</forename><surname>Cooijmans</surname></persName>
		</author>
		<author>
			<persName xmlns="http://www.tei-c.org/ns/1.0"><forename type="first">Nicolas</forename><surname>Ballas</surname></persName>
		</author>
		<author>
			<persName xmlns="http://www.tei-c.org/ns/1.0"><forename type="first">César</forename><surname>Laurent</surname></persName>
		</author>
		<author>
			<persName xmlns="http://www.tei-c.org/ns/1.0"><forename type="first">Aaron</forename><surname>Courville</surname></persName>
		</author>
		<idno type="arXiv">arXiv:1603.09025</idno>
		<title level="m">Recurrent batch normalization</title>
		<imprint>
			<date type="published" when="2016" />
		</imprint>
	</monogr>
<note type="report_type">arXiv preprint</note>
</biblStruct>

<biblStruct >
	<analytic>
		<title level="a" type="main">Toward learning and evaluation of dialogue policies with text examples</title>
		<author>
			<persName xmlns="http://www.tei-c.org/ns/1.0"><forename type="first">David</forename><surname>Devault</surname></persName>
		</author>
		<author>
			<persName xmlns="http://www.tei-c.org/ns/1.0"><forename type="first">Anton</forename><surname>Leuski</surname></persName>
		</author>
		<author>
			<persName xmlns="http://www.tei-c.org/ns/1.0"><forename type="first">Kenji</forename><surname>Sagae</surname></persName>
		</author>
	</analytic>
	<monogr>
		<title level="m">Proceedings of the SIGDIAL 2011 Conference. Association for Computational Linguistics</title>
		<meeting>the SIGDIAL 2011 Conference. Association for Computational Linguistics</meeting>
		<imprint>
			<date type="published" when="2011" />
			<biblScope unit="page" from="39" to="48" />
		</imprint>
	</monogr>
</biblStruct>

<biblStruct >
	<monogr>
		<title level="m" type="main">Tweet2vec: Character-based distributed representations for social media</title>
		<author>
			<persName xmlns="http://www.tei-c.org/ns/1.0"><forename type="first">Bhuwan</forename><surname>Dhingra</surname></persName>
		</author>
		<author>
			<persName xmlns="http://www.tei-c.org/ns/1.0"><forename type="first">Zhong</forename><surname>Zhou</surname></persName>
		</author>
		<author>
			<persName xmlns="http://www.tei-c.org/ns/1.0"><forename type="first">Dylan</forename><surname>Fitzpatrick</surname></persName>
		</author>
		<author>
			<persName xmlns="http://www.tei-c.org/ns/1.0"><forename type="first">Michael</forename><surname>Muehl</surname></persName>
		</author>
		<author>
			<persName xmlns="http://www.tei-c.org/ns/1.0"><forename type="first">William W</forename><surname>Cohen</surname></persName>
		</author>
		<idno type="arXiv">arXiv:1605.03481</idno>
		<imprint>
			<date type="published" when="2016" />
		</imprint>
	</monogr>
<note type="report_type">arXiv preprint</note>
</biblStruct>

<biblStruct >
	<monogr>
		<title level="m" type="main">Censoring representations with an adversary</title>
		<author>
			<persName xmlns="http://www.tei-c.org/ns/1.0"><forename type="first">Harrison</forename><surname>Edwards</surname></persName>
		</author>
		<author>
			<persName xmlns="http://www.tei-c.org/ns/1.0"><forename type="first">Amos</forename><surname>Storkey</surname></persName>
		</author>
		<imprint>
			<date type="published" when="2016" />
		</imprint>
	</monogr>
	<note>ICLR</note>
</biblStruct>

<biblStruct >
	<analytic>
		<title level="a" type="main">Hierarchical recurrent neural networks for long-term dependencies</title>
		<author>
			<persName xmlns="http://www.tei-c.org/ns/1.0"><forename type="first">El</forename><surname>Salah</surname></persName>
		</author>
		<author>
			<persName xmlns="http://www.tei-c.org/ns/1.0"><forename type="first">Yoshua</forename><surname>Hihi</surname></persName>
		</author>
		<author>
			<persName xmlns="http://www.tei-c.org/ns/1.0"><surname>Bengio</surname></persName>
		</author>
	</analytic>
	<monogr>
		<title level="m">NIPS. Citeseer</title>
		<imprint>
			<date type="published" when="1995" />
			<biblScope unit="volume">400</biblScope>
			<biblScope unit="page">409</biblScope>
		</imprint>
	</monogr>
</biblStruct>

<biblStruct >
	<analytic>
		<title level="a" type="main">A new algorithm for data compression</title>
		<author>
			<persName xmlns="http://www.tei-c.org/ns/1.0"><forename type="first">Philip</forename><surname>Gage</surname></persName>
		</author>
	</analytic>
	<monogr>
		<title level="j">The C Users Journal</title>
		<imprint>
			<biblScope unit="volume">12</biblScope>
			<biblScope unit="issue">2</biblScope>
			<biblScope unit="page" from="23" to="38" />
			<date type="published" when="1994" />
		</imprint>
	</monogr>
</biblStruct>

<biblStruct >
	<monogr>
				<author>
			<persName xmlns="http://www.tei-c.org/ns/1.0"><forename type="first">Michel</forename><surname>Galley</surname></persName>
		</author>
		<author>
			<persName xmlns="http://www.tei-c.org/ns/1.0"><forename type="first">Chris</forename><surname>Brockett</surname></persName>
		</author>
		<author>
			<persName xmlns="http://www.tei-c.org/ns/1.0"><forename type="first">Alessandro</forename><surname>Sordoni</surname></persName>
		</author>
		<author>
			<persName xmlns="http://www.tei-c.org/ns/1.0"><forename type="first">Yangfeng</forename><surname>Ji</surname></persName>
		</author>
		<author>
			<persName xmlns="http://www.tei-c.org/ns/1.0"><forename type="first">Michael</forename><surname>Auli</surname></persName>
		</author>
		<idno type="arXiv">arXiv:1506.06863</idno>
		<title level="m">Chris Quirk, Margaret Mitchell, Jianfeng Gao, and Bill Dolan. 2015. deltableu: A discriminative metric for generation tasks with intrinsically diverse targets</title>
		<imprint/>
	</monogr>
<note type="report_type">arXiv preprint</note>
</biblStruct>

<biblStruct >
	<analytic>
		<title level="a" type="main">A semiautomated evaluation metric for dialogue model coherence</title>
		<author>
			<persName xmlns="http://www.tei-c.org/ns/1.0"><forename type="first">Sudeep</forename><surname>Gandhe</surname></persName>
		</author>
		<author>
			<persName xmlns="http://www.tei-c.org/ns/1.0"><forename type="first">David</forename><surname>Traum</surname></persName>
		</author>
	</analytic>
	<monogr>
		<title level="m">Situated Dialog in Speech-Based Human-Computer Interaction</title>
		<imprint>
			<publisher>Springer</publisher>
			<date type="published" when="2016" />
			<biblScope unit="page" from="217" to="225" />
		</imprint>
	</monogr>
</biblStruct>

<biblStruct >
	<analytic>
		<title level="a" type="main">Reval: A simple and effective machine translation evaluation metric based on recurrent neural networks</title>
		<author>
			<persName xmlns="http://www.tei-c.org/ns/1.0"><forename type="first">Rohit</forename><surname>Gupta</surname></persName>
		</author>
		<author>
			<persName xmlns="http://www.tei-c.org/ns/1.0"><forename type="first">Constantin</forename><surname>Orasan</surname></persName>
		</author>
		<author>
			<persName xmlns="http://www.tei-c.org/ns/1.0"><forename type="first">Josef</forename><surname>Van Genabith</surname></persName>
		</author>
	</analytic>
	<monogr>
		<title level="m">Proceedings of the 2015 Conference on Empirical Methods in Natural Language Processing</title>
		<meeting>the 2015 Conference on Empirical Methods in Natural Language Processing</meeting>
		<imprint>
			<publisher>EMNLP</publisher>
			<date type="published" when="2015" />
		</imprint>
	</monogr>
</biblStruct>

<biblStruct >
	<analytic>
		<title level="a" type="main">Evaluating coherence in open domain conversational systems</title>
		<author>
			<persName xmlns="http://www.tei-c.org/ns/1.0"><forename type="first">Ryuichiro</forename><surname>Higashinaka</surname></persName>
		</author>
		<author>
			<persName xmlns="http://www.tei-c.org/ns/1.0"><forename type="first">Toyomi</forename><surname>Meguro</surname></persName>
		</author>
		<author>
			<persName xmlns="http://www.tei-c.org/ns/1.0"><forename type="first">Kenji</forename><surname>Imamura</surname></persName>
		</author>
		<author>
			<persName xmlns="http://www.tei-c.org/ns/1.0"><forename type="first">Hiroaki</forename><surname>Sugiyama</surname></persName>
		</author>
		<author>
			<persName xmlns="http://www.tei-c.org/ns/1.0"><forename type="first">Toshiro</forename><surname>Makino</surname></persName>
		</author>
		<author>
			<persName xmlns="http://www.tei-c.org/ns/1.0"><forename type="first">Yoshihiro</forename><surname>Matsuo</surname></persName>
		</author>
	</analytic>
	<monogr>
		<title level="m">INTERSPEECH</title>
		<imprint>
			<date type="published" when="2014" />
			<biblScope unit="page" from="130" to="134" />
		</imprint>
	</monogr>
</biblStruct>

<biblStruct >
	<monogr>
		<title level="m" type="main">Untersuchungen zu dynamischen neuronalen netzen. Diploma, Technische Universität München page 91</title>
		<author>
			<persName xmlns="http://www.tei-c.org/ns/1.0"><forename type="first">Sepp</forename><surname>Hochreiter</surname></persName>
		</author>
		<imprint>
			<date type="published" when="1991" />
		</imprint>
	</monogr>
</biblStruct>

<biblStruct >
	<analytic>
		<title level="a" type="main">Long short-term memory</title>
		<author>
			<persName xmlns="http://www.tei-c.org/ns/1.0"><forename type="first">Sepp</forename><surname>Hochreiter</surname></persName>
		</author>
		<author>
			<persName xmlns="http://www.tei-c.org/ns/1.0"><forename type="first">Jürgen</forename><surname>Schmidhuber</surname></persName>
		</author>
	</analytic>
	<monogr>
		<title level="j">Neural computation</title>
		<imprint>
			<biblScope unit="volume">9</biblScope>
			<biblScope unit="issue">8</biblScope>
			<biblScope unit="page" from="1735" to="1780" />
			<date type="published" when="1997" />
		</imprint>
	</monogr>
</biblStruct>

<biblStruct >
	<monogr>
		<title level="m" type="main">Batch normalization: Accelerating deep network training by reducing internal covariate shift</title>
		<author>
			<persName xmlns="http://www.tei-c.org/ns/1.0"><forename type="first">Sergey</forename><surname>Ioffe</surname></persName>
		</author>
		<author>
			<persName xmlns="http://www.tei-c.org/ns/1.0"><forename type="first">Christian</forename><surname>Szegedy</surname></persName>
		</author>
		<idno type="arXiv">arXiv:1502.03167</idno>
		<imprint>
			<date type="published" when="2015" />
		</imprint>
	</monogr>
<note type="report_type">arXiv preprint</note>
</biblStruct>

<biblStruct >
	<analytic>
		<title level="a" type="main">Smart reply: Automated response suggestion for email</title>
		<author>
			<persName xmlns="http://www.tei-c.org/ns/1.0"><forename type="first">Anjuli</forename><surname>Kannan</surname></persName>
		</author>
		<author>
			<persName xmlns="http://www.tei-c.org/ns/1.0"><forename type="first">Karol</forename><surname>Kurach</surname></persName>
		</author>
		<author>
			<persName xmlns="http://www.tei-c.org/ns/1.0"><forename type="first">Sujith</forename><surname>Ravi</surname></persName>
		</author>
		<author>
			<persName xmlns="http://www.tei-c.org/ns/1.0"><forename type="first">Tobias</forename><surname>Kaufmann</surname></persName>
		</author>
		<author>
			<persName xmlns="http://www.tei-c.org/ns/1.0"><forename type="first">Andrew</forename><surname>Tomkins</surname></persName>
		</author>
		<author>
			<persName xmlns="http://www.tei-c.org/ns/1.0"><forename type="first">Balint</forename><surname>Miklos</surname></persName>
		</author>
		<author>
			<persName xmlns="http://www.tei-c.org/ns/1.0"><forename type="first">Greg</forename><surname>Corrado</surname></persName>
		</author>
		<author>
			<persName xmlns="http://www.tei-c.org/ns/1.0"><forename type="first">László</forename><surname>Lukács</surname></persName>
		</author>
		<author>
			<persName xmlns="http://www.tei-c.org/ns/1.0"><forename type="first">Marina</forename><surname>Ganea</surname></persName>
		</author>
		<author>
			<persName xmlns="http://www.tei-c.org/ns/1.0"><forename type="first">Peter</forename><surname>Young</surname></persName>
		</author>
	</analytic>
	<monogr>
		<title level="m">Proceedings of the ACM SIGKDD Conference on Knowledge Discovery and Data Mining</title>
		<meeting>the ACM SIGKDD Conference on Knowledge Discovery and Data Mining</meeting>
		<imprint>
			<date type="published" when="2016" />
			<biblScope unit="volume">36</biblScope>
			<biblScope unit="page" from="495" to="503" />
		</imprint>
	</monogr>
</biblStruct>

<biblStruct >
	<monogr>
		<title level="m" type="main">Adversarial evaluation of dialogue models</title>
		<author>
			<persName xmlns="http://www.tei-c.org/ns/1.0"><forename type="first">Anjuli</forename><surname>Kannan</surname></persName>
		</author>
		<author>
			<persName xmlns="http://www.tei-c.org/ns/1.0"><forename type="first">Oriol</forename><surname>Vinyals</surname></persName>
		</author>
		<idno type="arXiv">arXiv:1701.08198</idno>
		<imprint>
			<date type="published" when="2017" />
		</imprint>
	</monogr>
<note type="report_type">arXiv preprint</note>
</biblStruct>

<biblStruct >
	<monogr>
		<title level="m" type="main">Adam: A method for stochastic optimization</title>
		<author>
			<persName xmlns="http://www.tei-c.org/ns/1.0"><forename type="first">Diederik</forename><surname>Kingma</surname></persName>
		</author>
		<author>
			<persName xmlns="http://www.tei-c.org/ns/1.0"><forename type="first">Jimmy</forename><surname>Ba</surname></persName>
		</author>
		<idno type="arXiv">arXiv:1412.6980</idno>
		<imprint>
			<date type="published" when="2014" />
		</imprint>
	</monogr>
<note type="report_type">arXiv preprint</note>
</biblStruct>

<biblStruct >
	<monogr>
				<author>
			<persName xmlns="http://www.tei-c.org/ns/1.0"><forename type="first">Jiwei</forename><surname>Li</surname></persName>
		</author>
		<author>
			<persName xmlns="http://www.tei-c.org/ns/1.0"><forename type="first">Michel</forename><surname>Galley</surname></persName>
		</author>
		<author>
			<persName xmlns="http://www.tei-c.org/ns/1.0"><forename type="first">Chris</forename><surname>Brockett</surname></persName>
		</author>
		<author>
			<persName xmlns="http://www.tei-c.org/ns/1.0"><forename type="first">Jianfeng</forename><surname>Gao</surname></persName>
		</author>
		<author>
			<persName xmlns="http://www.tei-c.org/ns/1.0"><forename type="first">Bill</forename><surname>Dolan</surname></persName>
		</author>
		<idno type="arXiv">arXiv:1510.03055</idno>
		<title level="m">A diversity-promoting objective function for neural conversation models</title>
		<imprint>
			<date type="published" when="2015" />
		</imprint>
	</monogr>
<note type="report_type">arXiv preprint</note>
</biblStruct>

<biblStruct >
	<monogr>
		<title level="m" type="main">A persona-based neural conversation model</title>
		<author>
			<persName xmlns="http://www.tei-c.org/ns/1.0"><forename type="first">Jiwei</forename><surname>Li</surname></persName>
		</author>
		<author>
			<persName xmlns="http://www.tei-c.org/ns/1.0"><forename type="first">Michel</forename><surname>Galley</surname></persName>
		</author>
		<author>
			<persName xmlns="http://www.tei-c.org/ns/1.0"><forename type="first">Chris</forename><surname>Brockett</surname></persName>
		</author>
		<author>
			<persName xmlns="http://www.tei-c.org/ns/1.0"><forename type="first">Jianfeng</forename><surname>Gao</surname></persName>
		</author>
		<author>
			<persName xmlns="http://www.tei-c.org/ns/1.0"><forename type="first">Bill</forename><surname>Dolan</surname></persName>
		</author>
		<idno type="arXiv">arXiv:1603.06155</idno>
		<imprint>
			<date type="published" when="2016" />
		</imprint>
	</monogr>
<note type="report_type">arXiv preprint</note>
</biblStruct>

<biblStruct >
	<monogr>
		<title level="m" type="main">Learning to decode for future success</title>
		<author>
			<persName xmlns="http://www.tei-c.org/ns/1.0"><forename type="first">Jiwei</forename><surname>Li</surname></persName>
		</author>
		<author>
			<persName xmlns="http://www.tei-c.org/ns/1.0"><forename type="first">Will</forename><surname>Monroe</surname></persName>
		</author>
		<author>
			<persName xmlns="http://www.tei-c.org/ns/1.0"><forename type="first">Dan</forename><surname>Jurafsky</surname></persName>
		</author>
		<idno type="arXiv">arXiv:1701.06549</idno>
		<imprint>
			<date type="published" when="2017" />
		</imprint>
	</monogr>
<note type="report_type">arXiv preprint</note>
</biblStruct>

<biblStruct >
	<monogr>
		<title level="m" type="main">Deep reinforcement learning for dialogue generation</title>
		<author>
			<persName xmlns="http://www.tei-c.org/ns/1.0"><forename type="first">Jiwei</forename><surname>Li</surname></persName>
		</author>
		<author>
			<persName xmlns="http://www.tei-c.org/ns/1.0"><forename type="first">Will</forename><surname>Monroe</surname></persName>
		</author>
		<author>
			<persName xmlns="http://www.tei-c.org/ns/1.0"><forename type="first">Alan</forename><surname>Ritter</surname></persName>
		</author>
		<author>
			<persName xmlns="http://www.tei-c.org/ns/1.0"><forename type="first">Dan</forename><surname>Jurafsky</surname></persName>
		</author>
		<idno type="arXiv">arXiv:1606.01541</idno>
		<imprint>
			<date type="published" when="2016" />
		</imprint>
	</monogr>
<note type="report_type">arXiv preprint</note>
</biblStruct>

<biblStruct >
	<monogr>
		<title level="m" type="main">How not to evaluate your dialogue system: An empirical study of unsupervised evaluation metrics for dialogue response generation</title>
		<author>
			<persName xmlns="http://www.tei-c.org/ns/1.0"><forename type="first">Chia-Wei</forename><surname>Liu</surname></persName>
		</author>
		<author>
			<persName xmlns="http://www.tei-c.org/ns/1.0"><forename type="first">Ryan</forename><surname>Lowe</surname></persName>
		</author>
		<author>
			<persName xmlns="http://www.tei-c.org/ns/1.0"><forename type="first">V</forename><surname>Iulian</surname></persName>
		</author>
		<author>
			<persName xmlns="http://www.tei-c.org/ns/1.0"><forename type="first">Michael</forename><surname>Serban</surname></persName>
		</author>
		<author>
			<persName xmlns="http://www.tei-c.org/ns/1.0"><forename type="first">Laurent</forename><surname>Noseworthy</surname></persName>
		</author>
		<author>
			<persName xmlns="http://www.tei-c.org/ns/1.0"><forename type="first">Joelle</forename><surname>Charlin</surname></persName>
		</author>
		<author>
			<persName xmlns="http://www.tei-c.org/ns/1.0"><surname>Pineau</surname></persName>
		</author>
		<idno type="arXiv">arXiv:1603.08023</idno>
		<imprint>
			<date type="published" when="2016" />
		</imprint>
	</monogr>
<note type="report_type">arXiv preprint</note>
</biblStruct>

<biblStruct >
	<monogr>
				<author>
			<persName xmlns="http://www.tei-c.org/ns/1.0"><forename type="first">Ryan</forename><surname>Lowe</surname></persName>
		</author>
		<author>
			<persName xmlns="http://www.tei-c.org/ns/1.0"><forename type="first">Nissan</forename><surname>Pow</surname></persName>
		</author>
		<author>
			<persName xmlns="http://www.tei-c.org/ns/1.0"><forename type="first">Iulian</forename><surname>Serban</surname></persName>
		</author>
		<author>
			<persName xmlns="http://www.tei-c.org/ns/1.0"><forename type="first">Joelle</forename><surname>Pineau</surname></persName>
		</author>
		<idno type="arXiv">arXiv:1506.08909</idno>
		<title level="m">The ubuntu dialogue corpus: A large dataset for research in unstructured multi-turn dialogue systems</title>
		<imprint>
			<date type="published" when="2015" />
		</imprint>
	</monogr>
<note type="report_type">arXiv preprint</note>
</biblStruct>

<biblStruct >
	<analytic>
		<title level="a" type="main">Results of the wmt14 metrics shared task</title>
		<author>
			<persName xmlns="http://www.tei-c.org/ns/1.0"><forename type="first">Matouš</forename><surname>Machácek</surname></persName>
		</author>
		<author>
			<persName xmlns="http://www.tei-c.org/ns/1.0"><forename type="first">Ondrej</forename><surname>Bojar</surname></persName>
		</author>
	</analytic>
	<monogr>
		<title level="m">Proceedings of the Ninth Workshop on Statistical Machine Translation. Citeseer</title>
		<meeting>the Ninth Workshop on Statistical Machine Translation. Citeseer</meeting>
		<imprint>
			<date type="published" when="2014" />
			<biblScope unit="page" from="293" to="301" />
		</imprint>
	</monogr>
</biblStruct>

<biblStruct >
	<analytic>
		<title level="a" type="main">For sympathetic ear, more chinese turn to smartphone program</title>
		<author>
			<persName xmlns="http://www.tei-c.org/ns/1.0"><forename type="first">J</forename><surname>Markoff</surname></persName>
		</author>
		<author>
			<persName xmlns="http://www.tei-c.org/ns/1.0"><forename type="first">P</forename><surname>Mozur</surname></persName>
		</author>
	</analytic>
	<monogr>
		<title level="j">NY Times</title>
		<imprint>
			<date type="published" when="2015" />
		</imprint>
	</monogr>
</biblStruct>

<biblStruct >
	<analytic>
		<title level="a" type="main">Memo: towards automatic usability evaluation of spoken dialogue services by user error simulations</title>
		<author>
			<persName xmlns="http://www.tei-c.org/ns/1.0"><forename type="first">Sebastian</forename><surname>Möller</surname></persName>
		</author>
		<author>
			<persName xmlns="http://www.tei-c.org/ns/1.0"><forename type="first">Roman</forename><surname>Englert</surname></persName>
		</author>
		<author>
			<persName xmlns="http://www.tei-c.org/ns/1.0"><forename type="first">Klaus-Peter</forename><surname>Engelbrecht</surname></persName>
		</author>
		<author>
			<persName xmlns="http://www.tei-c.org/ns/1.0"><forename type="first">Verena</forename><forename type="middle">Vanessa</forename><surname>Hafner</surname></persName>
		</author>
		<author>
			<persName xmlns="http://www.tei-c.org/ns/1.0"><forename type="first">Anthony</forename><surname>Jameson</surname></persName>
		</author>
		<author>
			<persName xmlns="http://www.tei-c.org/ns/1.0"><forename type="first">Antti</forename><surname>Oulasvirta</surname></persName>
		</author>
	</analytic>
	<monogr>
		<title level="m">INTERSPEECH</title>
		<meeting><address><addrLine>Alexander Raake, and Norbert Reithinger</addrLine></address></meeting>
		<imprint>
			<date type="published" when="2006" />
		</imprint>
	</monogr>
</biblStruct>

<biblStruct >
	<analytic>
		<title level="a" type="main">Bleu: a method for automatic evaluation of machine translation</title>
		<author>
			<persName xmlns="http://www.tei-c.org/ns/1.0"><forename type="first">Kishore</forename><surname>Papineni</surname></persName>
		</author>
		<author>
			<persName xmlns="http://www.tei-c.org/ns/1.0"><forename type="first">Salim</forename><surname>Roukos</surname></persName>
		</author>
		<author>
			<persName xmlns="http://www.tei-c.org/ns/1.0"><forename type="first">Todd</forename><surname>Ward</surname></persName>
		</author>
		<author>
			<persName xmlns="http://www.tei-c.org/ns/1.0"><forename type="first">Weijing</forename><surname>Zhu</surname></persName>
		</author>
	</analytic>
	<monogr>
		<title level="m">Proceedings of the 40th annual meeting on association for computational linguistics</title>
		<meeting>the 40th annual meeting on association for computational linguistics</meeting>
		<imprint>
			<publisher>Association for Computational Linguistics</publisher>
			<date type="published" when="2002" />
			<biblScope unit="page" from="311" to="318" />
		</imprint>
	</monogr>
</biblStruct>

<biblStruct >
	<analytic>
		<title level="a" type="main">Principal components analysis. The London</title>
		<author>
			<persName xmlns="http://www.tei-c.org/ns/1.0"><forename type="first">Karl</forename><surname>Pearson</surname></persName>
		</author>
	</analytic>
	<monogr>
		<title level="j">Edinburgh and Dublin Philosophical Magazine and Journal</title>
		<imprint>
			<biblScope unit="volume">6</biblScope>
			<biblScope unit="issue">2</biblScope>
			<biblScope unit="page">566</biblScope>
			<date type="published" when="1901" />
		</imprint>
	</monogr>
</biblStruct>

<biblStruct >
	<analytic>
		<title level="a" type="main">Data-driven response generation in social media</title>
		<author>
			<persName xmlns="http://www.tei-c.org/ns/1.0"><forename type="first">Alan</forename><surname>Ritter</surname></persName>
		</author>
		<author>
			<persName xmlns="http://www.tei-c.org/ns/1.0"><forename type="first">Colin</forename><surname>Cherry</surname></persName>
		</author>
		<author>
			<persName xmlns="http://www.tei-c.org/ns/1.0"><forename type="first">William B</forename><surname>Dolan</surname></persName>
		</author>
	</analytic>
	<monogr>
		<title level="m">Proceedings of the conference on empirical methods in natural language processing</title>
		<meeting>the conference on empirical methods in natural language processing</meeting>
		<imprint>
			<publisher>Association for Computational Linguistics</publisher>
			<date type="published" when="2011" />
			<biblScope unit="page" from="583" to="593" />
		</imprint>
	</monogr>
</biblStruct>

<biblStruct >
	<monogr>
				<author>
			<persName xmlns="http://www.tei-c.org/ns/1.0"><forename type="first">Rico</forename><surname>Sennrich</surname></persName>
		</author>
		<author>
			<persName xmlns="http://www.tei-c.org/ns/1.0"><forename type="first">Barry</forename><surname>Haddow</surname></persName>
		</author>
		<author>
			<persName xmlns="http://www.tei-c.org/ns/1.0"><forename type="first">Alexandra</forename><surname>Birch</surname></persName>
		</author>
		<idno type="arXiv">arXiv:1508.07909</idno>
		<title level="m">Neural machine translation of rare words with subword units</title>
		<imprint>
			<date type="published" when="2015" />
		</imprint>
	</monogr>
<note type="report_type">arXiv preprint</note>
</biblStruct>

<biblStruct >
	<analytic>
		<title level="a" type="main">Building end-to-end dialogue systems using generative hierarchical neural network models</title>
		<author>
			<persName xmlns="http://www.tei-c.org/ns/1.0"><forename type="first">Alessandro</forename><surname>Iulian Vlad Serban</surname></persName>
		</author>
		<author>
			<persName xmlns="http://www.tei-c.org/ns/1.0"><forename type="first">Yoshua</forename><surname>Sordoni</surname></persName>
		</author>
		<author>
			<persName xmlns="http://www.tei-c.org/ns/1.0"><forename type="first">Aaron</forename><surname>Bengio</surname></persName>
		</author>
		<author>
			<persName xmlns="http://www.tei-c.org/ns/1.0"><forename type="first">Joelle</forename><surname>Courville</surname></persName>
		</author>
		<author>
			<persName xmlns="http://www.tei-c.org/ns/1.0"><surname>Pineau</surname></persName>
		</author>
	</analytic>
	<monogr>
		<title level="m">AAAI</title>
		<imprint>
			<date type="published" when="2016" />
			<biblScope unit="page" from="3776" to="3784" />
		</imprint>
	</monogr>
</biblStruct>

<biblStruct >
	<monogr>
		<title level="m" type="main">A hierarchical latent variable encoder-decoder model for generating dialogues</title>
		<author>
			<persName xmlns="http://www.tei-c.org/ns/1.0"><forename type="first">Alessandro</forename><surname>Iulian Vlad Serban</surname></persName>
		</author>
		<author>
			<persName xmlns="http://www.tei-c.org/ns/1.0"><forename type="first">Ryan</forename><surname>Sordoni</surname></persName>
		</author>
		<author>
			<persName xmlns="http://www.tei-c.org/ns/1.0"><forename type="first">Laurent</forename><surname>Lowe</surname></persName>
		</author>
		<author>
			<persName xmlns="http://www.tei-c.org/ns/1.0"><forename type="first">Joelle</forename><surname>Charlin</surname></persName>
		</author>
		<author>
			<persName xmlns="http://www.tei-c.org/ns/1.0"><forename type="first">Aaron</forename><surname>Pineau</surname></persName>
		</author>
		<author>
			<persName xmlns="http://www.tei-c.org/ns/1.0"><forename type="first">Yoshua</forename><surname>Courville</surname></persName>
		</author>
		<author>
			<persName xmlns="http://www.tei-c.org/ns/1.0"><surname>Bengio</surname></persName>
		</author>
		<idno type="arXiv">arXiv:1605.06069</idno>
		<imprint>
			<date type="published" when="2016" />
		</imprint>
	</monogr>
<note type="report_type">arXiv preprint</note>
</biblStruct>

<biblStruct >
	<monogr>
				<author>
			<persName xmlns="http://www.tei-c.org/ns/1.0"><forename type="first">Lifeng</forename><surname>Shang</surname></persName>
		</author>
		<author>
			<persName xmlns="http://www.tei-c.org/ns/1.0"><forename type="first">Zhengdong</forename><surname>Lu</surname></persName>
		</author>
		<author>
			<persName xmlns="http://www.tei-c.org/ns/1.0"><forename type="first">Hang</forename><surname>Li</surname></persName>
		</author>
		<idno type="arXiv">arXiv:1503.02364</idno>
		<title level="m">Neural responding machine for short-text conversation</title>
		<imprint>
			<date type="published" when="2015" />
		</imprint>
	</monogr>
<note type="report_type">arXiv preprint</note>
</biblStruct>

<biblStruct >
	<analytic>
		<title level="a" type="main">Overview of the ntcir-12 short text conversation task</title>
		<author>
			<persName xmlns="http://www.tei-c.org/ns/1.0"><forename type="first">Lifeng</forename><surname>Shang</surname></persName>
		</author>
		<author>
			<persName xmlns="http://www.tei-c.org/ns/1.0"><forename type="first">Tetsuya</forename><surname>Sakai</surname></persName>
		</author>
		<author>
			<persName xmlns="http://www.tei-c.org/ns/1.0"><forename type="first">Zhengdong</forename><surname>Lu</surname></persName>
		</author>
		<author>
			<persName xmlns="http://www.tei-c.org/ns/1.0"><forename type="first">Hang</forename><surname>Li</surname></persName>
		</author>
		<author>
			<persName xmlns="http://www.tei-c.org/ns/1.0"><forename type="first">Ryuichiro</forename><surname>Higashinaka</surname></persName>
		</author>
		<author>
			<persName xmlns="http://www.tei-c.org/ns/1.0"><forename type="first">Yusuke</forename><surname>Miyao</surname></persName>
		</author>
	</analytic>
	<monogr>
		<title level="m">Proceedings of NTCIR-12 pages</title>
		<meeting>NTCIR-12 pages</meeting>
		<imprint>
			<date type="published" when="2016" />
			<biblScope unit="page" from="473" to="484" />
		</imprint>
	</monogr>
</biblStruct>

<biblStruct >
	<analytic>
		<title level="a" type="main">A hierarchical recurrent encoderdecoder for generative context-aware query suggestion</title>
		<author>
			<persName xmlns="http://www.tei-c.org/ns/1.0"><forename type="first">Alessandro</forename><surname>Sordoni</surname></persName>
		</author>
		<author>
			<persName xmlns="http://www.tei-c.org/ns/1.0"><forename type="first">Yoshua</forename><surname>Bengio</surname></persName>
		</author>
		<author>
			<persName xmlns="http://www.tei-c.org/ns/1.0"><forename type="first">Hossein</forename><surname>Vahabi</surname></persName>
		</author>
		<author>
			<persName xmlns="http://www.tei-c.org/ns/1.0"><forename type="first">Christina</forename><surname>Lioma</surname></persName>
		</author>
		<author>
			<persName xmlns="http://www.tei-c.org/ns/1.0"><forename type="first">Jakob</forename><forename type="middle">Grue</forename><surname>Simonsen</surname></persName>
		</author>
		<author>
			<persName xmlns="http://www.tei-c.org/ns/1.0"><forename type="first">Jianyun</forename><surname>Nie</surname></persName>
		</author>
	</analytic>
	<monogr>
		<title level="m">Proceedings of the 24th ACM International on Conference on Information and Knowledge Management</title>
		<meeting>the 24th ACM International on Conference on Information and Knowledge Management</meeting>
		<imprint>
			<publisher>ACM</publisher>
			<date type="published" when="2015" />
			<biblScope unit="page" from="553" to="562" />
		</imprint>
	</monogr>
</biblStruct>

<biblStruct >
	<monogr>
		<title level="m" type="main">A neural network approach to context-sensitive generation of conversational responses</title>
		<author>
			<persName xmlns="http://www.tei-c.org/ns/1.0"><forename type="first">Alessandro</forename><surname>Sordoni</surname></persName>
		</author>
		<author>
			<persName xmlns="http://www.tei-c.org/ns/1.0"><forename type="first">Michel</forename><surname>Galley</surname></persName>
		</author>
		<author>
			<persName xmlns="http://www.tei-c.org/ns/1.0"><forename type="first">Michael</forename><surname>Auli</surname></persName>
		</author>
		<author>
			<persName xmlns="http://www.tei-c.org/ns/1.0"><forename type="first">Chris</forename><surname>Brockett</surname></persName>
		</author>
		<author>
			<persName xmlns="http://www.tei-c.org/ns/1.0"><forename type="first">Yangfeng</forename><surname>Ji</surname></persName>
		</author>
		<author>
			<persName xmlns="http://www.tei-c.org/ns/1.0"><forename type="first">Margaret</forename><surname>Mitchell</surname></persName>
		</author>
		<author>
			<persName xmlns="http://www.tei-c.org/ns/1.0"><forename type="first">Jian-Yun</forename><surname>Nie</surname></persName>
		</author>
		<author>
			<persName xmlns="http://www.tei-c.org/ns/1.0"><forename type="first">Jianfeng</forename><surname>Gao</surname></persName>
		</author>
		<author>
			<persName xmlns="http://www.tei-c.org/ns/1.0"><forename type="first">Bill</forename><surname>Dolan</surname></persName>
		</author>
		<idno type="arXiv">arXiv:1506.06714</idno>
		<imprint>
			<date type="published" when="2015" />
		</imprint>
	</monogr>
<note type="report_type">arXiv preprint</note>
</biblStruct>

<biblStruct >
	<analytic>
		<title level="a" type="main">Results of the wmt15 metrics shared task</title>
		<author>
			<persName xmlns="http://www.tei-c.org/ns/1.0"><forename type="first">Miloš</forename><surname>Stanojevic</surname></persName>
		</author>
		<author>
			<persName xmlns="http://www.tei-c.org/ns/1.0"><forename type="first">Amir</forename><surname>Kamran</surname></persName>
		</author>
		<author>
			<persName xmlns="http://www.tei-c.org/ns/1.0"><forename type="first">Philipp</forename><surname>Koehn</surname></persName>
		</author>
		<author>
			<persName xmlns="http://www.tei-c.org/ns/1.0"><forename type="first">Ondrej</forename><surname>Bojar</surname></persName>
		</author>
	</analytic>
	<monogr>
		<title level="m">Proceedings of the Tenth Workshop on Statistical Machine Translation</title>
		<meeting>the Tenth Workshop on Statistical Machine Translation</meeting>
		<imprint>
			<date type="published" when="2015" />
			<biblScope unit="page" from="256" to="273" />
		</imprint>
	</monogr>
</biblStruct>

<biblStruct >
	<analytic>
		<title level="a" type="main">Computing machinery and intelligence</title>
		<author>
			<persName xmlns="http://www.tei-c.org/ns/1.0"><forename type="first">Alan</forename><forename type="middle">M</forename><surname>Turing</surname></persName>
		</author>
	</analytic>
	<monogr>
		<title level="j">Mind</title>
		<imprint>
			<biblScope unit="volume">59</biblScope>
			<biblScope unit="issue">236</biblScope>
			<biblScope unit="page" from="433" to="460" />
			<date type="published" when="1950" />
		</imprint>
	</monogr>
</biblStruct>

<biblStruct >
	<monogr>
				<author>
			<persName xmlns="http://www.tei-c.org/ns/1.0"><forename type="first">Oriol</forename><surname>Vinyals</surname></persName>
		</author>
		<author>
			<persName xmlns="http://www.tei-c.org/ns/1.0"><forename type="first">Quoc</forename><surname>Le</surname></persName>
		</author>
		<idno type="arXiv">arXiv:1506.05869</idno>
		<title level="m">A neural conversational model</title>
		<imprint>
			<date type="published" when="2015" />
		</imprint>
	</monogr>
<note type="report_type">arXiv preprint</note>
</biblStruct>

<biblStruct >
	<analytic>
		<title level="a" type="main">Paradise: A framework for evaluating spoken dialogue agents</title>
		<author>
			<persName xmlns="http://www.tei-c.org/ns/1.0"><forename type="first">A</forename><surname>Marilyn</surname></persName>
		</author>
		<author>
			<persName xmlns="http://www.tei-c.org/ns/1.0"><forename type="first">Diane</forename><forename type="middle">J</forename><surname>Walker</surname></persName>
		</author>
		<author>
			<persName xmlns="http://www.tei-c.org/ns/1.0"><forename type="first">Candace</forename><forename type="middle">A</forename><surname>Litman</surname></persName>
		</author>
		<author>
			<persName xmlns="http://www.tei-c.org/ns/1.0"><forename type="first">Alicia</forename><surname>Kamm</surname></persName>
		</author>
		<author>
			<persName xmlns="http://www.tei-c.org/ns/1.0"><surname>Abella</surname></persName>
		</author>
	</analytic>
	<monogr>
		<title level="m">Proceedings of the eighth conference on European chapter of the Association for Computational Linguistics. Association for Computational Linguistics</title>
		<meeting>the eighth conference on European chapter of the Association for Computational Linguistics. Association for Computational Linguistics</meeting>
		<imprint>
			<date type="published" when="1997" />
			<biblScope unit="page" from="271" to="280" />
		</imprint>
	</monogr>
</biblStruct>

<biblStruct >
	<analytic>
		<title level="a" type="main">ELIZAa computer program for the study of natural language communication between man and machine</title>
		<author>
			<persName xmlns="http://www.tei-c.org/ns/1.0"><forename type="first">J</forename><surname>Weizenbaum</surname></persName>
		</author>
	</analytic>
	<monogr>
		<title level="j">Communications of the ACM</title>
		<imprint>
			<biblScope unit="volume">9</biblScope>
			<biblScope unit="issue">1</biblScope>
			<biblScope unit="page" from="36" to="45" />
			<date type="published" when="1966" />
		</imprint>
	</monogr>
</biblStruct>

<biblStruct >
	<analytic>
		<title level="a" type="main">Problematic situation analysis and automatic recognition for chi-nese online conversational system</title>
		<author>
			<persName xmlns="http://www.tei-c.org/ns/1.0"><forename type="first">Yang</forename><surname>Xiang</surname></persName>
		</author>
		<author>
			<persName xmlns="http://www.tei-c.org/ns/1.0"><forename type="first">Yaoyun</forename><surname>Zhang</surname></persName>
		</author>
		<author>
			<persName xmlns="http://www.tei-c.org/ns/1.0"><forename type="first">Xiaoqiang</forename><surname>Zhou</surname></persName>
		</author>
		<author>
			<persName xmlns="http://www.tei-c.org/ns/1.0"><forename type="first">Xiaolong</forename><surname>Wang</surname></persName>
		</author>
		<author>
			<persName xmlns="http://www.tei-c.org/ns/1.0"><forename type="first">Yang</forename><surname>Qin</surname></persName>
		</author>
	</analytic>
	<monogr>
		<title level="m">Proc. CLP pages</title>
		<meeting>CLP pages</meeting>
		<imprint>
			<date type="published" when="2014" />
			<biblScope unit="page" from="43" to="51" />
		</imprint>
	</monogr>
</biblStruct>

<biblStruct >
	<analytic>
		<title level="a" type="main">Strategy and policy learning for nontask-oriented conversational systems</title>
		<author>
			<persName xmlns="http://www.tei-c.org/ns/1.0"><forename type="first">Zhou</forename><surname>Yu</surname></persName>
		</author>
		<author>
			<persName xmlns="http://www.tei-c.org/ns/1.0"><forename type="first">Ziyu</forename><surname>Xu</surname></persName>
		</author>
		<author>
			<persName xmlns="http://www.tei-c.org/ns/1.0"><forename type="first">Alan</forename><forename type="middle">W</forename><surname>Black</surname></persName>
		</author>
		<author>
			<persName xmlns="http://www.tei-c.org/ns/1.0"><forename type="first">Alex</forename><forename type="middle">I</forename><surname>Rudnicky</surname></persName>
		</author>
	</analytic>
	<monogr>
		<title level="m">17th Annual Meeting of the Special Interest Group on Discourse and Dialogue</title>
		<imprint>
			<date type="published" when="2016" />
			<biblScope unit="page">404</biblScope>
		</imprint>
	</monogr>
</biblStruct>

			</listBibl>
		</back>
	</text>
</TEI>
