<?xml version="1.0" ?>
<TEI xmlns="http://www.tei-c.org/ns/1.0" xmlns:xlink="http://www.w3.org/1999/xlink" 
 xmlns:mml="http://www.w3.org/1998/Math/MathML">
	<teiHeader>
		<fileDesc xml:id="f_737"/>
	</teiHeader>
	<text>
		<front/>
		<body/>
		<back>
			<listBibl>
<biblStruct >
	<analytic>
		<title level="a" type="main">Knowledge sharing and yahoo answers: Everyone knows something</title>
		<author>
			<persName xmlns="http://www.tei-c.org/ns/1.0"><forename type="first">A</forename><surname>Lada</surname></persName>
		</author>
		<author>
			<persName xmlns="http://www.tei-c.org/ns/1.0"><forename type="first">Jun</forename><surname>Adamic</surname></persName>
		</author>
		<author>
			<persName xmlns="http://www.tei-c.org/ns/1.0"><forename type="first">Eytan</forename><surname>Zhang</surname></persName>
		</author>
		<author>
			<persName xmlns="http://www.tei-c.org/ns/1.0"><forename type="first">Mark</forename><forename type="middle">S</forename><surname>Bakshy</surname></persName>
		</author>
		<author>
			<persName xmlns="http://www.tei-c.org/ns/1.0"><surname>Ackerman</surname></persName>
		</author>
	</analytic>
	<monogr>
		<title level="m">Proceedings of the Conference on World-Wide Web (WWW)</title>
		<meeting>the Conference on World-Wide Web (WWW)</meeting>
		<imprint>
			<date type="published" when="2008" />
			<biblScope unit="page" from="665" to="674" />
		</imprint>
	</monogr>
</biblStruct>

<biblStruct >
	<analytic>
		<title level="a" type="main">Mining the blogosphere: Age, gender and the varieties of selfexpression</title>
		<author>
			<persName xmlns="http://www.tei-c.org/ns/1.0"><forename type="first">Shlomo</forename><surname>Argamon</surname></persName>
		</author>
		<author>
			<persName xmlns="http://www.tei-c.org/ns/1.0"><forename type="first">Moshe</forename><surname>Koppel</surname></persName>
		</author>
		<author>
			<persName xmlns="http://www.tei-c.org/ns/1.0"><forename type="first">James</forename><forename type="middle">W</forename><surname>Pennebaker</surname></persName>
		</author>
		<author>
			<persName xmlns="http://www.tei-c.org/ns/1.0"><forename type="first">Jonathan</forename><surname>Schler</surname></persName>
		</author>
	</analytic>
	<monogr>
		<title level="j">First Monday</title>
		<imprint>
			<biblScope unit="volume">12</biblScope>
			<biblScope unit="issue">9</biblScope>
			<date type="published" when="2007" />
		</imprint>
	</monogr>
</biblStruct>

<biblStruct >
	<analytic>
		<title level="a" type="main">Group formation in large social networks: Membership, growth, and evolution</title>
		<author>
			<persName xmlns="http://www.tei-c.org/ns/1.0"><forename type="first">Lars</forename><surname>Backstrom</surname></persName>
		</author>
		<author>
			<persName xmlns="http://www.tei-c.org/ns/1.0"><forename type="first">Dan</forename><surname>Huttenlocher</surname></persName>
		</author>
		<author>
			<persName xmlns="http://www.tei-c.org/ns/1.0"><forename type="first">Jon</forename><surname>Kleinberg</surname></persName>
		</author>
		<author>
			<persName xmlns="http://www.tei-c.org/ns/1.0"><forename type="first">Xiangyang</forename><surname>Lan</surname></persName>
		</author>
	</analytic>
	<monogr>
		<title level="m">Proceedings of Knowledge Discovery and Data Mining (KDD)</title>
		<meeting>Knowledge Discovery and Data Mining (KDD)</meeting>
		<imprint>
			<date type="published" when="2006" />
			<biblScope unit="page" from="44" to="54" />
		</imprint>
	</monogr>
</biblStruct>

<biblStruct >
	<analytic>
		<title level="a" type="main">Gender identity and lexical variation in social media</title>
		<author>
			<persName xmlns="http://www.tei-c.org/ns/1.0"><forename type="first">David</forename><surname>Bamman</surname></persName>
		</author>
		<author>
			<persName xmlns="http://www.tei-c.org/ns/1.0"><forename type="first">Jacob</forename><surname>Eisenstein</surname></persName>
		</author>
		<author>
			<persName xmlns="http://www.tei-c.org/ns/1.0"><forename type="first">Tyler</forename><surname>Schnoebelen</surname></persName>
		</author>
	</analytic>
	<monogr>
		<title level="j">Journal of Sociolinguistics</title>
		<imprint>
			<biblScope unit="volume">18</biblScope>
			<biblScope unit="issue">2</biblScope>
			<biblScope unit="page" from="135" to="160" />
			<date type="published" when="2014" />
		</imprint>
	</monogr>
</biblStruct>

<biblStruct >
	<monogr>
		<title level="m" type="main">Variation across speech and writing</title>
		<author>
			<persName xmlns="http://www.tei-c.org/ns/1.0"><forename type="first">Douglas</forename><surname>Biber</surname></persName>
		</author>
		<imprint>
			<date type="published" when="1991" />
			<publisher>Cambridge University Press</publisher>
		</imprint>
	</monogr>
</biblStruct>

<biblStruct >
	<analytic>
		<title level="a" type="main">The multi-dimensional approach to linguistic analyses of genre variation: An overview of methodology and findings</title>
		<author>
			<persName xmlns="http://www.tei-c.org/ns/1.0"><forename type="first">Douglas</forename><surname>Biber</surname></persName>
		</author>
	</analytic>
	<monogr>
		<title level="j">Computers and the Humanities</title>
		<imprint>
			<biblScope unit="volume">26</biblScope>
			<biblScope unit="issue">5-6</biblScope>
			<biblScope unit="page" from="331" to="345" />
			<date type="published" when="1992" />
		</imprint>
	</monogr>
</biblStruct>

<biblStruct >
	<analytic>
		<title level="a" type="main">Styles of stance in english: Lexical and grammatical marking of evidentiality and affect</title>
		<author>
			<persName xmlns="http://www.tei-c.org/ns/1.0"><forename type="first">Douglas</forename><surname>Biber</surname></persName>
		</author>
		<author>
			<persName xmlns="http://www.tei-c.org/ns/1.0"><forename type="first">Edward</forename><surname>Finegan</surname></persName>
		</author>
	</analytic>
	<monogr>
		<title level="j">Text</title>
		<imprint>
			<biblScope unit="volume">9</biblScope>
			<biblScope unit="issue">1</biblScope>
			<biblScope unit="page" from="93" to="124" />
			<date type="published" when="1989" />
		</imprint>
	</monogr>
</biblStruct>

<biblStruct >
	<analytic>
		<title level="a" type="main">Demographic dialectal variation in social media: A case study of african-american english</title>
		<author>
			<persName xmlns="http://www.tei-c.org/ns/1.0"><forename type="first">Lisa</forename><surname>Su Lin Blodgett</surname></persName>
		</author>
		<author>
			<persName xmlns="http://www.tei-c.org/ns/1.0"><forename type="first">Brendan</forename><surname>Green</surname></persName>
		</author>
		<author>
			<persName xmlns="http://www.tei-c.org/ns/1.0"><surname>Oconnor</surname></persName>
		</author>
	</analytic>
	<monogr>
		<title level="m">Proceedings of Empirical Methods for Natural Language Processing (EMNLP)</title>
		<meeting>Empirical Methods for Natural Language Processing (EMNLP)</meeting>
		<imprint>
			<date type="published" when="2016" />
			<biblScope unit="page" from="1119" to="1130" />
		</imprint>
	</monogr>
</biblStruct>

<biblStruct >
	<analytic>
		<title level="a" type="main">Identity and interaction: A sociocultural linguistic approach</title>
		<author>
			<persName xmlns="http://www.tei-c.org/ns/1.0"><forename type="first">M</forename><surname>Bucholtz</surname></persName>
		</author>
		<author>
			<persName xmlns="http://www.tei-c.org/ns/1.0"><forename type="first">K</forename><surname>Hall</surname></persName>
		</author>
	</analytic>
	<monogr>
		<title level="m">Discourse studies</title>
		<imprint>
			<date type="published" when="2005" />
			<biblScope unit="volume">7</biblScope>
			<biblScope unit="page" from="585" to="614" />
		</imprint>
	</monogr>
</biblStruct>

<biblStruct >
	<monogr>
		<title level="m" type="main">Extracting semantic representations from word co-occurrence statistics: A computational study. Behavior research methods</title>
		<author>
			<persName xmlns="http://www.tei-c.org/ns/1.0"><forename type="first">A</forename><surname>John</surname></persName>
		</author>
		<author>
			<persName xmlns="http://www.tei-c.org/ns/1.0"><forename type="first">Joseph P</forename><surname>Bullinaria</surname></persName>
		</author>
		<author>
			<persName xmlns="http://www.tei-c.org/ns/1.0"><surname>Levy</surname></persName>
		</author>
		<imprint>
			<date type="published" when="2007" />
			<biblScope unit="volume">39</biblScope>
			<biblScope unit="page" from="510" to="526" />
		</imprint>
	</monogr>
</biblStruct>

<biblStruct >
	<analytic>
		<title level="a" type="main">Discriminating gender on twitter</title>
		<author>
			<persName xmlns="http://www.tei-c.org/ns/1.0"><forename type="first">John</forename><forename type="middle">D</forename><surname>Burger</surname></persName>
		</author>
		<author>
			<persName xmlns="http://www.tei-c.org/ns/1.0"><forename type="first">John</forename><surname>Henderson</surname></persName>
		</author>
		<author>
			<persName xmlns="http://www.tei-c.org/ns/1.0"><forename type="first">George</forename><surname>Kim</surname></persName>
		</author>
		<author>
			<persName xmlns="http://www.tei-c.org/ns/1.0"><forename type="first">Guido</forename><surname>Zarrella</surname></persName>
		</author>
	</analytic>
	<monogr>
		<title level="m">Proceedings of Empirical Methods for Natural Language Processing (EMNLP)</title>
		<meeting>Empirical Methods for Natural Language Processing (EMNLP)</meeting>
		<imprint>
			<date type="published" when="2011" />
			<biblScope unit="page" from="1301" to="1309" />
		</imprint>
	</monogr>
</biblStruct>

<biblStruct >
	<analytic>
		<title level="a" type="main">Creating speech and language data with amazon&apos;s mechanical turk</title>
		<author>
			<persName xmlns="http://www.tei-c.org/ns/1.0"><forename type="first">Chris</forename><surname>Callison</surname></persName>
		</author>
		<author>
			<persName xmlns="http://www.tei-c.org/ns/1.0"><forename type="first">-</forename><surname>Burch</surname></persName>
		</author>
		<author>
			<persName xmlns="http://www.tei-c.org/ns/1.0"><forename type="first">Mark</forename><surname>Dredze</surname></persName>
		</author>
	</analytic>
	<monogr>
		<title level="m">Proceedings of the NAACL HLT 2010 Workshop on Creating Speech and Language Data with Amazon&apos;s Mechanical Turk</title>
		<meeting>the NAACL HLT 2010 Workshop on Creating Speech and Language Data with Amazon&apos;s Mechanical Turk</meeting>
		<imprint>
			<publisher>Association for Computational Linguistics</publisher>
			<date type="published" when="2010" />
			<biblScope unit="page" from="1" to="12" />
		</imprint>
	</monogr>
</biblStruct>

<biblStruct >
	<analytic>
		<title level="a" type="main">The scree test for the number of factors</title>
		<author>
			<persName xmlns="http://www.tei-c.org/ns/1.0"><surname>Raymond</surname></persName>
		</author>
	</analytic>
	<monogr>
		<title level="j">Multivariate behavioral research</title>
		<imprint>
			<biblScope unit="volume">1</biblScope>
			<biblScope unit="issue">2</biblScope>
			<biblScope unit="page" from="245" to="276" />
			<date type="published" when="1966" />
		</imprint>
	</monogr>
</biblStruct>

<biblStruct >
	<analytic>
		<title level="a" type="main">Reading tea leaves: How humans interpret topic models</title>
		<author>
			<persName xmlns="http://www.tei-c.org/ns/1.0"><forename type="first">Jonathan</forename><surname>Chang</surname></persName>
		</author>
		<author>
			<persName xmlns="http://www.tei-c.org/ns/1.0"><forename type="first">Sean</forename><surname>Gerrish</surname></persName>
		</author>
		<author>
			<persName xmlns="http://www.tei-c.org/ns/1.0"><forename type="first">Chong</forename><surname>Wang</surname></persName>
		</author>
		<author>
			<persName xmlns="http://www.tei-c.org/ns/1.0"><forename type="first">Jordan</forename><forename type="middle">L</forename><surname>Boyd-Graber</surname></persName>
		</author>
		<author>
			<persName xmlns="http://www.tei-c.org/ns/1.0"><forename type="first">David M</forename><surname>Blei</surname></persName>
		</author>
	</analytic>
	<monogr>
		<title level="m">Neural Information Processing Systems (NIPS). Vancouver</title>
		<imprint>
			<date type="published" when="2009" />
			<biblScope unit="page" from="288" to="296" />
		</imprint>
	</monogr>
</biblStruct>

<biblStruct >
	<analytic>
		<title level="a" type="main">Statistical power analysis for the behavioral sciences</title>
		<author>
			<persName xmlns="http://www.tei-c.org/ns/1.0"><forename type="first">Jacob</forename><surname>Cohen</surname></persName>
		</author>
	</analytic>
	<monogr>
		<title level="j">Lawrence Earlbaum Associates</title>
		<imprint>
			<date type="published" when="1988" />
		</imprint>
	</monogr>
</biblStruct>

<biblStruct >
	<analytic>
		<title level="a" type="main">A computational approach to politeness with application to social factors</title>
		<author>
			<persName xmlns="http://www.tei-c.org/ns/1.0"><forename type="first">Cristian</forename><surname>Danescu-Niculescu-Mizil</surname></persName>
		</author>
		<author>
			<persName xmlns="http://www.tei-c.org/ns/1.0"><forename type="first">Moritz</forename><surname>Sudhof</surname></persName>
		</author>
		<author>
			<persName xmlns="http://www.tei-c.org/ns/1.0"><forename type="first">Dan</forename><surname>Jurafsky</surname></persName>
		</author>
		<author>
			<persName xmlns="http://www.tei-c.org/ns/1.0"><forename type="first">Jure</forename><surname>Leskovec</surname></persName>
		</author>
		<author>
			<persName xmlns="http://www.tei-c.org/ns/1.0"><forename type="first">Christopher</forename><surname>Potts</surname></persName>
		</author>
	</analytic>
	<monogr>
		<title level="m">Proceedings of the Association for Computational Linguistics (ACL)</title>
		<meeting>the Association for Computational Linguistics (ACL)</meeting>
		<imprint>
			<date type="published" when="2013" />
		</imprint>
	</monogr>
</biblStruct>

<biblStruct >
	<monogr>
		<title/>
		<author>
			<persName xmlns="http://www.tei-c.org/ns/1.0"><forename type="first">Bulgaria</forename><surname>Sophia</surname></persName>
		</author>
		<imprint>
			<biblScope unit="page" from="250" to="259" />
		</imprint>
	</monogr>
</biblStruct>

<biblStruct >
	<analytic>
		<title level="a" type="main">The stance triangle</title>
		<author>
			<persName xmlns="http://www.tei-c.org/ns/1.0"><forename type="first">John</forename><forename type="middle">W Du</forename><surname>Bois</surname></persName>
		</author>
	</analytic>
	<monogr>
		<title level="m">Amsterdam/Philadelphia</title>
		<editor>Robert Engelbretson</editor>
		<imprint>
			<publisher>John Benjamins Publishing Company</publisher>
			<date type="published" when="2007" />
			<biblScope unit="page" from="139" to="182" />
		</imprint>
	</monogr>
	<note>Stancetaking in discourse</note>
</biblStruct>

<biblStruct >
	<analytic>
		<title level="a" type="main">Three waves of variation study: the emergence of meaning in the study of sociolinguistic variation</title>
		<author>
			<persName xmlns="http://www.tei-c.org/ns/1.0"><forename type="first">Penelope</forename><surname>Eckert</surname></persName>
		</author>
	</analytic>
	<monogr>
		<title level="j">Annual Review of Anthropology</title>
		<imprint>
			<biblScope unit="volume">41</biblScope>
			<biblScope unit="page" from="87" to="100" />
			<date type="published" when="2012" />
		</imprint>
	</monogr>
</biblStruct>

<biblStruct >
	<analytic>
		<title level="a" type="main">Think practically and look locally: Language and gender as community-based practice</title>
		<author>
			<persName xmlns="http://www.tei-c.org/ns/1.0"><forename type="first">Penelope</forename><surname>Eckert</surname></persName>
		</author>
		<author>
			<persName xmlns="http://www.tei-c.org/ns/1.0"><forename type="first">Sally</forename><surname>Mcconnell-Ginet</surname></persName>
		</author>
	</analytic>
	<monogr>
		<title level="j">Annual review of anthropology</title>
		<imprint>
			<biblScope unit="volume">21</biblScope>
			<biblScope unit="page" from="461" to="490" />
			<date type="published" when="1992" />
		</imprint>
	</monogr>
</biblStruct>

<biblStruct >
	<monogr>
		<title level="m" type="main">Style and sociolinguistic variation</title>
		<author>
			<persName xmlns="http://www.tei-c.org/ns/1.0"><forename type="first">Penelope</forename><surname>Eckert</surname></persName>
		</author>
		<author>
			<persName xmlns="http://www.tei-c.org/ns/1.0"><surname>John R Rickford</surname></persName>
		</author>
		<imprint>
			<date type="published" when="2001" />
			<publisher>Cambridge University Press</publisher>
		</imprint>
	</monogr>
</biblStruct>

<biblStruct >
	<analytic>
		<title level="a" type="main">What to do about bad language on the internet</title>
		<author>
			<persName xmlns="http://www.tei-c.org/ns/1.0"><forename type="first">Jacob</forename><surname>Eisenstein</surname></persName>
		</author>
	</analytic>
	<monogr>
		<title level="m">Proceedings of the North American Chapter of the Association for Computational Linguistics (NAACL)</title>
		<meeting>the North American Chapter of the Association for Computational Linguistics (NAACL)</meeting>
		<imprint>
			<date type="published" when="2013" />
			<biblScope unit="page" from="359" to="369" />
		</imprint>
	</monogr>
</biblStruct>

<biblStruct >
	<analytic>
		<title level="a" type="main">Sparse additive generative models of text</title>
		<author>
			<persName xmlns="http://www.tei-c.org/ns/1.0"><forename type="first">Jacob</forename><surname>Eisenstein</surname></persName>
		</author>
		<author>
			<persName xmlns="http://www.tei-c.org/ns/1.0"><forename type="first">Amr</forename><surname>Ahmed</surname></persName>
		</author>
		<author>
			<persName xmlns="http://www.tei-c.org/ns/1.0"><forename type="first">Eric</forename><forename type="middle">P</forename><surname>Xing</surname></persName>
		</author>
	</analytic>
	<monogr>
		<title level="m">Proceedings of the International Conference on Machine Learning (ICML)</title>
		<meeting>the International Conference on Machine Learning (ICML)</meeting>
		<imprint>
			<date type="published" when="2011" />
			<biblScope unit="page" from="1041" to="1048" />
		</imprint>
	</monogr>
</biblStruct>

<biblStruct >
	<analytic>
		<title level="a" type="main">A latent variable model for geographic lexical variation</title>
		<author>
			<persName xmlns="http://www.tei-c.org/ns/1.0"><forename type="first">Jacob</forename><surname>Eisenstein</surname></persName>
		</author>
		<author>
			<persName xmlns="http://www.tei-c.org/ns/1.0"><forename type="first">O&amp;apos;</forename><surname>Brendan</surname></persName>
		</author>
		<author>
			<persName xmlns="http://www.tei-c.org/ns/1.0"><forename type="first">Noah</forename><forename type="middle">A</forename><surname>Connor</surname></persName>
		</author>
		<author>
			<persName xmlns="http://www.tei-c.org/ns/1.0"><forename type="first">Eric</forename><forename type="middle">P</forename><surname>Smith</surname></persName>
		</author>
		<author>
			<persName xmlns="http://www.tei-c.org/ns/1.0"><surname>Xing</surname></persName>
		</author>
	</analytic>
	<monogr>
		<title level="m">Proceedings of Empirical Methods for Natural Language Processing (EMNLP)</title>
		<meeting>Empirical Methods for Natural Language Processing (EMNLP)</meeting>
		<imprint>
			<date type="published" when="2010" />
			<biblScope unit="page" from="1277" to="1287" />
		</imprint>
	</monogr>
</biblStruct>

<biblStruct >
	<analytic>
		<title level="a" type="main">Phonetic correlates of stance-taking</title>
		<author>
			<persName xmlns="http://www.tei-c.org/ns/1.0"><forename type="first">Valerie</forename><surname>Freeman</surname></persName>
		</author>
		<author>
			<persName xmlns="http://www.tei-c.org/ns/1.0"><forename type="first">Richard</forename><surname>Wright</surname></persName>
		</author>
		<author>
			<persName xmlns="http://www.tei-c.org/ns/1.0"><forename type="first">Gina-Anne</forename><surname>Levow</surname></persName>
		</author>
		<author>
			<persName xmlns="http://www.tei-c.org/ns/1.0"><forename type="first">Yi</forename><surname>Luan</surname></persName>
		</author>
		<author>
			<persName xmlns="http://www.tei-c.org/ns/1.0"><forename type="first">Julian</forename><surname>Chan</surname></persName>
		</author>
		<author>
			<persName xmlns="http://www.tei-c.org/ns/1.0"><forename type="first">Trang</forename><surname>Tran</surname></persName>
		</author>
		<author>
			<persName xmlns="http://www.tei-c.org/ns/1.0"><forename type="first">Victoria</forename><surname>Zayats</surname></persName>
		</author>
		<author>
			<persName xmlns="http://www.tei-c.org/ns/1.0"><forename type="first">Maria</forename><surname>Antoniak</surname></persName>
		</author>
		<author>
			<persName xmlns="http://www.tei-c.org/ns/1.0"><forename type="first">Mari</forename><surname>Ostendorf</surname></persName>
		</author>
	</analytic>
	<monogr>
		<title level="j">The Journal of the Acoustical Society of America</title>
		<imprint>
			<biblScope unit="volume">136</biblScope>
			<biblScope unit="issue">4</biblScope>
			<biblScope unit="page" from="2175" to="2175" />
			<date type="published" when="2014" />
		</imprint>
	</monogr>
</biblStruct>

<biblStruct >
	<analytic>
		<title level="a" type="main">Widespread underprovision on reddit</title>
		<author>
			<persName xmlns="http://www.tei-c.org/ns/1.0"><forename type="first">Eric</forename><surname>Gilbert</surname></persName>
		</author>
	</analytic>
	<monogr>
		<title level="m">Proceedings of Computer-Supported Cooperative Work (CSCW)</title>
		<meeting>Computer-Supported Cooperative Work (CSCW)</meeting>
		<imprint>
			<date type="published" when="2013" />
			<biblScope unit="page" from="803" to="808" />
		</imprint>
	</monogr>
</biblStruct>

<biblStruct >
	<analytic>
		<title level="a" type="main">Inducing domain-specific sentiment lexicons from unlabeled corpora</title>
		<author>
			<persName xmlns="http://www.tei-c.org/ns/1.0"><forename type="first">William</forename><forename type="middle">L</forename><surname>Hamilton</surname></persName>
		</author>
		<author>
			<persName xmlns="http://www.tei-c.org/ns/1.0"><forename type="first">Kevin</forename><surname>Clark</surname></persName>
		</author>
		<author>
			<persName xmlns="http://www.tei-c.org/ns/1.0"><forename type="first">Jure</forename><surname>Leskovec</surname></persName>
		</author>
		<author>
			<persName xmlns="http://www.tei-c.org/ns/1.0"><forename type="first">Dan</forename><surname>Jurafsky</surname></persName>
		</author>
	</analytic>
	<monogr>
		<title level="m">Proceedings of Empirical Methods for Natural Language Processing (EMNLP)</title>
		<meeting>Empirical Methods for Natural Language Processing (EMNLP)</meeting>
		<imprint>
			<date type="published" when="2016" />
			<biblScope unit="page" from="595" to="605" />
		</imprint>
	</monogr>
</biblStruct>

<biblStruct >
	<analytic>
		<title level="a" type="main">Predicting the semantic orientation of adjectives</title>
		<author>
			<persName xmlns="http://www.tei-c.org/ns/1.0"><forename type="first">Vasileios</forename><surname>Hatzivassiloglou</surname></persName>
		</author>
		<author>
			<persName xmlns="http://www.tei-c.org/ns/1.0"><forename type="first">Kathleen</forename><forename type="middle">R</forename><surname>Mckeown</surname></persName>
		</author>
	</analytic>
	<monogr>
		<title level="m">Proceedings of the Association for Computational Linguistics (ACL)</title>
		<meeting>the Association for Computational Linguistics (ACL)<address><addrLine>Madrid, Spain</addrLine></address></meeting>
		<imprint>
			<date type="published" when="1997" />
			<biblScope unit="page" from="174" to="181" />
		</imprint>
	</monogr>
</biblStruct>

<biblStruct >
	<analytic>
		<title level="a" type="main">Science, askscience, and badscience: On the coexistence of highly related communities</title>
		<author>
			<persName xmlns="http://www.tei-c.org/ns/1.0"><forename type="first">Jack</forename><surname>Hessel</surname></persName>
		</author>
		<author>
			<persName xmlns="http://www.tei-c.org/ns/1.0"><forename type="first">Chenhao</forename><surname>Tan</surname></persName>
		</author>
		<author>
			<persName xmlns="http://www.tei-c.org/ns/1.0"><forename type="first">Lillian</forename><surname>Lee</surname></persName>
		</author>
	</analytic>
	<monogr>
		<title level="m">Proceedings of the International Conference on Web and Social Media (ICWSM)</title>
		<meeting>the International Conference on Web and Social Media (ICWSM)<address><addrLine>Menlo Park, California</addrLine></address></meeting>
		<imprint>
			<publisher>AAAI Publications</publisher>
			<date type="published" when="2014" />
			<biblScope unit="page" from="171" to="180" />
		</imprint>
	</monogr>
</biblStruct>

<biblStruct >
	<monogr>
		<title level="m" type="main">Stance: Sociolinguistic Perspectives</title>
		<author>
			<persName xmlns="http://www.tei-c.org/ns/1.0"><forename type="first">Alexandra</forename><forename type="middle">Jaffe</forename></persName>
		</author>
		<imprint>
			<date type="published" when="2009" />
			<publisher>Oxford University Press</publisher>
		</imprint>
	</monogr>
</biblStruct>

<biblStruct >
	<analytic>
		<title level="a" type="main">Lexical, prosodic, and syntactic cues for dialog acts</title>
		<author>
			<persName xmlns="http://www.tei-c.org/ns/1.0"><forename type="first">Daniel</forename><surname>Jurafsky</surname></persName>
		</author>
		<author>
			<persName xmlns="http://www.tei-c.org/ns/1.0"><forename type="first">Elizabeth</forename><surname>Shriberg</surname></persName>
		</author>
		<author>
			<persName xmlns="http://www.tei-c.org/ns/1.0"><forename type="first">Barbara</forename><surname>Fox</surname></persName>
		</author>
		<author>
			<persName xmlns="http://www.tei-c.org/ns/1.0"><forename type="first">Traci</forename><surname>Curl</surname></persName>
		</author>
	</analytic>
	<monogr>
		<title level="m">Proceedings of ACL/COLING-98 Workshop on Discourse Relations and Discourse Markers</title>
		<meeting>ACL/COLING-98 Workshop on Discourse Relations and Discourse Markers</meeting>
		<imprint>
			<date type="published" when="1998" />
			<biblScope unit="page" from="114" to="120" />
		</imprint>
	</monogr>
</biblStruct>

<biblStruct >
	<analytic>
		<title level="a" type="main">Stance taking in conversation: From subjectivity to intersubjectivity. Text &amp; Talk-An Interdisciplinary Journal of Language</title>
		<author>
			<persName xmlns="http://www.tei-c.org/ns/1.0"><forename type="first">Elise</forename><surname>Kärkkäinen</surname></persName>
		</author>
	</analytic>
	<monogr>
		<title level="j">Discourse Communication Studies</title>
		<imprint>
			<biblScope unit="volume">26</biblScope>
			<biblScope unit="issue">6</biblScope>
			<biblScope unit="page" from="699" to="731" />
			<date type="published" when="2006" />
		</imprint>
	</monogr>
</biblStruct>

<biblStruct >
	<analytic>
		<title level="a" type="main">Stancetaking as an interactional activity: Challenging the prior speaker</title>
		<author>
			<persName xmlns="http://www.tei-c.org/ns/1.0"><surname>Tiina Keisanen</surname></persName>
		</author>
	</analytic>
	<monogr>
		<title level="m">Stancetaking in discourse: Subjectivity, evaluation, interaction pages</title>
		<imprint>
			<date type="published" when="2007" />
			<biblScope unit="page" from="253" to="81" />
		</imprint>
	</monogr>
</biblStruct>

<biblStruct >
	<monogr>
				<author>
			<persName xmlns="http://www.tei-c.org/ns/1.0"><forename type="first">Kiesling</forename><surname>Scott Fabius</surname></persName>
		</author>
		<title level="m">Style as stance. Stance: sociolinguistic perspectives pages</title>
		<imprint>
			<date type="published" when="2009" />
			<biblScope unit="page" from="171" to="194" />
		</imprint>
	</monogr>
</biblStruct>

<biblStruct >
	<monogr>
		<title level="m" type="main">Computing krippendorff&apos;s alpha reliability. Departmental papers (ASC)</title>
		<author>
			<persName xmlns="http://www.tei-c.org/ns/1.0"><forename type="first">Klaus</forename><surname>Krippendorff</surname></persName>
		</author>
		<imprint>
			<date type="published" when="2007" />
		</imprint>
	</monogr>
</biblStruct>

<biblStruct >
	<analytic>
		<title level="a" type="main">Introduction to latent semantic analysis</title>
		<author>
			<persName xmlns="http://www.tei-c.org/ns/1.0"><forename type="first">Thomas</forename><surname>Landauer</surname></persName>
		</author>
		<author>
			<persName xmlns="http://www.tei-c.org/ns/1.0"><forename type="first">Peter</forename><forename type="middle">W</forename><surname>Foltz</surname></persName>
		</author>
		<author>
			<persName xmlns="http://www.tei-c.org/ns/1.0"><forename type="first">Darrel</forename><surname>Laham</surname></persName>
		</author>
	</analytic>
	<monogr>
		<title level="j">Discource Processes</title>
		<imprint>
			<biblScope unit="volume">25</biblScope>
			<biblScope unit="page" from="259" to="284" />
			<date type="published" when="1998" />
		</imprint>
	</monogr>
</biblStruct>

<biblStruct >
	<analytic>
		<title level="a" type="main">Two/too simple adaptations of word2vec for syntax problems</title>
		<author>
			<persName xmlns="http://www.tei-c.org/ns/1.0"><forename type="first">Wang</forename><surname>Ling</surname></persName>
		</author>
		<author>
			<persName xmlns="http://www.tei-c.org/ns/1.0"><forename type="first">Chris</forename><surname>Dyer</surname></persName>
		</author>
		<author>
			<persName xmlns="http://www.tei-c.org/ns/1.0"><forename type="first">Alan</forename><forename type="middle">W</forename><surname>Black</surname></persName>
		</author>
		<author>
			<persName xmlns="http://www.tei-c.org/ns/1.0"><forename type="first">Isabel</forename><surname>Trancoso</surname></persName>
		</author>
	</analytic>
	<monogr>
		<title level="m">Proceedings of the North American Chapter of the Association for Computational Linguistics (NAACL)</title>
		<meeting>the North American Chapter of the Association for Computational Linguistics (NAACL)<address><addrLine>Denver, CO</addrLine></address></meeting>
		<imprint>
			<date type="published" when="2015" />
			<biblScope unit="page" from="1299" to="1304" />
		</imprint>
	</monogr>
</biblStruct>

<biblStruct >
	<analytic>
		<title level="a" type="main">Distributed representations of words and phrases and their compositionality</title>
		<author>
			<persName xmlns="http://www.tei-c.org/ns/1.0"><forename type="first">Tomas</forename><surname>Mikolov</surname></persName>
		</author>
		<author>
			<persName xmlns="http://www.tei-c.org/ns/1.0"><forename type="first">Ilya</forename><surname>Sutskever</surname></persName>
		</author>
		<author>
			<persName xmlns="http://www.tei-c.org/ns/1.0"><forename type="first">Kai</forename><surname>Chen</surname></persName>
		</author>
		<author>
			<persName xmlns="http://www.tei-c.org/ns/1.0"><forename type="first">Greg</forename><forename type="middle">S</forename><surname>Corrado</surname></persName>
		</author>
		<author>
			<persName xmlns="http://www.tei-c.org/ns/1.0"><forename type="first">Jeff</forename><surname>Dean</surname></persName>
		</author>
	</analytic>
	<monogr>
		<title level="m">Advances in Neural Information Processing Systems</title>
		<imprint>
			<date type="published" when="2013" />
			<biblScope unit="page" from="3111" to="3119" />
		</imprint>
	</monogr>
</biblStruct>

<biblStruct >
	<analytic>
		<title level="a" type="main">Learning effective and interpretable semantic models using non-negative sparse embedding</title>
		<author>
			<persName xmlns="http://www.tei-c.org/ns/1.0"><forename type="first">Brian</forename><surname>Murphy</surname></persName>
		</author>
		<author>
			<persName xmlns="http://www.tei-c.org/ns/1.0"><forename type="first">Partha</forename><forename type="middle">Pratim</forename><surname>Talukdar</surname></persName>
		</author>
		<author>
			<persName xmlns="http://www.tei-c.org/ns/1.0"><forename type="first">Tom</forename><surname>Mitchell</surname></persName>
		</author>
	</analytic>
	<monogr>
		<title level="m">Proceedings of the International Conference on Computational Linguistics (COLING)</title>
		<meeting>the International Conference on Computational Linguistics (COLING)</meeting>
		<imprint>
			<date type="published" when="2012" />
		</imprint>
	</monogr>
</biblStruct>

<biblStruct >
	<monogr>
		<title/>
		<author>
			<persName xmlns="http://www.tei-c.org/ns/1.0"><forename type="first">India</forename><surname>Mumbai</surname></persName>
		</author>
		<imprint>
			<biblScope unit="page" from="1933" to="1949" />
		</imprint>
	</monogr>
</biblStruct>

<biblStruct >
	<analytic>
		<title level="a" type="main">Computational sociolinguistics: A survey</title>
		<author>
			<persName xmlns="http://www.tei-c.org/ns/1.0"><forename type="first">Dong</forename><surname>Nguyen</surname></persName>
		</author>
		<author>
			<persName xmlns="http://www.tei-c.org/ns/1.0"><forename type="first">Carolyn</forename><forename type="middle">P</forename><surname>Seza Do˘ Gruöz</surname></persName>
		</author>
		<author>
			<persName xmlns="http://www.tei-c.org/ns/1.0"><forename type="first">Franciska</forename><surname>Rosé</surname></persName>
		</author>
		<author>
			<persName xmlns="http://www.tei-c.org/ns/1.0"><forename type="first">Jong</forename><surname>De</surname></persName>
		</author>
	</analytic>
	<monogr>
		<title level="j">Computational Linguistics</title>
		<imprint>
			<biblScope unit="volume">42</biblScope>
			<biblScope unit="issue">3</biblScope>
			<biblScope unit="page" from="537" to="593" />
			<date type="published" when="2016" />
		</imprint>
	</monogr>
</biblStruct>

<biblStruct >
	<analytic>
		<title level="a" type="main">How Old Do You Think I Am?&quot; A Study of Language and Age in Twitter</title>
		<author>
			<persName xmlns="http://www.tei-c.org/ns/1.0"><forename type="first">Dong</forename><surname>Nguyen</surname></persName>
		</author>
		<author>
			<persName xmlns="http://www.tei-c.org/ns/1.0"><forename type="first">Rilana</forename><surname>Gravel</surname></persName>
		</author>
		<author>
			<persName xmlns="http://www.tei-c.org/ns/1.0"><forename type="first">Dolf</forename><surname>Trieschnigg</surname></persName>
		</author>
		<author>
			<persName xmlns="http://www.tei-c.org/ns/1.0"><forename type="first">Theo</forename><surname>Meder</surname></persName>
		</author>
	</analytic>
	<monogr>
		<title level="m">Proceedings of the International Conference on Web and Social Media (ICWSM)</title>
		<meeting>the International Conference on Web and Social Media (ICWSM)</meeting>
		<imprint>
			<date type="published" when="2013" />
			<biblScope unit="page" from="439" to="448" />
		</imprint>
	</monogr>
</biblStruct>

<biblStruct >
	<analytic>
		<title level="a" type="main">Cooccurrence vectors from corpora vs. distance vectors from dictionaries</title>
		<author>
			<persName xmlns="http://www.tei-c.org/ns/1.0"><forename type="first">Yoshiki</forename><surname>Niwa</surname></persName>
		</author>
		<author>
			<persName xmlns="http://www.tei-c.org/ns/1.0"><forename type="first">Yoshihiko</forename><surname>Nitta</surname></persName>
		</author>
	</analytic>
	<monogr>
		<title level="m">Proceedings of the International Conference on Computational Linguistics (COLING)</title>
		<meeting>the International Conference on Computational Linguistics (COLING)<address><addrLine>Kyoto, Japan</addrLine></address></meeting>
		<imprint>
			<date type="published" when="1994" />
			<biblScope unit="page" from="304" to="309" />
		</imprint>
	</monogr>
</biblStruct>

<biblStruct >
	<monogr>
		<title level="m" type="main">Constructing social identity: A language socialization perspective</title>
		<author>
			<persName xmlns="http://www.tei-c.org/ns/1.0"><forename type="first">Elinor</forename><surname>Ochs</surname></persName>
		</author>
		<imprint>
			<date type="published" when="1993" />
			<biblScope unit="volume">26</biblScope>
			<biblScope unit="page" from="287" to="306" />
		</imprint>
	</monogr>
</biblStruct>

<biblStruct >
	<analytic>
		<title level="a" type="main">An empirical analysis of formality in online communication</title>
		<author>
			<persName xmlns="http://www.tei-c.org/ns/1.0"><forename type="first">Ellie</forename><surname>Pavlick</surname></persName>
		</author>
		<author>
			<persName xmlns="http://www.tei-c.org/ns/1.0"><forename type="first">Joel</forename><surname>Tetreault</surname></persName>
		</author>
	</analytic>
	<monogr>
		<title level="j">Transactions of the Association for Computational Linguistics (TACL)</title>
		<imprint>
			<biblScope unit="volume">4</biblScope>
			<biblScope unit="page" from="61" to="74" />
			<date type="published" when="2016" />
		</imprint>
	</monogr>
</biblStruct>

<biblStruct >
	<monogr>
		<title level="m" type="main">The development and psychometric properties of LIWC2015</title>
		<author>
			<persName xmlns="http://www.tei-c.org/ns/1.0"><forename type="first">Ryan</forename><forename type="middle">L</forename><surname>James W Pennebaker</surname></persName>
		</author>
		<author>
			<persName xmlns="http://www.tei-c.org/ns/1.0"><forename type="first">Kayla</forename><surname>Boyd</surname></persName>
		</author>
		<author>
			<persName xmlns="http://www.tei-c.org/ns/1.0"><forename type="first">Kate</forename><surname>Jordan</surname></persName>
		</author>
		<author>
			<persName xmlns="http://www.tei-c.org/ns/1.0"><surname>Blackburn</surname></persName>
		</author>
		<imprint>
			<date type="published" when="2015" />
		</imprint>
	</monogr>
<note type="report_type">Technical report</note>
</biblStruct>

<biblStruct >
	<analytic>
		<title level="a" type="main">Predicting overt display of power in written dialogs</title>
		<author>
			<persName xmlns="http://www.tei-c.org/ns/1.0"><forename type="first">Owen</forename><surname>Vinodkumar Prabhakaran</surname></persName>
		</author>
		<author>
			<persName xmlns="http://www.tei-c.org/ns/1.0"><forename type="first">Mona</forename><surname>Rambow</surname></persName>
		</author>
		<author>
			<persName xmlns="http://www.tei-c.org/ns/1.0"><surname>Diab</surname></persName>
		</author>
	</analytic>
	<monogr>
		<title level="m">Proceedings of the North American Chapter of the Association for Computational Linguistics (NAACL)</title>
		<meeting>the North American Chapter of the Association for Computational Linguistics (NAACL)</meeting>
		<imprint>
			<date type="published" when="2012" />
			<biblScope unit="page" from="518" to="522" />
		</imprint>
	</monogr>
</biblStruct>

<biblStruct >
	<analytic>
		<title level="a" type="main">Stance moods in spoken english: Evidentiality and affect in british and american conversation</title>
		<author>
			<persName xmlns="http://www.tei-c.org/ns/1.0"><forename type="first">Kristen</forename><surname>Precht</surname></persName>
		</author>
	</analytic>
	<monogr>
		<title level="j">Text-Interdisciplinary Journal for the Study of Discourse</title>
		<imprint>
			<biblScope unit="volume">23</biblScope>
			<biblScope unit="issue">2</biblScope>
			<biblScope unit="page" from="239" to="258" />
			<date type="published" when="2003" />
		</imprint>
	</monogr>
</biblStruct>

<biblStruct >
	<analytic>
		<title level="a" type="main">How to analyze political attention with minimal assumptions and costs</title>
		<author>
			<persName xmlns="http://www.tei-c.org/ns/1.0"><surname>Kevin M Quinn</surname></persName>
		</author>
		<author>
			<persName xmlns="http://www.tei-c.org/ns/1.0"><forename type="first">L</forename><surname>Burt</surname></persName>
		</author>
		<author>
			<persName xmlns="http://www.tei-c.org/ns/1.0"><forename type="first">Michael</forename><surname>Monroe</surname></persName>
		</author>
		<author>
			<persName xmlns="http://www.tei-c.org/ns/1.0"><surname>Colaresi</surname></persName>
		</author>
		<author>
			<persName xmlns="http://www.tei-c.org/ns/1.0"><forename type="first">Dragomir</forename><surname>Michael H Crespin</surname></persName>
		</author>
		<author>
			<persName xmlns="http://www.tei-c.org/ns/1.0"><surname>Radev</surname></persName>
		</author>
	</analytic>
	<monogr>
		<title level="j">American Journal of Political Science</title>
		<imprint>
			<biblScope unit="volume">54</biblScope>
			<biblScope unit="issue">1</biblScope>
			<biblScope unit="page" from="209" to="228" />
			<date type="published" when="2010" />
		</imprint>
	</monogr>
</biblStruct>

<biblStruct >
	<analytic>
		<title level="a" type="main">Learning extraction patterns for subjective expressions</title>
		<author>
			<persName xmlns="http://www.tei-c.org/ns/1.0"><forename type="first">Ellen</forename><surname>Riloff</surname></persName>
		</author>
		<author>
			<persName xmlns="http://www.tei-c.org/ns/1.0"><forename type="first">Janyce</forename><surname>Wiebe</surname></persName>
		</author>
	</analytic>
	<monogr>
		<title level="m">Proceedings of Empirical Methods for Natural Language Processing (EMNLP)</title>
		<meeting>Empirical Methods for Natural Language Processing (EMNLP)</meeting>
		<imprint>
			<date type="published" when="2003" />
			<biblScope unit="page" from="105" to="112" />
		</imprint>
	</monogr>
</biblStruct>

<biblStruct >
	<analytic>
		<title level="a" type="main">Measuring ideological proportions in political speeches</title>
		<author>
			<persName xmlns="http://www.tei-c.org/ns/1.0"><forename type="first">Yanchuan</forename><surname>Sim</surname></persName>
		</author>
		<author>
			<persName xmlns="http://www.tei-c.org/ns/1.0"><forename type="first">Brice</forename><surname>Acree</surname></persName>
		</author>
		<author>
			<persName xmlns="http://www.tei-c.org/ns/1.0"><forename type="first">Justin</forename><forename type="middle">H</forename><surname>Gross</surname></persName>
		</author>
		<author>
			<persName xmlns="http://www.tei-c.org/ns/1.0"><forename type="first">Noah A</forename><surname>Smith</surname></persName>
		</author>
	</analytic>
	<monogr>
		<title level="m">Proceedings of Empirical Methods for Natural Language Processing (EMNLP)</title>
		<meeting>Empirical Methods for Natural Language Processing (EMNLP)</meeting>
		<imprint>
			<date type="published" when="2013" />
		</imprint>
	</monogr>
</biblStruct>

<biblStruct >
	<monogr>
		<title level="m" type="main">The General Inquirer: A Computer Approach to Content Analysis</title>
		<author>
			<persName xmlns="http://www.tei-c.org/ns/1.0"><forename type="first">Philip</forename><forename type="middle">J</forename><surname>Stone</surname></persName>
		</author>
		<imprint>
			<date type="published" when="1966" />
			<publisher>The MIT Press</publisher>
		</imprint>
	</monogr>
</biblStruct>

<biblStruct >
	<analytic>
		<title level="a" type="main">All who wander: On the prevalence and characteristics of multicommunity engagement</title>
		<author>
			<persName xmlns="http://www.tei-c.org/ns/1.0"><forename type="first">Chenhao</forename><surname>Tan</surname></persName>
		</author>
		<author>
			<persName xmlns="http://www.tei-c.org/ns/1.0"><forename type="first">Lillian</forename><surname>Lee</surname></persName>
		</author>
	</analytic>
	<monogr>
		<title level="m">Proceedings of the Conference on World-Wide Web (WWW)</title>
		<meeting>the Conference on World-Wide Web (WWW)</meeting>
		<imprint>
			<date type="published" when="2015" />
			<biblScope unit="page" from="1056" to="1066" />
		</imprint>
	</monogr>
</biblStruct>

<biblStruct >
	<analytic>
		<title level="a" type="main">The psychological meaning of words: LIWC and computerized text analysis methods</title>
		<author>
			<persName xmlns="http://www.tei-c.org/ns/1.0"><forename type="first">R</forename><surname>Yla</surname></persName>
		</author>
		<author>
			<persName xmlns="http://www.tei-c.org/ns/1.0"><forename type="first">James</forename><forename type="middle">W</forename><surname>Tausczik</surname></persName>
		</author>
		<author>
			<persName xmlns="http://www.tei-c.org/ns/1.0"><surname>Pennebaker</surname></persName>
		</author>
	</analytic>
	<monogr>
		<title level="j">Journal of Language and Social Psychology</title>
		<imprint>
			<biblScope unit="volume">29</biblScope>
			<biblScope unit="issue">1</biblScope>
			<biblScope unit="page" from="24" to="54" />
			<date type="published" when="2010" />
		</imprint>
	</monogr>
</biblStruct>

<biblStruct >
	<analytic>
		<title level="a" type="main">Characterizing the language of online communities and its relation to community reception</title>
		<author>
			<persName xmlns="http://www.tei-c.org/ns/1.0"><forename type="first">Trang</forename><surname>Tran</surname></persName>
		</author>
		<author>
			<persName xmlns="http://www.tei-c.org/ns/1.0"><forename type="first">Mari</forename><surname>Ostendorf</surname></persName>
		</author>
	</analytic>
	<monogr>
		<title level="m">Proceedings of</title>
		<meeting>null</meeting>
		<imprint>
			<date type="published" when="2016" />
		</imprint>
	</monogr>
</biblStruct>

<biblStruct >
	<monogr>
				<title level="m">Empirical Methods for Natural Language Processing (EMNLP)</title>
		<imprint/>
	</monogr>
</biblStruct>

<biblStruct >
	<analytic>
		<title level="a" type="main">Stance classification using dialogic properties of persuasion</title>
		<author>
			<persName xmlns="http://www.tei-c.org/ns/1.0"><forename type="first">A</forename><surname>Marilyn</surname></persName>
		</author>
		<author>
			<persName xmlns="http://www.tei-c.org/ns/1.0"><forename type="first">Pranav</forename><surname>Walker</surname></persName>
		</author>
		<author>
			<persName xmlns="http://www.tei-c.org/ns/1.0"><forename type="first">Robert</forename><surname>Anand</surname></persName>
		</author>
		<author>
			<persName xmlns="http://www.tei-c.org/ns/1.0"><forename type="first">Ricky</forename><surname>Abbott</surname></persName>
		</author>
		<author>
			<persName xmlns="http://www.tei-c.org/ns/1.0"><surname>Grant</surname></persName>
		</author>
	</analytic>
	<monogr>
		<title level="m">Proceedings of the North American Chapter of the Association for Computational Linguistics (NAACL)</title>
		<meeting>the North American Chapter of the Association for Computational Linguistics (NAACL)</meeting>
		<imprint>
			<date type="published" when="2012" />
			<biblScope unit="page" from="592" to="596" />
		</imprint>
	</monogr>
</biblStruct>

<biblStruct >
	<monogr>
		<title level="m" type="main">Basic content analysis. 49. Sage</title>
		<author>
			<persName xmlns="http://www.tei-c.org/ns/1.0"><forename type="first">Robert Philip</forename><surname>Weber</surname></persName>
		</author>
		<imprint>
			<date type="published" when="1990" />
		</imprint>
	</monogr>
</biblStruct>

<biblStruct >
	<analytic>
		<title level="a" type="main">Beyond modality and hedging: A dialogic view of the language of intersubjective stance</title>
		<author>
			<persName xmlns="http://www.tei-c.org/ns/1.0"><surname>Peter Rr White</surname></persName>
		</author>
	</analytic>
	<monogr>
		<title level="j">Text-Interdisciplinary Journal for the Study of Discourse</title>
		<imprint>
			<biblScope unit="volume">23</biblScope>
			<biblScope unit="issue">2</biblScope>
			<biblScope unit="page" from="259" to="284" />
			<date type="published" when="2003" />
		</imprint>
	</monogr>
</biblStruct>

<biblStruct >
	<monogr>
		<title level="m" type="main">Annotating expressions of opinions and emotions in language. Language resources and evaluation</title>
		<author>
			<persName xmlns="http://www.tei-c.org/ns/1.0"><forename type="first">Janyce</forename><surname>Wiebe</surname></persName>
		</author>
		<author>
			<persName xmlns="http://www.tei-c.org/ns/1.0"><forename type="first">Theresa</forename><surname>Wilson</surname></persName>
		</author>
		<author>
			<persName xmlns="http://www.tei-c.org/ns/1.0"><forename type="first">Claire</forename><surname>Cardie</surname></persName>
		</author>
		<imprint>
			<date type="published" when="2005" />
			<biblScope unit="volume">39</biblScope>
			<biblScope unit="page" from="165" to="210" />
		</imprint>
	</monogr>
</biblStruct>

			</listBibl>
		</back>
	</text>
</TEI>
