<?xml version="1.0" ?>
<TEI xmlns="http://www.tei-c.org/ns/1.0" xmlns:xlink="http://www.w3.org/1999/xlink" 
 xmlns:mml="http://www.w3.org/1998/Math/MathML">
	<teiHeader>
		<fileDesc xml:id="f_1182"/>
	</teiHeader>
	<text>
		<front/>
		<body/>
		<back>
			<listBibl>
<biblStruct >
	<analytic>
		<title level="a" type="main">Abstract Meaning Representation for Sembanking</title>
		<author>
			<persName xmlns="http://www.tei-c.org/ns/1.0"><forename type="first">Laura</forename><surname>Banarescu</surname></persName>
		</author>
		<author>
			<persName xmlns="http://www.tei-c.org/ns/1.0"><forename type="first">Claire</forename><surname>Bonial</surname></persName>
		</author>
		<author>
			<persName xmlns="http://www.tei-c.org/ns/1.0"><forename type="first">Shu</forename><surname>Cai</surname></persName>
		</author>
		<author>
			<persName xmlns="http://www.tei-c.org/ns/1.0"><forename type="first">Madalina</forename><surname>Georgescu</surname></persName>
		</author>
		<author>
			<persName xmlns="http://www.tei-c.org/ns/1.0"><forename type="first">Kira</forename><surname>Griffitt</surname></persName>
		</author>
		<author>
			<persName xmlns="http://www.tei-c.org/ns/1.0"><forename type="first">Ulf</forename><surname>Hermjakob</surname></persName>
		</author>
		<author>
			<persName xmlns="http://www.tei-c.org/ns/1.0"><forename type="first">Kevin</forename><surname>Knight</surname></persName>
		</author>
		<author>
			<persName xmlns="http://www.tei-c.org/ns/1.0"><forename type="first">Philipp</forename><surname>Koehn</surname></persName>
		</author>
		<author>
			<persName xmlns="http://www.tei-c.org/ns/1.0"><forename type="first">Martha</forename><surname>Palmer</surname></persName>
		</author>
		<author>
			<persName xmlns="http://www.tei-c.org/ns/1.0"><forename type="first">Nathan</forename><surname>Schneider</surname></persName>
		</author>
	</analytic>
	<monogr>
		<title level="m">Proceedings of the 7th Linguistic Annotation Workshop and Interoperability with Discourse</title>
		<meeting>the 7th Linguistic Annotation Workshop and Interoperability with Discourse<address><addrLine>Sofia, Bulgaria</addrLine></address></meeting>
		<imprint>
			<publisher>Association for Computational Linguistics</publisher>
			<date type="published" when="2013" />
			<biblScope unit="page" from="178" to="186" />
		</imprint>
	</monogr>
</biblStruct>

<biblStruct >
	<analytic>
		<title level="a" type="main">Open soucre graph transducer interpreter and grammar development environment</title>
		<author>
			<persName xmlns="http://www.tei-c.org/ns/1.0"><forename type="first">Bernd</forename><surname>Bohnet</surname></persName>
		</author>
		<author>
			<persName xmlns="http://www.tei-c.org/ns/1.0"><forename type="first">Leo</forename><surname>Wanner</surname></persName>
		</author>
	</analytic>
	<monogr>
		<title level="m">LREC</title>
		<imprint>
			<date type="published" when="2010" />
		</imprint>
	</monogr>
</biblStruct>

<biblStruct >
	<monogr>
		<title level="m" type="main">Type-Logical Semantics. Bradford books</title>
		<author>
			<persName xmlns="http://www.tei-c.org/ns/1.0"><forename type="first">B</forename><surname>Carpenter</surname></persName>
		</author>
		<imprint>
			<date type="published" when="1997" />
			<publisher>MIT Press</publisher>
		</imprint>
	</monogr>
</biblStruct>

<biblStruct >
	<monogr>
		<title level="m" type="main">Weighted DAG automata for semantic graphs. Computational Linguistics</title>
		<author>
			<persName xmlns="http://www.tei-c.org/ns/1.0"><forename type="first">David</forename><surname>Chiang</surname></persName>
		</author>
		<author>
			<persName xmlns="http://www.tei-c.org/ns/1.0"><forename type="first">Frank</forename><surname>Drewes</surname></persName>
		</author>
		<author>
			<persName xmlns="http://www.tei-c.org/ns/1.0"><forename type="first">Daniel</forename><surname>Gildea</surname></persName>
		</author>
		<author>
			<persName xmlns="http://www.tei-c.org/ns/1.0"><forename type="first">Adam</forename><surname>Lopez</surname></persName>
		</author>
		<author>
			<persName xmlns="http://www.tei-c.org/ns/1.0"><forename type="first">Giorgio</forename><surname>Satta</surname></persName>
		</author>
		<imprint>
			<date type="published" when="2018" />
		</imprint>
	</monogr>
	<note>To appear</note>
</biblStruct>

<biblStruct >
	<analytic>
		<title level="a" type="main">Three generative, lexicalised models for statistical parsing</title>
		<author>
			<persName xmlns="http://www.tei-c.org/ns/1.0"><forename type="first">Michael</forename><surname>Collins</surname></persName>
		</author>
	</analytic>
	<monogr>
		<title level="m">Proceedings of the 35th Annual Meeting of the Association for Computational Linguistics</title>
		<meeting>the 35th Annual Meeting of the Association for Computational Linguistics<address><addrLine>Madrid, Spain</addrLine></address></meeting>
		<imprint>
			<publisher>Association for Computational Linguistics</publisher>
			<date type="published" when="1997" />
			<biblScope unit="page" from="16" to="23" />
		</imprint>
	</monogr>
</biblStruct>

<biblStruct >
	<analytic>
		<title level="a" type="main">Discriminative training methods for hidden markov models: Theory and experiments with perceptron algorithms</title>
		<author>
			<persName xmlns="http://www.tei-c.org/ns/1.0"><forename type="first">Michael</forename><surname>Collins</surname></persName>
		</author>
	</analytic>
	<monogr>
		<title level="m">Proceedings of the 2002 Conference on Empirical Methods in Natural Language Processing</title>
		<meeting>the 2002 Conference on Empirical Methods in Natural Language Processing</meeting>
		<imprint>
			<publisher>Association for Computational Linguistics</publisher>
			<date type="published" when="2002" />
			<biblScope unit="page" from="1" to="8" />
		</imprint>
	</monogr>
</biblStruct>

<biblStruct >
	<monogr>
		<title level="m" type="main">Tree automata techniques and applications</title>
		<author>
			<persName xmlns="http://www.tei-c.org/ns/1.0"><forename type="first">Hubert</forename><surname>Comon</surname></persName>
		</author>
		<author>
			<persName xmlns="http://www.tei-c.org/ns/1.0"><forename type="first">Max</forename><surname>Dauchet</surname></persName>
		</author>
		<author>
			<persName xmlns="http://www.tei-c.org/ns/1.0"><forename type="first">Florent</forename><surname>Jacquemard</surname></persName>
		</author>
		<author>
			<persName xmlns="http://www.tei-c.org/ns/1.0"><forename type="first">Denis</forename><surname>Lugiez</surname></persName>
		</author>
		<author>
			<persName xmlns="http://www.tei-c.org/ns/1.0"><forename type="first">Sophie</forename><surname>Tison</surname></persName>
		</author>
		<author>
			<persName xmlns="http://www.tei-c.org/ns/1.0"><forename type="first">Marc</forename><surname>Tommasi</surname></persName>
		</author>
		<imprint>
			<date type="published" when="1997" />
		</imprint>
	</monogr>
<note type="report_type">Technical report</note>
</biblStruct>

<biblStruct >
	<analytic>
		<title level="a" type="main">Invited Talk: slacker semantics: Why superficiality, dependency and avoidance of commitment can be the right way to go</title>
		<author>
			<persName xmlns="http://www.tei-c.org/ns/1.0"><forename type="first">Ann</forename><surname>Copestake</surname></persName>
		</author>
	</analytic>
	<monogr>
		<title level="m">Proceedings of the 12th Conference of the European Chapter of the ACL (EACL 2009)</title>
		<meeting>the 12th Conference of the European Chapter of the ACL (EACL 2009)<address><addrLine>Athens, Greece</addrLine></address></meeting>
		<imprint>
			<publisher>Association for Computational Linguistics</publisher>
			<date type="published" when="2009" />
			<biblScope unit="page" from="1" to="9" />
		</imprint>
	</monogr>
</biblStruct>

<biblStruct >
	<analytic>
				<author>
			<persName xmlns="http://www.tei-c.org/ns/1.0"><forename type="first">H</forename><surname>Ehrig</surname></persName>
		</author>
		<author>
			<persName xmlns="http://www.tei-c.org/ns/1.0"><forename type="first">H.-J</forename><surname>Kreowski</surname></persName>
		</author>
		<author>
			<persName xmlns="http://www.tei-c.org/ns/1.0"><forename type="first">U</forename><surname>Montanari</surname></persName>
		</author>
		<author>
			<persName xmlns="http://www.tei-c.org/ns/1.0"><forename type="first">G</forename><surname>Rozenberg</surname></persName>
		</author>
	</analytic>
	<monogr>
		<title level="m">Concurrency, Parallelism, and Distribution</title>
		<meeting><address><addrLine>River Edge, NJ, USA</addrLine></address></meeting>
		<imprint>
			<publisher>World Scientific Publishing Co., Inc</publisher>
			<date type="published" when="1999" />
			<biblScope unit="volume">3</biblScope>
		</imprint>
	</monogr>
</biblStruct>

<biblStruct >
	<analytic>
		<title level="a" type="main">On building a more efficient grammar by exploiting types</title>
		<author>
			<persName xmlns="http://www.tei-c.org/ns/1.0"><forename type="first">Dan</forename><surname>Flickinger</surname></persName>
		</author>
	</analytic>
	<monogr>
		<title level="j">Nat. Lang. Eng</title>
		<imprint>
			<biblScope unit="volume">6</biblScope>
			<biblScope unit="issue">1</biblScope>
			<biblScope unit="page" from="15" to="28" />
			<date type="published" when="2000" />
		</imprint>
	</monogr>
</biblStruct>

<biblStruct >
	<analytic>
		<title level="a" type="main">Wikiwoods: Syntacto-semantic annotation for English wikipedia</title>
		<author>
			<persName xmlns="http://www.tei-c.org/ns/1.0"><forename type="first">Dan</forename><surname>Flickinger</surname></persName>
		</author>
		<author>
			<persName xmlns="http://www.tei-c.org/ns/1.0"><forename type="first">Stephan</forename><surname>Oepen</surname></persName>
		</author>
		<author>
			<persName xmlns="http://www.tei-c.org/ns/1.0"><forename type="first">Gisle</forename><surname>Ytrestl</surname></persName>
		</author>
	</analytic>
	<monogr>
		<title level="m">Proceedings of the Seventh International Conference on Language Resources and Evaluation (LREC&apos;10)</title>
		<meeting>the Seventh International Conference on Language Resources and Evaluation (LREC&apos;10)<address><addrLine>Valletta, Malta</addrLine></address></meeting>
		<imprint>
			<date type="published" when="2010" />
		</imprint>
	</monogr>
	<note>European Language Resources Association (ELRA</note>
</biblStruct>

<biblStruct >
	<analytic>
		<title level="a" type="main">Deepbank: A dynamically annotated treebank of the wall street journal</title>
		<author>
			<persName xmlns="http://www.tei-c.org/ns/1.0"><forename type="first">Daniel</forename><surname>Flickinger</surname></persName>
		</author>
		<author>
			<persName xmlns="http://www.tei-c.org/ns/1.0"><forename type="first">Yi</forename><surname>Zhang</surname></persName>
		</author>
		<author>
			<persName xmlns="http://www.tei-c.org/ns/1.0"><forename type="first">Valia</forename><surname>Kordoni</surname></persName>
		</author>
	</analytic>
	<monogr>
		<title level="m">Proceedings of the Eleventh International Workshop on Treebanks and Linguistic Theories</title>
		<meeting>the Eleventh International Workshop on Treebanks and Linguistic Theories</meeting>
		<imprint>
			<date type="published" when="2012" />
			<biblScope unit="page" from="85" to="96" />
		</imprint>
	</monogr>
</biblStruct>

<biblStruct >
	<analytic>
		<title level="a" type="main">Transductions of dags and trees</title>
		<author>
			<persName xmlns="http://www.tei-c.org/ns/1.0"><forename type="first">Tsutomu</forename><surname>Kamimura</surname></persName>
		</author>
		<author>
			<persName xmlns="http://www.tei-c.org/ns/1.0"><forename type="first">Giora</forename><surname>Slutzki</surname></persName>
		</author>
	</analytic>
	<monogr>
		<title level="j">Mathematical Systems Theory</title>
		<imprint>
			<biblScope unit="volume">15</biblScope>
			<biblScope unit="issue">3</biblScope>
			<biblScope unit="page" from="225" to="249" />
			<date type="published" when="1982" />
		</imprint>
	</monogr>
</biblStruct>

<biblStruct >
	<analytic>
		<title level="a" type="main">Accurate unlexicalized parsing</title>
		<author>
			<persName xmlns="http://www.tei-c.org/ns/1.0"><forename type="first">Dan</forename><surname>Klein</surname></persName>
		</author>
		<author>
			<persName xmlns="http://www.tei-c.org/ns/1.0"><forename type="first">D</forename><surname>Christopher</surname></persName>
		</author>
		<author>
			<persName xmlns="http://www.tei-c.org/ns/1.0"><surname>Manning</surname></persName>
		</author>
	</analytic>
	<monogr>
		<title level="m">Proceedings of the 41st Annual Meeting of the Association for Computational Linguistics</title>
		<meeting>the 41st Annual Meeting of the Association for Computational Linguistics<address><addrLine>Sapporo, Japan</addrLine></address></meeting>
		<imprint>
			<publisher>Association for Computational Linguistics</publisher>
			<date type="published" when="2003" />
			<biblScope unit="page" from="423" to="430" />
		</imprint>
	</monogr>
</biblStruct>

<biblStruct >
	<analytic>
		<title level="a" type="main">Neural amr: Sequence-to-sequence models for parsing and generation</title>
		<author>
			<persName xmlns="http://www.tei-c.org/ns/1.0"><forename type="first">Ioannis</forename><surname>Konstas</surname></persName>
		</author>
		<author>
			<persName xmlns="http://www.tei-c.org/ns/1.0"><forename type="first">Srinivasan</forename><surname>Iyer</surname></persName>
		</author>
		<author>
			<persName xmlns="http://www.tei-c.org/ns/1.0"><forename type="first">Mark</forename><surname>Yatskar</surname></persName>
		</author>
		<author>
			<persName xmlns="http://www.tei-c.org/ns/1.0"><forename type="first">Yejin</forename><surname>Choi</surname></persName>
		</author>
		<author>
			<persName xmlns="http://www.tei-c.org/ns/1.0"><forename type="first">Luke</forename><surname>Zettlemoyer</surname></persName>
		</author>
	</analytic>
	<monogr>
		<title level="m">Proceedings of the 55th Annual Meeting of the Association for Computational Linguistics</title>
		<meeting>the 55th Annual Meeting of the Association for Computational Linguistics</meeting>
		<imprint>
			<publisher>Vancouver</publisher>
			<date type="published" when="2017" />
			<biblScope unit="volume">1</biblScope>
			<biblScope unit="page" from="146" to="157" />
		</imprint>
	</monogr>
</biblStruct>

<biblStruct >
	<monogr>
		<title level="m" type="main">Semantics in generative grammar</title>
		<author>
			<persName xmlns="http://www.tei-c.org/ns/1.0"><forename type="first">Angelika</forename><surname>Kratzer</surname></persName>
		</author>
		<author>
			<persName xmlns="http://www.tei-c.org/ns/1.0"><forename type="first">Irene</forename><surname>Heim</surname></persName>
		</author>
		<imprint>
			<date type="published" when="1998" />
			<publisher>Blackwell Oxford</publisher>
		</imprint>
	</monogr>
</biblStruct>

<biblStruct >
	<analytic>
		<title level="a" type="main">Building a large annotated corpus of English: the penn treebank</title>
		<author>
			<persName xmlns="http://www.tei-c.org/ns/1.0"><forename type="first">Mitchell</forename><forename type="middle">P</forename><surname>Marcus</surname></persName>
		</author>
		<author>
			<persName xmlns="http://www.tei-c.org/ns/1.0"><forename type="first">Mary</forename><forename type="middle">Ann</forename><surname>Marcinkiewicz</surname></persName>
		</author>
		<author>
			<persName xmlns="http://www.tei-c.org/ns/1.0"><forename type="first">Beatrice</forename><surname>Santorini</surname></persName>
		</author>
	</analytic>
	<monogr>
		<title level="j">Computational Linguistics</title>
		<imprint>
			<biblScope unit="volume">19</biblScope>
			<biblScope unit="issue">2</biblScope>
			<biblScope unit="page" from="313" to="330" />
			<date type="published" when="1993" />
		</imprint>
	</monogr>
</biblStruct>

<biblStruct >
	<analytic>
		<title level="a" type="main">Discriminant-based mrs banking</title>
		<author>
			<persName xmlns="http://www.tei-c.org/ns/1.0"><forename type="first">Stephan</forename><surname>Oepen</surname></persName>
		</author>
		<author>
			<persName xmlns="http://www.tei-c.org/ns/1.0"><forename type="first">Jan</forename><forename type="middle">Tore</forename><surname>Lønning</surname></persName>
		</author>
	</analytic>
	<monogr>
		<title level="m">Proceedings of the Fifth International Conference on Language Resources and Evaluation (LREC-2006)</title>
		<meeting>the Fifth International Conference on Language Resources and Evaluation (LREC-2006)<address><addrLine>Genoa, Italy</addrLine></address></meeting>
		<imprint>
			<date type="published" when="2006" />
		</imprint>
	</monogr>
	<note>European Language Resources Association (ELRA</note>
</biblStruct>

<biblStruct >
	<monogr>
		<title/>
		<author>
			<persName xmlns="http://www.tei-c.org/ns/1.0"><surname>Acl Anthology Identifier</surname></persName>
		</author>
		<imprint>
			<biblScope unit="page" from="6" to="1214" />
		</imprint>
	</monogr>
</biblStruct>

<biblStruct >
	<analytic>
		<title level="a" type="main">Towards probabilistic acceptors and transducers for feature structures</title>
		<author>
			<persName xmlns="http://www.tei-c.org/ns/1.0"><forename type="first">Daniel</forename><surname>Quernheim</surname></persName>
		</author>
		<author>
			<persName xmlns="http://www.tei-c.org/ns/1.0"><forename type="first">Kevin</forename><surname>Knight</surname></persName>
		</author>
	</analytic>
	<monogr>
		<title level="m">Proceedings of the Sixth Workshop on Syntax, Semantics and Structure in Statistical Translation, SSST-6 &apos;12</title>
		<meeting>the Sixth Workshop on Syntax, Semantics and Structure in Statistical Translation, SSST-6 &apos;12<address><addrLine>Stroudsburg, PA, USA</addrLine></address></meeting>
		<imprint>
			<publisher>Association for Computational Linguistics</publisher>
			<date type="published" when="2012" />
			<biblScope unit="page" from="76" to="85" />
		</imprint>
	</monogr>
</biblStruct>

<biblStruct >
	<analytic>
		<title level="a" type="main">Amr-to-text generation with synchronous node replacement grammar</title>
		<author>
			<persName xmlns="http://www.tei-c.org/ns/1.0"><forename type="first">Linfeng</forename><surname>Song</surname></persName>
		</author>
		<author>
			<persName xmlns="http://www.tei-c.org/ns/1.0"><forename type="first">Xiaochang</forename><surname>Peng</surname></persName>
		</author>
		<author>
			<persName xmlns="http://www.tei-c.org/ns/1.0"><forename type="first">Yue</forename><surname>Zhang</surname></persName>
		</author>
		<author>
			<persName xmlns="http://www.tei-c.org/ns/1.0"><forename type="first">Zhiguo</forename><surname>Wang</surname></persName>
		</author>
		<author>
			<persName xmlns="http://www.tei-c.org/ns/1.0"><forename type="first">Daniel</forename><surname>Gildea</surname></persName>
		</author>
	</analytic>
	<monogr>
		<title level="m">Proceedings of the 55th Annual Meeting of the Association for Computational Linguistics</title>
		<meeting>the 55th Annual Meeting of the Association for Computational Linguistics<address><addrLine>Vancouver, Canada</addrLine></address></meeting>
		<imprint>
			<publisher>Association for Computational Linguistics</publisher>
			<date type="published" when="2017" />
			<biblScope unit="volume">2</biblScope>
			<biblScope unit="page" from="7" to="13" />
		</imprint>
	</monogr>
	<note>Short Papers)</note>
</biblStruct>

			</listBibl>
		</back>
	</text>
</TEI>
