<?xml version="1.0" ?>
<TEI xmlns="http://www.tei-c.org/ns/1.0" xmlns:xlink="http://www.w3.org/1999/xlink" 
 xmlns:mml="http://www.w3.org/1998/Math/MathML">
	<teiHeader>
		<fileDesc xml:id="f_1265"/>
	</teiHeader>
	<text>
		<front/>
		<body/>
		<back>
			<listBibl>
<biblStruct >
	<analytic>
		<title level="a" type="main">Discriminative learning under covariate shift</title>
		<author>
			<persName xmlns="http://www.tei-c.org/ns/1.0"><forename type="first">Steffen</forename><surname>Bickel</surname></persName>
		</author>
		<author>
			<persName xmlns="http://www.tei-c.org/ns/1.0"><forename type="first">Michael</forename><surname>Brckner</surname></persName>
		</author>
		<author>
			<persName xmlns="http://www.tei-c.org/ns/1.0"><forename type="first">Tobias</forename><surname>Scheffer</surname></persName>
		</author>
	</analytic>
	<monogr>
		<title level="j">Journal of Machine Learning Research</title>
		<imprint>
			<biblScope unit="volume">10</biblScope>
			<biblScope unit="page" from="2137" to="2155" />
			<date type="published" when="2009" />
		</imprint>
	</monogr>
</biblStruct>

<biblStruct >
	<analytic>
		<title level="a" type="main">Biographies, bollywood, boom-boxes and blenders: Domain adaptation for sentiment classification</title>
		<author>
			<persName xmlns="http://www.tei-c.org/ns/1.0"><forename type="first">John</forename><surname>Blitzer</surname></persName>
		</author>
		<author>
			<persName xmlns="http://www.tei-c.org/ns/1.0"><forename type="first">Mark</forename><surname>Dredze</surname></persName>
		</author>
		<author>
			<persName xmlns="http://www.tei-c.org/ns/1.0"><forename type="first">Fernando</forename><surname>Pereira</surname></persName>
		</author>
	</analytic>
	<monogr>
		<title level="m">Association for Computational Linguistics (ACL)</title>
		<imprint>
			<date type="published" when="2007" />
			<biblScope unit="page" from="440" to="447" />
		</imprint>
	</monogr>
</biblStruct>

<biblStruct >
	<analytic>
		<title level="a" type="main">Labeling documents with timestamps: Learning from their time expressions</title>
		<author>
			<persName xmlns="http://www.tei-c.org/ns/1.0"><forename type="first">Nathanael</forename><surname>Chambers</surname></persName>
		</author>
	</analytic>
	<monogr>
		<title level="m">Proceedings of the 50th Annual Meeting of the Association for Computational Linguistics (ACL)</title>
		<meeting>the 50th Annual Meeting of the Association for Computational Linguistics (ACL)</meeting>
		<imprint>
			<date type="published" when="2012" />
			<biblScope unit="page" from="98" to="106" />
		</imprint>
	</monogr>
</biblStruct>

<biblStruct >
	<analytic>
		<title level="a" type="main">Frustratingly easy domain adaptation</title>
		<author>
			<persName xmlns="http://www.tei-c.org/ns/1.0"><forename type="first">Hal</forename><surname>Daumé</surname></persName>
		</author>
		<author>
			<persName xmlns="http://www.tei-c.org/ns/1.0"><forename type="first">Iii</forename></persName>
		</author>
	</analytic>
	<monogr>
		<title level="m">Association for Computational Linguistics (ACL)</title>
		<imprint>
			<date type="published" when="2007" />
		</imprint>
	</monogr>
</biblStruct>

<biblStruct >
	<analytic>
		<title level="a" type="main">Diffusion of lexical change in social media</title>
		<author>
			<persName xmlns="http://www.tei-c.org/ns/1.0"><forename type="first">Jacob</forename><surname>Eisenstein</surname></persName>
		</author>
		<author>
			<persName xmlns="http://www.tei-c.org/ns/1.0"><forename type="first">O&amp;apos;</forename><surname>Brendan</surname></persName>
		</author>
		<author>
			<persName xmlns="http://www.tei-c.org/ns/1.0"><forename type="first">Noah</forename><forename type="middle">A</forename><surname>Connor</surname></persName>
		</author>
		<author>
			<persName xmlns="http://www.tei-c.org/ns/1.0"><forename type="first">Eric</forename><forename type="middle">P</forename><surname>Smith</surname></persName>
		</author>
		<author>
			<persName xmlns="http://www.tei-c.org/ns/1.0"><surname>Xing</surname></persName>
		</author>
	</analytic>
	<monogr>
		<title level="j">PLoS ONE</title>
		<imprint>
			<biblScope unit="page">9</biblScope>
			<date type="published" when="2014" />
		</imprint>
	</monogr>
</biblStruct>

<biblStruct >
	<analytic>
		<title level="a" type="main">Hierarchical Bayesian domain adaptation</title>
		<author>
			<persName xmlns="http://www.tei-c.org/ns/1.0"><forename type="first">Jenny</forename><forename type="middle">R</forename><surname>Finkel</surname></persName>
		</author>
		<author>
			<persName xmlns="http://www.tei-c.org/ns/1.0"><forename type="first">Christopher</forename><forename type="middle">D</forename><surname>Manning</surname></persName>
		</author>
	</analytic>
	<monogr>
		<title level="m">North American Chapter of the Association for Computational Linguistics (ACL)</title>
		<imprint>
			<date type="published" when="2009" />
		</imprint>
	</monogr>
</biblStruct>

<biblStruct >
	<analytic>
		<title level="a" type="main">The social dynamics of language change in online networks</title>
		<author>
			<persName xmlns="http://www.tei-c.org/ns/1.0"><forename type="first">Rahul</forename><surname>Goel</surname></persName>
		</author>
		<author>
			<persName xmlns="http://www.tei-c.org/ns/1.0"><forename type="first">Sandeep</forename><surname>Soni</surname></persName>
		</author>
		<author>
			<persName xmlns="http://www.tei-c.org/ns/1.0"><forename type="first">Naman</forename><surname>Goyal</surname></persName>
		</author>
		<author>
			<persName xmlns="http://www.tei-c.org/ns/1.0"><forename type="first">John</forename><surname>Paparrizos</surname></persName>
		</author>
		<author>
			<persName xmlns="http://www.tei-c.org/ns/1.0"><forename type="first">Hanna</forename><surname>Wallach</surname></persName>
		</author>
		<author>
			<persName xmlns="http://www.tei-c.org/ns/1.0"><forename type="first">Fernando</forename><surname>Diaz</surname></persName>
		</author>
		<author>
			<persName xmlns="http://www.tei-c.org/ns/1.0"><forename type="first">Jacob</forename><surname>Eisenstein</surname></persName>
		</author>
	</analytic>
	<monogr>
		<title level="m">The International Conference on Social Informatics (SocInfo)</title>
		<imprint>
			<date type="published" when="2016" />
		</imprint>
	</monogr>
</biblStruct>

<biblStruct >
	<analytic>
		<title level="a" type="main">Diachronic word embeddings reveal statistical laws of semantic change</title>
		<author>
			<persName xmlns="http://www.tei-c.org/ns/1.0"><forename type="first">William</forename><forename type="middle">L</forename><surname>Hamilton</surname></persName>
		</author>
		<author>
			<persName xmlns="http://www.tei-c.org/ns/1.0"><forename type="first">Jure</forename><surname>Leskovec</surname></persName>
		</author>
		<author>
			<persName xmlns="http://www.tei-c.org/ns/1.0"><forename type="first">Dan</forename><surname>Jurafsky</surname></persName>
		</author>
	</analytic>
	<monogr>
		<title level="m">Association for Computational Linguistics (ACL)</title>
		<imprint>
			<date type="published" when="2016" />
		</imprint>
	</monogr>
</biblStruct>

<biblStruct >
	<analytic>
		<title level="a" type="main">Ups and downs: Modeling the visual evolution of fashion trends with one-class collaborative filtering</title>
		<author>
			<persName xmlns="http://www.tei-c.org/ns/1.0"><forename type="first">Ruining</forename><surname>He</surname></persName>
		</author>
		<author>
			<persName xmlns="http://www.tei-c.org/ns/1.0"><forename type="first">Julian</forename><surname>Mcauley</surname></persName>
		</author>
	</analytic>
	<monogr>
		<title level="m">Proceedings of the 25th International Conference on World Wide Web (WWW)</title>
		<meeting>the 25th International Conference on World Wide Web (WWW)</meeting>
		<imprint>
			<date type="published" when="2016" />
			<biblScope unit="page" from="507" to="517" />
		</imprint>
	</monogr>
	<note>International World Wide Web Conferences Steering Committee</note>
</biblStruct>

<biblStruct >
	<analytic>
		<title level="a" type="main">Examining patterns of influenza vaccination in social media</title>
		<author>
			<persName xmlns="http://www.tei-c.org/ns/1.0"><forename type="first">Xiaolei</forename><surname>Huang</surname></persName>
		</author>
		<author>
			<persName xmlns="http://www.tei-c.org/ns/1.0"><forename type="first">C</forename><surname>Michael</surname></persName>
		</author>
		<author>
			<persName xmlns="http://www.tei-c.org/ns/1.0"><surname>Smith</surname></persName>
		</author>
		<author>
			<persName xmlns="http://www.tei-c.org/ns/1.0"><forename type="first">J</forename><surname>Michael</surname></persName>
		</author>
		<author>
			<persName xmlns="http://www.tei-c.org/ns/1.0"><forename type="first">Dmytro</forename><surname>Paul</surname></persName>
		</author>
		<author>
			<persName xmlns="http://www.tei-c.org/ns/1.0"><surname>Ryzhkov</surname></persName>
		</author>
		<author>
			<persName xmlns="http://www.tei-c.org/ns/1.0"><forename type="first">C</forename><surname>Sandra</surname></persName>
		</author>
		<author>
			<persName xmlns="http://www.tei-c.org/ns/1.0"><forename type="first">David</forename><forename type="middle">A</forename><surname>Quinn</surname></persName>
		</author>
		<author>
			<persName xmlns="http://www.tei-c.org/ns/1.0"><forename type="first">Mark</forename><surname>Broniatowski</surname></persName>
		</author>
		<author>
			<persName xmlns="http://www.tei-c.org/ns/1.0"><surname>Dredze</surname></persName>
		</author>
	</analytic>
	<monogr>
		<title level="m">Proceedings of the AAAI Joint Workshop on Health Intelligence (W3PHIAI)</title>
		<meeting>the AAAI Joint Workshop on Health Intelligence (W3PHIAI)<address><addrLine>San Francisco, CA, USA</addrLine></address></meeting>
		<imprint>
			<date type="published" when="2017" />
			<biblScope unit="page" from="4" to="5" />
		</imprint>
	</monogr>
</biblStruct>

<biblStruct >
	<analytic>
		<title level="a" type="main">What&apos;s in a domain? multidomain learning for multi-attribute data</title>
		<author>
			<persName xmlns="http://www.tei-c.org/ns/1.0"><forename type="first">Mahesh</forename><surname>Joshi</surname></persName>
		</author>
		<author>
			<persName xmlns="http://www.tei-c.org/ns/1.0"><forename type="first">Mark</forename><surname>Dredze</surname></persName>
		</author>
		<author>
			<persName xmlns="http://www.tei-c.org/ns/1.0"><forename type="first">William</forename><forename type="middle">W</forename><surname>Cohen</surname></persName>
		</author>
		<author>
			<persName xmlns="http://www.tei-c.org/ns/1.0"><forename type="first">Carolyn</forename><forename type="middle">P</forename><surname>Rose</surname></persName>
		</author>
	</analytic>
	<monogr>
		<title level="m">North American Chapter of the Association for Computational Linguistics (NAACL</title>
		<imprint>
			<date type="published" when="2013" />
			<biblScope unit="page" from="685" to="690" />
		</imprint>
	</monogr>
	<note>short paper</note>
</biblStruct>

<biblStruct >
	<analytic>
		<title level="a" type="main">Improving temporal language models for determining time of nontimestamped documents</title>
		<author>
			<persName xmlns="http://www.tei-c.org/ns/1.0"><forename type="first">N</forename><surname>Kanhabua</surname></persName>
		</author>
		<author>
			<persName xmlns="http://www.tei-c.org/ns/1.0"><forename type="first">K</forename><surname>Nørvåg</surname></persName>
		</author>
	</analytic>
	<monogr>
		<title level="m">European Conference on Digital Libraries (ECDL)</title>
		<imprint>
			<date type="published" when="2008" />
		</imprint>
	</monogr>
</biblStruct>

<biblStruct >
	<analytic>
		<title level="a" type="main">Dimitrios Gunopulos, Nattiya Kanhabua, and Kjetil Nørvåg</title>
		<author>
			<persName xmlns="http://www.tei-c.org/ns/1.0"><forename type="first">Dimitrios</forename><surname>Kotsakos</surname></persName>
		</author>
		<author>
			<persName xmlns="http://www.tei-c.org/ns/1.0"><forename type="first">Theodoros</forename><surname>Lappas</surname></persName>
		</author>
		<author>
			<persName xmlns="http://www.tei-c.org/ns/1.0"><forename type="first">Dimitrios</forename><surname>Kotzias</surname></persName>
		</author>
	</analytic>
	<monogr>
		<title level="m">Proceedings of the 37th International ACM SIGIR Conference on Research &amp; Development in Information Retrieval (SIGIR)</title>
		<meeting>the 37th International ACM SIGIR Conference on Research &amp; Development in Information Retrieval (SIGIR)</meeting>
		<imprint>
			<date type="published" when="2014" />
			<biblScope unit="page" from="1003" to="1006" />
		</imprint>
	</monogr>
	<note>A burstiness-aware approach for document dating</note>
</biblStruct>

<biblStruct >
	<analytic>
		<title level="a" type="main">Human centered NLP with user-factor adaptation</title>
		<author>
			<persName xmlns="http://www.tei-c.org/ns/1.0"><forename type="first">Veronica</forename><forename type="middle">E</forename><surname>Lynn</surname></persName>
		</author>
		<author>
			<persName xmlns="http://www.tei-c.org/ns/1.0"><forename type="first">Youngseo</forename><surname>Son</surname></persName>
		</author>
		<author>
			<persName xmlns="http://www.tei-c.org/ns/1.0"><forename type="first">Vivek</forename><surname>Kulkarni</surname></persName>
		</author>
		<author>
			<persName xmlns="http://www.tei-c.org/ns/1.0"><forename type="first">Niranjan</forename><surname>Balasubramanian</surname></persName>
		</author>
		<author>
			<persName xmlns="http://www.tei-c.org/ns/1.0"><forename type="first">H</forename><forename type="middle">Andrew</forename><surname>Schwartz</surname></persName>
		</author>
	</analytic>
	<monogr>
		<title level="m">Empirical Methods in Natural Language Processing (EMNLP)</title>
		<imprint>
			<date type="published" when="2017" />
			<biblScope unit="page" from="1146" to="1155" />
		</imprint>
	</monogr>
</biblStruct>

<biblStruct >
	<analytic>
		<title level="a" type="main">Scikit-learn: Machine learning in Python</title>
		<author>
			<persName xmlns="http://www.tei-c.org/ns/1.0"><forename type="first">Fabian</forename><surname>Pedregosa</surname></persName>
		</author>
		<author>
			<persName xmlns="http://www.tei-c.org/ns/1.0"><forename type="first">Gaël</forename><surname>Varoquaux</surname></persName>
		</author>
		<author>
			<persName xmlns="http://www.tei-c.org/ns/1.0"><forename type="first">Alexandre</forename><surname>Gramfort</surname></persName>
		</author>
		<author>
			<persName xmlns="http://www.tei-c.org/ns/1.0"><forename type="first">Vincent</forename><surname>Michel</surname></persName>
		</author>
		<author>
			<persName xmlns="http://www.tei-c.org/ns/1.0"><forename type="first">Bertrand</forename><surname>Thirion</surname></persName>
		</author>
		<author>
			<persName xmlns="http://www.tei-c.org/ns/1.0"><forename type="first">Olivier</forename><surname>Grisel</surname></persName>
		</author>
		<author>
			<persName xmlns="http://www.tei-c.org/ns/1.0"><forename type="first">Mathieu</forename><surname>Blondel</surname></persName>
		</author>
		<author>
			<persName xmlns="http://www.tei-c.org/ns/1.0"><forename type="first">Peter</forename><surname>Prettenhofer</surname></persName>
		</author>
		<author>
			<persName xmlns="http://www.tei-c.org/ns/1.0"><forename type="first">Ron</forename><surname>Weiss</surname></persName>
		</author>
		<author>
			<persName xmlns="http://www.tei-c.org/ns/1.0"><forename type="first">Vincent</forename><surname>Dubourg</surname></persName>
		</author>
	</analytic>
	<monogr>
		<title level="j">The Journal of Machine Learning Research</title>
		<imprint>
			<biblScope unit="volume">12</biblScope>
			<biblScope unit="page" from="2825" to="2830" />
			<date type="published" when="2011" />
		</imprint>
	</monogr>
</biblStruct>

<biblStruct >
	<analytic>
		<title level="a" type="main">Software Framework for Topic Modelling with Large Corpora</title>
		<author>
			<persName xmlns="http://www.tei-c.org/ns/1.0"><forename type="first">Petr</forename><surname>Radimřehůřekradimˇradimřehůřek</surname></persName>
		</author>
		<author>
			<persName xmlns="http://www.tei-c.org/ns/1.0"><surname>Sojka</surname></persName>
		</author>
		<ptr target="http://is.muni.cz/publication/884893/en" />
	</analytic>
	<monogr>
		<title level="m">Proceedings of the LREC 2010 Workshop on New Challenges for NLP Frameworks</title>
		<meeting>the LREC 2010 Workshop on New Challenges for NLP Frameworks</meeting>
		<imprint>
			<publisher>Valletta</publisher>
			<date type="published" when="2010" />
			<biblScope unit="page" from="45" to="50" />
		</imprint>
	</monogr>
</biblStruct>

<biblStruct >
	<analytic>
		<title level="a" type="main">Improving predictive inference under covariate shift by weighting the loglikelihood function</title>
		<author>
			<persName xmlns="http://www.tei-c.org/ns/1.0"><forename type="first">Hidetoshi</forename><surname>Shimodaira</surname></persName>
		</author>
	</analytic>
	<monogr>
		<title level="j">Journal of Statistical Planning and Inference</title>
		<imprint>
			<biblScope unit="volume">90</biblScope>
			<biblScope unit="issue">2</biblScope>
			<biblScope unit="page" from="227" to="244" />
			<date type="published" when="2000" />
		</imprint>
	</monogr>
</biblStruct>

<biblStruct >
	<monogr>
		<title level="m" type="main">Semantics: an introduction to the science of meaning</title>
		<author>
			<persName xmlns="http://www.tei-c.org/ns/1.0"><surname>Stephen Ullmann</surname></persName>
		</author>
		<imprint>
			<date type="published" when="1962" />
			<pubPlace>Basil Blackwell, Oxford</pubPlace>
		</imprint>
	</monogr>
</biblStruct>

<biblStruct >
	<analytic>
		<title level="a" type="main">Exploring demographic language variations to improve multilingual sentiment analysis in social media</title>
		<author>
			<persName xmlns="http://www.tei-c.org/ns/1.0"><forename type="first">Svitlana</forename><surname>Volkova</surname></persName>
		</author>
		<author>
			<persName xmlns="http://www.tei-c.org/ns/1.0"><forename type="first">Theresa</forename><surname>Wilson</surname></persName>
		</author>
		<author>
			<persName xmlns="http://www.tei-c.org/ns/1.0"><forename type="first">David</forename><surname>Yarowsky</surname></persName>
		</author>
	</analytic>
	<monogr>
		<title level="m">Empirical Methods in Natural Language Processing (EMNLP)</title>
		<imprint>
			<date type="published" when="2013" />
			<biblScope unit="page" from="1815" to="1827" />
		</imprint>
	</monogr>
</biblStruct>

<biblStruct >
	<analytic>
		<title level="a" type="main">Understanding semantic change of words over centuries</title>
		<author>
			<persName xmlns="http://www.tei-c.org/ns/1.0"><forename type="first">Tanti</forename><surname>Derry</surname></persName>
		</author>
		<author>
			<persName xmlns="http://www.tei-c.org/ns/1.0"><forename type="first">Reyyan</forename><surname>Wijaya</surname></persName>
		</author>
		<author>
			<persName xmlns="http://www.tei-c.org/ns/1.0"><surname>Yeniterzi</surname></persName>
		</author>
	</analytic>
	<monogr>
		<title level="m">Proceedings of the 2011 International Workshop on DETecting and Exploiting Cultural diversiTy on the Social Web</title>
		<meeting>the 2011 International Workshop on DETecting and Exploiting Cultural diversiTy on the Social Web</meeting>
		<imprint>
			<date type="published" when="2011" />
		</imprint>
	</monogr>
</biblStruct>

<biblStruct >
	<monogr>
		<title level="m" type="main">From Part to Person: Natural Tendencies of Semantic Change and the Search for Cognates</title>
		<author>
			<persName xmlns="http://www.tei-c.org/ns/1.0"><forename type="first">D</forename><forename type="middle">P</forename><surname>Wilkins</surname></persName>
		</author>
		<imprint>
			<date type="published" when="1993" />
		</imprint>
		<respStmt>
			<orgName>Cognitive Anthropology Research Group at the Max Planck Institute for Psycholinguistics</orgName>
		</respStmt>
	</monogr>
</biblStruct>

<biblStruct >
	<analytic>
		<title level="a" type="main">Regularization and variable selection via the elastic net</title>
		<author>
			<persName xmlns="http://www.tei-c.org/ns/1.0"><forename type="first">Hui</forename><surname>Zou</surname></persName>
		</author>
		<author>
			<persName xmlns="http://www.tei-c.org/ns/1.0"><forename type="first">Trevor</forename><surname>Hastie</surname></persName>
		</author>
	</analytic>
	<monogr>
		<title level="j">Journal of the Royal Statistical Society, Series B</title>
		<imprint>
			<biblScope unit="volume">67</biblScope>
			<biblScope unit="page" from="301" to="320" />
			<date type="published" when="2005" />
		</imprint>
	</monogr>
</biblStruct>

			</listBibl>
		</back>
	</text>
</TEI>
