<?xml version="1.0" ?>
<TEI xmlns="http://www.tei-c.org/ns/1.0" xmlns:xlink="http://www.w3.org/1999/xlink" 
 xmlns:mml="http://www.w3.org/1998/Math/MathML">
	<teiHeader>
		<fileDesc xml:id="f_927"/>
	</teiHeader>
	<text>
		<front/>
		<body/>
		<back>
			<listBibl>
<biblStruct >
	<analytic>
		<title level="a" type="main">Broad-coverage ccg semantic parsing with amr</title>
		<author>
			<persName xmlns="http://www.tei-c.org/ns/1.0"><forename type="first">Yoav</forename><surname>Artzi</surname></persName>
		</author>
		<author>
			<persName xmlns="http://www.tei-c.org/ns/1.0"><forename type="first">Kenton</forename><surname>Lee</surname></persName>
		</author>
		<author>
			<persName xmlns="http://www.tei-c.org/ns/1.0"><forename type="first">Luke</forename><surname>Zettlemoyer</surname></persName>
		</author>
		<ptr target="http://aclweb.org/anthology/D15-1198" />
	</analytic>
	<monogr>
		<title level="m">Proceedings of the 2015 Conference on Empirical Methods in Natural Language Processing</title>
		<meeting>the 2015 Conference on Empirical Methods in Natural Language Processing<address><addrLine>Lisbon, Portugal</addrLine></address></meeting>
		<imprint>
			<publisher>Association for Computational Linguistics</publisher>
			<date type="published" when="2015" />
			<biblScope unit="page" from="1699" to="1710" />
		</imprint>
	</monogr>
</biblStruct>

<biblStruct >
	<analytic>
		<title level="a" type="main">Weakly supervised learning of semantic parsers for mapping instructions to actions</title>
		<author>
			<persName xmlns="http://www.tei-c.org/ns/1.0"><forename type="first">Yoav</forename><surname>Artzi</surname></persName>
		</author>
		<author>
			<persName xmlns="http://www.tei-c.org/ns/1.0"><forename type="first">Luke</forename><surname>Zettlemoyer</surname></persName>
		</author>
	</analytic>
	<monogr>
		<title level="j">Transactions of the Association for Computational Linguistics</title>
		<imprint>
			<biblScope unit="volume">1</biblScope>
			<biblScope unit="issue">1</biblScope>
			<biblScope unit="page" from="49" to="62" />
			<date type="published" when="2013" />
		</imprint>
	</monogr>
</biblStruct>

<biblStruct >
	<analytic>
		<title level="a" type="main">Neural machine translation by jointly learning to align and translate</title>
		<author>
			<persName xmlns="http://www.tei-c.org/ns/1.0"><forename type="first">Dzmitry</forename><surname>Bahdanau</surname></persName>
		</author>
		<author>
			<persName xmlns="http://www.tei-c.org/ns/1.0"><forename type="first">Kyunghyun</forename><surname>Cho</surname></persName>
		</author>
		<author>
			<persName xmlns="http://www.tei-c.org/ns/1.0"><forename type="first">Yoshua</forename><surname>Bengio</surname></persName>
		</author>
		<idno type="doi">10.1145/2806416.2806472</idno>
		<ptr target="https://doi.org/10.1145/2806416.2806472" />
	</analytic>
	<monogr>
		<title level="m">Proceedings of the 24th ACM International on Conference on Information and Knowledge Management, CIKM 2015</title>
		<meeting>the 24th ACM International on Conference on Information and Knowledge Management, CIKM 2015<address><addrLine>Melbourne, VIC, Australia</addrLine></address></meeting>
		<imprint>
			<date type="published" when="2014" />
			<biblScope unit="page" from="1431" to="1440" />
		</imprint>
	</monogr>
	<note>More accurate question answering on freebase</note>
</biblStruct>

<biblStruct >
	<analytic>
		<title level="a" type="main">Semantic parsing on Freebase from question-answer pairs</title>
		<author>
			<persName xmlns="http://www.tei-c.org/ns/1.0"><forename type="first">Jonathan</forename><surname>Berant</surname></persName>
		</author>
		<author>
			<persName xmlns="http://www.tei-c.org/ns/1.0"><forename type="first">Andrew</forename><surname>Chou</surname></persName>
		</author>
		<author>
			<persName xmlns="http://www.tei-c.org/ns/1.0"><forename type="first">Roy</forename><surname>Frostig</surname></persName>
		</author>
		<author>
			<persName xmlns="http://www.tei-c.org/ns/1.0"><forename type="first">Percy</forename><surname>Liang</surname></persName>
		</author>
		<ptr target="http://www.aclweb.org/anthology/D13-1160" />
	</analytic>
	<monogr>
		<title level="m">Proceedings of the 2013 Conference on Empirical Methods in Natural Language Processing</title>
		<meeting>the 2013 Conference on Empirical Methods in Natural Language Processing<address><addrLine>Seattle, Washington, USA</addrLine></address></meeting>
		<imprint>
			<publisher>Association for Computational Linguistics</publisher>
			<date type="published" when="2013" />
			<biblScope unit="page" from="1533" to="1544" />
		</imprint>
	</monogr>
</biblStruct>

<biblStruct >
	<analytic>
		<title level="a" type="main">Semantic parsing via paraphrasing</title>
		<author>
			<persName xmlns="http://www.tei-c.org/ns/1.0"><forename type="first">Jonathan</forename><surname>Berant</surname></persName>
		</author>
		<author>
			<persName xmlns="http://www.tei-c.org/ns/1.0"><forename type="first">Percy</forename><surname>Liang</surname></persName>
		</author>
		<ptr target="http://www.aclweb.org/anthology/P14-1133" />
	</analytic>
	<monogr>
		<title level="m">Proceedings of the 52nd Annual Meeting of the Association for Computational Linguistics</title>
		<meeting>the 52nd Annual Meeting of the Association for Computational Linguistics<address><addrLine>Baltimore, Maryland</addrLine></address></meeting>
		<imprint>
			<date type="published" when="2014" />
			<biblScope unit="volume">1</biblScope>
			<biblScope unit="page" from="1415" to="1425" />
		</imprint>
	</monogr>
	<note>Long Papers). Association for Computational Linguistics</note>
</biblStruct>

<biblStruct >
	<analytic>
		<title level="a" type="main">Theano: A cpu and gpu math compiler in python</title>
		<author>
			<persName xmlns="http://www.tei-c.org/ns/1.0"><forename type="first">James</forename><surname>Bergstra</surname></persName>
		</author>
		<author>
			<persName xmlns="http://www.tei-c.org/ns/1.0"><forename type="first">Olivier</forename><surname>Breuleux</surname></persName>
		</author>
		<author>
			<persName xmlns="http://www.tei-c.org/ns/1.0"><forename type="first">Frédéric</forename><surname>Bastien</surname></persName>
		</author>
		<author>
			<persName xmlns="http://www.tei-c.org/ns/1.0"><forename type="first">Pascal</forename><surname>Lamblin</surname></persName>
		</author>
		<author>
			<persName xmlns="http://www.tei-c.org/ns/1.0"><forename type="first">Razvan</forename><surname>Pascanu</surname></persName>
		</author>
		<author>
			<persName xmlns="http://www.tei-c.org/ns/1.0"><forename type="first">Guillaume</forename><surname>Desjardins</surname></persName>
		</author>
		<author>
			<persName xmlns="http://www.tei-c.org/ns/1.0"><forename type="first">Joseph</forename><surname>Turian</surname></persName>
		</author>
		<author>
			<persName xmlns="http://www.tei-c.org/ns/1.0"><forename type="first">David</forename><surname>Warde-Farley</surname></persName>
		</author>
		<author>
			<persName xmlns="http://www.tei-c.org/ns/1.0"><forename type="first">Yoshua</forename><surname>Bengio</surname></persName>
		</author>
	</analytic>
	<monogr>
		<title level="m">Proc. 9th Python in Science Conf</title>
		<meeting>9th Python in Science Conf</meeting>
		<imprint>
			<date type="published" when="2010" />
			<biblScope unit="page" from="1" to="7" />
		</imprint>
	</monogr>
</biblStruct>

<biblStruct >
	<analytic>
		<title level="a" type="main">Large-scale semantic parsing via schema matching and lexicon extension</title>
		<author>
			<persName xmlns="http://www.tei-c.org/ns/1.0"><forename type="first">Qingqing</forename><surname>Cai</surname></persName>
		</author>
		<author>
			<persName xmlns="http://www.tei-c.org/ns/1.0"><forename type="first">Alexander</forename><surname>Yates</surname></persName>
		</author>
		<ptr target="http://www.aclweb.org/anthology/P13-1042" />
	</analytic>
	<monogr>
		<title level="m">Proceedings of the 51st Annual Meeting of the Association for Computational Linguistics</title>
		<meeting>the 51st Annual Meeting of the Association for Computational Linguistics<address><addrLine>Sofia, Bulgaria</addrLine></address></meeting>
		<imprint>
			<date type="published" when="2013" />
			<biblScope unit="volume">1</biblScope>
			<biblScope unit="page" from="423" to="433" />
		</imprint>
	</monogr>
	<note>Long Papers). Association for Computational Linguistics</note>
</biblStruct>

<biblStruct >
	<analytic>
		<title level="a" type="main">Sentence rewriting for semantic parsing</title>
		<author>
			<persName xmlns="http://www.tei-c.org/ns/1.0"><forename type="first">Bo</forename><surname>Chen</surname></persName>
		</author>
		<author>
			<persName xmlns="http://www.tei-c.org/ns/1.0"><forename type="first">Le</forename><surname>Sun</surname></persName>
		</author>
		<author>
			<persName xmlns="http://www.tei-c.org/ns/1.0"><forename type="first">Xianpei</forename><surname>Han</surname></persName>
		</author>
		<author>
			<persName xmlns="http://www.tei-c.org/ns/1.0"><forename type="first">Bo</forename><surname>An</surname></persName>
		</author>
		<ptr target="http://www.aclweb.org/anthology/P16-1073" />
	</analytic>
	<monogr>
		<title level="m">Proceedings of the 54th Annual Meeting of the Association for Computational Linguistics</title>
		<meeting>the 54th Annual Meeting of the Association for Computational Linguistics<address><addrLine>Berlin, Germany</addrLine></address></meeting>
		<imprint>
			<date type="published" when="2016" />
			<biblScope unit="page" from="766" to="777" />
		</imprint>
	</monogr>
	<note>Long Papers). Association for Computational Linguistics</note>
</biblStruct>

<biblStruct >
	<analytic>
		<title level="a" type="main">Learning phrase representations using rnn encoder-decoder for statistical machine translation</title>
		<author>
			<persName xmlns="http://www.tei-c.org/ns/1.0"><forename type="first">Kyunghyun</forename><surname>Cho</surname></persName>
		</author>
		<author>
			<persName xmlns="http://www.tei-c.org/ns/1.0"><forename type="first">Bart</forename><surname>Van Merrienboer</surname></persName>
		</author>
		<author>
			<persName xmlns="http://www.tei-c.org/ns/1.0"><forename type="first">Caglar</forename><surname>Gulcehre</surname></persName>
		</author>
		<author>
			<persName xmlns="http://www.tei-c.org/ns/1.0"><forename type="first">Dzmitry</forename><surname>Bahdanau</surname></persName>
		</author>
		<author>
			<persName xmlns="http://www.tei-c.org/ns/1.0"><forename type="first">Fethi</forename><surname>Bougares</surname></persName>
		</author>
		<author>
			<persName xmlns="http://www.tei-c.org/ns/1.0"><forename type="first">Holger</forename><surname>Schwenk</surname></persName>
		</author>
		<author>
			<persName xmlns="http://www.tei-c.org/ns/1.0"><forename type="first">Yoshua</forename><surname>Bengio</surname></persName>
		</author>
		<ptr target="http://www.aclweb.org/anthology/D14-1179" />
	</analytic>
	<monogr>
		<title level="m">Proceedings of the 2014 Conference on Empirical Methods in Natural Language Processing (EMNLP)</title>
		<meeting>the 2014 Conference on Empirical Methods in Natural Language Processing (EMNLP)<address><addrLine>Doha, Qatar</addrLine></address></meeting>
		<imprint>
			<publisher>Association for Computational Linguistics</publisher>
			<date type="published" when="2014" />
			<biblScope unit="page" from="1724" to="1734" />
		</imprint>
	</monogr>
</biblStruct>

<biblStruct >
	<analytic>
		<title level="a" type="main">Driving semantic parsing from the world&apos;s response</title>
		<author>
			<persName xmlns="http://www.tei-c.org/ns/1.0"><forename type="first">James</forename><surname>Clarke</surname></persName>
		</author>
		<author>
			<persName xmlns="http://www.tei-c.org/ns/1.0"><forename type="first">Dan</forename><surname>Goldwasser</surname></persName>
		</author>
		<author>
			<persName xmlns="http://www.tei-c.org/ns/1.0"><forename type="first">Ming-Wei</forename><surname>Chang</surname></persName>
		</author>
		<author>
			<persName xmlns="http://www.tei-c.org/ns/1.0"><forename type="first">Dan</forename><forename type="middle">Roth</forename></persName>
		</author>
		<ptr target="http://www.aclweb.org/anthology/W10-2903" />
	</analytic>
	<monogr>
		<title level="m">Proceedings of the Fourteenth Conference on Computational Natural Language Learning. Association for Computational Linguistics</title>
		<meeting>the Fourteenth Conference on Computational Natural Language Learning. Association for Computational Linguistics<address><addrLine>Uppsala, Sweden</addrLine></address></meeting>
		<imprint>
			<date type="published" when="2010" />
			<biblScope unit="page" from="18" to="27" />
		</imprint>
	</monogr>
</biblStruct>

<biblStruct >
	<analytic>
		<title level="a" type="main">Incorporating structural alignment biases into an attentional neural translation model</title>
		<author>
			<persName xmlns="http://www.tei-c.org/ns/1.0"><forename type="first">Trevor</forename><surname>Cohn</surname></persName>
		</author>
		<author>
			<persName xmlns="http://www.tei-c.org/ns/1.0"><forename type="first">Cong Duy Vu</forename><surname>Hoang</surname></persName>
		</author>
		<author>
			<persName xmlns="http://www.tei-c.org/ns/1.0"><forename type="first">Ekaterina</forename><surname>Vymolova</surname></persName>
		</author>
		<author>
			<persName xmlns="http://www.tei-c.org/ns/1.0"><forename type="first">Kaisheng</forename><surname>Yao</surname></persName>
		</author>
		<author>
			<persName xmlns="http://www.tei-c.org/ns/1.0"><forename type="first">Chris</forename><surname>Dyer</surname></persName>
		</author>
		<author>
			<persName xmlns="http://www.tei-c.org/ns/1.0"><forename type="first">Gholamreza</forename><surname>Haffari</surname></persName>
		</author>
		<ptr target="http://www.aclweb.org/anthology/N16-1102" />
	</analytic>
	<monogr>
		<title level="m">Proceedings of the 2016 Conference of the North American Chapter of the Association for Computational Linguistics: Human Language Technologies</title>
		<meeting>the 2016 Conference of the North American Chapter of the Association for Computational Linguistics: Human Language Technologies<address><addrLine>San Diego, California</addrLine></address></meeting>
		<imprint>
			<publisher>Association for Computational Linguistics</publisher>
			<date type="published" when="2016" />
			<biblScope unit="page" from="876" to="885" />
		</imprint>
	</monogr>
</biblStruct>

<biblStruct >
	<analytic>
		<title level="a" type="main">Language to logical form with neural attention</title>
		<author>
			<persName xmlns="http://www.tei-c.org/ns/1.0"><forename type="first">Li</forename><surname>Dong</surname></persName>
		</author>
		<author>
			<persName xmlns="http://www.tei-c.org/ns/1.0"><forename type="first">Mirella</forename><surname>Lapata</surname></persName>
		</author>
		<ptr target="http://www.aclweb.org/anthology/P16-1004" />
	</analytic>
	<monogr>
		<title level="m">Proceedings of the 54th Annual Meeting of the Association for Computational Linguistics</title>
		<meeting>the 54th Annual Meeting of the Association for Computational Linguistics<address><addrLine>Berlin, Germany</addrLine></address></meeting>
		<imprint>
			<date type="published" when="2016" />
			<biblScope unit="page" from="33" to="43" />
		</imprint>
	</monogr>
	<note>Long Papers). Association for Computational Linguistics</note>
</biblStruct>

<biblStruct >
	<analytic>
		<title level="a" type="main">Learning to paraphrase for question answering</title>
		<author>
			<persName xmlns="http://www.tei-c.org/ns/1.0"><forename type="first">Li</forename><surname>Dong</surname></persName>
		</author>
		<author>
			<persName xmlns="http://www.tei-c.org/ns/1.0"><forename type="first">Jonathan</forename><surname>Mallinson</surname></persName>
		</author>
		<author>
			<persName xmlns="http://www.tei-c.org/ns/1.0"><forename type="first">Siva</forename><surname>Reddy</surname></persName>
		</author>
		<author>
			<persName xmlns="http://www.tei-c.org/ns/1.0"><forename type="first">Mirella</forename><surname>Lapata</surname></persName>
		</author>
		<ptr target="https://www.aclweb.org/anthology/D17-1091" />
	</analytic>
	<monogr>
		<title level="m">Proceedings of the 2017 Conference on Empirical Methods in Natural Language Processing</title>
		<meeting>the 2017 Conference on Empirical Methods in Natural Language Processing<address><addrLine>Copenhagen, Denmark</addrLine></address></meeting>
		<imprint>
			<publisher>Association for Computational Linguistics</publisher>
			<date type="published" when="2017" />
			<biblScope unit="page" from="875" to="886" />
		</imprint>
	</monogr>
</biblStruct>

<biblStruct >
	<analytic>
		<title level="a" type="main">Learning a compositional semantic parser using an existing syntactic parser</title>
		<author>
			<persName xmlns="http://www.tei-c.org/ns/1.0"><forename type="first">Ruifang</forename><surname>Ge</surname></persName>
		</author>
		<author>
			<persName xmlns="http://www.tei-c.org/ns/1.0"><forename type="first">Raymond</forename><surname>Mooney</surname></persName>
		</author>
	</analytic>
	<monogr>
		<title level="m">Proceedings of the Joint Conference of the 47th Annual Meeting of the ACL and the 4th International Joint Conference on Natural Language Processing of the AFNLP</title>
		<meeting>the Joint Conference of the 47th Annual Meeting of the ACL and the 4th International Joint Conference on Natural Language Processing of the AFNLP<address><addrLine>Suntec, Singapore</addrLine></address></meeting>
		<imprint>
			<publisher>Association for Computational Linguistics</publisher>
			<date type="published" when="2009" />
			<biblScope unit="page" from="611" to="619" />
		</imprint>
	</monogr>
</biblStruct>

<biblStruct >
	<analytic>
		<title level="a" type="main">Semantic processing using the hidden vector state model</title>
		<author>
			<persName xmlns="http://www.tei-c.org/ns/1.0"><forename type="first">Yulan</forename><surname>He</surname></persName>
		</author>
		<author>
			<persName xmlns="http://www.tei-c.org/ns/1.0"><forename type="first">Steve</forename><surname>Young</surname></persName>
		</author>
		<idno type="doi">10.1016/j.csl.2004.03.001</idno>
		<ptr target="https://doi.org/https://doi.org/10.1016/j.csl.2004.03.001" />
	</analytic>
	<monogr>
		<title level="j">Computer Speech Language</title>
		<imprint>
			<biblScope unit="volume">19</biblScope>
			<biblScope unit="issue">1</biblScope>
			<biblScope unit="page" from="85" to="106" />
			<date type="published" when="2005" />
		</imprint>
	</monogr>
</biblStruct>

<biblStruct >
	<analytic>
		<title level="a" type="main">Multilingual joint parsing of syntactic and semantic dependencies with a latent variable model</title>
		<author>
			<persName xmlns="http://www.tei-c.org/ns/1.0"><forename type="first">James</forename><surname>Henderson</surname></persName>
		</author>
		<author>
			<persName xmlns="http://www.tei-c.org/ns/1.0"><forename type="first">Paola</forename><surname>Merlo</surname></persName>
		</author>
		<author>
			<persName xmlns="http://www.tei-c.org/ns/1.0"><forename type="first">Ivan</forename><surname>Titov</surname></persName>
		</author>
		<author>
			<persName xmlns="http://www.tei-c.org/ns/1.0"><forename type="first">Gabriele</forename><surname>Musillo</surname></persName>
		</author>
		<idno type="doi">10.1162/COLIa00158</idno>
		<ptr target="http://dx.doi.org/10.1162/COLIa00158" />
	</analytic>
	<monogr>
		<title level="j">Comput. Linguist</title>
		<imprint>
			<biblScope unit="volume">39</biblScope>
			<biblScope unit="issue">4</biblScope>
			<biblScope unit="page" from="949" to="998" />
			<date type="published" when="2013" />
		</imprint>
	</monogr>
</biblStruct>

<biblStruct >
	<analytic>
		<title level="a" type="main">Long short-term memory</title>
		<author>
			<persName xmlns="http://www.tei-c.org/ns/1.0"><forename type="first">Sepp</forename><surname>Hochreiter</surname></persName>
		</author>
		<author>
			<persName xmlns="http://www.tei-c.org/ns/1.0"><forename type="first">Jürgen</forename><surname>Schmidhuber</surname></persName>
		</author>
		<idno type="doi">10.1162/neco.1997.9.8.1735</idno>
		<ptr target="https://doi.org/10.1162/neco.1997.9.8.1735" />
	</analytic>
	<monogr>
		<title level="j">Neural Comput</title>
		<imprint>
			<biblScope unit="volume">9</biblScope>
			<biblScope unit="issue">8</biblScope>
			<biblScope unit="page" from="1735" to="1780" />
			<date type="published" when="1997" />
		</imprint>
	</monogr>
</biblStruct>

<biblStruct >
	<analytic>
		<title level="a" type="main">Search-based neural structured learning for sequential question answering</title>
		<author>
			<persName xmlns="http://www.tei-c.org/ns/1.0"><forename type="first">Mohit</forename><surname>Iyyer</surname></persName>
		</author>
		<author>
			<persName xmlns="http://www.tei-c.org/ns/1.0"><forename type="first">Ming-Wei</forename><surname>Wen-Tau Yih</surname></persName>
		</author>
		<author>
			<persName xmlns="http://www.tei-c.org/ns/1.0"><surname>Chang</surname></persName>
		</author>
	</analytic>
	<monogr>
		<title level="m">Proceedings of the 55th Annual Meeting of the Association for Computational Linguistics</title>
		<meeting>the 55th Annual Meeting of the Association for Computational Linguistics<address><addrLine>Vancouver, Canada</addrLine></address></meeting>
		<imprint>
			<date type="published" when="2017" />
			<biblScope unit="volume">1</biblScope>
			<biblScope unit="page" from="1821" to="1831" />
		</imprint>
	</monogr>
</biblStruct>

<biblStruct >
	<analytic>
		<title level="a" type="main">Data recombination for neural semantic parsing</title>
		<author>
			<persName xmlns="http://www.tei-c.org/ns/1.0"><forename type="first">Robin</forename><surname>Jia</surname></persName>
		</author>
		<author>
			<persName xmlns="http://www.tei-c.org/ns/1.0"><forename type="first">Percy</forename><surname>Liang</surname></persName>
		</author>
		<ptr target="http://www.aclweb.org/anthology/P16-1002" />
	</analytic>
	<monogr>
		<title level="m">Proceedings of the 54th Annual Meeting of the Association for Computational Linguistics</title>
		<meeting>the 54th Annual Meeting of the Association for Computational Linguistics<address><addrLine>Berlin, Germany</addrLine></address></meeting>
		<imprint>
			<date type="published" when="2016" />
			<biblScope unit="page" from="12" to="22" />
		</imprint>
	</monogr>
	<note>Long Papers). Association for Computational Linguistics</note>
</biblStruct>

<biblStruct >
	<analytic>
		<title level="a" type="main">Using string-kernels for learning semantic parsers</title>
		<author>
			<persName xmlns="http://www.tei-c.org/ns/1.0"><forename type="first">J</forename><surname>Rohit</surname></persName>
		</author>
		<author>
			<persName xmlns="http://www.tei-c.org/ns/1.0"><forename type="first">Raymond</forename><forename type="middle">J</forename><surname>Kate</surname></persName>
		</author>
		<author>
			<persName xmlns="http://www.tei-c.org/ns/1.0"><surname>Mooney</surname></persName>
		</author>
		<idno type="doi">10.3115/1220175.1220290</idno>
		<ptr target="https://doi.org/10.3115/1220175.1220290" />
	</analytic>
	<monogr>
		<title level="m">Proceedings of the 21st International Conference on Computational Linguistics and 44th Annual Meeting of the Association for Computational Linguistics</title>
		<meeting>the 21st International Conference on Computational Linguistics and 44th Annual Meeting of the Association for Computational Linguistics<address><addrLine>Sydney, Australia</addrLine></address></meeting>
		<imprint>
			<publisher>Association for Computational Linguistics</publisher>
			<date type="published" when="2006" />
			<biblScope unit="page" from="913" to="920" />
		</imprint>
	</monogr>
</biblStruct>

<biblStruct >
	<analytic>
		<title level="a" type="main">Neural semantic parsing with type constraints for semi-structured tables</title>
		<author>
			<persName xmlns="http://www.tei-c.org/ns/1.0"><forename type="first">Jayant</forename><surname>Krishnamurthy</surname></persName>
		</author>
		<author>
			<persName xmlns="http://www.tei-c.org/ns/1.0"><forename type="first">Pradeep</forename><surname>Dasigi</surname></persName>
		</author>
		<author>
			<persName xmlns="http://www.tei-c.org/ns/1.0"><forename type="first">Matt</forename><surname>Gardner</surname></persName>
		</author>
		<ptr target="https://www.aclweb.org/anthology/D17-1160" />
	</analytic>
	<monogr>
		<title level="m">Proceedings of the 2017 Conference on Empirical Methods in Natural Language Processing. Association for Computational Linguistics</title>
		<meeting>the 2017 Conference on Empirical Methods in Natural Language Processing. Association for Computational Linguistics<address><addrLine>Copenhagen, Denmark</addrLine></address></meeting>
		<imprint>
			<date type="published" when="2017" />
			<biblScope unit="page" from="1516" to="1526" />
		</imprint>
	</monogr>
</biblStruct>

<biblStruct >
	<analytic>
		<title level="a" type="main">Weakly supervised training of semantic parsers</title>
		<author>
			<persName xmlns="http://www.tei-c.org/ns/1.0"><forename type="first">Jayant</forename><surname>Krishnamurthy</surname></persName>
		</author>
		<author>
			<persName xmlns="http://www.tei-c.org/ns/1.0"><forename type="first">Tom</forename><surname>Mitchell</surname></persName>
		</author>
		<ptr target="http://www.aclweb.org/anthology/D12-1069" />
	</analytic>
	<monogr>
		<title level="m">Proceedings of the 2012 Joint Conference on Empirical Methods in Natural Language Processing and Computational Natural Language Learning. Association for Computational Linguistics</title>
		<meeting>the 2012 Joint Conference on Empirical Methods in Natural Language Processing and Computational Natural Language Learning. Association for Computational Linguistics<address><addrLine>Jeju Island, Korea</addrLine></address></meeting>
		<imprint>
			<date type="published" when="2012" />
			<biblScope unit="page" from="754" to="765" />
		</imprint>
	</monogr>
</biblStruct>

<biblStruct >
	<analytic>
		<title level="a" type="main">Inducing probabilistic CCG grammars from logical form with higher-order unification</title>
		<author>
			<persName xmlns="http://www.tei-c.org/ns/1.0"><forename type="first">Tom</forename><surname>Kwiatkowksi</surname></persName>
		</author>
		<author>
			<persName xmlns="http://www.tei-c.org/ns/1.0"><forename type="first">Luke</forename><surname>Zettlemoyer</surname></persName>
		</author>
		<author>
			<persName xmlns="http://www.tei-c.org/ns/1.0"><forename type="first">Sharon</forename><surname>Goldwater</surname></persName>
		</author>
		<author>
			<persName xmlns="http://www.tei-c.org/ns/1.0"><forename type="first">Mark</forename><surname>Steedman</surname></persName>
		</author>
		<ptr target="http://www.aclweb.org/anthology/D10-1119" />
	</analytic>
	<monogr>
		<title level="m">Proceedings of the 2010 Conference on Empirical Methods in Natural Language Processing. Association for Computational Linguistics</title>
		<meeting>the 2010 Conference on Empirical Methods in Natural Language Processing. Association for Computational Linguistics<address><addrLine>Cambridge, MA</addrLine></address></meeting>
		<imprint>
			<date type="published" when="2010" />
			<biblScope unit="page" from="1223" to="1233" />
		</imprint>
	</monogr>
</biblStruct>

<biblStruct >
	<analytic>
		<title level="a" type="main">Scaling semantic parsers with on-the-fly ontology matching</title>
		<author>
			<persName xmlns="http://www.tei-c.org/ns/1.0"><forename type="first">Tom</forename><surname>Kwiatkowski</surname></persName>
		</author>
		<author>
			<persName xmlns="http://www.tei-c.org/ns/1.0"><forename type="first">Eunsol</forename><surname>Choi</surname></persName>
		</author>
		<author>
			<persName xmlns="http://www.tei-c.org/ns/1.0"><forename type="first">Yoav</forename><surname>Artzi</surname></persName>
		</author>
		<author>
			<persName xmlns="http://www.tei-c.org/ns/1.0"><forename type="first">Luke</forename><surname>Zettlemoyer</surname></persName>
		</author>
		<ptr target="http://www.aclweb.org/anthology/D13-1161" />
	</analytic>
	<monogr>
		<title level="m">Proceedings of the 2013 Conference on Empirical Methods in Natural Language Processing. Association for Computational Linguistics</title>
		<meeting>the 2013 Conference on Empirical Methods in Natural Language Processing. Association for Computational Linguistics<address><addrLine>Seattle, Washington, USA</addrLine></address></meeting>
		<imprint>
			<date type="published" when="2013" />
			<biblScope unit="page" from="1545" to="1556" />
		</imprint>
	</monogr>
</biblStruct>

<biblStruct >
	<analytic>
		<title level="a" type="main">Lexical generalization in ccg grammar induction for semantic parsing</title>
		<author>
			<persName xmlns="http://www.tei-c.org/ns/1.0"><forename type="first">Tom</forename><surname>Kwiatkowski</surname></persName>
		</author>
		<author>
			<persName xmlns="http://www.tei-c.org/ns/1.0"><forename type="first">Luke</forename><surname>Zettlemoyer</surname></persName>
		</author>
		<author>
			<persName xmlns="http://www.tei-c.org/ns/1.0"><forename type="first">Sharon</forename><surname>Goldwater</surname></persName>
		</author>
		<author>
			<persName xmlns="http://www.tei-c.org/ns/1.0"><forename type="first">Mark</forename><surname>Steedman</surname></persName>
		</author>
		<ptr target="http://www.aclweb.org/anthology/D11-1140" />
	</analytic>
	<monogr>
		<title level="m">Proceedings of the 2011 Conference on Empirical Methods in Natural Language Processing. Association for Computational Linguistics</title>
		<meeting>the 2011 Conference on Empirical Methods in Natural Language Processing. Association for Computational Linguistics<address><addrLine>Edinburgh, Scotland, UK.</addrLine></address></meeting>
		<imprint>
			<date type="published" when="2011" />
			<biblScope unit="page" from="1512" to="1523" />
		</imprint>
	</monogr>
</biblStruct>

<biblStruct >
	<analytic>
		<title level="a" type="main">Improving semantic parsing with enriched synchronous context-free grammar</title>
		<author>
			<persName xmlns="http://www.tei-c.org/ns/1.0"><forename type="first">Junhui</forename><surname>Li</surname></persName>
		</author>
		<author>
			<persName xmlns="http://www.tei-c.org/ns/1.0"><forename type="first">Muhua</forename><surname>Zhu</surname></persName>
		</author>
		<author>
			<persName xmlns="http://www.tei-c.org/ns/1.0"><forename type="first">Wei</forename><surname>Lu</surname></persName>
		</author>
		<author>
			<persName xmlns="http://www.tei-c.org/ns/1.0"><forename type="first">Guodong</forename><surname>Zhou</surname></persName>
		</author>
		<ptr target="http://aclweb.org/anthology/D15-1170" />
	</analytic>
	<monogr>
		<title level="m">Proceedings of the 2015 Conference on Empirical Methods in Natural Language Processing</title>
		<meeting>the 2015 Conference on Empirical Methods in Natural Language Processing<address><addrLine>Lisbon, Portugal</addrLine></address></meeting>
		<imprint>
			<publisher>Association for Computational Linguistics</publisher>
			<date type="published" when="2015" />
			<biblScope unit="page" from="1455" to="1465" />
		</imprint>
	</monogr>
</biblStruct>

<biblStruct >
	<analytic>
		<title level="a" type="main">Neural symbolic machines: Learning semantic parsers on freebase with weak supervision</title>
		<author>
			<persName xmlns="http://www.tei-c.org/ns/1.0"><forename type="first">Chen</forename><surname>Liang</surname></persName>
		</author>
		<author>
			<persName xmlns="http://www.tei-c.org/ns/1.0"><forename type="first">Jonathan</forename><surname>Berant</surname></persName>
		</author>
		<author>
			<persName xmlns="http://www.tei-c.org/ns/1.0"><forename type="first">Quoc</forename><surname>Le</surname></persName>
		</author>
		<author>
			<persName xmlns="http://www.tei-c.org/ns/1.0"><forename type="first">Kenneth</forename><forename type="middle">D</forename><surname>Forbus</surname></persName>
		</author>
		<author>
			<persName xmlns="http://www.tei-c.org/ns/1.0"><forename type="first">Ni</forename><surname>Lao</surname></persName>
		</author>
	</analytic>
	<monogr>
		<title level="m">Proceedings of the 55th Annual Meeting of the Association for Computational Linguistics</title>
		<meeting>the 55th Annual Meeting of the Association for Computational Linguistics<address><addrLine>Vancouver, Canada</addrLine></address></meeting>
		<imprint>
			<publisher>Association for Computational Linguistics</publisher>
			<date type="published" when="2017" />
			<biblScope unit="volume">1</biblScope>
			<biblScope unit="page" from="23" to="33" />
		</imprint>
	</monogr>
	<note>Long Papers)</note>
</biblStruct>

<biblStruct >
	<analytic>
		<title level="a" type="main">Learning dependency-based compositional semantics</title>
		<author>
			<persName xmlns="http://www.tei-c.org/ns/1.0"><forename type="first">Percy</forename><surname>Liang</surname></persName>
		</author>
		<author>
			<persName xmlns="http://www.tei-c.org/ns/1.0"><forename type="first">Michael</forename><surname>Jordan</surname></persName>
		</author>
		<author>
			<persName xmlns="http://www.tei-c.org/ns/1.0"><forename type="first">Dan</forename><surname>Klein</surname></persName>
		</author>
	</analytic>
	<monogr>
		<title level="m">Proceedings of the 49th</title>
		<meeting>the 49th</meeting>
		<imprint>
			<date type="published" when="2011" />
		</imprint>
	</monogr>
</biblStruct>

<biblStruct >
	<monogr>
				<ptr target="http://www.aclweb.org/anthology/P11-1060" />
		<title level="m">Annual Meeting of the Association for Computational Linguistics: Human Language Technologies. Association for Computational Linguistics</title>
		<meeting><address><addrLine>Portland, Oregon, USA</addrLine></address></meeting>
		<imprint>
			<biblScope unit="page" from="590" to="599" />
		</imprint>
	</monogr>
</biblStruct>

<biblStruct >
	<analytic>
		<title level="a" type="main">A generative model for parsing natural language to meaning representations</title>
		<author>
			<persName xmlns="http://www.tei-c.org/ns/1.0"><forename type="first">Wei</forename><surname>Lu</surname></persName>
		</author>
		<author>
			<persName xmlns="http://www.tei-c.org/ns/1.0"><forename type="first">Hwee</forename><forename type="middle">Tou</forename><surname>Ng</surname></persName>
		</author>
		<author>
			<persName xmlns="http://www.tei-c.org/ns/1.0"><forename type="first">Wee</forename><surname>Sun Lee</surname></persName>
		</author>
		<author>
			<persName xmlns="http://www.tei-c.org/ns/1.0"><forename type="first">Luke</forename><forename type="middle">S</forename><surname>Zettlemoyer</surname></persName>
		</author>
		<ptr target="http://www.aclweb.org/anthology/D08-1082" />
	</analytic>
	<monogr>
		<title level="m">Proceedings of the 2008 Conference on Empirical Methods in Natural Language Processing</title>
		<meeting>the 2008 Conference on Empirical Methods in Natural Language Processing<address><addrLine>Honolulu, Hawaii</addrLine></address></meeting>
		<imprint>
			<publisher>Association for Computational Linguistics</publisher>
			<date type="published" when="2008" />
			<biblScope unit="page" from="783" to="792" />
		</imprint>
	</monogr>
</biblStruct>

<biblStruct >
	<analytic>
		<title level="a" type="main">Effective approaches to attention-based neural machine translation</title>
		<author>
			<persName xmlns="http://www.tei-c.org/ns/1.0"><forename type="first">Thang</forename><surname>Luong</surname></persName>
		</author>
		<author>
			<persName xmlns="http://www.tei-c.org/ns/1.0"><forename type="first">Hieu</forename><surname>Pham</surname></persName>
		</author>
		<author>
			<persName xmlns="http://www.tei-c.org/ns/1.0"><forename type="first">Christopher</forename><forename type="middle">D</forename><surname>Manning</surname></persName>
		</author>
		<ptr target="http://aclweb.org/anthology/D15-1166" />
	</analytic>
	<monogr>
		<title level="m">Proceedings of the 2015 Conference on Empirical Methods in Natural Language Processing. Association for Computational Linguistics</title>
		<meeting>the 2015 Conference on Empirical Methods in Natural Language Processing. Association for Computational Linguistics<address><addrLine>Lisbon, Portugal</addrLine></address></meeting>
		<imprint>
			<date type="published" when="2015" />
			<biblScope unit="page" from="1412" to="1421" />
		</imprint>
	</monogr>
</biblStruct>

<biblStruct >
	<analytic>
		<title level="a" type="main">Algorithms for deterministic incremental dependency parsing</title>
		<author>
			<persName xmlns="http://www.tei-c.org/ns/1.0"><forename type="first">Joakim</forename><surname>Nivre</surname></persName>
		</author>
		<idno type="doi">10.1162/coli</idno>
		<idno>07- 056-R1-07-027</idno>
		<ptr target="http://dx.doi.org/10.1162/coli" />
	</analytic>
	<monogr>
		<title level="j">Comput. Linguist</title>
		<imprint>
			<biblScope unit="volume">34</biblScope>
			<biblScope unit="issue">4</biblScope>
			<biblScope unit="page" from="513" to="553" />
			<date type="published" when="2008" />
		</imprint>
	</monogr>
</biblStruct>

<biblStruct >
	<analytic>
		<title level="a" type="main">Grounded unsupervised semantic parsing</title>
		<author>
			<persName xmlns="http://www.tei-c.org/ns/1.0"><forename type="first">Hoifung</forename><surname>Poon</surname></persName>
		</author>
		<ptr target="http://www.aclweb.org/anthology/P13-1092" />
	</analytic>
	<monogr>
		<title level="m">Proceedings of the 51st Annual Meeting of the Association for Computational Linguistics</title>
		<meeting>the 51st Annual Meeting of the Association for Computational Linguistics<address><addrLine>Sofia, Bulgaria</addrLine></address></meeting>
		<imprint>
			<date type="published" when="2013" />
			<biblScope unit="volume">1</biblScope>
			<biblScope unit="page" from="933" to="943" />
		</imprint>
	</monogr>
	<note>Long Papers). Association for Computational Linguistics</note>
</biblStruct>

<biblStruct >
	<analytic>
		<title level="a" type="main">Language to code: Learning semantic parsers for if-this-then-that recipes</title>
		<author>
			<persName xmlns="http://www.tei-c.org/ns/1.0"><forename type="first">Chris</forename><surname>Quirk</surname></persName>
		</author>
		<author>
			<persName xmlns="http://www.tei-c.org/ns/1.0"><forename type="first">Raymond</forename><surname>Mooney</surname></persName>
		</author>
		<author>
			<persName xmlns="http://www.tei-c.org/ns/1.0"><forename type="first">Michel</forename><surname>Galley</surname></persName>
		</author>
		<ptr target="http://www.aclweb.org/anthology/P15-1085" />
	</analytic>
	<monogr>
		<title level="m">Proceedings of the 53rd Annual Meeting of the Association for Computational Linguistics and the 7th International Joint Conference on Natural Language Processing</title>
		<meeting>the 53rd Annual Meeting of the Association for Computational Linguistics and the 7th International Joint Conference on Natural Language Processing<address><addrLine>Beijing, China</addrLine></address></meeting>
		<imprint>
			<date type="published" when="2015" />
			<biblScope unit="page" from="878" to="888" />
		</imprint>
	</monogr>
	<note>Long Papers). Association for Computational Linguistics</note>
</biblStruct>

<biblStruct >
	<analytic>
		<title level="a" type="main">Abstract syntax networks for code generation and semantic parsing</title>
		<author>
			<persName xmlns="http://www.tei-c.org/ns/1.0"><forename type="first">Maxim</forename><surname>Rabinovich</surname></persName>
		</author>
		<author>
			<persName xmlns="http://www.tei-c.org/ns/1.0"><forename type="first">Mitchell</forename><surname>Stern</surname></persName>
		</author>
		<author>
			<persName xmlns="http://www.tei-c.org/ns/1.0"><forename type="first">Dan</forename><surname>Klein</surname></persName>
		</author>
	</analytic>
	<monogr>
		<title level="m">Proceedings of the 55th Annual Meeting of the Association for Computational Linguistics</title>
		<meeting>the 55th Annual Meeting of the Association for Computational Linguistics<address><addrLine>Vancouver, Canada</addrLine></address></meeting>
		<imprint>
			<date type="published" when="2017" />
			<biblScope unit="volume">1</biblScope>
			<biblScope unit="page" from="1139" to="1149" />
		</imprint>
	</monogr>
</biblStruct>

<biblStruct >
	<analytic>
		<title level="a" type="main">Large-scale semantic parsing without question-answer pairs</title>
		<author>
			<persName xmlns="http://www.tei-c.org/ns/1.0"><forename type="first">Siva</forename><surname>Reddy</surname></persName>
		</author>
		<author>
			<persName xmlns="http://www.tei-c.org/ns/1.0"><forename type="first">Mirella</forename><surname>Lapata</surname></persName>
		</author>
		<author>
			<persName xmlns="http://www.tei-c.org/ns/1.0"><forename type="first">Mark</forename><surname>Steedman</surname></persName>
		</author>
		<ptr target="http://aclweb.org/anthology/Q14-1030" />
	</analytic>
	<monogr>
		<title level="j">Transactions of the Association for Computational Linguistics</title>
		<imprint>
			<biblScope unit="volume">2</biblScope>
			<biblScope unit="page" from="377" to="392" />
			<date type="published" when="2014" />
		</imprint>
	</monogr>
</biblStruct>

<biblStruct >
	<analytic>
		<title level="a" type="main">Transforming Dependency Structures to Logical Forms for Semantic Parsing</title>
		<author>
			<persName xmlns="http://www.tei-c.org/ns/1.0"><forename type="first">Siva</forename><surname>Reddy</surname></persName>
		</author>
		<author>
			<persName xmlns="http://www.tei-c.org/ns/1.0"><forename type="first">Oscar</forename><surname>Täckström</surname></persName>
		</author>
		<author>
			<persName xmlns="http://www.tei-c.org/ns/1.0"><forename type="first">Michael</forename><surname>Collins</surname></persName>
		</author>
		<author>
			<persName xmlns="http://www.tei-c.org/ns/1.0"><forename type="first">Tom</forename><surname>Kwiatkowski</surname></persName>
		</author>
	</analytic>
	<monogr>
		<title level="j">Transactions of the Association for Computational Linguistics</title>
		<imprint>
			<biblScope unit="volume">4</biblScope>
			<biblScope unit="page" from="127" to="140" />
			<date type="published" when="2016" />
		</imprint>
	</monogr>
	<note>Dipanjan Das, Mark Steedman, and Mirella Lapata</note>
</biblStruct>

<biblStruct >
	<analytic>
		<title level="a" type="main">Universal semantic parsing</title>
		<author>
			<persName xmlns="http://www.tei-c.org/ns/1.0"><forename type="first">Siva</forename><surname>Reddy</surname></persName>
		</author>
		<author>
			<persName xmlns="http://www.tei-c.org/ns/1.0"><forename type="first">Oscar</forename><surname>Täckström</surname></persName>
		</author>
		<author>
			<persName xmlns="http://www.tei-c.org/ns/1.0"><forename type="first">Slav</forename><surname>Petrov</surname></persName>
		</author>
		<author>
			<persName xmlns="http://www.tei-c.org/ns/1.0"><forename type="first">Mark</forename><surname>Steedman</surname></persName>
		</author>
		<author>
			<persName xmlns="http://www.tei-c.org/ns/1.0"><forename type="first">Mirella</forename><surname>Lapata</surname></persName>
		</author>
		<ptr target="https://www.aclweb.org/anthology/D17-1009" />
	</analytic>
	<monogr>
		<title level="m">Proceedings of the 2017 Conference on Empirical Methods in Natural Language Processing</title>
		<meeting>the 2017 Conference on Empirical Methods in Natural Language Processing<address><addrLine>Copenhagen, Denmark</addrLine></address></meeting>
		<imprint>
			<publisher>Association for Computational Linguistics</publisher>
			<date type="published" when="2017" />
			<biblScope unit="page" from="89" to="101" />
		</imprint>
	</monogr>
</biblStruct>

<biblStruct >
	<analytic>
		<title level="a" type="main">Modeling coverage for neural machine translation</title>
		<author>
			<persName xmlns="http://www.tei-c.org/ns/1.0"><forename type="first">Zhaopeng</forename><surname>Tu</surname></persName>
		</author>
		<author>
			<persName xmlns="http://www.tei-c.org/ns/1.0"><forename type="first">Zhengdong</forename><surname>Lu</surname></persName>
		</author>
		<author>
			<persName xmlns="http://www.tei-c.org/ns/1.0"><forename type="first">Yang</forename><surname>Liu</surname></persName>
		</author>
		<author>
			<persName xmlns="http://www.tei-c.org/ns/1.0"><forename type="first">Xiaohua</forename><surname>Liu</surname></persName>
		</author>
		<author>
			<persName xmlns="http://www.tei-c.org/ns/1.0"><forename type="first">Hang</forename><surname>Li</surname></persName>
		</author>
		<ptr target="http://www.aclweb.org/anthology/P16-1008" />
	</analytic>
	<monogr>
		<title level="m">Proceedings of the 54th Annual Meeting of the Association for Computational Linguistics</title>
		<meeting>the 54th Annual Meeting of the Association for Computational Linguistics<address><addrLine>Berlin, Germany</addrLine></address></meeting>
		<imprint>
			<date type="published" when="2016" />
			<biblScope unit="page" from="76" to="85" />
		</imprint>
	</monogr>
	<note>Long Papers). Association for Computational Linguistics</note>
</biblStruct>

<biblStruct >
	<analytic>
		<title level="a" type="main">A transition-based algorithm for amr parsing</title>
		<author>
			<persName xmlns="http://www.tei-c.org/ns/1.0"><forename type="first">Chuan</forename><surname>Wang</surname></persName>
		</author>
		<author>
			<persName xmlns="http://www.tei-c.org/ns/1.0"><forename type="first">Nianwen</forename><surname>Xue</surname></persName>
		</author>
		<author>
			<persName xmlns="http://www.tei-c.org/ns/1.0"><forename type="first">Sameer</forename><surname>Pradhan</surname></persName>
		</author>
		<ptr target="http://www.aclweb.org/anthology/N15-1040" />
	</analytic>
	<monogr>
		<title level="m">Proceedings of the 2015 Conference of the North American Chapter of the Association for Computational Linguistics: Human Language Technologies. Association for Computational Linguistics</title>
		<meeting>the 2015 Conference of the North American Chapter of the Association for Computational Linguistics: Human Language Technologies. Association for Computational Linguistics<address><addrLine>Denver, Colorado</addrLine></address></meeting>
		<imprint>
			<date type="published" when="2015" />
			<biblScope unit="page" from="366" to="375" />
		</imprint>
	</monogr>
</biblStruct>

<biblStruct >
	<analytic>
		<title level="a" type="main">Building a semantic parser overnight</title>
		<author>
			<persName xmlns="http://www.tei-c.org/ns/1.0"><forename type="first">Yushi</forename><surname>Wang</surname></persName>
		</author>
		<author>
			<persName xmlns="http://www.tei-c.org/ns/1.0"><forename type="first">Jonathan</forename><surname>Berant</surname></persName>
		</author>
		<author>
			<persName xmlns="http://www.tei-c.org/ns/1.0"><forename type="first">Percy</forename><surname>Liang</surname></persName>
		</author>
		<ptr target="http://www.aclweb.org/anthology/P15-1129" />
	</analytic>
	<monogr>
		<title level="m">Proceedings of the 53rd Annual Meeting of the Association for Computational Linguistics and the 7th International Joint Conference on Natural Language Processing</title>
		<meeting>the 53rd Annual Meeting of the Association for Computational Linguistics and the 7th International Joint Conference on Natural Language Processing<address><addrLine>Beijing, China</addrLine></address></meeting>
		<imprint>
			<publisher>Association for Computational Linguistics</publisher>
			<date type="published" when="2015" />
			<biblScope unit="volume">1</biblScope>
			<biblScope unit="page" from="1332" to="1342" />
		</imprint>
	</monogr>
	<note>Long Papers)</note>
</biblStruct>

<biblStruct >
	<analytic>
		<title level="a" type="main">Learning synchronous grammars for semantic parsing with lambda calculus</title>
		<author>
			<persName xmlns="http://www.tei-c.org/ns/1.0"><forename type="first">Yuk</forename><forename type="middle">Wah</forename><surname>Wong</surname></persName>
		</author>
		<author>
			<persName xmlns="http://www.tei-c.org/ns/1.0"><forename type="first">Raymond</forename><surname>Mooney</surname></persName>
		</author>
		<ptr target="http://www.aclweb.org/anthology/P07-1121" />
	</analytic>
	<monogr>
		<title level="m">Proceedings of the 45th Annual Meeting of the Association of Computational Linguistics</title>
		<meeting>the 45th Annual Meeting of the Association of Computational Linguistics<address><addrLine>Prague, Czech Republic</addrLine></address></meeting>
		<imprint>
			<publisher>Association for Computational Linguistics</publisher>
			<date type="published" when="2007" />
			<biblScope unit="page" from="960" to="967" />
		</imprint>
	</monogr>
</biblStruct>

<biblStruct >
	<analytic>
		<title level="a" type="main">Sequence-based structured prediction for semantic parsing</title>
		<author>
			<persName xmlns="http://www.tei-c.org/ns/1.0"><forename type="first">Chunyang</forename><surname>Xiao</surname></persName>
		</author>
		<author>
			<persName xmlns="http://www.tei-c.org/ns/1.0"><forename type="first">Marc</forename><surname>Dymetman</surname></persName>
		</author>
		<author>
			<persName xmlns="http://www.tei-c.org/ns/1.0"><forename type="first">Claire</forename><surname>Gardent</surname></persName>
		</author>
		<ptr target="http://www.aclweb.org/anthology/P16-1127" />
	</analytic>
	<monogr>
		<title level="m">Proceedings of the 54th Annual Meeting of the Association for Computational Linguistics</title>
		<meeting>the 54th Annual Meeting of the Association for Computational Linguistics<address><addrLine>Berlin, Germany</addrLine></address></meeting>
		<imprint>
			<publisher>Association for Computational Linguistics</publisher>
			<date type="published" when="2016" />
			<biblScope unit="volume">1</biblScope>
			<biblScope unit="page" from="1341" to="1350" />
		</imprint>
	</monogr>
	<note>Long Papers)</note>
</biblStruct>

<biblStruct >
	<analytic>
		<title level="a" type="main">Semantic parsing via staged query graph generation: Question answering with knowledge base</title>
		<author>
			<persName xmlns="http://www.tei-c.org/ns/1.0"><forename type="first">Ming-Wei</forename><surname>Wen-Tau Yih</surname></persName>
		</author>
		<author>
			<persName xmlns="http://www.tei-c.org/ns/1.0"><forename type="first">Xiaodong</forename><surname>Chang</surname></persName>
		</author>
		<author>
			<persName xmlns="http://www.tei-c.org/ns/1.0"><forename type="first">Jianfeng</forename><surname>He</surname></persName>
		</author>
		<author>
			<persName xmlns="http://www.tei-c.org/ns/1.0"><surname>Gao</surname></persName>
		</author>
	</analytic>
	<monogr>
		<title level="m">Proceedings of the 53rd</title>
		<meeting>the 53rd</meeting>
		<imprint>
			<date type="published" when="2015" />
		</imprint>
	</monogr>
</biblStruct>

<biblStruct >
	<monogr>
				<ptr target="http://www.aclweb.org/anthology/P15-1128" />
		<title level="m">Annual Meeting of the Association for Computational Linguistics and the 7th International Joint Conference on Natural Language Processing</title>
		<meeting><address><addrLine>Beijing, China</addrLine></address></meeting>
		<imprint>
			<biblScope unit="page" from="1321" to="1331" />
		</imprint>
	</monogr>
	<note>Long Papers). Association for Computational Linguistics</note>
</biblStruct>

<biblStruct >
	<analytic>
		<title level="a" type="main">The value of semantic parse labeling for knowledge base question answering</title>
		<author>
			<persName xmlns="http://www.tei-c.org/ns/1.0"><forename type="first">Matthew</forename><surname>Wen-Tau Yih</surname></persName>
		</author>
		<author>
			<persName xmlns="http://www.tei-c.org/ns/1.0"><forename type="first">Chris</forename><surname>Richardson</surname></persName>
		</author>
		<author>
			<persName xmlns="http://www.tei-c.org/ns/1.0"><forename type="first">Mingwei</forename><surname>Meek</surname></persName>
		</author>
		<author>
			<persName xmlns="http://www.tei-c.org/ns/1.0"><forename type="first">Jina</forename><surname>Chang</surname></persName>
		</author>
		<author>
			<persName xmlns="http://www.tei-c.org/ns/1.0"><surname>Suh</surname></persName>
		</author>
		<ptr target="http://anthology.aclweb.org/P16-2033" />
	</analytic>
	<monogr>
		<title level="m">Proceedings of the 54th Annual Meeting of the Association for Computational Linguistics</title>
		<meeting>the 54th Annual Meeting of the Association for Computational Linguistics<address><addrLine>Berlin, Germany</addrLine></address></meeting>
		<imprint>
			<date type="published" when="2016" />
			<biblScope unit="volume">2</biblScope>
			<biblScope unit="page" from="201" to="206" />
		</imprint>
	</monogr>
	<note>Short Papers). Association for Computational Linguistics</note>
</biblStruct>

<biblStruct >
	<analytic>
		<title level="a" type="main">Learning to parse database queries using inductive logic programming</title>
		<author>
			<persName xmlns="http://www.tei-c.org/ns/1.0"><forename type="first">M</forename><surname>John</surname></persName>
		</author>
		<author>
			<persName xmlns="http://www.tei-c.org/ns/1.0"><forename type="first">Raymond</forename><forename type="middle">J</forename><surname>Zelle</surname></persName>
		</author>
		<author>
			<persName xmlns="http://www.tei-c.org/ns/1.0"><surname>Mooney</surname></persName>
		</author>
	</analytic>
	<monogr>
		<title level="m">AAAI/IAAI</title>
		<meeting><address><addrLine>Portland, OR</addrLine></address></meeting>
		<imprint>
			<publisher>AAAI Press/MIT Press</publisher>
			<date type="published" when="1996" />
			<biblScope unit="page" from="1050" to="1055" />
		</imprint>
	</monogr>
</biblStruct>

<biblStruct >
	<analytic>
		<title level="a" type="main">Online learning of relaxed CCG grammars for parsing to logical form</title>
		<author>
			<persName xmlns="http://www.tei-c.org/ns/1.0"><forename type="first">Luke</forename><surname>Zettlemoyer</surname></persName>
		</author>
		<author>
			<persName xmlns="http://www.tei-c.org/ns/1.0"><forename type="first">Michael</forename><surname>Collins</surname></persName>
		</author>
		<ptr target="http://www.aclweb.org/anthology/D/D07/D07-1071" />
	</analytic>
	<monogr>
		<title level="m">Proceedings of the 2007 Joint Conference on Empirical Methods in Natural Language Processing and Computational Natural Language Learning (EMNLPCoNLL). Association for Computational Linguistics</title>
		<meeting>the 2007 Joint Conference on Empirical Methods in Natural Language Processing and Computational Natural Language Learning (EMNLPCoNLL). Association for Computational Linguistics<address><addrLine>Prague, Czech Republic</addrLine></address></meeting>
		<imprint>
			<date type="published" when="2007" />
			<biblScope unit="page" from="678" to="687" />
		</imprint>
	</monogr>
</biblStruct>

<biblStruct >
	<analytic>
		<title level="a" type="main">Learning to map sentences to logical form: Structured classification with probabilistic categorial grammars</title>
		<author>
			<persName xmlns="http://www.tei-c.org/ns/1.0"><forename type="first">Luke</forename><forename type="middle">S</forename><surname>Zettlemoyer</surname></persName>
		</author>
		<author>
			<persName xmlns="http://www.tei-c.org/ns/1.0"><forename type="first">Michael</forename><surname>Collins</surname></persName>
		</author>
	</analytic>
	<monogr>
		<title level="m">UAI &apos;05, Proceedings of the 21st Conference in Uncertainty in Artificial Intelligence</title>
		<meeting><address><addrLine>Scotland</addrLine></address></meeting>
		<imprint>
			<date type="published" when="2005-07-26" />
			<biblScope unit="page" from="658" to="666" />
		</imprint>
	</monogr>
</biblStruct>

<biblStruct >
	<analytic>
		<title level="a" type="main">Learning translation models from monolingual continuous representations</title>
		<author>
			<persName xmlns="http://www.tei-c.org/ns/1.0"><forename type="first">Kai</forename><surname>Zhao</surname></persName>
		</author>
		<author>
			<persName xmlns="http://www.tei-c.org/ns/1.0"><forename type="first">Hany</forename><surname>Hassan</surname></persName>
		</author>
		<author>
			<persName xmlns="http://www.tei-c.org/ns/1.0"><forename type="first">Michael</forename><surname>Auli</surname></persName>
		</author>
		<ptr target="http://www.aclweb.org/anthology/N15-1176" />
	</analytic>
	<monogr>
		<title level="m">Proceedings of the 2015 Conference of the North American Chapter of the Association for Computational Linguistics: Human Language Technologies. Association for Computational Linguistics</title>
		<meeting>the 2015 Conference of the North American Chapter of the Association for Computational Linguistics: Human Language Technologies. Association for Computational Linguistics<address><addrLine>Denver, Colorado</addrLine></address></meeting>
		<imprint>
			<date type="published" when="2015" />
			<biblScope unit="page" from="1527" to="1536" />
		</imprint>
	</monogr>
</biblStruct>

			</listBibl>
		</back>
	</text>
</TEI>
