<?xml version="1.0" ?>
<TEI xmlns="http://www.tei-c.org/ns/1.0" xmlns:xlink="http://www.w3.org/1999/xlink" 
 xmlns:mml="http://www.w3.org/1998/Math/MathML">
	<teiHeader>
		<fileDesc xml:id="f_701"/>
	</teiHeader>
	<text>
		<front/>
		<body/>
		<back>
			<listBibl>
<biblStruct >
	<analytic>
		<title level="a" type="main">Co-occurrence of discourse markers in Catalan and Spanish oral narrative</title>
		<author>
			<persName xmlns="http://www.tei-c.org/ns/1.0"><forename type="first">M</forename><forename type="middle">J</forename><surname>Cuenca</surname></persName>
		</author>
		<author>
			<persName xmlns="http://www.tei-c.org/ns/1.0"><forename type="first">M</forename><forename type="middle">J</forename><surname>Marin</surname></persName>
		</author>
	</analytic>
	<monogr>
		<title level="j">Journal of Pragmatics</title>
		<imprint>
			<biblScope unit="volume">41</biblScope>
			<biblScope unit="issue">5</biblScope>
			<biblScope unit="page" from="899" to="914" />
			<date type="published" when="2009" />
		</imprint>
	</monogr>
</biblStruct>

<biblStruct >
	<analytic>
		<title level="a" type="main">The BECauSE Corpus 2.0: Annotating causality and overlapping relations</title>
		<author>
			<persName xmlns="http://www.tei-c.org/ns/1.0"><forename type="first">Jesse</forename><surname>Dunietz</surname></persName>
		</author>
		<author>
			<persName xmlns="http://www.tei-c.org/ns/1.0"><forename type="first">Lori</forename><surname>Levin</surname></persName>
		</author>
		<author>
			<persName xmlns="http://www.tei-c.org/ns/1.0"><forename type="first">Jaime</forename><surname>Carbonell</surname></persName>
		</author>
	</analytic>
	<monogr>
		<title level="m">Proceedings of the 11th Linguistic Annotation Workshop</title>
		<meeting>the 11th Linguistic Annotation Workshop<address><addrLine>Valencia, Spain</addrLine></address></meeting>
		<imprint>
			<date type="published" when="2017" />
			<biblScope unit="page" from="95" to="104" />
		</imprint>
	</monogr>
</biblStruct>

<biblStruct >
	<analytic>
		<title level="a" type="main">Text-level discourse parsing with rich linguistic features</title>
		<author>
			<persName xmlns="http://www.tei-c.org/ns/1.0"><forename type="first">Wei</forename><surname>Vanessa</surname></persName>
		</author>
		<author>
			<persName xmlns="http://www.tei-c.org/ns/1.0"><forename type="first">Graeme</forename><surname>Feng</surname></persName>
		</author>
		<author>
			<persName xmlns="http://www.tei-c.org/ns/1.0"><surname>Hirst</surname></persName>
		</author>
	</analytic>
	<monogr>
		<title level="m">Proceedings of the 50th Annual Meeting of the Association for Computational Linguistics</title>
		<meeting>the 50th Annual Meeting of the Association for Computational Linguistics<address><addrLine>Jeju Island, Korea</addrLine></address></meeting>
		<imprint>
			<date type="published" when="2012" />
			<biblScope unit="page" from="60" to="68" />
		</imprint>
	</monogr>
</biblStruct>

<biblStruct >
	<analytic>
		<title level="a" type="main">Combinations of contrastive discourse markers in English</title>
		<author>
			<persName xmlns="http://www.tei-c.org/ns/1.0"><forename type="first">Bruce</forename><surname>Fraser</surname></persName>
		</author>
	</analytic>
	<monogr>
		<title level="j">International Review of Pragmatics</title>
		<imprint>
			<biblScope unit="volume">5</biblScope>
			<biblScope unit="page" from="318" to="340" />
			<date type="published" when="2013" />
		</imprint>
	</monogr>
</biblStruct>

<biblStruct >
	<analytic>
		<title level="a" type="main">Attention, intention and the structure of discourse</title>
		<author>
			<persName xmlns="http://www.tei-c.org/ns/1.0"><forename type="first">Barbara</forename><surname>Grosz</surname></persName>
		</author>
		<author>
			<persName xmlns="http://www.tei-c.org/ns/1.0"><forename type="first">Candace</forename><surname>Sidner</surname></persName>
		</author>
	</analytic>
	<monogr>
		<title level="j">Computational Linguistics</title>
		<imprint>
			<biblScope unit="volume">12</biblScope>
			<biblScope unit="issue">3</biblScope>
			<biblScope unit="page" from="175" to="204" />
			<date type="published" when="1986" />
		</imprint>
	</monogr>
</biblStruct>

<biblStruct >
	<monogr>
		<title/>
		<author>
			<persName xmlns="http://www.tei-c.org/ns/1.0"><forename type="first">Michael</forename><surname>Halliday</surname></persName>
		</author>
		<author>
			<persName xmlns="http://www.tei-c.org/ns/1.0"><forename type="first">Ruqaiya</forename><surname>Hasan</surname></persName>
		</author>
		<imprint>
			<date type="published" when="1976" />
		</imprint>
		<respStmt>
			<orgName>Cohesion in English. Longman</orgName>
		</respStmt>
	</monogr>
</biblStruct>

<biblStruct >
	<analytic>
		<title level="a" type="main">Representation learning for text-level discourse parsing</title>
		<author>
			<persName xmlns="http://www.tei-c.org/ns/1.0"><forename type="first">Yangfeng</forename><surname>Ji</surname></persName>
		</author>
		<author>
			<persName xmlns="http://www.tei-c.org/ns/1.0"><forename type="first">Jacob</forename><surname>Eisenstein</surname></persName>
		</author>
	</analytic>
	<monogr>
		<title level="m">Proceedings of the 52nd Annual Meeting of the Association for Computational Linguistics</title>
		<meeting>the 52nd Annual Meeting of the Association for Computational Linguistics<address><addrLine>Baltimore, Maryland</addrLine></address></meeting>
		<imprint>
			<date type="published" when="2014" />
			<biblScope unit="volume">1</biblScope>
			<biblScope unit="page" from="13" to="24" />
		</imprint>
	</monogr>
</biblStruct>

<biblStruct >
	<monogr>
		<title level="m" type="main">A Data-driven Methodology for Motivating a Set of Coherence Relations</title>
		<author>
			<persName xmlns="http://www.tei-c.org/ns/1.0"><forename type="first">Alistair</forename><surname>Knott</surname></persName>
		</author>
		<imprint>
			<date type="published" when="1996" />
		</imprint>
		<respStmt>
			<orgName>Department of Artificial Intelligence, University of Edinburgh</orgName>
		</respStmt>
	</monogr>
<note type="report_type">Ph.D. dissertation</note>
</biblStruct>

<biblStruct >
	<analytic>
		<title level="a" type="main">A PDTB-styled end-to-end discourse parser</title>
		<author>
			<persName xmlns="http://www.tei-c.org/ns/1.0"><forename type="first">Ziheng</forename><surname>Lin</surname></persName>
		</author>
		<author>
			<persName xmlns="http://www.tei-c.org/ns/1.0"><forename type="first">Hwee</forename><forename type="middle">Tou</forename><surname>Ng</surname></persName>
		</author>
		<author>
			<persName xmlns="http://www.tei-c.org/ns/1.0"><forename type="first">Min-Yen</forename><surname>Kan</surname></persName>
		</author>
	</analytic>
	<monogr>
		<title level="j">Natural Language Engineering</title>
		<imprint>
			<biblScope unit="page" from="151" to="184" />
			<date type="published" when="2014" />
		</imprint>
	</monogr>
</biblStruct>

<biblStruct >
	<monogr>
		<title level="m" type="main">Rhetorical structure theory and text analysis</title>
		<author>
			<persName xmlns="http://www.tei-c.org/ns/1.0"><forename type="first">C</forename><surname>William</surname></persName>
		</author>
		<author>
			<persName xmlns="http://www.tei-c.org/ns/1.0"><surname>Mann</surname></persName>
		</author>
		<author>
			<persName xmlns="http://www.tei-c.org/ns/1.0"><forename type="first">M</forename><forename type="middle">I M</forename><surname>Christian</surname></persName>
		</author>
		<author>
			<persName xmlns="http://www.tei-c.org/ns/1.0"><forename type="first">Sandra</forename><forename type="middle">A</forename><surname>Matthiessen</surname></persName>
		</author>
		<author>
			<persName xmlns="http://www.tei-c.org/ns/1.0"><surname>Thompson</surname></persName>
		</author>
		<idno>ISI/RR- 89-242</idno>
		<imprint>
			<date type="published" when="1989" />
			<pubPlace>USC-ISI, Marina del Rey CA</pubPlace>
		</imprint>
	</monogr>
<note type="report_type">Technical Report</note>
</biblStruct>

<biblStruct >
	<analytic>
		<title level="a" type="main">Rhetorical Structure Theory: Toward a functional theory of text organization</title>
		<author>
			<persName xmlns="http://www.tei-c.org/ns/1.0"><forename type="first">C</forename><surname>William</surname></persName>
		</author>
		<author>
			<persName xmlns="http://www.tei-c.org/ns/1.0"><forename type="first">Sandra</forename><forename type="middle">A</forename><surname>Mann</surname></persName>
		</author>
		<author>
			<persName xmlns="http://www.tei-c.org/ns/1.0"><surname>Thompson</surname></persName>
		</author>
	</analytic>
	<monogr>
		<title level="j">Text</title>
		<imprint>
			<biblScope unit="volume">8</biblScope>
			<biblScope unit="issue">3</biblScope>
			<biblScope unit="page" from="243" to="281" />
			<date type="published" when="1988" />
		</imprint>
	</monogr>
</biblStruct>

<biblStruct >
	<monogr>
		<title level="m" type="main">The theory and practice of discourse parsing and summarization</title>
		<author>
			<persName xmlns="http://www.tei-c.org/ns/1.0"><forename type="first">Daniel</forename><surname>Marcu</surname></persName>
		</author>
		<imprint>
			<date type="published" when="2000" />
			<publisher>MIT Press</publisher>
		</imprint>
	</monogr>
</biblStruct>

<biblStruct >
	<analytic>
		<title level="a" type="main">Experiments on sense annotation and sense disambiguation of discourse connectives</title>
		<author>
			<persName xmlns="http://www.tei-c.org/ns/1.0"><forename type="first">Eleni</forename><surname>Miltsakaki</surname></persName>
		</author>
		<author>
			<persName xmlns="http://www.tei-c.org/ns/1.0"><forename type="first">Nikhil</forename><surname>Dinesh</surname></persName>
		</author>
		<author>
			<persName xmlns="http://www.tei-c.org/ns/1.0"><forename type="first">Rashmi</forename><surname>Prasad</surname></persName>
		</author>
		<author>
			<persName xmlns="http://www.tei-c.org/ns/1.0"><forename type="first">Aravind</forename><surname>Joshi</surname></persName>
		</author>
		<author>
			<persName xmlns="http://www.tei-c.org/ns/1.0"><forename type="first">Bonnie</forename><surname>Webber</surname></persName>
		</author>
	</analytic>
	<monogr>
		<title level="m">Proceedings of the Fourth Workshop on Treebanks and Linguistic Theories (TLT&apos;05)</title>
		<meeting>the Fourth Workshop on Treebanks and Linguistic Theories (TLT&apos;05)<address><addrLine>Barcelona, Spain</addrLine></address></meeting>
		<imprint>
			<date type="published" when="2005" />
		</imprint>
	</monogr>
</biblStruct>

<biblStruct >
	<analytic>
		<title level="a" type="main">A problem for RST: The need for multi-level discouse analysis</title>
		<author>
			<persName xmlns="http://www.tei-c.org/ns/1.0"><forename type="first">Johanna</forename><surname>Moore</surname></persName>
		</author>
		<author>
			<persName xmlns="http://www.tei-c.org/ns/1.0"><forename type="first">Martha</forename><surname>Pollack</surname></persName>
		</author>
	</analytic>
	<monogr>
		<title level="j">Computational Linguistics</title>
		<imprint>
			<biblScope unit="volume">18</biblScope>
			<biblScope unit="issue">4</biblScope>
			<biblScope unit="page" from="537" to="544" />
			<date type="published" when="1992" />
		</imprint>
	</monogr>
</biblStruct>

<biblStruct >
	<analytic>
		<title level="a" type="main">The Penn Discourse TreeBank 2.0</title>
		<author>
			<persName xmlns="http://www.tei-c.org/ns/1.0"><forename type="first">Rashmi</forename><surname>Prasad</surname></persName>
		</author>
		<author>
			<persName xmlns="http://www.tei-c.org/ns/1.0"><forename type="first">Nikhil</forename><surname>Dinesh</surname></persName>
		</author>
		<author>
			<persName xmlns="http://www.tei-c.org/ns/1.0"><forename type="first">Alan</forename><surname>Lee</surname></persName>
		</author>
		<author>
			<persName xmlns="http://www.tei-c.org/ns/1.0"><forename type="first">Eleni</forename><surname>Miltsakaki</surname></persName>
		</author>
		<author>
			<persName xmlns="http://www.tei-c.org/ns/1.0"><forename type="first">Livio</forename><surname>Robaldo</surname></persName>
		</author>
		<author>
			<persName xmlns="http://www.tei-c.org/ns/1.0"><forename type="first">Aravind</forename><surname>Joshi</surname></persName>
		</author>
		<author>
			<persName xmlns="http://www.tei-c.org/ns/1.0"><forename type="first">Bonnie</forename><surname>Webber</surname></persName>
		</author>
	</analytic>
	<monogr>
		<title level="m">Proceedings of the 6th International Conference on Language Resources and Evaluation</title>
		<meeting>the 6th International Conference on Language Resources and Evaluation<address><addrLine>Marrakech, Morocco</addrLine></address></meeting>
		<imprint>
			<date type="published" when="2008" />
			<biblScope unit="page" from="2961" to="2968" />
		</imprint>
	</monogr>
</biblStruct>

<biblStruct >
	<analytic>
		<title level="a" type="main">Reflections on the Penn Discourse TreeBank, comparable corpora and complementary annotation</title>
		<author>
			<persName xmlns="http://www.tei-c.org/ns/1.0"><forename type="first">Rashmi</forename><surname>Prasad</surname></persName>
		</author>
		<author>
			<persName xmlns="http://www.tei-c.org/ns/1.0"><forename type="first">Bonnie</forename><surname>Webber</surname></persName>
		</author>
		<author>
			<persName xmlns="http://www.tei-c.org/ns/1.0"><forename type="first">Aravind</forename><surname>Joshi</surname></persName>
		</author>
	</analytic>
	<monogr>
		<title level="j">Computational Linguistics</title>
		<imprint>
			<biblScope unit="volume">40</biblScope>
			<biblScope unit="issue">4</biblScope>
			<biblScope unit="page" from="921" to="950" />
			<date type="published" when="2014" />
		</imprint>
	</monogr>
</biblStruct>

<biblStruct >
	<analytic>
		<title level="a" type="main">Recovering discourse relations: Varying influence of discourse adverbials</title>
		<author>
			<persName xmlns="http://www.tei-c.org/ns/1.0"><forename type="first">Hannah</forename><surname>Rohde</surname></persName>
		</author>
		<author>
			<persName xmlns="http://www.tei-c.org/ns/1.0"><forename type="first">Anna</forename><surname>Dickinson</surname></persName>
		</author>
		<author>
			<persName xmlns="http://www.tei-c.org/ns/1.0"><forename type="first">Chris</forename><surname>Clark</surname></persName>
		</author>
		<author>
			<persName xmlns="http://www.tei-c.org/ns/1.0"><forename type="first">Annie</forename><surname>Louis</surname></persName>
		</author>
		<author>
			<persName xmlns="http://www.tei-c.org/ns/1.0"><forename type="first">Bonnie</forename><surname>Webber</surname></persName>
		</author>
	</analytic>
	<monogr>
		<title level="m">Proceedings of the First Workshop on Linking Computational Models of Lexical, Sentential and Discourse-level Semantics</title>
		<meeting>the First Workshop on Linking Computational Models of Lexical, Sentential and Discourse-level Semantics<address><addrLine>Lisbon, Portugal</addrLine></address></meeting>
		<imprint>
			<date type="published" when="2015" />
			<biblScope unit="page" from="22" to="31" />
		</imprint>
	</monogr>
</biblStruct>

<biblStruct >
	<analytic>
		<title level="a" type="main">Filling in the blanks in understanding discourse adverbials: Consistency, conflict, and context-dependence in a crowdsourced elicitation task</title>
		<author>
			<persName xmlns="http://www.tei-c.org/ns/1.0"><forename type="first">Hannah</forename><surname>Rohde</surname></persName>
		</author>
		<author>
			<persName xmlns="http://www.tei-c.org/ns/1.0"><forename type="first">Anna</forename><surname>Dickinson</surname></persName>
		</author>
		<author>
			<persName xmlns="http://www.tei-c.org/ns/1.0"><forename type="first">Nathan</forename><surname>Schneider</surname></persName>
		</author>
		<author>
			<persName xmlns="http://www.tei-c.org/ns/1.0"><forename type="first">Christopher</forename><surname>Clark</surname></persName>
		</author>
		<author>
			<persName xmlns="http://www.tei-c.org/ns/1.0"><forename type="first">Annie</forename><surname>Louis</surname></persName>
		</author>
		<author>
			<persName xmlns="http://www.tei-c.org/ns/1.0"><forename type="first">Bonnie</forename><surname>Webber</surname></persName>
		</author>
	</analytic>
	<monogr>
		<title level="m">Proceedings of the Tenth Linguistic Annotation Workshop (LAW-X)</title>
		<meeting>the Tenth Linguistic Annotation Workshop (LAW-X)<address><addrLine>Berlin, Germany</addrLine></address></meeting>
		<imprint>
			<date type="published" when="2016" />
			<biblScope unit="page" from="49" to="58" />
		</imprint>
	</monogr>
</biblStruct>

<biblStruct >
	<analytic>
		<title level="a" type="main">Exploring substitutability through discourse adverbials and multiple judgments</title>
		<author>
			<persName xmlns="http://www.tei-c.org/ns/1.0"><forename type="first">Hannah</forename><surname>Rohde</surname></persName>
		</author>
		<author>
			<persName xmlns="http://www.tei-c.org/ns/1.0"><forename type="first">Anna</forename><surname>Dickinson</surname></persName>
		</author>
		<author>
			<persName xmlns="http://www.tei-c.org/ns/1.0"><forename type="first">Nathan</forename><surname>Schneider</surname></persName>
		</author>
		<author>
			<persName xmlns="http://www.tei-c.org/ns/1.0"><forename type="first">Annie</forename><surname>Louis</surname></persName>
		</author>
		<author>
			<persName xmlns="http://www.tei-c.org/ns/1.0"><forename type="first">Bonnie</forename><surname>Webber</surname></persName>
		</author>
	</analytic>
	<monogr>
		<title level="m">Proceedings of the 12th International Conference on Computational Semantics (IWCS)</title>
		<meeting>the 12th International Conference on Computational Semantics (IWCS)<address><addrLine>Montpellier, France</addrLine></address></meeting>
		<imprint>
			<date type="published" when="2017" />
		</imprint>
	</monogr>
</biblStruct>

<biblStruct >
	<analytic>
		<title level="a" type="main">Crowdsourcing discourse interpretations: On the influence of context and the reliability of a connective insertion task</title>
		<author>
			<persName xmlns="http://www.tei-c.org/ns/1.0"><forename type="first">Merel</forename><surname>Scholman</surname></persName>
		</author>
		<author>
			<persName xmlns="http://www.tei-c.org/ns/1.0"><forename type="first">Vera</forename><surname>Demberg</surname></persName>
		</author>
	</analytic>
	<monogr>
		<title level="m">Proceedings of the 11th Linguistic Annotation Workshop</title>
		<meeting>the 11th Linguistic Annotation Workshop<address><addrLine>Valencia, Spain</addrLine></address></meeting>
		<imprint>
			<date type="published" when="2017" />
			<biblScope unit="page" from="24" to="33" />
		</imprint>
	</monogr>
</biblStruct>

<biblStruct >
	<monogr>
		<title level="m" type="main">Discourse Processing</title>
		<author>
			<persName xmlns="http://www.tei-c.org/ns/1.0"><forename type="first">Manfred</forename><surname>Stede</surname></persName>
		</author>
		<imprint>
			<date type="published" when="2012" />
			<publisher>Morgan &amp; Claypool Publishers</publisher>
		</imprint>
	</monogr>
</biblStruct>

<biblStruct >
	<analytic>
		<title level="a" type="main">What excludes an alternative in coherence relations?</title>
		<author>
			<persName xmlns="http://www.tei-c.org/ns/1.0"><forename type="first">Bonnie</forename><surname>Webber</surname></persName>
		</author>
	</analytic>
	<monogr>
		<title level="m">Proceedings of the 10th International Conference on Computational Semantics</title>
		<meeting>the 10th International Conference on Computational Semantics<address><addrLine>Potsdam, Germany</addrLine></address></meeting>
		<imprint>
			<date type="published" when="2013" />
		</imprint>
	</monogr>
</biblStruct>

<biblStruct >
	<analytic>
		<title level="a" type="main">The anaphoric nature of certain discourse connectives</title>
		<author>
			<persName xmlns="http://www.tei-c.org/ns/1.0"><forename type="first">Bonnie</forename><surname>Webber</surname></persName>
		</author>
		<author>
			<persName xmlns="http://www.tei-c.org/ns/1.0"><forename type="first">Aravind</forename><surname>Joshi</surname></persName>
		</author>
		<author>
			<persName xmlns="http://www.tei-c.org/ns/1.0"><forename type="first">Alistair</forename><surname>Knott</surname></persName>
		</author>
	</analytic>
	<monogr>
		<title level="m">Making Sense: From Lexeme to Discourse</title>
		<meeting><address><addrLine>Groningen, The Netherlands</addrLine></address></meeting>
		<imprint>
			<date type="published" when="2000" />
		</imprint>
	</monogr>
</biblStruct>

<biblStruct >
	<analytic>
		<title level="a" type="main">The CoNLL-2015 Shared Task on Shallow Discourse Parsing</title>
		<author>
			<persName xmlns="http://www.tei-c.org/ns/1.0"><forename type="first">Nianwen</forename><surname>Xue</surname></persName>
		</author>
		<author>
			<persName xmlns="http://www.tei-c.org/ns/1.0"><forename type="first">Hwee</forename><forename type="middle">Tou</forename><surname>Ng</surname></persName>
		</author>
		<author>
			<persName xmlns="http://www.tei-c.org/ns/1.0"><forename type="first">Sameer</forename><surname>Pradhan</surname></persName>
		</author>
		<author>
			<persName xmlns="http://www.tei-c.org/ns/1.0"><forename type="first">Rashmi</forename><surname>Prasad</surname></persName>
		</author>
		<author>
			<persName xmlns="http://www.tei-c.org/ns/1.0"><forename type="first">Christopher</forename><surname>Bryant</surname></persName>
		</author>
		<author>
			<persName xmlns="http://www.tei-c.org/ns/1.0"><forename type="first">Attapol</forename><forename type="middle">T</forename><surname>Rutherford</surname></persName>
		</author>
	</analytic>
	<monogr>
		<title level="m">Proceedings of the Nineteenth Conference on Computational Language Learning: Shared Task</title>
		<meeting>the Nineteenth Conference on Computational Language Learning: Shared Task<address><addrLine>Beijing, China</addrLine></address></meeting>
		<imprint>
			<date type="published" when="2015" />
			<biblScope unit="page" from="1" to="16" />
		</imprint>
	</monogr>
</biblStruct>

<biblStruct >
	<analytic>
		<title level="a" type="main">CoNLL 2016 Shared Task on Multilingual Shallow Discourse Parsing</title>
		<author>
			<persName xmlns="http://www.tei-c.org/ns/1.0"><forename type="first">Nianwen</forename><surname>Xue</surname></persName>
		</author>
		<author>
			<persName xmlns="http://www.tei-c.org/ns/1.0"><forename type="first">Hwee</forename><forename type="middle">Tou</forename><surname>Ng</surname></persName>
		</author>
		<author>
			<persName xmlns="http://www.tei-c.org/ns/1.0"><forename type="first">Sameer</forename><surname>Pradhan</surname></persName>
		</author>
		<author>
			<persName xmlns="http://www.tei-c.org/ns/1.0"><forename type="first">Attapol</forename><surname>Rutherford</surname></persName>
		</author>
		<author>
			<persName xmlns="http://www.tei-c.org/ns/1.0"><forename type="first">Bonnie</forename><surname>Webber</surname></persName>
		</author>
		<author>
			<persName xmlns="http://www.tei-c.org/ns/1.0"><forename type="first">Chuan</forename><surname>Wang</surname></persName>
		</author>
		<author>
			<persName xmlns="http://www.tei-c.org/ns/1.0"><forename type="first">Hongmin</forename><surname>Wang</surname></persName>
		</author>
	</analytic>
	<monogr>
		<title level="m">Proceedings of the 20th Conference on Computational Natural Language Learning-Shared Task</title>
		<meeting>the 20th Conference on Computational Natural Language Learning-Shared Task<address><addrLine>Berlin, Germany</addrLine></address></meeting>
		<imprint>
			<date type="published" when="2016" />
			<biblScope unit="page" from="1" to="19" />
		</imprint>
	</monogr>
</biblStruct>

			</listBibl>
		</back>
	</text>
</TEI>
