<?xml version="1.0" ?>
<TEI xmlns="http://www.tei-c.org/ns/1.0" xmlns:xlink="http://www.w3.org/1999/xlink" 
 xmlns:mml="http://www.w3.org/1998/Math/MathML">
	<teiHeader>
		<fileDesc xml:id="f_784"/>
	</teiHeader>
	<text>
		<front/>
		<body/>
		<back>
			<listBibl>
<biblStruct >
	<analytic>
		<title level="a" type="main">Synthetic and natural noise both break neural machine translation</title>
		<author>
			<persName xmlns="http://www.tei-c.org/ns/1.0"><forename type="first">Yonatan</forename><surname>Belinkov</surname></persName>
		</author>
		<author>
			<persName xmlns="http://www.tei-c.org/ns/1.0"><forename type="first">Yonatan</forename><surname>Bisk</surname></persName>
		</author>
	</analytic>
	<monogr>
		<title level="m">Proceedings of ICLR</title>
		<meeting>ICLR</meeting>
		<imprint>
			<date type="published" when="2018" />
		</imprint>
	</monogr>
</biblStruct>

<biblStruct >
	<analytic>
		<title level="a" type="main">Towards evaluating the robustness of neural networks</title>
		<author>
			<persName xmlns="http://www.tei-c.org/ns/1.0"><forename type="first">Nicholas</forename><surname>Carlini</surname></persName>
		</author>
		<author>
			<persName xmlns="http://www.tei-c.org/ns/1.0"><forename type="first">David</forename><surname>Wagner</surname></persName>
		</author>
	</analytic>
	<monogr>
		<title level="m">Security and Privacy (SP), 2017 IEEE Symposium on</title>
		<imprint>
			<publisher>IEEE</publisher>
			<date type="published" when="2017" />
			<biblScope unit="page" from="39" to="57" />
		</imprint>
	</monogr>
</biblStruct>

<biblStruct >
	<analytic>
		<title level="a" type="main">Very deep convolutional networks for text classification</title>
		<author>
			<persName xmlns="http://www.tei-c.org/ns/1.0"><forename type="first">Alexis</forename><surname>Conneau</surname></persName>
		</author>
		<author>
			<persName xmlns="http://www.tei-c.org/ns/1.0"><forename type="first">Holger</forename><surname>Schwenk</surname></persName>
		</author>
		<author>
			<persName xmlns="http://www.tei-c.org/ns/1.0"><forename type="first">Lo¨ıclo¨ıc</forename><surname>Barrault</surname></persName>
		</author>
		<author>
			<persName xmlns="http://www.tei-c.org/ns/1.0"><forename type="first">Yann</forename><surname>Lecun</surname></persName>
		</author>
	</analytic>
	<monogr>
		<title level="m">Proceedings of EACL</title>
		<meeting>EACL</meeting>
		<imprint>
			<date type="published" when="2017" />
			<biblScope unit="volume">1</biblScope>
			<biblScope unit="page" from="1107" to="1116" />
		</imprint>
	</monogr>
</biblStruct>

<biblStruct >
	<analytic>
		<title level="a" type="main">Adversarial classification</title>
		<author>
			<persName xmlns="http://www.tei-c.org/ns/1.0"><forename type="first">Nilesh</forename><surname>Dalvi</surname></persName>
		</author>
		<author>
			<persName xmlns="http://www.tei-c.org/ns/1.0"><forename type="first">Pedro</forename><surname>Domingos</surname></persName>
		</author>
		<author>
			<persName xmlns="http://www.tei-c.org/ns/1.0"><forename type="first">Sumit</forename><surname>Sanghai</surname></persName>
		</author>
		<author>
			<persName xmlns="http://www.tei-c.org/ns/1.0"><forename type="first">Deepak</forename><surname>Verma</surname></persName>
		</author>
	</analytic>
	<monogr>
		<title level="m">Proceedings of KDD</title>
		<meeting>KDD</meeting>
		<imprint>
			<date type="published" when="2004" />
			<biblScope unit="page" from="99" to="108" />
		</imprint>
	</monogr>
</biblStruct>

<biblStruct >
	<analytic>
		<title level="a" type="main">Explaining and harnessing adversarial examples</title>
		<author>
			<persName xmlns="http://www.tei-c.org/ns/1.0"><forename type="first">J</forename><surname>Ian</surname></persName>
		</author>
		<author>
			<persName xmlns="http://www.tei-c.org/ns/1.0"><forename type="first">Jonathon</forename><surname>Goodfellow</surname></persName>
		</author>
		<author>
			<persName xmlns="http://www.tei-c.org/ns/1.0"><forename type="first">Christian</forename><surname>Shlens</surname></persName>
		</author>
		<author>
			<persName xmlns="http://www.tei-c.org/ns/1.0"><surname>Szegedy</surname></persName>
		</author>
	</analytic>
	<monogr>
		<title level="m">Proceedings of ICLR</title>
		<meeting>ICLR</meeting>
		<imprint>
			<date type="published" when="2015" />
		</imprint>
	</monogr>
</biblStruct>

<biblStruct >
	<monogr>
		<title level="m" type="main">Deceiving google&apos;s perspective api built for detecting toxic comments</title>
		<author>
			<persName xmlns="http://www.tei-c.org/ns/1.0"><forename type="first">Hossein</forename><surname>Hosseini</surname></persName>
		</author>
		<author>
			<persName xmlns="http://www.tei-c.org/ns/1.0"><forename type="first">Sreeram</forename><surname>Kannan</surname></persName>
		</author>
		<author>
			<persName xmlns="http://www.tei-c.org/ns/1.0"><forename type="first">Baosen</forename><surname>Zhang</surname></persName>
		</author>
		<author>
			<persName xmlns="http://www.tei-c.org/ns/1.0"><forename type="first">Radha</forename><surname>Poovendran</surname></persName>
		</author>
		<idno type="arXiv">arXiv:1702.08138</idno>
		<imprint>
			<date type="published" when="2017" />
		</imprint>
	</monogr>
<note type="report_type">arXiv preprint</note>
</biblStruct>

<biblStruct >
	<monogr>
		<title level="m" type="main">Adversarial example generation with syntactically controlled paraphrase networks</title>
		<author>
			<persName xmlns="http://www.tei-c.org/ns/1.0"><forename type="first">Mohit</forename><surname>Iyyer</surname></persName>
		</author>
		<author>
			<persName xmlns="http://www.tei-c.org/ns/1.0"><forename type="first">John</forename><surname>Wieting</surname></persName>
		</author>
		<author>
			<persName xmlns="http://www.tei-c.org/ns/1.0"><forename type="first">Kevin</forename><surname>Gimpel</surname></persName>
		</author>
		<author>
			<persName xmlns="http://www.tei-c.org/ns/1.0"><forename type="first">Luke</forename><surname>Zettlemoyer</surname></persName>
		</author>
		<idno type="arXiv">arXiv:1804.06059</idno>
		<imprint>
			<date type="published" when="2018" />
		</imprint>
	</monogr>
<note type="report_type">arXiv preprint</note>
</biblStruct>

<biblStruct >
	<analytic>
		<title level="a" type="main">Adversarial examples for evaluating reading comprehension systems</title>
		<author>
			<persName xmlns="http://www.tei-c.org/ns/1.0"><forename type="first">Robin</forename><surname>Jia</surname></persName>
		</author>
		<author>
			<persName xmlns="http://www.tei-c.org/ns/1.0"><forename type="first">Percy</forename><surname>Liang</surname></persName>
		</author>
	</analytic>
	<monogr>
		<title level="m">Proceedings of EMNLP</title>
		<meeting>EMNLP</meeting>
		<imprint>
			<date type="published" when="2017" />
		</imprint>
	</monogr>
</biblStruct>

<biblStruct >
	<analytic>
		<title level="a" type="main">Convolutional neural networks for sentence classification</title>
		<author>
			<persName xmlns="http://www.tei-c.org/ns/1.0"><forename type="first">Yoon</forename><surname>Kim</surname></persName>
		</author>
	</analytic>
	<monogr>
		<title level="m">Proceedings of EMNLP</title>
		<meeting>EMNLP</meeting>
		<imprint>
			<date type="published" when="2014" />
		</imprint>
	</monogr>
</biblStruct>

<biblStruct >
	<analytic>
		<title level="a" type="main">Character-aware neural language models</title>
		<author>
			<persName xmlns="http://www.tei-c.org/ns/1.0"><forename type="first">Yoon</forename><surname>Kim</surname></persName>
		</author>
		<author>
			<persName xmlns="http://www.tei-c.org/ns/1.0"><forename type="first">Yacine</forename><surname>Jernite</surname></persName>
		</author>
		<author>
			<persName xmlns="http://www.tei-c.org/ns/1.0"><forename type="first">David</forename><surname>Sontag</surname></persName>
		</author>
		<author>
			<persName xmlns="http://www.tei-c.org/ns/1.0"><forename type="first">Alexander M</forename><surname>Rush</surname></persName>
		</author>
	</analytic>
	<monogr>
		<title level="m">Proceedings of AAAI</title>
		<meeting>AAAI</meeting>
		<imprint>
			<date type="published" when="2016" />
		</imprint>
	</monogr>
</biblStruct>

<biblStruct >
	<analytic>
		<title level="a" type="main">Adversarial learning</title>
		<author>
			<persName xmlns="http://www.tei-c.org/ns/1.0"><forename type="first">Daniel</forename><surname>Lowd</surname></persName>
		</author>
		<author>
			<persName xmlns="http://www.tei-c.org/ns/1.0"><forename type="first">Christopher</forename><surname>Meek</surname></persName>
		</author>
	</analytic>
	<monogr>
		<title level="m">Proceedings of KDD</title>
		<meeting>KDD</meeting>
		<imprint>
			<date type="published" when="2005" />
			<biblScope unit="page" from="641" to="647" />
		</imprint>
	</monogr>
</biblStruct>

<biblStruct >
	<analytic>
		<title level="a" type="main">Towards deep learning models resistant to adversarial attacks</title>
		<author>
			<persName xmlns="http://www.tei-c.org/ns/1.0"><forename type="first">Aleksander</forename><surname>Madry</surname></persName>
		</author>
		<author>
			<persName xmlns="http://www.tei-c.org/ns/1.0"><forename type="first">Aleksandar</forename><surname>Makelov</surname></persName>
		</author>
		<author>
			<persName xmlns="http://www.tei-c.org/ns/1.0"><forename type="first">Ludwig</forename><surname>Schmidt</surname></persName>
		</author>
		<author>
			<persName xmlns="http://www.tei-c.org/ns/1.0"><forename type="first">Dimitris</forename><surname>Tsipras</surname></persName>
		</author>
		<author>
			<persName xmlns="http://www.tei-c.org/ns/1.0"><forename type="first">Adrian</forename><surname>Vladu</surname></persName>
		</author>
	</analytic>
	<monogr>
		<title level="m">Proceedings of ICLR</title>
		<meeting>ICLR</meeting>
		<imprint>
			<date type="published" when="2018" />
		</imprint>
	</monogr>
</biblStruct>

<biblStruct >
	<analytic>
		<title level="a" type="main">Adversarial training methods for semisupervised text classification</title>
		<author>
			<persName xmlns="http://www.tei-c.org/ns/1.0"><forename type="first">Takeru</forename><surname>Miyato</surname></persName>
		</author>
		<author>
			<persName xmlns="http://www.tei-c.org/ns/1.0"><forename type="first">M</forename><surname>Andrew</surname></persName>
		</author>
		<author>
			<persName xmlns="http://www.tei-c.org/ns/1.0"><forename type="first">Ian</forename><surname>Dai</surname></persName>
		</author>
		<author>
			<persName xmlns="http://www.tei-c.org/ns/1.0"><surname>Goodfellow</surname></persName>
		</author>
	</analytic>
	<monogr>
		<title level="m">Proceedings of ICLR</title>
		<meeting>ICLR</meeting>
		<imprint>
			<date type="published" when="2017" />
		</imprint>
	</monogr>
</biblStruct>

<biblStruct >
	<analytic>
		<title level="a" type="main">The limitations of deep learning in adversarial settings</title>
		<author>
			<persName xmlns="http://www.tei-c.org/ns/1.0"><forename type="first">Nicolas</forename><surname>Papernot</surname></persName>
		</author>
		<author>
			<persName xmlns="http://www.tei-c.org/ns/1.0"><forename type="first">Patrick</forename><surname>Mcdaniel</surname></persName>
		</author>
		<author>
			<persName xmlns="http://www.tei-c.org/ns/1.0"><forename type="first">Somesh</forename><surname>Jha</surname></persName>
		</author>
		<author>
			<persName xmlns="http://www.tei-c.org/ns/1.0"><forename type="first">Matt</forename><surname>Fredrikson</surname></persName>
		</author>
		<author>
			<persName xmlns="http://www.tei-c.org/ns/1.0"><forename type="first">Ananthram</forename><surname>Berkay Celik</surname></persName>
		</author>
		<author>
			<persName xmlns="http://www.tei-c.org/ns/1.0"><surname>Swami</surname></persName>
		</author>
	</analytic>
	<monogr>
		<title level="m">Security and Privacy (EuroS&amp;P)</title>
		<imprint>
			<publisher>IEEE</publisher>
			<date type="published" when="2016" />
			<biblScope unit="page" from="372" to="387" />
		</imprint>
	</monogr>
</biblStruct>

			</listBibl>
		</back>
	</text>
</TEI>
