<?xml version="1.0" ?>
<TEI xmlns="http://www.tei-c.org/ns/1.0" xmlns:xlink="http://www.w3.org/1999/xlink" 
 xmlns:mml="http://www.w3.org/1998/Math/MathML">
	<teiHeader>
		<fileDesc xml:id="f_892"/>
	</teiHeader>
	<text>
		<front/>
		<body/>
		<back>
			<listBibl>
<biblStruct >
	<analytic>
		<title level="a" type="main">Altmetric: Enriching scholarly content with article-level discussion and metrics</title>
		<author>
			<persName xmlns="http://www.tei-c.org/ns/1.0"><forename type="first">E</forename><surname>Adie</surname></persName>
		</author>
		<author>
			<persName xmlns="http://www.tei-c.org/ns/1.0"><surname>Roe</surname></persName>
		</author>
	</analytic>
	<monogr>
		<title level="j">Learned Publishing</title>
		<imprint>
			<biblScope unit="volume">26</biblScope>
			<biblScope unit="issue">1</biblScope>
			<biblScope unit="page" from="11" to="17" />
			<date type="published" when="2013" />
		</imprint>
	</monogr>
</biblStruct>

<biblStruct >
	<analytic>
		<title level="a" type="main">What do citation counts measure? A review of studies on citing behavior</title>
		<author>
			<persName xmlns="http://www.tei-c.org/ns/1.0"><forename type="first">L</forename><surname>Bornmann</surname></persName>
		</author>
		<author>
			<persName xmlns="http://www.tei-c.org/ns/1.0"><forename type="first">H</forename><surname>Daniel</surname></persName>
		</author>
	</analytic>
	<monogr>
		<title level="j">Journal of Documentation</title>
		<imprint>
			<biblScope unit="volume">64</biblScope>
			<biblScope unit="issue">1</biblScope>
			<biblScope unit="page" from="45" to="80" />
			<date type="published" when="2008" />
		</imprint>
	</monogr>
</biblStruct>

<biblStruct >
	<analytic>
		<title/>
		<author>
			<persName xmlns="http://www.tei-c.org/ns/1.0"><forename type="first">T</forename><surname>Bubela</surname></persName>
		</author>
	</analytic>
	<monogr>
		<title level="j">Science communication reconsidered</title>
		<imprint>
			<biblScope unit="volume">27</biblScope>
			<biblScope unit="issue">6</biblScope>
			<biblScope unit="page" from="514" to="518" />
			<date type="published" when="2009" />
		</imprint>
	</monogr>
</biblStruct>

<biblStruct >
	<analytic>
		<title level="a" type="main">Scientists: your number is up</title>
		<author>
			<persName xmlns="http://www.tei-c.org/ns/1.0"><forename type="first">D</forename><surname>Butler</surname></persName>
		</author>
	</analytic>
	<monogr>
		<title level="j">Nature</title>
		<imprint>
			<biblScope unit="volume">485</biblScope>
			<biblScope unit="issue">7400</biblScope>
			<biblScope unit="page" from="564" to="564" />
			<date type="published" when="2012" />
		</imprint>
	</monogr>
</biblStruct>

<biblStruct >
	<analytic>
		<title level="a" type="main">Uses of expertise: sources, quotes, and voice in the reporting of genetics in the news</title>
		<author>
			<persName xmlns="http://www.tei-c.org/ns/1.0"><forename type="first">P</forename><surname>Conrad</surname></persName>
		</author>
	</analytic>
	<monogr>
		<title level="j">Public Understanding of Science</title>
		<imprint>
			<biblScope unit="volume">8</biblScope>
			<biblScope unit="page" from="285" to="302" />
			<date type="published" when="1999" />
		</imprint>
	</monogr>
</biblStruct>

<biblStruct >
	<analytic>
		<title level="a" type="main">ParsCit: An open-source CRF Reference String Parsing Package</title>
	</analytic>
	<monogr>
		<title level="m">LREC &apos;08: Proceedings of the 6th International Conference on Language Resources and Evaluation</title>
		<imprint>
			<date type="published" when="2008" />
			<biblScope unit="page" from="661" to="667" />
		</imprint>
	</monogr>
</biblStruct>

			</listBibl>
		</back>
	</text>
</TEI>
