<?xml version="1.0" ?>
<TEI xmlns="http://www.tei-c.org/ns/1.0" xmlns:xlink="http://www.w3.org/1999/xlink" 
 xmlns:mml="http://www.w3.org/1998/Math/MathML">
	<teiHeader>
		<fileDesc xml:id="f_342"/>
	</teiHeader>
	<text>
		<front/>
		<body/>
		<back>
			<listBibl>
<biblStruct >
	<analytic>
		<title level="a" type="main">Reference-based metrics can be replaced with reference-less metrics in evaluating grammatical error correction systems</title>
		<author>
			<persName xmlns="http://www.tei-c.org/ns/1.0"><forename type="first">Hiroki</forename><surname>Asano</surname></persName>
		</author>
		<author>
			<persName xmlns="http://www.tei-c.org/ns/1.0"><forename type="first">Tomoya</forename><surname>Mizumoto</surname></persName>
		</author>
		<author>
			<persName xmlns="http://www.tei-c.org/ns/1.0"><forename type="first">Kentaro</forename><surname>Inui</surname></persName>
		</author>
	</analytic>
	<monogr>
		<title level="m">Proceedings of the Eighth International Joint Conference on Natural Language Processing</title>
		<meeting>the Eighth International Joint Conference on Natural Language Processing</meeting>
		<imprint>
			<date type="published" when="2017" />
			<biblScope unit="volume">2</biblScope>
			<biblScope unit="page" from="343" to="348" />
		</imprint>
	</monogr>
</biblStruct>

<biblStruct >
	<analytic>
		<title level="a" type="main">Hume: Human ucca-based evaluation of machine translation</title>
		<author>
			<persName xmlns="http://www.tei-c.org/ns/1.0"><forename type="first">Alexandra</forename><surname>Birch</surname></persName>
		</author>
		<author>
			<persName xmlns="http://www.tei-c.org/ns/1.0"><forename type="first">Omri</forename><surname>Abend</surname></persName>
		</author>
		<author>
			<persName xmlns="http://www.tei-c.org/ns/1.0"><forename type="first">Ondřej</forename><surname>Bojar</surname></persName>
		</author>
		<author>
			<persName xmlns="http://www.tei-c.org/ns/1.0"><forename type="first">Barry</forename><surname>Haddow</surname></persName>
		</author>
	</analytic>
	<monogr>
		<title level="m">Proceedings of the 2016 Conference on Empirical Methods in Natural Language Processing</title>
		<meeting>the 2016 Conference on Empirical Methods in Natural Language Processing</meeting>
		<imprint>
			<date type="published" when="2016" />
			<biblScope unit="page" from="1264" to="1274" />
		</imprint>
	</monogr>
</biblStruct>

<biblStruct >
	<analytic>
		<title level="a" type="main">Findings of the 2014 workshop on statistical machine translation</title>
		<author>
			<persName xmlns="http://www.tei-c.org/ns/1.0"><forename type="first">Ondrej</forename><surname>Bojar</surname></persName>
		</author>
		<author>
			<persName xmlns="http://www.tei-c.org/ns/1.0"><forename type="first">Christian</forename><surname>Buck</surname></persName>
		</author>
		<author>
			<persName xmlns="http://www.tei-c.org/ns/1.0"><forename type="first">Christian</forename><surname>Federmann</surname></persName>
		</author>
		<author>
			<persName xmlns="http://www.tei-c.org/ns/1.0"><forename type="first">Barry</forename><surname>Haddow</surname></persName>
		</author>
		<author>
			<persName xmlns="http://www.tei-c.org/ns/1.0"><forename type="first">Philipp</forename><surname>Koehn</surname></persName>
		</author>
		<author>
			<persName xmlns="http://www.tei-c.org/ns/1.0"><forename type="first">Johannes</forename><surname>Leveling</surname></persName>
		</author>
		<author>
			<persName xmlns="http://www.tei-c.org/ns/1.0"><forename type="first">Christof</forename><surname>Monz</surname></persName>
		</author>
		<author>
			<persName xmlns="http://www.tei-c.org/ns/1.0"><forename type="first">Pavel</forename><surname>Pecina</surname></persName>
		</author>
		<author>
			<persName xmlns="http://www.tei-c.org/ns/1.0"><forename type="first">Matt</forename><surname>Post</surname></persName>
		</author>
		<author>
			<persName xmlns="http://www.tei-c.org/ns/1.0"><forename type="first">Herve</forename><surname>Saint-Amand</surname></persName>
		</author>
	</analytic>
	<monogr>
		<title level="m">Proceedings of the ninth workshop on statistical machine translation</title>
		<meeting>the ninth workshop on statistical machine translation</meeting>
		<imprint>
			<date type="published" when="2014" />
			<biblScope unit="page" from="12" to="58" />
		</imprint>
	</monogr>
</biblStruct>

<biblStruct >
	<analytic>
		<title level="a" type="main">Findings of the 2017 conference on machine translation (wmt17)</title>
		<author>
			<persName xmlns="http://www.tei-c.org/ns/1.0"><forename type="first">Ondřej</forename><surname>Bojar</surname></persName>
		</author>
		<author>
			<persName xmlns="http://www.tei-c.org/ns/1.0"><forename type="first">Rajen</forename><surname>Chatterjee</surname></persName>
		</author>
		<author>
			<persName xmlns="http://www.tei-c.org/ns/1.0"><forename type="first">Christian</forename><surname>Federmann</surname></persName>
		</author>
		<author>
			<persName xmlns="http://www.tei-c.org/ns/1.0"><forename type="first">Yvette</forename><surname>Graham</surname></persName>
		</author>
		<author>
			<persName xmlns="http://www.tei-c.org/ns/1.0"><forename type="first">Barry</forename><surname>Haddow</surname></persName>
		</author>
		<author>
			<persName xmlns="http://www.tei-c.org/ns/1.0"><forename type="first">Shujian</forename><surname>Huang</surname></persName>
		</author>
		<author>
			<persName xmlns="http://www.tei-c.org/ns/1.0"><forename type="first">Matthias</forename><surname>Huck</surname></persName>
		</author>
		<author>
			<persName xmlns="http://www.tei-c.org/ns/1.0"><forename type="first">Philipp</forename><surname>Koehn</surname></persName>
		</author>
		<author>
			<persName xmlns="http://www.tei-c.org/ns/1.0"><forename type="first">Qun</forename><surname>Liu</surname></persName>
		</author>
		<author>
			<persName xmlns="http://www.tei-c.org/ns/1.0"><forename type="first">Varvara</forename><surname>Logacheva</surname></persName>
		</author>
	</analytic>
	<monogr>
		<title level="m">Proceedings of the Second Conference on Machine Translation</title>
		<meeting>the Second Conference on Machine Translation</meeting>
		<imprint>
			<date type="published" when="2017" />
			<biblScope unit="page" from="169" to="214" />
		</imprint>
	</monogr>
</biblStruct>

<biblStruct >
	<analytic>
		<title level="a" type="main">A grain of salt for the wmt manual evaluation</title>
		<author>
			<persName xmlns="http://www.tei-c.org/ns/1.0"><forename type="first">Ondřej</forename><surname>Bojar</surname></persName>
		</author>
		<author>
			<persName xmlns="http://www.tei-c.org/ns/1.0"><forename type="first">Miloš</forename><surname>Ercegovčevi´ercegovčevi´c</surname></persName>
		</author>
		<author>
			<persName xmlns="http://www.tei-c.org/ns/1.0"><forename type="first">Martin</forename><surname>Popel</surname></persName>
		</author>
		<author>
			<persName xmlns="http://www.tei-c.org/ns/1.0"><forename type="first">Omar</forename><forename type="middle">F</forename><surname>Zaidan</surname></persName>
		</author>
	</analytic>
	<monogr>
		<title level="m">Proceedings of the Sixth Workshop on Statistical Machine Translation</title>
		<meeting>the Sixth Workshop on Statistical Machine Translation</meeting>
		<imprint>
			<publisher>Association for Computational Linguistics</publisher>
			<date type="published" when="2011" />
			<biblScope unit="page" from="1" to="11" />
		</imprint>
	</monogr>
</biblStruct>

<biblStruct >
	<analytic>
		<title level="a" type="main">Results of the wmt16 metrics shared task</title>
		<author>
			<persName xmlns="http://www.tei-c.org/ns/1.0"><forename type="first">Ondřej</forename><surname>Bojar</surname></persName>
		</author>
		<author>
			<persName xmlns="http://www.tei-c.org/ns/1.0"><forename type="first">Yvette</forename><surname>Graham</surname></persName>
		</author>
		<author>
			<persName xmlns="http://www.tei-c.org/ns/1.0"><forename type="first">Amir</forename><surname>Kamran</surname></persName>
		</author>
		<author>
			<persName xmlns="http://www.tei-c.org/ns/1.0"><forename type="first">Miloš</forename><surname>Stanojevi´cstanojevi´c</surname></persName>
		</author>
	</analytic>
	<monogr>
		<title level="m">Proceedings of the First Conference on Machine Translation</title>
		<meeting>the First Conference on Machine Translation<address><addrLine>Berlin, Germany</addrLine></address></meeting>
		<imprint>
			<date type="published" when="2016" />
			<biblScope unit="page" from="199" to="231" />
		</imprint>
	</monogr>
	<note>Association for Computational Linguistics</note>
</biblStruct>

<biblStruct >
	<analytic>
		<title level="a" type="main">Automatic annotation and evaluation of error types for grammatical error correction</title>
		<author>
			<persName xmlns="http://www.tei-c.org/ns/1.0"><forename type="first">Christopher</forename><surname>Bryant</surname></persName>
		</author>
		<author>
			<persName xmlns="http://www.tei-c.org/ns/1.0"><forename type="first">Mariano</forename><surname>Felice</surname></persName>
		</author>
		<author>
			<persName xmlns="http://www.tei-c.org/ns/1.0"><forename type="first">Ted</forename><surname>Briscoe</surname></persName>
		</author>
	</analytic>
	<monogr>
		<title level="m">Proceedings of the 55th Annual Meeting of the Association for Computational Linguistics</title>
		<meeting>the 55th Annual Meeting of the Association for Computational Linguistics<address><addrLine>Vancouver, Canada</addrLine></address></meeting>
		<imprint>
			<date type="published" when="2017" />
			<biblScope unit="volume">1</biblScope>
			<biblScope unit="page" from="793" to="805" />
		</imprint>
	</monogr>
	<note>Long Papers). Association for Computational Linguistics</note>
</biblStruct>

<biblStruct >
	<analytic>
		<title level="a" type="main">How far are we from fully automatic high quality grammatical error correction</title>
		<author>
			<persName xmlns="http://www.tei-c.org/ns/1.0"><forename type="first">Christopher</forename><surname>Bryant</surname></persName>
		</author>
		<author>
			<persName xmlns="http://www.tei-c.org/ns/1.0"><forename type="first">Hwee Tou</forename><surname>Ng</surname></persName>
		</author>
	</analytic>
	<monogr>
		<title level="m">ACL (1)</title>
		<imprint>
			<date type="published" when="2015" />
			<biblScope unit="page" from="697" to="707" />
		</imprint>
	</monogr>
</biblStruct>

<biblStruct >
	<analytic>
		<title level="a" type="main">A systematic comparison of smoothing techniques for sentencelevel bleu</title>
		<author>
			<persName xmlns="http://www.tei-c.org/ns/1.0"><forename type="first">Boxing</forename><surname>Chen</surname></persName>
		</author>
		<author>
			<persName xmlns="http://www.tei-c.org/ns/1.0"><forename type="first">Colin</forename><surname>Cherry</surname></persName>
		</author>
	</analytic>
	<monogr>
		<title level="m">Proceedings of the Ninth Workshop on Statistical Machine Translation</title>
		<meeting>the Ninth Workshop on Statistical Machine Translation</meeting>
		<imprint>
			<date type="published" when="2014" />
			<biblScope unit="page" from="362" to="367" />
		</imprint>
	</monogr>
</biblStruct>

<biblStruct >
	<analytic>
		<title level="a" type="main">Inherent biases in reference-based evaluation for grammatical error correction and text simplification</title>
		<author>
			<persName xmlns="http://www.tei-c.org/ns/1.0"><forename type="first">Leshem</forename><surname>Choshen</surname></persName>
		</author>
		<author>
			<persName xmlns="http://www.tei-c.org/ns/1.0"><forename type="first">Omri</forename><surname>Abend</surname></persName>
		</author>
	</analytic>
	<monogr>
		<title level="m">Proceedings of the 56th Annual Meeting of the Association for Computational Linguistics</title>
		<meeting>the 56th Annual Meeting of the Association for Computational Linguistics<address><addrLine>Long Papers</addrLine></address></meeting>
		<imprint>
			<date type="published" when="2018" />
			<biblScope unit="volume">1</biblScope>
		</imprint>
	</monogr>
</biblStruct>

<biblStruct >
	<analytic>
		<title level="a" type="main">Referenceless measure of faithfulness for grammatical error correction</title>
		<author>
			<persName xmlns="http://www.tei-c.org/ns/1.0"><forename type="first">Leshem</forename><surname>Choshen</surname></persName>
		</author>
		<author>
			<persName xmlns="http://www.tei-c.org/ns/1.0"><forename type="first">Omri</forename><surname>Abend</surname></persName>
		</author>
	</analytic>
	<monogr>
		<title level="m">Proceedings of the 2018 Conference of the North American Chapter of the Association for Computational Linguistics: Human Language Technologies</title>
		<meeting>the 2018 Conference of the North American Chapter of the Association for Computational Linguistics: Human Language Technologies</meeting>
		<imprint>
			<date type="published" when="2018" />
		</imprint>
	</monogr>
</biblStruct>

<biblStruct >
	<analytic>
		<title level="a" type="main">Better evaluation for grammatical error correction</title>
		<author>
			<persName xmlns="http://www.tei-c.org/ns/1.0"><forename type="first">Daniel</forename><surname>Dahlmeier</surname></persName>
		</author>
		<author>
			<persName xmlns="http://www.tei-c.org/ns/1.0"><forename type="first">Hwee Tou</forename><surname>Ng</surname></persName>
		</author>
	</analytic>
	<monogr>
		<title level="m">Proceedings of the 2012 Conference of the North American Chapter of the Association for Computational Linguistics: Human Language Technologies</title>
		<meeting>the 2012 Conference of the North American Chapter of the Association for Computational Linguistics: Human Language Technologies</meeting>
		<imprint>
			<date type="published" when="2012" />
			<biblScope unit="page" from="568" to="572" />
		</imprint>
	</monogr>
	<note>Association for Computational Linguistics</note>
</biblStruct>

<biblStruct >
	<analytic>
		<title level="a" type="main">Building a large annotated corpus of learner english: The nus corpus of learner english</title>
		<author>
			<persName xmlns="http://www.tei-c.org/ns/1.0"><forename type="first">Daniel</forename><surname>Dahlmeier</surname></persName>
		</author>
		<author>
			<persName xmlns="http://www.tei-c.org/ns/1.0"><forename type="first">Hwee</forename><forename type="middle">Tou</forename><surname>Ng</surname></persName>
		</author>
		<author>
			<persName xmlns="http://www.tei-c.org/ns/1.0"><forename type="first">Siew Mei</forename><surname>Wu</surname></persName>
		</author>
	</analytic>
	<monogr>
		<title level="m">Proceedings of the Eighth Workshop on Innovative Use of NLP for Building Educational Applications</title>
		<meeting>the Eighth Workshop on Innovative Use of NLP for Building Educational Applications</meeting>
		<imprint>
			<date type="published" when="2013" />
			<biblScope unit="page" from="22" to="31" />
		</imprint>
	</monogr>
</biblStruct>

<biblStruct >
	<analytic>
		<title level="a" type="main">Hoo 2012: A report on the preposition and determiner error correction shared task</title>
		<author>
			<persName xmlns="http://www.tei-c.org/ns/1.0"><forename type="first">Robert</forename><surname>Dale</surname></persName>
		</author>
		<author>
			<persName xmlns="http://www.tei-c.org/ns/1.0"><forename type="first">Ilya</forename><surname>Anisimoff</surname></persName>
		</author>
		<author>
			<persName xmlns="http://www.tei-c.org/ns/1.0"><forename type="first">George</forename><surname>Narroway</surname></persName>
		</author>
	</analytic>
	<monogr>
		<title level="m">Proceedings of the Seventh Workshop on Building Educational Applications Using NLP</title>
		<meeting>the Seventh Workshop on Building Educational Applications Using NLP</meeting>
		<imprint>
			<publisher>Association for Computational Linguistics</publisher>
			<date type="published" when="2012" />
			<biblScope unit="page" from="54" to="62" />
		</imprint>
	</monogr>
</biblStruct>

<biblStruct >
	<analytic>
		<title level="a" type="main">Evaluating human pairwise preference judgments</title>
		<author>
			<persName xmlns="http://www.tei-c.org/ns/1.0"><forename type="first">Mark</forename><surname>Dras</surname></persName>
		</author>
	</analytic>
	<monogr>
		<title level="j">Computational Linguistics</title>
		<imprint>
			<biblScope unit="volume">41</biblScope>
			<biblScope unit="issue">2</biblScope>
			<biblScope unit="page" from="337" to="345" />
			<date type="published" when="2015" />
		</imprint>
	</monogr>
</biblStruct>

<biblStruct >
	<analytic>
		<title level="a" type="main">Towards a standard evaluation method for grammatical error detection and correction</title>
		<author>
			<persName xmlns="http://www.tei-c.org/ns/1.0"><forename type="first">Mariano</forename><surname>Felice</surname></persName>
		</author>
		<author>
			<persName xmlns="http://www.tei-c.org/ns/1.0"><forename type="first">Ted</forename><surname>Briscoe</surname></persName>
		</author>
	</analytic>
	<monogr>
		<title level="m">HLT-NAACL</title>
		<imprint>
			<date type="published" when="2015" />
			<biblScope unit="page" from="578" to="587" />
		</imprint>
	</monogr>
</biblStruct>

<biblStruct >
	<analytic>
		<title level="a" type="main">Automatic extraction of learner errors in esl sentences using linguistically enhanced alignments</title>
		<author>
			<persName xmlns="http://www.tei-c.org/ns/1.0"><forename type="first">Mariano</forename><surname>Felice</surname></persName>
		</author>
		<author>
			<persName xmlns="http://www.tei-c.org/ns/1.0"><forename type="first">Christopher</forename><surname>Bryant</surname></persName>
		</author>
		<author>
			<persName xmlns="http://www.tei-c.org/ns/1.0"><forename type="first">Ted</forename><surname>Briscoe</surname></persName>
		</author>
	</analytic>
	<monogr>
		<title level="m">Proceedings of COLING 2016, the 26th International Conference on Computational Linguistics: Technical Papers</title>
		<meeting>COLING 2016, the 26th International Conference on Computational Linguistics: Technical Papers<address><addrLine>Osaka, Japan</addrLine></address></meeting>
		<imprint>
			<date type="published" when="2016" />
			<biblScope unit="page" from="825" to="835" />
		</imprint>
	</monogr>
	<note>The COLING 2016 Organizing Committee</note>
</biblStruct>

<biblStruct >
	<analytic>
		<title level="a" type="main">Measurement of progress in machine translation</title>
		<author>
			<persName xmlns="http://www.tei-c.org/ns/1.0"><forename type="first">Yvette</forename><surname>Graham</surname></persName>
		</author>
		<author>
			<persName xmlns="http://www.tei-c.org/ns/1.0"><forename type="first">Timothy</forename><surname>Baldwin</surname></persName>
		</author>
		<author>
			<persName xmlns="http://www.tei-c.org/ns/1.0"><forename type="first">Aaron</forename><surname>Harwood</surname></persName>
		</author>
		<author>
			<persName xmlns="http://www.tei-c.org/ns/1.0"><forename type="first">Alistair</forename><surname>Moffat</surname></persName>
		</author>
		<author>
			<persName xmlns="http://www.tei-c.org/ns/1.0"><forename type="first">Justin</forename><surname>Zobel</surname></persName>
		</author>
	</analytic>
	<monogr>
		<title level="m">Proceedings of the Australasian Language Technology Association Workshop</title>
		<meeting>the Australasian Language Technology Association Workshop</meeting>
		<imprint>
			<date type="published" when="2012" />
			<biblScope unit="page" from="70" to="78" />
		</imprint>
	</monogr>
</biblStruct>

<biblStruct >
	<analytic>
		<title level="a" type="main">Accurate evaluation of segment-level machine translation metrics</title>
		<author>
			<persName xmlns="http://www.tei-c.org/ns/1.0"><forename type="first">Yvette</forename><surname>Graham</surname></persName>
		</author>
		<author>
			<persName xmlns="http://www.tei-c.org/ns/1.0"><forename type="first">Timothy</forename><surname>Baldwin</surname></persName>
		</author>
		<author>
			<persName xmlns="http://www.tei-c.org/ns/1.0"><forename type="first">Nitika</forename><surname>Mathur</surname></persName>
		</author>
	</analytic>
	<monogr>
		<title level="m">Proceedings of the 2015 Conference of the North American Chapter of the Association for Computational Linguistics: Human Language Technologies</title>
		<meeting>the 2015 Conference of the North American Chapter of the Association for Computational Linguistics: Human Language Technologies</meeting>
		<imprint>
			<date type="published" when="2015" />
			<biblScope unit="page" from="1183" to="1191" />
		</imprint>
	</monogr>
</biblStruct>

<biblStruct >
	<analytic>
		<title level="a" type="main">Human evaluation of grammatical error correction systems</title>
		<author>
			<persName xmlns="http://www.tei-c.org/ns/1.0"><forename type="first">Roman</forename><surname>Grundkiewicz</surname></persName>
		</author>
		<author>
			<persName xmlns="http://www.tei-c.org/ns/1.0"><forename type="first">Marcin</forename><surname>Junczys-Dowmunt</surname></persName>
		</author>
		<author>
			<persName xmlns="http://www.tei-c.org/ns/1.0"><forename type="first">Edward</forename><surname>Gillian</surname></persName>
		</author>
	</analytic>
	<monogr>
		<title level="m">EMNLP</title>
		<imprint>
			<date type="published" when="2015" />
			<biblScope unit="page" from="461" to="470" />
		</imprint>
	</monogr>
</biblStruct>

<biblStruct >
	<analytic>
		<title level="a" type="main">Simulating human judgment in machine translation evaluation campaigns</title>
		<author>
			<persName xmlns="http://www.tei-c.org/ns/1.0"><forename type="first">Philipp</forename><surname>Koehn</surname></persName>
		</author>
	</analytic>
	<monogr>
		<title level="m">International Workshop on Spoken Language Translation (IWSLT)</title>
		<imprint>
			<date type="published" when="2012" />
			<biblScope unit="page">2012</biblScope>
		</imprint>
	</monogr>
</biblStruct>

<biblStruct >
	<analytic>
		<title level="a" type="main">Visual genome: Connecting language and vision using crowdsourced dense image annotations</title>
		<author>
			<persName xmlns="http://www.tei-c.org/ns/1.0"><forename type="first">Ranjay</forename><surname>Krishna</surname></persName>
		</author>
		<author>
			<persName xmlns="http://www.tei-c.org/ns/1.0"><forename type="first">Yuke</forename><surname>Zhu</surname></persName>
		</author>
		<author>
			<persName xmlns="http://www.tei-c.org/ns/1.0"><forename type="first">Oliver</forename><surname>Groth</surname></persName>
		</author>
		<author>
			<persName xmlns="http://www.tei-c.org/ns/1.0"><forename type="first">Justin</forename><surname>Johnson</surname></persName>
		</author>
		<author>
			<persName xmlns="http://www.tei-c.org/ns/1.0"><forename type="first">Kenji</forename><surname>Hata</surname></persName>
		</author>
		<author>
			<persName xmlns="http://www.tei-c.org/ns/1.0"><forename type="first">Joshua</forename><surname>Kravitz</surname></persName>
		</author>
		<author>
			<persName xmlns="http://www.tei-c.org/ns/1.0"><forename type="first">Stephanie</forename><surname>Chen</surname></persName>
		</author>
		<author>
			<persName xmlns="http://www.tei-c.org/ns/1.0"><forename type="first">Yannis</forename><surname>Kalantidis</surname></persName>
		</author>
		<author>
			<persName xmlns="http://www.tei-c.org/ns/1.0"><forename type="first">Li-Jia</forename><surname>Li</surname></persName>
		</author>
		<author>
			<persName xmlns="http://www.tei-c.org/ns/1.0"><forename type="first">David</forename><forename type="middle">A</forename><surname>Shamma</surname></persName>
		</author>
	</analytic>
	<monogr>
		<title level="j">International Journal of Computer Vision</title>
		<imprint>
			<biblScope unit="volume">1</biblScope>
			<biblScope unit="issue">123</biblScope>
			<biblScope unit="page" from="32" to="73" />
			<date type="published" when="2017" />
		</imprint>
	</monogr>
</biblStruct>

<biblStruct >
	<monogr>
		<title level="m" type="main">Time Warps, String Edits, and Macromolecules: The Theory and Practice of Sequence Comparison</title>
		<author>
			<persName xmlns="http://www.tei-c.org/ns/1.0"><forename type="first">B</forename><surname>Joseph</surname></persName>
		</author>
		<author>
			<persName xmlns="http://www.tei-c.org/ns/1.0"><forename type="first">David</forename><surname>Kruskal</surname></persName>
		</author>
		<author>
			<persName xmlns="http://www.tei-c.org/ns/1.0"><surname>Sankoff</surname></persName>
		</author>
		<imprint>
			<date type="published" when="1983" />
			<publisher>Addison-Wesley</publisher>
		</imprint>
	</monogr>
</biblStruct>

<biblStruct >
	<analytic>
		<title level="a" type="main">Putting human assessments of machine translation systems in order</title>
		<author>
			<persName xmlns="http://www.tei-c.org/ns/1.0"><forename type="first">Adam</forename><surname>Lopez</surname></persName>
		</author>
	</analytic>
	<monogr>
		<title level="m">Proceedings of the Seventh Workshop on Statistical Machine Translation</title>
		<meeting>the Seventh Workshop on Statistical Machine Translation</meeting>
		<imprint>
			<date type="published" when="2012" />
			<biblScope unit="page" from="1" to="9" />
		</imprint>
	</monogr>
	<note>Association for Computational Linguistics</note>
</biblStruct>

<biblStruct >
	<monogr>
		<title level="m" type="main">Developing an open-source, rule-based proofreading tool. Software: Practice and Experience</title>
		<author>
			<persName xmlns="http://www.tei-c.org/ns/1.0"><forename type="first">Marcin</forename><surname>Miłkowski</surname></persName>
		</author>
		<imprint>
			<date type="published" when="2010" />
			<biblScope unit="volume">40</biblScope>
			<biblScope unit="page" from="543" to="566" />
		</imprint>
	</monogr>
</biblStruct>

<biblStruct >
	<analytic>
		<title level="a" type="main">Ground truth for grammatical error correction metrics</title>
		<author>
			<persName xmlns="http://www.tei-c.org/ns/1.0"><forename type="first">Courtney</forename><surname>Napoles</surname></persName>
		</author>
		<author>
			<persName xmlns="http://www.tei-c.org/ns/1.0"><forename type="first">Keisuke</forename><surname>Sakaguchi</surname></persName>
		</author>
		<author>
			<persName xmlns="http://www.tei-c.org/ns/1.0"><forename type="first">Matt</forename><surname>Post</surname></persName>
		</author>
		<author>
			<persName xmlns="http://www.tei-c.org/ns/1.0"><forename type="first">Joel</forename><surname>Tetreault</surname></persName>
		</author>
	</analytic>
	<monogr>
		<title level="m">Proceedings of the 53rd Annual Meeting of the Association for Computational Linguistics and the 7th International Joint Conference on Natural Language Processing</title>
		<meeting>the 53rd Annual Meeting of the Association for Computational Linguistics and the 7th International Joint Conference on Natural Language Processing</meeting>
		<imprint>
			<date type="published" when="2015" />
			<biblScope unit="page" from="588" to="593" />
		</imprint>
	</monogr>
</biblStruct>

<biblStruct >
	<monogr>
		<title/>
		<author>
			<persName xmlns="http://www.tei-c.org/ns/1.0"><forename type="first">Courtney</forename><surname>Napoles</surname></persName>
		</author>
		<author>
			<persName xmlns="http://www.tei-c.org/ns/1.0"><forename type="first">Keisuke</forename><surname>Sakaguchi</surname></persName>
		</author>
		<author>
			<persName xmlns="http://www.tei-c.org/ns/1.0"><forename type="first">Matt</forename><surname>Post</surname></persName>
		</author>
		<author>
			<persName xmlns="http://www.tei-c.org/ns/1.0"><forename type="first">Joel</forename><surname>Tetreault</surname></persName>
		</author>
		<idno type="arXiv">arXiv:1605.02592</idno>
		<imprint>
			<date type="published" when="2016" />
		</imprint>
	</monogr>
<note type="report_type">GLEU without tuning. eprint</note>
	<note>cs.CL</note>
</biblStruct>

<biblStruct >
	<analytic>
		<title level="a" type="main">There&apos;s no comparison: Reference-less evaluation metrics in grammatical error correction</title>
		<author>
			<persName xmlns="http://www.tei-c.org/ns/1.0"><forename type="first">Courtney</forename><surname>Napoles</surname></persName>
		</author>
		<author>
			<persName xmlns="http://www.tei-c.org/ns/1.0"><forename type="first">Keisuke</forename><surname>Sakaguchi</surname></persName>
		</author>
		<author>
			<persName xmlns="http://www.tei-c.org/ns/1.0"><forename type="first">Joel</forename><surname>Tetreault</surname></persName>
		</author>
	</analytic>
	<monogr>
		<title level="m">Proceedings of the 2016 Conference on Empirical Methods in Natural Language Processing</title>
		<meeting>the 2016 Conference on Empirical Methods in Natural Language Processing</meeting>
		<imprint>
			<publisher>Association for Computational Linguistics</publisher>
			<date type="published" when="2016" />
			<biblScope unit="page" from="2109" to="2115" />
		</imprint>
	</monogr>
</biblStruct>

<biblStruct >
	<analytic>
		<title level="a" type="main">The conll-2014 shared task on grammatical error correction</title>
		<author>
			<persName xmlns="http://www.tei-c.org/ns/1.0"><surname>Hwee Tou Ng</surname></persName>
		</author>
		<author>
			<persName xmlns="http://www.tei-c.org/ns/1.0"><forename type="first">Mei</forename><surname>Siew</surname></persName>
		</author>
		<author>
			<persName xmlns="http://www.tei-c.org/ns/1.0"><forename type="first">Ted</forename><surname>Wu</surname></persName>
		</author>
		<author>
			<persName xmlns="http://www.tei-c.org/ns/1.0"><forename type="first">Christian</forename><surname>Briscoe</surname></persName>
		</author>
		<author>
			<persName xmlns="http://www.tei-c.org/ns/1.0"><forename type="first">Raymond</forename><forename type="middle">Hendy</forename><surname>Hadiwinoto</surname></persName>
		</author>
		<author>
			<persName xmlns="http://www.tei-c.org/ns/1.0"><forename type="first">Christopher</forename><surname>Susanto</surname></persName>
		</author>
		<author>
			<persName xmlns="http://www.tei-c.org/ns/1.0"><surname>Bryant</surname></persName>
		</author>
	</analytic>
	<monogr>
		<title level="m">CoNLL Shared Task</title>
		<imprint>
			<date type="published" when="2014" />
			<biblScope unit="page" from="1" to="14" />
		</imprint>
	</monogr>
</biblStruct>

<biblStruct >
	<analytic>
		<title level="a" type="main">Bleu: a method for automatic evaluation of machine translation</title>
		<author>
			<persName xmlns="http://www.tei-c.org/ns/1.0"><forename type="first">Kishore</forename><surname>Papineni</surname></persName>
		</author>
		<author>
			<persName xmlns="http://www.tei-c.org/ns/1.0"><forename type="first">Salim</forename><surname>Roukos</surname></persName>
		</author>
		<author>
			<persName xmlns="http://www.tei-c.org/ns/1.0"><forename type="first">Todd</forename><surname>Ward</surname></persName>
		</author>
		<author>
			<persName xmlns="http://www.tei-c.org/ns/1.0"><forename type="first">Weijing</forename><surname>Zhu</surname></persName>
		</author>
	</analytic>
	<monogr>
		<title level="m">Proceedings of the 40th annual meeting on association for computational linguistics</title>
		<meeting>the 40th annual meeting on association for computational linguistics</meeting>
		<imprint>
			<publisher>Association for Computational Linguistics</publisher>
			<date type="published" when="2002" />
			<biblScope unit="page" from="311" to="318" />
		</imprint>
	</monogr>
</biblStruct>

<biblStruct >
	<analytic>
		<title level="a" type="main">Reassessing the goals of grammatical error correction: Fluency instead of grammaticality</title>
		<author>
			<persName xmlns="http://www.tei-c.org/ns/1.0"><forename type="first">Keisuke</forename><surname>Sakaguchi</surname></persName>
		</author>
		<author>
			<persName xmlns="http://www.tei-c.org/ns/1.0"><forename type="first">Courtney</forename><surname>Napoles</surname></persName>
		</author>
		<author>
			<persName xmlns="http://www.tei-c.org/ns/1.0"><forename type="first">Matt</forename><surname>Post</surname></persName>
		</author>
		<author>
			<persName xmlns="http://www.tei-c.org/ns/1.0"><forename type="first">Joel</forename><surname>Tetreault</surname></persName>
		</author>
	</analytic>
	<monogr>
		<title level="j">Transactions of the Association for Computational Linguistics</title>
		<imprint>
			<biblScope unit="volume">4</biblScope>
			<biblScope unit="page" from="169" to="182" />
			<date type="published" when="2016" />
		</imprint>
	</monogr>
</biblStruct>

<biblStruct >
	<analytic>
		<title level="a" type="main">Efficient elicitation of annotations for human evaluation of machine translation</title>
		<author>
			<persName xmlns="http://www.tei-c.org/ns/1.0"><forename type="first">Keisuke</forename><surname>Sakaguchi</surname></persName>
		</author>
		<author>
			<persName xmlns="http://www.tei-c.org/ns/1.0"><forename type="first">Matt</forename><surname>Post</surname></persName>
		</author>
		<author>
			<persName xmlns="http://www.tei-c.org/ns/1.0"><forename type="first">Benjamin</forename><surname>Van Durme</surname></persName>
		</author>
	</analytic>
	<monogr>
		<title level="m">Proceedings of the Ninth Workshop on Statistical Machine Translation</title>
		<meeting>the Ninth Workshop on Statistical Machine Translation</meeting>
		<imprint>
			<date type="published" when="2014" />
			<biblScope unit="page" from="1" to="11" />
		</imprint>
	</monogr>
</biblStruct>

<biblStruct >
	<monogr>
				<author>
			<persName xmlns="http://www.tei-c.org/ns/1.0"><forename type="first">Rico</forename><surname>Sennrich</surname></persName>
		</author>
		<author>
			<persName xmlns="http://www.tei-c.org/ns/1.0"><forename type="first">Orhan</forename><surname>Firat</surname></persName>
		</author>
		<author>
			<persName xmlns="http://www.tei-c.org/ns/1.0"><forename type="first">Kyunghyun</forename><surname>Cho</surname></persName>
		</author>
		<author>
			<persName xmlns="http://www.tei-c.org/ns/1.0"><forename type="first">Alexandra</forename><surname>Birch</surname></persName>
		</author>
		<author>
			<persName xmlns="http://www.tei-c.org/ns/1.0"><forename type="first">Barry</forename><surname>Haddow</surname></persName>
		</author>
		<author>
			<persName xmlns="http://www.tei-c.org/ns/1.0"><forename type="first">Julian</forename><surname>Hitschler</surname></persName>
		</author>
		<author>
			<persName xmlns="http://www.tei-c.org/ns/1.0"><forename type="first">Marcin</forename><surname>Junczys-Dowmunt</surname></persName>
		</author>
		<author>
			<persName xmlns="http://www.tei-c.org/ns/1.0"><forename type="first">Samuel</forename><surname>Läubli</surname></persName>
		</author>
		<author>
			<persName xmlns="http://www.tei-c.org/ns/1.0"><forename type="first">Antonio</forename><surname>Valerio Miceli</surname></persName>
		</author>
		<author>
			<persName xmlns="http://www.tei-c.org/ns/1.0"><forename type="first">Jozef</forename><surname>Barone</surname></persName>
		</author>
		<author>
			<persName xmlns="http://www.tei-c.org/ns/1.0"><surname>Mokry</surname></persName>
		</author>
		<idno type="arXiv">arXiv:1703.04357</idno>
		<title level="m">Nematus: a toolkit for neural machine translation</title>
		<imprint>
			<date type="published" when="2017" />
		</imprint>
	</monogr>
<note type="report_type">arXiv preprint</note>
</biblStruct>

<biblStruct >
	<analytic>
		<title level="a" type="main">Joint learning of a dual smt system for paraphrase generation</title>
		<author>
			<persName xmlns="http://www.tei-c.org/ns/1.0"><forename type="first">Hong</forename><surname>Sun</surname></persName>
		</author>
		<author>
			<persName xmlns="http://www.tei-c.org/ns/1.0"><forename type="first">Ming</forename><surname>Zhou</surname></persName>
		</author>
	</analytic>
	<monogr>
		<title level="m">Proceedings of the 50th Annual Meeting of the Association for Computational Linguistics: Short Papers</title>
		<meeting>the 50th Annual Meeting of the Association for Computational Linguistics: Short Papers</meeting>
		<imprint>
			<date type="published" when="2012" />
			<biblScope unit="volume">2</biblScope>
			<biblScope unit="page" from="38" to="42" />
		</imprint>
	</monogr>
	<note>Association for Computational Linguistics</note>
</biblStruct>

<biblStruct >
	<analytic>
		<title level="a" type="main">Optimizing statistical machine translation for text simplification</title>
		<author>
			<persName xmlns="http://www.tei-c.org/ns/1.0"><forename type="first">Wei</forename><surname>Xu</surname></persName>
		</author>
		<author>
			<persName xmlns="http://www.tei-c.org/ns/1.0"><forename type="first">Courtney</forename><surname>Napoles</surname></persName>
		</author>
		<author>
			<persName xmlns="http://www.tei-c.org/ns/1.0"><forename type="first">Ellie</forename><surname>Pavlick</surname></persName>
		</author>
		<author>
			<persName xmlns="http://www.tei-c.org/ns/1.0"><forename type="first">Quanze</forename><surname>Chen</surname></persName>
		</author>
		<author>
			<persName xmlns="http://www.tei-c.org/ns/1.0"><forename type="first">Chris</forename><surname>Callison-Burch</surname></persName>
		</author>
	</analytic>
	<monogr>
		<title level="j">Transactions of the Association for Computational Linguistics</title>
		<imprint>
			<biblScope unit="volume">4</biblScope>
			<biblScope unit="page" from="401" to="415" />
			<date type="published" when="2016" />
		</imprint>
	</monogr>
</biblStruct>

<biblStruct >
	<analytic>
		<title level="a" type="main">Seqgan: Sequence generative adversarial nets with policy gradient</title>
		<author>
			<persName xmlns="http://www.tei-c.org/ns/1.0"><forename type="first">Lantao</forename><surname>Yu</surname></persName>
		</author>
		<author>
			<persName xmlns="http://www.tei-c.org/ns/1.0"><forename type="first">Weinan</forename><surname>Zhang</surname></persName>
		</author>
		<author>
			<persName xmlns="http://www.tei-c.org/ns/1.0"><forename type="first">Jun</forename><surname>Wang</surname></persName>
		</author>
		<author>
			<persName xmlns="http://www.tei-c.org/ns/1.0"><forename type="first">Yong</forename><surname>Yu</surname></persName>
		</author>
	</analytic>
	<monogr>
		<title level="m">AAAI</title>
		<imprint>
			<date type="published" when="2017" />
			<biblScope unit="page" from="2852" to="2858" />
		</imprint>
	</monogr>
</biblStruct>

			</listBibl>
		</back>
	</text>
</TEI>
