<?xml version="1.0" ?>
<TEI xmlns="http://www.tei-c.org/ns/1.0" xmlns:xlink="http://www.w3.org/1999/xlink" 
 xmlns:mml="http://www.w3.org/1998/Math/MathML">
	<teiHeader>
		<fileDesc xml:id="f_56"/>
	</teiHeader>
	<text>
		<front/>
		<body/>
		<back>
			<listBibl>
<biblStruct >
	<analytic>
		<title level="a" type="main">Race: Large-scale reading comprehension dataset from examinations</title>
		<author>
			<persName xmlns="http://www.tei-c.org/ns/1.0"><forename type="first">Guokun</forename><surname>Lai</surname></persName>
		</author>
		<author>
			<persName xmlns="http://www.tei-c.org/ns/1.0"><forename type="first">Qizhe</forename><surname>Xie</surname></persName>
		</author>
		<author>
			<persName xmlns="http://www.tei-c.org/ns/1.0"><forename type="first">Hanxiao</forename><surname>Liu</surname></persName>
		</author>
		<author>
			<persName xmlns="http://www.tei-c.org/ns/1.0"><forename type="first">Yiming</forename><surname>Yang</surname></persName>
		</author>
		<author>
			<persName xmlns="http://www.tei-c.org/ns/1.0"><forename type="first">Eduard</forename><surname>Hovy</surname></persName>
		</author>
	</analytic>
	<monogr>
		<title level="m">EMNLP</title>
		<imprint>
			<date type="published" when="2017" />
		</imprint>
	</monogr>
</biblStruct>

<biblStruct >
	<monogr>
				<author>
			<persName xmlns="http://www.tei-c.org/ns/1.0"><forename type="first">Moontae</forename><surname>Lee</surname></persName>
		</author>
		<author>
			<persName xmlns="http://www.tei-c.org/ns/1.0"><forename type="first">Xiaodong</forename><surname>He</surname></persName>
		</author>
		<author>
			<persName xmlns="http://www.tei-c.org/ns/1.0"><forename type="first">Jianfeng</forename><surname>Wen-Tau Yih</surname></persName>
		</author>
		<author>
			<persName xmlns="http://www.tei-c.org/ns/1.0"><forename type="first">Li</forename><surname>Gao</surname></persName>
		</author>
		<author>
			<persName xmlns="http://www.tei-c.org/ns/1.0"><forename type="first">Paul</forename><surname>Deng</surname></persName>
		</author>
		<author>
			<persName xmlns="http://www.tei-c.org/ns/1.0"><surname>Smolensky</surname></persName>
		</author>
		<idno type="arXiv">arXiv:1511.06426</idno>
		<title level="m">Reasoning in vector space: An exploratory study of question answering</title>
		<imprint>
			<date type="published" when="2015" />
		</imprint>
	</monogr>
<note type="report_type">arXiv preprint</note>
</biblStruct>

<biblStruct >
	<monogr>
				<author>
			<persName xmlns="http://www.tei-c.org/ns/1.0"><forename type="first">Alexander</forename><surname>Miller</surname></persName>
		</author>
		<author>
			<persName xmlns="http://www.tei-c.org/ns/1.0"><forename type="first">Adam</forename><surname>Fisch</surname></persName>
		</author>
		<author>
			<persName xmlns="http://www.tei-c.org/ns/1.0"><forename type="first">Jesse</forename><surname>Dodge</surname></persName>
		</author>
		<author>
			<persName xmlns="http://www.tei-c.org/ns/1.0"><forename type="first">Amirhossein</forename><surname>Karimi</surname></persName>
		</author>
		<idno type="arXiv">arXiv:1606.03126</idno>
		<title level="m">Antoine Bordes, and Jason Weston. 2016. Key-value memory networks for directly reading documents</title>
		<imprint/>
	</monogr>
<note type="report_type">arXiv preprint</note>
</biblStruct>

<biblStruct >
	<monogr>
		<title level="m" type="main">Twisty Little Passages: an approach to interactive fiction</title>
		<imprint>
			<date type="published" when="2005" />
			<publisher>Mit Press</publisher>
		</imprint>
	</monogr>
</biblStruct>

<biblStruct >
	<monogr>
		<title level="m" type="main">Ms marco: A human generated machine reading comprehension dataset</title>
		<author>
			<persName xmlns="http://www.tei-c.org/ns/1.0"><forename type="first">Tri</forename><surname>Nguyen</surname></persName>
		</author>
		<author>
			<persName xmlns="http://www.tei-c.org/ns/1.0"><forename type="first">Mir</forename><surname>Rosenberg</surname></persName>
		</author>
		<author>
			<persName xmlns="http://www.tei-c.org/ns/1.0"><forename type="first">Xia</forename><surname>Song</surname></persName>
		</author>
		<author>
			<persName xmlns="http://www.tei-c.org/ns/1.0"><forename type="first">Jianfeng</forename><surname>Gao</surname></persName>
		</author>
		<author>
			<persName xmlns="http://www.tei-c.org/ns/1.0"><forename type="first">Saurabh</forename><surname>Tiwary</surname></persName>
		</author>
		<author>
			<persName xmlns="http://www.tei-c.org/ns/1.0"><forename type="first">Rangan</forename><surname>Majumder</surname></persName>
		</author>
		<author>
			<persName xmlns="http://www.tei-c.org/ns/1.0"><forename type="first">Li</forename><surname>Deng</surname></persName>
		</author>
		<idno type="arXiv">arXiv:1611.09268</idno>
		<imprint>
			<date type="published" when="2016" />
		</imprint>
	</monogr>
<note type="report_type">arXiv preprint</note>
</biblStruct>

<biblStruct >
	<monogr>
		<title level="m" type="main">Who did what: A large-scale person-centered cloze dataset</title>
		<author>
			<persName xmlns="http://www.tei-c.org/ns/1.0"><forename type="first">Takeshi</forename><surname>Onishi</surname></persName>
		</author>
		<author>
			<persName xmlns="http://www.tei-c.org/ns/1.0"><forename type="first">Hai</forename><surname>Wang</surname></persName>
		</author>
		<author>
			<persName xmlns="http://www.tei-c.org/ns/1.0"><forename type="first">Mohit</forename><surname>Bansal</surname></persName>
		</author>
		<idno type="arXiv">arXiv:1608.05457</idno>
		<imprint>
			<date type="published" when="2016" />
		</imprint>
	</monogr>
<note type="report_type">arXiv preprint</note>
	<note>Kevin Gimpel, and David McAllester</note>
</biblStruct>

<biblStruct >
	<monogr>
				<author>
			<persName xmlns="http://www.tei-c.org/ns/1.0"><forename type="first">Baolin</forename><surname>Peng</surname></persName>
		</author>
		<author>
			<persName xmlns="http://www.tei-c.org/ns/1.0"><forename type="first">Zhengdong</forename><surname>Lu</surname></persName>
		</author>
		<author>
			<persName xmlns="http://www.tei-c.org/ns/1.0"><forename type="first">Hang</forename><surname>Li</surname></persName>
		</author>
		<author>
			<persName xmlns="http://www.tei-c.org/ns/1.0"><forename type="first">Kam-Fai</forename><surname>Wong</surname></persName>
		</author>
		<idno type="arXiv">arXiv:1508.05508</idno>
		<title level="m">Towards neural network-based reasoning</title>
		<imprint>
			<date type="published" when="2015" />
		</imprint>
	</monogr>
<note type="report_type">arXiv preprint</note>
</biblStruct>

<biblStruct >
	<analytic>
		<title level="a" type="main">Squad: 100,000+ questions for machine comprehension of text</title>
		<author>
			<persName xmlns="http://www.tei-c.org/ns/1.0"><forename type="first">Pranav</forename><surname>Rajpurkar</surname></persName>
		</author>
		<author>
			<persName xmlns="http://www.tei-c.org/ns/1.0"><forename type="first">Jian</forename><surname>Zhang</surname></persName>
		</author>
		<author>
			<persName xmlns="http://www.tei-c.org/ns/1.0"><forename type="first">Konstantin</forename><surname>Lopyrev</surname></persName>
		</author>
		<author>
			<persName xmlns="http://www.tei-c.org/ns/1.0"><forename type="first">Percy</forename><surname>Liang</surname></persName>
		</author>
	</analytic>
	<monogr>
		<title level="m">EMNLP</title>
		<imprint>
			<date type="published" when="2016" />
		</imprint>
	</monogr>
</biblStruct>

<biblStruct >
	<analytic>
		<title level="a" type="main">Mctest: A challenge dataset for the open-domain machine comprehension of text</title>
		<author>
			<persName xmlns="http://www.tei-c.org/ns/1.0"><forename type="first">Matthew</forename><surname>Richardson</surname></persName>
		</author>
		<author>
			<persName xmlns="http://www.tei-c.org/ns/1.0"><forename type="first">J</forename><forename type="middle">C</forename><surname>Christopher</surname></persName>
		</author>
		<author>
			<persName xmlns="http://www.tei-c.org/ns/1.0"><forename type="first">Erin</forename><surname>Burges</surname></persName>
		</author>
		<author>
			<persName xmlns="http://www.tei-c.org/ns/1.0"><surname>Renshaw</surname></persName>
		</author>
	</analytic>
	<monogr>
		<title level="m">Proceedings of the 2013 Conference on Empirical Methods in Natural Language Processing</title>
		<meeting>the 2013 Conference on Empirical Methods in Natural Language Processing</meeting>
		<imprint>
			<date type="published" when="2013" />
			<biblScope unit="page" from="193" to="203" />
		</imprint>
	</monogr>
</biblStruct>

<biblStruct >
	<analytic>
		<title level="a" type="main">Learning answerentailing structures for machine comprehension</title>
		<author>
			<persName xmlns="http://www.tei-c.org/ns/1.0"><forename type="first">Mrinmaya</forename><surname>Sachan</surname></persName>
		</author>
		<author>
			<persName xmlns="http://www.tei-c.org/ns/1.0"><forename type="first">Kumar</forename><surname>Dubey</surname></persName>
		</author>
		<author>
			<persName xmlns="http://www.tei-c.org/ns/1.0"><forename type="first">Eric</forename><surname>Xing</surname></persName>
		</author>
		<author>
			<persName xmlns="http://www.tei-c.org/ns/1.0"><forename type="first">Matthew</forename><surname>Richardson</surname></persName>
		</author>
	</analytic>
	<monogr>
		<title level="m">Proceedings of the 53rd Annual Meeting of the Association for Computational Linguistics and the 7th International Joint Conference on Natural Language Processing</title>
		<meeting>the 53rd Annual Meeting of the Association for Computational Linguistics and the 7th International Joint Conference on Natural Language Processing</meeting>
		<imprint>
			<date type="published" when="2015" />
			<biblScope unit="volume">1</biblScope>
			<biblScope unit="page" from="239" to="249" />
		</imprint>
	</monogr>
</biblStruct>

<biblStruct >
	<analytic>
		<title level="a" type="main">Machine comprehension using rich semantic representations</title>
		<author>
			<persName xmlns="http://www.tei-c.org/ns/1.0"><forename type="first">Mrinmaya</forename><surname>Sachan</surname></persName>
		</author>
		<author>
			<persName xmlns="http://www.tei-c.org/ns/1.0"><forename type="first">Eric</forename><surname>Xing</surname></persName>
		</author>
	</analytic>
	<monogr>
		<title level="m">Proceedings of the 54th Annual Meeting of the Association for Computational Linguistics</title>
		<meeting>the 54th Annual Meeting of the Association for Computational Linguistics</meeting>
		<imprint>
			<date type="published" when="2016" />
			<biblScope unit="volume">2</biblScope>
			<biblScope unit="page" from="486" to="492" />
		</imprint>
	</monogr>
</biblStruct>

<biblStruct >
	<analytic>
		<title level="a" type="main">Bidirectional attention flow for machine comprehension</title>
		<author>
			<persName xmlns="http://www.tei-c.org/ns/1.0"><forename type="first">Minjoon</forename><surname>Seo</surname></persName>
		</author>
		<author>
			<persName xmlns="http://www.tei-c.org/ns/1.0"><forename type="first">Aniruddha</forename><surname>Kembhavi</surname></persName>
		</author>
		<author>
			<persName xmlns="http://www.tei-c.org/ns/1.0"><forename type="first">Ali</forename><surname>Farhadi</surname></persName>
		</author>
		<author>
			<persName xmlns="http://www.tei-c.org/ns/1.0"><forename type="first">Hannaneh</forename><surname>Hajishirzi</surname></persName>
		</author>
	</analytic>
	<monogr>
		<title level="m">ICLR</title>
		<imprint>
			<date type="published" when="2017" />
		</imprint>
	</monogr>
</biblStruct>

<biblStruct >
	<analytic>
		<title level="a" type="main">End-to-end memory networks</title>
		<author>
			<persName xmlns="http://www.tei-c.org/ns/1.0"><forename type="first">Sainbayar</forename><surname>Sukhbaatar</surname></persName>
		</author>
		<author>
			<persName xmlns="http://www.tei-c.org/ns/1.0"><forename type="first">Jason</forename><surname>Weston</surname></persName>
		</author>
		<author>
			<persName xmlns="http://www.tei-c.org/ns/1.0"><forename type="first">Rob</forename><surname>Fergus</surname></persName>
		</author>
	</analytic>
	<monogr>
		<title level="m">Advances in neural information processing systems</title>
		<imprint>
			<date type="published" when="2015" />
			<biblScope unit="page" from="2440" to="2448" />
		</imprint>
	</monogr>
</biblStruct>

<biblStruct >
	<monogr>
				<author>
			<persName xmlns="http://www.tei-c.org/ns/1.0"><forename type="first">Adam</forename><surname>Trischler</surname></persName>
		</author>
		<author>
			<persName xmlns="http://www.tei-c.org/ns/1.0"><forename type="first">Tong</forename><surname>Wang</surname></persName>
		</author>
		<author>
			<persName xmlns="http://www.tei-c.org/ns/1.0"><forename type="first">Xingdi</forename><surname>Yuan</surname></persName>
		</author>
		<author>
			<persName xmlns="http://www.tei-c.org/ns/1.0"><forename type="first">Justin</forename><surname>Harris</surname></persName>
		</author>
		<author>
			<persName xmlns="http://www.tei-c.org/ns/1.0"><forename type="first">Alessandro</forename><surname>Sordoni</surname></persName>
		</author>
		<author>
			<persName xmlns="http://www.tei-c.org/ns/1.0"><forename type="first">Philip</forename><surname>Bachman</surname></persName>
		</author>
		<author>
			<persName xmlns="http://www.tei-c.org/ns/1.0"><forename type="first">Kaheer</forename><surname>Suleman</surname></persName>
		</author>
		<idno type="arXiv">arXiv:1611.09830</idno>
		<title level="m">Newsqa: A machine comprehension dataset</title>
		<imprint>
			<date type="published" when="2016" />
		</imprint>
	</monogr>
<note type="report_type">arXiv preprint</note>
</biblStruct>

<biblStruct >
	<monogr>
				<author>
			<persName xmlns="http://www.tei-c.org/ns/1.0"><forename type="first">Oriol</forename><surname>Vinyals</surname></persName>
		</author>
		<author>
			<persName xmlns="http://www.tei-c.org/ns/1.0"><forename type="first">Quoc</forename><surname>Le</surname></persName>
		</author>
		<idno type="arXiv">arXiv:1506.05869</idno>
		<title level="m">A neural conversational model</title>
		<imprint>
			<date type="published" when="2015" />
		</imprint>
	</monogr>
<note type="report_type">arXiv preprint</note>
</biblStruct>

<biblStruct >
	<monogr>
		<title level="m" type="main">Towards ai-complete question answering: A set of prerequisite toy tasks</title>
		<author>
			<persName xmlns="http://www.tei-c.org/ns/1.0"><forename type="first">Jason</forename><surname>Weston</surname></persName>
		</author>
		<author>
			<persName xmlns="http://www.tei-c.org/ns/1.0"><forename type="first">Antoine</forename><surname>Bordes</surname></persName>
		</author>
		<author>
			<persName xmlns="http://www.tei-c.org/ns/1.0"><forename type="first">Sumit</forename><surname>Chopra</surname></persName>
		</author>
		<author>
			<persName xmlns="http://www.tei-c.org/ns/1.0"><forename type="first">Alexander</forename><forename type="middle">M</forename><surname>Rush</surname></persName>
		</author>
		<author>
			<persName xmlns="http://www.tei-c.org/ns/1.0"><forename type="first">Bart</forename><surname>Van Merriënboer</surname></persName>
		</author>
		<author>
			<persName xmlns="http://www.tei-c.org/ns/1.0"><forename type="first">Armand</forename><surname>Joulin</surname></persName>
		</author>
		<author>
			<persName xmlns="http://www.tei-c.org/ns/1.0"><forename type="first">Tomas</forename><surname>Mikolov</surname></persName>
		</author>
		<idno type="arXiv">arXiv:1502.05698</idno>
		<imprint>
			<date type="published" when="2015" />
		</imprint>
	</monogr>
<note type="report_type">arXiv preprint</note>
</biblStruct>

<biblStruct >
	<analytic>
		<title level="a" type="main">Dynamic coattention networks for question answering</title>
		<author>
			<persName xmlns="http://www.tei-c.org/ns/1.0"><forename type="first">Caiming</forename><surname>Xiong</surname></persName>
		</author>
		<author>
			<persName xmlns="http://www.tei-c.org/ns/1.0"><forename type="first">Victor</forename><surname>Zhong</surname></persName>
		</author>
		<author>
			<persName xmlns="http://www.tei-c.org/ns/1.0"><forename type="first">Richard</forename><surname>Socher</surname></persName>
		</author>
	</analytic>
	<monogr>
		<title level="m">ICLR</title>
		<imprint>
			<date type="published" when="2017" />
		</imprint>
	</monogr>
</biblStruct>

<biblStruct >
	<analytic>
		<title level="a" type="main">Semantic parsing via staged query graph generation: Question answering with knowledge base</title>
		<author>
			<persName xmlns="http://www.tei-c.org/ns/1.0"><forename type="first">Scott</forename><surname>Wen-Tau Yih</surname></persName>
		</author>
		<author>
			<persName xmlns="http://www.tei-c.org/ns/1.0"><forename type="first">Ming-Wei</forename><surname>Chang</surname></persName>
		</author>
		<author>
			<persName xmlns="http://www.tei-c.org/ns/1.0"><forename type="first">Xiaodong</forename><surname>He</surname></persName>
		</author>
		<author>
			<persName xmlns="http://www.tei-c.org/ns/1.0"><forename type="first">Jianfeng</forename><surname>Gao</surname></persName>
		</author>
	</analytic>
	<monogr>
		<title level="m">ACL</title>
		<imprint>
			<date type="published" when="2015" />
		</imprint>
	</monogr>
</biblStruct>

<biblStruct >
	<analytic>
		<title level="a" type="main">Learning to parse database queries using inductive logic programming</title>
		<author>
			<persName xmlns="http://www.tei-c.org/ns/1.0"><forename type="first">M</forename><surname>John</surname></persName>
		</author>
		<author>
			<persName xmlns="http://www.tei-c.org/ns/1.0"><forename type="first">Raymond J</forename><surname>Zelle</surname></persName>
		</author>
		<author>
			<persName xmlns="http://www.tei-c.org/ns/1.0"><surname>Mooney</surname></persName>
		</author>
	</analytic>
	<monogr>
		<title level="m">Proceedings of the national conference on artificial intelligence</title>
		<meeting>the national conference on artificial intelligence</meeting>
		<imprint>
			<date type="published" when="1996" />
			<biblScope unit="page" from="1050" to="1055" />
		</imprint>
	</monogr>
</biblStruct>

<biblStruct >
	<monogr>
		<title level="m" type="main">Learning to map sentences to logical form: Structured classification with probabilistic categorial grammars</title>
		<author>
			<persName xmlns="http://www.tei-c.org/ns/1.0"><forename type="first">S</forename><surname>Luke</surname></persName>
		</author>
		<author>
			<persName xmlns="http://www.tei-c.org/ns/1.0"><forename type="first">Michael</forename><surname>Zettlemoyer</surname></persName>
		</author>
		<author>
			<persName xmlns="http://www.tei-c.org/ns/1.0"><surname>Collins</surname></persName>
		</author>
		<idno type="arXiv">arXiv:1207.1420</idno>
		<imprint>
			<date type="published" when="2012" />
		</imprint>
	</monogr>
<note type="report_type">arXiv preprint</note>
</biblStruct>

<biblStruct >
	<analytic>
		<title level="a" type="main">Bilingual word embeddings for phrase-based machine translation</title>
		<author>
			<persName xmlns="http://www.tei-c.org/ns/1.0"><forename type="first">Y</forename><surname>Will</surname></persName>
		</author>
		<author>
			<persName xmlns="http://www.tei-c.org/ns/1.0"><forename type="first">Richard</forename><surname>Zou</surname></persName>
		</author>
		<author>
			<persName xmlns="http://www.tei-c.org/ns/1.0"><forename type="first">Daniel</forename><surname>Socher</surname></persName>
		</author>
		<author>
			<persName xmlns="http://www.tei-c.org/ns/1.0"><forename type="first">Christopher D</forename><surname>Cer</surname></persName>
		</author>
		<author>
			<persName xmlns="http://www.tei-c.org/ns/1.0"><surname>Manning</surname></persName>
		</author>
	</analytic>
	<monogr>
		<title level="m">Proceedings of the 2013 Conference on Empirical Methods in Natural Language Processing</title>
		<meeting>the 2013 Conference on Empirical Methods in Natural Language Processing</meeting>
		<imprint>
			<date type="published" when="2013" />
			<biblScope unit="page" from="1393" to="1398" />
		</imprint>
	</monogr>
</biblStruct>

			</listBibl>
		</back>
	</text>
</TEI>
